Year,District,week_index,Avg_rainfall,Avg_Temperature,Avg_Humidity,Population,Elevation_m_y,River_Status_y,Area_sq_km_y,Sanitation_Index_y,Malaria_cases,AD_cases,Typhoid_cases,Flood_Inundation,Mean_NDVI,Stagnant_Water
2024,Badin,18,0.0,31.8511,33.6223,2182111.0,9.0,1.0,6726.0,0.35,3483,3076,73,0.8010217072611596,0.1265806772336978,0.6439686790385348
2024,Dadu,18,0.0,31.4542,20.4812,1873835.0,40.0,2.0,19070.0,0.35,3469,3383,179,0.488809598058521,0.1007133669031318,0.5016813467524673
2024,Ghotki,18,0.0,30.3841,22.8774,1989892.0,72.0,1.0,6083.0,0.35,793,1073,180,0.7785910438640596,0.138247272636104,0.7647725016121041
2024,Hyderabad,18,0.0,32.0625,26.6468,2659637.0,20.0,2.0,993.0,0.75,171,953,0,0.5055817971866894,0.1469817195583312,0.375321489632989
2024,Jacobabad,18,0.0,30.3584,19.5134,1216179.0,55.0,0.0,2686.0,0.35,670,766,118,0.8256559481942716,0.1241247535107816,0.7630956179769718
2024,Jamshoro,18,0.0,31.9989,26.5557,1200463.0,33.0,2.0,11204.0,0.35,1902,2728,47,,,
2024,Kamber,18,0.0,31.269,17.9454,1621170.0,50.0,0.0,5599.0,0.2,3249,1659,149,,,
2024,Central,18,0.0,29.7327,48.7947,3591719.0,10.0,0.0,69.0,0.95,89,1187,2,0.0,0.0823688944717156,
2024,East,18,0.0,29.7358,51.0429,3514347.0,10.0,0.0,165.0,0.95,54,496,7,0.0560865047557062,0.1141332433150428,
2024,Keamari,18,0.0,29.5397,52.7802,2215961.0,2.0,0.0,559.0,0.2,2,165,0,0.5265842403480967,0.1122837119108724,0.5266213640265998
2024,Korangi,18,0.0,29.6496,51.8051,2970331.0,8.0,0.0,95.0,0.2,37,208,0,0.0560865047557062,0.1141332433150428,
2024,Malir,18,0.0,29.8893,48.1606,2428732.0,20.0,0.0,2268.0,0.75,178,1687,49,0.4332801751094429,0.1152948755078815,
2024,South,18,0.0,29.4441,45.5933,2166395.0,4.0,0.0,122.0,0.95,41,94,0,0.1322512147779529,0.1005115134059425,
2024,West,18,0.0,29.6578,50.3329,4732945.0,15.0,0.0,929.0,0.75,141,1132,96,0.5265842403480967,0.1122837119108724,0.5266213640265998
2024,Kashmore,18,0.0,29.9786,23.7549,1316520.0,60.0,2.0,2592.0,0.35,1318,597,183,,,
2024,Khairpur,18,0.0,31.4456,18.4322,2908676.0,53.0,2.0,15910.0,0.5,4432,3848,124,0.8025680213467192,0.0746451447092045,0.7507426349707418
2024,Larkana,18,0.0,31.5411,17.7085,1842403.0,48.0,2.0,1906.0,0.5,5782,2203,0,0.6952027343324165,0.1236781926852986,0.7113885095696151
2024,Matiari,18,0.0,32.1671,22.8616,930873.0,25.0,2.0,1417.0,0.2,1574,2329,40,,,
2024,Mirpurkhas,18,0.0,32.5961,22.5577,1820642.0,16.0,0.0,2925.0,0.5,2482,2459,54,,,
2024,Naushero Feroze,18,0.0,32.0679,18.5798,1948788.0,38.0,2.0,2945.0,0.2,830,576,99,0.7396148383778672,0.1483637882487722,0.5826657579471273
2024,Sanghar,18,0.0,32.1644,22.8234,2486760.0,16.0,1.0,10608.0,0.2,3481,1360,89,0.6284292162081024,0.0984867732671415,0.5271509166177769
2024,Shaheed Benazirabad,18,0.0,32.0329,19.0874,1949997.0,30.0,2.0,4502.0,0.5,1784,2188,230,0.774334107346427,0.1292919586283176,0.65020243168583
2024,Shikarpur,18,0.0,30.9894,18.5414,1488188.0,52.0,1.0,2512.0,0.35,1944,1186,50,0.8292878996293365,0.1467870386550513,0.741533340321681
2024,Sujawal,18,0.0,30.8307,44.6302,945380.0,,,,,1429,767,40,,,
2024,Sukkur,18,0.0143,31.0458,19.3428,1798882.0,65.0,2.0,5165.0,0.75,1743,1500,39,0.7317569094058288,0.1366788649418704,0.6829856419767106
2024,Tando Allahyar,18,0.0,32.4122,23.3558,1011871.0,18.0,0.0,2343.0,0.2,1379,1534,32,,,
2024,Tando Muhammad Khan,18,0.0,31.599,32.8457,818443.0,14.0,2.0,1733.0,0.2,1728,1274,0,,,
2024,Tharparkar,18,0.0,32.4665,26.5694,1994728.0,56.0,0.0,19638.0,0.35,2031,1352,8,0.9179228512127692,0.0828598242093533,0.9133148040802758
2024,Thatta,18,0.0,30.6364,45.4836,1184747.0,10.0,2.0,17355.0,0.35,1769,1521,84,0.7305471127107503,0.1108836549811411,0.8198750886195606
2024,Umerkot,18,0.0,32.2899,23.4513,1297177.0,12.0,0.0,5608.0,0.35,1977,1434,0,0.996483048025045,0.1018640620550155,0.996483048025045
2024,Awaran,18,,,,0.0,500.0,0.0,29510.0,0.2,88,17,0,0.2366478493100486,0.0684664111827749,0.2131495752021431
2024,Barkhan,18,0.1857,24.6586,23.0168,206726.0,1100.0,0.0,3514.0,0.2,64,100,0,0.2411199855440803,0.1401861151706291,0.1967610620571764
2024,Chagai,18,0.1,24.9158,19.5596,273217.0,919.0,0.0,44748.0,0.2,49,139,0,0.7940355657975007,0.0458116885381931,0.7468734725962608
2024,Chaman,18,,,,0.0,1340.0,0.0,1341.0,0.2,1,23,0,,,
2024,Dera Bugti,18,0.0,28.0118,19.6498,378394.0,250.0,0.0,10160.0,0.2,139,65,0,0.446463214476323,0.0894636463760498,0.418737116618682
2024,Duki,18,,,,0.0,1100.0,0.0,4233.0,0.2,30,77,0,,,
2024,Gwadar,18,0.0143,27.6905,75.7175,317947.0,12.0,0.0,12637.0,0.35,82,500,8,0.7087802023172218,0.05237563342665,0.6755674718103095
2024,Harnai,18,,,,0.0,,,,,50,81,0,,,
2024,Hub,18,0.0,29.6561,46.5397,461810.0,,,,,165,210,0,,,
2024,Jaffarabad,18,,,,621388.0,55.0,1.0,1643.0,0.2,335,252,0,0.7802569468512811,0.111793006711054,0.7102167220422668
2024,Jhal Magsi,18,,,,180130.0,60.0,0.0,3615.0,0.2,331,276,0,0.7891349303519749,0.1063356599474078,0.7587698726194949
2024,Kachhi (Bolan),18,0.0,24.553,21.6081,417079.0,,,,,122,140,1,,,
2024,Kalat,18,0.1286,14.7146,33.089,498077.0,2000.0,0.0,7654.0,0.2,21,30,0,0.3141620665751409,0.1088599143368198,0.2484041927129784
2024,Kech (Turbat),18,,,,1098914.0,,,,,187,453,280,,,
2024,Kharan,18,0.0,24.044,29.3924,188592.0,700.0,0.0,14958.0,0.2,37,167,0,0.7296034963118706,0.0579461073275491,0.6893171507536159
2024,Khuzdar,18,0.1,22.3955,24.0769,969559.0,1237.0,0.0,35380.0,0.2,52,92,0,0.1108527406385892,0.0982930141207831,0.0791622601658658
2024,Killa Saifullah,18,0.1,18.6365,32.1941,413453.0,1500.0,0.0,6831.0,0.2,137,132,0,0.647700172831679,0.0856378847084917,0.4955409222334363
2024,Kohlu,18,0.0143,23.266,24.4235,258710.0,1000.0,0.0,7610.0,0.2,96,192,0,0.1804571779688657,0.1116370945461356,0.1541778271954414
2024,Lasbella,18,0.0,28.2981,48.6162,697550.0,,,,,322,309,2,,,
2024,Loralai,18,0.0571,19.7243,29.4057,479944.0,1400.0,0.0,3785.0,0.2,25,158,0,0.2659327577046257,0.1258265461043377,0.2264569826441262
2024,Mastung,18,0.0857,16.1825,38.7387,321574.0,1700.0,0.0,3308.0,0.2,46,138,0,0.4294294207202127,0.1136175518399896,0.3241322039629878
2024,Naseerabad,18,0.0,30.9316,17.8842,592374.0,,,,,148,274,0,,,
2024,Panjgur,18,0.0714,24.0115,27.3599,382021.0,900.0,0.0,16891.0,0.2,145,235,0,0.4682638880164376,0.0626708588260888,0.3802302388635458
2024,Pishin,18,0.4571,14.7801,52.4128,889769.0,1550.0,0.0,6218.0,0.2,9,76,0,0.7759822335705692,0.0855599016040109,0.4131794318204909
2024,Quetta,18,0.2571,15.6605,44.8966,2751515.0,1680.0,0.0,3447.0,0.75,5,266,0,0.5450500528723178,0.0960661568781207,0.4100232835621998
2024,Sherani,18,,,,0.0,1500.0,0.0,2700.0,0.2,11,17,0,,,
2024,Sibi,18,0.0,26.9879,35.3818,163205.0,130.0,0.0,7121.0,0.2,264,205,0,0.2139372420056167,0.1225740622970988,0.1650588943177761
2024,Sohbat pur,18,0.0,30.7416,18.4581,241785.0,,,,,346,197,0,,,
2024,Surab,18,0.0571,16.316,28.608,0.0,,,,,12,55,0,,,
2024,Usta Muhammad,18,0.0,30.3157,18.7582,314321.0,,,,,384,468,0,,,
2024,Washuk,18,0.2571,19.7069,26.8577,212771.0,700.0,0.0,33093.0,0.2,15,76,0,,,
2024,Zhob,18,0.2286,18.1581,44.9539,374767.0,1400.0,0.0,20297.0,0.2,42,124,0,0.4636254026519421,0.0950729294342017,0.5037737541542153
2024,Abbottabad,18,5.6714,16.4167,66.1643,1611498.0,1256.0,0.0,1967.0,0.75,4,518,12,,,
2024,Bajaur,18,3.3429,14.9616,60.9705,1321356.0,900.0,0.0,1290.0,0.2,85,145,9,,0.2970854048293178,
2024,Bannu,18,0.3714,21.8017,56.8,1410816.0,312.0,1.0,1227.0,0.2,1316,763,33,0.4155587924749333,0.1655090679961864,
2024,Battagram,18,6.1,16.4966,62.6087,575449.0,1036.0,0.0,1301.0,0.2,0,96,0,,,
2024,Buner,18,1.1571,19.2663,61.0173,1084406.0,700.0,0.0,1865.0,0.35,216,338,2,,0.3364659937357771,
2024,Chitral Lower,18,0.7429,11.1205,55.5206,336081.0,1500.0,1.0,6458.0,0.35,3,178,4,0.0528955768353853,0.0043072836537184,
2024,Chitral Upper,18,0.7429,11.1205,55.5206,204308.0,2500.0,1.0,8392.0,0.2,3,78,1,0.0528955768353853,0.0043072836537184,
2024,D.I. Khan,18,0.2143,24.2942,51.4615,2050338.0,,,,,258,2208,38,,,
2024,Dir Lower,18,0.5429,21.6033,57.1949,1734809.0,800.0,1.0,1583.0,0.35,324,890,20,,,
2024,Dir Upper,18,2.3,13.5143,56.3251,1143644.0,1200.0,1.0,3699.0,0.35,8,346,20,,,
2024,Hangu,18,3.7143,18.1905,60.2874,627433.0,900.0,0.0,1097.0,0.2,11,6,0,0.1795044535688522,0.2450720319197545,
2024,Haripur,18,5.0143,19.5193,66.8085,1212553.0,605.0,2.0,1725.0,0.65,17,1206,15,,0.2922353576588502,
2024,Karak,18,1.0286,20.5563,58.1158,853502.0,500.0,0.0,3372.0,0.2,136,277,11,0.5660257448171179,0.1619360429925119,
2024,Khyber,18,1.6143,18.693,59.8357,1193210.0,1000.0,0.0,2576.0,0.2,126,265,14,0.1177587597509463,0.2357487718928265,
2024,Kohat,18,0.4143,21.1814,50.6283,1200463.0,500.0,0.0,2545.0,0.65,66,65,0,0.1207199733602845,0.2083728987921274,
2024,Kohistan Lower,18,0.0143,-4.7813,84.3388,244203.0,1500.0,2.0,1200.0,0.2,1,108,0,,-0.0036418004350922,
2024,Kohistan Upper,18,0.0143,-4.7813,84.3388,369931.0,2500.0,2.0,4000.0,0.2,3,482,39,,-0.0036418004350922,
2024,Kolai Palas,18,0.0143,-4.7813,84.3388,331246.0,,,,,6,64,0,,,
2024,L & C Kurram,18,3.3571,8.1137,73.7402,604463.0,,,,,6,6,0,,,
2024,Lakki Marwat,18,0.5714,21.8016,59.927,1059019.0,250.0,1.0,3164.0,0.2,129,717,17,0.7189941741756272,0.1258188646249285,
2024,Malakand,18,2.8571,19.3385,58.3993,870427.0,700.0,1.0,952.0,0.2,12,621,4,,0.2872942315444861,
2024,Mansehra,18,3.6857,16.3264,64.9609,1881089.0,1000.0,0.0,4579.0,0.2,3,599,13,,0.3178665762475878,
2024,Mardan,18,0.9429,20.3928,66.4978,2868781.0,300.0,0.0,1632.0,0.65,5,477,8,,0.2815625736080661,
2024,Mohmand,18,2.8571,19.3385,58.3993,563359.0,600.0,0.0,2296.0,0.2,141,199,2,0.3878413704877911,0.2137171297109521,
2024,Nowshera,18,0.5429,21.6618,57.2083,1835149.0,280.0,2.0,1748.0,0.65,60,2007,13,,0.2236399732848618,
2024,Orakzai,18,3.7714,16.7284,62.5117,307067.0,1200.0,0.0,1538.0,0.2,25,45,1,0.1473831925333635,0.3221357530523023,
2024,Peshawar,18,1.0429,20.6427,61.2249,5160904.0,330.0,0.0,1257.0,0.75,40,3990,30,,0.2367895065045369,
2024,SD Tank,18,1.4429,22.7371,55.3965,604463.0,,,,,35,18,0,,,
2024,Shangla,18,4.1571,11.4723,57.3658,915157.0,2000.0,2.0,1586.0,0.35,318,307,38,,0.3058817500932242,
2024,SWA,18,,,,0.0,,,,,77,62,0,,,
2024,Swabi,18,0.9429,20.2131,66.7033,1963296.0,340.0,2.0,1543.0,0.65,39,1487,58,,0.2690125116436687,
2024,Swat,18,1.6714,17.0662,64.9418,2791410.0,980.0,1.0,5337.0,0.35,14,1811,17,,0.1474868121835401,
2024,Tank,18,1.4429,22.7371,55.3965,472690.0,250.0,0.0,1679.0,0.2,37,185,0,0.5826150648912106,0.139772456226182,
2024,Tor Ghar,18,4.7714,20.0987,66.1031,206726.0,,,,,32,62,2,,,
2024,Upper Kurram,18,3.3571,8.1137,73.7402,748325.0,,,,,23,104,3,,,
2024,Badin,19,0.0,33.2496,53.3911,2182111.0,9.0,1.0,6726.0,0.35,4084,3485,56,0.8449063899137825,0.1173687020843142,0.7721288838847774
2024,Dadu,19,0.0,36.7298,27.1805,1873835.0,40.0,2.0,19070.0,0.35,4248,4015,95,0.4728056130276092,0.0820911456304582,0.4531547094924436
2024,Ghotki,19,0.0,36.5606,20.7875,1989892.0,72.0,1.0,6083.0,0.35,1267,1356,0,0.882883090733106,0.1030235012942415,0.7645688064037378
2024,Hyderabad,19,0.0,34.3717,43.9455,2659637.0,20.0,2.0,993.0,0.75,300,1426,13,0.5072123344403985,0.1682843775506251,0.4318829823834991
2024,Jacobabad,19,0.0,36.7072,17.7343,1216179.0,55.0,0.0,2686.0,0.35,909,1038,40,0.7971398995839615,0.1066918225202299,0.7387520211171522
2024,Jamshoro,19,0.0,34.248,44.1431,1200463.0,33.0,2.0,11204.0,0.35,2122,2513,36,,,
2024,Kamber,19,0.0,37.0866,21.1976,1621170.0,50.0,0.0,5599.0,0.2,3734,1877,32,,,
2024,Central,19,0.0,30.0205,71.0175,3591719.0,10.0,0.0,69.0,0.95,97,1264,185,,0.0695481069453427,
2024,East,19,0.0,29.7486,73.6659,3514347.0,10.0,0.0,165.0,0.95,66,581,4,,0.1009338073129949,
2024,Keamari,19,0.0,29.6147,74.5413,2215961.0,2.0,0.0,559.0,0.2,1,207,2,0.5675949443638125,0.0962296755640002,0.5263213594581522
2024,Korangi,19,0.0,29.6826,74.2108,2970331.0,8.0,0.0,95.0,0.2,97,239,1,,0.1009338073129949,
2024,Malir,19,0.0,30.1666,70.6265,2428732.0,20.0,0.0,2268.0,0.75,194,1840,41,,0.1018081796861107,
2024,South,19,0.0,30.3328,66.7895,2166395.0,4.0,0.0,122.0,0.95,46,128,0,,0.088396729102936,
2024,West,19,0.0,29.9647,72.0096,4732945.0,15.0,0.0,929.0,0.75,172,1167,35,0.5675949443638125,0.0962296755640002,0.5263213594581522
2024,Kashmore,19,0.0,36.3152,21.1365,1316520.0,60.0,2.0,2592.0,0.35,1743,684,8,,,
2024,Khairpur,19,0.0,37.1653,21.7871,2908676.0,53.0,2.0,15910.0,0.5,5382,4001,299,0.8644899414989303,0.0804850064723821,0.7513954487272074
2024,Larkana,19,0.0,37.1955,21.0229,1842403.0,48.0,2.0,1906.0,0.5,5939,2648,7,0.6498799004180044,0.1053117625675821,0.6308945612002868
2024,Matiari,19,0.0,35.207,38.2232,930873.0,25.0,2.0,1417.0,0.2,1686,2487,5,,,
2024,Mirpurkhas,19,0.0,35.3741,38.7418,1820642.0,16.0,0.0,2925.0,0.5,3541,3211,52,,,
2024,Naushero Feroze,19,0.0,37.048,25.5824,1948788.0,38.0,2.0,2945.0,0.2,934,688,49,0.5574574924757765,0.1376380818703347,0.5293673712409754
2024,Sanghar,19,0.0,35.7486,34.6205,2486760.0,16.0,1.0,10608.0,0.2,3439,1417,24,0.8319952387721457,0.1024774017908964,0.5685327086615474
2024,Shaheed Benazirabad,19,0.0,36.3299,29.8391,1949997.0,30.0,2.0,4502.0,0.5,1840,2233,155,0.6620164737774986,0.1224541172700264,0.6344904813827937
2024,Shikarpur,19,0.0,37.0337,19.3347,1488188.0,52.0,1.0,2512.0,0.35,2186,1346,3,0.7208789353324154,0.1302590393393203,0.6824992087548947
2024,Sujawal,19,0.0,31.9625,61.6514,945380.0,,,,,1735,788,2,,,
2024,Sukkur,19,0.0,36.9699,21.0279,1798882.0,65.0,2.0,5165.0,0.75,1863,1649,7,0.8404535629767514,0.0948903893948615,0.7045001281846908
2024,Tando Allahyar,19,0.0,35.0066,41.1374,1011871.0,18.0,0.0,2343.0,0.2,1745,1869,14,,,
2024,Tando Muhammad Khan,19,0.0,33.5627,51.8282,818443.0,14.0,2.0,1733.0,0.2,1691,1404,2,,,
2024,Tharparkar,19,0.0,33.9847,47.8494,1994728.0,56.0,0.0,19638.0,0.35,2216,1819,25,0.8801348003125267,0.0710312765230513,0.9022560184213084
2024,Thatta,19,0.0,31.439,64.33,1184747.0,10.0,2.0,17355.0,0.35,1715,2359,31,0.9276488209571718,0.1046704821314784,0.86779478141655
2024,Umerkot,19,0.0,35.1732,38.8568,1297177.0,12.0,0.0,5608.0,0.35,2104,1422,23,0.9095791583166324,0.0880303281130628,0.9953506960634116
2024,Awaran,19,,,,0.0,500.0,0.0,29510.0,0.2,91,61,0,0.3310086977916791,0.0497898719805624,0.1966865070905268
2024,Barkhan,19,0.0429,31.0354,18.9014,206726.0,1100.0,0.0,3514.0,0.2,97,84,9,0.2651675394961415,0.1392800979895149,0.2196283341670269
2024,Chagai,19,0.0,31.0009,16.095,273217.0,919.0,0.0,44748.0,0.2,45,246,3,0.8645419020311486,0.0355909681453117,0.8124957977729028
2024,Chaman,19,,,,0.0,1340.0,0.0,1341.0,0.2,0,212,1,,,
2024,Dera Bugti,19,0.0,34.2475,17.6827,378394.0,250.0,0.0,10160.0,0.2,181,37,2,0.4605056747286375,0.0832533722262855,0.4197526703737465
2024,Duki,19,,,,0.0,1100.0,0.0,4233.0,0.2,10,8,10,,,
2024,Gwadar,19,0.0,28.15,84.6678,317947.0,12.0,0.0,12637.0,0.35,58,821,0,0.6843388308659496,0.0425618404516232,0.6560450973839527
2024,Harnai,19,,,,0.0,,,,,47,10,4,,,
2024,Hub,19,0.0,30.193,68.5895,461810.0,,,,,206,62,17,,,
2024,Jaffarabad,19,,,,621388.0,55.0,1.0,1643.0,0.2,912,117,27,0.6645536191317363,0.0926824170750581,0.6443954776649485
2024,Jhal Magsi,19,,,,180130.0,60.0,0.0,3615.0,0.2,267,84,12,0.7734716668141888,0.0821896806000777,0.7678285860851892
2024,Kachhi (Bolan),19,0.0,31.3834,16.2128,417079.0,,,,,125,50,0,,,
2024,Kalat,19,0.0286,21.1848,25.9032,498077.0,2000.0,0.0,7654.0,0.2,31,4,0,0.2659373118494831,0.0768088193522032,0.2408082539460854
2024,Kech (Turbat),19,,,,1098914.0,,,,,175,865,175,,,
2024,Kharan,19,0.0,31.4872,18.0412,188592.0,700.0,0.0,14958.0,0.2,48,358,0,0.6895685673754249,0.0415358924463597,0.6851575491747839
2024,Khuzdar,19,0.0,28.3121,21.6807,969559.0,1237.0,0.0,35380.0,0.2,53,38,2,0.107193421152683,0.0746074884105538,0.0715214164149161
2024,Killa Saifullah,19,0.2714,24.6933,24.0942,413453.0,1500.0,0.0,6831.0,0.2,187,1,0,0.5626551938730653,0.0817043766625553,0.5181523280222479
2024,Kohlu,19,0.1286,29.2094,20.9391,258710.0,1000.0,0.0,7610.0,0.2,165,482,1,0.1761327356105901,0.109535798371934,0.1492510681139275
2024,Lasbella,19,0.0143,29.0636,72.0879,697550.0,,,,,526,127,1,,,
2024,Loralai,19,0.0429,25.8853,21.7509,479944.0,1400.0,0.0,3785.0,0.2,49,300,5,0.2564372813224954,0.1324614699573111,0.216292347526038
2024,Mastung,19,0.1286,23.1331,23.611,321574.0,1700.0,0.0,3308.0,0.2,38,127,0,0.3642829677659042,,0.3341039896831323
2024,Naseerabad,19,0.0,36.8929,18.4804,592374.0,,,,,348,11,139,,,
2024,Nushki,19,0.0,29.411,16.4844,0.0,900.0,0.0,5797.0,0.2,6,25,0,,,
2024,Panjgur,19,0.0,29.749,21.0125,382021.0,900.0,0.0,16891.0,0.2,190,103,0,0.4533986164718446,0.0469589286823294,0.4354689364060997
2024,Pishin,19,0.1143,22.3593,30.387,889769.0,1550.0,0.0,6218.0,0.2,14,222,2,0.5693794418665086,0.0789309612320485,0.5526092992056636
2024,Quetta,19,0.1286,23.1346,26.4541,2751515.0,1680.0,0.0,3447.0,0.75,22,757,0,0.4710399127390819,0.0730482780681765,0.4328071190694471
2024,Sherani,19,,,,0.0,1500.0,0.0,2700.0,0.2,19,63,0,,,
2024,Sibi,19,0.0,34.3513,22.2499,163205.0,130.0,0.0,7121.0,0.2,327,424,2,0.1707727725917757,0.1165338390220715,0.1564153767870849
2024,Sohbat pur,19,0.0,36.8297,18.5171,241785.0,,,,,591,15,6,,,
2024,Surab,19,0.0,22.2848,24.5076,0.0,,,,,10,95,0,,,
2024,Usta Muhammad,19,0.0,36.543,18.0624,314321.0,,,,,446,116,2,,,
2024,Washuk,19,0.0,25.9786,21.3242,212771.0,700.0,0.0,33093.0,0.2,10,102,0,,,
2024,Zhob,19,0.3571,25.2605,27.2185,374767.0,1400.0,0.0,20297.0,0.2,46,176,0,0.5719953544722841,0.0983015159902982,0.4338412436453353
2024,Ziarat,19,,,,0.0,2400.0,0.0,3301.0,0.2,49,223,0,0.1104921201707519,,0.1075009250817982
2024,Abbottabad,19,0.9143,22.7533,48.1825,1611498.0,1256.0,0.0,1967.0,0.75,4,518,16,0.1410771017821588,0.3625330674338531,
2024,Bajaur,19,1.5,20.3196,47.7059,1321356.0,900.0,0.0,1290.0,0.2,85,145,10,0.0150087239789991,0.2840882014048661,
2024,Bannu,19,0.3286,29.4901,37.1454,1410816.0,312.0,1.0,1227.0,0.2,1316,763,23,0.426982190436124,0.1638558904906511,0.3726560089748983
2024,Battagram,19,2.3857,21.9799,51.0694,575449.0,1036.0,0.0,1301.0,0.2,0,96,0,,,
2024,Buner,19,1.3143,25.2705,47.9728,1084406.0,700.0,0.0,1865.0,0.35,216,338,0,0.0146072703757849,0.3272287586615625,
2024,Charsadda,19,0.0429,27.351,49.2742,1953624.0,300.0,2.0,996.0,0.2,183,586,1,0.0642786920352797,0.2540082795354705,
2024,Chitral Lower,19,1.4571,15.5577,43.7133,336081.0,1500.0,1.0,6458.0,0.35,3,178,2,0.3175194272451247,-0.0017530261107548,0.0
2024,Chitral Upper,19,1.4571,15.5577,43.7133,204308.0,2500.0,1.0,8392.0,0.2,3,78,1,0.3175194272451247,-0.0017530261107548,0.0
2024,D.I. Khan,19,0.0,31.1725,38.6148,2050338.0,,,,,258,2208,88,,,
2024,Dir Lower,19,0.3571,28.3206,40.8809,1734809.0,800.0,1.0,1583.0,0.35,324,890,8,,,
2024,Dir Upper,19,1.7857,18.7202,47.0914,1143644.0,1200.0,1.0,3699.0,0.35,8,346,7,,,
2024,Hangu,19,0.2429,24.9062,44.8502,627433.0,900.0,0.0,1097.0,0.2,11,6,0,0.09370688506808,0.2457188292414008,0.0684644839296189
2024,Haripur,19,0.6286,25.1625,54.1895,1212553.0,605.0,2.0,1725.0,0.65,17,1206,16,0.2425883085721326,0.258535842461329,
2024,Karak,19,0.6429,28.4354,39.0067,853502.0,500.0,0.0,3372.0,0.2,136,277,41,0.3712437542825028,0.1630463365873708,0.406408561230491
2024,Khyber,19,0.2714,25.7835,42.2355,1193210.0,1000.0,0.0,2576.0,0.2,126,265,2,0.0524599714960187,0.2455671436547444,0.0227532675447931
2024,Kohat,19,0.0,28.8403,32.4643,1200463.0,500.0,0.0,2545.0,0.65,66,65,0,0.2149013867560057,0.2082026898478162,0.0288246393999053
2024,Kohistan Lower,19,0.0143,-1.0507,81.9354,244203.0,1500.0,2.0,1200.0,0.2,1,108,2,0.3456752635633175,0.0871719521573025,
2024,Kohistan Upper,19,0.0143,-1.0507,81.9354,369931.0,2500.0,2.0,4000.0,0.2,3,482,0,0.3456752635633175,0.0871719521573025,
2024,Kolai Palas,19,0.0143,-1.0507,81.9354,331246.0,,,,,6,64,0,,,
2024,L & C Kurram,19,1.3571,13.7217,61.5458,604463.0,,,,,6,6,0,,,
2024,Lakki Marwat,19,0.1143,28.8989,43.0741,1059019.0,250.0,1.0,3164.0,0.2,129,717,6,0.7487808608062138,0.126505438428523,0.6410732284149927
2024,Malakand,19,0.8286,25.8013,42.6073,870427.0,700.0,1.0,952.0,0.2,12,621,20,0.0207349875740124,0.2682462514488276,
2024,Mansehra,19,1.6571,21.9401,52.4283,1881089.0,1000.0,0.0,4579.0,0.2,3,599,3,0.1456202271873471,0.2180496583822884,
2024,Mardan,19,0.0571,26.1886,52.5797,2868781.0,300.0,0.0,1632.0,0.65,5,477,0,0.050307656325158,0.2535435438380392,
2024,Mohmand,19,0.8286,25.8013,42.6073,563359.0,600.0,0.0,2296.0,0.2,141,199,3,0.0890219935503785,0.20510722697913,0.0651871628010456
2024,North Waziristan,19,3.0429,11.2693,60.2834,656447.0,1000.0,1.0,4707.0,0.2,0,73,0,0.1687487553859418,0.1793666727278613,0.0697997566580447
2024,Nowshera,19,0.3571,28.379,40.8964,1835149.0,280.0,2.0,1748.0,0.65,60,2139,24,0.195291612089959,0.2134298017264619,
2024,Orakzai,19,0.4571,23.0879,47.8828,307067.0,1200.0,0.0,1538.0,0.2,25,42,0,0.0147104499454074,0.3352275513557751,0.0154848573321152
2024,Peshawar,19,0.0,27.0127,46.5256,5160904.0,330.0,0.0,1257.0,0.75,40,4018,41,0.0839114355171846,0.2255814510904314,
2024,SD Peshawar,19,,,,0.0,,,,,2,1,0,,,
2024,SD Tank,19,0.1143,29.9681,37.8547,604463.0,,,,,35,20,0,,,
2024,Shangla,19,2.1714,17.9244,43.5676,915157.0,2000.0,2.0,1586.0,0.35,318,392,3,0.0284299941519754,0.3678487125838292,
2024,SWA,19,,,,0.0,,,,,77,76,0,,,
2024,Swabi,19,0.0714,25.6569,57.784,1963296.0,340.0,2.0,1543.0,0.65,39,1737,88,0.1310299345156814,0.2574384421296779,
2024,Swat,19,1.0,22.3173,52.7422,2791410.0,980.0,1.0,5337.0,0.35,14,2153,13,0.3145912254754626,0.1632391883555072,
2024,Tank,19,0.1143,29.9681,37.8547,472690.0,250.0,0.0,1679.0,0.2,37,274,10,0.6719433634435599,0.1406793536055552,0.5561063783826732
2024,Tor Ghar,19,1.1,25.7847,54.8165,206726.0,,,,,32,84,0,,,
2024,Upper Kurram,19,1.3571,13.7217,61.5458,748325.0,,,,,23,138,4,,,
2024,Badin,20,0.0,34.3779,44.516,2182111.0,9.0,1.0,6726.0,0.35,4456,3697,122,0.890040188205257,0.1102563803662966,0.8451031650671086
2024,Dadu,20,0.0,37.4572,21.3277,1873835.0,40.0,2.0,19070.0,0.35,3933,4436,98,0.5011437203280106,0.0810838029642447,0.4445641601092663
2024,Ghotki,20,0.0,37.5629,18.2633,1989892.0,72.0,1.0,6083.0,0.35,1046,1301,0,0.7519250852137265,0.1006873973985211,0.7418506316886442
2024,Hyderabad,20,0.0,35.6789,32.8357,2659637.0,20.0,2.0,993.0,0.75,195,753,13,0.4878980940990947,0.1732701180186255,0.4189259068941532
2024,Jacobabad,20,0.0,37.7664,16.2379,1216179.0,55.0,0.0,2686.0,0.35,1058,1035,49,0.8323240494533937,0.1015093071532311,0.735782707586901
2024,Jamshoro,20,0.0,35.5284,33.1496,1200463.0,33.0,2.0,11204.0,0.35,1834,2726,44,,,
2024,Kamber,20,0.0,38.0842,16.9465,1621170.0,50.0,0.0,5599.0,0.2,3903,1910,24,,,
2024,Central,20,0.0,30.5324,68.3259,3591719.0,10.0,0.0,69.0,0.95,98,1308,61,0.0,0.0697071814656691,
2024,East,20,0.0,30.5504,69.3669,3514347.0,10.0,0.0,165.0,0.95,48,489,0,0.0666769431027986,0.1010652859904907,
2024,Keamari,20,0.0,30.1752,72.0203,2215961.0,2.0,0.0,559.0,0.2,2,212,0,0.5610368971219636,0.0936740828575666,0.5540638606676346
2024,Korangi,20,0.0,30.3725,70.6948,2970331.0,8.0,0.0,95.0,0.2,38,192,1,0.0666769431027986,0.1010652859904907,
2024,Malir,20,0.0,30.7994,67.0799,2428732.0,20.0,0.0,2268.0,0.75,232,1938,31,0.4652981220409001,0.0996336936546689,
2024,South,20,0.0,30.9092,61.7548,2166395.0,4.0,0.0,122.0,0.95,51,108,0,0.140875161210479,0.088091952550925,
2024,West,20,0.0,30.3504,70.2195,4732945.0,15.0,0.0,929.0,0.75,171,1155,32,0.5610368971219636,0.0936740828575666,0.5540638606676346
2024,Kashmore,20,0.0,37.262,18.1761,1316520.0,60.0,2.0,2592.0,0.35,1860,591,13,,,
2024,Khairpur,20,0.0,38.2418,16.7981,2908676.0,53.0,2.0,15910.0,0.5,5656,3703,419,0.7873179918750343,0.0801329227917078,0.7447337614457464
2024,Larkana,20,0.0,38.0423,16.9584,1842403.0,48.0,2.0,1906.0,0.5,6145,2482,16,0.7255602878967924,0.097576818466567,0.6257899432618901
2024,Matiari,20,0.0,36.4737,28.2441,930873.0,25.0,2.0,1417.0,0.2,1651,2264,7,,,
2024,Mirpurkhas,20,0.0,36.7092,28.9494,1820642.0,16.0,0.0,2925.0,0.5,3173,2744,35,,,
2024,Naushero Feroze,20,0.0,37.8361,19.4767,1948788.0,38.0,2.0,2945.0,0.2,947,634,56,0.6586254564677809,0.1389262209241668,0.4916813837255431
2024,Sanghar,20,0.0,37.1572,25.8881,2486760.0,16.0,1.0,10608.0,0.2,4214,1306,25,0.5403737097840506,0.1166802346782755,0.5094785031669415
2024,Shaheed Benazirabad,20,0.0,37.2394,22.0915,1949997.0,30.0,2.0,4502.0,0.5,1592,2122,156,0.6928643658015359,0.134736249701973,0.596999437835742
2024,Shikarpur,20,0.0,38.1025,16.6051,1488188.0,52.0,1.0,2512.0,0.35,2258,1353,0,0.8222329699514831,0.1207711525305217,0.6754938853097447
2024,Sujawal,20,0.0,32.6688,57.8216,945380.0,,,,,1104,286,0,,,
2024,Sukkur,20,0.0,38.0619,17.3693,1798882.0,65.0,2.0,5165.0,0.75,1837,1588,10,0.730209466918725,0.0921224059573954,0.7057446566585429
2024,Tando Allahyar,20,0.0,36.3721,30.4329,1011871.0,18.0,0.0,2343.0,0.2,1680,1743,12,,,
2024,Tando Muhammad Khan,20,0.0,34.702,42.4613,818443.0,14.0,2.0,1733.0,0.2,1499,1380,2,,,
2024,Tharparkar,20,0.0,35.8353,33.8113,1994728.0,56.0,0.0,19638.0,0.35,2482,1824,25,0.8973195303830507,0.0702139732134365,0.8754859682707418
2024,Thatta,20,0.0,32.2828,59.7781,1184747.0,10.0,2.0,17355.0,0.35,2426,1972,18,0.7395704744832192,0.1048258860858663,0.8814861388254864
2024,Umerkot,20,0.0,36.6899,28.1236,1297177.0,12.0,0.0,5608.0,0.35,2471,1601,23,0.9987684193749368,0.0928941454091128,0.99630525812481
2024,Awaran,20,,,,0.0,500.0,0.0,29510.0,0.2,60,11,0,0.2839721502521138,0.0465694718348055,0.2198312152351672
2024,Barkhan,20,0.0,31.5753,18.9168,206726.0,1100.0,0.0,3514.0,0.2,69,183,0,0.2149527476835,0.1262426554887864,0.2025946305105546
2024,Chagai,20,0.0,31.7935,18.0819,273217.0,919.0,0.0,44748.0,0.2,280,192,0,0.765165049250931,0.0406106682621577,0.8350933385828461
2024,Chaman,20,,,,0.0,1340.0,0.0,1341.0,0.2,268,147,7,,,
2024,Dera Bugti,20,0.0,34.9481,16.8136,378394.0,250.0,0.0,10160.0,0.2,40,61,0,0.4377411884819879,0.0775232507576919,0.4127779149200258
2024,Duki,20,,,,0.0,1100.0,0.0,4233.0,0.2,62,164,2,,,
2024,Gwadar,20,0.0,28.8881,86.0115,317947.0,12.0,0.0,12637.0,0.35,983,557,4,0.6769230492355458,0.0355871051896276,0.6300856080840942
2024,Harnai,20,,,,0.0,,,,,18,103,0,,,
2024,Hub,20,0.0,30.793,64.6783,461810.0,,,,,52,431,5,,,
2024,Jaffarabad,20,,,,621388.0,55.0,1.0,1643.0,0.2,125,663,71,0.8700315108816944,0.0889906658999104,0.6480160618719688
2024,Jhal Magsi,20,,,,180130.0,60.0,0.0,3615.0,0.2,170,312,4,0.796031930803264,0.0847021736411122,0.768947088842614
2024,Kachhi (Bolan),20,0.0143,32.0381,17.5756,417079.0,,,,,30,92,1,,,
2024,Kalat,20,0.3571,21.2527,33.9001,498077.0,2000.0,0.0,7654.0,0.2,2,36,0,0.194300140092718,0.0895137588404002,0.1175050287478349
2024,Kech (Turbat),20,,,,1098914.0,,,,,1107,495,2,,,
2024,Kharan,20,0.0,32.2842,20.5562,188592.0,700.0,0.0,14958.0,0.2,357,183,19,0.6906483149413117,0.0482629254794092,0.6531407507288715
2024,Khuzdar,20,0.1429,28.3205,25.9835,969559.0,1237.0,0.0,35380.0,0.2,111,143,6,0.141527881975277,0.073100528571132,0.0684185036725276
2024,Killa Abdullah,20,0.0143,27.0091,21.3865,915157.0,1500.0,0.0,3553.0,0.2,0,19,2,,0.0824086293700421,
2024,Killa Saifullah,20,0.7286,25.0362,26.3091,413453.0,1500.0,0.0,6831.0,0.2,4,192,1,0.5946676323107063,0.0930310844264583,0.5007358731018655
2024,Kohlu,20,0.0429,29.7562,21.1443,258710.0,1000.0,0.0,7610.0,0.2,443,292,0,0.1608344105404741,0.0996320653170649,0.1417577444707983
2024,Lasbella,20,0.0,29.5871,69.1382,697550.0,,,,,110,388,3,,,
2024,Loralai,20,0.1,26.3323,23.4563,479944.0,1400.0,0.0,3785.0,0.2,316,224,0,0.226304552603559,0.1237795052213659,0.2009503022418493
2024,Mastung,20,0.4,23.6459,30.1618,321574.0,1700.0,0.0,3308.0,0.2,142,211,2,0.1421318727213859,0.1092662263353726,0.009111010622806
2024,Naseerabad,20,0.0,38.1197,16.3747,592374.0,,,,,7,340,2,,,
2024,Nushki,20,0.0,30.1556,21.3082,0.0,900.0,0.0,5797.0,0.2,8,242,0,,,
2024,Panjgur,20,0.0,30.3618,27.2508,382021.0,900.0,0.0,16891.0,0.2,59,279,0,0.3897619804149826,0.0537621525341519,0.3884329322848561
2024,Pishin,20,0.0,24.1343,29.1731,889769.0,1550.0,0.0,6218.0,0.2,242,214,14,0.7380799382292592,0.0943361198562265,0.5429967104528469
2024,Quetta,20,0.0857,23.8391,31.3056,2751515.0,1680.0,0.0,3447.0,0.75,1025,389,60,0.5666666666666667,0.0965146728388276,0.0
2024,Sherani,20,,,,0.0,1500.0,0.0,2700.0,0.2,51,21,10,,,
2024,Sibi,20,0.0,35.2727,21.0052,163205.0,130.0,0.0,7121.0,0.2,232,140,4,0.2114103906987595,0.1096600294719385,0.1548266879417441
2024,Sohbat pur,20,0.0,38.0015,16.4381,241785.0,,,,,2,294,0,,,
2024,Surab,20,0.3286,21.9866,32.8708,0.0,,,,,206,75,0,,,
2024,Usta Muhammad,20,0.0,37.7067,16.4641,314321.0,,,,,155,732,0,,,
2024,Washuk,20,0.1429,26.3268,26.6616,212771.0,700.0,0.0,33093.0,0.2,142,116,0,,,
2024,Zhob,20,0.2286,26.5923,25.2394,374767.0,1400.0,0.0,20297.0,0.2,213,156,0,0.4329053277259881,0.0978951901513168,0.4112681880053664
2024,Abbottabad,20,0.1429,23.9194,41.1947,1611498.0,1256.0,0.0,1967.0,0.75,4,518,10,0.0844048243214941,0.3765073225219923,0.0425770276584605
2024,Bajaur,20,0.9143,21.7652,45.1021,1321356.0,900.0,0.0,1290.0,0.2,85,145,22,,0.2605484401095104,
2024,Bannu,20,0.0,31.786,28.9765,1410816.0,312.0,1.0,1227.0,0.2,1316,763,24,0.5472278447932192,0.1481231347517757,0.4003646052447063
2024,Battagram,20,0.0429,23.3632,45.4335,575449.0,1036.0,0.0,1301.0,0.2,0,96,0,,,
2024,Buner,20,0.0143,26.9431,40.6755,1084406.0,700.0,0.0,1865.0,0.35,216,338,4,0.1057095558640019,0.3261883831225681,0.0076888721293763
2024,Charsadda,20,0.0,29.1317,42.6734,1953624.0,300.0,2.0,996.0,0.2,183,586,19,,0.241599532118427,
2024,Chitral Lower,20,0.6143,17.3318,46.7022,336081.0,1500.0,1.0,6458.0,0.35,3,178,3,0.4408976558296547,0.0150577765972273,0.1976577223051385
2024,Chitral Upper,20,0.6143,17.3318,46.7022,204308.0,2500.0,1.0,8392.0,0.2,3,78,0,0.4408976558296547,0.0150577765972273,0.1976577223051385
2024,D.I. Khan,20,0.0143,32.4079,35.4174,2050338.0,,,,,258,2208,92,,,
2024,Dir Lower,20,0.0,30.3461,36.4219,1734809.0,800.0,1.0,1583.0,0.35,324,890,10,,,
2024,Dir Upper,20,0.2857,20.0848,45.4721,1143644.0,1200.0,1.0,3699.0,0.35,8,346,2,,,
2024,Hangu,20,0.1429,26.3464,40.8912,627433.0,900.0,0.0,1097.0,0.2,11,6,0,0.1814730719705036,0.2375925329915763,0.0763261530423643
2024,Haripur,20,0.0714,26.5524,44.4371,1212553.0,605.0,2.0,1725.0,0.65,17,1206,24,0.2207967367347609,0.2619930361735297,0.1709189594303418
2024,Karak,20,0.0,31.5956,25.7396,853502.0,500.0,0.0,3372.0,0.2,136,277,39,0.5683198498796099,0.1553558197219462,0.4085388508103261
2024,Khyber,20,0.2143,28.7088,32.1954,1193210.0,1000.0,0.0,2576.0,0.2,126,265,4,0.085326418045608,0.2437617612012309,0.019563678274471
2024,Kohat,20,0.0143,31.2224,27.2775,1200463.0,500.0,0.0,2545.0,0.65,66,65,2,0.0883565150968261,0.19529054395319,0.0277593573461147
2024,Kohistan Lower,20,0.0143,-1.2935,82.993,244203.0,1500.0,2.0,1200.0,0.2,1,108,2,0.4273969312520757,0.1087174996014593,0.1713278771635464
2024,Kohistan Upper,20,0.0143,-1.2935,82.993,369931.0,2500.0,2.0,4000.0,0.2,3,482,0,0.4273969312520757,0.1087174996014593,0.1713278771635464
2024,Kolai Palas,20,0.0143,-1.2935,82.993,331246.0,,,,,6,64,0,,,
2024,L & C Kurram,20,0.8143,14.6214,60.3261,604463.0,,,,,6,6,0,,,
2024,Lakki Marwat,20,0.0,31.0501,34.7502,1059019.0,250.0,1.0,3164.0,0.2,129,717,7,0.8128343374501696,0.1159701221158648,0.7145455922034271
2024,Malakand,20,0.0429,27.6796,36.455,870427.0,700.0,1.0,952.0,0.2,12,621,8,,0.2601483603918634,
2024,Mansehra,20,0.0143,23.1853,46.3426,1881089.0,1000.0,0.0,4579.0,0.2,3,599,6,0.3282114492236302,0.2403601209714118,0.0866442220247602
2024,Mardan,20,0.1857,28.4228,44.2006,2868781.0,300.0,0.0,1632.0,0.65,5,477,2,0.0021722657236675,0.2457506978003072,0.0
2024,Mohmand,20,0.0429,27.6796,36.455,563359.0,600.0,0.0,2296.0,0.2,141,199,2,0.4997270169249507,0.1895821750127841,0.121876443660493
2024,NWA,20,,,,0.0,,,,,0,36,4,,,
2024,Nowshera,20,0.0,30.4046,36.4376,1835149.0,280.0,2.0,1748.0,0.65,60,2248,23,,0.2061944306551509,
2024,Orakzai,20,0.3143,24.3712,44.9851,307067.0,1200.0,0.0,1538.0,0.2,25,45,4,0.123694071868275,0.347110488843332,0.0158275361593513
2024,Peshawar,20,0.0143,29.421,38.3232,5160904.0,330.0,0.0,1257.0,0.75,40,3926,53,,0.2062795788343857,
2024,SD Peshawar,20,,,,0.0,,,,,2,5,0,,,
2024,SD Tank,20,0.0,31.8226,31.5935,604463.0,,,,,35,8,0,,,
2024,Shangla,20,0.4,18.4327,42.0176,915157.0,2000.0,2.0,1586.0,0.35,318,596,6,0.2121798776235157,0.391431974587034,0.0143816779341064
2024,SWA,20,,,,0.0,,,,,77,95,4,,,
2024,Swabi,20,0.0,27.1729,49.7983,1963296.0,340.0,2.0,1543.0,0.65,39,2160,55,0.1555135614604395,0.2554497686415412,0.0806767783060708
2024,Swat,20,0.2,23.7004,48.8263,2791410.0,980.0,1.0,5337.0,0.35,14,2530,2,0.3698306602722312,0.1724749280925442,0.2543769139970448
2024,Tank,20,0.0,31.8226,31.5935,472690.0,250.0,0.0,1679.0,0.2,37,571,24,0.600741399173685,0.1167981344774436,0.5766819283330687
2024,Tor Ghar,20,0.3714,27.4088,45.4852,206726.0,,,,,32,88,0,,,
2024,Upper Kurram,20,0.8143,14.6214,60.3261,748325.0,,,,,23,182,6,,,
2024,Badin,21,0.0,35.2975,51.2417,2182111.0,9.0,1.0,6726.0,0.35,4080,3299,64,0.9261106188408752,0.1036663389102089,0.8832281023303555
2024,Dadu,21,0.0,39.9536,22.0828,1873835.0,40.0,2.0,19070.0,0.35,3824,4238,213,0.4484448589709113,0.0732103782295165,0.4193394487575549
2024,Ghotki,21,0.0,39.1731,17.1248,1989892.0,72.0,1.0,6083.0,0.35,1398,1475,204,0.860643823746776,0.1049879674053858,0.7319885757753034
2024,Hyderabad,21,0.0,37.0946,40.0897,2659637.0,20.0,2.0,993.0,0.75,157,981,0,0.5585590887352191,0.1770777875570894,0.4383114511806833
2024,Jacobabad,21,0.0,39.678,13.4146,1216179.0,55.0,0.0,2686.0,0.35,1167,1050,118,0.8648236100380092,0.0964344332608926,0.7633360575019227
2024,Jamshoro,21,0.0,37.0935,39.366,1200463.0,33.0,2.0,11204.0,0.35,1792,2934,15,,,
2024,Kamber,21,0.0,39.8759,15.5191,1621170.0,50.0,0.0,5599.0,0.2,4131,1863,161,,,
2024,Central,21,0.0,31.5133,71.0997,3591719.0,10.0,0.0,69.0,0.95,60,1145,0,0.0,0.0592512615982407,0.0
2024,East,21,0.0,31.2599,73.682,3514347.0,10.0,0.0,165.0,0.95,59,505,9,0.0524669155847863,0.0884999380210032,0.0387250368238961
2024,Keamari,21,0.0,31.0225,75.4224,2215961.0,2.0,0.0,559.0,0.2,4,227,0,0.4706276898999498,0.0821818002271269,0.4315053555444298
2024,Korangi,21,0.0,31.1514,74.5599,2970331.0,8.0,0.0,95.0,0.2,56,330,0,0.0524669155847863,0.0884999380210032,0.0387250368238961
2024,Malir,21,0.0,31.7717,70.091,2428732.0,20.0,0.0,2268.0,0.75,288,2059,55,0.3765075828642898,0.0875717059112537,0.3351410594332549
2024,South,21,0.0,31.8661,66.5604,2166395.0,4.0,0.0,122.0,0.95,55,113,1,0.1326159738415642,0.0763292866297302,0.1172700389510571
2024,West,21,0.0,31.3596,72.9332,4732945.0,15.0,0.0,929.0,0.75,177,1296,139,0.4706276898999498,0.0821818002271269,0.4315053555444298
2024,Kashmore,21,0.0,38.8941,16.9833,1316520.0,60.0,2.0,2592.0,0.35,1377,632,145,,,
2024,Khairpur,21,0.0,39.8429,16.431,2908676.0,53.0,2.0,15910.0,0.5,5251,3476,155,0.9643185389267124,0.0816262094056781,0.898102750512731
2024,Larkana,21,0.0,39.9792,15.2843,1842403.0,48.0,2.0,1906.0,0.5,6276,2507,4,0.5686353997119531,0.0943364681226312,0.5417329759024578
2024,Matiari,21,0.0,38.3353,33.3257,930873.0,25.0,2.0,1417.0,0.2,1501,2112,31,,,
2024,Mirpurkhas,21,0.0,38.0393,36.9312,1820642.0,16.0,0.0,2925.0,0.5,3369,2890,49,,,
2024,Naushero Feroze,21,0.0,40.3337,19.7607,1948788.0,38.0,2.0,2945.0,0.2,973,636,116,0.6891779296650075,0.1363573830258165,0.5750796896785743
2024,Sanghar,21,0.0,38.1037,34.5792,2486760.0,16.0,1.0,10608.0,0.2,3839,1565,122,0.7901953007602145,0.1230566072527867,0.4878675810443488
2024,Shaheed Benazirabad,21,0.0,40.0394,22.7789,1949997.0,30.0,2.0,4502.0,0.5,1737,2159,102,0.7195406355314511,0.1364246920112103,0.607644176571243
2024,Shikarpur,21,0.0,39.8519,14.5695,1488188.0,52.0,1.0,2512.0,0.35,2031,1334,52,0.9211272302818077,0.1124069308617733,0.8540033905841807
2024,Sujawal,21,0.0,33.0494,63.2899,945380.0,,,,,1712,668,39,,,
2024,Sukkur,21,0.0,39.4012,16.6084,1798882.0,65.0,2.0,5165.0,0.75,1589,1417,17,0.8610277456074378,0.0970943322785512,0.720356520426163
2024,Tando Allahyar,21,0.0,37.6054,38.7899,1011871.0,18.0,0.0,2343.0,0.2,1362,2116,61,,,
2024,Tando Muhammad Khan,21,0.0,35.0704,52.6295,818443.0,14.0,2.0,1733.0,0.2,1557,1437,0,,,
2024,Tharparkar,21,0.0,36.6466,43.2313,1994728.0,56.0,0.0,19638.0,0.35,2394,1949,0,0.8715951447275079,0.0718474526596134,0.8596210110388551
2024,Thatta,21,0.0,32.5238,65.7609,1184747.0,10.0,2.0,17355.0,0.35,2382,1935,68,0.7450305651662512,0.0950461547368117,0.6784591234951781
2024,Umerkot,21,0.0,37.7628,36.8108,1297177.0,12.0,0.0,5608.0,0.35,2068,1731,0,0.8704994643630664,0.0943113371322329,0.9975368387498732
2024,Awaran,21,,,,0.0,500.0,0.0,29510.0,0.2,60,18,0,0.3841301538632829,0.0421768433193737,0.2266151843114534
2024,Barkhan,21,0.0,34.4292,12.5646,206726.0,1100.0,0.0,3514.0,0.2,120,83,62,0.2623680049050682,0.1235854306700746,0.2078360930761355
2024,Chagai,21,0.0,34.7488,13.3055,273217.0,919.0,0.0,44748.0,0.2,64,243,0,0.8478487609950729,0.0343612372617023,0.8236413537481407
2024,Chaman,21,,,,0.0,1340.0,0.0,1341.0,0.2,47,202,43,,,
2024,Dera Bugti,21,0.0,37.7398,12.3804,378394.0,250.0,0.0,10160.0,0.2,81,48,19,0.519864915314604,0.0777813795238546,0.4522338325106811
2024,Duki,21,,,,0.0,1100.0,0.0,4233.0,0.2,21,62,14,,,
2024,Gwadar,21,0.0,29.733,87.5806,317947.0,12.0,0.0,12637.0,0.35,243,592,207,0.6450784354903687,0.0414891649896495,0.5839949008711913
2024,Harnai,21,,,,0.0,,,,,77,78,12,,,
2024,Hub,21,0.0,31.8749,67.6336,461810.0,,,,,239,405,5,,,
2024,Jaffarabad,21,,,,621388.0,55.0,1.0,1643.0,0.2,1114,126,72,0.6862323988100603,0.0834951395023322,0.6799183570916988
2024,Jhal Magsi,21,,,,180130.0,60.0,0.0,3615.0,0.2,535,340,10,0.7829974236502468,0.0882853481362298,0.7791415008917059
2024,Kachhi (Bolan),21,0.0,35.145,11.3493,417079.0,,,,,105,83,6,,,
2024,Kalat,21,0.0,24.6059,21.1073,498077.0,2000.0,0.0,7654.0,0.2,24,34,0,0.2365874250389186,0.0947653452219999,0.1095315887587435
2024,Kech (Turbat),21,,,,1098914.0,,,,,890,531,309,,,
2024,Kharan,21,0.0,35.2464,14.3971,188592.0,700.0,0.0,14958.0,0.2,53,188,7,0.6719396992638828,0.0387987391268894,0.6476010461337569
2024,Khuzdar,21,0.0,31.7687,17.7075,969559.0,1237.0,0.0,35380.0,0.2,102,81,0,0.0898200784629205,0.0751387926304663,0.0630101083753146
2024,Killa Abdullah,21,0.0,29.532,15.4261,915157.0,1500.0,0.0,3553.0,0.2,24,146,0,0.6520923076514423,0.0740367090218988,
2024,Killa Saifullah,21,0.0,28.4823,14.9871,413453.0,1500.0,0.0,6831.0,0.2,177,242,47,0.6279100230307754,0.0882615707211492,0.6132225236428653
2024,Kohlu,21,0.0,32.5243,14.3849,258710.0,1000.0,0.0,7610.0,0.2,99,152,28,0.2469878095551392,0.0972320450949989,0.1836729872491289
2024,Lasbella,21,0.0,30.3472,73.622,697550.0,,,,,450,378,9,,,
2024,Loralai,21,0.0,29.6448,14.1584,479944.0,1400.0,0.0,3785.0,0.2,53,228,2,0.2337007920557983,0.1188447997725719,0.1566012123386231
2024,Mastung,21,0.0,26.7878,18.8166,321574.0,1700.0,0.0,3308.0,0.2,141,209,17,0.2986478190270024,0.1061829176050109,0.000488531015972
2024,Naseerabad,21,0.0,39.8643,13.7313,592374.0,,,,,322,237,35,,,
2024,Nushki,21,0.0,33.0196,13.9474,0.0,900.0,0.0,5797.0,0.2,19,229,0,,,
2024,Panjgur,21,0.0,32.7793,21.6154,382021.0,900.0,0.0,16891.0,0.2,140,115,16,0.4671770312715323,0.0437426753095368,0.3826354395674968
2024,Pishin,21,0.0,27.2593,18.2448,889769.0,1550.0,0.0,6218.0,0.2,36,443,95,0.5512890340547484,0.0854235106068267,0.5393885061026059
2024,Quetta,21,0.0,27.3206,18.1918,2751515.0,1680.0,0.0,3447.0,0.75,27,549,70,0.4044103039942351,0.0889823075360672,0.0
2024,Sherani,21,,,,0.0,1500.0,0.0,2700.0,0.2,16,29,15,,,
2024,Sibi,21,0.0,38.2879,14.3088,163205.0,130.0,0.0,7121.0,0.2,358,150,48,0.1042675312537029,0.1050988968880302,0.0945330547732049
2024,Sohbat pur,21,0.0,39.6509,13.9064,241785.0,,,,,691,250,32,,,
2024,Surab,21,0.0143,25.7196,19.4102,0.0,,,,,7,52,51,,,
2024,Usta Muhammad,21,0.0,39.5237,13.8633,314321.0,,,,,571,710,6,,,
2024,Washuk,21,0.0,29.0086,20.5493,212771.0,700.0,0.0,33093.0,0.2,21,122,0,,,
2024,Zhob,21,0.0,29.6551,16.721,374767.0,1400.0,0.0,20297.0,0.2,78,116,19,0.4956435483043537,0.1016189004869668,0.3248845047852633
2024,Ziarat,21,,,,0.0,2400.0,0.0,3301.0,0.2,99,161,22,0.1006249700880491,0.1368328286850105,0.079063152842866
2024,Abbottabad,21,0.0571,27.0337,32.4533,1611498.0,1256.0,0.0,1967.0,0.75,96,1184,24,0.1503191239177954,0.335821327171519,0.0423821356235632
2024,Bajaur,21,0.0429,24.5074,34.1066,1321356.0,900.0,0.0,1290.0,0.2,33,685,16,0.088917620222969,0.250908317441442,
2024,Bannu,21,0.0,34.7327,20.0483,1410816.0,312.0,1.0,1227.0,0.2,1720,843,76,0.5859293050546077,0.1509130603088631,0.4904395225300524
2024,Battagram,21,0.0143,26.5778,36.9372,575449.0,1036.0,0.0,1301.0,0.2,144,117,0,,,
2024,Buner,21,0.0,30.3357,29.6703,1084406.0,700.0,0.0,1865.0,0.35,294,639,0,0.0437694669416357,0.3010482741070098,0.0200472297328016
2024,Charsadda,21,0.0,31.9549,31.7053,1953624.0,300.0,2.0,996.0,0.2,402,1758,0,0.0854780924095084,0.2444825631073514,
2024,Chitral Lower,21,0.1857,20.4533,45.9672,336081.0,1500.0,1.0,6458.0,0.35,50,272,12,0.3222707600391797,0.0189037490876124,0.2164895902251217
2024,Chitral Upper,21,0.1857,20.4533,45.9672,204308.0,2500.0,1.0,8392.0,0.2,13,152,3,0.3222707600391797,0.0189037490876124,0.2164895902251217
2024,D.I. Khan,21,0.0,35.1154,27.1078,2050338.0,,,,,330,1853,88,,,
2024,Dir Lower,21,0.0,32.8137,27.4171,1734809.0,800.0,1.0,1583.0,0.35,202,1094,13,,,
2024,Dir Upper,21,0.0,21.8196,42.8965,1143644.0,1200.0,1.0,3699.0,0.35,63,463,6,,,
2024,Hangu,21,0.0,29.7536,27.3893,627433.0,900.0,0.0,1097.0,0.2,35,12,0,0.1450778804342656,0.2323102195903878,0.1074216618267248
2024,Haripur,21,0.0286,29.8068,34.5346,1212553.0,605.0,2.0,1725.0,0.65,22,1738,30,0.2557491668470302,0.221839049607659,0.1814398115274871
2024,Karak,21,0.0,34.3619,18.5804,853502.0,500.0,0.0,3372.0,0.2,178,350,42,0.4034266181123884,0.1478684290145093,0.4347066736501789
2024,Khyber,21,0.0,31.7808,21.2593,1193210.0,1000.0,0.0,2576.0,0.2,178,381,36,0.0544689122278918,0.2595775693562681,0.0248379572459592
2024,Kohat,21,0.0,34.37,17.5851,1200463.0,500.0,0.0,2545.0,0.65,57,57,1,0.2291601791630907,0.1856638417432059,0.0285148282143186
2024,Kohistan Lower,21,0.4286,2.0329,78.523,244203.0,1500.0,2.0,1200.0,0.2,3,259,0,0.3392023664327498,0.0451743701314822,0.1738693515834325
2024,Kohistan Upper,21,0.4286,2.0329,78.523,369931.0,2500.0,2.0,4000.0,0.2,35,733,2,0.3392023664327498,0.0451743701314822,0.1738693515834325
2024,Kolai Palas,21,0.4286,2.0329,78.523,331246.0,,,,,5,62,0,,,
2024,L & C Kurram,21,0.6429,16.8681,47.8692,604463.0,,,,,57,19,0,,,
2024,Lakki Marwat,21,0.0,33.1653,27.067,1059019.0,250.0,1.0,3164.0,0.2,215,779,28,0.7902829339712777,0.1184590409969725,0.742483195549718
2024,Malakand,21,0.0,30.9471,25.5424,870427.0,700.0,1.0,952.0,0.2,67,909,14,0.0434479025018224,0.2520309293642453,
2024,Mansehra,21,0.0429,26.5987,36.4576,1881089.0,1000.0,0.0,4579.0,0.2,514,865,29,0.1648465612704918,0.2088153888698691,0.0943763156669752
2024,Mardan,21,0.0,30.918,34.3563,2868781.0,300.0,0.0,1632.0,0.65,11,1386,6,0.1415493679426472,0.2384313780725405,0.0
2024,Mohmand,21,0.0,30.9471,25.5424,563359.0,600.0,0.0,2296.0,0.2,179,272,8,0.1702099772138193,0.1866023014080726,0.089748435596993
2024,North Waziristan,21,1.9143,14.3256,47.414,656447.0,1000.0,1.0,4707.0,0.2,0,3,7,0.1747245248228805,0.1861512553714651,0.0745578028418684
2024,Nowshera,21,0.0,32.8722,27.4322,1835149.0,280.0,2.0,1748.0,0.65,45,2808,27,0.2667640638954606,0.193344818015805,
2024,Orakzai,21,0.0429,27.4561,31.94,307067.0,1200.0,0.0,1538.0,0.2,20,53,0,0.0347531204129088,0.3625845221528492,0.0299339059606626
2024,Peshawar,21,0.0,32.5243,26.0757,5160904.0,330.0,0.0,1257.0,0.75,658,4774,34,0.1781507229069817,0.2096286384548729,
2024,SD Peshawar,21,,,,0.0,,,,,1,0,0,,,
2024,SD Tank,21,0.0,34.9821,21.64,604463.0,,,,,0,18,0,,,
2024,Shangla,21,0.6286,21.6958,34.6919,915157.0,2000.0,2.0,1586.0,0.35,433,646,31,0.0217712603567237,0.4001367898355367,0.012877544473065
2024,SWA,21,,,,0.0,,,,,168,77,15,,,
2024,Swabi,21,0.0,29.6848,40.4259,1963296.0,340.0,2.0,1543.0,0.65,935,2091,235,0.2333846882174746,0.2377447547127576,0.1116518922135234
2024,Swat,21,0.0,26.1816,40.0537,2791410.0,980.0,1.0,5337.0,0.35,110,2495,95,0.2983814475019415,0.1794375165383191,0.2440246491177385
2024,Tank,21,0.0,34.9821,21.64,472690.0,250.0,0.0,1679.0,0.2,43,212,1,0.6751571513484551,0.1280983120209766,0.5857897664071191
2024,Tor Ghar,21,0.0714,30.7073,34.2773,206726.0,,,,,150,93,10,,,
2024,Upper Kurram,21,0.6429,16.8681,47.8692,748325.0,,,,,396,347,11,,,
2024,Badin,22,0.0,34.0112,60.3737,2182111.0,9.0,1.0,6726.0,0.35,3433,2925,46,0.8427614057281473,0.1034341965977046,0.832441674919844
2024,Dadu,22,0.0,39.6899,19.4615,1873835.0,40.0,2.0,19070.0,0.35,3556,3368,255,0.4627510977932286,0.081910731565692,0.4154878127769151
2024,Ghotki,22,0.0,40.0132,17.2898,1989892.0,72.0,1.0,6083.0,0.35,1040,1186,178,0.7879174234000349,0.1075247979592368,0.7652511374486689
2024,Hyderabad,22,0.0,36.0753,49.719,2659637.0,20.0,2.0,993.0,0.75,221,1520,0,0.4427527199924034,0.1889082951587896,0.4276832685485337
2024,Jacobabad,22,0.0,40.3426,12.4887,1216179.0,55.0,0.0,2686.0,0.35,944,776,102,0.5502817110762148,0.0968160102699612,0.5942615255076528
2024,Jamshoro,22,0.0,35.8852,50.4547,1200463.0,33.0,2.0,11204.0,0.35,1692,2942,8,,,
2024,Kamber,22,0.0,40.3342,13.9729,1621170.0,50.0,0.0,5599.0,0.2,3149,1672,157,,,
2024,Central,22,0.0,32.2217,68.8544,3591719.0,10.0,0.0,69.0,0.95,51,1171,0,0.0,0.0671115229040336,0.0
2024,East,22,0.0,31.8504,71.8298,3514347.0,10.0,0.0,165.0,0.95,56,403,4,0.0829137121912787,0.096372326898545,0.0425615729798239
2024,Keamari,22,0.0,31.5987,72.9688,2215961.0,2.0,0.0,559.0,0.2,1,219,0,0.5621142041155353,0.0953665712321235,0.4349833781828458
2024,Korangi,22,0.0,31.7156,72.6069,2970331.0,8.0,0.0,95.0,0.2,19,256,0,0.0829137121912787,0.096372326898545,0.0425615729798239
2024,Malir,22,0.0,32.3419,68.8362,2428732.0,20.0,0.0,2268.0,0.75,270,1670,49,0.4590390446373243,0.0954370539423739,0.3355166225805158
2024,South,22,0.0,32.3613,66.2745,2166395.0,4.0,0.0,122.0,0.95,44,87,0,0.153941351953415,0.0851042282272784,0.1207352500553652
2024,West,22,0.0,32.2105,69.2594,4732945.0,15.0,0.0,929.0,0.75,156,944,115,0.5621142041155353,0.0953665712321235,0.4349833781828458
2024,Kashmore,22,0.0,39.8221,17.0146,1316520.0,60.0,2.0,2592.0,0.35,1169,582,149,,,
2024,Khairpur,22,0.0,39.6611,19.2172,2908676.0,53.0,2.0,15910.0,0.5,4695,2975,141,0.8324060322504142,0.0932775502719419,0.938127312881706
2024,Larkana,22,0.0,40.1827,14.9744,1842403.0,48.0,2.0,1906.0,0.5,4904,2114,0,0.505411931326339,0.0981884123223223,0.4639685795828405
2024,Matiari,22,0.0,36.9904,44.8371,930873.0,25.0,2.0,1417.0,0.2,1276,1726,31,,,
2024,Mirpurkhas,22,0.0,37.0271,45.6702,1820642.0,16.0,0.0,2925.0,0.5,1990,2137,31,,,
2024,Naushero Feroze,22,0.0,39.4426,22.6749,1948788.0,38.0,2.0,2945.0,0.2,979,616,144,0.5459334590524965,0.1584563156162094,0.5141306540883113
2024,Sanghar,22,0.0,37.1209,43.6714,2486760.0,16.0,1.0,10608.0,0.2,3312,1464,165,0.6805562697749644,0.1406972498593785,0.6681962574551118
2024,Shaheed Benazirabad,22,0.0,39.2031,28.3291,1949997.0,30.0,2.0,4502.0,0.5,1471,1848,151,0.6097522424317924,0.1628620719471509,0.5626906504574934
2024,Shikarpur,22,0.0,40.0689,15.0013,1488188.0,52.0,1.0,2512.0,0.35,1960,1233,88,0.5420576590672955,0.1142851395076012,0.8608818298037906
2024,Sujawal,22,0.0,33.1804,65.3728,945380.0,,,,,663,335,0,,,
2024,Sukkur,22,0.0,39.8416,18.5217,1798882.0,65.0,2.0,5165.0,0.75,1632,1343,21,0.7787330223203812,0.1005199679606054,0.7866435257294592
2024,Tando Allahyar,22,0.0,36.686,47.1485,1011871.0,18.0,0.0,2343.0,0.2,1563,1278,38,,,
2024,Tando Muhammad Khan,22,0.0286,35.0282,56.0907,818443.0,14.0,2.0,1733.0,0.2,1363,1150,0,,,
2024,Tharparkar,22,0.0,34.5031,55.9145,1994728.0,56.0,0.0,19638.0,0.35,1931,2088,0,0.8775012897051315,0.0683101233164033,0.8311988503975032
2024,Thatta,22,0.0,33.0542,65.8732,1184747.0,10.0,2.0,17355.0,0.35,2131,2069,70,0.7478186086310046,0.0971739383107944,0.6811486476460556
2024,Umerkot,22,0.0,36.0836,49.0382,1297177.0,12.0,0.0,5608.0,0.35,1790,1575,0,0.8413466612583885,0.1011576396658068,0.8091060689713923
2024,Awaran,22,,,,0.0,500.0,0.0,29510.0,0.2,50,8,6,0.2507398036527992,0.0542298327154922,0.2057615781853503
2024,Barkhan,22,0.0,34.6185,10.6867,206726.0,1100.0,0.0,3514.0,0.2,100,144,3,0.1825120170720589,0.1209884520527361,0.178771724577099
2024,Chagai,22,0.0,33.6316,9.1385,273217.0,919.0,0.0,44748.0,0.2,58,177,9,0.7962407145828626,0.0444157755749971,0.8462991270405731
2024,Chaman,22,,,,0.0,1340.0,0.0,1341.0,0.2,23,146,53,,,
2024,Dera Bugti,22,0.0,37.9559,11.5971,378394.0,250.0,0.0,10160.0,0.2,61,20,0,0.4096782062048442,0.081446649116039,0.4343264432133677
2024,Duki,22,,,,0.0,1100.0,0.0,4233.0,0.2,26,88,7,,,
2024,Gwadar,22,0.0,30.5253,85.4239,317947.0,12.0,0.0,12637.0,0.35,208,484,0,0.668200324051006,0.0382103323865591,0.5656798339369749
2024,Harnai,22,,,,0.0,,,,,68,91,13,,,
2024,Hub,22,0.0,32.2945,67.4753,461810.0,,,,,196,348,0,,,
2024,Jaffarabad,22,,,,621388.0,55.0,1.0,1643.0,0.2,841,432,0,0.5222527248217186,0.0880725521082278,0.5735566573514829
2024,Jhal Magsi,22,,,,180130.0,60.0,0.0,3615.0,0.2,330,312,1,0.7817316758680201,0.0957423373012503,0.7690765661459044
2024,Kachhi (Bolan),22,0.0,34.8863,8.2289,417079.0,,,,,132,109,26,,,
2024,Kalat,22,0.0,23.8408,13.6211,498077.0,2000.0,0.0,7654.0,0.2,24,59,0,0.1498496161485666,0.0997584588990708,0.1042678501533593
2024,Kech (Turbat),22,,,,1098914.0,,,,,732,498,0,,,
2024,Kharan,22,0.0,34.0732,9.442,188592.0,700.0,0.0,14958.0,0.2,48,181,9,0.6541434399474932,0.0455317311167248,0.6143986844964665
2024,Khuzdar,22,0.0,31.3618,10.6337,969559.0,1237.0,0.0,35380.0,0.2,106,100,0,0.118964644995552,0.082492230014937,0.0592314066847319
2024,Killa Abdullah,22,0.0,28.7755,10.432,915157.0,1500.0,0.0,3553.0,0.2,61,200,79,0.3666763533227172,0.0823753784491506,0.3473793720722085
2024,Killa Saifullah,22,0.0,28.6564,11.5196,413453.0,1500.0,0.0,6831.0,0.2,202,237,2,0.5100093803199827,0.0952515657738604,0.5785759445801435
2024,Kohlu,22,0.0,33.0651,10.8255,258710.0,1000.0,0.0,7610.0,0.2,165,250,6,0.1400523491137063,0.0975316810859073,0.1807411979385924
2024,Lasbella,22,0.0,31.6255,66.6296,697550.0,,,,,336,359,0,,,
2024,Loralai,22,0.0,30.1591,10.6816,479944.0,1400.0,0.0,3785.0,0.2,61,238,0,0.206075726433127,0.1197971045873013,0.1406306688244717
2024,Mastung,22,0.0,26.2956,12.0179,321574.0,1700.0,0.0,3308.0,0.2,51,200,25,0.0406718522593539,0.1086347164132626,0.0120749566513234
2024,Naseerabad,22,0.0,40.2316,13.205,592374.0,,,,,304,246,0,,,
2024,Nushki,22,0.0,31.2243,10.3396,0.0,900.0,0.0,5797.0,0.2,18,194,3,,,
2024,Panjgur,22,0.0,32.7207,10.7396,382021.0,900.0,0.0,16891.0,0.2,142,185,0,0.303302502684144,0.0511418635720496,0.298572639158442
2024,Pishin,22,0.0,26.8727,12.7143,889769.0,1550.0,0.0,6218.0,0.2,51,557,123,0.4272060250329582,0.095591508110484,0.3974950447076444
2024,Quetta,22,0.0,27.0164,12.1503,2751515.0,1680.0,0.0,3447.0,0.75,42,617,31,0.0272818004890463,0.0966631564972437,0.0187883626927491
2024,Sherani,22,,,,0.0,1500.0,0.0,2700.0,0.2,19,30,7,,,
2024,Sibi,22,0.0,39.4599,9.6257,163205.0,130.0,0.0,7121.0,0.2,329,186,29,0.1547571713690217,0.1072785104552943,0.0872497308019478
2024,Sohbat pur,22,0.0,40.0759,13.3773,241785.0,,,,,401,230,3,,,
2024,Surab,22,0.0,25.622,11.5642,0.0,,,,,9,37,30,,,
2024,Usta Muhammad,22,0.0,40.0773,11.9812,314321.0,,,,,426,722,0,,,
2024,Washuk,22,0.0,28.3619,11.2952,212771.0,700.0,0.0,33093.0,0.2,4,48,0,,,
2024,Zhob,22,0.0,29.8182,12.159,374767.0,1400.0,0.0,20297.0,0.2,73,119,0,0.4149352458884454,0.1040184385382885,0.3521658533738971
2024,Ziarat,22,,,,0.0,2400.0,0.0,3301.0,0.2,79,107,25,0.0705234240204593,0.1389329664412946,0.0611713323971705
2024,Abbottabad,22,0.0,27.5021,22.6969,1611498.0,1256.0,0.0,1967.0,0.75,250,1214,3,0.0118508944075711,0.3215389301466145,0.0135124049054478
2024,Bajaur,22,0.0,25.6235,19.4433,1321356.0,900.0,0.0,1290.0,0.2,226,832,27,,0.2438658017750422,
2024,Bannu,22,0.0,35.7987,11.6948,1410816.0,312.0,1.0,1227.0,0.2,1413,774,1,0.2793061021512291,0.1513635669899541,0.2708621152709888
2024,Battagram,22,0.0,27.1376,27.6146,575449.0,1036.0,0.0,1301.0,0.2,0,64,0,,,
2024,Buner,22,0.0,30.7607,19.9594,1084406.0,700.0,0.0,1865.0,0.35,297,542,19,0.0668126079578746,0.2959651469372091,0.028018635336372
2024,Charsadda,22,0.0,34.3469,16.7609,1953624.0,300.0,2.0,996.0,0.2,274,1407,4,,0.2491438328299763,
2024,Chitral Lower,22,0.0857,20.5973,37.6504,336081.0,1500.0,1.0,6458.0,0.35,43,361,12,0.3658332178887472,0.0289284121108691,0.2049759004334727
2024,Chitral Upper,22,0.0857,20.5973,37.6504,204308.0,2500.0,1.0,8392.0,0.2,13,127,3,0.3658332178887472,0.0289284121108691,0.2049759004334727
2024,D.I. Khan,22,0.0,36.1207,18.1765,2050338.0,,,,,319,1580,5,,,
2024,Dir Lower,22,0.0,34.0378,16.7147,1734809.0,800.0,1.0,1583.0,0.35,196,1126,8,,,
2024,Dir Upper,22,0.0714,22.1277,31.9188,1143644.0,1200.0,1.0,3699.0,0.35,124,455,25,,,
2024,Hangu,22,0.0,30.353,17.6668,627433.0,900.0,0.0,1097.0,0.2,37,20,0,0.1257155988453661,0.2300576725974727,0.1030059183048168
2024,Haripur,22,0.0,30.1524,25.2228,1212553.0,605.0,2.0,1725.0,0.65,21,1498,4,0.2158471812078838,0.2101203069110169,0.192519406483721
2024,Karak,22,0.0,35.1447,10.228,853502.0,500.0,0.0,3372.0,0.2,242,361,50,,0.1461050377602972,
2024,Khyber,22,0.0,33.757,10.1409,1193210.0,1000.0,0.0,2576.0,0.2,145,337,42,0.0495585157170892,0.2612526389740782,0.0068547471612202
2024,Kohat,22,0.0,34.709,9.489,1200463.0,500.0,0.0,2545.0,0.65,65,31,0,,0.1800847438451043,
2024,Kohistan Lower,22,0.1714,2.6478,67.2189,244203.0,1500.0,2.0,1200.0,0.2,9,195,0,0.2888191829956825,0.0754485081023515,0.2105172108038464
2024,Kohistan Upper,22,0.1714,2.6478,67.2189,369931.0,2500.0,2.0,4000.0,0.2,26,768,0,0.2888191829956825,0.0754485081023515,0.2105172108038464
2024,Kolai Palas,22,0.1714,2.6478,67.2189,3.0,,,,,5,76,0,,,
2024,L & C Kurram,22,0.0143,17.7845,31.4386,604463.0,,,,,0,9,0,,,
2024,Lakki Marwat,22,0.0,33.8358,18.4348,1059019.0,250.0,1.0,3164.0,0.2,190,685,30,0.2070168078244224,0.1205344421383867,0.169169024277913
2024,Malakand,22,0.0,32.001,14.7969,868.0,700.0,1.0,952.0,0.2,6,868,4,,0.246281893692852,
2024,Mansehra,22,0.0,27.1466,27.3878,1881089.0,1000.0,0.0,4579.0,0.2,3,803,115,0.2225300090729353,0.3236010034954501,0.0360501699059394
2024,Mardan,22,0.0,32.6663,20.6184,2868781.0,300.0,0.0,1632.0,0.65,18,868,6,0.2536024180786543,0.2366763216061062,0.1025673944532668
2024,Mohmand,22,0.0,32.001,14.7969,563359.0,600.0,0.0,2296.0,0.2,171,249,4,,0.1826994978826457,
2024,NWA,22,,,,0.0,,,,,2,20,0,,,
2024,Nowshera,22,0.0,34.0963,16.7276,1835149.0,280.0,2.0,1748.0,0.65,67,2184,9,0.3829926780312667,0.1869144988204881,0.29299748395669
2024,Orakzai,22,0.0,28.0567,21.6222,33.0,1200.0,0.0,1538.0,0.2,20,59,5,0.1734844081435461,0.3612008314184861,0.1016358050319687
2024,Peshawar,22,0.0,34.6847,13.3655,5160904.0,330.0,0.0,1257.0,0.75,53,4181,26,,0.2050465957657613,
2024,SD Peshawar,22,,,,0.0,,,,,2,11,0,,,
2024,SD Tank,22,0.0,35.699,13.6482,604463.0,,,,,38,4,0,,,
2024,Shangla,22,0.1857,21.3803,27.5966,915157.0,2000.0,2.0,1586.0,0.35,338,554,32,0.0213055090481773,0.3903711684338163,0.0121960638787792
2024,SWA,22,,,,0.0,,,,,114,84,22,,,
2024,Swabi,22,0.0,30.1735,30.33,1963296.0,340.0,2.0,1543.0,0.65,89,1955,132,0.3214007569144379,0.2263240146656416,0.2042098234687259
2024,Swat,22,0.0,27.1593,26.1164,2791410.0,980.0,1.0,5337.0,0.35,42,2918,90,0.3420532893243224,0.1794837399205578,0.270808750475667
2024,Tank,22,0.0,35.699,13.6482,472690.0,250.0,0.0,1679.0,0.2,235,459,2,0.3353327461886805,0.127199760734131,0.3209008866664524
2024,Tor Ghar,22,0.0,31.46,24.0434,206726.0,,,,,109,81,10,,,
2024,Upper Kurram,22,0.0143,17.7845,31.4386,748325.0,,,,,30,152,5,,,
2024,Badin,23,0.0,33.066,56.7739,1947081.0,9.0,1.0,6726.0,0.35,3830,2886,62,0.9206047394255172,0.0831408809423507,0.8341576747519139
2024,Dadu,23,0.1429,36.0194,43.7473,1742320.0,40.0,2.0,19070.0,0.35,4250,3255,141,0.5025172123879532,0.0638288462150741,0.4278786856181658
2024,Ghotki,23,0.2143,35.8353,39.3751,1772609.0,72.0,1.0,6083.0,0.35,1540,1074,0,0.8393538911777374,0.0889612612206157,0.7577507462460743
2024,Hyderabad,23,0.0286,33.0518,57.9188,2432540.0,20.0,2.0,993.0,0.75,452,2539,11,0.522543469598566,0.1883156555630173,0.407369654654313
2024,Jacobabad,23,0.1,36.509,35.2139,1174097.0,55.0,0.0,2686.0,0.35,974,916,74,0.9070006802150264,0.068027199986381,0.5960251756924589
2024,Jamshoro,23,0.0571,32.9569,58.4435,1117308.0,33.0,2.0,11204.0,0.35,1556,2107,34,,,
2024,Kamber,23,0.0429,37.1967,35.2058,1514869.0,50.0,0.0,5599.0,0.2,3798,1937,16,,,
2024,Karachi Central,23,,,,3822325.0,,,,,69,1480,78,0.0,-0.022625548342588,0.0
2024,Karachi East,23,,,,3950031.0,,,,,52,620,8,0.0641535071192865,0.0119021968713587,0.0539627079551033
2024,Karachi Keamari,23,,,,2068451.0,,,,,1,257,1,,,
2024,Karachi Korangi,23,,,,3128971.0,,,,,34,314,8,,,
2024,Karachi Malir,23,,,,2403959.0,,,,,362,1914,30,,,
2024,Karachi South,23,,,,2329764.0,,,,,44,87,0,0.1386214712817373,0.0454676005671543,0.1349999348644529
2024,Karachi West,23,,,,2679380.0,,,,,177,857,39,0.4699986452804129,0.0239547601063105,0.434304472245453
2024,Kashmore,23,0.3,35.5075,39.6124,1233957.0,60.0,2.0,2592.0,0.35,1290,534,4,,,
2024,Khairpur,23,0.1143,36.1935,38.8453,2597535.0,53.0,2.0,15910.0,0.5,5061,3130,390,0.9600126594926972,0.075212752218524,0.9367085008028132
2024,Larkana,23,0.1286,37.0304,35.6835,1784453.0,48.0,2.0,1906.0,0.5,5889,2006,16,0.7509822060100874,0.0763562479119011,0.4916372101317341
2024,Matiari,23,0.0286,33.6811,54.8457,849383.0,25.0,2.0,1417.0,0.2,1490,1800,3,,,
2024,Mirpurkhas,23,0.0286,33.8911,53.8698,1681386.0,16.0,0.0,2925.0,0.5,2662,2708,19,,,
2024,Naushero Feroze,23,0.0714,36.3998,40.728,1777082.0,38.0,2.0,2945.0,0.2,996,704,74,0.6846002598592558,0.1509735471930567,0.5024782762168698
2024,Sanghar,23,0.1143,34.4638,50.0325,2308465.0,16.0,1.0,10608.0,0.2,3523,1504,22,0.7350144542016644,0.1476822777406553,0.6552780672178367
2024,Shaheed Benazirabad,23,0.0143,35.5248,45.7324,1845102.0,30.0,2.0,4502.0,0.5,1556,1858,78,0.662130570651134,0.1591051968313137,0.545019608566618
2024,Shikarpur,23,0.0857,36.2328,37.3642,1386330.0,52.0,1.0,2512.0,0.35,2068,1193,6,0.9542418462326528,0.0804890078839071,0.8816852804195002
2024,Sujawal,23,0.0571,31.8006,63.3595,839292.0,,,,,860,401,0,,,
2024,Sukkur,23,0.5143,35.7312,40.2804,1639897.0,65.0,2.0,5165.0,0.75,1730,1401,5,0.854271976061497,0.0770030525824483,0.7879024957774003
2024,Tando Allahyar,23,0.0429,33.4143,55.8544,922012.0,18.0,0.0,2343.0,0.2,1556,1382,13,,,
2024,Tando Muhammad Khan,23,0.0857,32.5552,60.1642,726119.0,14.0,2.0,1733.0,0.2,1554,1385,2,,,
2024,Tharparkar,23,0.0,33.4177,53.791,1778407.0,56.0,0.0,19638.0,0.35,2095,1902,36,0.8821161427339644,0.0716532322255059,0.8427174585971654
2024,Thatta,23,0.0,31.4429,65.2511,1083191.0,10.0,2.0,17355.0,0.35,2900,2325,18,0.7534304446309659,0.06856781110281,0.6912646303402737
2024,Umerkot,23,0.0,34.5045,49.6026,1159831.0,12.0,0.0,5608.0,0.35,1864,1640,16,0.853341941917133,0.0856152977136788,0.8031956554618458
2024,Awaran,23,,,,178958.0,500.0,0.0,29510.0,0.2,49,6,5,0.2459167355565895,0.0338168321937932,0.178414968131148
2024,Barkhan,23,0.4714,31.197,32.5863,210249.0,1100.0,0.0,3514.0,0.2,114,113,0,0.2388764625794629,0.0812444802084577,0.1788010006525513
2024,Chagai,23,0.0,33.6958,9.701,269192.0,919.0,0.0,44748.0,0.2,50,167,1,0.7758862014682432,0.0400701100707763,0.7707498507078374
2024,Chaman,23,,,,466218.0,1340.0,0.0,1341.0,0.2,3,117,0,,,
2024,Dera Bugti,23,0.8857,32.9294,37.8251,355274.0,250.0,0.0,10160.0,0.2,66,36,0,0.5238104273147506,0.0538728256109387,0.4383796127024729
2024,Gwadar,23,0.0,29.4655,87.0627,305160.0,12.0,0.0,12637.0,0.35,215,562,NR,0.669323314652851,0.0244186253393782,0.6282732075374332
2024,Harnai,23,,,,127571.0,,,,,65,74,0,,,
2024,Hub,23,0.0143,30.5094,69.6046,382885.0,,,,,198,324,4,,,
2024,Jaffarabad,23,,,,594558.0,55.0,1.0,1643.0,0.2,278,224,0,0.952724577114285,0.060745629385777,0.5836156881280253
2024,Jhal Magsi,23,,,,203368.0,60.0,0.0,3615.0,0.2,367,332,1,0.7903619432847847,0.0763307874492223,0.7745602841369107
2024,Kalat,23,0.0,24.4449,15.2275,271560.0,2000.0,0.0,7654.0,0.2,29,50,0,0.1709583598369364,0.0884550316243451,0.0923110998110856
2024,Kech (Turbat),23,,,,1060931.0,,,,,121,84,NR,,,
2024,Kharan,23,0.0,34.522,11.5253,260352.0,700.0,0.0,14958.0,0.2,80,168,0,0.6595843279124453,0.0380863542887015,0.6454962238156515
2024,Khuzdar,23,0.0,30.3877,32.8441,997214.0,1237.0,0.0,35380.0,0.2,268,359,9,0.1059835586902125,0.0694329173240413,0.0602084181437348
2024,Killa Abdullah,23,0.0286,29.0388,10.2247,361971.0,1500.0,0.0,3553.0,0.2,44,177,21,0.6214549787171686,0.0743353633007286,0.3535145125480947
2024,Killa Saifullah,23,0.0,27.4972,24.3568,380200.0,1500.0,0.0,6831.0,0.2,213,203,4,0.5083404415654659,0.0823320378115272,0.4372824515997172
2024,Kohlu,23,0.6143,29.552,32.28,260220.0,1000.0,0.0,7610.0,0.2,208,261,1,0.232981116672889,0.0619650136411714,0.1777098903324197
2024,Lasbella,23,0.4571,28.9368,77.769,680977.0,,,,,329,333,NR,,,
2024,Loralai,23,0.0429,27.6683,27.9383,272432.0,1400.0,0.0,3785.0,0.2,48,176,0,0.2294713564369124,0.108675599008956,0.1871090233697574
2024,Mastung,23,0.0,26.2947,16.4611,313271.0,1700.0,0.0,3308.0,0.2,143,200,2,0.2533038269105779,0.0982268597605331,0.0159815602738104
2024,Naseerabad,23,0.3,36.8286,34.7948,563315.0,,,,,241,269,2,,,
2024,Nushki,23,0.0,31.9821,10.5144,207834.0,900.0,0.0,5797.0,0.2,39,201,0,,,
2024,Panjgur,23,0.0,31.6001,31.501,509781.0,900.0,0.0,16891.0,0.2,237,342,2,0.4071791832740227,0.0371336494011002,0.302619356937545
2024,Pishin,23,0.0143,26.4194,17.6053,835482.0,1550.0,0.0,6218.0,0.2,45,409,21,0.535455156679468,0.0883141088956736,0.3853597919325064
2024,Quetta,23,0.0,26.2971,19.2067,2595492.0,1680.0,0.0,3447.0,0.75,29,646,43,0.3630952454398396,0.0879514791296828,0.0187883626927491
2024,Sherani,23,,,,191687.0,1500.0,0.0,2700.0,0.2,21,37,15,,,
2024,Sibi,23,0.0429,36.4078,28.7598,224148.0,130.0,0.0,7121.0,0.2,47,95,4,0.1727127694312363,0.0868818243330494,0.1000628476161586
2024,Sohbat pur,23,0.0714,36.4881,36.1747,240106.0,,,,,448,278,4,,,
2024,Surab,23,0.0429,24.8187,24.2769,279038.0,,,,,8,89,0,,,
2024,Usta Muhammad,23,0.1143,37.0207,33.7362,,,,,,512,779,0,,,
2024,Washuk,23,0.0,28.4414,18.8968,302623.0,700.0,0.0,33093.0,0.2,19,108,0,,,
2024,Zhob,23,0.0,27.8227,26.7636,355692.0,1400.0,0.0,20297.0,0.2,75,117,0,0.2413515154663367,0.0742098465481303,0.1901049805453844
2024,Ziarat,23,,,,189535.0,2400.0,0.0,3301.0,0.2,72,183,0,0.1074891043043733,0.1296683347905336,0.0534914156154509
2024,Abbottabad,23,2.4714,24.0435,43.3903,1419072.0,1256.0,0.0,1967.0,0.75,28,1137,35,,0.2920195491648696,
2024,Bajaur,23,0.4714,23.1452,37.2545,,900.0,0.0,1290.0,0.2,340,1370,10,0.246260869381813,,
2024,Bannu,23,0.0571,32.4928,28.0685,1357890.0,312.0,1.0,1227.0,0.2,1401,899,18,0.5541262664797384,0.1094754456310975,0.2391495400022292
2024,Battagram,23,2.8571,23.4656,49.0688,335984.0,1036.0,0.0,1301.0,0.2,0,79,0,,,
2024,Buner,23,0.2714,27.2452,38.0178,,700.0,0.0,1865.0,0.35,314,671,0,0.1678423263423737,0.2689617591861156,0.0386746006985397
2024,Charsadda,23,0.1429,30.2513,35.9347,1835504.0,300.0,2.0,996.0,0.2,212,1679,2,0.1062246564716589,0.2510244091551937,
2024,Chitral Lower,23,0.8429,19.8181,53.1412,,1500.0,1.0,6458.0,0.35,10,390,9,0.3445538396551832,0.0005289993295128,0.1339584782925289
2024,Chitral Upper,23,0.8429,19.8181,53.1412,195528.0,2500.0,1.0,8392.0,0.2,3,94,2,0.3445538396551832,0.0005289993295128,0.1339584782925289
2024,D.I. Khan,23,0.0857,33.8204,31.2777,1829811.0,,,,,330,1461,37,,,
2024,Dir Lower,23,0.0143,30.4682,36.1272,,800.0,1.0,1583.0,0.35,232,1112,12,,,
2024,Dir Upper,23,0.7429,20.1321,47.9845,,1200.0,1.0,3699.0,0.35,9,695,77,,,
2024,Hangue,23,,,,528902.0,,,,,21,4,0,,,
2024,Haripur,23,2.5857,27.7896,41.0573,1174783.0,605.0,2.0,1725.0,0.65,17,1501,22,0.2804448242173701,0.1748319452823833,0.2361093708341303
2024,Karak,23,0.1429,31.2423,28.9762,815878.0,500.0,0.0,3372.0,0.2,219,366,12,0.4738002448244272,0.0963273117481788,
2024,Khyber,23,0.0429,29.1326,30.7187,1146267.0,1000.0,0.0,2576.0,0.2,184,258,9,0.0744271127964837,0.1554651929414411,0.0015488494039417
2024,Kohat,23,0.0714,30.926,28.6502,1234661.0,500.0,0.0,2545.0,0.65,76,49,0,0.2349146574885178,0.1555507366442921,
2024,Kohistan Lower,23,0.5286,1.5469,82.1072,340017.0,1500.0,2.0,1200.0,0.2,10,309,0,0.3187579127925181,0.1496519214715134,0.1683630753852109
2024,Kohistan Upper,23,0.5286,1.5469,82.1072,422947.0,2500.0,2.0,4000.0,0.2,7,553,0,0.3187579127925181,0.1496519214715134,0.1683630753852109
2024,Kolai Palas,23,0.5286,1.5469,82.1072,280162.0,,,,,2,98,0,,,
2024,L & C Kurram,23,2.1143,15.4976,54.9653,,,,,,1,18,0,,,
2024,Lakki Marwat,23,0.0,31.4495,33.9281,1040856.0,250.0,1.0,3164.0,0.2,211,595,13,0.8323919014338657,0.0833181820572998,0.1352361224008181
2024,Malakand,23,0.4143,28.7772,31.99,,700.0,1.0,952.0,0.2,36,1141,3,0.1252045066051692,0.226462928171612,
2024,Mansehra,23,1.5429,23.8573,45.739,1797177.0,1000.0,0.0,4579.0,0.2,2,846,4,0.26523425336822,0.2344137476095726,0.0446268816254827
2024,Mardan,23,0.1571,29.7029,36.6016,2744898.0,300.0,0.0,1632.0,0.65,23,758,10,0.1573585244264264,0.2177550267492237,0.1637003524969228
2024,Mohmand,23,0.4143,28.7772,31.99,553933.0,600.0,0.0,2296.0,0.2,188,141,2,0.2572728782362269,0.1230748053794748,
2024,NWA,23,,,,693332.0,,,,,5,27,0,,,
2024,Nowshera,23,0.0143,30.5267,36.1425,1740705.0,280.0,2.0,1748.0,0.65,121,2198,8,0.2870169597532102,0.1708134039856451,0.2844470274714371
2024,Orakzai,23,0.7857,25.7808,39.169,387561.0,1200.0,0.0,1538.0,0.2,18,66,0,0.0310869409187425,0.3183290611123609,0.0573701810935058
2024,Peshawar,23,0.1429,30.9091,32.0161,4758762.0,330.0,0.0,1257.0,0.75,56,3832,36,0.2188111033039966,0.1986734292039761,
2024,SD Peshawar,23,,,,,,,,,1,3,0,,,
2024,SD Tank,23,0.0,33.3392,27.7643,,,,,,3,0,0,,,
2024,Shangla,23,4.2857,17.1205,49.0345,,2000.0,2.0,1586.0,0.35,869,528,58,0.1571492535493212,0.385423434571665,0.0102256222454904
2024,SWA,23,,,,,,,,,173,122,0,,,
2024,Swabi,23,0.0286,27.9953,44.3239,1894600.0,340.0,2.0,1543.0,0.65,73,1837,53,0.2898953572492213,0.1968667703824141,0.225807088546777
2024,Swat,23,0.7143,24.8537,39.3961,,980.0,1.0,5337.0,0.35,42,2923,22,0.3398414038500975,0.1954486455285058,0.1956061021222261
2024,Tank,23,0.0,33.3392,27.7643,470293.0,250.0,0.0,1679.0,0.2,405,361,16,0.6497527339791035,0.1066300422869352,0.3105956202129913
2024,Tor Ghar,23,2.0,28.6903,39.6224,200445.0,,,,,164,84,4,,,
2024,Upper Kurram,23,2.1143,15.4976,54.9653,785434.0,,,,,52,250,2,,,
2024,Badin,24,0.0286,33.2308,58.4974,1947081.0,9.0,1.0,6726.0,0.35,3564,2868,64,0.8134511854211735,0.0952158456673693,0.8013374013750918
2024,Dadu,24,0.0,36.7132,42.9593,1742320.0,40.0,2.0,19070.0,0.35,2466,1984,54,0.4483715802552174,0.0722586246912715,0.4121389862791736
2024,Ghotki,24,0.0,36.6064,36.9831,1772609.0,72.0,1.0,6083.0,0.35,1230,1594,0,0.7851345657295469,0.1105062074952589,0.7543898266608294
2024,Hyderabad,24,0.0714,33.3247,58.6292,2432540.0,20.0,2.0,993.0,0.75,412,1384,14,0.3738936703119527,0.2113394730038953,0.3524268164151201
2024,Jacobabad,24,0.0,37.5988,31.7091,1174097.0,55.0,0.0,2686.0,0.35,961,808,60,0.5943237944277484,0.0828097617838402,0.6478744619427727
2024,Jamshoro,24,0.0,33.1995,59.3276,1117308.0,33.0,2.0,11204.0,0.35,1297,2184,30,,,
2024,Kamber,24,0.0,37.9184,33.6109,1514869.0,50.0,0.0,5599.0,0.2,4120,1857,17,,,
2024,Karachi Central,24,,,,3822325.0,,,,,52,1515,80,,0.0487576238053393,
2024,Karachi East,24,,,,3950031.0,,,,,51,396,1,,0.0814742579879132,
2024,Karachi Keamari,24,,,,2068451.0,,,,,2,301,1,,,
2024,Karachi Korangi,24,,,,3128971.0,,,,,25,263,4,,,
2024,Karachi Malir,24,,,,2403959.0,,,,,346,1706,31,,,
2024,Karachi South,24,,,,2329764.0,,,,,49,100,1,,0.0685936093254967,
2024,Karachi West,24,,,,2679380.0,,,,,157,1070,31,0.5665588529012836,0.0610323018180946,0.4843868775245564
2024,Kashmore,24,0.0,36.2938,37.7158,1233957.0,60.0,2.0,2592.0,0.35,1359,485,4,,,
2024,Khairpur,24,0.0,36.9489,37.298,2597535.0,53.0,2.0,15910.0,0.5,5031,3861,204,0.8021234785300688,0.0936691393704613,0.920820121569421
2024,Larkana,24,0.0,37.7304,34.7549,1784453.0,48.0,2.0,1906.0,0.5,6009,1828,10,0.480700496159445,0.0809279644813012,0.4681968194161877
2024,Matiari,24,0.1286,33.9835,55.4401,849383.0,25.0,2.0,1417.0,0.2,1506,1786,4,,,
2024,Mirpurkhas,24,0.0,34.3521,53.6744,1681386.0,16.0,0.0,2925.0,0.5,3079,2789,40,,,
2024,Naushero Feroze,24,0.0,37.0557,40.1904,1777082.0,38.0,2.0,2945.0,0.2,1099,769,55,0.4025389948603872,0.1771915030693226,0.3769566004087465
2024,Sanghar,24,0.0,34.8281,50.2613,2308465.0,16.0,1.0,10608.0,0.2,2551,1173,22,0.6156442275304498,0.1593485606453151,0.6010100806764702
2024,Shaheed Benazirabad,24,0.0,35.9784,46.7379,1845102.0,30.0,2.0,4502.0,0.5,1636,2149,82,0.4751286431476071,0.1882969928516428,0.4280186970833516
2024,Shikarpur,24,0.0,36.9444,35.5836,1386330.0,52.0,1.0,2512.0,0.35,2116,1055,2,0.5351281845160111,0.0993366112619406,0.836708971671598
2024,Sujawal,24,0.0714,32.2161,64.1868,839292.0,,,,,1182,331,1,,,
2024,Sukkur,24,0.0,36.2366,39.0876,1639897.0,65.0,2.0,5165.0,0.75,1879,1239,6,0.7408945910774478,0.1014078660371797,0.7499468648644847
2024,Tando Allahyar,24,0.0429,33.8206,55.9865,922012.0,18.0,0.0,2343.0,0.2,1766,1440,9,,,
2024,Tando Muhammad Khan,24,0.0143,32.9383,60.6574,726119.0,14.0,2.0,1733.0,0.2,758,961,8,,,
2024,Tharparkar,24,0.1,33.4739,55.8418,1778407.0,56.0,0.0,19638.0,0.35,2025,1865,31,0.8754452920797308,0.0660599925934154,0.837349678491865
2024,Thatta,24,0.0571,31.8,66.0013,1083191.0,10.0,2.0,17355.0,0.35,1527,1437,9,0.8278035005982104,0.0907903134205551,0.8172064328620618
2024,Umerkot,24,0.0286,34.6631,50.9178,1159831.0,12.0,0.0,5608.0,0.35,1410,1315,7,0.7988342215493108,0.0978289715902902,0.7635667567867737
2024,Awaran,24,,,,178958.0,500.0,0.0,29510.0,0.2,NR,NR,NR,0.3263125989637631,0.0321891424497295,0.2030801376937674
2024,Barkhan,24,0.0429,33.0622,25.7701,210249.0,1100.0,0.0,3514.0,0.2,55,139,37,0.2027254269061917,0.1071285869078729,0.1829924454756263
2024,Chagai,24,0.0,34.903,10.1597,269192.0,919.0,0.0,44748.0,0.2,66,159,13,0.7755306223404868,0.0449203960456097,0.7518630169197424
2024,Duki,24,,,,205044.0,1100.0,0.0,4233.0,0.2,58,165,18,,,
2024,Dera Bugti,24,0.0,34.8243,31.1906,355274.0,250.0,0.0,10160.0,0.2,NR,NR,NR,0.4423462052146594,0.0710671419328279,0.4664532138709413
2024,Gwadar,24,0.0,29.3515,87.9479,305160.0,12.0,0.0,12637.0,0.35,NR,NR,NR,0.6903394807335664,0.0292959134535161,0.6343146910155752
2024,Harnai,24,,,,127571.0,,,,,50,71,12,,,
2024,Hub,24,0.0714,30.9481,69.4353,382885.0,,,,,180,211,0,,,
2024,Jaffarabad,24,,,,594558.0,55.0,1.0,1643.0,0.2,893,718,15,0.5775961399361238,0.0707497188703733,0.6001166531744533
2024,Jhal Magsi,24,,,,203368.0,60.0,0.0,3615.0,0.2,350,273,3,0.7755395023298637,0.0707268418175408,0.7706849230492114
2024,Kalat,24,0.0,25.083,20.6806,271560.0,2000.0,0.0,7654.0,0.2,33,44,1,0.177230208069002,0.0759396841504412,0.1513344613093387
2024,Kharan,24,0.0,34.8699,16.1939,260352.0,700.0,0.0,14958.0,0.2,69,161,2,0.6257442780925919,0.0446364227538844,0.627072015223388
2024,Khuzdar,24,0.0,30.7464,33.5334,997214.0,1237.0,0.0,35380.0,0.2,244,316,16,0.110793571509631,0.0676277161637874,0.0674367851076115
2024,Killa Abdullah,24,0.0,31.1627,9.1254,361971.0,1500.0,0.0,3553.0,0.2,NR,NR,NR,0.5757463266513149,0.0666488837466306,0.4841482506753628
2024,Killa Saifullah,24,0.0,29.0418,19.1368,380200.0,1500.0,0.0,6831.0,0.2,221,250,13,0.4587115270248573,0.0723855902554352,0.4100014390259671
2024,Kohlu,24,0.0143,31.6401,25.7257,260220.0,1000.0,0.0,7610.0,0.2,61,59,27,0.1631853010865608,0.0847129804352274,0.1987274004417076
2024,Lasbella,24,0.5429,29.3243,77.2302,680977.0,,,,,290,306,3,,,
2024,Loralai,24,0.0,29.3311,23.029,272432.0,1400.0,0.0,3785.0,0.2,64,250,94,0.206721201674164,0.0993531049877606,0.1913897982587678
2024,Mastung,24,0.0,27.2938,17.9656,313271.0,1700.0,0.0,3308.0,0.2,99,162,9,0.2524575883414737,0.0820556723528027,0.2205811376033909
2024,Naseerabad,24,0.0,37.8706,32.2516,563315.0,,,,,144,267,1,,,
2024,Nushki,24,0.0,33.4857,11.6018,207834.0,900.0,0.0,5797.0,0.2,NR,NR,NR,,,
2024,Panjgur,24,0.0,31.4981,40.3486,509781.0,900.0,0.0,16891.0,0.2,NR,NR,NR,0.3130193707225336,0.0442548611638422,0.3087639417858235
2024,Pishin,24,0.0,27.9048,17.4826,835482.0,1550.0,0.0,6218.0,0.2,NR,NR,NR,0.417562691927767,0.0782938718694455,0.3914409556559451
2024,Quetta,24,0.0,27.5486,19.9452,2595492.0,1680.0,0.0,3447.0,0.75,10,512,21,0.3553605867408318,0.0781445727125162,0.3150227714965765
2024,Sibi,24,0.0,37.5647,24.3706,224148.0,130.0,0.0,7121.0,0.2,44,58,7,0.1554254726926381,0.08001419304879,0.0989639331581818
2024,Sohbat pur,24,0.0,37.48,33.2934,240106.0,,,,,240,193,16,,,
2024,Surab,24,0.0,25.5348,23.7811,279038.0,,,,,0,57,0,,,
2024,Usta Muhammad,24,0.0,37.9451,30.266,,,,,,393,718,10,,,
2024,Washuk,24,0.0,28.4866,28.2774,302623.0,700.0,0.0,33093.0,0.2,NR,NR,NR,,,
2024,Zhob,24,0.0,30.2584,19.1605,355692.0,1400.0,0.0,20297.0,0.2,NR,NR,NR,0.5174346826668247,0.0848229961948409,0.2487546474189627
2024,Ziarat,24,,,,189535.0,2400.0,0.0,3301.0,0.2,NR,NR,NR,0.0410958104592024,0.1099868341273405,0.0373283503460985
2024,Abbottabad,24,0.0714,28.0104,30.7585,1419072.0,1256.0,0.0,1967.0,0.75,12,853,20,0.198706126468479,0.3126246578104325,
2024,Bajaur,24,0.0,27.6783,24.6702,,900.0,0.0,1290.0,0.2,301,1104,8,0.2088296151306979,0.2167778850129165,0.1016469841323409
2024,Bannu,24,0.0,35.8479,17.6274,1357890.0,312.0,1.0,1227.0,0.2,1483,836,56,0.632389428189114,0.1255196722191961,0.6258775267963365
2024,Battagram,24,0.1857,27.6817,35.5594,335984.0,1036.0,0.0,1301.0,0.2,0,58,0,,,
2024,Buner,24,0.0,31.8818,26.6099,,700.0,0.0,1865.0,0.35,310,575,17,0.1071119535591267,0.2725591227541453,0.0520986775913151
2024,Charsadda,24,0.0,32.6043,31.9536,1835504.0,300.0,2.0,996.0,0.2,189,1591,37,0.0890607985143305,0.2523405877540352,0.0571904971454476
2024,Chitral Lower,24,0.0,24.2509,36.1686,,1500.0,1.0,6458.0,0.35,6,377,8,0.403788719473273,0.0443012229893896,0.1386718718148838
2024,Chitral Upper,24,0.0,24.2509,36.1686,195528.0,2500.0,1.0,8392.0,0.2,6,112,8,0.403788719473273,0.0443012229893896,0.1386718718148838
2024,D.I. Khan,24,0.0,36.0674,28.8731,1829811.0,,,,,371,1670,0,,,
2024,Dir Lower,24,0.0,33.4488,30.2122,,800.0,1.0,1583.0,0.35,133,1183,14,,,
2024,Dir Upper,24,0.0,23.7562,37.5216,,1200.0,1.0,3699.0,0.35,5,460,5,,,
2024,Haripur,24,0.0,31.3095,31.8903,1174783.0,605.0,2.0,1725.0,0.65,7,1194,14,0.2924585913335543,0.1878381095687293,0.2517078005337967
2024,Karak,24,0.0143,35.3807,17.5733,815878.0,500.0,0.0,3372.0,0.2,157,346,7,0.4223290468562102,0.1206045209624946,0.3697387001514434
2024,Khyber,24,0.0,32.5016,21.0862,1146267.0,1000.0,0.0,2576.0,0.2,69,107,6,0.1017071387474501,0.2487242456914288,0.0281557225281616
2024,Kohistan Lower,24,1.3429,3.5544,79.3225,340017.0,1500.0,2.0,1200.0,0.2,2,165,0,0.4525515078324577,0.1637971770433334,0.2596794555695289
2024,Kohistan Upper,24,1.3429,3.5544,79.3225,422947.0,2500.0,2.0,4000.0,0.2,56,680,14,0.4525515078324577,0.1637971770433334,0.2596794555695289
2024,Kolai Palas,24,1.3429,3.5544,79.3225,280162.0,,,,,2,91,1,,,
2024,L & C Kurram,24,0.4714,18.972,38.4612,,,,,,0,6,0,,,
2024,Lakki Marwat,24,0.0,34.3528,25.9449,1040856.0,250.0,1.0,3164.0,0.2,229,600,9,0.760690401787428,0.0972285007867762,0.7448576890888569
2024,Malakand,24,0.0,32.9299,21.8882,,700.0,1.0,952.0,0.2,21,1199,16,0.1090778716437628,0.2248104292607844,0.0262373561490216
2024,Mansehra,24,0.0,27.7338,35.317,1797177.0,1000.0,0.0,4579.0,0.2,2,487,15,0.4081186463965489,0.1963873229269483,0.0751232729013398
2024,Mardan,24,0.0,31.9847,34.0452,2744898.0,300.0,0.0,1632.0,0.65,19,1020,0,0.1606942260441657,0.2285327585353968,0.0922591422887826
2024,Mohmand,24,0.0,32.9299,21.8882,553933.0,600.0,0.0,2296.0,0.2,177,259,16,0.2108084183005314,0.1536120853173063,0.136986221478133
2024,Nowshera,24,0.0,33.5073,30.2276,1740705.0,280.0,2.0,1748.0,0.65,78,2118,8,0.2917158072135586,0.17461455611655,0.206819640678014
2024,Orakzai,24,0.0143,29.4817,25.3817,387561.0,1200.0,0.0,1538.0,0.2,11,12,0,0.0565679046691705,0.3427541239161709,0.0100908859362127
2024,Peshawar,24,0.0143,33.5772,27.6835,4758762.0,330.0,0.0,1257.0,0.75,46,3050,42,0.1668321868773952,0.198275140826515,0.1260937167108131
2024,SD Peshawar,24,,,,,,,,,0,1,0,,,
2024,SD Tank,24,0.0,36.033,19.545,,,,,,4,13,0,,,
2024,Shangla,24,0.1143,22.1789,34.7657,,2000.0,2.0,1586.0,0.35,85,693,1,0.0416644163096584,0.3772982897366688,0.0152228666470377
2024,SWA,24,,,,,,,,,34,56,2,,,
2024,Swabi,24,0.0,30.8238,39.4927,1894600.0,340.0,2.0,1543.0,0.65,59,1341,33,0.3899526860063869,0.2151388631625832,0.2539387061902063
2024,Swat,24,0.0,28.576,31.3467,,980.0,1.0,5337.0,0.35,53,2655,24,0.3636659641637182,0.1736539508514473,0.1957200391494891
2024,Tank,24,0.0,36.033,19.545,470293.0,250.0,0.0,1679.0,0.2,113,281,1,,0.1108322286262724,
2024,Tor Ghar,24,0.0,32.0606,31.8154,200445.0,,,,,145,109,16,,,
2024,Upper Kurram,24,0.4714,18.972,38.4612,785434.0,,,,,30,285,16,,,
2024,Badin,25,0.2,33.9186,58.8952,1947081.0,9.0,1.0,6726.0,0.35,2372,2496,47,0.9378375620725248,,0.8705601683960824
2024,Dadu,25,0.0,37.2042,41.2584,1742320.0,40.0,2.0,19070.0,0.35,2498,2318,113,0.5054266826984412,0.0575087677835787,0.4276796883024785
2024,Ghotki,25,0.9429,35.6692,46.5058,1772609.0,72.0,1.0,6083.0,0.35,1022,1171,0,0.6909298255095142,0.0577051806083274,0.6699814760866593
2024,Hyderabad,25,0.0143,34.3446,56.8493,2432540.0,20.0,2.0,993.0,0.75,229,1446,10,0.4253834948015728,,0.3374826718982771
2024,Jacobabad,25,0.8714,36.3405,43.9862,1174097.0,55.0,0.0,2686.0,0.35,533,537,47,0.862792932239817,0.0816503607012081,0.5645006930868343
2024,Jamshoro,25,0.1143,34.2316,57.5044,1117308.0,33.0,2.0,11204.0,0.35,1054,2087,25,,,
2024,Kamber,25,0.0143,37.6812,38.7742,1514869.0,50.0,0.0,5599.0,0.2,2464,1358,21,,,
2024,Karachi Central,25,,,,3822325.0,,,,,24,790,47,0.0,0.0642222763546018,
2024,Karachi East,25,,,,3950031.0,,,,,22,150,4,0.0733680448509346,0.0891417703673778,
2024,Karachi Keamari,25,,,,2068451.0,,,,,0,138,0,,,
2024,Karachi Korangi,25,,,,3128971.0,,,,,10,100,2,,,
2024,Karachi Malir,25,,,,2403959.0,,,,,215,981,13,,,
2024,Karachi South,25,,,,2329764.0,,,,,21,31,0,0.1360160493987989,0.0640772634716151,
2024,Karachi West,25,,,,2679380.0,,,,,91,852,32,0.5091036208907236,0.0825150162359976,0.5307269231342506
2024,Kashmore,25,0.7429,34.9878,48.6894,1233957.0,60.0,2.0,2592.0,0.35,912,398,7,,,
2024,Khairpur,25,0.0429,36.7379,42.8684,2597535.0,53.0,2.0,15910.0,0.5,3547,2002,164,0.6764641072280824,0.0456608175036378,0.6443215521147267
2024,Larkana,25,0.0571,37.2688,40.7932,1784453.0,48.0,2.0,1906.0,0.5,3069,1040,1,0.7413975389260421,0.078147229685675,0.467111565096151
2024,Matiari,25,0.2,34.7933,54.4222,849383.0,25.0,2.0,1417.0,0.2,871,1285,4,,,
2024,Mirpurkhas,25,0.0286,35.1452,52.8935,1681386.0,16.0,0.0,2925.0,0.5,1665,1607,14,,,
2024,Naushero Feroze,25,0.0429,36.7873,43.6075,1777082.0,38.0,2.0,2945.0,0.2,1080,667,58,0.498383692668822,0.1877849276633899,0.355295516757441
2024,Sanghar,25,0.2,35.2858,51.649,2308465.0,16.0,1.0,10608.0,0.2,2082,1171,14,0.2727134311046236,0.104034999921723,0.226364655508164
2024,Shaheed Benazirabad,25,0.0,36.3715,45.8125,1845102.0,30.0,2.0,4502.0,0.5,901,1589,79,0.5304110586375649,0.1679434847810083,0.4435943284812117
2024,Shikarpur,25,0.4,36.0784,44.5462,1386330.0,52.0,1.0,2512.0,0.35,1132,860,2,0.8491311674305742,,0.5079738473982202
2024,Sujawal,25,0.0857,33.0325,64.3474,839292.0,,,,,1279,1188,0,,,
2024,Sukkur,25,0.0857,35.9265,45.3881,1639897.0,65.0,2.0,5165.0,0.75,1045,1105,4,0.6125221432299063,0.0359143406216627,0.5662463982154688
2024,Tando Allahyar,25,0.0,34.9215,53.9448,922012.0,18.0,0.0,2343.0,0.2,799,1203,7,,,
2024,Tando Muhammad Khan,25,0.1714,34.3436,57.7813,726119.0,14.0,2.0,1733.0,0.2,803,917,1,,,
2024,Tharparkar,25,0.0,34.2004,55.7773,1778407.0,56.0,0.0,19638.0,0.35,1570,1497,29,0.912250467359898,0.0388949842322106,0.9078169690750504
2024,Thatta,25,0.2,32.778,65.3205,1083191.0,10.0,2.0,17355.0,0.35,905,1660,18,0.762373418705634,0.0828958330773399,0.8173358500852913
2024,Umerkot,25,0.1429,34.9851,52.1874,1159831.0,12.0,0.0,5608.0,0.35,1158,1222,14,0.997174903806642,0.0801818292994025,0.997174903806642
2024,Awaran,25,,,,178958.0,500.0,0.0,29510.0,0.2,37,9,2,0.2644387104606902,0.0455485010590354,0.2087912423668411
2024,Barkhan,25,1.0571,31.6208,42.8232,210249.0,1100.0,0.0,3514.0,0.2,48,108,47,0.2310914266326789,,0.1764449485982641
2024,Chagai,25,0.0,34.9339,12.2421,269192.0,919.0,0.0,44748.0,0.2,35,101,15,0.730820613798148,0.0369166253046843,0.7003644433264947
2024,Chaman,25,,,,466218.0,1340.0,0.0,1341.0,0.2,22,66,21,,,
2024,Dera Bugti,25,0.3571,33.0713,48.1342,355274.0,250.0,0.0,10160.0,0.2,112,68,22,0.4448481683764279,0.0601100251927161,0.4074126555366211
2024,Duki,25,,,,205044.0,1100.0,0.0,4233.0,0.2,13,123,15,,,
2024,Gwadar,25,0.0,30.3994,83.3427,305160.0,12.0,0.0,12637.0,0.35,120,248,20,0.7029264095675242,0.033179807853421,0.6781692727125563
2024,Harnai,25,,,,127571.0,,,,,31,62,2,,,
2024,Hub,25,0.0571,31.5692,70.8269,382885.0,,,,,134,291,3,,,
2024,Jaffarabad,25,,,,594558.0,55.0,1.0,1643.0,0.2,244,161,2,0.9422542087319647,0.079867659586226,0.5652430953283589
2024,Jhal Magsi,25,,,,203368.0,60.0,0.0,3615.0,0.2,307,154,7,0.7928894522842486,0.0763459559887777,0.7720299085812
2024,Kalat,25,0.0,25.1521,24.9702,271560.0,2000.0,0.0,7654.0,0.2,30,52,4,0.1632555960938241,0.0832441984259478,0.1454567799676279
2024,Kech (Turbat),25,,,,1060931.0,,,,,351,320,3,,,
2024,Kharan,25,0.0,35.4779,13.6461,260352.0,700.0,0.0,14958.0,0.2,28,113,1,0.651116868759151,0.0383995792520546,0.6203200372344743
2024,Khuzdar,25,0.5571,31.0047,29.4807,997214.0,1237.0,0.0,35380.0,0.2,205,266,22,0.1158382590297131,0.0766481921223193,0.0755576991485093
2024,Killa Abdullah,25,0.0,30.9144,14.8088,361971.0,1500.0,0.0,3553.0,0.2,44,130,42,0.6080456226652718,0.0682701189467773,0.4785476377941702
2024,Killa Saifullah,25,0.5429,28.096,30.2132,380200.0,1500.0,0.0,6831.0,0.2,119,153,16,0.5217162586214593,0.0747260390589932,0.4218950161416138
2024,Kohlu,25,1.3571,30.271,43.1425,260220.0,1000.0,0.0,7610.0,0.2,92,169,38,0.1686372510342567,0.0729990595212665,0.1409969681172386
2024,Lasbella,25,0.2571,30.8538,73.0485,680977.0,,,,,202,259,3,,,
2024,Loralai,25,1.1571,28.5216,35.2258,272432.0,1400.0,0.0,3785.0,0.2,39,179,14,0.2078156520487456,0.1044036670777213,0.1763130310107931
2024,Mastung,25,0.0,27.1759,27.3498,313271.0,1700.0,0.0,3308.0,0.2,74,252,14,0.2401338534913914,0.0894137456554518,0.2143000522697595
2024,Naseerabad,25,0.8143,37.0843,41.0046,563315.0,,,,,134,205,26,,,
2024,Panjgur,25,0.0,32.9097,21.1018,509781.0,900.0,0.0,16891.0,0.2,127,141,1,0.4033964680700213,0.0405080281754728,0.3025567843576056
2024,Pishin,25,0.0,28.3197,22.7891,835482.0,1550.0,0.0,6218.0,0.2,19,282,42,0.5356074659623538,0.0797111919080674,0.3919495377175724
2024,Quetta,25,0.0286,27.6745,26.2768,2595492.0,1680.0,0.0,3447.0,0.75,33,343,32,0.3463041200923445,0.0800205085404345,0.307248011272847
2024,Sherani,25,,,,191687.0,1500.0,0.0,2700.0,0.2,16,17,8,,,
2024,Sibi,25,0.5857,36.6944,39.384,224148.0,130.0,0.0,7121.0,0.2,31,86,7,0.1969951265963236,0.0834699102972169,0.1476921057360708
2024,Sohbat pur,25,0.2143,36.5604,43.219,240106.0,,,,,198,185,21,,,
2024,Surab,25,0.1143,25.3062,31.8252,279038.0,,,,,56,59,39,,,
2024,Usta Muhammad,25,0.7857,37.3785,39.1576,,,,,,336,605,11,,,
2024,Washuk,25,0.0,28.6652,21.1432,302623.0,700.0,0.0,33093.0,0.2,7,32,0,,,
2024,Zhob,25,1.1429,28.2974,38.5974,355692.0,1400.0,0.0,20297.0,0.2,57,168,9,0.3860165579828218,0.069254272818728,0.4115022069571459
2024,Ziarat,25,,,,189535.0,2400.0,0.0,3301.0,0.2,38,92,13,0.0755613816578166,0.1172061988910165,0.0372571587323636
2024,Abbottabad,25,1.3571,27.2054,39.9491,1419072.0,1256.0,0.0,1967.0,0.75,17,647,18,0.0960098789759261,0.337796372764346,0.0114830803153745
2024,Bajaur,25,1.3,26.4625,35.1523,,900.0,0.0,1290.0,0.2,197,611,25,,0.1995105490722971,
2024,Bannu,25,0.4,34.5749,29.3718,1357890.0,312.0,1.0,1227.0,0.2,1039,626,50,0.5055332404295438,,0.6144418586120579
2024,Battagram,25,1.0143,27.0115,44.3896,335984.0,1036.0,0.0,1301.0,0.2,0,48,0,,,
2024,Buner,25,0.2,30.6523,35.2675,,700.0,0.0,1865.0,0.35,254,534,19,0.1174002539619186,0.2494756218562356,0.0383791500161743
2024,Charsadda,25,0.1286,33.2802,33.1348,1835504.0,300.0,2.0,996.0,0.2,119,706,34,,0.2641585456832666,
2024,Chitral Lower,25,0.2429,23.1226,49.4353,,1500.0,1.0,6458.0,0.35,15,444,8,0.3730066822948239,-0.013973465706387,0.2632587081567952
2024,Chitral Upper,25,0.2429,23.1226,49.4353,195528.0,2500.0,1.0,8392.0,0.2,3,129,11,0.3730066822948239,-0.013973465706387,0.2632587081567952
2024,D.I. Khan,25,2.7286,34.9862,40.4713,1829811.0,,,,,195,831,11,,,
2024,Dir Lower,25,0.4286,33.6935,34.5059,,800.0,1.0,1583.0,0.35,116,1204,45,,,
2024,Dir Upper,25,0.4,23.3815,44.9308,,1200.0,1.0,3699.0,0.35,23,725,13,,,
2024,Hangu,25,0.9286,30.7187,32.4579,528902.0,900.0,0.0,1097.0,0.2,13,2,0,0.1652867222303084,0.17329134713507,0.0975029667752065
2024,Haripur,25,0.5429,31.358,36.6027,1174783.0,605.0,2.0,1725.0,0.65,22,962,26,0.2380750547631037,0.1834961726851834,0.1951514936810505
2024,Karak,25,0.1429,34.1685,27.6799,815878.0,500.0,0.0,3372.0,0.2,109,254,2,0.5456459106806414,0.1842759131297017,0.4313989125734452
2024,Khyber,25,1.7143,32.088,28.5955,1146267.0,1000.0,0.0,2576.0,0.2,132,196,15,0.0666297555177036,0.2213369378524385,0.0284280088186026
2024,Kohistan Lower,25,2.3429,3.8606,86.4789,340017.0,1500.0,2.0,1200.0,0.2,1,112,0,0.3482665958153438,0.1770929656062255,0.1311820513873232
2024,Kohistan Upper,25,2.3429,3.8606,86.4789,422947.0,2500.0,2.0,4000.0,0.2,18,262,5,0.3482665958153438,0.1770929656062255,0.1311820513873232
2024,Kolai Palas,25,2.3429,3.8606,86.4789,280162.0,,,,,5,50,2,,,
2024,L & C Kurram,25,2.3571,18.036,52.6906,,,,,,13,26,1,,,
2024,Lakki Marwat,25,2.6571,33.393,39.051,1040856.0,250.0,1.0,3164.0,0.2,139,437,8,0.8288907235342685,,0.7481360624405615
2024,Malakand,25,0.3857,32.2087,28.8585,,700.0,1.0,952.0,0.2,37,1446,18,,0.2027734107476584,
2024,Mansehra,25,0.6714,27.2353,42.4768,1797177.0,1000.0,0.0,4579.0,0.2,0,783,19,0.2981743541621862,0.2227924404491517,0.1258559375497639
2024,Mardan,25,0.0429,32.4704,36.0319,2744898.0,300.0,0.0,1632.0,0.65,23,729,0,0.0018256251383049,0.1718518042080659,0.0
2024,Mohmand,25,0.3857,32.2087,28.8585,553933.0,600.0,0.0,2296.0,0.2,124,101,3,0.4680471260264192,0.1385887147296446,0.2180471260264192
2024,NWA,25,,,,693332.0,,,,,5,27,3,,,
2024,Nowshera,25,0.4286,33.752,34.5211,1740705.0,280.0,2.0,1748.0,0.65,53,1086,16,,0.1613219902160428,
2024,Orakzai,25,1.1429,28.7885,35.3594,387561.0,1200.0,0.0,1538.0,0.2,8,121,0,0.1051952310848241,0.3352602982223005,0.0310763713605245
2024,Peshawar,25,0.3143,33.6505,31.1465,4758762.0,330.0,0.0,1257.0,0.75,28,1937,25,,0.2020052421768777,
2024,SD Peshawar,25,,,,,,,,,0,0,0,,,
2024,SD Tank,25,1.3571,34.7699,33.4377,,,,,,21,17,0,,,
2024,Shangla,25,2.0,20.7384,46.5951,,2000.0,2.0,1586.0,0.35,401,887,13,0.1705798182967882,0.3746857321915439,0.010025525860626
2024,SWA,25,,,,,,,,,184,103,60,,,
2024,Swabi,25,0.2143,31.139,42.5091,1894600.0,340.0,2.0,1543.0,0.65,59,1617,20,0.1600712192802987,0.1955557244944888,0.137214850752734
2024,Swat,25,0.9571,28.2272,38.4556,,980.0,1.0,5337.0,0.35,41,2820,23,0.2853072809622727,0.255503135346398,0.2096982152991674
2024,Tank,25,1.3571,34.7699,33.4377,470293.0,250.0,0.0,1679.0,0.2,380,250,50,0.6101537861057689,0.1141918353223648,
2024,Tor Ghar,25,0.3714,32.1903,35.9346,200445.0,,,,,83,118,3,,,
2024,Upper Kurram,25,2.3571,18.036,52.6906,785434.0,,,,,25,201,7,,,
2024,Badin,26,1.4857,34.0469,62.0764,1947081.0,9.0,1.0,6726.0,0.35,3555,2722,90,0.8693770947755116,0.0750476635445668,0.917733927944291
2024,Dadu,26,0.0,37.9331,37.9941,1742320.0,40.0,2.0,19070.0,0.35,3914,2971,79,0.411128652695689,0.0614941006342943,0.3977404069851596
2024,Ghotki,26,0.0,37.5888,41.0263,1772609.0,72.0,1.0,6083.0,0.35,1696,1197,0,0.7945843523190516,0.170940122021118,0.6721786881394777
2024,Hyderabad,26,0.2,35.8348,51.1047,2432540.0,20.0,2.0,993.0,0.75,272,1673,10,0.3928103400900436,0.2007419206027825,0.3602311599156703
2024,Jacobabad,26,0.0,38.0506,37.611,1174097.0,55.0,0.0,2686.0,0.35,886,774,50,0.7888444362180286,0.074630394503508,0.7314304494231944
2024,Jamshoro,26,0.3,35.704,51.6568,1117308.0,33.0,2.0,11204.0,0.35,1514,1997,50,,,
2024,Kamber,26,0.0,38.7982,34.3357,1514869.0,50.0,0.0,5599.0,0.2,4083,1951,31,,,
2024,Karachi Central,26,,,,3822325.0,,,,,73,1548,101,,0.0531940623250148,
2024,Karachi East,26,,,,3950031.0,,,,,51,414,10,,0.0810926852916705,
2024,Karachi Keamari,26,,,,2068451.0,,,,,2,329,3,,,
2024,Karachi Korangi,26,,,,3128971.0,,,,,36,253,5,,,
2024,Karachi Malir,26,,,,2403959.0,,,,,392,1734,34,,,
2024,Karachi South,26,,,,2329764.0,,,,,36,93,0,,0.0601048013400842,
2024,Karachi West,26,,,,2679380.0,,,,,144,1171,35,0.5494553116454223,0.0795773236735981,0.5137404922368837
2024,Kashmore,26,0.0,36.8143,43.8974,1233957.0,60.0,2.0,2592.0,0.35,1438,461,5,,,
2024,Khairpur,26,0.0,38.0614,38.4851,2597535.0,53.0,2.0,15910.0,0.5,5076,3483,182,0.7893309008223873,0.1387166848325905,0.6378713121819696
2024,Larkana,26,0.0,38.5557,35.7867,1784453.0,48.0,2.0,1906.0,0.5,6576,2003,14,0.6828816529055907,0.0798562658130792,0.6593646515575983
2024,Matiari,26,0.3,35.9817,50.1256,849383.0,25.0,2.0,1417.0,0.2,1414,1956,5,,,
2024,Mirpurkhas,26,0.9143,35.5527,53.3746,1681386.0,16.0,0.0,2925.0,0.5,1823,2172,30,,,
2024,Naushero Feroze,26,0.0,37.6123,39.9053,1777082.0,38.0,2.0,2945.0,0.2,1151,975,73,0.3142216965750433,0.2211124530363086,0.292029338136065
2024,Sanghar,26,1.2571,35.3349,54.5348,2308465.0,16.0,1.0,10608.0,0.2,2684,1290,32,0.6253430902760106,0.254033342333157,0.2412947351670543
2024,Shaheed Benazirabad,26,0.0857,37.265,42.2673,1845102.0,30.0,2.0,4502.0,0.5,1539,2013,83,0.4506974890227872,0.1992090678370619,0.4294508573234881
2024,Shikarpur,26,0.0,37.7168,39.2236,1386330.0,52.0,1.0,2512.0,0.35,2147,1246,1,0.7222700772965022,0.0946374681886829,0.6727375977352382
2024,Sujawal,26,2.3857,33.631,64.9824,839292.0,,,,,1114,233,1,,,
2024,Sukkur,26,0.0,37.3857,41.147,1639897.0,65.0,2.0,5165.0,0.75,1953,1430,7,0.7409948273220494,0.1439302225021266,0.5730203693834206
2024,Tando Allahyar,26,1.3,35.6542,52.7007,922012.0,18.0,0.0,2343.0,0.2,1472,1363,21,,,
2024,Tando Muhammad Khan,26,1.9143,34.8948,57.6069,726119.0,14.0,2.0,1733.0,0.2,1495,1199,2,,,
2024,Tharparkar,26,3.5571,33.176,66.0773,1778407.0,56.0,0.0,19638.0,0.35,2291,2075,34,0.8405056071078987,0.0958241848273065,0.8921815707566776
2024,Thatta,26,0.6571,33.4468,65.1972,1083191.0,10.0,2.0,17355.0,0.35,1825,1713,24,0.9283324517012714,0.0873669816910642,0.9166009141471396
2024,Umerkot,26,2.0429,34.4619,58.6473,1159831.0,12.0,0.0,5608.0,0.35,1870,1828,35,0.7881452684928976,,0.997174903806642
2024,Awaran,26,,,,178958.0,500.0,0.0,29510.0,0.2,36,55,0,0.3599797961150279,0.0469298110549341,0.2101918968868663
2024,Barkhan,26,0.1,33.2655,39.0234,210249.0,1100.0,0.0,3514.0,0.2,49,106,0,0.2895322578292309,0.1197956898687767,0.2180768638936585
2024,Chagai,26,0.0,36.2792,17.2716,269192.0,919.0,0.0,44748.0,0.2,66,152,0,0.8409776941150167,0.0382147024925645,0.7794664941711149
2024,Chaman,26,,,,466218.0,1340.0,0.0,1341.0,0.2,23,107,0,,,
2024,Dera Bugti,26,0.0714,35.8205,38.2632,355274.0,250.0,0.0,10160.0,0.2,74,38,0,0.4835076942290421,0.0644948760030342,0.4250814972338526
2024,Duki,26,,,,205044.0,1100.0,0.0,4233.0,0.2,32,158,0,,,
2024,Gwadar,26,0.0,30.0131,88.2014,305160.0,12.0,0.0,12637.0,0.35,190,998,2,0.6581710452815349,0.0285930709359999,0.6196264156028016
2024,Harnai,26,,,,127571.0,,,,,67,83,1,,,
2024,Hub,26,0.4,32.7112,66.7424,382885.0,,,,,73,106,0,,,
2024,Jaffarabad,26,,,,594558.0,55.0,1.0,1643.0,0.2,298,282,0,0.7798656417522197,0.0695993578436216,0.7597566251679981
2024,Jhal Magsi,26,,,,203368.0,60.0,0.0,3615.0,0.2,437,321,0,0.7875790590304588,0.0759458891674271,0.7833557665593675
2024,Kalat,26,0.0,26.4866,31.1949,271560.0,2000.0,0.0,7654.0,0.2,38,48,1,0.171290649668098,0.0768653540439799,0.1447027202505719
2024,Kech (Turbat),26,,,,1060931.0,,,,,588,505,NR,,,
2024,Kharan,26,0.0,36.7916,20.1605,260352.0,700.0,0.0,14958.0,0.2,62,176,0,0.6392673004016851,0.0348121031081583,0.626940829313003
2024,Khuzdar,26,0.0,31.7615,36.0828,997214.0,1237.0,0.0,35380.0,0.2,308,455,2,0.1157921466619638,0.071591324994934,0.0739575503839707
2024,Killa Abdullah,26,0.0,32.4025,17.5796,361971.0,1500.0,0.0,3553.0,0.2,42,166,30,0.5925131310769609,0.0628790644674375,0.4869732011356894
2024,Killa Saifullah,26,0.0,29.3892,36.3337,380200.0,1500.0,0.0,6831.0,0.2,227,269,3,0.5256078291694222,0.0708970641544162,0.4498387710440154
2024,Kohlu,26,0.1143,31.405,41.1997,260220.0,1000.0,0.0,7610.0,0.2,190,274,1,0.1905855809502701,0.0836686801804325,0.1528147504662741
2024,Lasbella,26,0.1857,31.6457,70.5474,680977.0,,,,,302,434,1,,,
2024,Loralai,26,0.0286,29.4064,39.8107,272432.0,1400.0,0.0,3785.0,0.2,68,245,0,0.2586723843096267,0.0953183013478749,0.1957133770315743
2024,Mastung,26,0.0,28.4229,33.2995,313271.0,1700.0,0.0,3308.0,0.2,96,226,4,0.2539608916743497,0.0839882702620317,0.2149606490608011
2024,Naseerabad,26,0.0,38.506,35.4296,563315.0,,,,,172,287,3,,,
2024,Nushki,26,0.0,34.749,18.9811,207834.0,900.0,0.0,5797.0,0.2,80,238,0,,,
2024,Panjgur,26,0.0,33.4126,30.7887,509781.0,900.0,0.0,16891.0,0.2,200,254,0,0.428041947679282,0.0374744977067804,0.3932251069052631
2024,Pishin,26,0.0,29.8465,28.3476,835482.0,1550.0,0.0,6218.0,0.2,54,386,18,0.4363282803971211,0.0758813262902672,0.4065255046987891
2024,Quetta,26,0.0,28.7191,33.7503,2595492.0,1680.0,0.0,3447.0,0.75,34,599,44,0.359449091422839,0.0756284854964981,0.3080537434464853
2024,Sherani,26,,,,191687.0,1500.0,0.0,2700.0,0.2,14,42,16,,,
2024,Sibi,26,0.0,38.6905,33.5604,224148.0,130.0,0.0,7121.0,0.2,67,75,1,0.1792882079260008,0.0854262821719381,0.1612044228383377
2024,Sohbat pur,26,0.0,38.1494,37.1432,240106.0,,,,,330,268,4,,,
2024,Surab,26,0.0,26.3041,38.4438,279038.0,,,,,113,70,0,,,
2024,Usta Muhammad,26,0.0,38.8341,33.7288,,,,,,542,735,0,,,
2024,Washuk,26,0.0,29.5369,32.0783,302623.0,700.0,0.0,33093.0,0.2,0,59,0,,,
2024,Zhob,26,0.0,29.7744,39.1541,355692.0,1400.0,0.0,20297.0,0.2,71,213,0,0.5821980891368034,0.0786639112425004,0.3749666547474279
2024,Ziarat,26,,,,189535.0,2400.0,0.0,3301.0,0.2,67,217,1,0.0492196044968897,0.1142993923346119,0.0414249878309429
2024,Abbottabad,26,0.9143,28.0694,50.1756,1419072.0,1256.0,0.0,1967.0,0.75,155,1187,18,0.1516768628141367,,0.0602819711573727
2024,Bajaur,26,0.1571,28.1137,41.2632,,900.0,0.0,1290.0,0.2,251,1367,16,0.1259854352524681,0.2034038425137335,
2024,Bannu,26,0.0,35.6717,36.0496,1357890.0,312.0,1.0,1227.0,0.2,1654,955,74,0.5085661197588,0.1234696331515178,0.4483382414808585
2024,Battagram,26,1.3571,28.3085,52.2042,335984.0,1036.0,0.0,1301.0,0.2,157,133,0,,,
2024,Buner,26,0.2571,31.7294,44.3726,,700.0,0.0,1865.0,0.35,345,688,4,0.0425359044056202,0.2508858412272531,0.0235411003621666
2024,Charsadda,26,0.0,34.4085,40.3975,1835504.0,300.0,2.0,996.0,0.2,195,1270,86,0.0565882351968422,0.268732754014753,
2024,Chitral Lower,26,0.3,26.5628,42.0141,,1500.0,1.0,6458.0,0.35,22,594,9,0.2072249432168103,0.0080425059027582,0.1307175838775804
2024,Chitral Upper,26,0.3,26.5628,42.0141,195528.0,2500.0,1.0,8392.0,0.2,6,206,19,0.2072249432168103,0.0080425059027582,0.1307175838775804
2024,D.I. Khan,26,0.1571,36.0642,42.8412,1829811.0,,,,,330,1216,0,,,
2024,Dir Lower,26,0.2571,34.8208,41.8275,,800.0,1.0,1583.0,0.35,199,1870,64,,,
2024,Dir Upper,26,0.1143,25.6946,49.5526,,1200.0,1.0,3699.0,0.35,14,928,0,,,
2024,Hangu,26,0.0429,32.0866,38.9305,528902.0,900.0,0.0,1097.0,0.2,18,129,0,0.1515897218759813,0.1928077464052883,0.1193894521342213
2024,Haripur,26,0.1286,32.5568,45.2988,1174783.0,605.0,2.0,1725.0,0.65,19,1189,16,0.2570214259765651,,0.1905410268992395
2024,Karak,26,0.0286,35.3411,34.6216,815878.0,500.0,0.0,3372.0,0.2,192,297,4,0.4391432684830895,0.1120406126347614,0.4515772336354151
2024,Khyber,26,0.0,33.2835,36.1054,1146267.0,1000.0,0.0,2576.0,0.2,234,333,67,0.0417211572198654,0.2079361966668455,0.0169827939797073
2024,Kohat,26,0.0143,35.2525,33.502,1234661.0,500.0,0.0,2545.0,0.65,59,178,3,0.2211739540412714,0.1421081107467584,0.0329002710533694
2024,Kohistan Lower,26,3.2714,7.469,80.9829,340017.0,1500.0,2.0,1200.0,0.2,12,150,0,0.2499907912452853,0.1632373482690768,0.0951436420334093
2024,Kohistan Upper,26,3.2714,7.469,80.9829,422947.0,2500.0,2.0,4000.0,0.2,28,483,28,0.2499907912452853,0.1632373482690768,0.0951436420334093
2024,Kolai Palas,26,3.2714,7.469,80.9829,280162.0,,,,,3,83,7,,,
2024,L & C Kurram,26,0.3429,19.6035,59.7136,,,,,,75,87,11,,,
2024,Lakki Marwat,26,0.0,34.6337,42.7923,1040856.0,250.0,1.0,3164.0,0.2,227,578,14,0.8060143650796712,0.0910215054628573,0.763975179271973
2024,Malakand,26,0.0286,33.0326,37.612,,700.0,1.0,952.0,0.2,37,1126,18,0.0450063728478318,0.2131348289998194,
2024,Mansehra,26,0.2143,28.316,51.5987,1797177.0,1000.0,0.0,4579.0,0.2,13,1216,15,0.1842086534803612,0.0708193723603962,0.1138320891730545
2024,Mardan,26,0.0,33.7469,43.1122,2744898.0,300.0,0.0,1632.0,0.65,25,729,0,0.10010046821424,0.22320388022977,0.0
2024,Mohmand,26,0.0286,33.0326,37.612,553933.0,600.0,0.0,2296.0,0.2,186,276,11,0.1519697869825605,0.1383700816123324,0.1024187790074973
2024,North Waziristan,26,1.9714,16.5395,61.4106,693332.0,1000.0,1.0,4707.0,0.2,21,20,10,0.1515517654383389,0.1603226367369135,0.0626768290364207
2024,Nowshera,26,0.2571,34.8793,41.8423,1740705.0,280.0,2.0,1748.0,0.65,69,2233,21,0.2347609551936768,0.1603119068576242,
2024,Orakzai,26,0.2,30.173,42.4037,387561.0,1200.0,0.0,1538.0,0.2,41,88,7,0.0338715096821564,0.3356836103033845,0.0274142965709236
2024,Peshawar,26,0.0,35.1576,36.5918,4758762.0,330.0,0.0,1257.0,0.75,82,3879,74,0.1474523088546204,0.2049346468322678,
2024,SD Peshawar,26,,,,,,,,,0,4,0,,,
2024,SD Tank,26,0.0,35.7565,38.5162,,,,,,47,22,0,,,
2024,Shangla,26,2.0714,22.3756,53.4359,,2000.0,2.0,1586.0,0.35,1002,1329,18,0.012944053511457,0.094278733416944,0.0050615828823299
2024,SWA,26,,,,,,,,,139,98,53,,,
2024,Swabi,26,1.5571,32.8628,49.0043,1894600.0,340.0,2.0,1543.0,0.65,85,2080,37,0.2474223588037138,0.2094187586677843,0.1183515157977514
2024,Swat,26,1.5,29.7447,47.6788,,980.0,1.0,5337.0,0.35,61,4512,26,0.1936326222097899,0.1571399800911132,0.1294493544992203
2024,Tank,26,0.0,35.7565,38.5162,470293.0,250.0,0.0,1679.0,0.2,91,248,1,0.6624132309542599,0.1075494588862667,0.5953963981008765
2024,Tor Ghar,26,0.1857,33.0704,44.7383,200445.0,,,,,133,130,8,,,
2024,Upper Kurram,26,0.3429,19.6035,59.7136,785434.0,,,,,50,317,9,,,
2024,Badin,27,0.0714,33.3975,62.9745,1947081.0,9.0,1.0,6726.0,0.35,3756,3229,224,0.7480797205393459,,0.7410469649155378
2024,Dadu,27,1.0429,37.5084,49.6887,1742320.0,40.0,2.0,19070.0,0.35,3821,2808,457,0.5152865681542178,0.057681740938993,0.3820560651323117
2024,Ghotki,27,0.2286,37.2421,47.478,1772609.0,72.0,1.0,6083.0,0.35,1686,1214,123,0.6528497979691898,0.1239484282929304,0.644349378892585
2024,Hyderabad,27,0.0857,34.1777,60.8603,2432540.0,20.0,2.0,993.0,0.75,253,1672,0,0.349523896360215,,0.3073213844437544
2024,Jacobabad,27,0.2571,38.3524,44.4488,1174097.0,55.0,0.0,2686.0,0.35,707,794,139,0.8300945487212151,0.0839853884927763,0.7161163144783239
2024,Jamshoro,27,0.0857,34.0906,61.3014,1117308.0,33.0,2.0,11204.0,0.35,1518,2376,114,,,
2024,Kamber,27,0.5714,38.4693,45.8659,1514869.0,50.0,0.0,5599.0,0.2,3672,2149,159,,,
2024,Karachi Central,27,,,,3822325.0,,,,,8,842,1,0.0,,
2024,Karachi East,27,,,,3950031.0,,,,,56,377,3,0.067162219253474,,
2024,Karachi Keamari,27,,,,2068451.0,,,,,4,353,0,,,
2024,Karachi Korangi,27,,,,3128971.0,,,,,50,307,2,,,
2024,Karachi Malir,27,,,,2403959.0,,,,,360,1872,69,,,
2024,Karachi South,27,,,,2329764.0,,,,,44,109,0,0.1365241066659719,,
2024,Karachi West,27,,,,2679380.0,,,,,141,1047,50,0.5476802083066645,0.0913077881446212,0.5494553116454223
2024,Kashmore,27,1.2143,37.0628,47.9479,1233957.0,60.0,2.0,2592.0,0.35,1331,450,61,,,
2024,Khairpur,27,0.0143,37.1572,48.5973,2597535.0,53.0,2.0,15910.0,0.5,5272,2587,361,0.6623172541250956,0.0978300149947928,0.637201710662033
2024,Larkana,27,1.6714,38.0929,46.7789,1784453.0,48.0,2.0,1906.0,0.5,5418,1915,324,0.7490374078625152,0.0702266673387913,0.6583807073723602
2024,Matiari,27,0.4286,34.2627,60.6977,849383.0,25.0,2.0,1417.0,0.2,1572,2082,66,,,
2024,Mirpurkhas,27,0.0143,34.7824,57.7324,1681386.0,16.0,0.0,2925.0,0.5,2156,2626,261,,,
2024,Naushero Feroze,27,0.4857,37.1572,50.1431,1777082.0,38.0,2.0,2945.0,0.2,1260,962,120,0.3593462871087017,0.2204683638668508,0.241816062228153
2024,Sanghar,27,0.0,34.7703,57.197,2308465.0,16.0,1.0,10608.0,0.2,2744,1348,30,0.2201515612136226,0.1411149088226943,0.2004318403281363
2024,Shaheed Benazirabad,27,0.6,36.154,53.8459,1845102.0,30.0,2.0,4502.0,0.5,1616,2068,57,0.4574880044345295,0.2130618903750453,0.3938946413326413
2024,Shikarpur,27,0.1143,37.5578,47.136,1386330.0,52.0,1.0,2512.0,0.35,1930,1263,120,0.8180845932712452,0.0973386592435281,0.6730587934324249
2024,Sujawal,27,0.0429,32.8997,66.0932,839292.0,,,,,1863,1524,54,,,
2024,Sukkur,27,0.0857,36.8994,48.9326,1639897.0,65.0,2.0,5165.0,0.75,1939,1282,143,0.5875295087631002,0.1093167044991117,0.5689299578557713
2024,Tando Allahyar,27,0.0,34.6179,58.4737,922012.0,18.0,0.0,2343.0,0.2,1590,1500,137,,,
2024,Tando Muhammad Khan,27,0.0429,33.9874,61.2502,726119.0,14.0,2.0,1733.0,0.2,1544,1335,72,,,
2024,Tharparkar,27,0.1571,31.5457,72.7493,1778407.0,56.0,0.0,19638.0,0.35,2660,2220,120,0.9458761050185974,-0.0007152901836855,0.9155199874224156
2024,Thatta,27,0.0571,32.8744,66.2022,1083191.0,10.0,2.0,17355.0,0.35,2421,2359,85,0.6893877236907164,0.048056287828812,0.875136694133993
2024,Umerkot,27,0.0429,33.5961,62.1786,1159831.0,12.0,0.0,5608.0,0.35,2001,1534,61,1.0,0.1002222769392788,1.0
2024,Awaran,27,,,,178958.0,500.0,0.0,29510.0,0.2,50,7,3,0.3942519832104871,0.0336984341396724,0.2663008239947938
2024,Barkhan,27,2.4429,31.5128,59.8837,210249.0,1100.0,0.0,3514.0,0.2,41,108,0,0.1930872282044778,0.113855801514894,0.1798197339301419
2024,Chagai,27,0.0,38.2188,11.5372,269192.0,919.0,0.0,44748.0,0.2,184,150,0,0.7864581395566413,0.0395646768679207,0.8401730759793724
2024,Chaman,27,,,,466218.0,1340.0,0.0,1341.0,0.2,209,206,21,,,
2024,Dera Bugti,27,0.0,34.6157,52.3086,355274.0,250.0,0.0,10160.0,0.2,36,82,21,0.4673074543231306,0.0535134169307799,0.4408895408577126
2024,Duki,27,,,,205044.0,1100.0,0.0,4233.0,0.2,725,456,NR,,,
2024,Gwadar,27,0.0,30.3396,86.8267,305160.0,12.0,0.0,12637.0,0.35,27,74,0,0.6890952753695231,0.0202577588099383,0.5894881834196727
2024,Harnai,27,,,,127571.0,,,,,87,315,0,,,
2024,Hub,27,0.1143,32.0627,69.3956,382885.0,,,,,28,725,13,,,
2024,Jaffarabad,27,,,,594558.0,55.0,1.0,1643.0,0.2,256,322,5,0.9145285963375644,0.0509661073788607,0.742518053209173
2024,Jhal Magsi,27,,,,203368.0,60.0,0.0,3615.0,0.2,1,61,4,0.8008835628474394,0.048120407719262,0.7793476363419606
2024,Kalat,27,0.0,28.1824,24.6253,271560.0,2000.0,0.0,7654.0,0.2,963,510,2,0.1738275095273684,0.0629453914583901,0.0963929752296553
2024,Kech (Turbat),27,,,,1060931.0,,,,,269,168,0,,,
2024,Kharan,27,0.0,37.9446,18.2655,260352.0,700.0,0.0,14958.0,0.2,282,267,38,0.6603633798419741,0.0333846417493037,0.6030675256505634
2024,Khuzdar,27,0.0286,33.1431,40.591,997214.0,1237.0,0.0,35380.0,0.2,92,218,25,0.1961178564920916,0.0495036466828281,0.078207806537746
2024,Killa Abdullah,27,0.0,34.3031,13.4599,361971.0,1500.0,0.0,3553.0,0.2,2,304,12,,0.0602163228649152,
2024,Killa Saifullah,27,0.1143,29.8883,49.643,380200.0,1500.0,0.0,6831.0,0.2,277,230,54,0.5853158218166212,0.0620252416741663,0.4741615344173449
2024,Kohlu,27,3.3714,30.1023,62.5634,260220.0,1000.0,0.0,7610.0,0.2,72,376,2,0.1746099188356432,0.0721440071478014,0.1498345143567656
2024,Lasbella,27,0.1714,30.966,74.5075,680977.0,,,,,242,214,92,,,
2024,Loralai,27,0.2,29.2282,56.9139,272432.0,1400.0,0.0,3785.0,0.2,129,193,22,0.2379001335701327,0.087529171218143,0.2049109279199235
2024,Mastung,27,0.0,29.9054,35.8862,313271.0,1700.0,0.0,3308.0,0.2,7,25,0,0.121402745906277,0.0734832803670389,0.0033046779469804
2024,Naseerabad,27,0.0143,38.5518,44.6065,563315.0,,,,,5,283,3,,,
2024,Nushki,27,0.0,36.2136,13.8825,207834.0,900.0,0.0,5797.0,0.2,5,266,0,,,
2024,Panjgur,27,0.0,34.5091,28.308,509781.0,900.0,0.0,16891.0,0.2,79,191,17,0.3528802831474361,0.0506774438535776,0.3252094862315479
2024,Pishin,27,0.0,31.1349,33.4168,835482.0,1550.0,0.0,6218.0,0.2,210,291,10,0.6342536540113944,0.0709400496437398,0.392637936694139
2024,Quetta,27,0.0,30.0519,41.0208,2595492.0,1680.0,0.0,3447.0,0.75,941,580,30,0.0,0.0695923219313611,0.0
2024,Sherani,27,,,,191687.0,1500.0,0.0,2700.0,0.2,72,50,19,,,
2024,Sibi,27,0.4571,38.5596,42.6806,224148.0,130.0,0.0,7121.0,0.2,43,45,12,0.231570199499043,0.0549234158942206,0.1617247396401868
2024,Sohbat pur,27,0.0857,38.175,45.3053,240106.0,,,,,11,258,15,,,
2024,Surab,27,0.0857,27.4383,40.6749,279038.0,,,,,179,48,0,,,
2024,Usta Muhammad,27,0.1429,39.0293,43.7162,,,,,,67,724,16,,,
2024,Washuk,27,0.0,30.9319,27.4817,302623.0,700.0,0.0,33093.0,0.2,176,149,14,,,
2024,Zhob,27,1.3,30.7733,49.0261,355692.0,1400.0,0.0,20297.0,0.2,162,178,57,0.4560252678738136,0.0625711236674628,0.4273864387377941
2024,Ziarat,27,,,,189535.0,2400.0,0.0,3301.0,0.2,223,145,4,0.1816954013522672,0.1052470136588772,0.0332417757636202
2024,Abbottabad,27,6.6571,25.8801,73.8529,1419072.0,1256.0,0.0,1967.0,0.75,12,937,20,0.0096534652295126,0.2820127336760529,0.0138253157871572
2024,Bajaur,27,3.4714,26.4149,64.8143,,900.0,0.0,1290.0,0.2,153,841,8,,0.1350361370071871,
2024,Bannu,27,3.7,34.1645,55.8597,1357890.0,312.0,1.0,1227.0,0.2,1333,795,78,0.5316429888116095,0.1262578700361985,0.4609746178656573
2024,Battagram,27,5.3286,26.762,72.7589,335984.0,1036.0,0.0,1301.0,0.2,0,169,0,,,
2024,Buner,27,8.7714,28.7755,69.2112,,700.0,0.0,1865.0,0.35,422,673,3,0.0261586107468391,0.1881326608653952,0.0070434895524901
2024,Charsadda,27,5.7143,31.9745,63.1638,1835504.0,300.0,2.0,996.0,0.2,181,1572,79,,0.2402306019315896,
2024,Chitral Lower,27,0.0,27.88,36.6894,,1500.0,1.0,6458.0,0.35,18,669,14,0.2668549823342189,0.056636989256801,0.1226604111822692
2024,Chitral Upper,27,0.0,27.88,36.6894,195528.0,2500.0,1.0,8392.0,0.2,5,184,18,0.2668549823342189,0.056636989256801,0.1226604111822692
2024,D.I. Khan,27,6.1714,35.2972,56.6932,1829811.0,,,,,261,1208,1,,,
2024,Dir Lower,27,9.0143,31.9423,66.3432,,800.0,1.0,1583.0,0.35,178,1842,67,,,
2024,Dir Upper,27,0.5571,25.4711,61.6364,,1200.0,1.0,3699.0,0.35,15,581,9,,,
2024,Hangu,27,3.1143,30.13,63.7407,528902.0,900.0,0.0,1097.0,0.2,12,70,0,0.2154718347628285,0.1805210135012457,0.1309257125948482
2024,Haripur,27,6.2143,29.9461,70.0484,1174783.0,605.0,2.0,1725.0,0.65,22,1073,20,0.1641699583572671,0.1178038099683533,0.1498333169484238
2024,Karak,27,2.7,32.7634,57.6772,815878.0,500.0,0.0,3372.0,0.2,149,248,0,0.616766760947073,0.1074102521587278,0.4711862116038895
2024,Khyber,27,1.1,30.6737,59.1052,1146267.0,1000.0,0.0,2576.0,0.2,235,328,45,0.0728179167319388,0.2190721164979085,0.0165623685967993
2024,Kohat,27,1.0714,32.501,57.837,1234661.0,500.0,0.0,2545.0,0.65,112,280,1,0.0975681508951478,0.1351762489921382,0.0329687115471108
2024,Kohistan Lower,27,1.0429,8.7053,82.4535,340017.0,1500.0,2.0,1200.0,0.2,8,154,0,0.12329416140817,0.1944082892125359,0.093313038530399
2024,Kohistan Upper,27,1.0429,8.7053,82.4535,422947.0,2500.0,2.0,4000.0,0.2,24,482,17,0.12329416140817,0.1944082892125359,0.093313038530399
2024,Kolai Palas,27,1.0429,8.7053,82.4535,280162.0,,,,,11,102,6,,,
2024,L & C Kurram,27,1.7429,20.3387,73.5752,,,,,,27,88,9,,,
2024,Lakki Marwat,27,1.7429,33.9474,58.8585,1040856.0,250.0,1.0,3164.0,0.2,191,609,4,0.8600261240925279,0.0839439968949923,0.7810231307791544
2024,Malakand,27,4.9857,29.9332,63.0957,,700.0,1.0,952.0,0.2,41,1083,18,,0.166752814493716,
2024,Mansehra,27,7.5857,26.6136,69.827,1797177.0,1000.0,0.0,4579.0,0.2,1,1082,0,0.1470645556576033,0.2425254527995711,0.0473698988900418
2024,Mardan,27,5.7429,31.1933,67.151,2744898.0,300.0,0.0,1632.0,0.65,17,678,0,0.1035555990548229,0.2035177196550144,0.0266523119083905
2024,Mohmand,27,4.9857,29.9332,63.0957,553933.0,600.0,0.0,2296.0,0.2,174,132,11,0.5045490681035244,0.0948527394301914,0.101360303860083
2024,North Waziristan,27,0.8857,17.9116,57.2936,693332.0,1000.0,1.0,4707.0,0.2,10,60,2,0.0881017803427906,0.1472381808787746,0.0693282238363806
2024,Nowshera,27,9.0143,32.0008,66.354,1740705.0,280.0,2.0,1748.0,0.65,89,2302,11,0.4117002138901084,0.1382384218605845,0.2849809481989319
2024,Orakzai,27,3.4857,28.6953,66.1055,387561.0,1200.0,0.0,1538.0,0.2,35,56,11,0.1144869174353854,0.3046255007564041,0.0308024828544687
2024,Peshawar,27,2.4429,32.8186,58.0012,4758762.0,330.0,0.0,1257.0,0.75,40,3355,82,,0.1815987210651607,
2024,SD Peshawar,27,,,,,,,,,0,3,0,,,
2024,SD Tank,27,2.3571,34.7217,56.1689,,,,,,35,19,3,,,
2024,Shangla,27,6.1714,20.4783,75.8922,,2000.0,2.0,1586.0,0.35,1138,1265,16,0.0115793208741954,0.2490479186291417,0.0050094398846888
2024,SWA,27,,,,,,,,,125,145,55,,,
2024,Swabi,27,8.8143,30.3628,69.9099,1894600.0,340.0,2.0,1543.0,0.65,74,1470,27,0.2156324997058267,0.1948037649515722,0.1670695699051256
2024,Swat,27,8.6,27.9188,69.4633,,980.0,1.0,5337.0,0.35,60,2830,1,0.2241773927302988,0.1699065635418134,0.1422054400382902
2024,Tank,27,2.3571,34.7217,56.1689,470293.0,250.0,0.0,1679.0,0.2,359,522,34,0.6190045585913059,0.1017322217921532,0.6063850072997051
2024,Tor Ghar,27,5.7857,30.0796,69.0736,200445.0,,,,,147,129,9,,,
2024,Upper Kurram,27,1.7429,20.3387,73.5752,785434.0,,,,,67,238,23,,,
2024,Badin,28,6.1143,32.1044,70.4799,1947081.0,9.0,1.0,6726.0,0.35,3861,3548,87,0.7079821809966064,,0.6973225104207101
2024,Dadu,28,0.5714,36.4024,50.44,1742320.0,40.0,2.0,19070.0,0.35,3681,3075,92,0.5351785356999694,0.0515681411003421,0.4776281409536445
2024,Ghotki,28,1.3571,36.9814,47.7226,1772609.0,72.0,1.0,6083.0,0.35,1877,1402,0,0.7667316919983743,0.1408057067556394,0.6291112632281408
2024,Hyderabad,28,1.1571,32.6321,69.4372,2432540.0,20.0,2.0,993.0,0.75,128,634,10,0.3767618368406171,,0.3033302422117632
2024,Jacobabad,28,1.6857,37.5128,45.1502,1174097.0,55.0,0.0,2686.0,0.35,713,766,42,0.89232705368951,0.1002567727574695,0.7738928419425565
2024,Jamshoro,28,0.2857,32.4251,71.0314,1117308.0,33.0,2.0,11204.0,0.35,1610,2463,53,,,
2024,Kamber,28,0.8,37.8714,45.0993,1514869.0,50.0,0.0,5599.0,0.2,4575,2619,29,,,
2024,Karachi Central,28,,,,3822325.0,,,,,2,853,57,0.0,,0.0
2024,Karachi East,28,,,,3950031.0,,,,,56,448,12,0.0677616780278377,,0.0441430023179072
2024,Karachi Keamari,28,,,,2068451.0,,,,,0,293,1,,,
2024,Karachi Korangi,28,,,,3128971.0,,,,,43,350,0,,,
2024,Karachi Malir,28,,,,2403959.0,,,,,397,1882,28,,,
2024,Karachi South,28,,,,2329764.0,,,,,36,85,0,0.1414613811341401,,0.1161236533225642
2024,Karachi West,28,,,,2679380.0,,,,,138,1161,35,0.4631814689518165,,0.411344027445503
2024,Kashmore,28,0.8571,36.7146,48.4551,1233957.0,60.0,2.0,2592.0,0.35,1325,567,12,,,
2024,Khairpur,28,0.7429,36.7504,48.8186,2597535.0,53.0,2.0,15910.0,0.5,4880,2650,169,0.9182196921131212,0.1086295258139881,0.8028703725257115
2024,Larkana,28,0.2143,37.4929,46.325,1784453.0,48.0,2.0,1906.0,0.5,5971,2498,25,0.7666326447501045,0.0944342148405083,0.7213318966576421
2024,Matiari,28,1.3571,33.0368,66.9272,849383.0,25.0,2.0,1417.0,0.2,1626,2172,13,,,
2024,Mirpurkhas,28,2.6571,33.208,65.7626,1681386.0,16.0,0.0,2925.0,0.5,2408,2910,9,,,
2024,Naushero Feroze,28,0.2286,36.4929,50.1929,1777082.0,38.0,2.0,2945.0,0.2,1099,823,79,0.475287114117604,0.2656539912834212,0.3207634172456642
2024,Sanghar,28,1.6571,33.6447,63.9618,2308465.0,16.0,1.0,10608.0,0.2,3088,1530,22,0.619602406633467,0.173755558315669,0.2056331046335978
2024,Shaheed Benazirabad,28,0.5429,35.3129,55.7106,1845102.0,30.0,2.0,4502.0,0.5,1664,1957,69,0.5020464550705384,0.2381322692361487,0.3941232251000979
2024,Shikarpur,28,2.9143,36.8748,48.0251,1386330.0,52.0,1.0,2512.0,0.35,2058,1363,1,0.9013575392998524,0.1042950963801209,0.7823890803396207
2024,Sujawal,28,3.2286,31.8286,72.4312,839292.0,,,,,1526,1851,5,,,
2024,Sukkur,28,2.1143,36.522,49.4358,1639897.0,65.0,2.0,5165.0,0.75,1954,1313,6,0.7675314593651968,0.1154259059369938,0.5665344311678295
2024,Tando Allahyar,28,3.2143,32.792,68.0577,922012.0,18.0,0.0,2343.0,0.2,1965,1878,7,,,
2024,Tando Muhammad Khan,28,3.2286,32.3499,70.3583,726119.0,14.0,2.0,1733.0,0.2,1692,1557,1,,,
2024,Tharparkar,28,0.8857,32.14,68.8514,1778407.0,56.0,0.0,19638.0,0.35,2585,2648,45,0.8034924723601952,0.0399612869908688,0.8859802893440721
2024,Thatta,28,1.4571,31.5465,74.6186,1083191.0,10.0,2.0,17355.0,0.35,2675,2125,20,0.6969635242706989,,0.607988767042116
2024,Umerkot,28,0.8286,33.2399,64.5784,1159831.0,12.0,0.0,5608.0,0.35,2049,1715,36,0.7272581743535278,0.0497251236396077,0.9945534176836116
2024,Awaran,28,,,,178958.0,500.0,0.0,29510.0,0.2,51,10,26,0.2907005263165667,0.0296695500079466,0.2339306168743465
2024,Barkhan,28,0.4,31.5679,52.0265,210249.0,1100.0,0.0,3514.0,0.2,79,106,32,0.3370954310064288,0.1387690979318339,0.1734159959616768
2024,Chagai,28,0.0,35.7289,13.7972,269192.0,919.0,0.0,44748.0,0.2,32,126,4,0.7704591624905391,0.0420416006193222,0.7637856550412478
2024,Chaman,28,,,,466218.0,1340.0,0.0,1341.0,0.2,72,181,27,,,
2024,Dera Bugti,28,0.4714,34.0931,51.1716,355274.0,250.0,0.0,10160.0,0.2,142,72,12,0.5740559407804113,0.0651094319579596,0.4794471190020822
2024,Duki,28,,,,205044.0,1100.0,0.0,4233.0,0.2,28,84,12,,,
2024,Gwadar,28,0.0,29.4589,87.5101,305160.0,12.0,0.0,12637.0,0.35,96,559,0,0.6812138243370509,0.0097849915058605,0.6407945224427688
2024,Harnai,28,,,,127571.0,,,,,70,93,1,,,
2024,Hub,28,1.2429,31.1165,75.8002,382885.0,,,,,241,287,0,,,
2024,Jaffarabad,28,,,,594558.0,55.0,1.0,1643.0,0.2,936,791,10,0.9765096201407002,0.0610525966953966,0.94079064966816
2024,Jhal Magsi,28,,,,203368.0,60.0,0.0,3615.0,0.2,357,245,0,0.7978121562415705,0.0606179930480062,0.7860412532232202
2024,Kalat,28,0.0,26.3824,33.3276,271560.0,2000.0,0.0,7654.0,0.2,52,53,2,0.1779646884477371,0.0603545417466905,0.1074548066763892
2024,Kech (Turbat),28,,,,1060931.0,,,,,620,446,3,,,
2024,Kharan,28,0.0,36.2172,20.7034,260352.0,700.0,0.0,14958.0,0.2,54,173,0,0.6587377668692113,0.0415631546778327,0.6435381500190674
2024,Khuzdar,28,0.2286,30.8946,46.7172,997214.0,1237.0,0.0,35380.0,0.2,286,398,23,0.1373169076583054,0.049664837012769,0.0842409606711398
2024,Killa Abdullah,28,0.0,31.9972,17.4247,361971.0,1500.0,0.0,3553.0,0.2,47,285,26,0.6162101435917795,0.065292299075101,
2024,Killa Saifullah,28,0.3143,28.3383,49.9888,380200.0,1500.0,0.0,6831.0,0.2,39,64,0,0.5649352609687375,0.066649611988242,0.4436671187846521
2024,Kohlu,28,2.6143,29.5258,57.1501,260220.0,1000.0,0.0,7610.0,0.2,151,219,57,0.3769349596629153,0.0881642080411812,0.2117918662823761
2024,Lasbella,28,3.8286,30.0567,80.4924,680977.0,,,,,336,407,3,,,
2024,Loralai,28,0.1714,27.9716,55.261,272432.0,1400.0,0.0,3785.0,0.2,77,295,87,0.4794729672262302,0.0978646996118671,0.2140876033415261
2024,Musakhel,28,,,,196756.0,1200.0,0.0,5728.0,0.2,84,22,0,0.3485176744133686,0.1571221938874138,0.1400179385680821
2024,Naseerabad,28,0.1286,37.8566,44.5937,563315.0,,,,,150,299,1,,,
2024,Panjgur,28,0.0,32.701,36.1637,509781.0,900.0,0.0,16891.0,0.2,175,159,12,0.4303813250859929,0.0470045459786386,0.3340812564189545
2024,Pishin,28,0.0,29.4126,34.8291,835482.0,1550.0,0.0,6218.0,0.2,267,474,49,0.5424236509495987,0.0759320132287182,0.4626871697805442
2024,Quetta,28,0.0,28.151,42.7434,2595492.0,1680.0,0.0,3447.0,0.75,158,716,62,0.3521678884264531,0.0722838233090863,0.0
2024,Sherani,28,,,,191687.0,1500.0,0.0,2700.0,0.2,21,26,24,,,
2024,Sibi,28,1.5,36.0733,51.0771,224148.0,130.0,0.0,7121.0,0.2,22,50,2,0.2451786842643616,0.0790429178793637,0.1238151362334206
2024,Sohbat pur,28,1.5286,37.3663,46.139,240106.0,,,,,293,340,22,,,
2024,Surab,28,0.2,25.6348,48.6252,279038.0,,,,,84,57,0,,,
2024,Usta Muhammad,28,0.3143,38.1401,43.2282,,,,,,357,874,9,,,
2024,Washuk,28,0.0,29.0667,31.7602,302623.0,700.0,0.0,33093.0,0.2,46,150,0,,,
2024,Zhob,28,0.2429,28.7384,51.7677,355692.0,1400.0,0.0,20297.0,0.2,135,174,68,0.5136630550017361,0.076274855370319,0.2383146131346008
2024,Ziarat,28,,,,189535.0,2400.0,0.0,3301.0,0.2,72,215,6,0.1265502749092836,0.1087673482267299,0.057584446298249
2024,Abbottabad,28,2.0286,25.6334,69.7435,1419072.0,1256.0,0.0,1967.0,0.75,19,1159,17,0.1479364106577864,0.3670407082460354,0.0125340116590305
2024,Bajaur,28,1.7857,25.7503,50.6231,,900.0,0.0,1290.0,0.2,132,1102,4,0.1410495244653696,0.2042317599661866,
2024,Bannu,28,4.3286,31.8812,60.9182,1357890.0,312.0,1.0,1227.0,0.2,1510,829,79,0.5482269478687276,0.1027198040714855,0.491114234539904
2024,Battagram,28,2.3571,26.6927,61.3111,335984.0,1036.0,0.0,1301.0,0.2,172,163,0,,,
2024,Buner,28,2.6571,28.2595,64.9091,,700.0,0.0,1865.0,0.35,277,470,1,0.0343942990233408,0.3144246809712082,0.0071880884736109
2024,Charsadda,28,4.7,31.0522,61.8968,1835504.0,300.0,2.0,996.0,0.2,200,1054,64,0.0608919474690782,0.3208500646372476,
2024,Chitral Lower,28,0.1,24.9878,48.7618,,1500.0,1.0,6458.0,0.35,15,904,9,0.1395060192273299,0.0582313728314029,0.1037636344588091
2024,Chitral Upper,28,0.1,24.9878,48.7618,195528.0,2500.0,1.0,8392.0,0.2,6,176,11,0.1395060192273299,0.0582313728314029,0.1037636344588091
2024,D.I. Khan,28,0.7571,32.3475,67.6103,1829811.0,,,,,335,1035,4,,,
2024,Dir Lower,28,5.4143,30.8253,67.6407,,800.0,1.0,1583.0,0.35,118,1979,41,,,
2024,Dir Upper,28,0.3571,24.3672,53.72,,1200.0,1.0,3699.0,0.35,23,1414,23,,,
2024,Hangu,28,5.6571,28.7925,59.5047,528902.0,900.0,0.0,1097.0,0.2,21,71,0,0.1441584916791156,0.2087727762875737,0.1189572094094318
2024,Haripur,28,3.0,28.9786,70.5505,1174783.0,605.0,2.0,1725.0,0.65,15,1045,8,0.2261886777803189,0.2089805728230679,0.1469804854212432
2024,Karak,28,3.0571,30.9435,60.0702,815878.0,500.0,0.0,3372.0,0.2,170,265,0,0.3875490611214191,0.0768953351259912,0.4060802556292652
2024,Khyber,28,2.5,30.2588,55.3711,1146267.0,1000.0,0.0,2576.0,0.2,203,257,41,0.0591921952497316,0.1920326081669825,0.0167129755593482
2024,Kohat,28,5.4429,31.1825,56.8789,1234661.0,500.0,0.0,2545.0,0.65,117,304,16,0.2497494992034552,0.1360520502425141,0.0428465957789865
2024,Kohistan Lower,28,1.7143,6.7651,79.0269,340017.0,1500.0,2.0,1200.0,0.2,11,184,1,0.2271380291278662,0.2125041886061545,0.0808813732402927
2024,Kohistan Upper,28,1.7143,6.7651,79.0269,422947.0,2500.0,2.0,4000.0,0.2,18,477,10,0.2271380291278662,0.2125041886061545,0.0808813732402927
2024,Kolai Palas,28,1.7143,6.7651,79.0269,280162.0,,,,,5,98,1,,,
2024,L & C Kurram,28,1.8857,18.2976,73.0766,,,,,,15,28,3,,,
2024,Lakki Marwat,28,2.5857,31.9593,63.1745,1040856.0,250.0,1.0,3164.0,0.2,188,579,8,0.8287939753251924,0.0557262853588547,0.7975790311438467
2024,Malakand,28,2.3571,29.6948,54.8734,,700.0,1.0,952.0,0.2,76,1087,36,0.0525122661335357,0.2489816901422203,
2024,Mansehra,28,1.7429,26.0859,66.8324,1797177.0,1000.0,0.0,4579.0,0.2,1,517,6,0.1630363960641759,0.2952688202744949,0.0457980079704521
2024,Mardan,28,0.9,30.3624,65.9212,2744898.0,300.0,0.0,1632.0,0.65,32,839,0,0.0650650591752388,0.2897109096570831,0.0219767620698815
2024,Mohmand,28,2.3571,29.6948,54.8734,553933.0,600.0,0.0,2296.0,0.2,193,129,10,0.2317237458681627,0.1316477490769139,0.2897712216235314
2024,North Waziristan,28,5.2143,15.7634,73.2388,693332.0,1000.0,1.0,4707.0,0.2,26,58,0,0.1924448243881785,0.1104110410201037,0.077368119785293
2024,Nowshera,28,5.4143,30.8838,67.6517,1740705.0,280.0,2.0,1748.0,0.65,122,1566,8,0.2754059169520457,0.1699741106291925,0.3313795203762198
2024,Orakzai,28,4.3571,27.0337,62.9702,387561.0,1200.0,0.0,1538.0,0.2,26,34,1,0.0271222332952868,0.3221541182091689,0.0245045716199592
2024,Peshawar,28,4.1857,31.8278,57.5226,4758762.0,330.0,0.0,1257.0,0.75,47,3064,58,0.1571836786917607,0.2272703048703795,
2024,SD Peshawar,28,,,,,,,,,0,4,0,,,
2024,SD Tank,28,1.5714,32.2836,62.6752,,,,,,6,3,0,,,
2024,Shangla,28,1.8857,20.4726,61.2256,,2000.0,2.0,1586.0,0.35,1110,1518,39,0.0085972348774557,0.42893438392241,0.0046075696783121
2024,SWA,28,,,,,,,,,147,128,70,,,
2024,Swabi,28,3.2714,29.6447,70.3425,1894600.0,340.0,2.0,1543.0,0.65,80,1525,44,0.2516086484178955,0.2445447136644185,0.1659076542493657
2024,Swat,28,2.8714,27.0188,60.8276,,980.0,1.0,5337.0,0.35,64,3900,18,0.1724666037775152,0.2583575699489821,0.1318104158621552
2024,Tank,28,1.5714,32.2836,62.6752,470293.0,250.0,0.0,1679.0,0.2,86,170,1,0.6528006681818611,0.0817831234396063,0.5770138744053471
2024,Tor Ghar,28,2.8,29.4921,69.5934,200445.0,,,,,132,152,1,,,
2024,Upper Kurram,28,1.8857,18.2976,73.0766,785434.0,,,,,57,326,41,,,
2024,Badin,29,3.0857,33.2886,66.2717,1947081.0,9.0,1.0,6726.0,0.35,3508,3614,80,0.6544746047194278,0.1163615470101863,0.5570334499501854
2024,Dadu,29,0.5714,36.6825,50.5435,1742320.0,40.0,2.0,19070.0,0.35,2907,2731,89,0.5053651078188433,0.0534217450651415,0.4769254789763131
2024,Ghotki,29,0.9714,37.1388,48.8604,1772609.0,72.0,1.0,6083.0,0.35,1070,1377,0,0.7454261733646702,0.1512047405181229,0.7007021157289178
2024,Hyderabad,29,3.8,34.5545,60.8901,2432540.0,20.0,2.0,993.0,0.75,380,2052,9,0.3162515556556069,0.2584513164997681,0.2717769672071287
2024,Jacobabad,29,1.5571,37.3054,47.2578,1174097.0,55.0,0.0,2686.0,0.35,496,668,52,0.8818004494430038,0.1005179994503305,0.8372084158603065
2024,Jamshoro,29,3.7429,34.6697,60.3988,1117308.0,33.0,2.0,11204.0,0.35,1123,2122,52,,,
2024,Kamber,29,3.5,37.4348,47.4269,1514869.0,50.0,0.0,5599.0,0.2,3624,2112,17,,,
2024,Karachi Central,29,,,,3822325.0,,,,,3,589,26,,,
2024,Karachi East,29,,,,3950031.0,,,,,28,276,1,,,
2024,Karachi Keamari,29,,,,2068451.0,,,,,2,199,1,,,
2024,Karachi Korangi,29,,,,3128971.0,,,,,23,233,0,,,
2024,Karachi Malir,29,,,,2403959.0,,,,,233,1533,30,,,
2024,Karachi South,29,,,,2329764.0,,,,,29,67,0,,,
2024,Karachi West,29,,,,2679380.0,,,,,128,846,33,0.5790513538189823,0.1612339910384137,0.4991393632785024
2024,Kashmore,29,0.2143,37.2069,48.1433,1233957.0,60.0,2.0,2592.0,0.35,1204,471,6,,,
2024,Khairpur,29,1.3714,37.2745,47.6714,2597535.0,53.0,2.0,15910.0,0.5,4080,2536,189,0.7771225545777183,0.1061722042952161,0.8993749329062365
2024,Larkana,29,2.1143,37.3167,47.8974,1784453.0,48.0,2.0,1906.0,0.5,5413,2059,39,0.7407531064089984,0.0735946619581303,0.7353398615299839
2024,Matiari,29,3.9429,34.6049,60.9037,849383.0,25.0,2.0,1417.0,0.2,1220,1944,7,,,
2024,Mirpurkhas,29,1.2857,34.5848,60.4223,1681386.0,16.0,0.0,2925.0,0.5,2058,2888,22,,,
2024,Naushero Feroze,29,2.5714,36.6215,50.8675,1777082.0,38.0,2.0,2945.0,0.2,1617,1214,117,0.2867279724534138,0.2362787537973208,0.2635433482452769
2024,Sanghar,29,1.7,34.798,59.199,2308465.0,16.0,1.0,10608.0,0.2,2948,1498,14,0.5760797832433725,0.2084735621987227,0.5505387607098403
2024,Shaheed Benazirabad,29,3.3143,35.9373,53.9874,1845102.0,30.0,2.0,4502.0,0.5,1480,1887,79,0.4173214215201952,0.2159385311724669,0.3677618760874767
2024,Shikarpur,29,1.3143,36.7081,49.7513,1386330.0,52.0,1.0,2512.0,0.35,1702,1418,5,0.7851217097861252,0.1108160478645119,0.8238773156734082
2024,Sujawal,29,3.7143,33.0206,69.2501,839292.0,,,,,1544,2249,1,,,
2024,Sukkur,29,0.6571,36.8434,49.2464,1639897.0,65.0,2.0,5165.0,0.75,1528,1352,12,0.7063544446309361,0.115805415698405,0.6995279787750274
2024,Tando Allahyar,29,3.4571,34.231,62.1482,922012.0,18.0,0.0,2343.0,0.2,1140,1442,11,,,
2024,Tando Muhammad Khan,29,1.7571,33.8636,63.8771,726119.0,14.0,2.0,1733.0,0.2,1301,1403,1,,,
2024,Tharparkar,29,2.8,32.5153,69.94,1778407.0,56.0,0.0,19638.0,0.35,2323,2094,30,0.7807313835661924,-0.0357090094289182,0.7016417502923094
2024,Thatta,29,2.3286,33.181,68.877,1083191.0,10.0,2.0,17355.0,0.35,1976,1910,16,0.7288011515863044,0.0938561616439383,0.7091998281377849
2024,Umerkot,29,4.5429,33.9556,62.2289,1159831.0,12.0,0.0,5608.0,0.35,1768,1863,28,0.6868070409355783,0.1348878358939547,0.639328092305017
2024,Awaran,29,,,,178958.0,500.0,0.0,29510.0,0.2,39,10,2,0.3395107692136125,0.031790161612076,0.2281860312410232
2024,Barkhan,29,1.7143,31.4057,55.3591,210249.0,1100.0,0.0,3514.0,0.2,49,100,0,0.2408782143149069,0.1448453609957873,0.209178134656095
2024,Chagai,29,0.0,36.4914,15.7671,269192.0,919.0,0.0,44748.0,0.2,163,145,0,0.76871688138704,0.0360024907089236,0.745354397154198
2024,Chaman,29,,,,466218.0,1340.0,0.0,1341.0,0.2,136,120,30,,,
2024,Dera Bugti,29,0.6286,34.5898,51.4431,355274.0,250.0,0.0,10160.0,0.2,1,100,1,0.4843056235311298,0.048338263253429,0.4975399205703977
2024,Duki,29,,,,205044.0,1100.0,0.0,4233.0,0.2,51,117,17,,,
2024,Harnai,29,,,,127571.0,,,,,28,90,0,,,
2024,Hub,29,0.6714,32.5454,69.8443,382885.0,,,,,43,254,0,,,
2024,Jaffarabad,29,,,,594558.0,55.0,1.0,1643.0,0.2,62,412,17,0.8779619339754797,0.0744009581417393,0.8975915628741694
2024,Jhal Magsi,29,,,,203368.0,60.0,0.0,3615.0,0.2,220,240,3,0.7421520427082756,0.0681158953923028,0.7351061403769693
2024,Kalat,29,0.0143,26.558,40.4639,271560.0,2000.0,0.0,7654.0,0.2,2,61,0,0.1802744850016598,0.0672442271709877,0.1492155332066673
2024,Kech (Turbat),29,,,,1060931.0,,,,,794,425,6,,,
2024,Kharan,29,0.0,37.0038,25.3222,260352.0,700.0,0.0,14958.0,0.2,242,131,0,0.6295335026874256,0.0339479980190163,0.6252004705411516
2024,Khuzdar,29,4.5714,30.066,53.815,997214.0,1237.0,0.0,35380.0,0.2,330,352,21,0.1228950487847784,0.0626726822286542,0.0771405627377419
2024,Killa Abdullah,29,0.0,32.332,20.9121,361971.0,1500.0,0.0,3553.0,0.2,72,263,2,0.570566956142833,0.0582905276894338,0.4770789200823468
2024,Killa Saifullah,29,0.5571,28.4427,51.4414,380200.0,1500.0,0.0,6831.0,0.2,6,231,19,0.5122610470526094,0.0479067427715383,0.3769404937609014
2024,Kohlu,29,2.1429,29.7264,58.0416,260220.0,1000.0,0.0,7610.0,0.2,247,207,47,0.1876477595951387,0.0659046213148748,0.2478265826524843
2024,Lasbella,29,0.4429,31.7773,72.4475,680977.0,,,,,80,309,4,,,
2024,Loralai,29,0.4,28.2412,55.6614,272432.0,1400.0,0.0,3785.0,0.2,319,273,104,0.2475346651910469,0.078995143638898,0.2769408745918593
2024,Mastung,29,0.0143,27.9322,48.3652,313271.0,1700.0,0.0,3308.0,0.2,112,222,11,0.2466965194313796,0.0689693892788206,0.2104081822644125
2024,Musakhel,29,,,,196756.0,1200.0,0.0,5728.0,0.2,6,14,0,0.4601836419929767,0.1142344420027317,0.3576341127922969
2024,Naseerabad,29,1.4286,37.7191,46.0389,563315.0,,,,,20,229,1,,,
2024,Panjgur,29,0.0,33.0748,37.76,509781.0,900.0,0.0,16891.0,0.2,50,118,12,0.3762947490783066,0.0277038487175015,0.3409906628487438
2024,Pishin,29,0.0,29.817,37.0093,835482.0,1550.0,0.0,6218.0,0.2,404,537,6,0.4237823068283103,0.0646406885321092,0.3978112563440192
2024,Quetta,29,0.0,28.4045,45.2711,2595492.0,1680.0,0.0,3447.0,0.75,935,647,34,0.3628688260617958,0.064831185832012,0.3127736929062253
2024,Sherani,29,,,,191687.0,1500.0,0.0,2700.0,0.2,51,30,28,,,
2024,Sibi,29,3.6429,35.7403,55.6437,224148.0,130.0,0.0,7121.0,0.2,223,122,24,0.1801165428893845,0.1015144387002922,0.1037299671632144
2024,Sohbat pur,29,1.5286,37.3821,47.1624,240106.0,,,,,3,266,12,,,
2024,Surab,29,0.9,25.2866,55.1262,279038.0,,,,,189,62,0,,,
2024,Usta Muhammad,29,1.9429,37.8216,45.4245,,,,,,86,787,4,,,
2024,Washuk,29,0.0,29.2301,39.0788,302623.0,700.0,0.0,33093.0,0.2,161,108,0,,,
2024,Zhob,29,3.1714,29.2575,50.633,355692.0,1400.0,0.0,20297.0,0.2,192,148,57,0.6366551215350202,0.0481464139458663,0.5245594257485917
2024,Ziarat,29,,,,189535.0,2400.0,0.0,3301.0,0.2,150,138,5,0.0480931641999764,0.0729713032072098,0.0410689444513958
2024,Abbottabad,29,2.7286,26.7033,66.0073,1419072.0,1256.0,0.0,1967.0,0.75,21,949,23,0.0123383189950449,,0.0150518897006974
2024,Bajaur,29,1.2857,26.8664,47.8836,,900.0,0.0,1290.0,0.2,165,910,6,,0.2309020769849849,
2024,Bannu,29,2.4,33.794,51.6835,1357890.0,312.0,1.0,1227.0,0.2,1229,733,59,,0.1158405629644738,
2024,Battagram,29,3.3,27.9945,57.406,335984.0,1036.0,0.0,1301.0,0.2,173,177,0,,,
2024,Buner,29,1.9714,30.2651,58.3624,,700.0,0.0,1865.0,0.35,209,385,5,0.0696330912703716,0.3256906627173527,0.0226412653540509
2024,Charsadda,29,2.9143,32.8692,53.85,1835504.0,300.0,2.0,996.0,0.2,174,1260,73,,0.3226963072728604,
2024,Chitral Lower,29,0.4857,24.5071,57.0871,,1500.0,1.0,6458.0,0.35,21,598,14,0.3068345421173348,0.0659768804023258,0.1009682083891838
2024,Chitral Upper,29,0.4857,24.5071,57.0871,195528.0,2500.0,1.0,8392.0,0.2,4,136,9,0.3068345421173348,0.0659768804023258,0.1009682083891838
2024,D.I. Khan,29,2.3714,33.7457,64.9498,1829811.0,,,,,204,938,1,,,
2024,Dir Lower,29,3.7571,32.4161,59.4853,,800.0,1.0,1583.0,0.35,171,2037,44,,,
2024,Dir Upper,29,0.7,24.4955,54.9497,,1200.0,1.0,3699.0,0.35,15,1070,8,,,
2024,Hangu,29,0.8143,30.3911,52.1186,528902.0,900.0,0.0,1097.0,0.2,62,102,0,,0.2266741931470201,
2024,Haripur,29,4.2143,30.4098,64.101,1174783.0,605.0,2.0,1725.0,0.65,16,985,20,0.2159049597616655,0.2307402248974713,0.1735842161718747
2024,Karak,29,4.5429,32.3828,55.5083,815878.0,500.0,0.0,3372.0,0.2,134,341,3,,0.1261380411597485,
2024,Khyber,29,0.3,31.671,46.9426,1146267.0,1000.0,0.0,2576.0,0.2,229,269,39,,0.2138038828212484,
2024,Kohat,29,0.4,33.1879,48.5006,1234661.0,500.0,0.0,2545.0,0.65,127,304,12,,0.1380478168955271,
2024,Kohistan Lower,29,2.2143,7.6234,80.7419,340017.0,1500.0,2.0,1200.0,0.2,6,138,4,0.106363281301893,0.2214027462298784,0.0703450120353036
2024,Kohistan Upper,29,2.2143,7.6234,80.7419,422947.0,2500.0,2.0,4000.0,0.2,7,374,22,0.106363281301893,0.2214027462298784,0.0703450120353036
2024,Kolai Palas,29,2.2143,7.6234,80.7419,280162.0,,,,,4,63,1,,,
2024,L & C Kurram,29,0.8714,18.8023,72.6252,,,,,,3,16,0,,,
2024,Lakki Marwat,29,2.9143,33.7617,57.0904,1040856.0,250.0,1.0,3164.0,0.2,157,566,5,,0.0821484697718273,
2024,Malakand,29,1.8571,31.8198,45.7368,,700.0,1.0,952.0,0.2,31,1150,19,,0.2553169166156745,
2024,Mansehra,29,3.6429,27.3591,63.6593,1797177.0,1000.0,0.0,4579.0,0.2,0,1088,36,0.1347087281498695,0.3091924129121745,0.0432877110202165
2024,Mardan,29,5.6,31.8216,59.8943,2744898.0,300.0,0.0,1632.0,0.65,25,767,0,0.2322681021357315,0.297832776189696,0.0558074652156669
2024,Mohmand,29,1.8571,31.8198,45.7368,553933.0,600.0,0.0,2296.0,0.2,185,133,6,,0.1385157165762774,
2024,North Waziristan,29,2.8714,16.1869,75.0712,693332.0,1000.0,1.0,4707.0,0.2,22,26,NR,,0.1262251178696251,
2024,Nowshera,29,3.7571,32.4746,59.498,1740705.0,280.0,2.0,1748.0,0.65,92,1776,2,0.4755852238902821,0.1723583397166626,0.359931384138789
2024,Orakzai,29,2.0857,28.7102,54.9064,387561.0,1200.0,0.0,1538.0,0.2,22,22,0,,0.3068694194162312,
2024,Peshawar,29,0.1714,33.7746,48.8737,4758762.0,330.0,0.0,1257.0,0.75,44,3061,62,,0.2307324116767994,
2024,SD Peshawar,29,,,,,,,,,0,6,0,,,
2024,SD Tank,29,0.8429,34.2345,56.0929,,,,,,25,5,0,,,
2024,Shangla,29,3.4571,21.644,57.7914,,2000.0,2.0,1586.0,0.35,956,1609,38,0.0099817125826607,0.393565044262104,0.0036249621794838
2024,SWA,29,,,,,,,,,172,158,9,,,
2024,Swabi,29,2.7,30.8339,67.0892,1894600.0,340.0,2.0,1543.0,0.65,51,1414,18,0.3184119573873042,0.2581151026199804,0.2197886878781492
2024,Swat,29,3.9,28.3757,56.1601,,980.0,1.0,5337.0,0.35,56,3723,32,0.1856713985613343,0.2512389844264335,0.1115043181191249
2024,Tank,29,0.8429,34.2345,56.0929,470293.0,250.0,0.0,1679.0,0.2,179,312,38,,0.1081235771873671,
2024,Tor Ghar,29,5.0,30.8493,64.227,200445.0,,,,,124,149,2,,,
2024,Upper Kurram,29,0.8714,18.8023,72.6252,785434.0,,,,,0,44,13,,,
2024,Badin,30,6.3143,31.1621,74.6755,1947081.0,9.0,1.0,6726.0,0.35,5677,4254,105,0.8027625061581626,,0.6543295269973998
2024,Dadu,30,0.0,36.387,53.1089,1742320.0,40.0,2.0,19070.0,0.35,3781,3031,115,0.5204443166916921,0.0714064425692255,0.4850677492486953
2024,Ghotki,30,0.0,36.7284,51.7435,1772609.0,72.0,1.0,6083.0,0.35,1940,1540,0,0.5956844462907648,0.1627806899008924,0.5795201097958363
2024,Hyderabad,30,1.2429,32.9298,66.6184,2432540.0,20.0,2.0,993.0,0.75,243,2225,8,0.3266691763910433,,0.2666021256507054
2024,Jacobabad,30,0.0,38.1256,46.3612,1174097.0,55.0,0.0,2686.0,0.35,522,827,46,0.81621678670491,0.1337629408062553,0.765048050424365
2024,Jamshoro,30,0.8429,33.0596,66.1174,1117308.0,33.0,2.0,11204.0,0.35,1214,2412,22,,,
2024,Kamber,30,0.0,37.6809,48.8212,1514869.0,50.0,0.0,5599.0,0.2,4699,2511,12,,,
2024,Karachi Central,30,,,,3822325.0,,,,,11,1420,25,0.0,,
2024,Karachi East,30,,,,3950031.0,,,,,47,421,3,0.0636568127062423,,
2024,Karachi Keamari,30,,,,2068451.0,,,,,0,282,0,,,
2024,Karachi Korangi,30,,,,3128971.0,,,,,46,356,0,,,
2024,Karachi Malir,30,,,,2403959.0,,,,,473,2167,48,,,
2024,Karachi South,30,,,,2329764.0,,,,,43,111,0,0.1339577661112775,,
2024,Karachi West,30,,,,2679380.0,,,,,174,984,35,0.4809936631333434,-0.0686507421486594,0.5357800362215805
2024,Kashmore,30,0.0,36.9271,50.6894,1233957.0,60.0,2.0,2592.0,0.35,1378,628,4,,,
2024,Khairpur,30,0.0,36.7194,52.1318,2597535.0,53.0,2.0,15910.0,0.5,4823,2688,204,0.6411567276530193,0.163631783834635,0.6140831686358249
2024,Larkana,30,0.0,37.4336,49.7433,1784453.0,48.0,2.0,1906.0,0.5,6947,2503,22,0.7623164259431127,0.0794933899017703,0.7238970501910874
2024,Matiari,30,1.0143,33.2767,65.1127,849383.0,25.0,2.0,1417.0,0.2,1829,2329,8,,,
2024,Mirpurkhas,30,1.9143,33.3188,64.9168,1681386.0,16.0,0.0,2925.0,0.5,3138,3557,61,,,
2024,Naushero Feroze,30,0.0,36.0638,54.7591,1777082.0,38.0,2.0,2945.0,0.2,2579,1483,120,0.3433793035831106,0.2685386732088589,0.2290957526919259
2024,Sanghar,30,0.1143,33.37,64.4574,2308465.0,16.0,1.0,10608.0,0.2,3520,1598,23,0.2036695556182716,0.2556588512678402,0.1785591920228025
2024,Shaheed Benazirabad,30,0.0,35.1891,58.2108,1845102.0,30.0,2.0,4502.0,0.5,2214,2321,90,0.4701323844203283,0.2256095558654162,0.3896499385283281
2024,Shikarpur,30,0.0,36.6549,52.2498,1386330.0,52.0,1.0,2512.0,0.35,2334,1401,3,0.8003907358465258,0.1263220201137808,0.6970004266617051
2024,Sujawal,30,4.0143,31.3337,74.0966,839292.0,,,,,3353,1815,2,,,
2024,Sukkur,30,0.0143,36.1785,53.7549,1639897.0,65.0,2.0,5165.0,0.75,2538,1456,4,0.5571490837338126,0.1177017279946199,0.5191942178437702
2024,Tando Allahyar,30,2.1714,32.7134,67.4165,922012.0,18.0,0.0,2343.0,0.2,2133,2220,14,,,
2024,Tando Muhammad Khan,30,2.6857,32.2758,69.1898,726119.0,14.0,2.0,1733.0,0.2,2170,2035,2,,,
2024,Tharparkar,30,2.5143,30.7171,76.4135,1778407.0,56.0,0.0,19638.0,0.35,3670,3010,51,0.8821546133843484,,0.8578257178447203
2024,Thatta,30,2.9286,31.1033,76.3673,1083191.0,10.0,2.0,17355.0,0.35,2669,3910,13,0.6675848771872968,0.071757669859861,0.7045611903374024
2024,Umerkot,30,1.1,32.1467,68.8706,1159831.0,12.0,0.0,5608.0,0.35,2496,2096,32,0.9565591760141886,,0.9553658753445364
2024,Awaran,30,,,,178958.0,500.0,0.0,29510.0,0.2,50,11,5,0.3043220833150224,0.038345230742345,0.2314600124408017
2024,Barkhan,30,0.2714,31.8551,57.3817,210249.0,1100.0,0.0,3514.0,0.2,100,123,4,0.1375171111124704,0.1614857611411828,0.1283262468997737
2024,Chagai,30,0.0,37.2711,12.0783,269192.0,919.0,0.0,44748.0,0.2,55,133,0,0.7221936735483078,0.0392358348857715,0.6939244403527243
2024,Chaman,30,,,,466218.0,1340.0,0.0,1341.0,0.2,28,131,30,,,
2024,Dera Bugti,30,0.1286,34.9425,52.3346,355274.0,250.0,0.0,10160.0,0.2,159,103,4,0.4491554388270641,0.0621364451486026,0.4204315250790607
2024,Harnai,30,,,,127571.0,,,,,56,107,2,,,
2024,Hub,30,0.3143,30.9591,74.8627,382885.0,,,,,224,219,5,,,
2024,Jaffarabad,30,,,,594558.0,55.0,1.0,1643.0,0.2,854,573,10,0.9107942951443272,0.0851813391737131,0.8247976308932492
2024,Jhal Magsi,30,,,,203368.0,60.0,0.0,3615.0,0.2,317,282,7,0.793026872404641,0.0693045571656498,0.735313789396302
2024,Kalat,30,0.0,27.5173,34.2542,271560.0,2000.0,0.0,7654.0,0.2,59,75,2,0.163072606471445,0.0682519425800683,0.1451909596909845
2024,Kharan,30,0.0,37.5866,24.8291,260352.0,700.0,0.0,14958.0,0.2,58,151,4,0.6549550168089818,0.0367855599252201,0.6224242544422374
2024,Khuzdar,30,0.0286,31.2324,52.6334,997214.0,1237.0,0.0,35380.0,0.2,145,258,12,0.1283275273166725,0.074612811598905,0.0778956857706792
2024,Killa Saifullah,30,0.0,29.7963,46.3558,380200.0,1500.0,0.0,6831.0,0.2,192,237,0,0.5893558456671313,0.0603081442545015,0.4650459347810463
2024,Kohlu,30,0.6286,30.6889,57.4112,260220.0,1000.0,0.0,7610.0,0.2,197,248,33,0.1754967215442479,0.0980629958361738,0.1498558624204326
2024,Lasbella,30,0.7857,30.4222,76.1658,680977.0,,,,,350,405,10,,,
2024,Loralai,30,0.0429,29.335,52.0403,272432.0,1400.0,0.0,3785.0,0.2,72,268,117,0.2337131861874511,0.1039386040727781,0.2050577211839366
2024,Mastung,30,0.0,29.0979,46.4377,313271.0,1700.0,0.0,3308.0,0.2,129,241,20,0.2459378551753213,0.0708155378392571,0.2099734302954554
2024,Musakhel,30,,,,196756.0,1200.0,0.0,5728.0,0.2,100,25,0,0.1517558757544591,0.1801576950128526,0.2681271896395495
2024,Naseerabad,30,0.0,38.2245,46.5225,563315.0,,,,,171,270,1,,,
2024,Nushki,30,0.0,35.8794,17.6912,207834.0,900.0,0.0,5797.0,0.2,28,236,0,,,
2024,Pishin,30,0.0,30.9418,36.6368,835482.0,1550.0,0.0,6218.0,0.2,88,590,61,0.552222987074005,0.0634530111707629,0.3961169089607855
2024,Quetta,30,0.0,29.4221,44.5755,2595492.0,1680.0,0.0,3447.0,0.75,51,666,51,0.3439137607456661,0.0655155609253463,0.3096880348155267
2024,Sherani,30,,,,191687.0,1500.0,0.0,2700.0,0.2,20,28,26,,,
2024,Sohbat pur,30,0.0,37.8268,47.669,240106.0,,,,,215,303,11,,,
2024,Surab,30,0.2,26.5014,49.7833,279038.0,,,,,109,77,0,,,
2024,Usta Muhammad,30,0.0143,38.6665,44.9209,,,,,,434,900,7,,,
2024,Washuk,30,0.0,30.3024,37.3235,302623.0,700.0,0.0,33093.0,0.2,87,209,8,,,
2024,Zhob,30,0.0286,31.4271,42.5782,355692.0,1400.0,0.0,20297.0,0.2,116,227,44,0.4502533597067397,0.0805011970661788,0.4792884388931731
2024,Abbottabad,30,2.9143,26.4206,78.3449,1419072.0,1256.0,0.0,1967.0,0.75,20,1045,33,,,
2024,Bajaur,30,2.0571,27.8438,60.5936,,900.0,0.0,1290.0,0.2,238,1297,8,,0.149890657683368,
2024,Bannu,30,1.1286,34.5607,57.9871,1357890.0,312.0,1.0,1227.0,0.2,1598,897,98,0.5241427243230674,0.1324653517332212,
2024,Battagram,30,2.1857,27.9528,73.0331,335984.0,1036.0,0.0,1301.0,0.2,234,207,0,,,
2024,Buner,30,5.1429,29.8101,70.8104,,700.0,0.0,1865.0,0.35,283,606,5,,0.2324499686050843,
2024,Charsadda,30,1.0429,32.8486,63.7282,1835504.0,300.0,2.0,996.0,0.2,205,1324,88,,0.3078305870670361,
2024,Chitral Lower,30,0.0,28.6649,41.8002,,1500.0,1.0,6458.0,0.35,24,717,7,0.1411549037580201,0.0741198310220864,
2024,Chitral Upper,30,0.0,28.6649,41.8002,195528.0,2500.0,1.0,8392.0,0.2,4,235,5,0.1411549037580201,0.0741198310220864,
2024,D.I. Khan,30,0.0143,34.9633,60.7747,1829811.0,,,,,312,1229,0,,,
2024,Dir Lower,30,6.7714,32.9592,65.8333,,800.0,1.0,1583.0,0.35,197,2174,21,,,
2024,Dir Upper,30,1.0714,26.7503,62.7806,,1200.0,1.0,3699.0,0.35,16,1142,6,,,
2024,Hangu,30,1.9286,31.1696,60.6548,528902.0,900.0,0.0,1097.0,0.2,95,117,2,0.1630536081859133,0.243953780354947,
2024,Haripur,30,5.0143,30.6827,70.9492,1174783.0,605.0,2.0,1725.0,0.65,22,1132,10,,,
2024,Karak,30,2.0857,32.6325,63.278,815878.0,500.0,0.0,3372.0,0.2,179,292,3,0.5204344547281242,0.1739021444474335,
2024,Khyber,30,1.1286,31.8746,57.8523,1146267.0,1000.0,0.0,2576.0,0.2,238,295,43,0.0665062230536363,0.2646934589870767,
2024,Kohat,30,2.2571,32.54,61.1503,1234661.0,500.0,0.0,2545.0,0.65,121,445,25,0.1113039637348977,0.1616209834892253,
2024,Kohistan Lower,30,0.9857,10.6201,75.6615,340017.0,1500.0,2.0,1200.0,0.2,12,148,0,,0.160591302754512,
2024,Kohistan Upper,30,0.9857,10.6201,75.6615,422947.0,2500.0,2.0,4000.0,0.2,40,547,10,,0.160591302754512,
2024,Kolai Palas,30,0.9857,10.6201,75.6615,280162.0,,,,,7,106,1,,,
2024,L & C Kurram,30,1.0857,20.3696,75.9708,,,,,,8,52,8,,,
2024,Lakki Marwat,30,0.0857,34.7837,58.9303,1040856.0,250.0,1.0,3164.0,0.2,249,621,5,0.7849591201839063,0.095947507612547,
2024,Malakand,30,2.7714,31.0989,62.9424,,700.0,1.0,952.0,0.2,89,1267,22,,0.2104030058592166,
2024,Mansehra,30,6.1714,27.1936,74.803,1797177.0,1000.0,0.0,4579.0,0.2,0,1199,23,,,
2024,Mardan,30,4.3714,32.1166,67.1971,2744898.0,300.0,0.0,1632.0,0.65,24,725,0,,0.2703160260314326,
2024,Mohmand,30,2.7714,31.0989,62.9424,553933.0,600.0,0.0,2296.0,0.2,252,141,16,0.5759641176729253,0.1060594909242499,
2024,North Waziristan,30,1.2429,18.2348,69.579,693332.0,1000.0,1.0,4707.0,0.2,30,104,0,0.0916935611405112,0.1795100114355044,
2024,Nowshera,30,6.7714,33.0177,65.8444,1740705.0,280.0,2.0,1748.0,0.65,106,1995,10,,0.1716463518466846,
2024,Orakzai,30,2.6857,29.6001,63.9421,387561.0,1200.0,0.0,1538.0,0.2,25,46,5,0.0721085698586992,0.3624348570054278,
2024,Peshawar,30,1.0714,34.0219,57.0509,4758762.0,330.0,0.0,1257.0,0.75,74,3830,62,,0.2377518345184132,
2024,SD Peshawar,30,,,,,,,,,0,9,0,,,
2024,SD Tank,30,0.1143,35.4047,56.615,,,,,,81,40,2,,,
2024,Shangla,30,2.9143,21.6622,76.0583,,2000.0,2.0,1586.0,0.35,1331,1981,25,,0.2936902737261745,
2024,SWA,30,,,,,,,,,158,195,35,,,
2024,Swabi,30,6.3571,30.9738,73.2642,1894600.0,340.0,2.0,1543.0,0.65,87,2201,50,,0.2426783040629754,
2024,Swat,30,4.6857,28.7569,70.8594,,980.0,1.0,5337.0,0.35,57,4290,29,,0.2061343048552648,
2024,Tank,30,0.1143,35.4047,56.615,470293.0,250.0,0.0,1679.0,0.2,279,217,13,0.512469826659403,0.1201086216661382,
2024,Tor Ghar,30,4.3571,30.9525,70.334,200445.0,,,,,150,110,2,,,
2024,Upper Kurram,30,1.0857,20.3696,75.9708,785434.0,,,,,35,270,28,,,
2024,Badin,31,7.2571,29.7314,79.7564,1947081.0,9.0,1.0,6726.0,0.35,5897,4329,81,0.6143331181964994,,0.6985412698657762
2024,Dadu,31,10.2,33.0036,68.3992,1742320.0,40.0,2.0,19070.0,0.35,3873,2729,131,0.5291715591530417,0.0504591930253198,0.4838532233132186
2024,Ghotki,31,9.5714,33.5912,66.6776,1772609.0,72.0,1.0,6083.0,0.35,1524,1216,0,0.6437687994601035,0.3029565107463512,0.556410797456474
2024,Hyderabad,31,5.0429,30.7568,76.04,2432540.0,20.0,2.0,993.0,0.75,156,1454,12,0.2567210931748269,,0.2322905881050536
2024,Jacobabad,31,11.9571,34.656,62.3267,1174097.0,55.0,0.0,2686.0,0.35,666,680,31,0.8481016516763283,0.1587252101506563,0.7634010771827702
2024,Jamshoro,31,6.9857,30.62,77.4766,1117308.0,33.0,2.0,11204.0,0.35,1841,2237,49,,,
2024,Kamber,31,7.7286,34.1786,63.8658,1514869.0,50.0,0.0,5599.0,0.2,3724,1958,14,,,
2024,Karachi Central,31,,,,3822325.0,,,,,1,1231,29,,,
2024,Karachi East,31,,,,3950031.0,,,,,61,412,5,,,
2024,Karachi Keamari,31,,,,2068451.0,,,,,1,220,5,,,
2024,Karachi Korangi,31,,,,3128971.0,,,,,59,336,2,,,
2024,Karachi Malir,31,,,,2403959.0,,,,,403,2134,39,,,
2024,Karachi South,31,,,,2329764.0,,,,,44,84,0,,,
2024,Karachi West,31,,,,2679380.0,,,,,149,1054,32,0.1286072218128224,,0.1236993367722918
2024,Kashmore,31,11.3571,33.617,66.5811,1233957.0,60.0,2.0,2592.0,0.35,1276,523,4,,,
2024,Khairpur,31,13.4714,33.6046,65.9996,2597535.0,53.0,2.0,15910.0,0.5,4631,2991,169,0.7293761110165463,0.1389851305244553,0.5673608101174206
2024,Larkana,31,9.6571,34.033,64.3406,1784453.0,48.0,2.0,1906.0,0.5,5583,2002,26,0.7655155013697342,0.0826816294819437,0.7482147310604996
2024,Matiari,31,10.1,30.9222,75.419,849383.0,25.0,2.0,1417.0,0.2,1727,1852,12,,,
2024,Mirpurkhas,31,8.2,30.8363,76.207,1681386.0,16.0,0.0,2925.0,0.5,4134,3450,19,,,
2024,Naushero Feroze,31,10.8429,32.7959,69.8437,1777082.0,38.0,2.0,2945.0,0.2,1586,1334,102,0.1550001047319128,0.2543448912156034,0.1407002907170321
2024,Sanghar,31,7.2714,30.6471,78.2043,2308465.0,16.0,1.0,10608.0,0.2,3213,1583,10,0.437020884068742,0.2571118773058739,0.1381245851230276
2024,Shaheed Benazirabad,31,12.5,31.9602,72.4402,1845102.0,30.0,2.0,4502.0,0.5,1739,1869,86,0.3501646409374844,0.2231715148483362,0.3387743785395774
2024,Shikarpur,31,10.4429,33.484,67.2989,1386330.0,52.0,1.0,2512.0,0.35,2000,1108,2,0.7854294696742149,0.1330849041896911,0.7066933313382007
2024,Sujawal,31,7.9714,29.9334,79.433,839292.0,,,,,2698,2385,19,,,
2024,Sukkur,31,13.0286,33.1527,67.8194,1639897.0,65.0,2.0,5165.0,0.75,1879,1343,5,0.6864985296527668,0.136618082978856,0.5126223626258775
2024,Tando Allahyar,31,12.1,30.5593,77.453,922012.0,18.0,0.0,2343.0,0.2,1952,1659,9,,,
2024,Tando Muhammad Khan,31,6.1,30.4234,77.2045,726119.0,14.0,2.0,1733.0,0.2,2723,1659,1,,,
2024,Tharparkar,31,9.8143,29.326,82.4344,1778407.0,56.0,0.0,19638.0,0.35,3312,3167,30,0.5856897599831472,,0.722903790889169
2024,Thatta,31,6.9,29.7664,81.1461,1083191.0,10.0,2.0,17355.0,0.35,2521,3616,12,0.8560880118532534,,0.8124646823458912
2024,Umerkot,31,6.9857,30.4809,76.8359,1159831.0,12.0,0.0,5608.0,0.35,2362,2368,31,0.4680233412717217,,0.7332294459809162
2024,Awaran,31,,,,178958.0,500.0,0.0,29510.0,0.2,24,8,3,0.4126988774644645,0.0296070486410859,0.22401506614864
2024,Barkhan,31,6.3714,29.5116,71.3985,210249.0,1100.0,0.0,3514.0,0.2,155,106,1,0.1620888803767949,0.1562285749187767,0.1013834296198591
2024,Chagai,31,0.0286,36.4857,29.4867,269192.0,919.0,0.0,44748.0,0.2,26,90,2,0.8434937188159125,0.0327433436433587,0.7769957906005475
2024,Dera Bugti,31,11.3429,31.5032,71.6187,355274.0,250.0,0.0,10160.0,0.2,153,79,0,0.4483770307041926,0.0442538659582547,0.4015244427200238
2024,Harnai,31,,,,127571.0,,,,,90,90,6,,,
2024,Hub,31,3.8429,29.2505,82.3997,382885.0,,,,,128,332,0,,,
2024,Jaffarabad,31,,,,594558.0,55.0,1.0,1643.0,0.2,810,498,12,0.8456628318766957,0.0940661632410911,0.8039161678797122
2024,Jhal Magsi,31,,,,203368.0,60.0,0.0,3615.0,0.2,270,239,0,0.7453739049884007,0.0479067737592872,0.7379759350764703
2024,Kalat,31,3.5571,26.125,53.7986,271560.0,2000.0,0.0,7654.0,0.2,76,51,0,0.3071390917896474,0.056110941847348,0.1503607049718666
2024,Kharan,31,0.0714,35.3419,43.2877,260352.0,700.0,0.0,14958.0,0.2,37,147,0,0.7297102726701777,0.0215416839971397,0.6346988212228136
2024,Khuzdar,31,1.8857,28.9041,67.6681,997214.0,1237.0,0.0,35380.0,0.2,186,237,7,0.1490252090917259,0.042160808650165,0.0704690412955216
2024,Killa Abdullah,31,0.0143,34.1829,27.5047,361971.0,1500.0,0.0,3553.0,0.2,32,234,0,0.6251521619731086,0.0477717031554382,0.4965467129724981
2024,Killa Saifullah,31,2.4857,28.6359,56.9142,380200.0,1500.0,0.0,6831.0,0.2,215,278,0,0.5772381353638102,0.0489987537726019,0.4940278505376347
2024,Kohlu,31,6.9571,28.8586,69.6058,260220.0,1000.0,0.0,7610.0,0.2,187,220,4,0.1914095825615533,0.0800063634910008,0.1442781398492251
2024,Lasbella,31,7.2429,28.8734,84.0426,680977.0,,,,,365,351,0,,,
2024,Loralai,31,2.9429,27.8174,65.6557,272432.0,1400.0,0.0,3785.0,0.2,74,267,4,0.2875055202446236,0.0978266641635735,0.2069194350047625
2024,Mastung,31,0.1857,28.3726,56.3025,313271.0,1700.0,0.0,3308.0,0.2,115,280,8,0.3189985571459189,0.0594478963930223,0.2227586000248883
2024,Musakhel,31,,,,196756.0,1200.0,0.0,5728.0,0.2,82,23,8,0.2848604022508737,0.1527532861943815,0.1182138946023544
2024,Naseerabad,31,8.3714,34.7792,61.7512,563315.0,,,,,135,251,0,,,
2024,Nushki,31,0.0,35.6871,32.3651,207834.0,900.0,0.0,5797.0,0.2,19,209,3,,,
2024,Pishin,31,0.9429,31.1087,41.8254,835482.0,1550.0,0.0,6218.0,0.2,91,541,6,0.4865994794791928,0.0550645245774546,0.4354069011483707
2024,Quetta,31,0.2857,28.5876,55.688,2595492.0,1680.0,0.0,3447.0,0.75,38,706,16,0.3963903075231693,0.0547264539643932,0.3148413892155277
2024,Sherani,31,,,,191687.0,1500.0,0.0,2700.0,0.2,8,34,3,,,
2024,Sibi,31,9.9571,35.1623,60.4226,224148.0,130.0,0.0,7121.0,0.2,112,122,14,0.159187792882923,0.0862152091026677,0.1275686489028119
2024,Sohbat pur,31,11.2429,34.3768,63.5222,240106.0,,,,,171,263,2,,,
2024,Surab,31,3.4143,24.6348,69.5739,279038.0,,,,,87,84,0,,,
2024,Usta Muhammad,31,12.1429,34.9618,60.6698,,,,,,423,893,0,,,
2024,Washuk,31,0.7857,27.1548,61.3541,302623.0,700.0,0.0,33093.0,0.2,83,231,5,,,
2024,Zhob,31,2.6,28.8947,60.2898,355692.0,1400.0,0.0,20297.0,0.2,72,118,1,0.6067747544768212,0.0398094098690378,0.4245901044811065
2024,Abbottabad,31,12.9714,25.1902,86.843,1419072.0,1256.0,0.0,1967.0,0.75,25,987,21,0.0757069177486581,,
2024,Bajaur,31,5.9714,25.2235,77.047,,900.0,0.0,1290.0,0.2,195,1129,23,0.0745553512607718,0.2397640753276828,
2024,Bannu,31,9.5714,31.3172,72.9372,1357890.0,312.0,1.0,1227.0,0.2,1488,873,24,0.5241329991411497,,0.4576074877745257
2024,Battagram,31,9.0571,26.3662,83.1601,335984.0,1036.0,0.0,1301.0,0.2,217,152,0,,,
2024,Buner,31,11.7429,27.95,80.5303,,700.0,0.0,1865.0,0.35,372,497,3,0.0011483295256412,0.3205819424848347,
2024,Charsadda,31,12.8714,29.6698,79.4707,1835504.0,300.0,2.0,996.0,0.2,156,1268,0,0.035776623690179,0.351884366324198,
2024,Chitral Lower,31,1.5429,27.5262,62.7351,,1500.0,1.0,6458.0,0.35,15,859,7,0.1345967464391827,0.0414843018244169,0.0
2024,Chitral Upper,31,1.5429,27.5262,62.7351,195528.0,2500.0,1.0,8392.0,0.2,3,235,1,0.1345967464391827,0.0414843018244169,0.0
2024,D.I. Khan,31,9.6429,32.3996,72.8518,1829811.0,,,,,294,1290,45,,,
2024,Dir Lower,31,9.4286,30.0098,80.0314,,800.0,1.0,1583.0,0.35,166,2343,13,,,
2024,Dir Upper,31,6.0857,25.1652,76.5722,,1200.0,1.0,3699.0,0.35,9,1113,22,,,
2024,Hangu,31,6.3,27.8446,80.2069,528902.0,900.0,0.0,1097.0,0.2,105,99,1,0.0628003178016499,0.2304934747363174,0.0463846543957519
2024,Haripur,31,14.1857,28.9408,81.8672,1174783.0,605.0,2.0,1725.0,0.65,30,1014,23,0.1240523817420942,0.2830654418409282,
2024,Karak,31,9.6571,29.3726,78.6194,815878.0,500.0,0.0,3372.0,0.2,159,253,5,0.263583213359099,0.1474128380502946,0.3101112835197752
2024,Khyber,31,9.7429,27.7019,79.2245,1146267.0,1000.0,0.0,2576.0,0.2,299,793,11,0.0546444863652004,0.200917260522573,0.0194296922198224
2024,Kohat,31,9.0143,29.3421,77.1769,1234661.0,500.0,0.0,2545.0,0.65,155,505,3,0.0979852490914305,0.1497914072301899,0.0091030842891807
2024,Kohistan Lower,31,4.6143,11.0585,85.8504,340017.0,1500.0,2.0,1200.0,0.2,4,175,0,0.1691510397849338,0.1929960679901094,
2024,Kohistan Upper,31,4.6143,11.0585,85.8504,422947.0,2500.0,2.0,4000.0,0.2,20,577,18,0.1691510397849338,0.1929960679901094,
2024,Kolai Palas,31,4.6143,11.0585,85.8504,280162.0,,,,,5,61,0,,,
2024,L & C Kurram,31,3.3429,19.8955,85.7191,,,,,,29,74,0,,,
2024,Lakki Marwat,31,4.7429,31.6084,72.7378,1040856.0,250.0,1.0,3164.0,0.2,228,659,4,0.753675306464016,,0.6943390998755784
2024,Malakand,31,13.0,27.8629,79.754,,700.0,1.0,952.0,0.2,92,1012,3,0.017439862909173,0.236343753319537,
2024,Mansehra,31,13.7429,26.079,82.7339,1797177.0,1000.0,0.0,4579.0,0.2,0,936,1,0.1030910654453346,0.2396483709342333,
2024,Mardan,31,12.1286,29.4002,80.8777,2744898.0,300.0,0.0,1632.0,0.65,34,814,7,0.0177243777859825,0.3096751380944562,
2024,Mohmand,31,13.0,27.8629,79.754,553933.0,600.0,0.0,2296.0,0.2,214,140,6,0.2109474490800991,0.1295280116682146,0.3624730662679741
2024,North Waziristan,31,1.4143,18.2,78.2117,693332.0,1000.0,1.0,4707.0,0.2,30,41,0,0.1983479800793169,0.1370393340862527,0.0726273518627834
2024,Nowshera,31,9.4286,30.0683,80.0388,1740705.0,280.0,2.0,1748.0,0.65,98,2285,46,0.1738484216908916,0.1919871104879337,
2024,Orakzai,31,5.6857,26.8632,80.8979,387561.0,1200.0,0.0,1538.0,0.2,31,50,1,0.0015142362983528,0.2884629429211679,0.0015763574558811
2024,Peshawar,31,9.2714,29.8278,77.4596,4758762.0,330.0,0.0,1257.0,0.75,93,3743,22,0.0595549841892657,0.2760313888241706,
2024,SD Peshawar,31,,,,,,,,,0,3,0,,,
2024,SD Tank,31,6.6,32.3616,69.9975,,,,,,43,13,0,,,
2024,Shangla,31,9.9857,20.5036,88.1388,,2000.0,2.0,1586.0,0.35,1523,2205,67,0.0042120875821525,0.4228679358293282,
2024,SWA,31,,,,,,,,,149,100,13,,,
2024,Swabi,31,11.4714,29.1667,81.5304,1894600.0,340.0,2.0,1543.0,0.65,88,1900,47,0.0816827253298159,0.2503458020770704,
2024,Swat,31,5.9714,27.0644,80.549,,980.0,1.0,5337.0,0.35,56,4443,20,0.0770687207810951,0.3263450314358092,
2024,Tank,31,6.6,32.3616,69.9975,470293.0,250.0,0.0,1679.0,0.2,119,208,10,0.4011544212177534,,0.340076204910067
2024,Tor Ghar,31,14.3714,29.0162,81.3284,200445.0,,,,,170,106,0,,,
2024,Upper Kurram,31,3.3429,19.8955,85.7191,785434.0,,,,,24,337,5,,,
2024,Badin,32,0.6125,29.4146,75.6966,1947081.0,9.0,1.0,6726.0,0.35,7188,4910,64,,,
2024,Dadu,32,10.025,31.0859,72.9792,1742320.0,40.0,2.0,19070.0,0.35,4205,2980,113,,0.0682652230237826,
2024,Ghotki,32,1.5125,31.4745,73.0946,1772609.0,72.0,1.0,6083.0,0.35,1891,1651,0,0.7161926442608588,,0.6932470508763102
2024,Hyderabad,32,0.125,30.0977,73.367,2432540.0,20.0,2.0,993.0,0.75,280,2510,16,,,
2024,Jacobabad,32,4.875,31.854,72.9006,1174097.0,55.0,0.0,2686.0,0.35,627,802,42,0.2668247507645148,0.0993966676635886,0.2586229332793533
2024,Jamshoro,32,0.1125,29.8865,75.2539,1117308.0,33.0,2.0,11204.0,0.35,1633,1291,21,,,
2024,Kamber,32,13.1125,31.4712,74.5772,1514869.0,50.0,0.0,5599.0,0.2,4999,2460,14,,,
2024,Karachi Central,32,,,,3822325.0,,,,,10,1264,48,,,
2024,Karachi East,32,,,,3950031.0,,,,,63,522,2,,,
2024,Karachi Keamari,32,,,,2068451.0,,,,,5,338,6,,,
2024,Karachi Korangi,32,,,,3128971.0,,,,,41,419,0,,,
2024,Karachi Malir,32,,,,2403959.0,,,,,428,2176,36,,,
2024,Karachi South,32,,,,2329764.0,,,,,37,100,0,,,
2024,Karachi West,32,,,,2679380.0,,,,,167,988,23,0.5753049068734052,,0.1471352935615014
2024,Kashmore,32,2.2875,31.4206,73.4896,1233957.0,60.0,2.0,2592.0,0.35,1771,635,6,,,
2024,Khairpur,32,3.9625,31.1082,74.5342,2597535.0,53.0,2.0,15910.0,0.5,5167,3045,239,0.1750544460013843,,0.1750544460013843
2024,Larkana,32,8.7125,31.5042,73.6213,1784453.0,48.0,2.0,1906.0,0.5,7467,2833,27,,0.0707568797704594,
2024,Matiari,32,0.2,30.2371,72.8527,849383.0,25.0,2.0,1417.0,0.2,2167,2110,6,,,
2024,Mirpurkhas,32,0.2375,30.0979,73.2962,1681386.0,16.0,0.0,2925.0,0.5,5144,4159,20,,,
2024,Naushero Feroze,32,9.8125,30.8548,74.9355,1777082.0,38.0,2.0,2945.0,0.2,1846,1425,86,,0.4830184549428259,
2024,Sanghar,32,1.6125,29.6183,77.453,2308465.0,16.0,1.0,10608.0,0.2,3920,1699,19,0.2147067430291375,,0.2071819739977424
2024,Shaheed Benazirabad,32,6.1,30.4223,76.0383,1845102.0,30.0,2.0,4502.0,0.5,2050,2273,89,,,
2024,Shikarpur,32,10.2875,31.5169,73.7569,1386330.0,52.0,1.0,2512.0,0.35,2651,1496,3,,,
2024,Sujawal,32,0.675,29.413,76.1284,839292.0,,,,,3786,2514,0,,,
2024,Sukkur,32,7.6625,31.1285,73.9421,1639897.0,65.0,2.0,5165.0,0.75,2686,1432,5,,,
2024,Tando Allahyar,32,0.1,29.9186,74.0418,922012.0,18.0,0.0,2343.0,0.2,2650,2413,15,,,
2024,Tando Muhammad Khan,32,0.3125,29.8946,73.3081,726119.0,14.0,2.0,1733.0,0.2,3053,1925,0,,,
2024,Tharparkar,32,2.275,28.505,82.1474,1778407.0,56.0,0.0,19638.0,0.35,3649,3550,41,0.7240330993739497,,0.6297493365005349
2024,Thatta,32,0.65,29.2014,77.9272,1083191.0,10.0,2.0,17355.0,0.35,2798,4211,13,,,
2024,Umerkot,32,1.3375,29.6686,74.7046,1159831.0,12.0,0.0,5608.0,0.35,2355,2937,37,0.649206052850878,,0.6135638140428686
2024,Awaran,32,,,,178958.0,500.0,0.0,29510.0,0.2,51,23,7,0.445645616713168,0.003638787604408,0.2716558714426782
2024,Barkhan,32,3.4625,27.1439,83.9446,210249.0,1100.0,0.0,3514.0,0.2,126,115,53,0.1347368426749974,0.1380645041572025,0.08967066702822
2024,Chagai,32,0.1125,34.2361,37.3351,269192.0,919.0,0.0,44748.0,0.2,53,142,26,0.7593420311628847,0.0196392395592456,0.8217741686929259
2024,Chaman,32,,,,466218.0,1340.0,0.0,1341.0,0.2,80,147,19,,,
2024,Dera Bugti,32,3.6625,29.0283,83.7938,355274.0,250.0,0.0,10160.0,0.2,166,96,12,0.2260542533963793,0.0588074489539021,0.2049835299395183
2024,Duki,32,,,,205044.0,1100.0,0.0,4233.0,0.2,16,55,9,,,
2024,Hub,32,0.7625,28.2004,82.4209,382885.0,,,,,80,112,1,,,
2024,Jaffarabad,32,,,,594558.0,55.0,1.0,1643.0,0.2,828,525,4,,0.0817761257015515,
2024,Jhal Magsi,32,,,,203368.0,60.0,0.0,3615.0,0.2,351,277,7,,0.0548925409404979,
2024,Kalat,32,2.15,22.8909,68.1846,271560.0,2000.0,0.0,7654.0,0.2,82,72,38,0.5940951143956549,0.0548932911313687,0.3803454917151786
2024,Kharan,32,0.2125,33.2296,46.7253,260352.0,700.0,0.0,14958.0,0.2,40,152,4,0.7455856011812816,0.0178394173051369,0.6853222606433375
2024,Khuzdar,32,8.325,25.6306,82.0431,997214.0,1237.0,0.0,35380.0,0.2,292,324,39,0.3640997668860631,0.0409654490555272,0.1705682745291299
2024,Killa Abdullah,32,0.3,32.5765,31.431,361971.0,1500.0,0.0,3553.0,0.2,25,177,33,,0.0519460951955986,
2024,Killa Saifullah,32,2.35,26.0187,73.8757,380200.0,1500.0,0.0,6831.0,0.2,172,257,17,0.4308168400282489,0.0623152647656553,0.4114424559025153
2024,Kohlu,32,4.125,26.627,80.3048,260220.0,1000.0,0.0,7610.0,0.2,210,307,60,0.1725582963113672,0.0667249520035731,0.1501948018426463
2024,Lasbella,32,4.55,27.3279,87.2996,680977.0,,,,,328,498,4,,,
2024,Loralai,32,1.3625,25.3774,80.7497,272432.0,1400.0,0.0,3785.0,0.2,79,277,21,0.2517990720487688,0.09234954849871,0.2317215952968137
2024,Mastung,32,1.8875,26.8968,56.1707,313271.0,1700.0,0.0,3308.0,0.2,165,297,45,,0.0591381265809742,
2024,Naseerabad,32,5.95,31.7411,73.3971,563315.0,,,,,153,291,54,,,
2024,Panjgur,32,1.4625,25.6149,80.5964,509781.0,900.0,0.0,16891.0,0.2,116,117,5,0.519487647371632,0.0112327016810356,0.4737621629395548
2024,Quetta,32,1.825,27.5022,55.0348,2595492.0,1680.0,0.0,3447.0,0.75,20,532,65,,0.0598571310785364,
2024,Sherani,32,,,,191687.0,1500.0,0.0,2700.0,0.2,18,29,9,,,
2024,Sibi,32,6.8125,31.3908,79.9179,224148.0,130.0,0.0,7121.0,0.2,64,54,9,,0.0409289411347168,
2024,Sohbat pur,32,4.35,31.8223,72.6544,240106.0,,,,,211,355,21,,,
2024,Surab,32,5.45,22.5367,74.4453,279038.0,,,,,25,24,1,,,
2024,Usta Muhammad,32,13.0625,31.629,74.3448,,,,,,313,913,13,,,
2024,Washuk,32,3.975,24.0341,76.0098,302623.0,700.0,0.0,33093.0,0.2,104,248,9,,,
2024,Zhob,32,1.1125,28.3792,61.9284,355692.0,1400.0,0.0,20297.0,0.2,112,208,21,0.3050291114940003,0.0554844313242891,0.2621675178041194
2024,Ziarat,32,,,,189535.0,2400.0,0.0,3301.0,0.2,109,86,26,,0.1007317334132814,
2024,Abbottabad,32,9.0875,23.9171,89.2687,1419072.0,1256.0,0.0,1967.0,0.75,32,1454,38,0.0012055603278934,,0.0
2024,Bajaur,32,3.9375,23.7904,83.1783,,900.0,0.0,1290.0,0.2,273,1437,5,,,
2024,Bannu,32,9.375,29.6917,78.243,1357890.0,312.0,1.0,1227.0,0.2,1785,918,124,0.5021421820339768,,0.4356496590889175
2024,Battagram,32,15.35,25.3008,84.9204,335984.0,1036.0,0.0,1301.0,0.2,185,165,0,,,
2024,Buner,32,10.75,26.625,83.527,,700.0,0.0,1865.0,0.35,360,434,16,0.0169184865111808,,2.3318121035324588e-05
2024,Charsadda,32,17.4375,28.4235,81.896,1835504.0,300.0,2.0,996.0,0.2,246,703,30,,,
2024,Chitral Lower,32,0.3,26.9454,59.3812,,1500.0,1.0,6458.0,0.35,31,1261,15,0.2143490101332728,0.0357883180667301,0.0823984318407669
2024,Chitral Upper,32,0.3,26.9454,59.3812,195528.0,2500.0,1.0,8392.0,0.2,5,227,4,0.2143490101332728,0.0357883180667301,0.0823984318407669
2024,D.I. Khan,32,6.225,30.9495,77.501,1829811.0,,,,,356,1232,0,,,
2024,Dir Lower,32,13.35,28.8416,82.8149,,800.0,1.0,1583.0,0.35,195,2317,47,,,
2024,Dir Upper,32,4.325,23.9456,80.4691,,1200.0,1.0,3699.0,0.35,16,1627,6,,,
2024,Hangu,32,8.1875,26.7633,82.8996,528902.0,900.0,0.0,1097.0,0.2,143,84,0,0.1367327943677099,,0.0449258673667253
2024,Haripur,32,12.55,27.5964,83.7972,1174783.0,605.0,2.0,1725.0,0.65,23,1426,27,0.1056310050684865,,0.096437736021035
2024,Karak,32,4.8,28.2989,81.536,815878.0,500.0,0.0,3372.0,0.2,227,326,3,0.5378204859026494,,0.3045193463341668
2024,Khyber,32,8.2125,25.9721,85.0261,1146267.0,1000.0,0.0,2576.0,0.2,316,441,34,0.1167456105162465,,0.0199031073533496
2024,Kohat,32,8.125,28.2432,80.9284,1234661.0,500.0,0.0,2545.0,0.65,174,536,11,0.0909257672210932,,0.007013692033856
2024,Kohistan Lower,32,2.8125,10.1911,84.089,340017.0,1500.0,2.0,1200.0,0.2,4,221,69,0.0626474128196612,,0.0314980245445963
2024,Kohistan Upper,32,2.8125,10.1911,84.089,422947.0,2500.0,2.0,4000.0,0.2,18,581,1,0.0626474128196612,,0.0314980245445963
2024,Kolai Palas,32,2.8125,10.1911,84.089,280162.0,,,,,6,61,1,,,
2024,L & C Kurram,32,2.875,19.3538,87.2601,,,,,,29,56,10,,,
2024,Lakki Marwat,32,3.825,30.2395,76.8144,1040856.0,250.0,1.0,3164.0,0.2,228,750,9,0.840356826587354,0.0427339523571601,0.722033782207406
2024,Malakand,32,8.1625,26.4973,83.1574,,700.0,1.0,952.0,0.2,95,1238,40,,,
2024,Mansehra,32,9.25,24.8538,83.7374,1797177.0,1000.0,0.0,4579.0,0.2,4,1143,22,0.0967852853485145,,0.0276882856151501
2024,Mardan,32,15.625,28.3084,82.182,2744898.0,300.0,0.0,1632.0,0.65,48,855,0,0.070035837256693,,0.0039856650973227
2024,Mohmand,32,8.1625,26.4973,83.1574,553933.0,600.0,0.0,2296.0,0.2,218,158,16,0.7115251897860593,,0.383318544809228
2024,North Waziristan,32,1.5,17.9062,77.9971,693332.0,1000.0,1.0,4707.0,0.2,10,32,1,0.1621535553780644,0.1380762182414929,0.0776989781920068
2024,Nowshera,32,13.35,28.9001,82.8213,1740705.0,280.0,2.0,1748.0,0.65,97,2244,20,0.2663335326442869,,0.1830158594573047
2024,Orakzai,32,7.8625,25.7065,84.661,387561.0,1200.0,0.0,1538.0,0.2,10,4,0,0.0881896600362344,,0.0009991098127472
2024,Peshawar,32,9.675,28.2547,82.0014,4758762.0,330.0,0.0,1257.0,0.75,71,3754,82,,,
2024,SD Peshawar,32,,,,,,,,,2,4,0,,,
2024,SD Tank,32,8.9875,30.6977,76.336,,,,,,84,37,0,,,
2024,Shangla,32,16.5,19.3745,90.5102,,2000.0,2.0,1586.0,0.35,1562,2278,12,0.0059705601036964,,0.0022776516609957
2024,SWA,32,,,,,,,,,158,118,34,,,
2024,Swabi,32,12.175,28.0838,82.6538,1894600.0,340.0,2.0,1543.0,0.65,77,1891,50,0.0764166149013082,,0.0616242190728208
2024,Swat,32,10.675,25.7287,85.7566,,980.0,1.0,5337.0,0.35,67,4263,30,0.1417283585069544,,0.0502401686375684
2024,Tank,32,8.9875,30.6977,76.336,470293.0,250.0,0.0,1679.0,0.2,206,361,39,0.6065301302579784,0.1123946826736013,0.3727038747664208
2024,Tor Ghar,32,11.4625,27.6804,82.8189,200445.0,,,,,240,101,0,,,
2024,Upper Kurram,32,2.875,19.3538,87.2601,785434.0,,,,,36,222,12,,,
2024,Badin,33,2.2,29.8216,74.4498,1947081.0,9.0,1.0,6726.0,0.35,7169,4922,93,0.7046981744198095,,
2024,Dadu,33,21.8857,31.4084,72.5479,1742320.0,40.0,2.0,19070.0,0.35,4205,3164,114,0.5275224716524957,0.0880070902362251,
2024,Ghotki,33,25.9857,31.8138,70.1378,1772609.0,72.0,1.0,6083.0,0.35,1952,1697,0,0.6108798659862842,0.2212447297218731,0.679779288986099
2024,Hyderabad,33,4.0143,30.5354,72.259,2432540.0,20.0,2.0,993.0,0.75,534,1675,10,0.3515339738433484,,
2024,Jacobabad,33,10.2857,32.0548,70.0159,1174097.0,55.0,0.0,2686.0,0.35,713,862,49,0.6299067206423407,0.2164752210431115,0.2301099600211099
2024,Jamshoro,33,3.9857,30.6287,71.9307,1117308.0,33.0,2.0,11204.0,0.35,1836,2135,55,,,
2024,Kamber,33,17.5143,31.7059,71.2279,1514869.0,50.0,0.0,5599.0,0.2,4574,2342,17,,,
2024,Karachi Central,33,,,,3822325.0,,,,,58,1175,103,0.0,,
2024,Karachi East,33,,,,3950031.0,,,,,55,407,1,0.0580961189326208,,
2024,Karachi Keamari,33,,,,2068451.0,,,,,0,245,5,,,
2024,Karachi Korangi,33,,,,3128971.0,,,,,46,367,2,,,
2024,Karachi Malir,33,,,,2403959.0,,,,,405,2114,29,,,
2024,Karachi South,33,,,,2329764.0,,,,,39,95,0,0.1171006865286661,,
2024,Karachi West,33,,,,2679380.0,,,,,141,881,29,0.3200956072033188,,0.376879077243075
2024,Kashmore,33,17.7286,31.6789,70.7378,1233957.0,60.0,2.0,2592.0,0.35,1552,593,17,,,
2024,Khairpur,33,17.3429,31.4807,70.8193,2597535.0,53.0,2.0,15910.0,0.5,4503,3258,225,0.89099913871687,0.1310515568192405,0.1750544460013843
2024,Larkana,33,14.4286,31.7259,70.6901,1784453.0,48.0,2.0,1906.0,0.5,6761,2509,37,0.7518321711600844,0.1174625699970318,
2024,Matiari,33,3.9429,30.7755,71.1912,849383.0,25.0,2.0,1417.0,0.2,1789,1787,8,,,
2024,Mirpurkhas,33,8.1857,30.4179,72.9634,1681386.0,16.0,0.0,2925.0,0.5,4074,3518,6,,,
2024,Naushero Feroze,33,20.1714,31.1456,74.4578,1777082.0,38.0,2.0,2945.0,0.2,1943,1307,98,0.3313045461602994,0.3016254990739018,
2024,Sanghar,33,5.8429,30.3224,73.7577,2308465.0,16.0,1.0,10608.0,0.2,3266,1485,17,0.4876591053772294,0.2052835521954326,0.2147067430291375
2024,Shaheed Benazirabad,33,5.5714,30.9814,74.2691,1845102.0,30.0,2.0,4502.0,0.5,1707,2242,115,0.4381553707318054,0.2461096814390704,
2024,Shikarpur,33,17.2857,31.47,71.9574,1386330.0,52.0,1.0,2512.0,0.35,2393,1291,6,0.846145758862862,0.1728891091246537,
2024,Sujawal,33,1.6857,29.4881,76.2841,839292.0,,,,,3421,3437,0,,,
2024,Sukkur,33,21.7286,31.4821,70.5402,1639897.0,65.0,2.0,5165.0,0.75,2287,1267,5,0.7179629399846572,0.1357605533482934,
2024,Tando Allahyar,33,3.5143,30.2655,73.3799,922012.0,18.0,0.0,2343.0,0.2,2041,1856,15,,,
2024,Tando Muhammad Khan,33,2.6,29.8651,74.9686,726119.0,14.0,2.0,1733.0,0.2,2547,1681,0,,,
2024,Tharparkar,33,1.3429,29.3216,77.4912,1778407.0,56.0,0.0,19638.0,0.35,3365,3510,51,0.5498139325769926,,0.6238442887914539
2024,Thatta,33,0.6571,29.5575,76.065,1083191.0,10.0,2.0,17355.0,0.35,2261,3051,23,0.6683335853341734,,
2024,Umerkot,33,2.3714,30.1958,72.7774,1159831.0,12.0,0.0,5608.0,0.35,2316,2504,28,0.5473039740417213,,0.6221248730640847
2024,Awaran,33,,,,178958.0,500.0,0.0,29510.0,0.2,30,13,4,0.481510381502685,0.028959053630105,0.3245314998083485
2024,Barkhan,33,6.9714,26.5348,83.267,210249.0,1100.0,0.0,3514.0,0.2,112,94,35,0.1798732193560109,0.1688642760395899,0.0745182311033158
2024,Chagai,33,0.0,35.3563,32.5707,269192.0,919.0,0.0,44748.0,0.2,47,141,32,0.8412952855766304,0.0284425179802121,0.8155099060969605
2024,Chaman,33,,,,466218.0,1340.0,0.0,1341.0,0.2,69,112,43,,,
2024,Dera Bugti,33,12.3714,28.5624,82.6169,355274.0,250.0,0.0,10160.0,0.2,156,79,19,0.5137399741574785,0.1110441676473828,0.1917547982254585
2024,Harnai,33,,,,127571.0,,,,,104,118,0,,,
2024,Hub,33,1.0571,28.4272,81.9643,382885.0,,,,,49,98,1,,,
2024,Jaffarabad,33,,,,594558.0,55.0,1.0,1643.0,0.2,721,441,5,0.7885090584253437,0.0973066157610217,
2024,Jhal Magsi,33,,,,203368.0,60.0,0.0,3615.0,0.2,399,199,6,0.7017834645188573,0.0771369599710151,
2024,Kalat,33,1.4571,24.3601,59.3651,271560.0,2000.0,0.0,7654.0,0.2,83,62,47,0.2982374343831302,0.0665486597647645,0.3607786822620751
2024,Kharan,33,0.2429,34.9392,40.5652,260352.0,700.0,0.0,14958.0,0.2,35,148,0,0.710004801444447,0.0261393561792002,0.6817413035447295
2024,Khuzdar,33,13.0286,25.8904,80.0267,997214.0,1237.0,0.0,35380.0,0.2,242,424,39,0.12223028712754,0.0682944141732255,0.178065065037978
2024,Killa Abdullah,33,0.0,33.1737,28.8273,361971.0,1500.0,0.0,3553.0,0.2,44,257,84,0.6821015469165336,0.050291143275897,
2024,Killa Saifullah,33,2.0714,26.1412,68.9355,380200.0,1500.0,0.0,6831.0,0.2,157,171,6,0.682123453483482,0.0601211372194741,
2024,Kohlu,33,9.9857,25.533,83.5582,260220.0,1000.0,0.0,7610.0,0.2,164,249,65,0.2620215552427805,0.1138134951880004,0.1384813519204999
2024,Lasbella,33,2.0,27.3493,86.9398,680977.0,,,,,336,461,5,,,
2024,Loralai,33,3.5,25.4049,75.0457,272432.0,1400.0,0.0,3785.0,0.2,72,283,27,0.3758377058415824,0.0970242329511029,0.2211419003656555
2024,Mastung,33,0.3286,26.6098,63.451,313271.0,1700.0,0.0,3308.0,0.2,143,318,40,0.3506306036228912,0.0652661988188171,
2024,Naseerabad,33,15.0857,31.8539,71.0068,563315.0,,,,,143,252,50,,,
2024,Nushki,33,1.9429,34.2232,37.4698,207834.0,900.0,0.0,5797.0,0.2,23,184,0,,,
2024,Panjgur,33,0.2286,28.1007,65.03,509781.0,900.0,0.0,16891.0,0.2,223,188,11,0.5501880192979973,0.0321915949939382,0.4583429969923729
2024,Pishin,33,0.0286,29.8051,42.852,835482.0,1550.0,0.0,6218.0,0.2,57,354,58,0.6328097281128378,0.0588192250496725,
2024,Quetta,33,0.5286,27.2971,58.5239,2595492.0,1680.0,0.0,3447.0,0.75,28,504,63,0.4203148771721144,0.0526774615404273,
2024,Sherani,33,,,,191687.0,1500.0,0.0,2700.0,0.2,18,30,6,,,
2024,Sibi,33,9.5857,31.5724,76.0028,224148.0,130.0,0.0,7121.0,0.2,95,111,21,0.1206759575531756,0.1062243701852322,
2024,Sohbat pur,33,12.8571,31.9309,70.4249,240106.0,,,,,188,298,18,,,
2024,Surab,33,6.2857,22.1187,82.7508,279038.0,,,,,46,43,0,,,
2024,Usta Muhammad,33,12.5286,32.0871,70.0478,,,,,,233,799,12,,,
2024,Zhob,33,1.9857,27.4866,64.4391,355692.0,1400.0,0.0,20297.0,0.2,123,138,15,0.5636436193101239,0.0507048041111705,0.2118962583929661
2024,Abbottabad,33,7.4857,24.0965,85.9488,1419072.0,1256.0,0.0,1967.0,0.75,21,1459,49,0.0913190508928073,,0.0004738103643694
2024,Bajaur,33,4.3429,24.1185,76.3463,,900.0,0.0,1290.0,0.2,275,1246,3,0.0377432708831071,,
2024,Bannu,33,10.9286,29.3865,77.7779,1357890.0,312.0,1.0,1227.0,0.2,1473,849,70,0.4982927448316095,,0.4340221249051722
2024,Battagram,33,6.6429,25.3225,84.5292,335984.0,1036.0,0.0,1301.0,0.2,0,226,0,,,
2024,Buner,33,11.5857,26.5547,83.4458,,700.0,0.0,1865.0,0.35,243,312,8,0.0020636579414004,,2.3318121035324588e-05
2024,Charsadda,33,8.0286,28.6049,80.9416,1835504.0,300.0,2.0,996.0,0.2,207,652,31,0.0312380883083723,,
2024,Chitral Lower,33,0.0143,27.0208,58.1321,,1500.0,1.0,6458.0,0.35,34,906,12,0.0949663560445381,0.0403950419699875,0.0667367793622168
2024,Chitral Upper,33,0.0143,27.0208,58.1321,195528.0,2500.0,1.0,8392.0,0.2,8,225,14,0.0949663560445381,0.0403950419699875,0.0667367793622168
2024,D.I. Khan,33,8.8857,29.8109,81.0073,1829811.0,,,,,334,988,2,,,
2024,Dir Lower,33,7.1,29.1095,80.4401,,800.0,1.0,1583.0,0.35,108,2303,40,,,
2024,Dir Upper,33,3.3286,24.1937,75.6935,,1200.0,1.0,3699.0,0.35,11,745,2,,,
2024,Hangu,33,5.9857,26.5527,81.6254,528902.0,900.0,0.0,1097.0,0.2,22,147,NR,0.0748707146731115,,0.0575692849258674
2024,Haripur,33,5.7714,27.6616,82.7215,1174783.0,605.0,2.0,1725.0,0.65,25,1222,24,0.1378784918599749,,0.1000230817952151
2024,Karak,33,5.5857,27.9119,81.6876,815878.0,500.0,0.0,3372.0,0.2,256,338,7,0.3670352377799506,,0.3975884562465551
2024,Khyber,33,6.9571,26.6049,81.1384,1146267.0,1000.0,0.0,2576.0,0.2,292,547,61,0.0614108652163641,,0.0188330122680726
2024,Kohat,33,7.0571,28.245,78.7565,1234661.0,500.0,0.0,2545.0,0.65,162,467,11,0.2177501925404484,,0.0219181458859407
2024,Kohistan Lower,33,4.8571,10.28,83.2808,340017.0,1500.0,2.0,1200.0,0.2,7,154,0,0.1474240555455264,0.1782743712617132,0.0296032713091943
2024,Kohistan Upper,33,4.8571,10.28,83.2808,422947.0,2500.0,2.0,4000.0,0.2,18,416,6,0.1474240555455264,0.1782743712617132,0.0296032713091943
2024,Kolai Palas,33,4.8571,10.28,83.2808,280162.0,,,,,7,73,0,,,
2024,L & C Kurram,33,4.1286,18.7029,87.0658,,,,,,43,42,5,,,
2024,Lakki Marwat,33,4.0714,29.5945,78.2267,1040856.0,250.0,1.0,3164.0,0.2,192,757,4,0.791075013172606,,0.7593946585825374
2024,Malakand,33,6.7,26.8415,79.1088,,700.0,1.0,952.0,0.2,13,1058,27,0.0093908921560687,,
2024,Mansehra,33,10.2571,24.9418,82.0583,1797177.0,1000.0,0.0,4579.0,0.2,6,884,10,0.1195248368063742,0.2226541046494767,0.0293511425340174
2024,Mardan,33,7.6571,28.4392,81.4223,2744898.0,300.0,0.0,1632.0,0.65,14,817,0,0.0058966849411925,,0.0033813505726934
2024,Mohmand,33,6.7,26.8415,79.1088,553933.0,600.0,0.0,2296.0,0.2,236,169,8,0.1764734623981485,,0.2845312037858621
2024,North Waziristan,33,3.0,17.0851,79.2594,693332.0,1000.0,1.0,4707.0,0.2,47,58,2,0.1739380703033209,,0.0743635808672164
2024,Nowshera,33,7.1,29.168,80.4473,1740705.0,280.0,2.0,1748.0,0.65,82,2076,20,0.1489736450232379,,0.1829902337632755
2024,Orakzai,33,8.4286,25.4945,82.7751,387561.0,1200.0,0.0,1538.0,0.2,21,40,0,0.0240924903661161,,0.0163164427615865
2024,Peshawar,33,10.2571,28.5397,80.561,4758762.0,330.0,0.0,1257.0,0.75,95,3936,107,0.0871217152361861,,
2024,SD Peshawar,33,,,,,,,,,0,5,0,,,
2024,SD Tank,33,8.5143,29.8723,76.9844,,,,,,37,9,0,,,
2024,Shangla,33,7.6714,19.5565,87.9347,,2000.0,2.0,1586.0,0.35,1136,1813,6,0.0064363114122427,0.0014128961710593,0.0027143661049194
2024,SWA,33,,,,,,,,,164,111,18,,,
2024,Swabi,33,11.7,28.1723,81.477,1894600.0,340.0,2.0,1543.0,0.65,68,1781,37,0.0780771198940429,,0.0611497108893333
2024,Swat,33,6.8,25.7066,84.6658,,980.0,1.0,5337.0,0.35,44,2317,43,0.0841919587193229,0.1400197726580471,0.0565508347328739
2024,Tank,33,8.5143,29.8723,76.9844,470293.0,250.0,0.0,1679.0,0.2,246,213,40,0.620916038797849,,0.5726966246940445
2024,Tor Ghar,33,4.3143,27.8516,82.2592,200445.0,,,,,144,108,2,,,
2024,Upper Kurram,33,4.1286,18.7029,87.0658,785434.0,,,,,29,207,20,,,
2024,Badin,34,2.6143,30.4061,69.8959,1947081.0,9.0,1.0,6726.0,0.35,8031,4688,103,0.4032795548727804,,0.3785194253295809
2024,Dadu,34,20.4143,30.0876,78.431,1742320.0,40.0,2.0,19070.0,0.35,3818,3397,117,0.4148376839264792,0.1245625499186217,0.3690506476492375
2024,Ghotki,34,4.5571,30.5341,77.3068,1772609.0,72.0,1.0,6083.0,0.35,2129,2237,0,0.5922042260987842,0.2212596320131801,0.5472374825921862
2024,Hyderabad,34,0.9,30.1949,72.125,2432540.0,20.0,2.0,993.0,0.75,288,2292,11,0.1873891989279701,,0.1763271648461748
2024,Jacobabad,34,3.8571,30.5569,78.8426,1174097.0,55.0,0.0,2686.0,0.35,733,944,49,0.6467582878427578,0.2128158742421497,0.4734184979699221
2024,Jamshoro,34,1.3286,29.8813,74.5142,1117308.0,33.0,2.0,11204.0,0.35,1840,2482,38,,,
2024,Kamber,34,10.7857,30.2601,80.8281,1514869.0,50.0,0.0,5599.0,0.2,4929,2263,16,,,
2024,Karachi Central,34,,,,3822325.0,,,,,98,1277,122,0.0,,0.0
2024,Karachi East,34,,,,3950031.0,,,,,60,562,6,0.0567373457107297,,0.0364585117436828
2024,Karachi Keamari,34,,,,2068451.0,,,,,2,289,1,,,
2024,Karachi Korangi,34,,,,3128971.0,,,,,50,407,0,,,
2024,Karachi Malir,34,,,,2403959.0,,,,,425,2159,40,,,
2024,Karachi South,34,,,,2329764.0,,,,,42,64,0,0.1370972994802183,,0.1029271914854812
2024,Karachi West,34,,,,2679380.0,,,,,156,799,27,0.2487258576696494,,0.1816379378190097
2024,Kashmore,34,2.5857,30.4825,77.4465,1233957.0,60.0,2.0,2592.0,0.35,1514,614,6,,,
2024,Khairpur,34,3.3429,30.179,80.0101,2597535.0,53.0,2.0,15910.0,0.5,5754,3502,230,0.6810233110012711,0.162199236909563,0.7884216400535502
2024,Larkana,34,7.6857,30.3024,80.2964,1784453.0,48.0,2.0,1906.0,0.5,6751,2608,24,0.6144448510668167,0.1145707685479537,0.5880824230541621
2024,Matiari,34,1.0429,30.3475,71.4737,849383.0,25.0,2.0,1417.0,0.2,1783,2016,10,,,
2024,Mirpurkhas,34,0.8571,30.5586,70.5626,1681386.0,16.0,0.0,2925.0,0.5,5365,3761,25,,,
2024,Naushero Feroze,34,19.4571,29.8423,81.1049,1777082.0,38.0,2.0,2945.0,0.2,2255,1720,127,0.1945763973260691,0.261998493441039,0.1768484159873282
2024,Sanghar,34,1.4857,29.9501,75.6616,2308465.0,16.0,1.0,10608.0,0.2,3614,1561,24,0.4299142524972896,0.2461780353877515,0.3967274808197786
2024,Shaheed Benazirabad,34,3.7286,30.1602,77.3344,1845102.0,30.0,2.0,4502.0,0.5,2124,2399,105,0.3193257995284929,0.2514885945610993,0.2789377332921234
2024,Shikarpur,34,6.3571,30.0989,80.8135,1386330.0,52.0,1.0,2512.0,0.35,2898,1461,6,0.6508657470644245,0.1731515887655886,0.5993663877090429
2024,Sujawal,34,0.8714,29.9831,71.8795,839292.0,,,,,2468,3015,0,,,
2024,Sukkur,34,6.0286,30.2521,79.3421,1639897.0,65.0,2.0,5165.0,0.75,2678,1582,12,0.6261296225166978,0.1338818731041185,0.623664320564876
2024,Tando Allahyar,34,0.7714,30.3271,71.066,922012.0,18.0,0.0,2343.0,0.2,2783,1670,41,,,
2024,Tando Muhammad Khan,34,0.9429,30.3835,70.4108,726119.0,14.0,2.0,1733.0,0.2,2496,1810,1,,,
2024,Tharparkar,34,1.4857,31.2647,64.8312,1778407.0,56.0,0.0,19638.0,0.35,3236,3474,39,0.5000737483361947,0.1923733270600684,0.4113305759519123
2024,Thatta,34,0.5429,29.9182,72.2845,1083191.0,10.0,2.0,17355.0,0.35,2069,2669,15,0.5695472124532545,0.102872441169846,0.5257580957024862
2024,Umerkot,34,1.4143,30.5098,69.8112,1159831.0,12.0,0.0,5608.0,0.35,2215,2456,28,0.4280524174601708,0.1584838873613566,0.3853146644087542
2024,Awaran,34,,,,178958.0,500.0,0.0,29510.0,0.2,75,32,0,0.4701009741123679,0.0379799189982059,0.3446745015068328
2024,Barkhan,34,2.6571,25.639,85.0234,210249.0,1100.0,0.0,3514.0,0.2,76,132,1,0.0665423138773312,0.1182359086724309,0.0564991003762062
2024,Chagai,34,0.0,32.3006,22.4561,269192.0,919.0,0.0,44748.0,0.2,217,51,2,0.794144926777268,0.0357491503844392,0.8385600762292756
2024,Chaman,34,,,,466218.0,1340.0,0.0,1341.0,0.2,144,49,0,,,
2024,Dera Bugti,34,3.0286,27.5871,86.0101,355274.0,250.0,0.0,10160.0,0.2,44,141,0,0.2587318727504684,0.0393414016798706,0.2371679017585226
2024,Duki,34,,,,205044.0,1100.0,0.0,4233.0,0.2,75,41,10,,,
2024,Harnai,34,,,,127571.0,,,,,11,77,3,,,
2024,Hub,34,0.8286,28.8859,76.2687,382885.0,,,,,31,77,0,,,
2024,Jaffarabad,34,,,,594558.0,55.0,1.0,1643.0,0.2,77,856,30,0.7268155116729188,0.1512672016098399,0.6832676967597527
2024,Jhal Magsi,34,,,,203368.0,60.0,0.0,3615.0,0.2,239,105,12,0.4779695029157859,,0.4546818624159318
2024,Kalat,34,1.2714,21.764,51.8699,271560.0,2000.0,0.0,7654.0,0.2,2,59,0,0.3060834950387592,,0.1339251702211132
2024,Kharan,34,0.1857,31.7788,35.0949,260352.0,700.0,0.0,14958.0,0.2,381,51,0,0.738926825139316,0.0366064343550564,0.6649710013212442
2024,Khuzdar,34,11.6,24.7487,78.7799,997214.0,1237.0,0.0,35380.0,0.2,447,305,0,0.1738751797782656,,0.0729707654671559
2024,Killa Abdullah,34,0.0,29.7418,19.8352,361971.0,1500.0,0.0,3553.0,0.2,83,40,3,0.4287097708744768,0.0553599556893324,0.4059657356290133
2024,Killa Saifullah,34,0.1,24.1097,72.7597,380200.0,1500.0,0.0,6831.0,0.2,3,191,1,0.593655899386137,0.0738467175329518,0.6309963390755989
2024,Kohlu,34,6.1429,24.7172,83.4251,260220.0,1000.0,0.0,7610.0,0.2,220,155,1,0.0873750639851818,0.0705503822781885,0.0825569237395062
2024,Lasbella,34,1.3429,27.2088,84.7048,680977.0,,,,,100,388,4,,,
2024,Loralai,34,2.6286,23.2493,83.234,272432.0,1400.0,0.0,3785.0,0.2,344,69,10,0.2397499634851854,0.0922442411808811,0.2239369480309538
2024,Mastung,34,0.3429,25.2518,49.5733,313271.0,1700.0,0.0,3308.0,0.2,105,141,10,0.0748152722176353,,0.0206340065634735
2024,Musakhel,34,,,,196756.0,1200.0,0.0,5728.0,0.2,9,116,3,0.2011855580315163,,0.175688331115636
2024,Naseerabad,34,8.5286,30.2852,80.6044,563315.0,,,,,0,150,22,,,
2024,Nushki,34,0.1571,30.3818,31.3725,207834.0,900.0,0.0,5797.0,0.2,5,31,0,,,
2024,Panjgur,34,1.6,26.9766,61.8139,509781.0,900.0,0.0,16891.0,0.2,117,278,0,0.437978678591945,0.0442480400405833,0.4117590435132464
2024,Pishin,34,0.0,27.2105,34.5431,835482.0,1550.0,0.0,6218.0,0.2,155,18,0,0.5110559082621621,,0.4784059992065512
2024,Quetta,34,0.1143,25.6019,50.1636,2595492.0,1680.0,0.0,3447.0,0.75,294,17,0,0.0488558363606098,0.053767124980818,0.0373848247769933
2024,Sherani,34,,,,191687.0,1500.0,0.0,2700.0,0.2,50,3,0,,,
2024,Sibi,34,5.3143,29.7819,83.0782,224148.0,130.0,0.0,7121.0,0.2,137,128,1,0.1146924278980936,0.0398599468243721,0.0732321005957233
2024,Sohbat pur,34,6.9571,30.2714,80.4213,240106.0,,,,,13,195,0,,,
2024,Surab,34,5.4857,20.8839,71.8938,279038.0,,,,,56,70,0,,,
2024,Usta Muhammad,34,7.3,30.4145,80.0164,,,,,,94,364,6,,,
2024,Washuk,34,6.3429,23.0116,62.0491,302623.0,700.0,0.0,33093.0,0.2,390,108,3,,,
2024,Zhob,34,0.7143,25.2429,69.6989,355692.0,1400.0,0.0,20297.0,0.2,207,145,0,0.5333208934265692,0.0620589669275827,0.4437758773109663
2024,Ziarat,34,,,,189535.0,2400.0,0.0,3301.0,0.2,184,139,4,0.1119128662131757,,0.0982725184862069
2024,Abbottabad,34,2.5857,23.8438,81.954,1419072.0,1256.0,0.0,1967.0,0.75,22,1259,11,0.0002411120655786,0.4650163833296461,0.0
2024,Bajaur,34,1.6,23.9256,63.1523,,900.0,0.0,1290.0,0.2,342,1413,16,,,
2024,Bannu,34,4.9714,28.7565,76.4792,1357890.0,312.0,1.0,1227.0,0.2,1254,858,14,0.2095124139994017,,0.1778618124508836
2024,Battagram,34,4.6857,24.5582,76.0813,335984.0,1036.0,0.0,1301.0,0.2,5,273,0,,,
2024,Buner,34,1.5286,26.6458,77.5393,,700.0,0.0,1865.0,0.35,296,367,2,0.0109413116248878,0.4127054842836928,0.0001066005743105
2024,Charsadda,34,7.3714,28.1043,78.2965,1835504.0,300.0,2.0,996.0,0.2,297,662,2,,0.4090275868664076,
2024,Chitral Lower,34,0.7571,23.8919,61.03,,1500.0,1.0,6458.0,0.35,25,836,5,0.2157109394925076,0.0319803089416242,0.0672203987719221
2024,Chitral Upper,34,0.7571,23.8919,61.03,195528.0,2500.0,1.0,8392.0,0.2,6,279,1,0.2157109394925076,0.0319803089416242,0.0672203987719221
2024,D.I. Khan,34,5.8286,29.2814,81.7623,1829811.0,,,,,408,1249,50,,,
2024,Dir Lower,34,7.0857,28.8179,76.6423,,800.0,1.0,1583.0,0.35,183,2188,8,,,
2024,Dir Upper,34,0.7714,23.3678,63.7346,,1200.0,1.0,3699.0,0.35,22,1468,22,,,
2024,Hangu,34,3.0857,25.814,76.8634,528902.0,900.0,0.0,1097.0,0.2,226,81,0,0.1014927287594798,,0.0795747887572351
2024,Haripur,34,4.1714,27.1881,80.1872,1174783.0,605.0,2.0,1725.0,0.65,31,1100,36,0.1037989609982109,0.3885264490488562,0.1000754061573115
2024,Karak,34,6.3857,27.2708,80.6227,815878.0,500.0,0.0,3372.0,0.2,160,287,8,,,
2024,Khyber,34,4.8286,26.3249,75.2755,1146267.0,1000.0,0.0,2576.0,0.2,352,469,11,0.0419726867828805,,6.209666277010107e-06
2024,Kohat,34,4.3286,28.0153,74.5217,1234661.0,500.0,0.0,2545.0,0.65,209,615,5,,0.1483559200073515,
2024,Kohistan Lower,34,2.0429,7.2615,81.6434,340017.0,1500.0,2.0,1200.0,0.2,4,133,0,0.0577496379940219,0.1481427296695039,0.0284905434962634
2024,Kohistan Upper,34,2.0429,7.2615,81.6434,422947.0,2500.0,2.0,4000.0,0.2,28,428,1,0.0577496379940219,0.1481427296695039,0.0284905434962634
2024,Kolai Palas,34,2.0429,7.2615,81.6434,280162.0,,,,,6,101,1,,,
2024,L & C Kurram,34,0.9571,16.9018,82.906,,,,,,19,45,0,,,
2024,Lakki Marwat,34,6.6,28.9748,77.7514,1040856.0,250.0,1.0,3164.0,0.2,243,768,9,0.0592640876055144,,0.0578808631437112
2024,Malakand,34,2.9857,26.8218,72.5525,,700.0,1.0,952.0,0.2,87,1270,2,,0.3755692540247973,
2024,Mansehra,34,2.6857,24.3942,78.8197,1797177.0,1000.0,0.0,4579.0,0.2,0,897,4,0.0913592732742368,0.4386312954805863,0.0280863878749847
2024,Mardan,34,3.5714,28.1282,78.5072,2744898.0,300.0,0.0,1632.0,0.65,35,892,7,0.043819918298035,0.4003194388591422,0.0007169305252148
2024,Mohmand,34,2.9857,26.8218,72.5525,553933.0,600.0,0.0,2296.0,0.2,264,232,2,,,
2024,North Waziristan,34,1.9429,15.0815,78.8879,693332.0,1000.0,1.0,4707.0,0.2,13,30,0,0.1614260006335692,,0.0928440914241433
2024,Nowshera,34,7.0857,28.8764,76.6507,1740705.0,280.0,2.0,1748.0,0.65,118,2090,8,0.0537752645747574,0.2991910187939678,0.0376287264802654
2024,Orakzai,34,3.0571,24.6067,77.6762,387561.0,1200.0,0.0,1538.0,0.2,36,15,0,0.1313273805057402,,0.0791776093644481
2024,Peshawar,34,4.6286,28.2975,76.4224,4758762.0,330.0,0.0,1257.0,0.75,76,3580,23,,0.3032801388900218,
2024,SD Peshawar,34,,,,,,,,,3,18,0,,,
2024,SD Tank,34,3.1,29.2297,76.8707,,,,,,42,7,0,,,
2024,Shangla,34,4.9143,18.9226,75.2485,,2000.0,2.0,1586.0,0.35,1685,2212,74,0.0032643243208712,0.4288792924419489,0.0021040112105526
2024,SWA,34,,,,,,,,,184,96,4,,,
2024,Swabi,34,2.4286,27.8822,79.3362,1894600.0,340.0,2.0,1543.0,0.65,109,1989,49,0.0426395133417799,0.3473444034346469,0.0391285906231272
2024,Swat,34,7.4714,24.962,76.982,,980.0,1.0,5337.0,0.35,60,4151,24,0.1258676253646652,0.347359417739239,0.0509215563686089
2024,Tank,34,3.1,29.2297,76.8707,470293.0,250.0,0.0,1679.0,0.2,294,264,12,0.1391353634985143,,0.1281616029403601
2024,Tor Ghar,34,3.0,27.5385,79.19,200445.0,,,,,188,118,0,,,
2024,Upper Kurram,34,0.9571,16.9018,82.906,785434.0,,,,,30,139,2,,,
2024,Badin,35,26.7,28.0245,81.7304,1947081.0,9.0,1.0,6726.0,0.35,5979,3574,48,0.5077115886564256,,0.3366670309929043
2024,Dadu,35,12.4778,29.1878,78.8469,1742320.0,40.0,2.0,19070.0,0.35,4471,3903,113,0.4431892686648089,,0.328066356735805
2024,Ghotki,35,4.2,30.3916,72.3269,1772609.0,72.0,1.0,6083.0,0.35,2142,1451,0,0.54573716702163,,0.51640154285133
2024,Hyderabad,35,14.6,28.8243,78.1478,2432540.0,20.0,2.0,993.0,0.75,242,1825,8,0.2131645977619735,,0.1523345486938923
2024,Jacobabad,35,9.2889,30.2491,74.4796,1174097.0,55.0,0.0,2686.0,0.35,766,959,60,0.600884063906028,,0.4544260180540005
2024,Jamshoro,35,14.1,28.7296,79.062,1117308.0,33.0,2.0,11204.0,0.35,2048,2350,53,,,
2024,Kamber,35,16.0889,29.5328,79.1056,1514869.0,50.0,0.0,5599.0,0.2,5442,2074,16,,,
2024,Karachi Central,35,,,,3822325.0,,,,,90,1260,129,0.0,,0.0
2024,Karachi East,35,,,,3950031.0,,,,,77,524,4,0.0072791422601308,,0.0043674853560785
2024,Karachi Keamari,35,,,,2068451.0,,,,,4,253,4,,,
2024,Karachi Korangi,35,,,,3128971.0,,,,,50,328,0,,,
2024,Karachi Malir,35,,,,2403959.0,,,,,445,2105,41,,,
2024,Karachi South,35,,,,2329764.0,,,,,45,82,0,0.0175214621627607,,0.0091450308091137
2024,Karachi West,35,,,,2679380.0,,,,,162,947,32,0.0829372594306956,,0.0709651053306796
2024,Kashmore,35,1.9222,30.2335,73.0058,1233957.0,60.0,2.0,2592.0,0.35,1791,762,8,,,
2024,Khairpur,35,4.9667,29.9704,75.242,2597535.0,53.0,2.0,15910.0,0.5,7429,4315,251,0.8298018052124403,,0.7554452806305516
2024,Larkana,35,9.5556,29.7644,77.359,1784453.0,48.0,2.0,1906.0,0.5,8225,2947,34,0.6250517972893949,,0.5079549664669966
2024,Matiari,35,13.7778,28.9521,77.8458,849383.0,25.0,2.0,1417.0,0.2,2105,2095,5,,,
2024,Mirpurkhas,35,11.3444,28.9907,77.3038,1681386.0,16.0,0.0,2925.0,0.5,6322,3088,6,,,
2024,Naushero Feroze,35,16.6556,29.0834,80.5919,1777082.0,38.0,2.0,2945.0,0.2,2969,1927,117,0.2977129313783019,,0.1836791067166148
2024,Sanghar,35,13.4889,28.6804,79.9196,2308465.0,16.0,1.0,10608.0,0.2,3847,1275,21,0.3715489081673005,,0.3218420676716637
2024,Shaheed Benazirabad,35,14.7778,28.8632,81.4524,1845102.0,30.0,2.0,4502.0,0.5,2548,2309,106,0.3212841375485175,,0.2632956436841864
2024,Shikarpur,35,6.5667,29.9961,75.2456,1386330.0,52.0,1.0,2512.0,0.35,3312,1620,2,0.7503518384412531,,0.5830816948365146
2024,Sujawal,35,20.4556,27.9565,82.0081,839292.0,,,,,1552,2614,0,,,
2024,Sukkur,35,8.1556,30.063,74.4935,1639897.0,65.0,2.0,5165.0,0.75,2269,1608,3,0.6915435335534158,,0.6185219039593336
2024,Tando Allahyar,35,13.1778,28.8293,77.7906,922012.0,18.0,0.0,2343.0,0.2,2573,1471,10,,,
2024,Tando Muhammad Khan,35,17.7,28.5802,79.0264,726119.0,14.0,2.0,1733.0,0.2,1801,1368,2,,,
2024,Tharparkar,35,19.3222,27.8313,82.6859,1778407.0,56.0,0.0,19638.0,0.35,2952,2951,57,0.1105628961623534,,0.0860591854008785
2024,Thatta,35,19.4111,28.1668,80.7467,1083191.0,10.0,2.0,17355.0,0.35,1688,2208,11,0.4523829061542552,,0.4030681029813498
2024,Umerkot,35,11.2111,28.4457,79.2778,1159831.0,12.0,0.0,5608.0,0.35,2584,2435,41,0.1619270619293601,,0.14409634859636
2024,Awaran,35,,,,178958.0,500.0,0.0,29510.0,0.2,39,20,2,0.3144502459751411,0.0477365732494313,0.2628270112472608
2024,Barkhan,35,4.9111,25.5323,78.8689,210249.0,1100.0,0.0,3514.0,0.2,145,100,33,0.0987973978628374,,0.0536944224950506
2024,Chagai,35,0.0333,32.5017,19.2085,269192.0,919.0,0.0,44748.0,0.2,73,156,3,0.7734532174530617,0.0410215677927517,0.7654441416790903
2024,Dera Bugti,35,6.3889,27.5569,79.1927,355274.0,250.0,0.0,10160.0,0.2,198,81,0,0.4312761761259172,,0.2339892343093991
2024,Duki,35,,,,205044.0,1100.0,0.0,4233.0,0.2,32,81,11,,,
2024,Gwadar,35,0.9222,27.4365,88.9563,305160.0,12.0,0.0,12637.0,0.35,15,225,NR,0.6867904601561717,0.031817871354897,0.6574296309257464
2024,Harnai,35,,,,127571.0,,,,,90,82,2,,,
2024,Hub,35,14.3,27.9016,80.3906,382885.0,,,,,191,310,2,,,
2024,Jaffarabad,35,,,,594558.0,55.0,1.0,1643.0,0.2,857,480,18,0.8531402497264817,,0.7673474231399314
2024,Jhal Magsi,35,,,,203368.0,60.0,0.0,3615.0,0.2,249,245,8,0.5928210752291903,,0.4233615652862704
2024,Kalat,35,1.6778,22.1837,50.1151,271560.0,2000.0,0.0,7654.0,0.2,50,68,0,0.2724825400915392,0.0716024868421704,0.1289806082395442
2024,Kharan,35,0.6667,32.4314,29.1121,260352.0,700.0,0.0,14958.0,0.2,66,134,0,0.6983173288545446,0.0418635873667696,0.6858766437691245
2024,Khuzdar,35,1.7333,24.0526,75.4804,997214.0,1237.0,0.0,35380.0,0.2,343,448,0,0.1445493273417372,0.0571181019125348,0.0733259295908713
2024,Killa Abdullah,35,0.5111,29.038,30.0147,361971.0,1500.0,0.0,3553.0,0.2,46,232,0,0.7058575209425062,0.051651038011298,0.414630514750439
2024,Killa Saifullah,35,3.1333,23.9328,66.7359,380200.0,1500.0,0.0,6831.0,0.2,211,189,0,0.5893300049605557,0.0579384796956601,0.4829403501887862
2024,Kohlu,35,4.4333,24.6022,76.8906,260220.0,1000.0,0.0,7610.0,0.2,186,229,1,0.1769908906007091,,0.0765113357621889
2024,Lasbella,35,6.0,27.3564,82.1621,680977.0,,,,,436,493,7,,,
2024,Loralai,35,2.9889,23.1524,74.8812,272432.0,1400.0,0.0,3785.0,0.2,69,289,10,0.2753900998664546,0.0485297382639708,0.2382562663737507
2024,Mastung,35,2.8667,23.8065,60.278,313271.0,1700.0,0.0,3308.0,0.2,209,262,21,0.3521820414809666,0.0634561257691448,0.0288889968153971
2024,Musakhel,35,,,,196756.0,1200.0,0.0,5728.0,0.2,33,8,0,0.1758187365820554,,0.1452904542574534
2024,Naseerabad,35,15.9333,29.8892,76.7998,563315.0,,,,,182,273,24,,,
2024,Nushki,35,0.6778,30.555,31.5602,207834.0,900.0,0.0,5797.0,0.2,14,165,0,,,
2024,Panjgur,35,0.1333,29.2317,39.1735,509781.0,900.0,0.0,16891.0,0.2,278,192,0,0.4521241232164263,0.0518707270689381,0.3876795884288602
2024,Pishin,35,1.1444,26.711,42.3134,835482.0,1550.0,0.0,6218.0,0.2,80,338,2,0.6738580724353348,0.0581397144539254,0.4820798783581434
2024,Quetta,35,2.3222,24.3681,58.5464,2595492.0,1680.0,0.0,3447.0,0.75,54,539,0,0.4456914304892507,0.050505324125979,0.0325379184740567
2024,Sherani,35,,,,191687.0,1500.0,0.0,2700.0,0.2,9,16,0,,,
2024,Sibi,35,7.5889,29.625,79.7,224148.0,130.0,0.0,7121.0,0.2,144,304,1,0.2657979569322466,,0.0810742582059401
2024,Sohbat pur,35,9.9111,30.0568,75.1908,240106.0,,,,,378,335,6,,,
2024,Surab,35,5.4444,20.2868,69.4432,279038.0,,,,,39,31,0,,,
2024,Usta Muhammad,35,18.4444,29.5871,79.304,,,,,,307,910,5,,,
2024,Washuk,35,0.7222,24.78,42.5489,302623.0,700.0,0.0,33093.0,0.2,140,230,1,,,
2024,Zhob,35,1.6111,24.8885,64.2314,355692.0,1400.0,0.0,20297.0,0.2,129,137,0,0.3408662372730662,0.0409633968964691,0.269224921269281
2024,Ziarat,35,,,,189535.0,2400.0,0.0,3301.0,0.2,93,131,2,0.2443122823926788,,0.0970396033263049
2024,Abbottabad,35,12.6444,23.5303,81.1787,1419072.0,1256.0,0.0,1967.0,0.75,43,1024,41,,,
2024,Bajaur,35,0.6,24.3741,60.1493,,900.0,0.0,1290.0,0.2,383,2377,7,0.0724403993257042,,
2024,Bannu,35,3.6889,28.4147,73.1792,1357890.0,312.0,1.0,1227.0,0.2,1428,850,77,0.426642088499618,,0.1882910986709969
2024,Battagram,35,6.6111,23.6543,79.8694,335984.0,1036.0,0.0,1301.0,0.2,4,127,0,,,
2024,Buner,35,3.7333,26.0836,77.0414,,700.0,0.0,1865.0,0.35,357,401,8,0.0718949706965205,,0.0041640849340075
2024,Charsadda,35,6.5556,27.5272,78.4655,1835504.0,300.0,2.0,996.0,0.2,222,696,47,0.0302573014219573,,
2024,Chitral Lower,35,2.6667,23.5412,62.0616,,1500.0,1.0,6458.0,0.35,28,1079,7,0.2593006993477795,,0.0492741875932702
2024,Chitral Upper,35,2.6667,23.5412,62.0616,195528.0,2500.0,1.0,8392.0,0.2,11,228,7,0.2593006993477795,,0.0492741875932702
2024,D.I. Khan,35,8.4111,29.0015,79.3021,1829811.0,,,,,354,1220,4,,,
2024,Dir Lower,35,8.3333,28.0834,76.0737,,800.0,1.0,1583.0,0.35,216,1875,54,,,
2024,Dir Upper,35,0.9111,23.152,63.4764,,1200.0,1.0,3699.0,0.35,24,1216,10,,,
2024,Hangu,35,2.9222,25.3686,75.8516,528902.0,900.0,0.0,1097.0,0.2,153,85,0,0.0700590882708355,,0.079683015600699
2024,Haripur,35,10.4333,26.4012,80.8991,1174783.0,605.0,2.0,1725.0,0.65,39,1024,27,0.1885613487631113,,0.1547925156752688
2024,Karak,35,2.2778,26.9459,76.6291,815878.0,500.0,0.0,3372.0,0.2,270,303,8,0.406229626835221,,
2024,Khyber,35,3.2778,25.7753,74.6256,1146267.0,1000.0,0.0,2576.0,0.2,315,386,36,0.099865348315216,,0.0
2024,Kohat,35,4.5444,27.4214,73.5129,1234661.0,500.0,0.0,2545.0,0.65,214,520,21,0.2124678723330379,,
2024,Kohistan Lower,35,6.4889,7.0084,84.2407,340017.0,1500.0,2.0,1200.0,0.2,10,199,0,0.219743708681863,,0.0248969262125007
2024,Kohistan Upper,35,6.4889,7.0084,84.2407,422947.0,2500.0,2.0,4000.0,0.2,14,514,6,0.219743708681863,,0.0248969262125007
2024,Kolai Palas,35,6.4889,7.0084,84.2407,280162.0,,,,,7,70,0,,,
2024,L & C Kurram,35,2.5111,16.3774,82.7495,,,,,,42,42,4,,,
2024,Lakki Marwat,35,3.6,28.5336,75.6881,1040856.0,250.0,1.0,3164.0,0.2,185,682,11,0.7232973636225167,,0.0281393605579636
2024,Malakand,35,4.4,26.3287,73.8359,,700.0,1.0,952.0,0.2,102,1157,25,0.0904978494302803,,
2024,Mansehra,35,9.9667,23.6389,79.3015,1797177.0,1000.0,0.0,4579.0,0.2,12,802,22,0.2153255325947895,,0.0467652083830829
2024,Mardan,35,3.6222,27.5328,78.5197,2744898.0,300.0,0.0,1632.0,0.65,34,878,0,0.0231165151798204,,0.0177489506105155
2024,Mohmand,35,4.4,26.3287,73.8359,553933.0,600.0,0.0,2296.0,0.2,340,174,8,0.2283993750380706,,
2024,North Waziristan,35,3.6778,14.4015,79.9039,693332.0,1000.0,1.0,4707.0,0.2,79,29,31,0.1346784486319854,,0.0666722435865283
2024,Nowshera,35,8.3333,28.1419,76.0824,1740705.0,280.0,2.0,1748.0,0.65,216,1748,4,0.1846811048023558,,0.0397681334975102
2024,Orakzai,35,3.3111,24.1121,77.1597,387561.0,1200.0,0.0,1538.0,0.2,23,32,0,0.0458818679730765,,0.0657837472799579
2024,Peshawar,35,5.8889,27.6253,76.0556,4758762.0,330.0,0.0,1257.0,0.75,84,4179,88,0.0671074608205584,,
2024,SD Peshawar,35,,,,,,,,,1,13,0,,,
2024,SD Tank,35,15.0111,28.7525,74.6533,,,,,,63,23,3,,,
2024,Shangla,35,3.2,18.7705,74.9946,,2000.0,2.0,1586.0,0.35,2003,1345,20,0.0829333505231572,,0.0020778780323923
2024,SWA,35,,,,,,,,,152,62,13,,,
2024,Swabi,35,3.0333,26.9207,81.0058,1894600.0,340.0,2.0,1543.0,0.65,99,1521,41,0.0640963199901714,,0.0277613236978241
2024,Swat,35,4.4333,24.9059,76.5146,,980.0,1.0,5337.0,0.35,88,3696,36,0.2305133683611853,,0.03923451444363
2024,Tank,35,15.0111,28.7525,74.6533,470293.0,250.0,0.0,1679.0,0.2,189,362,22,0.5039241283866556,,0.1214388598508199
2024,Tor Ghar,35,5.5556,26.6568,80.1452,200445.0,,,,,183,88,2,,,
2024,Upper Kurram,35,2.5111,16.3774,82.7495,785434.0,,,,,32,166,19,,,
2024,Badin,36,2.3,28.4877,78.572,1947081.0,9.0,1.0,6726.0,0.35,7838,4422,91,0.3796069662401008,,0.3022546533240327
2024,Dadu,36,0.1,30.5792,72.3164,1742320.0,40.0,2.0,19070.0,0.35,5512,4189,131,0.4442534322207055,0.1356746509182947,0.3835624684447009
2024,Ghotki,36,1.5857,31.6266,68.5341,1772609.0,72.0,1.0,6083.0,0.35,2853,1809,1,0.578061694601993,0.0775460875489887,0.5115455342997113
2024,Hyderabad,36,2.7714,28.7479,78.1681,2432540.0,20.0,2.0,993.0,0.75,334,2262,17,0.179487015372642,,0.1440684111488278
2024,Jacobabad,36,1.7286,31.1042,72.5422,1174097.0,55.0,0.0,2686.0,0.35,1076,1158,56,0.521582974588652,0.2121945456238587,0.444040047012074
2024,Jamshoro,36,3.1571,28.4596,80.7001,1117308.0,33.0,2.0,11204.0,0.35,2344,2803,51,,,
2024,Kamber,36,0.0571,30.5524,74.8566,1514869.0,50.0,0.0,5599.0,0.2,6655,2738,21,,,
2024,Karachi Central,36,,,,3822325.0,,,,,170,1466,245,,0.042475166699578,
2024,Karachi East,36,,,,3950031.0,,,,,90,603,2,,0.0949415750824197,
2024,Karachi Keamari,36,,,,2068451.0,,,,,21,399,13,,,
2024,Karachi Korangi,36,,,,3128971.0,,,,,74,402,3,,,
2024,Karachi Malir,36,,,,2403959.0,,,,,561,2207,64,,,
2024,Karachi South,36,,,,2329764.0,,,,,48,88,0,,0.0935504712578206,
2024,Karachi West,36,,,,2679380.0,,,,,204,854,30,0.4194570659566465,0.1837653669828866,0.3100743784910139
2024,Kashmore,36,3.3714,31.545,68.8454,1233957.0,60.0,2.0,2592.0,0.35,2073,723,8,,,
2024,Khairpur,36,1.2714,30.742,71.8915,2597535.0,53.0,2.0,15910.0,0.5,9499,4485,218,0.7130793170563299,0.191979166260398,0.7983168746356338
2024,Larkana,36,0.1,30.753,73.3813,1784453.0,48.0,2.0,1906.0,0.5,8986,3464,22,0.521848810495427,0.1887726857431164,0.5038764849553476
2024,Matiari,36,3.5429,29.1645,76.3988,849383.0,25.0,2.0,1417.0,0.2,2947,2699,10,,,
2024,Mirpurkhas,36,3.1286,29.2405,76.1959,1681386.0,16.0,0.0,2925.0,0.5,9404,4497,15,,,
2024,Naushero Feroze,36,0.0857,30.0316,76.1635,1777082.0,38.0,2.0,2945.0,0.2,3871,2301,147,0.1703581821524193,0.2311341462049836,0.1591234762084231
2024,Sanghar,36,2.5714,28.9897,78.8068,2308465.0,16.0,1.0,10608.0,0.2,4323,1315,25,0.3734300095828265,0.1086784049050201,0.2977555850516854
2024,Shaheed Benazirabad,36,0.8714,29.9644,76.1947,1845102.0,30.0,2.0,4502.0,0.5,2902,2825,95,0.3299986838556643,0.1832100791378528,0.2552404112575491
2024,Shikarpur,36,0.8429,31.0046,72.3438,1386330.0,52.0,1.0,2512.0,0.35,3304,1957,7,0.4533767314016326,0.2264604073104235,0.6098624072581196
2024,Sujawal,36,0.2714,28.4783,78.0559,839292.0,,,,,2363,2717,9,,,
2024,Sukkur,36,1.0714,30.9288,70.9788,1639897.0,65.0,2.0,5165.0,0.75,3441,1741,6,0.6213660411734386,0.1185458896999983,0.6164633034888926
2024,Tando Allahyar,36,2.8143,28.9012,77.4273,922012.0,18.0,0.0,2343.0,0.2,4280,1805,11,,,
2024,Tando Muhammad Khan,36,3.2429,28.7782,77.7014,726119.0,14.0,2.0,1733.0,0.2,2614,1841,2,,,
2024,Tharparkar,36,6.9,27.887,82.903,1778407.0,56.0,0.0,19638.0,0.35,4235,4534,58,0.1364818582269116,,0.0583220604166676
2024,Thatta,36,0.3857,28.0468,81.4728,1083191.0,10.0,2.0,17355.0,0.35,2351,2179,12,0.6917207101100298,0.082049090603799,0.6525435223745899
2024,Umerkot,36,6.5,28.8485,77.9368,1159831.0,12.0,0.0,5608.0,0.35,3023,2444,43,0.1783666732262118,,0.0908997692569662
2024,Barkhan,36,2.9286,25.7467,81.8345,210249.0,1100.0,0.0,3514.0,0.2,71,93,30,0.2112136003772591,0.1698022134718314,0.090794937268918
2024,Chagai,36,0.0,32.447,10.8459,269192.0,919.0,0.0,44748.0,0.2,264,140,16,0.7868056298757078,0.0403270259887889,0.7533694255419772
2024,Dera Bugti,36,1.3,28.2413,79.121,355274.0,250.0,0.0,10160.0,0.2,75,96,24,0.4335520314014021,0.1308137084064578,0.3812076677349167
2024,Gwadar,36,0.0,27.6887,84.6218,305160.0,12.0,0.0,12637.0,0.35,1080,609,15,0.7095923500343496,0.0146241607595008,0.6473098630898385
2024,Harnai,36,,,,127571.0,,,,,13,83,12,,,
2024,Hub,36,0.2143,27.1365,84.7943,382885.0,,,,,84,261,0,,,
2024,Jaffarabad,36,,,,594558.0,55.0,1.0,1643.0,0.2,105,593,10,0.5965475032532528,0.1196640403128629,0.7216018616605597
2024,Jhal Magsi,36,,,,203368.0,60.0,0.0,3615.0,0.2,496,243,0,0.4478407847302009,0.0902594294557629,0.4161247558481764
2024,Kalat,36,0.0429,21.7315,38.6995,271560.0,2000.0,0.0,7654.0,0.2,6,71,1,0.335742011119865,0.0684434803843835,0.2362105110875905
2024,Kharan,36,0.0,32.4187,20.2318,260352.0,700.0,0.0,14958.0,0.2,367,138,25,0.6910963356955928,0.0419652723091557,0.6631478035559911
2024,Khuzdar,36,0.0429,25.5824,64.5482,997214.0,1237.0,0.0,35380.0,0.2,416,422,22,0.1519789117611829,0.1257016741499757,0.0727132509829195
2024,Killa Saifullah,36,1.5714,23.4894,66.932,380200.0,1500.0,0.0,6831.0,0.2,4,231,0,0.6246946385355426,0.074219744533754,0.4862847247587379
2024,Kohlu,36,3.3143,24.7734,80.4038,260220.0,1000.0,0.0,7610.0,0.2,120,51,21,0.19126083350484,0.1198665812505355,0.1349237021347847
2024,Lasbella,36,0.4,26.5654,86.8871,680977.0,,,,,80,478,4,,,
2024,Loralai,36,1.6571,22.6927,81.2684,272432.0,1400.0,0.0,3785.0,0.2,334,245,19,0.3045785824071738,0.0994628218133375,0.2565030223619974
2024,Mastung,36,0.3,23.8232,41.3803,313271.0,1700.0,0.0,3308.0,0.2,158,317,60,0.38354048186877,0.0492342094388767,0.306155139729713
2024,Musakhel,36,,,,196756.0,1200.0,0.0,5728.0,0.2,7,18,0,0.5055764168457233,0.1619950322456782,0.3442090865341357
2024,Naseerabad,36,0.7286,30.7768,74.4758,563315.0,,,,,3,471,1,,,
2024,Nushki,36,0.0,30.7729,15.978,207834.0,900.0,0.0,5797.0,0.2,11,238,0,,,
2024,Panjgur,36,0.0,28.9504,46.0558,509781.0,900.0,0.0,16891.0,0.2,100,238,19,0.4158542060377945,0.0429788255419788,0.371380036272151
2024,Pishin,36,0.0714,26.5617,25.0998,835482.0,1550.0,0.0,6218.0,0.2,261,268,5,0.6232882843940444,0.0385345166133618,0.5644078652440014
2024,Quetta,36,0.0857,24.9587,39.6609,2595492.0,1680.0,0.0,3447.0,0.75,780,425,0,0.4935766611593905,0.0541258155936443,0.4001808270291678
2024,Sherani,36,,,,191687.0,1500.0,0.0,2700.0,0.2,44,35,5,,,
2024,Sibi,36,0.6429,30.3328,78.109,224148.0,130.0,0.0,7121.0,0.2,514,278,65,0.143805574635227,0.1282754362405158,0.0805521727294869
2024,Sohbat pur,36,0.4571,30.8952,73.6775,240106.0,,,,,14,357,15,,,
2024,Surab,36,0.8571,20.8351,57.6555,279038.0,,,,,45,58,0,,,
2024,Usta Muhammad,36,0.3857,30.7627,74.2661,,,,,,125,935,5,,,
2024,Washuk,36,0.0,25.7723,36.8615,302623.0,700.0,0.0,33093.0,0.2,13,1,0,,,
2024,Ziarat,36,,,,189535.0,2400.0,0.0,3301.0,0.2,205,148,10,0.1500295909445873,,0.116623676045823
2024,Abbottabad,36,5.7714,22.4667,85.0025,1419072.0,1256.0,0.0,1967.0,0.75,25,745,44,0.0559148335452125,,
2024,Bajaur,36,1.1857,23.5274,65.1938,,900.0,0.0,1290.0,0.2,313,1199,47,0.1518391668314547,0.2955213747508018,0.0038621053325423
2024,Bannu,36,6.3571,28.2235,75.4092,1357890.0,312.0,1.0,1227.0,0.2,1634,870,89,0.5539395377507209,0.2052891162324758,0.5297101805030517
2024,Battagram,36,10.3714,23.3882,81.6665,335984.0,1036.0,0.0,1301.0,0.2,3,171,0,,,
2024,Buner,36,2.7286,25.4628,79.5355,,700.0,0.0,1865.0,0.35,387,354,6,0.0096651454427206,0.3311805517142333,0.0004446939671704
2024,Charsadda,36,11.8429,27.2906,79.5389,1835504.0,300.0,2.0,996.0,0.2,292,761,52,0.0517131751474466,0.3553602111109807,0.0207198539508435
2024,Chitral Lower,36,0.0143,24.1137,47.5084,,1500.0,1.0,6458.0,0.35,23,501,11,0.317120497742379,0.0638527491486021,0.062024335789314
2024,Chitral Upper,36,0.0143,24.1137,47.5084,195528.0,2500.0,1.0,8392.0,0.2,6,207,21,0.317120497742379,0.0638527491486021,0.062024335789314
2024,D.I. Khan,36,3.9857,29.16,79.0966,1829811.0,,,,,340,1273,2,,,
2024,Dir Lower,36,9.5714,27.6197,79.7868,,800.0,1.0,1583.0,0.35,310,1653,48,,,
2024,Dir Upper,36,0.2429,22.6277,65.7282,,1200.0,1.0,3699.0,0.35,15,1109,6,,,
2024,Hangu,36,3.8429,25.1292,77.856,528902.0,900.0,0.0,1097.0,0.2,159,94,0,0.0698196510000479,0.2684592102932732,0.0359856281126699
2024,Haripur,36,4.4429,25.9854,82.6332,1174783.0,605.0,2.0,1725.0,0.65,26,976,20,0.1085528285765135,0.2971485906245893,0.1587166134848149
2024,Karak,36,5.4143,26.7828,79.364,815878.0,500.0,0.0,3372.0,0.2,328,349,6,0.3497502362962797,0.1701017845823274,0.2981693856789816
2024,Khyber,36,3.3714,25.3519,76.3436,1146267.0,1000.0,0.0,2576.0,0.2,395,479,60,0.134454698585012,0.2345382050343812,0.0338031260626918
2024,Kohistan Lower,36,1.2714,6.3582,81.0759,340017.0,1500.0,2.0,1200.0,0.2,12,107,1,0.2647283928583964,0.1254201704923605,0.1398397459558303
2024,Kohistan Upper,36,1.2714,6.3582,81.0759,422947.0,2500.0,2.0,4000.0,0.2,17,504,8,0.2647283928583964,0.1254201704923605,0.1398397459558303
2024,Kolai Palas,36,1.2714,6.3582,81.0759,280162.0,,,,,12,83,1,,,
2024,L & C Kurram,36,1.9429,16.1985,80.2681,,,,,,51,61,3,,,
2024,Lakki Marwat,36,7.6143,28.4956,77.1594,1040856.0,250.0,1.0,3164.0,0.2,252,724,12,0.7040373317141999,0.1414168916211063,0.680430826922673
2024,Malakand,36,7.4143,25.5451,76.4775,,700.0,1.0,952.0,0.2,33,1118,23,0.0943565419816339,0.3369570187132312,0.0013789181402248
2024,Mansehra,36,8.3,23.2157,80.7639,1797177.0,1000.0,0.0,4579.0,0.2,5,760,21,0.1957410024527127,0.3188277636349841,0.0561833138949357
2024,Mardan,36,9.7143,27.2779,79.5706,2744898.0,300.0,0.0,1632.0,0.65,51,604,9,0.023830432797846,0.3521252897772315,0.0034391608329888
2024,Mohmand,36,7.4143,25.5451,76.4775,553933.0,600.0,0.0,2296.0,0.2,372,173,10,0.2595795820532254,0.1895274589782871,0.0879002844860628
2024,North Waziristan,36,0.8429,14.9458,64.0615,693332.0,1000.0,1.0,4707.0,0.2,9,7,4,0.2361516034985423,0.2044998736140021,0.0
2024,Nowshera,36,9.5714,27.6782,79.7942,1740705.0,280.0,2.0,1748.0,0.65,206,2118,14,0.200325418752549,0.2143806614322541,0.1243429337812685
2024,Orakzai,36,3.9,23.8421,79.159,387561.0,1200.0,0.0,1538.0,0.2,10,8,1,0.07132154591839,0.2910354541304097,0.0083664096148923
2024,Peshawar,36,7.5571,27.1207,79.4233,4758762.0,330.0,0.0,1257.0,0.75,64,3446,49,0.10119661973204,0.2789754847988311,0.0483595669139444
2024,SD Peshawar,36,,,,,,,,,0,10,0,,,
2024,SD Tank,36,6.6571,28.6999,77.0942,,,,,,67,32,2,,,
2024,Shangla,36,3.3857,17.8449,79.8547,,2000.0,2.0,1586.0,0.35,1870,1479,23,0.0090513714401529,0.335267503164771,0.0030268027682585
2024,SWA,36,,,,,,,,,134,134,24,,,
2024,Swabi,36,8.5143,26.9179,80.1965,1894600.0,340.0,2.0,1543.0,0.65,104,1789,56,0.0715615259789125,0.3235447050645505,0.0451165387636184
2024,Swat,36,5.3429,24.2438,79.7883,,980.0,1.0,5337.0,0.35,80,2523,41,0.1793675921560784,0.256270444754949,0.0524621119877461
2024,Tank,36,6.6571,28.6999,77.0942,470293.0,250.0,0.0,1679.0,0.2,189,312,41,,0.1600894434120965,
2024,Tor Ghar,36,4.5714,26.4177,81.2021,200445.0,,,,,150,123,10,,,
2024,Upper Kurram,36,1.9429,16.1985,80.2681,785434.0,,,,,37,174,26,,,
2024,Badin,37,1.2385,28.6327,75.2012,1947081.0,9.0,1.0,6726.0,0.35,7701,3929,68,0.4397175689130839,0.1879656511798386,0.335829326895986
2024,Dadu,37,0.0538,30.7894,68.1542,1742320.0,40.0,2.0,19070.0,0.35,5078,4195,131,0.4339960435203483,0.1587070556491785,0.4025652752297567
2024,Ghotki,37,0.8538,32.2142,61.4598,1772609.0,72.0,1.0,6083.0,0.35,2671,1969,1,0.4785177838689102,0.2430844919849238,0.4717811020380448
2024,Hyderabad,37,1.4923,28.7588,75.5781,2432540.0,20.0,2.0,993.0,0.75,743,1703,9,0.1935868532685024,0.3290012268156118,0.1494045386957081
2024,Jacobabad,37,0.9308,31.6349,66.8997,1174097.0,55.0,0.0,2686.0,0.35,1343,1245,47,0.3540952235150031,0.2980192352529763,0.3341751824351909
2024,Jamshoro,37,1.7,28.5851,77.1684,1117308.0,33.0,2.0,11204.0,0.35,3025,2752,68,,,
2024,Kamber,37,0.0308,30.728,71.9712,1514869.0,50.0,0.0,5599.0,0.2,6936,2746,17,,,
2024,Karachi Central,37,,,,3822325.0,,,,,152,1590,184,0.0,-0.0052830451601851,
2024,Karachi East,37,,,,3950031.0,,,,,111,529,1,0.0416538211215017,0.037240124336483,
2024,Karachi Keamari,37,,,,2068451.0,,,,,22,473,17,,,
2024,Karachi Korangi,37,,,,3128971.0,,,,,70,415,0,,,
2024,Karachi Malir,37,,,,2403959.0,,,,,591,2113,67,,,
2024,Karachi South,37,,,,2329764.0,,,,,51,96,0,0.1078774930630642,0.0414806176508013,
2024,Karachi West,37,,,,2679380.0,,,,,208,783,30,0.2834594422534198,0.1035393904211043,0.3661765982693256
2024,Kashmore,37,1.8154,32.2481,61.1653,1233957.0,60.0,2.0,2592.0,0.35,1991,707,6,,,
2024,Khairpur,37,0.6846,31.2409,66.1485,2597535.0,53.0,2.0,15910.0,0.5,12353,4388,229,0.5299517004824825,0.1690734078992363,0.5052455700549866
2024,Larkana,37,0.0538,31.037,69.4146,1784453.0,48.0,2.0,1906.0,0.5,10461,3850,20,0.5144752376570713,0.2460699749479778,0.4308775095142031
2024,Matiari,37,1.9077,29.2635,73.2341,849383.0,25.0,2.0,1417.0,0.2,3502,2559,7,,,
2024,Mirpurkhas,37,1.6846,29.3673,72.5709,1681386.0,16.0,0.0,2925.0,0.5,8184,3633,22,,,
2024,Naushero Feroze,37,0.0462,30.2172,72.4486,1777082.0,38.0,2.0,2945.0,0.2,3852,2289,208,0.219934476196592,0.3172586825989257,0.1443827229196809
2024,Sanghar,37,1.3846,29.524,72.7137,2308465.0,16.0,1.0,10608.0,0.2,4072,1284,18,0.1368621091512898,0.2908968137171968,0.1105600163192735
2024,Shaheed Benazirabad,37,0.4692,30.1355,71.7337,1845102.0,30.0,2.0,4502.0,0.5,3053,2532,82,0.3606265509795842,0.2773581695945013,0.3013975333473821
2024,Shikarpur,37,0.4538,31.2539,67.9542,1386330.0,52.0,1.0,2512.0,0.35,3618,1832,2,0.2845132115509773,0.3192230172027064,0.2548592225041766
2024,Sujawal,37,0.1462,28.5445,74.8234,839292.0,,,,,1569,1328,5,,,
2024,Sukkur,37,0.5769,31.3177,65.5857,1639897.0,65.0,2.0,5165.0,0.75,4393,1875,2,0.4275717157240178,0.1778900300398507,0.407757721976623
2024,Tando Allahyar,37,1.5154,28.9353,74.4423,922012.0,18.0,0.0,2343.0,0.2,4952,1664,5,,,
2024,Tando Muhammad Khan,37,1.7538,28.8133,74.5564,726119.0,14.0,2.0,1733.0,0.2,2565,1585,1,,,
2024,Tharparkar,37,3.7154,28.2678,77.9919,1778407.0,56.0,0.0,19638.0,0.35,4635,3989,67,0.1312615368489268,0.3279531225433751,0.0920308403434436
2024,Thatta,37,0.2231,28.2686,77.0179,1083191.0,10.0,2.0,17355.0,0.35,2911,1331,10,0.5281118089074603,0.1362096753214955,0.671813831808836
2024,Umerkot,37,3.5077,29.0458,74.1211,1159831.0,12.0,0.0,5608.0,0.35,3642,2300,34,0.1762102680856319,0.3166650837332249,0.1428231058399957
2024,Barkhan,37,1.8308,26.4871,71.5928,210249.0,1100.0,0.0,3514.0,0.2,79,81,40,0.0959295198630074,0.2186048862283627,0.0840651611060225
2024,Chagai,37,0.0,30.5464,10.7302,269192.0,919.0,0.0,44748.0,0.2,39,150,8,0.7323220183925568,0.0460330921778799,0.7065214499952752
2024,Chaman,37,,,,466218.0,1340.0,0.0,1341.0,0.2,54,157,34,,,
2024,Dera Bugti,37,0.7077,28.443,73.907,355274.0,250.0,0.0,10160.0,0.2,194,87,16,0.3232380543988554,0.1583937517602078,0.3061297449379719
2024,Harnai,37,,,,127571.0,,,,,60,62,0,,,
2024,Hub,37,0.1308,27.3095,81.2129,382885.0,,,,,89,110,0,,,
2024,Jaffarabad,37,,,,594558.0,55.0,1.0,1643.0,0.2,1090,457,6,0.5162052823816825,0.2412981161042743,0.4541944349300275
2024,Jhal Magsi,37,,,,203368.0,60.0,0.0,3615.0,0.2,114,111,0,0.5374114622588624,0.1729603931478026,0.4047386488572667
2024,Kalat,37,0.0,21.0485,25.9248,271560.0,2000.0,0.0,7654.0,0.2,55,33,2,0.244999321199628,0.1124834336575471,0.2231988673807203
2024,Kharan,37,0.0,30.3891,15.474,260352.0,700.0,0.0,14958.0,0.2,73,154,20,0.6699186714365893,0.0470787564165275,0.6419372833524918
2024,Khuzdar,37,0.0231,26.407,41.4333,997214.0,1237.0,0.0,35380.0,0.2,266,313,39,0.1087416307771482,0.1447533457751306,0.0676201313522026
2024,Killa Abdullah,37,0.0,27.0697,10.82,361971.0,1500.0,0.0,3553.0,0.2,28,183,15,0.7108992306960598,0.0607385356263054,0.6200344943434773
2024,Killa Saifullah,37,0.0538,24.0936,48.7529,380200.0,1500.0,0.0,6831.0,0.2,208,150,0,0.5991930182363785,0.0876183729571229,0.5277427586033125
2024,Kohlu,37,1.7308,25.2123,70.8325,260220.0,1000.0,0.0,7610.0,0.2,180,194,76,0.1515896363361172,0.163441424409552,0.1288823699382197
2024,Lasbella,37,0.5692,26.6161,84.2922,680977.0,,,,,527,395,1,,,
2024,Loralai,37,0.3615,23.3587,64.5364,272432.0,1400.0,0.0,3785.0,0.2,69,244,81,0.2360011938756717,0.1279213162733553,0.2147078281519536
2024,Mastung,37,0.0,23.2113,25.871,313271.0,1700.0,0.0,3308.0,0.2,180,205,32,0.3109220980983743,0.0955926269443551,0.2850845410628018
2024,Musakhel,37,,,,196756.0,1200.0,0.0,5728.0,0.2,266,44,2,0.1588069153711268,0.1794405459345236,0.295135867815532
2024,Naseerabad,37,0.3923,30.9827,71.0468,563315.0,,,,,167,334,5,,,
2024,Nushki,37,0.0,28.9427,12.3892,207834.0,900.0,0.0,5797.0,0.2,24,183,0,,,
2024,Panjgur,37,0.0,28.3089,29.9373,509781.0,900.0,0.0,16891.0,0.2,316,248,27,0.4036690584331079,0.0601667634203704,0.3359052213567102
2024,Pishin,37,0.0,25.0023,17.2304,835482.0,1550.0,0.0,6218.0,0.2,38,202,27,0.6554468155568188,0.0697166049396994,0.5642474150778164
2024,Quetta,37,0.0,24.2275,24.8055,2595492.0,1680.0,0.0,3447.0,0.75,13,332,23,0.4086638418741354,0.0727026593465209,0.3804595141175874
2024,Sherani,37,,,,191687.0,1500.0,0.0,2700.0,0.2,2,18,4,,,
2024,Sibi,37,0.3462,30.7116,71.4697,224148.0,130.0,0.0,7121.0,0.2,171,174,46,0.1676567748705196,0.1610170845980183,0.1086934729256108
2024,Sohbat pur,37,0.2462,31.204,69.1413,240106.0,,,,,283,238,11,,,
2024,Surab,37,0.0692,20.6717,39.3366,279038.0,,,,,54,44,2,,,
2024,Usta Muhammad,37,0.2077,30.8988,71.8269,,,,,,285,717,9,,,
2024,Zhob,37,0.2846,25.4265,52.4388,355692.0,1400.0,0.0,20297.0,0.2,130,146,74,0.4466925731554644,0.0845849773838646,0.5040649629841645
2024,Ziarat,37,,,,189535.0,2400.0,0.0,3301.0,0.2,84,85,3,0.182389360800578,0.1245702957893269,0.1189579318322689
2024,Abbottabad,37,3.0154,22.9028,78.0351,1419072.0,1256.0,0.0,1967.0,0.75,22,623,37,0.0882186498764419,0.4806772942007528,0.0
2024,Bajaur,37,0.9308,23.8806,54.4833,,900.0,0.0,1290.0,0.2,307,1384,4,,0.2804049057435091,
2024,Bannu,37,2.9154,28.5396,71.7237,1357890.0,312.0,1.0,1227.0,0.2,1411,663,100,0.4453762848713258,,0.5426860534254119
2024,Battagram,37,3.9846,23.667,71.5604,335984.0,1036.0,0.0,1301.0,0.2,171,183,0,,,
2024,Buner,37,1.8077,25.8153,73.1843,,700.0,0.0,1865.0,0.35,300,327,7,0.0674628348805694,0.456395825800468,0.0012106718242388
2024,Charsadda,37,7.7846,27.3774,74.8148,1835504.0,300.0,2.0,996.0,0.2,280,835,48,,0.3484376455055661,
2024,Chitral Lower,37,0.4,23.109,47.8653,,1500.0,1.0,6458.0,0.35,30,485,9,0.2265002462670433,0.0521390317002339,0.1606590403472313
2024,Chitral Upper,37,0.4,23.109,47.8653,195528.0,2500.0,1.0,8392.0,0.2,4,200,12,0.2265002462670433,0.0521390317002339,0.1606590403472313
2024,D.I. Khan,37,3.1769,29.4296,75.9437,1829811.0,,,,,682,1277,0,,,
2024,Dir Lower,37,6.3923,27.7654,76.5274,,800.0,1.0,1583.0,0.35,292,1658,43,,,
2024,Dir Upper,37,0.2923,22.199,56.9935,,1200.0,1.0,3699.0,0.35,19,1038,17,,,
2024,Hangu,37,1.3308,25.4121,71.607,528902.0,900.0,0.0,1097.0,0.2,202,82,0,0.1110094925166064,0.2107878607577561,0.0458956105402303
2024,Haripur,37,3.9923,25.8452,78.9587,1174783.0,605.0,2.0,1725.0,0.65,31,1102,29,0.1366656797920984,0.408989146089693,0.0986360043894831
2024,Karak,37,3.1692,26.982,76.4636,815878.0,500.0,0.0,3372.0,0.2,302,372,13,0.5241123365769607,0.1666277647809484,0.3810336750090146
2024,Khyber,37,1.8538,25.8326,70.1548,1146267.0,1000.0,0.0,2576.0,0.2,344,316,43,0.0848738951752088,0.2551211572495016,0.0397827290208506
2024,Kohistan Lower,37,0.8308,5.2734,76.1085,340017.0,1500.0,2.0,1200.0,0.2,19,111,1,0.2565152308203255,0.1960639483379211,0.0220740031052485
2024,Kohistan Upper,37,0.8308,5.2734,76.1085,422947.0,2500.0,2.0,4000.0,0.2,11,418,19,0.2565152308203255,0.1960639483379211,0.0220740031052485
2024,Kolai Palas,37,0.8308,5.2734,76.1085,280162.0,,,,,8,84,5,,,
2024,L & C Kurram,37,1.1308,15.7139,76.0918,,,,,,40,45,5,,,
2024,Lakki Marwat,37,2.8615,28.6302,74.0996,1040856.0,250.0,1.0,3164.0,0.2,395,755,5,0.7878527893113606,0.0777819171123564,0.6939705149663749
2024,Malakand,37,3.5154,26.0753,68.6732,,700.0,1.0,952.0,0.2,13,731,20,,0.3536667010726566,
2024,Mansehra,37,3.6231,23.3981,75.0005,1797177.0,1000.0,0.0,4579.0,0.2,4,628,22,0.2206339102893472,0.3660135277733349,0.0359750974511278
2024,Mardan,37,5.7538,27.3811,75.0878,2744898.0,300.0,0.0,1632.0,0.65,78,697,5,0.00039023544205,0.3832306234655985,0.0
2024,Mohmand,37,3.5154,26.0753,68.6732,553933.0,600.0,0.0,2296.0,0.2,312,182,13,0.6097073360359861,0.1883616140185305,0.4833675792747265
2024,North Waziristan,37,0.7769,14.186,63.0802,693332.0,1000.0,1.0,4707.0,0.2,15,16,4,0.0962231976647592,0.1797641587068773,0.0
2024,Nowshera,37,6.3923,27.8239,76.5358,1740705.0,280.0,2.0,1748.0,0.65,216,1743,9,,0.2717740665172945,
2024,Orakzai,37,1.5385,24.0084,73.1869,387561.0,1200.0,0.0,1538.0,0.2,3,4,1,0.0996504472184732,0.3001484740410877,0.0358175659901729
2024,Peshawar,37,4.0846,27.4626,74.0347,4758762.0,330.0,0.0,1257.0,0.75,104,3557,58,,0.2674325424857618,
2024,SD Peshawar,37,,,,,,,,,0,3,0,,,
2024,SD Tank,37,2.6615,28.9096,72.8749,,,,,,64,27,1,,,
2024,Shangla,37,1.6846,18.2897,67.391,,2000.0,2.0,1586.0,0.35,1445,1462,30,0.1947802718312987,0.4617016348808843,0.0041153626645186
2024,SWA,37,,,,,,,,,106,84,30,,,
2024,Swabi,37,4.4308,26.8595,76.7451,1894600.0,340.0,2.0,1543.0,0.65,114,1538,46,0.056381830806695,0.3680898735506806,0.0351965366347155
2024,Swat,37,2.4308,24.4167,70.7847,,980.0,1.0,5337.0,0.35,75,2127,42,0.2253823206370041,0.279509156699488,0.1060761779759324
2024,Tank,37,2.6615,28.9096,72.8749,470293.0,250.0,0.0,1679.0,0.2,274,366,24,0.5006865052191775,0.1584817486992752,
2024,Tor Ghar,37,3.0846,26.3549,77.9791,200445.0,,,,,113,107,6,,,
2024,Upper Kurram,37,1.1308,15.7139,76.0918,785434.0,,,,,33,174,31,,,
2024,Badin,38,0.0,29.4948,69.5094,1947081.0,9.0,1.0,6726.0,0.35,6373,3176,82,0.3118925731239874,,0.3171638784377656
2024,Dadu,38,0.0,31.5099,60.9457,1742320.0,40.0,2.0,19070.0,0.35,5117,3777,129,0.3806911676466438,0.1803805182261563,0.3583852305416091
2024,Ghotki,38,0.0429,32.8097,55.5304,1772609.0,72.0,1.0,6083.0,0.35,3202,2019,193,0.5516283398513346,0.0854194443783111,0.4705375758137194
2024,Hyderabad,38,0.0,30.3066,66.7941,2432540.0,20.0,2.0,993.0,0.75,893,1558,16,0.1671716634007339,,0.1453688615086037
2024,Jacobabad,38,0.0,32.4837,57.4245,1174097.0,55.0,0.0,2686.0,0.35,1346,1098,51,0.4249640417313894,0.2840704628649416,0.3091871427842418
2024,Jamshoro,38,0.0,30.5808,65.5405,1117308.0,33.0,2.0,11204.0,0.35,2762,2248,37,,,
2024,Kamber,38,0.0,31.1881,64.8122,1514869.0,50.0,0.0,5599.0,0.2,6828,2305,21,,,
2024,Karachi Central,38,,,,3822325.0,,,,,115,1244,127,,0.0717580251044991,
2024,Karachi East,38,,,,3950031.0,,,,,70,527,4,,0.0876807423044983,
2024,Karachi Keamari,38,,,,2068451.0,,,,,12,382,20,,,
2024,Karachi Korangi,38,,,,3128971.0,,,,,66,364,1,,,
2024,Karachi Malir,38,,,,2403959.0,,,,,573,1914,51,,,
2024,Karachi South,38,,,,2329764.0,,,,,33,79,0,,0.1122189753406979,
2024,Karachi West,38,,,,2679380.0,,,,,184,788,29,0.4983871207503981,0.1724320200786549,0.4347787308052508
2024,Kashmore,38,0.0,32.8298,54.6388,1233957.0,60.0,2.0,2592.0,0.35,2251,770,9,,,
2024,Khairpur,38,0.0286,32.2129,55.9453,2597535.0,53.0,2.0,15910.0,0.5,10333,3717,252,0.7227564312600112,0.1577194499333576,0.507754024503566
2024,Larkana,38,0.0,31.7158,61.0803,1784453.0,48.0,2.0,1906.0,0.5,10159,2980,16,0.4088485823770059,0.2560365810652387,0.3596932343573806
2024,Matiari,38,0.0,30.8862,63.6378,849383.0,25.0,2.0,1417.0,0.2,2826,1999,8,,,
2024,Mirpurkhas,38,0.0,30.6679,64.1908,1681386.0,16.0,0.0,2925.0,0.5,7092,2856,7,,,
2024,Naushero Feroze,38,0.0,30.9165,64.0628,1777082.0,38.0,2.0,2945.0,0.2,3484,1918,110,0.1698245539660828,0.1315072508812697,0.1325100091893772
2024,Sanghar,38,0.0,31.334,59.8996,2308465.0,16.0,1.0,10608.0,0.2,4517,1389,33,0.4206197713977782,0.1022461002382161,0.1245479814779441
2024,Shaheed Benazirabad,38,0.0,31.476,61.2952,1845102.0,30.0,2.0,4502.0,0.5,2851,2344,95,0.3412583053235895,,0.3080230091710096
2024,Shikarpur,38,0.0,31.9933,59.8382,1386330.0,52.0,1.0,2512.0,0.35,3443,1581,6,0.37958734612426,,0.2451089270023763
2024,Sujawal,38,0.0,28.8393,73.0587,839292.0,,,,,1161,2458,6,,,
2024,Sukkur,38,0.0,32.2553,55.8313,1639897.0,65.0,2.0,5165.0,0.75,3890,1423,9,0.6241571118363196,,0.4057935459010967
2024,Tando Allahyar,38,0.0,30.2262,66.439,922012.0,18.0,0.0,2343.0,0.2,4469,1566,13,,,
2024,Tando Muhammad Khan,38,0.0,29.6564,69.524,726119.0,14.0,2.0,1733.0,0.2,2215,1525,3,,,
2024,Tharparkar,38,0.0714,30.6579,62.2928,1778407.0,56.0,0.0,19638.0,0.35,4499,3694,28,0.1464689710207466,,0.0850556635841202
2024,Thatta,38,0.0,28.9959,72.6609,1083191.0,10.0,2.0,17355.0,0.35,586,447,10,0.693734192515343,-0.0491034125520326,0.6470503526060093
2024,Umerkot,38,0.0,30.039,66.0977,1159831.0,12.0,0.0,5608.0,0.35,3387,2112,29,0.1689617310773851,,0.1335530611884717
2024,Barkhan,38,0.0,28.5253,54.2244,210249.0,1100.0,0.0,3514.0,0.2,81,106,1,0.1523708978622461,0.1993558915352489,0.0781174929332105
2024,Chagai,38,0.0,31.8839,13.9582,269192.0,919.0,0.0,44748.0,0.2,70,157,19,0.8389290229394322,0.03786373706383,0.7749667789631295
2024,Chaman,38,,,,466218.0,1340.0,0.0,1341.0,0.2,93,293,11,,,
2024,Dera Bugti,38,0.1,29.7237,61.2866,355274.0,250.0,0.0,10160.0,0.2,194,75,0,0.4386723586640511,0.131708243706042,0.305915140424598
2024,Gwadar,38,0.0,27.4943,88.225,305160.0,12.0,0.0,12637.0,0.35,218,296,0,0.6760099313973487,0.0330395546202513,0.6445459875890379
2024,Harnai,38,,,,127571.0,,,,,76,95,4,,,
2024,Hub,38,0.0,28.1802,75.9865,382885.0,,,,,119,101,0,,,
2024,Jaffarabad,38,,,,594558.0,55.0,1.0,1643.0,0.2,863,399,4,0.5092342921494031,0.2348429681362912,0.4035842869489418
2024,Jhal Magsi,38,,,,203368.0,60.0,0.0,3615.0,0.2,496,309,0,0.4704079487678126,0.1791999703843433,0.4410567369269453
2024,Kalat,38,0.0,22.2952,23.0599,271560.0,2000.0,0.0,7654.0,0.2,39,33,0,0.24859153765053,0.1080537169552914,0.210397960293977
2024,Kharan,38,0.0,32.2354,15.8199,260352.0,700.0,0.0,14958.0,0.2,106,107,5,0.6756935264965599,0.0438910834631954,0.6432574143332855
2024,Khuzdar,38,0.0,27.71,41.7643,997214.0,1237.0,0.0,35380.0,0.2,318,350,16,0.122451247838792,0.1499447890116169,0.0631847457236527
2024,Killa Abdullah,38,0.0,27.9826,15.0052,361971.0,1500.0,0.0,3553.0,0.2,15,116,0,0.6659155076766118,0.0575817760901599,0.5725100526295805
2024,Kohlu,38,0.0429,26.9713,53.0405,260220.0,1000.0,0.0,7610.0,0.2,143,149,2,0.1706334181191963,0.133647610277888,0.1229932991180152
2024,Lasbella,38,0.0571,27.0189,81.6119,680977.0,,,,,673,436,0,,,
2024,Loralai,38,0.0,25.6514,39.4614,272432.0,1400.0,0.0,3785.0,0.2,82,285,16,0.2384734189941341,0.116817998798217,0.197228255783078
2024,Mastung,38,0.0,24.3,24.6983,313271.0,1700.0,0.0,3308.0,0.2,173,211,1,0.3099441542339894,0.0907583412951007,0.2658185081399062
2024,Musakhel,38,,,,196756.0,1200.0,0.0,5728.0,0.2,220,59,24,0.2975733684722845,0.1772027249199532,0.134206909118509
2024,Naseerabad,38,0.0,31.5364,64.2905,563315.0,,,,,296,295,0,,,
2024,Panjgur,38,0.0,29.5362,40.5762,509781.0,900.0,0.0,16891.0,0.2,310,273,36,0.5023230121288914,0.0470188405826541,0.397799113139929
2024,Quetta,38,0.0,24.8679,27.8751,2595492.0,1680.0,0.0,3447.0,0.75,32,178,8,0.4138048573434528,0.0688780781037553,0.3559895637324277
2024,Sherani,38,,,,191687.0,1500.0,0.0,2700.0,0.2,7,35,0,,,
2024,Sibi,38,0.0,32.8644,54.6235,224148.0,130.0,0.0,7121.0,0.2,82,284,1,0.1377910737096798,0.153299742243676,0.1093670166392626
2024,Sohbat pur,38,0.0,31.9354,61.579,240106.0,,,,,420,254,0,,,
2024,Surab,38,0.0,21.9946,35.4613,279038.0,,,,,48,51,2,,,
2024,Usta Muhammad,38,0.0,31.2564,65.2508,,,,,,389,727,21,,,
2024,Washuk,38,0.0,26.1795,33.3791,302623.0,700.0,0.0,33093.0,0.2,163,191,1,,,
2024,Zhob,38,0.0,26.9447,38.7447,355692.0,1400.0,0.0,20297.0,0.2,145,135,0,0.5765434947016816,0.0771307299465889,0.4211024166461121
2024,Abbottabad,38,0.0,24.2828,61.5044,1419072.0,1256.0,0.0,1967.0,0.75,26,697,17,0.1306644026389285,0.4582010744147312,0.0380976872502841
2024,Bajaur,38,0.0,24.9622,37.8295,,900.0,0.0,1290.0,0.2,334,860,11,0.038519438733623,0.3108269285452203,
2024,Bannu,38,0.0,29.9782,50.7282,1357890.0,312.0,1.0,1227.0,0.2,1871,875,37,0.4296935247319851,0.192180196252306,0.3832286884855147
2024,Battagram,38,0.0,24.9594,55.6901,335984.0,1036.0,0.0,1301.0,0.2,132,177,0,,,
2024,Buner,38,0.0,26.7699,61.905,,700.0,0.0,1865.0,0.35,283,341,1,0.005525322542093,0.4432872030795681,0.0013354174019014
2024,Charsadda,38,0.0,27.3311,68.3894,1835504.0,300.0,2.0,996.0,0.2,389,908,1,0.0327520358915547,0.3067540256758377,
2024,Chitral Lower,38,0.1857,22.972,41.8387,,1500.0,1.0,6458.0,0.35,20,375,2,0.1136422036386941,0.0576525528198052,0.0481362078474133
2024,Chitral Upper,38,0.1857,22.972,41.8387,195528.0,2500.0,1.0,8392.0,0.2,2,163,2,0.1136422036386941,0.0576525528198052,0.0481362078474133
2024,D.I. Khan,38,0.0,30.8466,61.5183,1829811.0,,,,,725,1211,48,,,
2024,Dir Lower,38,0.0,28.3786,63.8167,,800.0,1.0,1583.0,0.35,267,1504,17,,,
2024,Dir Upper,38,0.0,22.5473,42.871,,1200.0,1.0,3699.0,0.35,19,864,19,,,
2024,Hangu,38,0.0,26.9425,46.3399,528902.0,900.0,0.0,1097.0,0.2,178,98,2,0.0992963643110651,0.2728403910032417,0.0595603032399683
2024,Haripur,38,0.0,26.1417,69.422,1174783.0,605.0,2.0,1725.0,0.65,55,950,27,0.1474006846756654,0.3868750277951581,0.1084621303281099
2024,Karak,38,0.0143,29.6328,50.3108,815878.0,500.0,0.0,3372.0,0.2,364,353,5,0.3720161060597896,0.1917721639472788,0.3952655673032063
2024,Khyber,38,0.0,27.1112,47.5495,1146267.0,1000.0,0.0,2576.0,0.2,342,472,9,0.0610738306183794,0.2634507969615807,0.0217675315282812
2024,Kohat,38,0.0,29.007,50.557,1234661.0,500.0,0.0,2545.0,0.65,11,118,0,0.2084128351550289,0.2267871203409713,0.0298039632364659
2024,Kohistan Lower,38,0.6714,5.4154,64.8228,340017.0,1500.0,2.0,1200.0,0.2,17,124,2,0.1567104136561653,0.2068513740345884,0.0143519470402729
2024,Kohistan Upper,38,0.6714,5.4154,64.8228,422947.0,2500.0,2.0,4000.0,0.2,7,460,15,0.1567104136561653,0.2068513740345884,0.0143519470402729
2024,Kolai Palas,38,0.6714,5.4154,64.8228,280162.0,,,,,1,73,2,,,
2024,L & C Kurram,38,0.0857,16.1497,56.8005,,,,,,37,44,0,,,
2024,Lakki Marwat,38,0.0571,29.6254,58.743,1040856.0,250.0,1.0,3164.0,0.2,431,769,3,0.7052483291751731,0.1417810108117475,0.676280109332815
2024,Malakand,38,0.0,27.5096,49.7752,,700.0,1.0,952.0,0.2,43,838,2,0.0072492742626465,0.3475465220660812,
2024,Mansehra,38,0.0,24.0162,63.0372,1797177.0,1000.0,0.0,4579.0,0.2,5,521,3,0.1336863354503452,0.3626444306727086,0.0748824339582841
2024,Mardan,38,0.0,26.9308,70.5089,2744898.0,300.0,0.0,1632.0,0.65,55,301,5,0.018592748734831,0.3501731469469254,0.0
2024,Mohmand,38,0.0,27.5096,49.7752,553933.0,600.0,0.0,2296.0,0.2,425,129,4,0.1639166326709467,0.1913960156304015,0.2550674737602044
2024,North Waziristan,38,0.0857,14.9134,47.8136,693332.0,1000.0,1.0,4707.0,0.2,26,11,0,0.2068075155897888,0.1920962576341739,0.0734520578354249
2024,Nowshera,38,0.0,28.4371,63.8286,1740705.0,280.0,2.0,1748.0,0.65,320,1617,10,0.2019576749125795,0.27234146695285,
2024,Orakzai,38,0.0143,25.2808,48.5298,387561.0,1200.0,0.0,1538.0,0.2,43,18,0,0.028705067546753,0.365496996417206,0.022397474604955
2024,Peshawar,38,0.0,28.0421,61.8818,4758762.0,330.0,0.0,1257.0,0.75,79,3293,16,0.1132779703769595,0.2342345099458526,
2024,SD Peshawar,38,,,,,,,,,0,3,0,,,
2024,SD Tank,38,0.0,30.3086,52.1088,,,,,,37,19,1,,,
2024,Shangla,38,0.1,20.2318,45.2562,,2000.0,2.0,1586.0,0.35,959,1416,105,0.0074270492331654,0.4397872677387847,0.0032383562726589
2024,SWA,38,,,,,,,,,112,91,4,,,
2024,Swabi,38,0.0,27.0947,69.1998,1894600.0,340.0,2.0,1543.0,0.65,110,1573,63,0.1029814109914046,0.3417705048942319,0.0344869553311506
2024,Swat,38,0.0,25.031,54.5339,,980.0,1.0,5337.0,0.35,76,1713,20,0.0902416669394508,0.2711191954180185,0.0482961993259162
2024,Tank,38,0.0,30.3086,52.1088,470293.0,250.0,0.0,1679.0,0.2,336,343,14,0.5887597867339881,0.1682533013735642,0.4795193023418641
2024,Tor Ghar,38,0.0,26.7624,68.6055,200445.0,,,,,154,121,0,,,
2024,Upper Kurram,38,0.0857,16.1497,56.8005,785434.0,,,,,28,134,2,,,
2024,Badin,39,0.0286,30.3544,68.591,1947081.0,9.0,1.0,6726.0,0.35,5984,2642,104,0.2553035481265147,0.3059793801583282,0.2341001039565633
2024,Dadu,39,0.0,32.4816,59.5207,1742320.0,40.0,2.0,19070.0,0.35,6045,3283,129,0.4150941522238815,0.1597202033685711,0.3333921055055954
2024,Ghotki,39,0.0143,33.5177,55.1598,1772609.0,72.0,1.0,6083.0,0.35,3628,1724,0,0.493518722891282,0.2372992782145838,0.4853637416788228
2024,Hyderabad,39,0.0,31.4452,63.4509,2432540.0,20.0,2.0,993.0,0.75,975,1544,20,0.1715251368276693,0.3160776852465477,0.1331905410376345
2024,Jacobabad,39,0.1,33.495,54.861,1174097.0,55.0,0.0,2686.0,0.35,1323,1063,47,0.3042026117598244,0.3115223049579909,0.2779398962587017
2024,Jamshoro,39,0.0,31.7638,61.7988,1117308.0,33.0,2.0,11204.0,0.35,3680,2331,71,,,
2024,Kamber,39,0.0714,31.9732,61.8641,1514869.0,50.0,0.0,5599.0,0.2,7998,2472,23,,,
2024,Karachi Central,39,,,,3822325.0,,,,,135,1497,169,0.0,0.0721791526675062,
2024,Karachi East,39,,,,3950031.0,,,,,124,508,2,0.0607851197204809,0.1095586601353897,
2024,Karachi Keamari,39,,,,2068451.0,,,,,6,407,22,,,
2024,Karachi Korangi,39,,,,3128971.0,,,,,82,423,4,,,
2024,Karachi Malir,39,,,,2403959.0,,,,,779,1982,54,,,
2024,Karachi South,39,,,,2329764.0,,,,,52,87,0,0.1294503862537941,0.0996092362679368,
2024,Karachi West,39,,,,2679380.0,,,,,155,961,29,0.4493013508323574,0.1628441004555954,0.4827042856505779
2024,Kashmore,39,0.0143,33.5167,54.8466,1233957.0,60.0,2.0,2592.0,0.35,2273,706,10,,,
2024,Khairpur,39,0.1,33.8864,50.925,2597535.0,53.0,2.0,15910.0,0.5,10681,3537,242,0.5711670633485041,0.1537831250446374,0.5401501699901309
2024,Larkana,39,0.0571,32.8836,56.5222,1784453.0,48.0,2.0,1906.0,0.5,11588,2544,29,0.3413112428619471,0.2812507785437274,0.265243537536629
2024,Matiari,39,0.0,32.0871,59.8298,849383.0,25.0,2.0,1417.0,0.2,2911,1862,19,,,
2024,Mirpurkhas,39,0.0,31.7164,62.3097,1681386.0,16.0,0.0,2925.0,0.5,7230,3053,8,,,
2024,Naushero Feroze,39,0.0,32.3162,60.7775,1777082.0,38.0,2.0,2945.0,0.2,4590,2026,171,0.2157380400997878,0.2949367806955364,0.1248324528405399
2024,Sanghar,39,0.0,32.3447,59.3159,2308465.0,16.0,1.0,10608.0,0.2,5703,1731,39,0.1646806675177308,0.2306923753435751,0.1401342583106939
2024,Shaheed Benazirabad,39,0.0857,32.8096,57.9212,1845102.0,30.0,2.0,4502.0,0.5,3001,2328,70,0.3678124983554077,0.2469387808977969,0.3124945782549653
2024,Shikarpur,39,0.0,32.9864,56.1981,1386330.0,52.0,1.0,2512.0,0.35,3970,1631,3,0.2710649277816272,0.3347579230061042,0.2379758499173605
2024,Sujawal,39,0.0,29.5179,72.1973,839292.0,,,,,1754,2457,16,,,
2024,Sukkur,39,0.0,33.1809,55.2708,1639897.0,65.0,2.0,5165.0,0.75,4673,1597,6,0.4425766159112944,0.1759060251293711,0.4169930653183756
2024,Tando Allahyar,39,0.0,31.3593,63.5895,922012.0,18.0,0.0,2343.0,0.2,4809,1354,7,,,
2024,Tando Muhammad Khan,39,0.0,30.3073,69.3592,726119.0,14.0,2.0,1733.0,0.2,2028,1498,1,,,
2024,Tharparkar,39,0.4143,31.3528,63.1361,1778407.0,56.0,0.0,19638.0,0.35,5126,3332,46,0.1966746867647986,0.2669061026777005,0.1134680748457378
2024,Thatta,39,0.0,29.6241,71.7022,1083191.0,10.0,2.0,17355.0,0.35,1835,2071,10,0.4904565489297492,0.1927662613861788,0.5910763470982461
2024,Umerkot,39,0.0143,31.0027,65.998,1159831.0,12.0,0.0,5608.0,0.35,3546,2139,30,0.1567173651384176,0.256416444845847,0.118888280993544
2024,Barkhan,39,0.7,29.5822,51.4597,210249.0,1100.0,0.0,3514.0,0.2,110,147,2,0.115809467968515,0.1917928587830981,0.0943147578845229
2024,Chagai,39,0.0,31.3988,15.7904,269192.0,919.0,0.0,44748.0,0.2,182,87,0,0.7813147196093203,0.0425957446657435,0.8327761602110128
2024,Dera Bugti,39,0.7143,31.4722,53.7622,355274.0,250.0,0.0,10160.0,0.2,61,154,0,0.388959235751755,0.1485103060272257,0.3664150234766544
2024,Duki,39,,,,205044.0,1100.0,0.0,4233.0,0.2,31,38,7,,,
2024,Gwadar,39,0.0,27.6297,85.5231,305160.0,12.0,0.0,12637.0,0.35,299,250,0,0.6892318363885138,0.02925332633088,0.5916089875652419
2024,Harnai,39,,,,127571.0,,,,,100,107,4,,,
2024,Hub,39,0.0,28.9811,73.5485,382885.0,,,,,92,120,0,,,
2024,Jaffarabad,39,,,,594558.0,55.0,1.0,1643.0,0.2,499,1071,59,0.4107853801750412,0.2771176370500619,0.3552957933919065
2024,Jhal Magsi,39,,,,203368.0,60.0,0.0,3615.0,0.2,183,193,0,0.52437032172992,0.184853210905843,0.4470243536079563
2024,Kalat,39,0.0,23.2045,22.0552,271560.0,2000.0,0.0,7654.0,0.2,39,67,0,0.1800118365593466,0.1077704862284674,0.1208663500559754
2024,Kech (Turbat),39,,,,1060931.0,,,,,75,118,NR,,,
2024,Kharan,39,0.0,31.5285,17.7172,260352.0,700.0,0.0,14958.0,0.2,210,152,0,0.6522106067583296,0.0474197870809359,0.6127418018552044
2024,Khuzdar,39,0.0,28.5413,40.8259,997214.0,1237.0,0.0,35380.0,0.2,243,212,0,0.1753148744596805,0.1371746614974843,0.0770150516162878
2024,Killa Abdullah,39,0.0,28.0365,15.1924,361971.0,1500.0,0.0,3553.0,0.2,139,19,1,,0.0635909424605439,
2024,Killa Saifullah,39,0.0,26.3621,35.9054,380200.0,1500.0,0.0,6831.0,0.2,175,188,0,0.579285255985904,0.0883130258189366,0.4847647466209589
2024,Kohlu,39,1.2714,28.1836,53.3978,260220.0,1000.0,0.0,7610.0,0.2,229,192,4,0.1680342191357402,0.1463371970218628,0.1352941908105801
2024,Lasbella,39,0.1714,27.4728,81.3978,680977.0,,,,,401,715,10,,,
2024,Loralai,39,0.0,26.16,48.97,272432.0,1400.0,0.0,3785.0,0.2,276,73,0,0.2218952564610053,0.1238133998724322,0.1928217541901191
2024,Mastung,39,0.0,24.8494,26.786,313271.0,1700.0,0.0,3308.0,0.2,224,169,53,0.1593421759087713,0.0950025253038626,0.0085895579109771
2024,Musakhel,39,,,,196756.0,1200.0,0.0,5728.0,0.2,77,252,4,0.1497024557176274,0.1726216976796504,0.1293909894784871
2024,Naseerabad,39,0.0286,32.4956,59.3086,563315.0,,,,,303,328,19,,,
2024,Nushki,39,0.0,30.1208,15.8257,207834.0,900.0,0.0,5797.0,0.2,204,8,0,,,
2024,Panjgur,39,0.0,28.8385,37.9466,509781.0,900.0,0.0,16891.0,0.2,285,356,3,0.3248661367841369,0.0479549356307241,0.3208197453714408
2024,Pishin,39,0.0,26.0051,21.1735,835482.0,1550.0,0.0,6218.0,0.2,206,66,0,0.7004914744550522,0.0727778932410562,0.4844265022292215
2024,Quetta,39,0.0,25.292,30.2853,2595492.0,1680.0,0.0,3447.0,0.75,355,70,6,0.0,0.0763512840942951,0.0
2024,Sherani,39,,,,191687.0,1500.0,0.0,2700.0,0.2,19,6,0,,,
2024,Sibi,39,0.0286,33.9858,49.5457,224148.0,130.0,0.0,7121.0,0.2,146,247,1,0.1871195213535889,0.1506972418052334,0.1114815334255977
2024,Sohbat pur,39,0.0,32.8565,57.1664,240106.0,,,,,257,644,5,,,
2024,Surab,39,0.0,23.2886,32.356,279038.0,,,,,49,57,6,,,
2024,Usta Muhammad,39,0.0,31.7755,63.6906,,,,,,739,399,17,,,
2024,Washuk,39,0.0,25.7515,35.2964,302623.0,700.0,0.0,33093.0,0.2,241,186,0,,,
2024,Zhob,39,0.0,27.3396,47.3949,355692.0,1400.0,0.0,20297.0,0.2,132,154,0,0.4254444119276707,0.0838309357082322,0.4071650055224917
2024,Abbottabad,39,3.6143,23.2851,74.9441,1419072.0,1256.0,0.0,1967.0,0.75,2,644,11,0.0028522139051692,,0.0051091895448812
2024,Bajaur,39,1.0286,23.3387,60.4368,,900.0,0.0,1290.0,0.2,411,1461,13,,0.2636280090324742,
2024,Bannu,39,1.6286,29.9428,60.3322,1357890.0,312.0,1.0,1227.0,0.2,1834,846,33,0.4486167074084121,0.1886942503703613,0.3887754730049944
2024,Battagram,39,5.1,23.9195,71.9155,335984.0,1036.0,0.0,1301.0,0.2,134,236,0,,,
2024,Buner,39,4.1,26.013,69.8588,,700.0,0.0,1865.0,0.35,376,262,1,0.0208814480475583,0.3804853802917333,0.0018405443584071
2024,Charsadda,39,7.0857,27.7448,71.6484,1835504.0,300.0,2.0,996.0,0.2,405,848,3,,0.2848642294950021,
2024,Chitral Lower,39,3.4143,23.1199,51.2938,,1500.0,1.0,6458.0,0.35,24,299,5,0.1805716807164669,0.0603503206249779,0.0554047265098796
2024,Chitral Upper,39,3.4143,23.1199,51.2938,195528.0,2500.0,1.0,8392.0,0.2,5,177,0,0.1805716807164669,0.0603503206249779,0.0554047265098796
2024,D.I. Khan,39,0.9571,30.8347,64.4227,1829811.0,,,,,878,1112,42,,,
2024,Dir Lower,39,13.3,28.0774,73.0767,,800.0,1.0,1583.0,0.35,346,1528,12,,,
2024,Dir Upper,39,5.3,21.908,61.1777,,1200.0,1.0,3699.0,0.35,12,871,11,,,
2024,Hangu,39,1.6714,26.9661,60.9453,528902.0,900.0,0.0,1097.0,0.2,114,101,3,0.1529923699029956,0.2496858414820758,0.0830367798017644
2024,Haripur,39,3.6429,26.4821,74.5052,1174783.0,605.0,2.0,1725.0,0.65,61,953,70,0.1218136392813191,,0.1045120134791037
2024,Karak,39,2.4714,29.2691,60.1774,815878.0,500.0,0.0,3372.0,0.2,351,393,7,0.5312069795143624,0.1783962665863655,0.4032228638844189
2024,Khyber,39,0.6143,26.9472,61.7565,1146267.0,1000.0,0.0,2576.0,0.2,399,450,9,0.0815328180879492,0.2568939304601882,0.0226592378563546
2024,Kohat,39,3.4571,28.4665,63.0571,1234661.0,500.0,0.0,2545.0,0.65,17,81,0,0.0895340312426723,0.2124624908542799,0.0329938767211518
2024,Kohistan Lower,39,0.6714,6.4318,68.6352,340017.0,1500.0,2.0,1200.0,0.2,8,101,0,0.0440782729990036,0.1327759954340439,0.0174635626768292
2024,Kohistan Upper,39,0.6714,6.4318,68.6352,422947.0,2500.0,2.0,4000.0,0.2,13,309,17,0.0440782729990036,0.1327759954340439,0.0174635626768292
2024,Kolai Palas,39,0.6714,6.4318,68.6352,280162.0,,,,,4,108,2,,,
2024,L & C Kurram,39,0.6,16.3259,75.5305,,,,,,15,40,2,,,
2024,Lakki Marwat,39,3.0286,29.9971,63.4177,1040856.0,250.0,1.0,3164.0,0.2,444,731,4,0.7880763550924026,0.1324316980503451,0.6733656541541714
2024,Malakand,39,4.6286,26.6254,62.8239,,700.0,1.0,952.0,0.2,60,892,4,,0.3053204811806404,
2024,Mansehra,39,4.9429,23.9353,71.7159,1797177.0,1000.0,0.0,4579.0,0.2,6,584,5,0.0980355546305902,0.1235960802287933,0.0305399261580311
2024,Mardan,39,6.6,27.4779,72.8084,2744898.0,300.0,0.0,1632.0,0.65,60,768,7,0.0928960316003809,0.3010896516023897,0.0114597989437409
2024,Mohmand,39,4.6286,26.6254,62.8239,553933.0,600.0,0.0,2296.0,0.2,496,134,4,0.6707528553489206,0.1840028652229607,0.2598816001913532
2024,North Waziristan,39,0.7286,14.9083,65.4575,693332.0,1000.0,1.0,4707.0,0.2,32,37,0,0.092093666257674,0.180936707641566,0.0729710881292838
2024,Nowshera,39,13.3,28.1359,73.0862,1740705.0,280.0,2.0,1748.0,0.65,336,1565,8,0.3423663496228271,0.2516378681419285,0.2234163425947617
2024,Orakzai,39,1.4714,25.4876,62.986,387561.0,1200.0,0.0,1538.0,0.2,12,24,0,0.1074118172581168,0.3174838120852861,0.0264194330761173
2024,Peshawar,39,3.9714,28.3076,68.4044,4758762.0,330.0,0.0,1257.0,0.75,95,3210,11,,0.2253748893412211,
2024,SD Peshawar,39,,,,,,,,,0,10,0,,,
2024,SD Tank,39,0.9143,30.5005,61.8538,,,,,,46,22,1,,,
2024,Shangla,39,4.9714,18.183,72.3948,,2000.0,2.0,1586.0,0.35,1007,1158,11,0.0070518929422416,0.4070003184069854,0.0026905558759289
2024,SWA,39,,,,,,,,,55,83,0,,,
2024,Swabi,39,7.2286,27.0107,74.6644,1894600.0,340.0,2.0,1543.0,0.65,82,1347,39,0.1714430357577763,0.2838707987834745,0.0907011173107918
2024,Swat,39,11.3,24.1733,71.9615,,980.0,1.0,5337.0,0.35,86,1699,7,0.1307264919748866,0.249361431904086,0.0536750318018398
2024,Tank,39,0.9143,30.5005,61.8538,470293.0,250.0,0.0,1679.0,0.2,494,420,12,0.5234163486883269,0.1663140957325755,0.4952968669615704
2024,Tor Ghar,39,4.3857,27.0058,72.2162,200445.0,,,,,115,73,1,,,
2024,Upper Kurram,39,0.6,16.3259,75.5305,785434.0,,,,,26,111,3,,,
2024,Badin,40,0.0,29.873,68.1367,1947081.0,9.0,1.0,6726.0,0.35,3338,2324,71,0.3453622230134107,0.1266105713273677,0.2326128029477312
2024,Dadu,40,0.0,31.1585,61.493,1742320.0,40.0,2.0,19070.0,0.35,5338,2810,127,0.4027340447760957,0.1606783552444071,0.3459605920502365
2024,Ghotki,40,0.125,31.7414,57.6224,1772609.0,72.0,1.0,6083.0,0.35,3055,1423,0,0.5488611371752213,0.2379062513042731,0.4810713801829987
2024,Hyderabad,40,0.0,31.2091,61.8932,2432540.0,20.0,2.0,993.0,0.75,828,1480,15,0.2139504405850617,0.2960783888404713,0.1465655954022614
2024,Jacobabad,40,0.0625,32.6915,50.8014,1174097.0,55.0,0.0,2686.0,0.35,1349,967,37,0.4255536632015636,0.3211965482904171,0.2895911118364633
2024,Jamshoro,40,0.0,31.3789,61.11,1117308.0,33.0,2.0,11204.0,0.35,3143,2261,67,,,
2024,Kamber,40,0.0,30.9839,61.9473,1514869.0,50.0,0.0,5599.0,0.2,7413,2093,27,,,
2024,Karachi Central,40,,,,3822325.0,,,,,160,1396,173,0.0,0.067737397321854,0.0
2024,Karachi East,40,,,,3950031.0,,,,,128,513,4,0.0480252115233103,0.1086211864264815,0.0373091722901608
2024,Karachi Keamari,40,,,,2068451.0,,,,,5,382,15,,,
2024,Karachi Korangi,40,,,,3128971.0,,,,,59,384,2,,,
2024,Karachi Malir,40,,,,2403959.0,,,,,714,1770,55,,,
2024,Karachi South,40,,,,2329764.0,,,,,52,73,0,0.0972603988900902,0.0968413706389503,0.0886103982387347
2024,Karachi West,40,,,,2679380.0,,,,,212,944,30,0.3332250189234431,0.1509763256191651,0.2968900984794244
2024,Kashmore,40,0.075,31.575,57.4973,1233957.0,60.0,2.0,2592.0,0.35,2116,654,2,,,
2024,Khairpur,40,0.0,32.2735,53.4443,2597535.0,53.0,2.0,15910.0,0.5,7142,2838,189,0.8749944827646979,0.1488205048069396,0.6913865392974917
2024,Larkana,40,0.0,31.7422,57.1394,1784453.0,48.0,2.0,1906.0,0.5,9701,2184,25,0.4486280372040778,0.2968061520073632,0.3008399999949017
2024,Matiari,40,0.0,31.8681,57.7962,849383.0,25.0,2.0,1417.0,0.2,2323,1549,14,,,
2024,Mirpurkhas,40,0.0,31.2885,60.7813,1681386.0,16.0,0.0,2925.0,0.5,4858,2697,33,,,
2024,Naushero Feroze,40,0.0,31.0826,61.3046,1777082.0,38.0,2.0,2945.0,0.2,2975,1832,116,0.3286659012739638,0.2840326656489838,0.1904946766316065
2024,Sanghar,40,0.0,31.4337,59.9741,2308465.0,16.0,1.0,10608.0,0.2,4740,1584,58,0.5163066386642607,0.2147768237522849,0.143933161082193
2024,Shaheed Benazirabad,40,0.0,31.6601,58.246,1845102.0,30.0,2.0,4502.0,0.5,2694,1993,106,0.4249995422976835,0.2397309065180792,0.3170875649729244
2024,Shikarpur,40,0.05,31.4778,58.1584,1386330.0,52.0,1.0,2512.0,0.35,3264,1267,4,0.7133078302785716,0.3592638683923602,0.5249285353959978
2024,Sujawal,40,0.0,29.3461,71.8882,839292.0,,,,,1538,2047,7,,,
2024,Sukkur,40,0.0,31.678,57.4588,1639897.0,65.0,2.0,5165.0,0.75,3941,1342,52,0.675008706783761,0.1757458675386337,0.4504155583891857
2024,Tando Allahyar,40,0.0,31.1337,61.7561,922012.0,18.0,0.0,2343.0,0.2,3723,1364,7,,,
2024,Tando Muhammad Khan,40,0.0,30.0441,67.8429,726119.0,14.0,2.0,1733.0,0.2,1440,1214,0,,,
2024,Tharparkar,40,0.0,30.9964,60.3767,1778407.0,56.0,0.0,19638.0,0.35,3972,2537,31,0.1955717928134495,0.2353320924585753,0.110091245472103
2024,Thatta,40,0.0,29.6936,70.276,1083191.0,10.0,2.0,17355.0,0.35,1035,1532,8,0.5045145906084922,0.1269446234662256,0.4204371164229045
2024,Umerkot,40,0.0,30.1678,64.4807,1159831.0,12.0,0.0,5608.0,0.35,2686,2012,35,0.2515999586599324,0.2402696241237203,0.1270948681474996
2024,Barkhan,40,2.025,27.2898,48.3228,210249.0,1100.0,0.0,3514.0,0.2,55,193,1,0.2281280679511946,0.1790811857929766,0.0974903244378851
2024,Chagai,40,0.0,29.4945,20.7891,269192.0,919.0,0.0,44748.0,0.2,302,164,15,0.7713712392570129,0.0336289430777881,0.7612111787669446
2024,Dera Bugti,40,0.1125,29.4627,52.397,355274.0,250.0,0.0,10160.0,0.2,0,18,0,0.5361805918677109,0.1421727731071045,0.3991877046332384
2024,Duki,40,,,,205044.0,1100.0,0.0,4233.0,0.2,49,66,5,,,
2024,Gwadar,40,0.0,28.0532,86.5693,305160.0,12.0,0.0,12637.0,0.35,1295,541,0,0.6806640177620453,0.0225540040970202,0.6440278277936153
2024,Harnai,40,,,,127571.0,,,,,9,83,3,,,
2024,Hub,40,0.0,28.8825,73.6809,382885.0,,,,,35,88,0,,,
2024,Jaffarabad,40,,,,594558.0,55.0,1.0,1643.0,0.2,43,412,0,0.7278590492678352,0.2896074463092105,0.4654348127520423
2024,Jhal Magsi,40,,,,203368.0,60.0,0.0,3615.0,0.2,332,168,0,0.5737267826042552,0.1907526826646474,0.4686966863808579
2024,Kalat,40,1.2125,19.8423,34.5521,271560.0,2000.0,0.0,7654.0,0.2,0,37,0,0.201651458584765,0.0951471995911756,0.103077235553444
2024,Kharan,40,0.0,30.0593,23.1261,260352.0,700.0,0.0,14958.0,0.2,382,178,3,0.6582103669640457,0.0335333892506549,0.6397505589312202
2024,Khuzdar,40,0.8625,26.2743,35.3151,997214.0,1237.0,0.0,35380.0,0.2,461,347,11,0.1010375862591151,0.1262329798048742,0.0596415807310787
2024,Killa Abdullah,40,0.1125,25.3666,20.8466,361971.0,1500.0,0.0,3553.0,0.2,68,128,2,0.6580060326576451,0.0544092501075536,
2024,Killa Saifullah,40,0.9125,23.6509,30.401,380200.0,1500.0,0.0,6831.0,0.2,0,122,0,0.6212560353816594,0.0794576330857763,0.4852544940969982
2024,Kohlu,40,1.5375,25.5971,47.2078,260220.0,1000.0,0.0,7610.0,0.2,218,111,2,0.3056487903617761,0.1408366770421571,0.1937763794970273
2024,Lasbella,40,0.2625,27.6037,80.3387,680977.0,,,,,55,348,0,,,
2024,Loralai,40,0.8875,24.3556,34.8562,272432.0,1400.0,0.0,3785.0,0.2,317,201,9,0.427375713008209,0.1184911981343976,0.1955198114097399
2024,Mastung,40,0.6375,21.8973,33.4896,313271.0,1700.0,0.0,3308.0,0.2,174,238,2,0.2690816629630997,0.0834917393956495,0.0033254183712823
2024,Musakhel,40,,,,196756.0,1200.0,0.0,5728.0,0.2,48,56,13,0.319371776737318,0.1660010743861334,0.130613122953784
2024,Naseerabad,40,0.0875,32.0473,54.5488,563315.0,,,,,33,336,6,,,
2024,Panjgur,40,0.0125,28.4438,41.3822,509781.0,900.0,0.0,16891.0,0.2,130,253,25,0.4332261387039659,0.0345864402158608,0.3150406643550152
2024,Quetta,40,0.3,22.5451,33.3204,2595492.0,1680.0,0.0,3447.0,0.75,780,555,16,0.3704622040044764,0.0660467505530447,0.0
2024,Sherani,40,,,,191687.0,1500.0,0.0,2700.0,0.2,37,16,0,,,
2024,Sibi,40,1.9,31.9447,45.462,224148.0,130.0,0.0,7121.0,0.2,148,143,18,0.1811096526882863,0.1503988141152164,0.088429713650864
2024,Sohbat pur,40,0.05,31.8015,55.8773,240106.0,,,,,7,270,1,,,
2024,Surab,40,0.45,20.9581,34.3028,279038.0,,,,,98,76,0,,,
2024,Usta Muhammad,40,0.0,31.0811,58.5885,,,,,,126,548,18,,,
2024,Washuk,40,0.375,24.6843,33.9561,302623.0,700.0,0.0,33093.0,0.2,381,216,6,,,
2024,Zhob,40,0.8,24.3798,38.2274,355692.0,1400.0,0.0,20297.0,0.2,212,106,0,0.424668343756866,0.077035644211973,0.2053865631683959
2024,Abbottabad,40,0.1625,22.4983,57.2492,1419072.0,1256.0,0.0,1967.0,0.75,24,542,5,0.1198603078582487,0.4185635539296424,0.0046388049231674
2024,Bajaur,40,3.025,21.9193,42.0529,,900.0,0.0,1290.0,0.2,322,1074,38,0.0547013783834089,0.2602226934295183,
2024,Bannu,40,0.3125,28.6662,49.6141,1357890.0,312.0,1.0,1227.0,0.2,1510,774,2,0.4713126477591098,0.164325184512247,0.4116579308256002
2024,Buner,40,1.0625,24.9424,57.7911,,700.0,0.0,1865.0,0.35,345,247,11,0.0036566814342121,0.3996154661188267,0.0009822915588284
2024,Charsadda,40,2.625,25.1886,70.0489,1835504.0,300.0,2.0,996.0,0.2,322,727,4,0.0516172614829741,0.2626463399371846,
2024,Chitral Lower,40,1.0625,19.8957,49.8455,,1500.0,1.0,6458.0,0.35,25,320,12,0.123678005261906,0.0567416025347299,0.0566682158100494
2024,Chitral Upper,40,1.0625,19.8957,49.8455,195528.0,2500.0,1.0,8392.0,0.2,0,146,2,0.123678005261906,0.0567416025347299,0.0566682158100494
2024,D.I. Khan,40,0.4125,29.037,65.5048,1829811.0,,,,,879,1132,23,,,
2024,Dir Lower,40,1.025,26.3874,65.305,,800.0,1.0,1583.0,0.35,309,1263,16,,,
2024,Dir Upper,40,0.7375,19.337,47.147,,1200.0,1.0,3699.0,0.35,10,777,0,,,
2024,Hangu,40,1.225,25.4217,47.4189,528902.0,900.0,0.0,1097.0,0.2,72,126,3,0.1434841146750146,0.2270408730929176,0.1054076917061127
2024,Haripur,40,0.1125,24.2448,68.0237,1174783.0,605.0,2.0,1725.0,0.65,34,669,4,0.1446264216234465,0.3611900401681059,0.1035465153081678
2024,Karak,40,0.7,28.1434,51.0531,815878.0,500.0,0.0,3372.0,0.2,306,340,13,0.4160580187698728,0.1621383474787828,0.4366426784502098
2024,Khyber,40,1.1,25.6903,44.0899,1146267.0,1000.0,0.0,2576.0,0.2,259,296,20,0.0475766393811661,0.2483227195676997,0.023176071224402
2024,Kohistan Lower,40,0.1625,2.4393,70.512,340017.0,1500.0,2.0,1200.0,0.2,7,95,0,0.1614521294294296,0.1854061347403507,0.017547021055511
2024,Kohistan Upper,40,0.1625,2.4393,70.512,422947.0,2500.0,2.0,4000.0,0.2,7,345,1,0.1614521294294296,0.1854061347403507,0.017547021055511
2024,Kolai Palas,40,0.1625,2.4393,70.512,280162.0,,,,,5,71,2,,,
2024,L & C Kurram,40,0.725,14.0398,57.8355,,,,,,8,47,0,,,
2024,Lakki Marwat,40,2.0375,27.9583,60.8086,1040856.0,250.0,1.0,3164.0,0.2,516,722,25,0.7743225213819209,0.1248316830413955,0.7205858157507503
2024,Malakand,40,2.2375,25.5244,49.8792,,700.0,1.0,952.0,0.2,41,953,0,0.0129784431495083,0.3127967676533968,
2024,Mansehra,40,0.1125,22.1821,59.2088,1797177.0,1000.0,0.0,4579.0,0.2,3,454,5,0.134482972237166,0.3249442807692714,0.0296617270667253
2024,Mardan,40,1.95,24.7998,70.7195,2744898.0,300.0,0.0,1632.0,0.65,83,618,5,0.0298805904137927,0.3056360204405507,0.0136008645826961
2024,Mohmand,40,2.2375,25.5244,49.8792,553933.0,600.0,0.0,2296.0,0.2,411,128,13,0.1654999542415024,0.1732601474019722,0.2387729474376607
2024,North Waziristan,40,3.2625,12.064,53.7296,693332.0,1000.0,1.0,4707.0,0.2,27,0,0,0.2012463456473605,0.1734874237046295,0.0709191680738925
2024,Nowshera,40,1.025,26.4459,65.3166,1740705.0,280.0,2.0,1748.0,0.65,333,1425,8,0.2369216531122451,0.2510859050405184,0.2589490699526776
2024,Orakzai,40,0.8,24.1349,46.904,387561.0,1200.0,0.0,1538.0,0.2,27,28,15,0.0268929382853433,0.3297213035001309,0.0228159966781066
2024,Peshawar,40,1.0125,26.5851,60.9389,4758762.0,330.0,0.0,1257.0,0.75,73,2970,5,0.1416940333518147,0.2055446581205787,
2024,SD Peshawar,40,,,,,,,,,0,5,0,,,
2024,SD Tank,40,0.1875,29.5412,48.7088,,,,,,50,31,1,,,
2024,Shangla,40,1.2125,17.4881,51.7874,,2000.0,2.0,1586.0,0.35,724,912,35,0.0086489204964839,0.3931648025430042,0.0023688274159106
2024,SWA,40,,,,,,,,,77,78,3,,,
2024,Swabi,40,1.5,24.9111,71.7053,1894600.0,340.0,2.0,1543.0,0.65,137,1360,122,0.1127643795956007,0.306446112109652,0.097694503203067
2024,Swat,40,0.2625,22.4571,58.7634,,980.0,1.0,5337.0,0.35,90,1253,47,0.1012968655610476,0.2347987543306294,0.0535808041281211
2024,Tank,40,0.1875,29.5412,48.7088,470293.0,250.0,0.0,1679.0,0.2,496,380,0,0.6208465192819825,0.1536294711636404,0.511565406869921
2024,Tor Ghar,40,0.3625,24.8031,68.5344,200445.0,,,,,68,54,1,,,
2024,Upper Kurram,40,0.725,14.0398,57.8355,785434.0,,,,,28,167,19,,,
2024,Badin,41,0.0,30.4195,51.2197,1947081.0,9.0,1.0,6726.0,0.35,4204,2290,82,0.2347497551998578,0.282986433644777,0.2088637387382822
2024,Dadu,41,0.0,28.7855,57.8971,1742320.0,40.0,2.0,19070.0,0.35,5980,2792,141,0.3542876996625596,0.1464350378117602,0.3296842228319545
2024,Ghotki,41,0.1857,28.9698,56.2319,1772609.0,72.0,1.0,6083.0,0.35,3132,1413,0,0.5508439331663306,0.2161182229888804,0.5200892941645394
2024,Hyderabad,41,0.0,31.9521,39.8386,2432540.0,20.0,2.0,993.0,0.75,978,1674,15,0.165370773054194,0.2796280051408509,0.1458383571930694
2024,Jacobabad,41,0.0714,30.4688,43.8734,1174097.0,55.0,0.0,2686.0,0.35,1327,1028,32,0.3422094293783375,0.3040994040178444,0.341936227337897
2024,Jamshoro,41,0.0,32.44,37.505,1117308.0,33.0,2.0,11204.0,0.35,3586,2086,63,,,
2024,Kamber,41,0.0,28.8762,58.9714,1514869.0,50.0,0.0,5599.0,0.2,7525,2275,24,,,
2024,Karachi Central,41,,,,3822325.0,,,,,161,1575,178,,0.0745836967131549,
2024,Karachi East,41,,,,3950031.0,,,,,140,423,5,,0.1085026287119252,
2024,Karachi Keamari,41,,,,2068451.0,,,,,24,407,10,,,
2024,Karachi Korangi,41,,,,3128971.0,,,,,68,350,2,,,
2024,Karachi Malir,41,,,,2403959.0,,,,,566,1703,43,,,
2024,Karachi South,41,,,,2329764.0,,,,,41,80,0,,0.0938382796854796,
2024,Karachi West,41,,,,2679380.0,,,,,204,921,30,0.5389905600277987,0.1519941137763938,0.4284183703017317
2024,Kashmore,41,0.1286,28.8673,54.2408,1233957.0,60.0,2.0,2592.0,0.35,2543,610,9,,,
2024,Khairpur,41,0.0,29.4641,49.2018,2597535.0,53.0,2.0,15910.0,0.5,7858,3044,211,0.7550232253396862,0.1394849736882133,0.8474858285858156
2024,Larkana,41,0.0,29.8676,50.1264,1784453.0,48.0,2.0,1906.0,0.5,10427,2420,26,0.2607956186256452,0.2886735613571645,0.2482620557090341
2024,Matiari,41,0.0,31.9305,37.9023,849383.0,25.0,2.0,1417.0,0.2,2867,1559,4,,,
2024,Mirpurkhas,41,0.0,31.6521,40.0844,1681386.0,16.0,0.0,2925.0,0.5,5655,2746,8,,,
2024,Naushero Feroze,41,0.0,28.9456,55.0485,1777082.0,38.0,2.0,2945.0,0.2,3682,1583,141,0.2125244360954991,0.2532295545525555,0.1926024198858197
2024,Sanghar,41,0.0,31.4498,43.2931,2308465.0,16.0,1.0,10608.0,0.2,5488,1919,56,0.536309766822694,0.1980761910982603,0.4659905447635431
2024,Shaheed Benazirabad,41,0.0,29.9971,48.8068,1845102.0,30.0,2.0,4502.0,0.5,2560,1834,82,0.3878723442776362,0.2108459736163828,0.3218530361277857
2024,Shikarpur,41,0.0143,29.148,51.8558,1386330.0,52.0,1.0,2512.0,0.35,4186,1436,9,0.2757528597284244,0.3505862969882245,0.6513788464772152
2024,Sujawal,41,0.0,30.8197,49.5356,839292.0,,,,,1672,1993,8,,,
2024,Sukkur,41,0.0429,29.3586,52.0343,1639897.0,65.0,2.0,5165.0,0.75,4249,1203,4,0.6240096109715365,0.1677463303591479,0.621696889044602
2024,Tando Allahyar,41,0.0,31.7816,38.743,922012.0,18.0,0.0,2343.0,0.2,4130,1344,12,,,
2024,Tando Muhammad Khan,41,0.0,31.2966,43.8017,726119.0,14.0,2.0,1733.0,0.2,1460,1062,0,,,
2024,Tharparkar,41,0.3714,31.6281,46.2548,1778407.0,56.0,0.0,19638.0,0.35,4099,2484,41,0.2320859392172094,0.2043292848813698,0.1237752608859242
2024,Thatta,41,0.0,31.8798,43.4347,1083191.0,10.0,2.0,17355.0,0.35,1505,1740,12,0.6243408310676778,0.1737584555699126,0.614458836317569
2024,Umerkot,41,0.0,30.1155,50.2642,1159831.0,12.0,0.0,5608.0,0.35,2685,1817,6,0.3463876851900191,0.2239965344644411,0.201268104964553
2024,Barkhan,41,1.0571,23.5524,52.9088,210249.0,1100.0,0.0,3514.0,0.2,101,146,0,0.1781260321109726,0.1561993245373797,0.1381107846544698
2024,Chagai,41,0.0,25.6304,21.6734,269192.0,919.0,0.0,44748.0,0.2,380,105,20,0.7849070569425213,0.0393327651464714,0.7505504164305501
2024,Chaman,41,,,,466218.0,1340.0,0.0,1341.0,0.2,186,51,1,,,
2024,Dera Bugti,41,0.1429,27.3437,45.7255,355274.0,250.0,0.0,10160.0,0.2,45,182,0,0.4363360685127411,0.1317145489353212,0.4462668220351802
2024,Duki,41,,,,205044.0,1100.0,0.0,4233.0,0.2,79,57,1,,,
2024,Gwadar,41,0.0,27.7553,84.9068,305160.0,12.0,0.0,12637.0,0.35,34,15,0,0.6871835330869552,0.0343407876642429,0.6416090767188368
2024,Harnai,41,,,,127571.0,,,,,22,100,25,,,
2024,Hub,41,0.0,31.4371,44.3025,382885.0,,,,,7,83,0,,,
2024,Jaffarabad,41,,,,594558.0,55.0,1.0,1643.0,0.2,150,1168,0,0.3667575646390287,0.2757874885230213,0.4282334271081295
2024,Jhal Magsi,41,,,,203368.0,60.0,0.0,3615.0,0.2,346,690,0,0.4190676713637513,0.1541691005820047,0.4076276849240799
2024,Kalat,41,1.3857,15.7104,41.3172,271560.0,2000.0,0.0,7654.0,0.2,6,46,0,0.2468707262860996,0.0025897280683881,0.1809717602600729
2024,Kech (Turbat),41,,,,1060931.0,,,,,1329,1027,NR,,,
2024,Kharan,41,0.0,27.0291,21.8984,260352.0,700.0,0.0,14958.0,0.2,401,82,4,0.6500989864021091,0.0468738992030456,0.6265519849613823
2024,Khuzdar,41,1.0,22.3821,44.7209,997214.0,1237.0,0.0,35380.0,0.2,690,257,5,0.124622825940182,0.1068138493289992,0.0582271872090487
2024,Killa Abdullah,41,0.1286,21.39,23.5854,361971.0,1500.0,0.0,3553.0,0.2,93,19,0,0.6355454666489935,0.0520471924706813,0.5328916431409957
2024,Killa Saifullah,41,1.0429,18.7094,42.5106,380200.0,1500.0,0.0,6831.0,0.2,0,141,0,0.5731423545078361,0.0839125633079247,0.4838445275544641
2024,Kohlu,41,2.0286,22.696,45.9407,260220.0,1000.0,0.0,7610.0,0.2,429,244,2,0.1649021268586486,0.1310148647100167,0.1940118068074975
2024,Lasbella,41,0.0,30.4963,45.7284,680977.0,,,,,79,766,0,,,
2024,Loralai,41,1.0,19.9868,40.3518,272432.0,1400.0,0.0,3785.0,0.2,376,60,1,0.2357713957473312,0.1122214696955,0.2310428108372128
2024,Mastung,41,0.7286,18.3756,32.5839,313271.0,1700.0,0.0,3308.0,0.2,172,211,3,0.3614523494742864,,0.2472457686714746
2024,Musakhel,41,,,,196756.0,1200.0,0.0,5728.0,0.2,71,257,13,0.4235656293821749,0.1553974450070502,0.3266626953152897
2024,Naseerabad,41,0.1,30.2971,45.8101,563315.0,,,,,11,488,1,,,
2024,Nushki,41,0.0143,23.7979,22.7966,207834.0,900.0,0.0,5797.0,0.2,11,12,7,,,
2024,Panjgur,41,0.0143,25.9329,27.8778,509781.0,900.0,0.0,16891.0,0.2,138,266,28,0.404454472243991,0.0488284774647735,0.3484644179596993
2024,Pishin,41,0.0429,18.9888,27.9753,835482.0,1550.0,0.0,6218.0,0.2,479,58,39,0.5974486193307507,,0.51880423406643
2024,Quetta,41,0.3429,19.0099,30.662,2595492.0,1680.0,0.0,3447.0,0.75,684,41,30,0.4319720819354352,0.0558749729188668,0.333837173002913
2024,Sherani,41,,,,191687.0,1500.0,0.0,2700.0,0.2,62,11,5,,,
2024,Sibi,41,2.1714,27.2385,58.6196,224148.0,130.0,0.0,7121.0,0.2,128,269,32,0.1455526524916455,0.1338283958531502,0.0833948175689461
2024,Sohbat pur,41,0.0571,30.0836,45.7444,240106.0,,,,,13,547,0,,,
2024,Surab,41,0.5143,16.8333,38.9033,279038.0,,,,,138,42,0,,,
2024,Usta Muhammad,41,0.0,28.7603,55.2622,,,,,,169,441,13,,,
2024,Washuk,41,0.3857,22.0524,26.1323,302623.0,700.0,0.0,33093.0,0.2,360,257,3,,,
2024,Zhob,41,0.9143,19.92,43.487,355692.0,1400.0,0.0,20297.0,0.2,248,111,0,0.6543283361282233,0.0787087516219358,0.4640301710124194
2024,Abbottabad,41,1.1143,19.7137,56.4356,1419072.0,1256.0,0.0,1967.0,0.75,1,486,10,0.004784419811091,0.3986617206176372,0.0050875998710185
2024,Bajaur,41,2.4571,19.1714,42.108,,900.0,0.0,1290.0,0.2,354,1246,10,,0.2401816149935761,
2024,Bannu,41,0.3571,26.5089,41.3641,1357890.0,312.0,1.0,1227.0,0.2,1827,865,30,,0.1812962569942786,
2024,Buner,41,0.0,23.0133,50.6535,,700.0,0.0,1865.0,0.35,302,229,1,0.0206079345447626,0.3983997912092202,0.0008200932356578
2024,Charsadda,41,0.4571,22.998,63.4279,1835504.0,300.0,2.0,996.0,0.2,381,740,2,,0.2992754946364583,
2024,Chitral Lower,41,1.8286,16.6613,54.0393,,1500.0,1.0,6458.0,0.35,22,255,5,0.2135234253970559,0.0069497405981102,0.0629238014512811
2024,Chitral Upper,41,1.8286,16.6613,54.0393,195528.0,2500.0,1.0,8392.0,0.2,4,121,1,0.2135234253970559,0.0069497405981102,0.0629238014512811
2024,D.I. Khan,41,0.2429,26.8192,59.0749,1829811.0,,,,,908,1146,44,,,
2024,Dir Lower,41,0.4429,24.1063,56.313,,800.0,1.0,1583.0,0.35,380,1246,18,,,
2024,Dir Upper,41,1.6714,16.522,48.6243,,1200.0,1.0,3699.0,0.35,8,812,19,,,
2024,Hangu,41,0.9143,22.4708,45.8971,528902.0,900.0,0.0,1097.0,0.2,103,67,0,,0.2485434028617357,
2024,Haripur,41,0.9571,21.8372,63.6415,1174783.0,605.0,2.0,1725.0,0.65,52,700,23,0.1301000117244072,0.3404205998275837,0.1040588272529698
2024,Karak,41,0.4571,25.9732,41.6524,815878.0,500.0,0.0,3372.0,0.2,339,430,7,,0.179042359433652,
2024,Khyber,41,0.6,23.2436,42.2388,1146267.0,1000.0,0.0,2576.0,0.2,328,316,15,,0.1569673530045035,
2024,Kohat,41,0.3286,25.2272,42.4674,1234661.0,500.0,0.0,2545.0,0.65,302,388,2,,0.2112852106951928,
2024,Kohistan Lower,41,0.0286,-0.9334,80.7041,340017.0,1500.0,2.0,1200.0,0.2,7,99,0,0.0679180073065427,0.1525679370870989,0.019634600259979
2024,Kohistan Upper,41,0.0286,-0.9334,80.7041,422947.0,2500.0,2.0,4000.0,0.2,33,337,15,0.0679180073065427,0.1525679370870989,0.019634600259979
2024,Kolai Palas,41,0.0286,-0.9334,80.7041,280162.0,,,,,5,68,2,,,
2024,L & C Kurram,41,2.9143,10.9253,66.1588,,,,,,12,24,2,,,
2024,Lakki Marwat,41,0.9143,25.6459,53.1195,1040856.0,250.0,1.0,3164.0,0.2,706,708,4,,0.1282403702159834,
2024,Malakand,41,0.7429,23.1394,45.5127,,700.0,1.0,952.0,0.2,32,965,3,,0.3181381329993488,
2024,Mansehra,41,0.6,19.4073,57.1669,1797177.0,1000.0,0.0,4579.0,0.2,8,434,3,0.1182364956126598,0.2966856907188581,0.0286914135733033
2024,Mardan,41,0.2,22.4005,65.0721,2744898.0,300.0,0.0,1632.0,0.65,47,557,5,0.1065308494005832,0.2931200910818076,0.0125272621630649
2024,Mohmand,41,0.7429,23.1394,45.5127,553933.0,600.0,0.0,2296.0,0.2,417,132,3,,0.1390098656126001,
2024,North Waziristan,41,4.0,8.6018,65.7314,693332.0,1000.0,1.0,4707.0,0.2,15,16,0,,0.1321513270337306,
2024,Nowshera,41,0.4429,24.1648,56.3268,1740705.0,280.0,2.0,1748.0,0.65,318,1247,8,0.3862842277970941,0.2333078607921493,0.2679197377108641
2024,Orakzai,41,0.7571,21.1224,46.668,387561.0,1200.0,0.0,1538.0,0.2,16,10,0,,0.2796913233567447,
2024,Peshawar,41,0.4571,24.1046,55.162,4758762.0,330.0,0.0,1257.0,0.75,94,2736,16,,0.2218024662697661,
2024,SD Peshawar,41,,,,,,,,,2,2,0,,,
2024,SD Tank,41,0.2286,27.0529,42.4688,,,,,,52,19,1,,,
2024,Shangla,41,0.9,15.0095,47.2714,,2000.0,2.0,1586.0,0.35,886,930,11,0.0060123731887529,0.3880260234866695,0.0025331760696745
2024,SWA,41,,,,,,,,,96,79,5,,,
2024,Swabi,41,0.4571,22.1813,67.6614,1894600.0,340.0,2.0,1543.0,0.65,107,1282,57,0.1694990299126236,0.2744364164960447,0.0896481141446675
2024,Swat,41,1.0571,19.8992,55.5612,,980.0,1.0,5337.0,0.35,118,1156,20,0.138429617148551,0.2006968042125355,0.0518856673044422
2024,Tank,41,0.2286,27.0529,42.4688,470293.0,250.0,0.0,1679.0,0.2,532,351,18,,0.154020704029847,
2024,Tor Ghar,41,1.7714,22.2115,64.7156,200445.0,,,,,101,63,1,,,
2024,Upper Kurram,41,2.9143,10.9253,66.1588,785434.0,,,,,24,165,5,,,
2024,Badin,42,0.0571,30.3439,58.358,1947081.0,9.0,1.0,6726.0,0.35,4382,2506,88,0.2448427150363233,,0.1915554553601244
2024,Dadu,42,0.0,28.3539,56.7239,1742320.0,40.0,2.0,19070.0,0.35,5151,2446,128,0.4046836528136683,0.1837019232894176,0.3299035997425295
2024,Ghotki,42,0.0,28.5064,53.4649,1772609.0,72.0,1.0,6083.0,0.35,3283,1225,0,0.5018732676259428,0.1927470651929534,0.4914845169158334
2024,Hyderabad,42,0.0,32.3723,41.8828,2432540.0,20.0,2.0,993.0,0.75,889,1699,15,0.1877926436505807,,0.1375690615819331
2024,Jacobabad,42,0.0,30.3741,38.8525,1174097.0,55.0,0.0,2686.0,0.35,1316,900,40,0.2761853716851128,0.3227337401542073,0.252430707251481
2024,Jamshoro,42,0.0,32.6242,40.7981,1117308.0,33.0,2.0,11204.0,0.35,3235,1915,57,,,
2024,Kamber,42,0.0,28.2783,53.9452,1514869.0,50.0,0.0,5599.0,0.2,6573,2145,19,,,
2024,Karachi Central,42,,,,3822325.0,,,,,105,1404,175,0.0,0.0716990525311343,
2024,Karachi East,42,,,,3950031.0,,,,,112,377,1,0.0461297799700841,0.103699859019252,
2024,Karachi Keamari,42,,,,2068451.0,,,,,31,347,9,,,
2024,Karachi Korangi,42,,,,3128971.0,,,,,49,335,1,,,
2024,Karachi Malir,42,,,,2403959.0,,,,,682,1668,40,,,
2024,Karachi South,42,,,,2329764.0,,,,,52,64,0,0.1249169521774813,0.0928674268623984,
2024,Karachi West,42,,,,2679380.0,,,,,240,916,33,0.4222253590243746,0.1431758151926171,0.4907916835582326
2024,Kashmore,42,0.0,28.3623,53.2162,1233957.0,60.0,2.0,2592.0,0.35,2136,568,13,,,
2024,Khairpur,42,0.0,29.5947,45.1958,2597535.0,53.0,2.0,15910.0,0.5,7235,2798,206,0.6267566344452398,0.1997458743797976,0.581704938282063
2024,Larkana,42,0.0,29.2057,48.5274,1784453.0,48.0,2.0,1906.0,0.5,9558,2001,20,0.2960176362273929,0.2956353587833075,0.2184364648572938
2024,Matiari,42,0.0,32.304,40.2287,849383.0,25.0,2.0,1417.0,0.2,2391,1484,11,,,
2024,Mirpurkhas,42,0.0,32.0494,42.9353,1681386.0,16.0,0.0,2925.0,0.5,4857,2336,14,,,
2024,Naushero Feroze,42,0.0,28.8745,53.8362,1777082.0,38.0,2.0,2945.0,0.2,2748,1497,114,0.3061219575264935,0.2277698483065525,0.1930656509937942
2024,Sanghar,42,0.0,31.579,44.9652,2308465.0,16.0,1.0,10608.0,0.2,4494,2070,39,0.2735052146233911,0.1225808783556499,0.188457803221921
2024,Shaheed Benazirabad,42,0.0,30.4269,45.4397,1845102.0,30.0,2.0,4502.0,0.5,2405,1827,98,0.4878696465899632,,0.372837638210454
2024,Shikarpur,42,0.0,28.9462,46.9204,1386330.0,52.0,1.0,2512.0,0.35,3581,1327,5,0.221963886117926,0.3566792396183775,0.1977555202070581
2024,Sujawal,42,0.0571,31.0697,56.7823,839292.0,,,,,1333,2076,6,,,
2024,Sukkur,42,0.0,29.2419,46.7556,1639897.0,65.0,2.0,5165.0,0.75,3650,1248,31,0.4829862377267269,0.1637710002114299,0.4390445098227875
2024,Tando Allahyar,42,0.0,32.2304,42.3237,922012.0,18.0,0.0,2343.0,0.2,3361,1213,20,,,
2024,Tando Muhammad Khan,42,0.0,31.6466,48.9487,726119.0,14.0,2.0,1733.0,0.2,1301,963,2,,,
2024,Tharparkar,42,0.0571,31.4299,53.5634,1778407.0,56.0,0.0,19638.0,0.35,3601,2031,43,0.2271096889020523,0.1940885023684971,0.1595657078222932
2024,Thatta,42,0.0,31.6209,53.1191,1083191.0,10.0,2.0,17355.0,0.35,1597,1699,17,0.4795758718498914,-0.0602063195608365,0.6111809127094808
2024,Umerkot,42,0.0,30.5928,53.0878,1159831.0,12.0,0.0,5608.0,0.35,2413,1631,29,0.3710408054017333,0.2005875077071244,0.3257459547726258
2024,Barkhan,42,0.0,25.5479,33.7151,210249.0,1100.0,0.0,3514.0,0.2,51,112,0,0.1437196982138562,0.1661668349618969,0.1223057725388856
2024,Chagai,42,0.0,26.0539,16.4662,269192.0,919.0,0.0,44748.0,0.2,366,112,13,0.7302254475140958,0.0417520703768528,0.704661047653496
2024,Chaman,42,,,,466218.0,1340.0,0.0,1341.0,0.2,113,6,7,,,
2024,Dera Bugti,42,0.0,28.2294,35.6675,355274.0,250.0,0.0,10160.0,0.2,55,189,0,0.4096213578067946,0.1365571241259886,0.3810654841748509
2024,Duki,42,,,,205044.0,1100.0,0.0,4233.0,0.2,72,37,0,,,
2024,Gwadar,42,0.7,27.611,80.2056,305160.0,12.0,0.0,12637.0,0.35,8,15,0,0.7124014895720543,0.0447953728014218,0.6884833852263516
2024,Harnai,42,,,,127571.0,,,,,31,84,8,,,
2024,Hub,42,0.0143,30.9799,53.424,382885.0,,,,,69,173,0,,,
2024,Jaffarabad,42,,,,594558.0,55.0,1.0,1643.0,0.2,122,1062,0,0.4166433746964845,0.2746177659451649,0.3241940724222734
2024,Jhal Magsi,42,,,,203368.0,60.0,0.0,3615.0,0.2,599,760,0,0.5642860869343213,0.1850464244625644,0.4101977034294461
2024,Kalat,42,0.0,17.0393,23.3747,271560.0,2000.0,0.0,7654.0,0.2,2,47,0,0.2025076927587704,0.1014660541854251,0.1868905431855147
2024,Kharan,42,0.0,26.8166,18.4406,260352.0,700.0,0.0,14958.0,0.2,457,103,3,0.6674406815973161,0.0448964889645001,0.631477698164788
2024,Khuzdar,42,0.0143,23.7725,22.405,997214.0,1237.0,0.0,35380.0,0.2,449,268,11,0.0984861563454755,0.1266116277526864,0.0655882545757952
2024,Killa Abdullah,42,0.0,22.3109,14.951,361971.0,1500.0,0.0,3553.0,0.2,106,15,4,0.6514958122102561,0.0603979855491146,0.5311181073839404
2024,Killa Saifullah,42,0.0,20.9496,18.1387,380200.0,1500.0,0.0,6831.0,0.2,0,102,0,0.5960467469124112,0.0783400116254584,0.5109191693759548
2024,Kohlu,42,0.0,24.0088,31.9931,260220.0,1000.0,0.0,7610.0,0.2,410,189,4,0.1649259981031702,0.1343635350914584,0.1381256830216127
2024,Lasbella,42,0.0,30.1097,53.2915,680977.0,,,,,79,719,0,,,
2024,Loralai,42,0.0,21.7374,20.1146,272432.0,1400.0,0.0,3785.0,0.2,243,25,0,0.2210331258162912,0.1135000583781043,0.1947967151074177
2024,Mastung,42,0.0,19.1587,19.5185,313271.0,1700.0,0.0,3308.0,0.2,140,285,4,0.2959241022679017,0.0876117384034259,0.273571028470582
2024,Musakhel,42,,,,196756.0,1200.0,0.0,5728.0,0.2,49,219,18,0.1595908674368467,0.159196530555119,0.2515926082141783
2024,Naseerabad,42,0.0,29.5179,46.1759,563315.0,,,,,59,453,13,,,
2024,Nushki,42,0.0,24.3964,15.2869,207834.0,900.0,0.0,5797.0,0.2,29,17,0,,,
2024,Panjgur,42,0.0571,25.2888,27.7807,509781.0,900.0,0.0,16891.0,0.2,139,231,23,0.4287001969642363,0.0611244800752843,0.3440184642665666
2024,Pishin,42,0.0,19.4215,19.5741,835482.0,1550.0,0.0,6218.0,0.2,336,53,65,0.6590869515338004,0.0679938461491079,0.5530592009571144
2024,Quetta,42,0.0,19.981,19.2714,2595492.0,1680.0,0.0,3447.0,0.75,929,60,6,0.3860734191053534,0.0721347635585831,0.3432850922273373
2024,Sherani,42,,,,191687.0,1500.0,0.0,2700.0,0.2,72,9,6,,,
2024,Sibi,42,0.0,28.512,36.7705,224148.0,130.0,0.0,7121.0,0.2,151,60,6,0.180319106951332,0.1454111784903135,0.1215459556472529
2024,Sohbat pur,42,0.0,29.68,42.8143,240106.0,,,,,35,435,0,,,
2024,Surab,42,0.0,18.1779,21.9481,279038.0,,,,,153,39,0,,,
2024,Usta Muhammad,42,0.0,27.927,52.1897,,,,,,151,312,8,,,
2024,Washuk,42,0.3,21.897,25.0011,302623.0,700.0,0.0,33093.0,0.2,326,191,1,,,
2024,Zhob,42,0.0,21.8411,24.2529,355692.0,1400.0,0.0,20297.0,0.2,211,117,0,0.4352910581401638,0.0784885859098844,0.4851987259694572
2024,Abbottabad,42,0.0,20.545,49.9082,1419072.0,1256.0,0.0,1967.0,0.75,2,449,26,,0.3696769628412227,
2024,Bajaur,42,0.1429,19.6363,39.2741,,900.0,0.0,1290.0,0.2,377,1215,16,,0.24093445269929,
2024,Bannu,42,0.0,26.6743,39.8176,1357890.0,312.0,1.0,1227.0,0.2,1775,729,1,0.4611313944046138,0.1654404222402241,
2024,Battagram,42,0.0,19.9864,51.4933,335984.0,1036.0,0.0,1301.0,0.2,NR,19,NR,,,
2024,Buner,42,0.0857,22.9383,51.3618,,700.0,0.0,1865.0,0.35,287,182,11,,0.3605143898781625,
2024,Charsadda,42,0.0286,22.9114,66.5207,1835504.0,300.0,2.0,996.0,0.2,362,753,2,,0.2532575381520953,
2024,Chitral Lower,42,0.0714,17.4187,47.4794,,1500.0,1.0,6458.0,0.35,22,249,5,0.0677419354838709,-0.0178752991380617,
2024,Chitral Upper,42,0.0714,17.4187,47.4794,195528.0,2500.0,1.0,8392.0,0.2,2,135,1,0.0677419354838709,-0.0178752991380617,
2024,D.I. Khan,42,0.0,26.5204,55.8162,1829811.0,,,,,707,1247,13,,,
2024,Dir Lower,42,0.0,24.1911,63.2227,,800.0,1.0,1583.0,0.35,273,1267,20,,,
2024,Dir Upper,42,0.0,16.672,48.1607,,1200.0,1.0,3699.0,0.35,21,894,0,,,
2024,Hangu,42,0.0143,23.2922,41.1636,528902.0,900.0,0.0,1097.0,0.2,138,79,0,0.2463469327840407,0.2318767217435846,
2024,Haripur,42,0.0,21.9292,60.6994,1174783.0,605.0,2.0,1725.0,0.65,40,755,2,,0.3132918975668832,
2024,Karak,42,0.0,26.6801,37.6803,815878.0,500.0,0.0,3372.0,0.2,272,273,5,0.5942012502364714,0.1622889237717413,
2024,Khyber,42,0.0,23.4388,42.464,1146267.0,1000.0,0.0,2576.0,0.2,347,343,9,0.1005892334989747,0.2109844462438999,
2024,Kohat,42,0.0,25.6754,44.0555,1234661.0,500.0,0.0,2545.0,0.65,255,432,1,0.1254072897567354,0.1982094229266204,
2024,Kohistan Lower,42,0.0,-0.6549,72.9941,340017.0,1500.0,2.0,1200.0,0.2,6,120,0,,0.1463645509429656,
2024,Kohistan Upper,42,0.0,-0.6549,72.9941,422947.0,2500.0,2.0,4000.0,0.2,73,368,5,,0.1463645509429656,
2024,Kolai Palas,42,0.0,-0.6549,72.9941,280162.0,,,,,4,68,2,,,
2024,L & C Kurram,42,0.1,11.4407,59.3059,,,,,,29,20,0,,,
2024,Lakki Marwat,42,0.0,25.8552,47.824,1040856.0,250.0,1.0,3164.0,0.2,566,687,59,0.8079501587901177,0.1236565488830571,
2024,Malakand,42,0.0714,24.0436,42.1304,,700.0,1.0,952.0,0.2,34,750,0,,0.2987521937696745,
2024,Mansehra,42,0.0143,19.7282,53.4558,1797177.0,1000.0,0.0,4579.0,0.2,4,407,1,,0.2757096381235159,
2024,Mardan,42,0.0,22.5368,65.6165,2744898.0,300.0,0.0,1632.0,0.65,26,501,5,,0.2726090773283737,
2024,Mohmand,42,0.0714,24.0436,42.1304,553933.0,600.0,0.0,2296.0,0.2,282,121,14,0.7170976456966419,0.1651339282538369,
2024,North Waziristan,42,1.7286,9.6702,55.813,693332.0,1000.0,1.0,4707.0,0.2,6,30,0,0.1195354447974087,0.1663982053644978,
2024,Nowshera,42,0.0,24.2496,63.2351,1740705.0,280.0,2.0,1748.0,0.65,370,1353,11,,0.2220045796407108,
2024,Orakzai,42,0.0,21.8683,42.5263,387561.0,1200.0,0.0,1538.0,0.2,22,74,0,0.1546329775169347,0.3226999334059037,
2024,Peshawar,42,0.0,24.4201,57.8721,4758762.0,330.0,0.0,1257.0,0.75,76,2851,4,,0.1950114421944861,
2024,SD Peshawar,42,,,,,,,,,0,5,0,,,
2024,SD Tank,42,0.0,27.1836,37.9048,,,,,,53,18,1,,,
2024,Shangla,42,0.6,15.2661,47.5238,,2000.0,2.0,1586.0,0.35,419,926,53,,0.3321510630127282,
2024,SWA,42,,,,,,,,,85,85,6,,,
2024,Swabi,42,0.0,22.4786,67.1094,1894600.0,340.0,2.0,1543.0,0.65,107,1240,121,,0.2745741427464809,
2024,Swat,42,0.0143,19.9727,53.4232,,980.0,1.0,5337.0,0.35,140,1336,87,,0.1867778708379315,
2024,Tank,42,0.0,27.1836,37.9048,470293.0,250.0,0.0,1679.0,0.2,655,462,1,0.5238403594489678,0.1546034677879813,
2024,Tor Ghar,42,0.0,22.4903,60.4931,200445.0,,,,,107,39,8,,,
2024,Upper Kurram,42,0.1,11.4407,59.3059,785434.0,,,,,24,148,18,,,
2024,Badin,43,0.0,29.6987,51.6898,1947081.0,9.0,1.0,6726.0,0.35,3359,1941,114,0.269549096606933,0.2437285207696646,0.1933898937791005
2024,Dadu,43,0.0,28.5995,52.0537,1742320.0,40.0,2.0,19070.0,0.35,5357,2184,117,0.3561632332893904,0.1473554068994114,0.3296142396320531
2024,Ghotki,43,0.0,29.0299,47.5468,1772609.0,72.0,1.0,6083.0,0.35,2384,1049,3,0.5667268681134987,0.1918198635730476,0.4944127320185729
2024,Hyderabad,43,0.0,31.9348,36.115,2432540.0,20.0,2.0,993.0,0.75,428,1635,25,0.23227350934811,0.2536921437488399,0.159940647508351
2024,Jacobabad,43,0.0,30.5932,34.923,1174097.0,55.0,0.0,2686.0,0.35,1153,857,22,0.3336682210610964,0.2344475296447803,0.2437423270006922
2024,Jamshoro,43,0.0,32.3063,33.9363,1117308.0,33.0,2.0,11204.0,0.35,2926,1904,75,,,
2024,Kamber,43,0.0,28.8571,47.4826,1514869.0,50.0,0.0,5599.0,0.2,5595,1932,18,,,
2024,Karachi Central,43,,,,3822325.0,,,,,30,1036,139,,0.0818985075271326,
2024,Karachi East,43,,,,3950031.0,,,,,71,379,3,,0.1165177707137943,
2024,Karachi Keamari,43,,,,2068451.0,,,,,7,352,3,,,
2024,Karachi Korangi,43,,,,3128971.0,,,,,57,326,0,,,
2024,Karachi Malir,43,,,,2403959.0,,,,,612,1478,40,,,
2024,Karachi South,43,,,,2329764.0,,,,,43,67,0,,0.0992424649852303,
2024,Karachi West,43,,,,2679380.0,,,,,261,894,32,0.538312660695618,0.1499547560274596,0.485194812533552
2024,Kashmore,43,0.0,28.8102,48.5131,1233957.0,60.0,2.0,2592.0,0.35,1892,514,2,,,
2024,Khairpur,43,0.0,30.1998,36.5906,2597535.0,53.0,2.0,15910.0,0.5,6336,2623,175,0.7831999635002835,0.1413387381305647,0.6047610203107906
2024,Larkana,43,0.0,29.8554,41.7302,1784453.0,48.0,2.0,1906.0,0.5,8214,1784,11,0.2311051106608862,0.2908954699748769,0.2101910423079447
2024,Matiari,43,0.0,32.0365,33.9214,849383.0,25.0,2.0,1417.0,0.2,2488,1411,9,,,
2024,Mirpurkhas,43,0.0,31.692,36.4316,1681386.0,16.0,0.0,2925.0,0.5,3601,2086,8,,,
2024,Naushero Feroze,43,0.0,29.1605,45.2352,1777082.0,38.0,2.0,2945.0,0.2,2808,1413,106,0.2513272528310821,0.2251639099961112,0.2103586792416875
2024,Sanghar,43,0.0,31.0281,41.3838,2308465.0,16.0,1.0,10608.0,0.2,4664,1892,82,0.6514311582303365,0.1714522398815608,0.2551388237819031
2024,Shaheed Benazirabad,43,0.0,30.4415,37.4996,1845102.0,30.0,2.0,4502.0,0.5,2028,1679,97,0.4651809034298371,0.1923755447824582,0.4085133089412202
2024,Shikarpur,43,0.0,29.4674,40.3853,1386330.0,52.0,1.0,2512.0,0.35,3335,1296,9,0.2466367562175064,0.3035094541912748,0.1974235663638077
2024,Sujawal,43,0.0,30.1239,56.5094,839292.0,,,,,1474,1463,15,,,
2024,Sukkur,43,0.0,29.6357,40.3424,1639897.0,65.0,2.0,5165.0,0.75,3399,1098,15,0.6625716038597734,0.1614472161337245,0.4644327070346728
2024,Tando Allahyar,43,0.0,31.9069,35.4573,922012.0,18.0,0.0,2343.0,0.2,3056,1208,14,,,
2024,Tando Muhammad Khan,43,0.0,31.1186,43.287,726119.0,14.0,2.0,1733.0,0.2,1232,967,0,,,
2024,Tharparkar,43,0.0,31.1222,42.4608,1778407.0,56.0,0.0,19638.0,0.35,3428,1914,21,0.3815363445834656,0.2050196949335022,0.1841500422375054
2024,Thatta,43,0.0,31.1131,51.8547,1083191.0,10.0,2.0,17355.0,0.35,1514,1738,10,0.626349374801543,0.1688399877663673,0.5670660242905923
2024,Umerkot,43,0.0,29.7199,47.0617,1159831.0,12.0,0.0,5608.0,0.35,2023,1484,13,0.4781868345910259,0.204273926673275,0.3629660952141031
2024,Barkhan,43,0.0,25.8482,32.8212,210249.0,1100.0,0.0,3514.0,0.2,128,65,6,0.2033315435976322,0.1528965072343221,0.1346802780694005
2024,Chagai,43,0.0,26.3271,23.3885,269192.0,919.0,0.0,44748.0,0.2,158,399,0,0.8418033176784083,0.0308066592737924,0.7795473027056427
2024,Dera Bugti,43,0.0,28.7874,33.5805,355274.0,250.0,0.0,10160.0,0.2,166,48,0,0.446901304287758,0.122967366890699,0.3896564793979101
2024,Duki,43,,,,205044.0,1100.0,0.0,4233.0,0.2,22,37,15,,,
2024,Gwadar,43,0.0,27.1464,86.8181,305160.0,12.0,0.0,12637.0,0.35,294,1500,0,0.6925107490618639,0.0396757020842715,0.6668679225117244
2024,Harnai,43,,,,127571.0,,,,,104,28,2,,,
2024,Hub,43,0.0,30.3618,55.5612,382885.0,,,,,193,54,0,,,
2024,Jaffarabad,43,,,,594558.0,55.0,1.0,1643.0,0.2,1068,103,22,0.3093546311720757,0.2489260321963789,0.288920373986037
2024,Jhal Magsi,43,,,,203368.0,60.0,0.0,3615.0,0.2,563,389,0,0.4870430761087509,0.1709293965264647,0.4756628732657188
2024,Kalat,43,0.0,17.6196,34.2183,271560.0,2000.0,0.0,7654.0,0.2,14,8,0,0.2192427999591878,0.0902341812167723,0.1795793159277166
2024,Kharan,43,0.0,26.5318,24.7973,260352.0,700.0,0.0,14958.0,0.2,563,1016,NR,0.6597450130375265,0.0350451541508289,0.6388388339822311
2024,Khuzdar,43,0.0,23.9127,32.5101,997214.0,1237.0,0.0,35380.0,0.2,83,430,0,0.1071747889728669,0.1218011071315492,0.0609306617482368
2024,Killa Abdullah,43,0.0,22.6856,23.3539,361971.0,1500.0,0.0,3553.0,0.2,258,466,0,0.6458183727942232,0.0539887430600667,0.5371072657407638
2024,Killa Saifullah,43,0.0,20.86,31.4638,380200.0,1500.0,0.0,6831.0,0.2,7,79,1,0.5289116696068115,0.0727640864795553,0.4835169080944685
2024,Kohlu,43,0.0,24.2199,32.8995,260220.0,1000.0,0.0,7610.0,0.2,146,0,0,0.1618410625673933,0.120035224374363,0.1402785495328814
2024,Lasbella,43,0.0143,29.4323,56.6685,680977.0,,,,,161,299,NR,,,
2024,Loralai,43,0.0,21.5808,33.0026,272432.0,1400.0,0.0,3785.0,0.2,653,41,24,0.2209901069596165,0.103845370476789,0.1926869625064559
2024,Mastung,43,0.0,19.0902,35.5176,313271.0,1700.0,0.0,3308.0,0.2,50,349,0,0.3117354727495803,0.0798423611035911,0.2639794518191789
2024,Musakhel,43,,,,196756.0,1200.0,0.0,5728.0,0.2,143,295,3,0.2643172398689302,0.1514984584334787,0.1368456579879996
2024,Naseerabad,43,0.0,29.9986,38.3708,563315.0,,,,,427,30,89,,,
2024,Nushki,43,0.0,24.68,24.7439,207834.0,900.0,0.0,5797.0,0.2,61,34,0,,,
2024,Panjgur,43,0.0,25.3394,36.5472,509781.0,900.0,0.0,16891.0,0.2,215,110,0,0.4529100662836591,0.0429183555057481,0.4098102258590211
2024,Pishin,43,0.0,19.795,31.4899,835482.0,1550.0,0.0,6218.0,0.2,40,338,0,0.5254417631751395,0.0624666926071922,0.4984836813934972
2024,Quetta,43,0.0143,19.8304,34.0682,2595492.0,1680.0,0.0,3447.0,0.75,32,621,0,0.3998939468907744,0.0658452885279894,0.3415178488801803
2024,Sherani,43,,,,191687.0,1500.0,0.0,2700.0,0.2,8,44,0,,,
2024,Sibi,43,0.0,29.0977,36.2989,224148.0,130.0,0.0,7121.0,0.2,57,167,0,0.13665976141379,0.1313693994315642,0.1198621189181066
2024,Sohbat pur,43,0.0,30.0723,36.7901,240106.0,,,,,535,13,8,,,
2024,Surab,43,0.0,18.2919,34.8776,279038.0,,,,,28,120,0,,,
2024,Usta Muhammad,43,0.0,28.7832,44.9362,,,,,,314,153,10,,,
2024,Zhob,43,0.0,21.8569,34.6213,355692.0,1400.0,0.0,20297.0,0.2,107,244,0,0.5671351954837802,0.0714300798780925,0.4135226696358636
2024,Abbottabad,43,0.0143,19.9301,54.2137,1419072.0,1256.0,0.0,1967.0,0.75,3,437,23,0.1686313318365046,0.333174380803012,
2024,Bajaur,43,0.4,18.6762,44.5902,,900.0,0.0,1290.0,0.2,313,1112,15,0.0486665678880588,0.242850325682817,
2024,Bannu,43,0.2857,25.824,49.6044,1357890.0,312.0,1.0,1227.0,0.2,1606,666,23,0.4740292659394476,0.1779075188897502,0.4200648873936571
2024,Battagram,43,0.3429,19.5094,52.5414,335984.0,1036.0,0.0,1301.0,0.2,NR,28,NR,,,
2024,Buner,43,0.1286,22.1431,53.6185,,700.0,0.0,1865.0,0.35,282,226,5,0.015041773439541,0.2973546085841589,
2024,Charsadda,43,1.0714,22.5516,67.2261,1835504.0,300.0,2.0,996.0,0.2,407,948,14,0.0491582335679635,0.272232696834339,
2024,Chitral Lower,43,2.3857,17.1494,51.1304,,1500.0,1.0,6458.0,0.35,17,245,6,0.1134380315805665,0.040453662149494,0.0
2024,Chitral Upper,43,2.3857,17.1494,51.1304,195528.0,2500.0,1.0,8392.0,0.2,1,130,2,0.1134380315805665,0.040453662149494,0.0
2024,D.I. Khan,43,0.0143,26.5788,61.0922,1829811.0,,,,,708,1012,57,,,
2024,Dir Lower,43,0.5,23.6655,61.6869,,800.0,1.0,1583.0,0.35,350,1273,13,,,
2024,Dir Upper,43,0.4571,15.542,52.0504,,1200.0,1.0,3699.0,0.35,15,766,15,,,
2024,Hangu,43,0.4,21.9979,51.1082,528902.0,900.0,0.0,1097.0,0.2,68,85,2,0.2081892204344559,0.2355271423305475,0.1715968951912222
2024,Haripur,43,0.0,21.3774,62.1213,1174783.0,605.0,2.0,1725.0,0.65,55,654,28,0.2149873873660988,0.2697251197692175,
2024,Karak,43,0.2571,25.6057,47.8727,815878.0,500.0,0.0,3372.0,0.2,270,250,7,0.4651306885109597,0.1721384931365761,0.4897402739692791
2024,Khyber,43,0.6143,22.2118,47.7302,1146267.0,1000.0,0.0,2576.0,0.2,286,409,10,0.0833644069447193,0.2284004984686028,0.0288989735397677
2024,Kohat,43,2.0571,24.5745,47.9657,1234661.0,500.0,0.0,2545.0,0.65,264,401,0,0.2432122827819763,0.1862376252927431,0.0593562778095693
2024,Kohistan Lower,43,0.0,-0.6337,73.1153,340017.0,1500.0,2.0,1200.0,0.2,4,121,0,0.1634497132079336,0.1498513102798212,
2024,Kohistan Upper,43,0.0,-0.6337,73.1153,422947.0,2500.0,2.0,4000.0,0.2,28,422,0,0.1634497132079336,0.1498513102798212,
2024,Kolai Palas,43,0.0,-0.6337,73.1153,280162.0,,,,,9,82,2,,,
2024,L & C Kurram,43,0.3857,10.5666,68.8967,,,,,,37,27,0,,,
2024,Lakki Marwat,43,0.0714,25.2317,58.254,1040856.0,250.0,1.0,3164.0,0.2,536,623,5,0.7742486711014693,0.1285094161127368,0.7328713983374356
2024,Malakand,43,0.0857,22.7361,48.041,,700.0,1.0,952.0,0.2,25,720,3,0.0336546044358431,0.2835872230133438,
2024,Mansehra,43,0.0,18.7936,59.2287,1797177.0,1000.0,0.0,4579.0,0.2,12,378,3,0.186843375717255,0.2565945768414503,
2024,Mardan,43,0.4571,21.6642,70.1178,2744898.0,300.0,0.0,1632.0,0.65,56,413,5,0.0426850167030244,0.2366502694066805,
2024,Mohmand,43,0.0857,22.7361,48.041,553933.0,600.0,0.0,2296.0,0.2,319,134,7,0.226755071049762,0.176161162763043,0.3682527430115233
2024,North Waziristan,43,0.5857,8.889,65.2555,693332.0,1000.0,1.0,4707.0,0.2,38,59,0,0.2243237284550535,0.1591959578529369,0.0824510737639879
2024,Nowshera,43,0.5,23.724,61.6993,1740705.0,280.0,2.0,1748.0,0.65,322,1266,12,0.2718964254153266,0.2117300589843542,
2024,Orakzai,43,0.5286,20.4489,53.0769,387561.0,1200.0,0.0,1538.0,0.2,35,153,1,0.049687148872167,0.3221435993297691,0.0460319316506024
2024,Peshawar,43,0.2714,23.6505,58.5717,4758762.0,330.0,0.0,1257.0,0.75,95,2745,21,0.158295608941747,0.2074571811916011,
2024,SD Peshawar,43,,,,,,,,,1,7,0,,,
2024,SD Tank,43,0.0,26.7711,47.2517,,,,,,20,27,1,,,
2024,Shangla,43,2.2143,14.8893,51.4403,,2000.0,2.0,1586.0,0.35,641,909,94,0.0119144062919401,0.3319846030055951,
2024,SWA,43,,,,,,,,,74,62,4,,,
2024,Swabi,43,0.1714,21.4301,71.5441,1894600.0,340.0,2.0,1543.0,0.65,72,1002,41,0.1414264252348595,0.2399455444490668,
2024,Swat,43,1.2,19.0301,58.8786,,980.0,1.0,5337.0,0.35,107,1497,9,0.1109282795849316,0.1884877935085897,
2024,Tank,43,0.0,26.7711,47.2517,470293.0,250.0,0.0,1679.0,0.2,677,340,15,0.6325272876513975,0.1578625800757504,0.5142815713378378
2024,Tor Ghar,43,0.0429,21.6618,64.8871,200445.0,,,,,75,29,0,,,
2024,Upper Kurram,43,0.3857,10.5666,68.8967,785434.0,,,,,38,208,5,,,
2024,Badin,44,0.0,27.9094,55.6604,1947081.0,9.0,1.0,6726.0,0.35,2988,1999,40,0.1563347455849658,0.232252580038881,0.1386675615587902
2024,Dadu,44,0.0,27.8617,57.4011,1742320.0,40.0,2.0,19070.0,0.35,4027,1822,94,0.4003620915824381,0.1442604540096146,0.3170339628770223
2024,Ghotki,44,0.0,27.8296,52.4139,1772609.0,72.0,1.0,6083.0,0.35,1758,855,6,0.513511183983272,0.1668748076729785,0.502195947899507
2024,Hyderabad,44,0.0,29.2741,50.8722,2432540.0,20.0,2.0,993.0,0.75,693,1194,24,0.1921557605302148,0.243587138183429,0.1571333302638457
2024,Jacobabad,44,0.0,28.8143,45.3236,1174097.0,55.0,0.0,2686.0,0.35,1379,710,36,0.257169490735985,0.2069405821011945,0.2326483553573947
2024,Jamshoro,44,0.0,29.2754,51.5839,1117308.0,33.0,2.0,11204.0,0.35,2849,1618,50,,,
2024,Kamber,44,0.0,28.0619,51.2288,1514869.0,50.0,0.0,5599.0,0.2,4746,1731,18,,,
2024,Karachi Central,44,,,,3822325.0,,,,,38,758,137,0.0,0.0670325009225755,
2024,Karachi East,44,,,,3950031.0,,,,,47,344,3,0.0542538736455086,0.0991293647253568,
2024,Karachi Keamari,44,,,,2068451.0,,,,,5,446,11,,,
2024,Karachi Korangi,44,,,,3128971.0,,,,,49,325,0,,,
2024,Karachi Malir,44,,,,2403959.0,,,,,597,1386,48,,,
2024,Karachi South,44,,,,2329764.0,,,,,48,77,0,0.1472975261519221,0.0857139446742581,
2024,Karachi West,44,,,,2679380.0,,,,,226,881,30,0.4513413718291055,0.1297173791554796,0.5203006244172579
2024,Kashmore,44,0.0,27.4756,54.3432,1233957.0,60.0,2.0,2592.0,0.35,2061,381,4,,,
2024,Khairpur,44,0.0,28.823,44.242,2597535.0,53.0,2.0,15910.0,0.5,5346,2180,168,0.6679542705862411,0.1295763273098834,0.6227260630974629
2024,Larkana,44,0.0,28.9062,46.2792,1784453.0,48.0,2.0,1906.0,0.5,7364,1751,16,0.245083789753521,0.275537192432108,0.1758261709784071
2024,Matiari,44,0.0,29.5398,47.1855,849383.0,25.0,2.0,1417.0,0.2,1954,1235,8,,,
2024,Mirpurkhas,44,0.0,29.6384,42.8928,1681386.0,16.0,0.0,2925.0,0.5,2754,1843,38,,,
2024,Naushero Feroze,44,0.0,28.2429,51.6823,1777082.0,38.0,2.0,2945.0,0.2,2536,1238,85,0.3252464452992633,0.1948416108737577,0.2037913744419602
2024,Sanghar,44,0.0,29.1465,41.6294,2308465.0,16.0,1.0,10608.0,0.2,3506,1555,31,0.3745864758892725,0.1559835725361686,0.3160332761671636
2024,Shaheed Benazirabad,44,0.0,29.3843,47.8921,1845102.0,30.0,2.0,4502.0,0.5,1635,1404,84,0.5454094742534755,0.1673266721028838,0.4215288595911441
2024,Shikarpur,44,0.0,28.3721,46.9562,1386330.0,52.0,1.0,2512.0,0.35,3083,1179,9,0.2089032589018937,0.2720355242993918,0.1813247203133419
2024,Sujawal,44,0.0,27.5887,67.0171,839292.0,,,,,1408,1617,8,,,
2024,Sukkur,44,0.0,28.089,48.3511,1639897.0,65.0,2.0,5165.0,0.75,3739,969,16,0.5135912172175452,0.1456288204576045,0.4760047685955085
2024,Tando Allahyar,44,0.0,29.5069,46.0799,922012.0,18.0,0.0,2343.0,0.2,2093,973,8,,,
2024,Tando Muhammad Khan,44,0.0,28.8493,54.0048,726119.0,14.0,2.0,1733.0,0.2,915,824,0,,,
2024,Tharparkar,44,0.0,29.1662,40.7142,1778407.0,56.0,0.0,19638.0,0.35,2028,1471,21,0.6327296184746588,0.1767243658008592,0.4119007514727106
2024,Thatta,44,0.0,28.0902,65.9934,1083191.0,10.0,2.0,17355.0,0.35,581,689,13,0.4394829027604747,0.1577802212939996,0.522692648661767
2024,Umerkot,44,0.0,27.8914,44.9469,1159831.0,12.0,0.0,5608.0,0.35,1569,1246,29,0.643852888423221,0.1906092032872567,0.6082115394860681
2024,Barkhan,44,0.0,23.9107,45.5511,210249.0,1100.0,0.0,3514.0,0.2,72,49,3,0.1542807074177407,0.1428372096332867,0.1418218882009673
2024,Chagai,44,0.0,23.4557,25.6682,269192.0,919.0,0.0,44748.0,0.2,179,424,0,0.7510664056063808,0.0339893994315418,0.8180153841739654
2024,Chaman,44,,,,466218.0,1340.0,0.0,1341.0,0.2,0,32,0,,,
2024,Dera Bugti,44,0.0,26.2124,48.1397,355274.0,250.0,0.0,10160.0,0.2,175,59,0,0.4145077468503179,0.1208457765974378,0.3929237200291492
2024,Duki,44,,,,205044.0,1100.0,0.0,4233.0,0.2,20,64,0,,,
2024,Gwadar,44,0.0,26.5726,87.9346,305160.0,12.0,0.0,12637.0,0.35,224,1389,1,0.6876447085900171,0.0442612643435399,0.6400562515509214
2024,Hub,44,0.0,27.2829,72.803,382885.0,,,,,101,10,0,,,
2024,Jaffarabad,44,,,,594558.0,55.0,1.0,1643.0,0.2,1093,94,70,0.3377172688688376,0.217748862626171,0.2513507219612697
2024,Jhal Magsi,44,,,,203368.0,60.0,0.0,3615.0,0.2,564,280,4,0.6266255310140175,0.1665726138064154,0.476594605129039
2024,Kalat,44,0.0,16.7765,27.7249,271560.0,2000.0,0.0,7654.0,0.2,30,0,2,0.1665597244820125,0.0878133884324588,0.1087861985527676
2024,Kech (Turbat),44,,,,1060931.0,,,,,266,583,NR,,,
2024,Kharan,44,0.0,23.9541,26.1224,260352.0,700.0,0.0,14958.0,0.2,96,414,0,0.6699366990319529,0.0393234878412383,0.6330149185570408
2024,Khuzdar,44,0.0,22.9133,27.2139,997214.0,1237.0,0.0,35380.0,0.2,254,379,0,0.1512498297591485,0.1193827387986877,0.071595162019124
2024,Killa Saifullah,44,0.0,20.4502,24.0571,380200.0,1500.0,0.0,6831.0,0.2,171,0,0,0.6043496373729315,0.0689249684676236,0.485904953485531
2024,Kohlu,44,0.0,22.3303,43.8312,260220.0,1000.0,0.0,7610.0,0.2,105,274,1,0.1594110641659187,0.1138894842989943,0.1396548594548416
2024,Lasbella,44,0.0,26.4413,76.6693,680977.0,,,,,521,56,0,,,
2024,Loralai,44,0.0,20.8847,26.8243,272432.0,1400.0,0.0,3785.0,0.2,64,287,0,0.2164623601059246,0.0984245506875891,0.1930686888990035
2024,Mastung,44,0.0,18.0033,31.1454,313271.0,1700.0,0.0,3308.0,0.2,137,192,2,0.1355814058922648,0.0779006536897624,0.010683211502264
2024,Musakhel,44,,,,196756.0,1200.0,0.0,5728.0,0.2,99,38,1,0.1568399450705301,0.1489588362691457,0.1340043739996358
2024,Naseerabad,44,0.0,28.6265,46.4646,563315.0,,,,,202,37,0,,,
2024,Panjgur,44,0.0,23.1644,34.6049,509781.0,900.0,0.0,16891.0,0.2,192,151,0,0.3844672446884739,0.0482687205111236,0.3797109544312581
2024,Pishin,44,0.0,18.6117,28.7438,835482.0,1550.0,0.0,6218.0,0.2,210,462,1,0.7630207195379973,0.0608476436394488,0.4895211713945362
2024,Quetta,44,0.0,19.4367,27.0639,2595492.0,1680.0,0.0,3447.0,0.75,28,856,0,1.0,0.0642104979404313,0.0
2024,Sherani,44,,,,191687.0,1500.0,0.0,2700.0,0.2,11,45,0,,,
2024,Sibi,44,0.0,27.0135,45.8527,224148.0,130.0,0.0,7121.0,0.2,160,712,7,0.1861233159609374,0.1256696502057399,0.1202617936318573
2024,Sohbat pur,44,0.0,28.5256,46.0622,240106.0,,,,,353,13,6,,,
2024,Surab,44,0.0,17.8589,25.4723,279038.0,,,,,29,112,0,,,
2024,Usta Muhammad,44,0.0,27.6529,51.5557,,,,,,254,218,0,,,
2024,Washuk,44,0.0,20.1509,31.7173,302623.0,700.0,0.0,33093.0,0.2,180,283,0,,,
2024,Zhob,44,0.0,20.8572,27.49,355692.0,1400.0,0.0,20297.0,0.2,83,171,46,0.4362262055555967,0.0693285343767145,0.4131298713381496
2024,Abbottabad,44,0.0143,19.3384,60.4715,1419072.0,1256.0,0.0,1967.0,0.75,3,360,20,0.019508802717853,0.3447337222611743,0.0203857651219072
2024,Bajaur,44,0.0,18.5006,41.5717,,900.0,0.0,1290.0,0.2,220,704,12,,0.1584622485575654,
2024,Bannu,44,0.0,23.4883,62.0385,1357890.0,312.0,1.0,1227.0,0.2,1312,579,14,0.4619175033963135,0.1334027482413224,0.4156544518403579
2024,Battagram,44,0.1,18.1987,65.4858,335984.0,1036.0,0.0,1301.0,0.2,57,79,NR,,,
2024,Buner,44,0.6714,20.5538,63.2837,,700.0,0.0,1865.0,0.35,194,97,5,0.0397012700310304,0.3524205771982033,0.0067480966204743
2024,Charsadda,44,2.6857,20.6296,77.3409,1835504.0,300.0,2.0,996.0,0.2,309,862,3,,0.2771925351435418,
2024,Chitral Lower,44,2.2286,16.769,50.316,,1500.0,1.0,6458.0,0.35,21,216,17,0.2073783943179231,0.0033529815343353,0.0682066156390102
2024,Chitral Upper,44,2.2286,16.769,50.316,195528.0,2500.0,1.0,8392.0,0.2,1,133,0,0.2073783943179231,0.0033529815343353,0.0682066156390102
2024,D.I. Khan,44,0.0,24.1249,70.4093,1829811.0,,,,,611,902,32,,,
2024,Dir Lower,44,0.3857,21.2926,79.0375,,800.0,1.0,1583.0,0.35,294,1205,9,,,
2024,Dir Upper,44,0.5286,15.5875,48.8244,,1200.0,1.0,3699.0,0.35,22,738,17,,,
2024,Hangu,44,0.0429,20.3354,62.92,528902.0,900.0,0.0,1097.0,0.2,48,49,0,0.2484769533457497,0.1521875176678253,0.1556733003014168
2024,Haripur,44,0.0143,19.3149,75.1569,1174783.0,605.0,2.0,1725.0,0.65,32,612,12,0.1814605068823957,0.3016205552951518,0.1488763404879473
2024,Karak,44,0.0143,22.783,61.7846,815878.0,500.0,0.0,3372.0,0.2,288,272,4,0.635430600841294,0.0968611440816803,0.4978842494632401
2024,Khyber,44,0.0,21.0005,56.846,1146267.0,1000.0,0.0,2576.0,0.2,95,238,0,0.1279708192892593,-0.0111113351763486,0.0282606580146324
2024,Kohat,44,0.0571,22.3385,64.9644,1234661.0,500.0,0.0,2545.0,0.65,166,311,0,0.1381431029580316,0.1501891936282955,0.0545027100390163
2024,Kohistan Lower,44,0.0143,-0.6233,71.0678,340017.0,1500.0,2.0,1200.0,0.2,5,94,0,0.1107463566921288,0.1003515860729337,0.0244857905066588
2024,Kohistan Upper,44,0.0143,-0.6233,71.0678,422947.0,2500.0,2.0,4000.0,0.2,22,316,0,0.1107463566921288,0.1003515860729337,0.0244857905066588
2024,Kolai Palas,44,0.0143,-0.6233,71.0678,280162.0,,,,,3,56,0,,,
2024,L & C Kurram,44,0.0429,9.8473,71.5614,,,,,,39,26,0,,,
2024,Lakki Marwat,44,0.0,23.1049,67.6811,1040856.0,250.0,1.0,3164.0,0.2,470,690,6,0.8283357439337655,0.0993207845185903,0.7400462564798725
2024,Malakand,44,0.0,21.1808,57.9369,,700.0,1.0,952.0,0.2,28,558,3,,0.2829037919281919,
2024,Mansehra,44,0.1286,16.9073,72.4758,1797177.0,1000.0,0.0,4579.0,0.2,0,239,1,0.1718962782867987,0.2171139625940903,0.0326121633993425
2024,Mardan,44,1.2143,19.5535,80.9968,2744898.0,300.0,0.0,1632.0,0.65,20,379,5,0.2271645652390224,0.2736861556924176,0.0434092879785071
2024,Mohmand,44,0.0,21.1808,57.9369,553933.0,600.0,0.0,2296.0,0.2,290,120,1,0.7331029185867894,0.0883540719371938,0.4033903884134299
2024,North Waziristan,44,0.1,10.0154,53.6065,693332.0,1000.0,1.0,4707.0,0.2,7,51,1,0.121149529830661,0.1614507963339884,0.0826010392383544
2024,Nowshera,44,0.3857,21.3511,79.0452,1740705.0,280.0,2.0,1748.0,0.65,196,1202,11,0.4992707197578846,0.2236653617847748,0.322882713900628
2024,Orakzai,44,0.0286,18.6132,64.8508,387561.0,1200.0,0.0,1538.0,0.2,22,130,1,0.1411799345178742,,0.0272905003808013
2024,Peshawar,44,0.3429,22.0186,69.0439,4758762.0,330.0,0.0,1257.0,0.75,66,2312,23,,0.2083697505990627,
2024,SD Peshawar,44,,,,,,,,,1,4,0,,,
2024,SD Tank,44,0.0,24.1407,58.7149,,,,,,43,25,0,,,
2024,Shangla,44,0.3571,14.5553,52.7841,,2000.0,2.0,1586.0,0.35,619,836,95,0.0119207944021571,0.342466782978759,0.0035279790516443
2024,SWA,44,,,,,,,,,39,64,3,,,
2024,Swabi,44,0.2429,19.4316,80.2676,1894600.0,340.0,2.0,1543.0,0.65,99,912,29,0.2775040979008348,0.2794749091831668,0.1316067876014896
2024,Swat,44,0.6143,17.7162,63.969,,980.0,1.0,5337.0,0.35,68,1055,10,0.1747476712613844,0.1866812388160571,0.0682096801909696
2024,Tank,44,0.0,24.1407,58.7149,470293.0,250.0,0.0,1679.0,0.2,604,327,16,0.5333244609796864,0.1341133789567143,0.5237577132369226
2024,Tor Ghar,44,0.0143,19.4582,75.6763,200445.0,,,,,56,31,1,,,
2024,Upper Kurram,44,0.0429,9.8473,71.5614,785434.0,,,,,28,180,0,,,
2025,Badin,18,0.0429,33.3169,44.8977,2182111.0,9.0,1.0,6726.0,0.35,2780,3035,56,0.9302481109269864,0.1019721815158644,0.8124550685268719
2025,Dadu,18,0.0,37.3123,23.4162,1873835.0,40.0,2.0,19070.0,0.35,2782,2825,150,0.501633507877702,0.0759988181035122,0.446157142661475
2025,Ghotki,18,0.0143,35.537,21.3146,1989892.0,72.0,1.0,6083.0,0.35,1035,920,0,0.8698363178617202,0.1113091690998483,0.8362864388516813
2025,Hyderabad,18,0.0429,33.6256,42.1913,2659637.0,20.0,2.0,993.0,0.75,661,2461,8,0.6313271286222852,0.1540034810207676,0.4812833961640451
2025,Jacobabad,18,0.0,35.9866,18.4463,1216179.0,55.0,0.0,2686.0,0.35,727,605,34,0.9158021872026794,0.1049039117471834,0.7866501490406362
2025,Jamshoro,18,0.0286,33.7093,41.3233,1200463.0,33.0,2.0,11204.0,0.35,1681,1817,24,,,
2025,Kamber,18,0.0,36.9658,16.2006,1621170.0,50.0,0.0,5599.0,0.2,3391,1827,20,,,
2025,Central,18,0.0,31.2913,57.632,3591719.0,10.0,0.0,69.0,0.95,1,583,65,0.0,0.0643046368028467,0.0
2025,East,18,0.0,30.8123,61.8891,3514347.0,10.0,0.0,165.0,0.95,32,351,0,0.0676646227977026,0.0853900683495025,0.0602199157332237
2025,Keamari,18,0.0,30.5638,63.7549,2215961.0,2.0,0.0,559.0,0.2,8,438,4,0.4768755050593567,0.0829689287259101,0.4399009672852576
2025,Korangi,18,0.0,30.8668,61.7322,2970331.0,8.0,0.0,95.0,0.2,66,323,1,0.0676646227977026,0.0853900683495025,0.0602199157332237
2025,Malir,18,0.0,31.5214,56.5218,2428732.0,20.0,0.0,2268.0,0.75,174,1131,10,0.3889235459662286,0.0866414486280513,0.3327841593526139
2025,South,18,0.0,30.5086,58.1864,2166395.0,4.0,0.0,122.0,0.95,4,63,0,0.1307400700858486,0.0720258076015407,0.1258549040553391
2025,West,18,0.0,30.8406,61.2175,4732945.0,15.0,0.0,929.0,0.75,233,755,22,0.4768755050593567,0.0829689287259101,0.4399009672852576
2025,Kashmore,18,0.0286,35.234,20.6692,1316520.0,60.0,2.0,2592.0,0.35,1973,574,12,,,
2025,Khairpur,18,0.0,36.5778,20.7944,2908676.0,53.0,2.0,15910.0,0.5,3550,3028,185,0.9605961054505632,0.0889672832179566,0.9418217162006656
2025,Larkana,18,0.0,37.1577,17.0246,1842403.0,48.0,2.0,1906.0,0.5,4112,1637,2,0.7676137471396631,0.1095504476879248,0.6817765803914324
2025,Matiari,18,0.0143,34.5722,37.7067,930873.0,25.0,2.0,1417.0,0.2,2116,1715,7,,,
2025,Mirpurkhas,18,0.0714,34.5283,38.2989,1820642.0,16.0,0.0,2925.0,0.5,1765,2705,10,,,
2025,Naushero Feroze,18,0.0143,37.0679,23.5876,1948788.0,38.0,2.0,2945.0,0.2,1229,1067,39,0.8060072056880556,0.1341897856432915,0.6586829984370238
2025,Sanghar,18,0.1,34.8057,35.6603,2486760.0,16.0,1.0,10608.0,0.2,3594,1885,39,0.9068752187845004,0.1004763867337394,0.839487067287275
2025,Shaheed Benazirabad,18,0.0,36.4445,26.7613,1949997.0,30.0,2.0,4502.0,0.5,1933,1781,93,0.8059261925234571,0.1183070273168084,0.6928278781434272
2025,Shikarpur,18,0.0,36.8799,16.4122,1488188.0,52.0,1.0,2512.0,0.35,2192,1235,4,0.94694191895097,0.1267389743448541,0.8811185474966943
2025,Sujawal,18,0.0,31.8914,54.0946,945380.0,,,,,970,1948,0,,,
2025,Sukkur,18,0.0,36.2964,20.7504,1798882.0,65.0,2.0,5165.0,0.75,1600,1497,9,0.8732373607454031,0.0977494247787577,0.7998250500953504
2025,Tando Allahyar,18,0.0571,34.2658,39.6912,1011871.0,18.0,0.0,2343.0,0.2,1558,1671,11,,,
2025,Tando Muhammad Khan,18,0.0,33.1398,46.9704,818443.0,14.0,2.0,1733.0,0.2,552,1021,0,,,
2025,Tharparkar,18,0.1857,33.5555,42.757,1994728.0,56.0,0.0,19638.0,0.35,2057,1622,23,0.8783603786023736,0.0809301828964427,0.8276613051350005
2025,Thatta,18,0.0,31.4307,56.7852,1184747.0,10.0,2.0,17355.0,0.35,998,1236,2,0.773225641720767,0.0893091576151868,0.6941629398539397
2025,Umerkot,18,0.0429,34.6893,35.587,1297177.0,12.0,0.0,5608.0,0.35,1211,1366,16,0.9201973247807916,0.0943628640067042,0.8804440193319392
2025,Barkhan,18,0.1286,30.6003,19.8749,206726.0,1100.0,0.0,3514.0,0.2,52,74,23,0.2608073617866098,0.0934264831774423,0.1664956655662633
2025,Chagai,18,0.0,32.3527,12.574,273217.0,919.0,0.0,44748.0,0.2,2,32,0,0.769817100011032,0.0400008490041529,0.7651035908198724
2025,Dera Bugti,18,0.0571,33.5699,18.8686,378394.0,250.0,0.0,10160.0,0.2,65,84,0,0.5514172064773865,0.073942037550657,0.4432874258776954
2025,Gwadar,18,0.0,28.9309,79.3804,317947.0,12.0,0.0,12637.0,0.35,54,189,13,0.6743439527834745,0.0319154208627993,0.630205953951199
2025,Hub,18,0.0,31.0787,56.0907,461810.0,,,,,88,204,4,,,
2025,Jaffarabad,18,,,,621388.0,55.0,1.0,1643.0,0.2,583,522,4,0.9678832232527164,0.0978359864788043,0.7953509558418644
2025,Jhal Magsi,18,,,,180130.0,60.0,0.0,3615.0,0.2,226,193,40,0.7872629974680507,0.0981990998605934,0.772935991234408
2025,Kachhi (Bolan),18,0.0,32.1628,13.9338,417079.0,,,,,37,165,0,,,
2025,Kalat,18,0.0714,22.8928,17.6883,498077.0,2000.0,0.0,7654.0,0.2,0,25,0,0.1701439248363279,0.0677780139790871,0.090197352791723
2025,Kech (Turbat),18,,,,1098914.0,,,,,1,150,0,,,
2025,Kharan,18,0.0,33.4083,11.8252,188592.0,700.0,0.0,14958.0,0.2,2,47,0,0.6500141630776427,0.0370711673798378,0.630499039073308
2025,Khuzdar,18,0.0143,29.3166,15.1018,969559.0,1237.0,0.0,35380.0,0.2,5,148,0,0.1123583723596165,0.0563522322993048,0.0593264360619788
2025,Killa Abdullah,18,0.0,28.4737,11.8928,915157.0,1500.0,0.0,3553.0,0.2,24,11,0,0.6100428011638749,0.0558681675342955,0.3154115473141637
2025,Killa Saifullah,18,0.0286,25.8537,18.0541,413453.0,1500.0,0.0,6831.0,0.2,0,181,0,0.5376546610743549,0.0553194312973662,0.4307353908724521
2025,Kohlu,18,1.2571,28.4574,23.0106,258710.0,1000.0,0.0,7610.0,0.2,0,60,0,0.3355100365064743,0.076225967477669,0.184676316127365
2025,Lasbella,18,0.0,29.2386,65.901,697550.0,,,,,0,327,0,,,
2025,Loralai,18,0.1571,26.374,21.1824,479944.0,1400.0,0.0,3785.0,0.2,1,36,0,0.3130833863459353,0.0795521236489407,0.2120735705919771
2025,Mastung,18,0.0,25.0262,15.654,321574.0,1700.0,0.0,3308.0,0.2,1,83,0,0.2559460336523417,0.0732420192947747,0.0165833463629407
2025,MusaKhel,18,0.8286,26.2564,25.2913,201891.0,,,,,9,112,0,0.2182750668568827,0.0879628403560317,0.131671134453174
2025,Naseerabad,18,0.0,36.6319,16.293,592374.0,,,,,0,212,0,,,
2025,Panjgur,18,0.0,31.418,16.9902,382021.0,900.0,0.0,16891.0,0.2,7,64,0,0.3676218560321506,0.0424290452937759,0.2613883858844629
2025,Pishin,18,0.0,25.2897,15.0299,889769.0,1550.0,0.0,6218.0,0.2,39,38,0,0.5716864431043017,0.0586586564943015,0.3754372611466605
2025,Quetta,18,0.0,25.0516,15.5879,2751515.0,1680.0,0.0,3447.0,0.75,8,20,0,0.3547513520383295,0.0584707377537158,0.0179892350995012
2025,Sibi,18,0.0,34.415,16.5893,163205.0,130.0,0.0,7121.0,0.2,8,236,0,0.2089895678668253,0.082018543539111,0.1028368310726306
2025,Sohbat pur,18,0.0,36.0532,17.8613,241785.0,,,,,5,348,0,,,
2025,Usta Muhammad,18,0.0,36.0115,16.4553,314321.0,,,,,0,156,0,,,
2025,Washuk,18,0.0286,27.4973,15.2707,212771.0,700.0,0.0,33093.0,0.2,25,96,0,,,
2025,Zhob,18,0.1714,25.6551,27.3431,374767.0,1400.0,0.0,20297.0,0.2,0,37,0,0.3529927118038776,0.055096982306017,0.216511075484097
2025,Abbottabad,18,1.4286,22.8929,47.1838,1611498.0,1256.0,0.0,1967.0,0.75,0,0,0,,,
2025,Bajaur,18,0.8429,21.6241,44.6271,1321356.0,900.0,0.0,1290.0,0.2,0,193,0,0.1605496871336996,0.1088184878294571,
2025,Bannu,18,0.3,30.8806,28.4342,1410816.0,312.0,1.0,1227.0,0.2,0,1359,0,0.6822073828385825,0.1232357053233234,0.2903355175068079
2025,Battagram,18,0.4714,21.0433,53.7397,575449.0,1036.0,0.0,1301.0,0.2,0,29,0,,,
2025,Buner,18,0.5571,23.6375,54.8507,1084406.0,700.0,0.0,1865.0,0.35,0,294,0,0.1572845504051348,,0.0328209420896431
2025,Charsadda,18,0.7143,26.6701,54.1008,1953624.0,300.0,2.0,996.0,0.2,0,314,0,0.0877287606473278,0.2309998648485368,
2025,Chitral Lower,18,0.0,15.6318,37.2094,336081.0,1500.0,1.0,6458.0,0.35,0,19,0,0.3300480800252715,0.0188288008906068,0.1182862199112163
2025,Chitral Upper,18,0.0,15.6318,37.2094,204308.0,2500.0,1.0,8392.0,0.2,0,2,0,0.3300480800252715,0.0188288008906068,0.1182862199112163
2025,D.I. Khan,18,1.6571,30.6308,37.2415,2050338.0,,,,,0,154,0,,,
2025,Dir Lower,18,1.1714,28.3494,46.3426,1734809.0,800.0,1.0,1583.0,0.35,0,163,0,,,
2025,Dir Upper,18,0.2,18.7708,49.1481,1143644.0,1200.0,1.0,3699.0,0.35,0,17,0,,,
2025,Hangu,18,3.4429,26.03,37.9034,627433.0,900.0,0.0,1097.0,0.2,0,77,0,0.2384029753465847,0.1156562334504295,0.099891409019198
2025,Haripur,18,2.0571,25.6432,49.3054,1212553.0,605.0,2.0,1725.0,0.65,0,0,0,0.2816280055925436,,0.2286201329686459
2025,Karak,18,1.1857,29.1703,32.4598,853502.0,500.0,0.0,3372.0,0.2,0,87,0,0.5134805872706699,0.082257225755033,
2025,Khyber,18,0.4,26.9275,34.5652,1193210.0,1000.0,0.0,2576.0,0.2,0,114,0,0.0991173668501755,0.1147417510713936,0.0029660124909358
2025,Kohat,18,1.6,28.562,37.4537,1200463.0,500.0,0.0,2545.0,0.65,0,35,0,0.187539728127692,0.135542820181161,
2025,Kohistan Lower,18,0.0,0.7847,55.3749,244203.0,1500.0,2.0,1200.0,0.2,0,0,0,0.3205516571969924,0.1036121478125955,0.1612846531161199
2025,Kohistan Upper,18,0.0,0.7847,55.3749,369931.0,2500.0,2.0,4000.0,0.2,0,10,0,0.3205516571969924,0.1036121478125955,0.1612846531161199
2025,Kolai Palas,18,0.0,0.7847,55.3749,331246.0,,,,,0,0,0,,,
2025,L & C Kurram,18,1.0714,15.1125,48.5549,604463.0,,,,,0,0,0,,,
2025,Lakki Marwat,18,0.3857,28.7388,39.2883,1059019.0,250.0,1.0,3164.0,0.2,0,162,0,0.8536942650782153,0.082138407775323,0.2346276581480788
2025,Malakand,18,0.7857,26.898,40.5123,870427.0,700.0,1.0,952.0,0.2,0,15,0,0.1723661382247251,,
2025,Mansehra,18,1.9857,21.2377,54.6695,1881089.0,1000.0,0.0,4579.0,0.2,0,3,0,0.2825020749145437,0.0212398383912986,0.04898881919131
2025,Mardan,18,0.8857,25.7874,58.0313,2868781.0,300.0,0.0,1632.0,0.65,0,94,0,0.1550667311938359,0.1279541641270579,0.1304554920466124
2025,Mohmand,18,0.7857,26.898,40.5123,563359.0,600.0,0.0,2296.0,0.2,0,148,0,0.3394914177768274,0.1095772848535991,
2025,North Waziristan,18,3.4286,12.3265,50.6034,656447.0,1000.0,1.0,4707.0,0.2,0,19,0,0.1546528758992575,0.1128408800058003,0.0642354517796679
2025,Nowshera,18,1.1714,28.4079,46.3565,1835149.0,280.0,2.0,1748.0,0.65,0,37,0,0.2589993854250279,0.1324781156346891,0.2930641705199051
2025,Orakzai,18,1.8571,24.562,39.2642,307067.0,1200.0,0.0,1538.0,0.2,0,13,0,0.0504912693225507,0.1663870162818333,0.0715860950489947
2025,Peshawar,18,1.3857,29.8085,37.0802,5160904.0,330.0,0.0,1257.0,0.75,0,37,0,0.1599437772279464,0.1797916876639126,
2025,SD Tank,18,0.6429,30.6005,30.4752,604463.0,,,,,0,16,0,,,
2025,Shangla,18,2.5,16.9214,49.5644,915157.0,2000.0,2.0,1586.0,0.35,0,199,0,0.1598804610357217,-0.0079142470776722,0.0109945184206965
2025,South Waziristan (Lower),18,0.5,26.7732,30.2149,820861.0,,,,,0,44,0,,,
2025,SWU,18,0.5,26.7732,30.2149,604463.0,,,,,0,4,0,,,
2025,Swabi,18,1.4857,25.5613,57.315,1963296.0,340.0,2.0,1543.0,0.65,0,52,0,0.1384609140485868,0.144014746966748,0.0975784464124796
2025,Swat,18,0.8857,22.3141,56.5279,2791410.0,980.0,1.0,5337.0,0.35,0,16,0,0.3356860580805716,0.0580401063012015,0.1874535665788654
2025,Tank,18,0.6429,30.6005,30.4752,472690.0,250.0,0.0,1679.0,0.2,0,56,0,0.3632096763220995,0.1113121416638902,0.1234997095578999
2025,Tor Ghar,18,1.8,25.8537,51.1814,206726.0,,,,,0,36,0,,,
2025,Upper Kurram,18,1.0714,15.1125,48.5549,748325.0,,,,,0,14,0,,,
2025,Badin,19,0.0857,32.56,53.7018,2182111.0,9.0,1.0,6726.0,0.35,3087,3091,77,0.829021467747051,0.1043625164508622,0.8155734759471561
2025,Dadu,19,0.0,34.97,31.9305,1873835.0,40.0,2.0,19070.0,0.35,3007,1795,77,0.4756403981188162,0.0840952533673582,0.4547374795947437
2025,Ghotki,19,0.0286,33.3662,35.1698,1989892.0,72.0,1.0,6083.0,0.35,1140,1025,0,0.8527345851676367,0.1062912107221462,0.8182674011287224
2025,Hyderabad,19,0.0,32.5265,50.5355,2659637.0,20.0,2.0,993.0,0.75,727,2605,9,0.4769276475100316,0.1614203776950259,0.4593733660974596
2025,Jacobabad,19,0.0,33.8569,31.144,1216179.0,55.0,0.0,2686.0,0.35,803,671,37,0.6919304208680827,0.098059659328283,0.7221764946740501
2025,Jamshoro,19,0.0,32.4007,50.6276,1200463.0,33.0,2.0,11204.0,0.35,1849,1999,26,,,
2025,Kamber,19,0.0,35.1455,27.8776,1621170.0,50.0,0.0,5599.0,0.2,3730,1999,22,,,
2025,Central,19,0.0143,30.6175,65.7927,3591719.0,10.0,0.0,69.0,0.95,1,645,72,,0.0431733651238743,
2025,East,19,0.0,30.0527,70.7207,3514347.0,10.0,0.0,165.0,0.95,35,375,0,,0.0555039510510968,
2025,Keamari,19,0.0,29.7704,73.3275,2215961.0,2.0,0.0,559.0,0.2,9,486,4,0.5971434604247106,0.0776412809436732,0.5389569256756758
2025,Korangi,19,0.0,30.0186,71.1688,2970331.0,8.0,0.0,95.0,0.2,73,355,1,,0.0555039510510968,
2025,Malir,19,0.0286,30.7387,65.1171,2428732.0,20.0,0.0,2268.0,0.75,190,1251,11,,0.0813112535624502,
2025,South,19,0.1286,30.3926,62.3797,2166395.0,4.0,0.0,122.0,0.95,4,67,0,,0.0455892271685163,
2025,West,19,0.0143,30.2858,69.4781,4732945.0,15.0,0.0,929.0,0.75,255,832,24,0.5971434604247106,0.0776412809436732,0.5389569256756758
2025,Kashmore,19,0.0286,33.2968,34.2935,1316520.0,60.0,2.0,2592.0,0.35,2171,632,13,,,
2025,Khairpur,19,0.0,34.873,29.4556,2908676.0,53.0,2.0,15910.0,0.5,3894,3330,203,0.8575033170009653,0.0918020326161362,0.9367188619330168
2025,Larkana,19,0.0,35.0943,29.0495,1842403.0,48.0,2.0,1906.0,0.5,4523,1812,2,0.6729407601142847,0.1080257923819591,0.6718054667588497
2025,Matiari,19,0.0143,32.9618,46.406,930873.0,25.0,2.0,1417.0,0.2,2333,1894,8,,,
2025,Mirpurkhas,19,0.0286,32.9655,46.3321,1820642.0,16.0,0.0,2925.0,0.5,1944,2987,11,,,
2025,Naushero Feroze,19,0.0,34.8575,31.314,1948788.0,38.0,2.0,2945.0,0.2,1353,1177,43,0.5783189528584676,0.1524415108266032,0.5611468809027575
2025,Sanghar,19,0.0714,31.8007,49.6561,2486760.0,16.0,1.0,10608.0,0.2,3959,2074,43,0.8266344697857334,0.1053842110475412,0.80032650099466
2025,Shaheed Benazirabad,19,0.0,34.3192,35.6964,1949997.0,30.0,2.0,4502.0,0.5,2126,1959,102,0.6892312973479399,0.1364381475063513,0.6362674747005915
2025,Shikarpur,19,0.0143,34.4879,29.9339,1488188.0,52.0,1.0,2512.0,0.35,2411,1360,4,0.6828129051961637,0.1267053193861127,0.8800417103989746
2025,Sujawal,19,0.1429,31.789,60.2089,945380.0,,,,,1069,2149,0,,,
2025,Sukkur,19,0.0,34.4467,30.4776,1798882.0,65.0,2.0,5165.0,0.75,1759,1646,10,0.791919151806773,0.0986402722823727,0.7855313063820405
2025,Tando Allahyar,19,0.7,32.9982,47.3117,1011871.0,18.0,0.0,2343.0,0.2,1716,1838,12,,,
2025,Tando Muhammad Khan,19,0.4571,32.555,52.5478,818443.0,14.0,2.0,1733.0,0.2,607,1123,0,,,
2025,Tharparkar,19,0.0,31.9156,54.2764,1994728.0,56.0,0.0,19638.0,0.35,2269,1789,25,0.8810754635656397,0.0835814589804067,0.836705332956459
2025,Thatta,19,0.1286,31.6238,60.7085,1184747.0,10.0,2.0,17355.0,0.35,1098,1364,2,0.8781900642129052,0.0878570763696115,0.8700338413850064
2025,Umerkot,19,0.0,32.8982,45.6505,1297177.0,12.0,0.0,5608.0,0.35,1335,1502,17,0.8909549760844332,0.0954174087627452,0.8637001514557059
2025,Barkhan,19,1.7714,27.5822,38.0409,206726.0,1100.0,0.0,3514.0,0.2,57,82,25,0.2345595195813883,0.1105673213519649,0.199134907836197
2025,Chagai,19,0.0,31.9021,13.9314,273217.0,919.0,0.0,44748.0,0.2,2,35,0,0.7697351451797784,0.0376373758936303,0.746450758517227
2025,Dera Bugti,19,0.1714,30.4803,36.3169,378394.0,250.0,0.0,10160.0,0.2,69,92,0,0.4531408723236418,0.0770273090806735,0.4911725163478903
2025,Gwadar,19,0.0,28.1187,86.2228,317947.0,12.0,0.0,12637.0,0.35,59,208,14,0.686405353854601,0.0342905582686633,0.6440813525811343
2025,Hub,19,0.0571,30.4588,63.8878,461810.0,,,,,97,225,4,,,
2025,Jaffarabad,19,,,,621388.0,55.0,1.0,1643.0,0.2,641,574,4,0.6609671639121155,0.091126159505636,0.7368883462537514
2025,Jhal Magsi,19,,,,180130.0,60.0,0.0,3615.0,0.2,249,213,44,0.7813681736977655,0.0958735454314023,0.776036471180354
2025,Kachhi (Bolan),19,0.0,29.2247,29.0379,417079.0,,,,,181,151,18,,,
2025,Kalat,19,0.2143,21.4595,29.0117,498077.0,2000.0,0.0,7654.0,0.2,27,29,18,0.1789035103513169,0.0812688729808417,0.1479759435575513
2025,Kech (Turbat),19,,,,1098914.0,,,,,165,298,13,,,
2025,Kharan,19,0.0,32.3378,19.337,188592.0,700.0,0.0,14958.0,0.2,52,204,1,0.6156673306369842,0.036883048556479,0.6145761593594412
2025,Khuzdar,19,0.4143,26.5422,32.7284,969559.0,1237.0,0.0,35380.0,0.2,163,223,79,0.117551052220269,0.0767622428275949,0.0699358019441101
2025,Killa Abdullah,19,0.0,27.3594,16.3828,915157.0,1500.0,0.0,3553.0,0.2,12,123,13,0.5589975604399237,0.0648584678856475,0.4669297532053053
2025,Killa Saifullah,19,0.0571,23.8927,32.7862,413453.0,1500.0,0.0,6831.0,0.2,199,148,26,0.4733461490057674,0.0666754803101278,0.4330961672469027
2025,Kohlu,19,1.4714,25.4008,43.6104,258710.0,1000.0,0.0,7610.0,0.2,66,49,15,0.1637590788596477,0.0858259492117677,0.2179030731698809
2025,Lasbella,19,0.0286,29.3118,67.9017,697550.0,,,,,360,443,21,,,
2025,Loralai,19,0.2286,24.0954,37.8063,479944.0,1400.0,0.0,3785.0,0.2,39,237,11,0.2155985532939291,0.0913248222667675,0.2482988900052912
2025,Mastung,19,0.0143,22.9322,30.9888,321574.0,1700.0,0.0,3308.0,0.2,91,239,23,0.2449856218795104,0.0826044194140093,0.2179427691332046
2025,MusaKhel,19,0.5857,23.2231,46.0549,201891.0,,,,,123,73,11,0.3454620394979378,0.1020712711017953,0.293764784221187
2025,Naseerabad,19,0.0,34.389,29.5815,592374.0,,,,,234,274,63,,,
2025,Panjgur,19,0.0,29.3594,33.5024,382021.0,900.0,0.0,16891.0,0.2,70,103,0,0.3209383296641975,0.0386516019388351,0.2858521427422346
2025,Pishin,19,0.0,23.9754,27.3435,889769.0,1550.0,0.0,6218.0,0.2,41,485,12,0.4275307864543182,0.0719314680580597,0.4087455633671598
2025,Quetta,19,0.1,23.4153,30.6528,2751515.0,1680.0,0.0,3447.0,0.75,22,731,31,0.3426092272991438,0.0708141224803912,0.3075564845399367
2025,Sibi,19,0.0143,33.1254,29.072,163205.0,130.0,0.0,7121.0,0.2,260,124,63,0.1608761108597434,0.0891896943485552,0.1040531272249753
2025,Sohbat pur,19,0.0,34.2461,30.2601,241785.0,,,,,383,290,21,,,
2025,Usta Muhammad,19,0.0,34.0523,29.6655,314321.0,,,,,172,974,14,,,
2025,Washuk,19,0.6286,25.0289,32.857,212771.0,700.0,0.0,33093.0,0.2,106,189,34,,,
2025,Zhob,19,0.3571,24.106,41.9721,374767.0,1400.0,0.0,20297.0,0.2,41,208,5,0.5687115081256681,0.0678748988272227,0.3372660879935562
2025,Abbottabad,19,1.4286,22.8929,47.1838,1611498.0,1256.0,0.0,1967.0,0.75,0,990,55,0.1260704075597616,0.3454988791167364,
2025,Bajaur,19,0.8429,21.6241,44.6271,1321356.0,900.0,0.0,1290.0,0.2,212,791,4,0.2384752240518532,0.2313869285157364,0.0297315596202561
2025,Bannu,19,0.3,30.8806,28.4342,1410816.0,312.0,1.0,1227.0,0.2,1495,998,79,0.6837753872408714,0.1164549339976978,0.6796408790055191
2025,Battagram,19,0.4714,21.0433,53.7397,575449.0,1036.0,0.0,1301.0,0.2,32,224,2,,,
2025,Buner,19,0.5571,23.6375,54.8507,1084406.0,700.0,0.0,1865.0,0.35,323,395,3,0.1008797528983856,0.2724321283901621,0.0289125194321999
2025,Charsadda,19,0.7143,26.6701,54.1008,1953624.0,300.0,2.0,996.0,0.2,345,3905,144,0.0929320724545052,0.2626883325496013,0.0600889980306431
2025,Chitral Lower,19,0.0,15.6318,37.2094,336081.0,1500.0,1.0,6458.0,0.35,21,725,9,0.3706808609726582,0.0171277742000272,0.1107003310760266
2025,Chitral Upper,19,0.0,15.6318,37.2094,204308.0,2500.0,1.0,8392.0,0.2,2,129,20,0.3706808609726582,0.0171277742000272,0.1107003310760266
2025,D.I. Khan,19,1.6571,30.6308,37.2415,2050338.0,,,,,169,2207,2,,,
2025,Dir Lower,19,1.1714,28.3494,46.3426,1734809.0,800.0,1.0,1583.0,0.35,179,1885,31,,,
2025,Dir Upper,19,0.2,18.7708,49.1481,1143644.0,1200.0,1.0,3699.0,0.35,18,1270,9,,,
2025,Hangu,19,3.4429,26.03,37.9034,627433.0,900.0,0.0,1097.0,0.2,85,300,1,0.1746412043167579,0.1739528130511623,0.14436760682571
2025,Haripur,19,2.0571,25.6432,49.3054,1212553.0,605.0,2.0,1725.0,0.65,0,1436,11,0.2407353986846733,0.1977277046451078,0.2306660937475026
2025,Karak,19,1.1857,29.1703,32.4598,853502.0,500.0,0.0,3372.0,0.2,95,451,4,0.45229599871306,0.1082450816764239,0.3975967254521396
2025,Khyber,19,0.4,26.9275,34.5652,1193210.0,1000.0,0.0,2576.0,0.2,125,710,76,0.1064399945074674,0.1893551525158338,0.0326686236529836
2025,Kohat,19,1.6,28.562,37.4537,1200463.0,500.0,0.0,2545.0,0.65,38,1036,21,0.2478384481062139,0.1367914880708697,0.1502047886730169
2025,Kohistan Lower,19,0.0,0.7847,55.3749,244203.0,1500.0,2.0,1200.0,0.2,0,111,0,0.415919532197778,0.1475121529308987,0.2522251537730562
2025,Kohistan Upper,19,0.0,0.7847,55.3749,369931.0,2500.0,2.0,4000.0,0.2,11,421,1,0.415919532197778,0.1475121529308987,0.2522251537730562
2025,Kolai Palas,19,0.0,0.7847,55.3749,331246.0,,,,,0,57,1,,,
2025,L & C Kurram,19,1.0714,15.1125,48.5549,604463.0,,,,,0,5,0,,,
2025,Lakki Marwat,19,0.3857,28.7388,39.2883,1059019.0,250.0,1.0,3164.0,0.2,178,858,29,0.7942381205111325,0.0886870213067074,0.7711239344040689
2025,Malakand,19,0.7857,26.898,40.5123,870427.0,700.0,1.0,952.0,0.2,17,1130,0,0.1072369249428895,0.2253154173692714,0.019143944474852
2025,Mansehra,19,1.9857,21.2377,54.6695,1881089.0,1000.0,0.0,4579.0,0.2,3,1398,21,0.312802419653257,0.24410995852189,0.0682215696193154
2025,Mardan,19,0.8857,25.7874,58.0313,2868781.0,300.0,0.0,1632.0,0.65,94,1327,14,0.1730926607209488,0.244124704518244,0.0991296187062106
2025,Mohmand,19,0.7857,26.898,40.5123,563359.0,600.0,0.0,2296.0,0.2,163,257,7,0.2269921891241488,0.1385100179119565,0.1482108992117986
2025,North Waziristan,19,3.4286,12.3265,50.6034,656447.0,1000.0,1.0,4707.0,0.2,21,84,2,0.2464712269272529,0.1334160068690058,0.2464712269272529
2025,Nowshera,19,1.1714,28.4079,46.3565,1835149.0,280.0,2.0,1748.0,0.65,41,3260,26,0.2994626883043074,0.1695839327707227,0.1838806436156381
2025,Orakzai,19,1.8571,24.562,39.2642,307067.0,1200.0,0.0,1538.0,0.2,14,128,3,0.0748759361556309,0.2923857559797537,0.0145923090261567
2025,Peshawar,19,1.3857,29.8085,37.0802,5160904.0,330.0,0.0,1257.0,0.75,41,6460,145,0.2176757306752615,0.1834110641780153,0.11165151646463
2025,SD Tank,19,0.6429,30.6005,30.4752,604463.0,,,,,18,30,0,,,
2025,Shangla,19,2.5,16.9214,49.5644,915157.0,2000.0,2.0,1586.0,0.35,219,623,23,0.0333383857477776,0.3537432683460987,0.0128883027313817
2025,South Waziristan (Lower),19,0.5,26.7732,30.2149,820861.0,,,,,48,7,14,,,
2025,SWU,19,0.5,26.7732,30.2149,604463.0,,,,,4,28,0,,,
2025,Swabi,19,1.4857,25.5613,57.315,1963296.0,340.0,2.0,1543.0,0.65,57,2013,47,0.2435469349890949,0.2495663436499127,0.1013925126052309
2025,Swat,19,0.8857,22.3141,56.5279,2791410.0,980.0,1.0,5337.0,0.35,18,3464,27,0.3277025383071988,0.2040361792509983,0.1688367994790728
2025,Tank,19,0.6429,30.6005,30.4752,472690.0,250.0,0.0,1679.0,0.2,62,542,7,,0.1140494214070137,
2025,Tor Ghar,19,1.8,25.8537,51.1814,206726.0,,,,,39,75,5,,,
2025,Upper Kurram,19,1.0714,15.1125,48.5549,748325.0,,,,,14,208,7,,,
2025,Badin,20,0.0,32.7186,59.6704,2182111.0,9.0,1.0,6726.0,0.35,3187,3191,75,0.9520589968675848,0.1053946888146736,0.8865662580439336
2025,Dadu,20,0.0,37.1837,33.7464,1873835.0,40.0,2.0,19070.0,0.35,3107,1895,185,0.499361463042006,0.0767313999159837,0.4523001101828163
2025,Ghotki,20,0.0,37.099,27.7461,1989892.0,72.0,1.0,6083.0,0.35,1240,1125,0,0.7675761078591276,0.1044726312420632,0.7476046734254332
2025,Hyderabad,20,0.0,32.597,60.231,2659637.0,20.0,2.0,993.0,0.75,757,2705,9,0.5426394766920155,0.1601932342406887,0.4287807995265789
2025,Jacobabad,20,0.0,37.7274,25.1143,1216179.0,55.0,0.0,2686.0,0.35,873,717,47,0.8486951669115924,0.0913280360866544,0.6583628131234458
2025,Jamshoro,20,0.0857,32.3706,61.3005,1200463.0,33.0,2.0,11204.0,0.35,1949,2099,29,,,
2025,Kamber,20,0.0,38.4476,25.4407,1621170.0,50.0,0.0,5599.0,0.2,3930,2099,27,,,
2025,Central,20,0.0,30.5663,71.5905,3591719.0,10.0,0.0,69.0,0.95,2,685,78,0.0,0.055023490083066,
2025,East,20,0.0,30.0265,75.8765,3514347.0,10.0,0.0,165.0,0.95,39,405,0,0.0579705180465636,0.0808307541533177,
2025,Keamari,20,0.0143,30.0749,76.0464,2215961.0,2.0,0.0,559.0,0.2,10,538,5,0.5159113236557723,0.0730652016139493,0.5642947635135137
2025,Korangi,20,0.0,30.1237,75.4775,2970331.0,8.0,0.0,95.0,0.2,79,385,1,0.0579705180465636,0.0808307541533177,
2025,Malir,20,0.0,30.5196,72.5867,2428732.0,20.0,0.0,2268.0,0.75,205,1301,12,0.4127650093808625,0.0815307511126888,
2025,South,20,0.0714,30.0967,72.9453,2166395.0,4.0,0.0,122.0,0.95,4,70,0,0.1282779464064718,0.0672399353068529,
2025,West,20,0.0,30.4644,73.2186,4732945.0,15.0,0.0,929.0,0.75,285,899,28,0.5159113236557723,0.0730652016139493,0.5642947635135137
2025,Kashmore,20,0.0,36.9881,27.4594,1316520.0,60.0,2.0,2592.0,0.35,2271,663,15,,,
2025,Khairpur,20,0.0,37.665,28.6931,2908676.0,53.0,2.0,15910.0,0.5,3994,3430,233,0.7762575897273192,0.0893624762340843,0.7290440202277123
2025,Larkana,20,0.0,38.2854,26.6765,1842403.0,48.0,2.0,1906.0,0.5,4623,1912,2,0.7334945263325301,0.0962421335369064,0.6592303688107465
2025,Matiari,20,0.0,33.2755,56.2284,930873.0,25.0,2.0,1417.0,0.2,2433,1994,9,,,
2025,Mirpurkhas,20,0.0,34.3402,50.7684,1820642.0,16.0,0.0,2925.0,0.5,2044,3099,14,,,
2025,Naushero Feroze,20,0.0143,36.8944,34.1796,1948788.0,38.0,2.0,2945.0,0.2,1453,1277,52,0.7053897169828091,0.1447216244779392,0.533202522046617
2025,Sanghar,20,0.0,33.7173,51.5343,2486760.0,16.0,1.0,10608.0,0.2,4059,2174,54,0.6441718182247178,0.1080179997102665,0.562337318928509
2025,Shaheed Benazirabad,20,0.0,35.5507,41.3746,1949997.0,30.0,2.0,4502.0,0.5,2226,2059,112,0.7436162937448053,0.1262166887667824,0.642099687071853
2025,Shikarpur,20,0.0,38.1019,25.5605,1488188.0,52.0,1.0,2512.0,0.35,2511,1460,5,0.8676269444023121,0.1134486043963407,0.659850346326912
2025,Sujawal,20,0.0,31.6256,66.3686,945380.0,,,,,1169,2249,0,,,
2025,Sukkur,20,0.0,37.5339,27.8814,1798882.0,65.0,2.0,5165.0,0.75,1859,1746,12,0.7061346278661633,0.0956933808351035,0.6591839163013316
2025,Tando Allahyar,20,0.2286,33.8066,53.9754,1011871.0,18.0,0.0,2343.0,0.2,1816,1938,15,,,
2025,Tando Muhammad Khan,20,0.1143,33.1731,57.7109,818443.0,14.0,2.0,1733.0,0.2,657,1173,0,,,
2025,Tharparkar,20,0.0,33.2754,55.5413,1994728.0,56.0,0.0,19638.0,0.35,2369,1889,29,0.927422401934261,0.0831011826769867,0.9194683351230336
2025,Thatta,20,0.0,31.4935,66.6696,1184747.0,10.0,2.0,17355.0,0.35,1198,1464,2,0.784474795039372,0.0911281183141556,0.8692813570300136
2025,Umerkot,20,0.0,34.3875,48.2376,1297177.0,12.0,0.0,5608.0,0.35,1353,1572,19,0.9988179888195649,0.1009793598280531,0.9988179888195649
2025,Barkhan,20,0.0,32.2074,20.2928,206726.0,1100.0,0.0,3514.0,0.2,63,88,28,0.2097129474123573,0.1017926746735091,0.1744404054239533
2025,Chagai,20,0.0,34.2179,9.5025,273217.0,919.0,0.0,44748.0,0.2,2,37,0,0.7203284078761356,0.0425229597762737,0.6950914806719324
2025,Dera Bugti,20,0.0,33.7627,26.1601,378394.0,250.0,0.0,10160.0,0.2,75,99,0,0.4343859522585067,0.07372899808178,0.4077591623330131
2025,Gwadar,20,0.0,29.6164,81.2886,317947.0,12.0,0.0,12637.0,0.35,64,228,15,0.7247860911142406,0.0271038144725945,0.6958902188762123
2025,Hub,20,0.0,30.1445,72.8542,461810.0,,,,,107,245,4,,,
2025,Jaffarabad,20,,,,621388.0,55.0,1.0,1643.0,0.2,695,624,4,0.9247538928081508,0.0829925642005915,0.6554739856643426
2025,Jhal Magsi,20,,,,180130.0,60.0,0.0,3615.0,0.2,274,223,54,0.7917041759954354,0.0931784976585431,0.7773471506819499
2025,Kachhi (Bolan),20,0.0,33.2021,13.8738,417079.0,,,,,199,161,18,,,
2025,Kalat,20,0.0,24.2988,13.3172,498077.0,2000.0,0.0,7654.0,0.2,29,32,19,0.1584044491983113,0.0775919633636678,0.1463436492863432
2025,Kech (Turbat),20,,,,1098914.0,,,,,185,298,14,,,
2025,Kharan,20,0.0,34.6324,10.678,188592.0,700.0,0.0,14958.0,0.2,58,224,1,0.63459007679576,0.0412275573378496,0.6066060543345096
2025,Khuzdar,20,0.0,30.4782,18.7297,969559.0,1237.0,0.0,35380.0,0.2,188,243,89,0.0988788943466684,0.0732103170616708,0.0726536997708651
2025,Killa Abdullah,20,0.0,29.5999,7.6299,915157.0,1500.0,0.0,3553.0,0.2,14,133,14,0.5886372603311967,0.0616274064533438,0.4623760211220263
2025,Killa Saifullah,20,0.0,27.7103,10.7178,413453.0,1500.0,0.0,6831.0,0.2,209,158,26,0.4970472910490944,0.0638777698924061,0.417991783604863
2025,Kohlu,20,0.0,30.9026,20.5032,258710.0,1000.0,0.0,7610.0,0.2,73,54,16,0.1524444489452933,0.0809580904120052,0.1336244673190304
2025,Lasbella,20,0.0571,29.4493,74.3996,697550.0,,,,,390,463,23,,,
2025,Loralai,20,0.0,28.6344,13.2526,479944.0,1400.0,0.0,3785.0,0.2,43,257,12,0.1956276208640357,0.0850590508846842,0.173814176323739
2025,Mastung,20,0.0,26.4789,11.0409,321574.0,1700.0,0.0,3308.0,0.2,99,259,25,0.2304796482919071,0.0778546963797851,0.2122046690937754
2025,MusaKhel,20,0.0,28.5564,20.5911,201891.0,,,,,133,79,12,0.1412914092385485,0.0979267555183228,0.2116029466341305
2025,Naseerabad,20,0.0,38.0254,25.0508,592374.0,,,,,254,289,65,,,
2025,Panjgur,20,0.0,32.4734,20.732,382021.0,900.0,0.0,16891.0,0.2,77,112,0,0.3473558161947823,0.0427420517094511,0.2787330092684255
2025,Pishin,20,0.0,26.6706,9.2115,889769.0,1550.0,0.0,6218.0,0.2,48,535,15,0.5193446834708894,0.0694277305356455,0.3969610419011742
2025,Quetta,20,0.0,26.6087,10.0372,2751515.0,1680.0,0.0,3447.0,0.75,24,799,35,0.3380774465323285,0.0676888105073234,0.3028044538604195
2025,Sibi,20,0.0,35.9325,18.6791,163205.0,130.0,0.0,7121.0,0.2,295,134,65,0.1779914586960491,0.084826226524824,0.1483814924414914
2025,Sohbat pur,20,0.0,38.0556,25.12,241785.0,,,,,393,299,23,,,
2025,Usta Muhammad,20,0.0,37.4451,24.2291,314321.0,,,,,185,999,15,,,
2025,Washuk,20,0.0,28.4685,18.4589,212771.0,700.0,0.0,33093.0,0.2,116,199,37,,,
2025,Zhob,20,0.0,28.2593,23.1295,374767.0,1400.0,0.0,20297.0,0.2,45,208,6,0.3889878186532088,0.0619749224900263,0.4264224809835303
2025,Abbottabad,20,0.2857,24.9408,37.9431,1611498.0,1256.0,0.0,1967.0,0.75,0,1090,60,0.1048988771269275,0.3303801872647581,0.0067932142554908
2025,Bajaur,20,0.0714,24.1988,31.3929,1321356.0,900.0,0.0,1290.0,0.2,234,891,5,,0.2059655177106893,
2025,Bannu,20,0.0,32.488,27.9645,1410816.0,312.0,1.0,1227.0,0.2,1595,1107,89,0.5633788113499569,0.1158950806557389,0.663890175149805
2025,Battagram,20,0.7286,23.5019,45.3293,575449.0,1036.0,0.0,1301.0,0.2,35,244,2,,,
2025,Buner,20,0.2286,26.5181,42.6843,1084406.0,700.0,0.0,1865.0,0.35,350,425,3,0.1368873749247245,0.2462551363227219,0.048221889807316
2025,Charsadda,20,0.0571,29.9525,40.5671,1953624.0,300.0,2.0,996.0,0.2,380,4300,144,,0.2555380633358066,
2025,Chitral Lower,20,0.0,19.639,39.6119,336081.0,1500.0,1.0,6458.0,0.35,23,765,10,0.3194004463299649,0.0521137825451172,0.2237029141522908
2025,Chitral Upper,20,0.0,19.639,39.6119,204308.0,2500.0,1.0,8392.0,0.2,3,140,22,0.3194004463299649,0.0521137825451172,0.2237029141522908
2025,D.I. Khan,20,0.0,32.6895,39.3653,2050338.0,,,,,184,2407,2,,,
2025,Dir Lower,20,0.2571,31.2101,34.2478,1734809.0,800.0,1.0,1583.0,0.35,194,2004,33,,,
2025,Dir Upper,20,0.1,20.4303,42.4942,1143644.0,1200.0,1.0,3699.0,0.35,20,1370,10,,,
2025,Hangu,20,0.1286,29.2806,26.5978,627433.0,900.0,0.0,1097.0,0.2,95,330,1,0.2151869278768303,0.1464855881815688,0.1387259373524476
2025,Haripur,20,0.1571,28.5774,38.0861,1212553.0,605.0,2.0,1725.0,0.65,0,1536,12,0.2569640026957701,0.1760063855737194,0.1858398682142884
2025,Karak,20,0.0,31.942,25.8253,853502.0,500.0,0.0,3372.0,0.2,105,491,4,0.5957061598512605,0.1057534432525489,0.4658304638988447
2025,Khyber,20,0.0,29.4999,26.0708,1193210.0,1000.0,0.0,2576.0,0.2,135,780,85,0.0863618796788,0.2112338835738778,0.0369294994970071
2025,Kohat,20,0.0,32.0608,25.2284,1200463.0,500.0,0.0,2545.0,0.65,42,1142,23,0.1045743060981242,0.1232814006203629,0.0476449822924567
2025,Kohistan Lower,20,0.0143,0.9032,61.5597,244203.0,1500.0,2.0,1200.0,0.2,0,121,0,0.3227546994354036,0.1536054339675436,0.109900188493374
2025,Kohistan Upper,20,0.0143,0.9032,61.5597,369931.0,2500.0,2.0,4000.0,0.2,12,461,1,0.3227546994354036,0.1536054339675436,0.109900188493374
2025,Kolai Palas,20,0.0143,0.9032,61.5597,331246.0,,,,,0,62,1,,,
2025,L & C Kurram,20,0.5143,18.6398,33.6837,604463.0,,,,,0,5,0,,,
2025,Lakki Marwat,20,0.0,31.062,36.6016,1059019.0,250.0,1.0,3164.0,0.2,198,958,32,0.8513777716470856,0.0834256823513526,0.7812018472195494
2025,Malakand,20,0.0571,29.8174,27.7425,870427.0,700.0,1.0,952.0,0.2,18,1230,0,,0.2005316972216182,
2025,Mansehra,20,0.4286,23.9127,42.1421,1881089.0,1000.0,0.0,4579.0,0.2,3,1498,24,0.2978352557803264,0.2383782773959535,0.1044335740081648
2025,Mardan,20,0.1429,28.6216,44.2443,2868781.0,300.0,0.0,1632.0,0.65,113,1447,15,0.0045396282845545,0.2253986609200372,0.0
2025,Mohmand,20,0.0571,29.8174,27.7425,563359.0,600.0,0.0,2296.0,0.2,178,287,8,0.4683601315137592,0.1301156223220375,0.2745574922307796
2025,North Waziristan,20,1.4286,14.1687,41.7524,656447.0,1000.0,1.0,4707.0,0.2,23,94,2,0.0856158294315724,0.1262778805528712,0.2106406080347448
2025,Nowshera,20,0.2571,31.2686,34.263,1835149.0,280.0,2.0,1748.0,0.65,45,3600,29,,0.1584450162210409,
2025,Orakzai,20,0.0571,28.2891,26.2066,307067.0,1200.0,0.0,1538.0,0.2,16,138,3,0.1171246327224247,0.2573890691559946,0.0477165145857469
2025,Peshawar,20,0.1714,32.1555,31.7572,5160904.0,330.0,0.0,1257.0,0.75,45,7060,165,,0.1837978511875288,
2025,SD Tank,20,0.0,32.7499,30.0167,604463.0,,,,,19,32,0,,,
2025,Shangla,20,0.8286,18.9786,39.7502,915157.0,2000.0,2.0,1586.0,0.35,240,683,27,0.2166550039870092,0.3482956491980146,0.0112484801707323
2025,South Waziristan (Lower),20,0.0,29.4081,25.2905,820861.0,,,,,55,7,15,,,
2025,SWU,20,0.0,29.4081,25.2905,604463.0,,,,,5,32,0,,,
2025,Swabi,20,0.1,27.5985,48.6079,1963296.0,340.0,2.0,1543.0,0.65,63,2213,50,0.1489344272276508,0.2274997591331529,0.1042978267872739
2025,Swat,20,0.1286,24.6319,44.2314,2791410.0,980.0,1.0,5337.0,0.35,21,3764,32,0.2972210504793704,0.1957279329467725,0.2065976838559192
2025,Tank,20,0.0,32.7499,30.0167,472690.0,250.0,0.0,1679.0,0.2,68,582,8,0.6012532699828977,0.1114479464019907,
2025,Tor Ghar,20,0.0571,28.7975,41.4421,206726.0,,,,,42,85,6,,,
2025,Upper Kurram,20,0.5143,18.6398,33.6837,748325.0,,,,,17,228,8,,,
2025,Badin,21,0.0,33.5407,57.4616,2182111.0,9.0,1.0,6726.0,0.35,2997,3448,85,0.8901554918621367,0.0783281949586977,0.9310753312806894
2025,Dadu,21,0.0,37.9185,37.923,1873835.0,40.0,2.0,19070.0,0.35,3097,1999,199,0.4564598607428997,0.0731286263782754,0.4359216767815417
2025,Ghotki,21,0.0,38.0829,29.5763,1989892.0,72.0,1.0,6083.0,0.35,1140,1251,0,0.8544657681513032,0.0850293778416015,0.7544013945116839
2025,Hyderabad,21,0.0,33.2786,58.7259,2659637.0,20.0,2.0,993.0,0.75,827,2805,9,0.4937358393924011,0.1407924886305031,0.450849046044149
2025,Jacobabad,21,0.0,38.9985,26.5117,1216179.0,55.0,0.0,2686.0,0.35,793,689,50,0.7901584803534445,0.0618872116090631,0.7374862024360371
2025,Jamshoro,21,0.0,33.3111,58.6868,1200463.0,33.0,2.0,11204.0,0.35,2049,2199,32,,,
2025,Kamber,21,0.0,39.4449,27.9157,1621170.0,50.0,0.0,5599.0,0.2,4030,2199,34,,,
2025,Central,21,0.0857,30.7886,69.7116,3591719.0,10.0,0.0,69.0,0.95,2,785,87,,0.0653602634908425,
2025,East,21,0.0,30.5349,71.9981,3514347.0,10.0,0.0,165.0,0.95,42,437,0,,0.0827026292179659,
2025,Keamari,21,0.0286,30.3347,73.1905,2215961.0,2.0,0.0,559.0,0.2,12,565,6,0.5718440688289939,0.0859673961099454,0.5354042941982644
2025,Korangi,21,0.0,30.5204,72.1555,2970331.0,8.0,0.0,95.0,0.2,86,455,1,,0.0827026292179659,
2025,Malir,21,0.0,31.0366,69.0598,2428732.0,20.0,0.0,2268.0,0.75,225,1451,14,,0.0795756952649082,
2025,South,21,0.0,30.2012,72.4451,2166395.0,4.0,0.0,122.0,0.95,4,77,0,,0.0729157440016099,
2025,West,21,0.0143,30.5269,71.9584,4732945.0,15.0,0.0,929.0,0.75,315,999,36,0.5718440688289939,0.0859673961099454,0.5354042941982644
2025,Kashmore,21,0.0,38.1438,28.2633,1316520.0,60.0,2.0,2592.0,0.35,2371,793,16,,,
2025,Khairpur,21,0.0,38.5423,30.745,2908676.0,53.0,2.0,15910.0,0.5,4094,3530,253,0.8508080952379651,0.0643943607738921,0.7290348591720185
2025,Larkana,21,0.0,39.3896,28.3479,1842403.0,48.0,2.0,1906.0,0.5,4723,2012,2,0.6793411645814964,0.0851596186952313,0.6673496637380056
2025,Matiari,21,0.0,34.2567,53.9164,930873.0,25.0,2.0,1417.0,0.2,2533,2194,11,,,
2025,Mirpurkhas,21,0.0,34.7875,51.5572,1820642.0,16.0,0.0,2925.0,0.5,2144,3199,16,,,
2025,Naushero Feroze,21,0.0,37.9245,35.9967,1948788.0,38.0,2.0,2945.0,0.2,1553,1377,62,0.5428297520681854,0.1138615261603462,0.5119870706888544
2025,Sanghar,21,0.0,35.2665,47.6824,2486760.0,16.0,1.0,10608.0,0.2,4159,2274,64,0.8060387105291669,0.0929184083422858,0.5779146446358222
2025,Shaheed Benazirabad,21,0.0,36.5382,42.634,1949997.0,30.0,2.0,4502.0,0.5,2326,2159,129,0.6475976857549387,0.1185297274793596,0.6168312771308353
2025,Shikarpur,21,0.0,39.1037,27.5433,1488188.0,52.0,1.0,2512.0,0.35,2611,1560,6,0.7168070870207055,0.0836926007548026,0.6930434636061812
2025,Sujawal,21,0.0,31.6215,66.9192,945380.0,,,,,1269,2349,0,,,
2025,Sukkur,21,0.0,38.2845,30.3926,1798882.0,65.0,2.0,5165.0,0.75,1959,1846,13,0.814026552464241,0.0732881700875577,0.6810342416754848
2025,Tando Allahyar,21,0.0,34.0509,54.9024,1011871.0,18.0,0.0,2343.0,0.2,1916,2038,19,,,
2025,Tando Muhammad Khan,21,0.0,33.0329,60.1276,818443.0,14.0,2.0,1733.0,0.2,757,1273,0,,,
2025,Tharparkar,21,0.0,34.5177,52.0966,1994728.0,56.0,0.0,19638.0,0.35,2469,1989,36,0.8800644169706963,0.0660200066653601,0.9117882919005612
2025,Thatta,21,0.0,31.3301,68.0599,1184747.0,10.0,2.0,17355.0,0.35,1298,1564,2,0.9465872459705676,0.0772604050794475,0.931974876067378
2025,Umerkot,21,0.0,35.733,44.9794,1297177.0,12.0,0.0,5608.0,0.35,1453,1672,23,0.8815273834241627,0.0801737127569146,0.9976359776391296
2025,Barkhan,21,0.0,33.87,22.0606,206726.0,1100.0,0.0,3514.0,0.2,65,99,37,0.2869372979194675,0.0785106439850574,0.1984314950818344
2025,Chagai,21,0.0,35.1423,8.1215,273217.0,919.0,0.0,44748.0,0.2,2,40,0,0.8292213488658436,0.037471346986267,0.7665057653002288
2025,Dera Bugti,21,0.0,35.9472,25.5621,378394.0,250.0,0.0,10160.0,0.2,75,108,0,0.4686369537781206,0.0403318723564192,0.4153363519477562
2025,Gwadar,21,0.0,28.7107,89.3919,317947.0,12.0,0.0,12637.0,0.35,74,248,18,0.6374910511421193,0.027888704030222,0.614999329389303
2025,Hub,21,0.0,30.8266,68.9177,461810.0,,,,,99,267,5,,,
2025,Jaffarabad,21,,,,621388.0,55.0,1.0,1643.0,0.2,759,699,5,0.7751398280493589,0.0661715050020965,0.768001474424061
2025,Jhal Magsi,21,,,,180130.0,60.0,0.0,3615.0,0.2,284,233,54,0.7898180005637363,0.1034410557424813,0.7858690070716845
2025,Kachhi (Bolan),21,0.0,35.1224,13.3985,417079.0,,,,,209,171,21,,,
2025,Kalat,21,0.0,25.7744,11.6168,498077.0,2000.0,0.0,7654.0,0.2,35,39,22,0.1712591175038033,0.077394465871245,0.1442064246599549
2025,Kech (Turbat),21,,,,1098914.0,,,,,195,318,16,,,
2025,Kharan,21,0.0,35.1253,9.1084,188592.0,700.0,0.0,14958.0,0.2,64,244,1,0.6286165582469571,0.0396526127572408,0.6112781222435845
2025,Khuzdar,21,0.0,31.9711,20.201,969559.0,1237.0,0.0,35380.0,0.2,199,263,99,0.1100321257607019,0.0777376484128364,0.0664243601558779
2025,Killa Abdullah,21,0.0,31.0701,7.7073,915157.0,1500.0,0.0,3553.0,0.2,16,143,16,0.5530510268590615,0.0561870519218683,0.4611998408434999
2025,Killa Saifullah,21,0.0,29.7936,12.8185,413453.0,1500.0,0.0,6831.0,0.2,219,168,32,0.4817294854190293,0.0582755093058707,0.4223899967718766
2025,Kohlu,21,0.0,32.2041,23.4095,258710.0,1000.0,0.0,7610.0,0.2,79,60,18,0.1719619351933452,0.0625416083648315,0.133939722430203
2025,Lasbella,21,0.2429,29.0573,78.4178,697550.0,,,,,410,493,29,,,
2025,Loralai,21,0.0,30.3011,16.0561,479944.0,1400.0,0.0,3785.0,0.2,49,277,14,0.2407180991350002,0.0689166211307759,0.1786746225090986
2025,Mastung,21,0.0,27.7994,9.82,321574.0,1700.0,0.0,3308.0,0.2,109,279,29,0.2422814565532035,0.0749033255637379,0.2135537963860598
2025,MusaKhel,21,0.0,29.8299,24.6132,201891.0,,,,,143,90,14,0.2840305955285683,0.0901532498033019,0.1261232353389826
2025,Naseerabad,21,0.0,39.4004,26.314,592374.0,,,,,264,309,74,,,
2025,Panjgur,21,0.0,32.7751,22.2486,382021.0,900.0,0.0,16891.0,0.2,89,122,0,0.4067882057187042,0.0434875183424532,0.3485102113264827
2025,Pishin,21,0.0,28.1426,11.4595,889769.0,1550.0,0.0,6218.0,0.2,58,595,18,0.4257002843033293,0.0653195445546796,0.3945067719922649
2025,Quetta,21,0.0,28.0757,11.0337,2751515.0,1680.0,0.0,3447.0,0.75,34,863,43,0.3405659003779414,0.0637691779238505,0.3051365117596178
2025,Sibi,21,0.0,38.0301,16.5036,163205.0,130.0,0.0,7121.0,0.2,305,144,74,0.1696721589044372,0.0887883239625763,0.1523416935233421
2025,Sohbat pur,21,0.0,39.0696,27.19,241785.0,,,,,403,319,27,,,
2025,Usta Muhammad,21,0.0,39.227,25.9422,314321.0,,,,,195,999,17,,,
2025,Washuk,21,0.0,29.2426,17.1608,212771.0,700.0,0.0,33093.0,0.2,126,219,42,,,
2025,Zhob,21,0.0,29.7244,24.8552,374767.0,1400.0,0.0,20297.0,0.2,54,228,7,0.5335981421121972,0.0552803569369281,0.3700874728992742
2025,Abbottabad,21,0.8143,26.3959,42.1644,1611498.0,1256.0,0.0,1967.0,0.75,0,1190,68,0.2072599596158546,0.2635878896701966,0.0603630898464557
2025,Bajaur,21,0.0714,26.0396,32.4949,1321356.0,900.0,0.0,1290.0,0.2,244,991,6,0.1835146588684296,,
2025,Bannu,21,0.6143,33.7493,31.1445,1410816.0,312.0,1.0,1227.0,0.2,1695,1207,99,0.5628492883299577,,0.5069386163992955
2025,Battagram,21,1.0143,25.1293,48.963,575449.0,1036.0,0.0,1301.0,0.2,45,254,3,,,
2025,Buner,21,0.2,28.2497,42.9614,1084406.0,700.0,0.0,1865.0,0.35,370,435,3,0.0691513015636552,0.2476638849717355,0.0343293993600775
2025,Charsadda,21,0.0,32.1046,37.8531,1953624.0,300.0,2.0,996.0,0.2,410,4500,164,0.072327171431619,0.2765643149662525,
2025,Chitral Lower,21,0.0,22.0038,37.4827,336081.0,1500.0,1.0,6458.0,0.35,25,785,11,0.1588583700959623,0.0153444950984608,0.1046857219893951
2025,Chitral Upper,21,0.0,22.0038,37.4827,204308.0,2500.0,1.0,8392.0,0.2,3,150,24,0.1588583700959623,0.0153444950984608,0.1046857219893951
2025,D.I. Khan,21,1.5857,33.4505,43.1555,2050338.0,,,,,194,2507,2,,,
2025,Dir Lower,21,0.2286,32.8592,37.7014,1734809.0,800.0,1.0,1583.0,0.35,204,2104,37,,,
2025,Dir Upper,21,0.0,22.414,43.3628,1143644.0,1200.0,1.0,3699.0,0.35,21,1470,12,,,
2025,Hangu,21,0.1143,30.7446,28.7384,627433.0,900.0,0.0,1097.0,0.2,105,350,1,0.1995632606068681,0.0884840466405021,0.1621610817222497
2025,Haripur,21,0.9857,30.1542,39.969,1212553.0,605.0,2.0,1725.0,0.65,0,1636,14,0.3074950185963961,0.1671884395385781,0.2127150063253909
2025,Karak,21,0.0714,32.9452,30.1957,853502.0,500.0,0.0,3372.0,0.2,115,501,5,0.4520893994102659,0.1215116022501976,0.4783087405700655
2025,Khyber,21,0.0857,31.4948,26.3685,1193210.0,1000.0,0.0,2576.0,0.2,145,880,95,0.084371558909216,0.1038289783060324,0.0294328790743202
2025,Kohat,21,0.1714,33.0456,29.7968,1200463.0,500.0,0.0,2545.0,0.65,45,1242,26,0.2749504944810539,0.1254342187044979,0.0537499500995157
2025,Kohistan Lower,21,0.3143,3.3457,54.6498,244203.0,1500.0,2.0,1200.0,0.2,0,131,0,0.2485220037227754,0.1763046475516928,0.0825280047159693
2025,Kohistan Upper,21,0.3143,3.3457,54.6498,369931.0,2500.0,2.0,4000.0,0.2,14,471,1,0.2485220037227754,0.1763046475516928,0.0825280047159693
2025,Kolai Palas,21,0.3143,3.3457,54.6498,331246.0,,,,,0,72,1,,,
2025,L & C Kurram,21,0.0429,19.9193,35.1912,604463.0,,,,,0,6,0,,,
2025,Lakki Marwat,21,0.4429,32.4849,40.3789,1059019.0,250.0,1.0,3164.0,0.2,208,1058,37,0.8180158062517173,0.0397399306720299,0.7840785396495289
2025,Malakand,21,0.2,30.84,32.8042,870427.0,700.0,1.0,952.0,0.2,19,1330,0,0.051621346269433,0.1999085186363244,
2025,Mansehra,21,0.7143,25.5597,45.4921,1881089.0,1000.0,0.0,4579.0,0.2,4,1598,27,0.2196729696569447,0.2491450031084953,0.1361495960618703
2025,Mardan,21,0.0571,30.7951,42.5115,2868781.0,300.0,0.0,1632.0,0.65,123,1547,18,0.096672094598007,0.2354635151220208,0.0
2025,Mohmand,21,0.2,30.84,32.8042,563359.0,600.0,0.0,2296.0,0.2,188,307,9,0.2254463004642548,0.0759820904803558,0.2791965049768048
2025,North Waziristan,21,0.1571,16.155,38.335,656447.0,1000.0,1.0,4707.0,0.2,24,104,2,0.1695545527532461,0.1011077114896265,0.0742047562359846
2025,Nowshera,21,0.2286,32.9177,37.7163,1835149.0,280.0,2.0,1748.0,0.65,49,3700,32,0.2576796525988213,0.1544316475240222,
2025,Orakzai,21,0.0286,29.6561,28.6441,307067.0,1200.0,0.0,1538.0,0.2,17,148,3,0.0300090638221382,0.2030565247671118,0.023135256062283
2025,Peshawar,21,0.0,34.4662,28.6406,5160904.0,330.0,0.0,1257.0,0.75,49,7260,184,0.1533842282594788,0.1787199989641771,
2025,SD Tank,21,0.0429,34.08,32.4403,604463.0,,,,,20,35,0,,,
2025,Shangla,21,0.2,20.6152,43.5992,915157.0,2000.0,2.0,1586.0,0.35,250,723,32,0.0149173988312081,0.3161025940799616,0.0061734709297054
2025,South Waziristan (Lower),21,0.0,30.348,30.0899,820861.0,,,,,59,8,18,,,
2025,SWU,21,0.0,30.348,30.0899,604463.0,,,,,6,35,0,,,
2025,Swabi,21,0.6429,29.6101,49.607,1963296.0,340.0,2.0,1543.0,0.65,73,2313,55,0.1911419666092914,0.2315613124104104,0.1025642161057524
2025,Swat,21,0.2143,26.3968,45.3623,2791410.0,980.0,1.0,5337.0,0.35,24,3864,37,0.1975200942742106,0.2113461867713206,0.1279023439389112
2025,Tank,21,0.0429,34.08,32.4403,472690.0,250.0,0.0,1679.0,0.2,78,612,9,0.6650743387080196,0.0939036291433344,0.5824149903762692
2025,Tor Ghar,21,0.4,30.3344,42.7292,206726.0,,,,,46,95,7,,,
2025,Upper Kurram,21,0.0429,19.9193,35.1912,748325.0,,,,,18,248,9,,,
2025,Badin,22,0.0,34.26,57.1055,2182111.0,9.0,1.0,6726.0,0.35,3599,3327,38,0.9198756230682348,0.1013197371898424,0.9075603454689328
2025,Dadu,22,0.0,38.3882,20.9795,1873835.0,40.0,2.0,19070.0,0.35,3150,3231,129,0.4946869096189142,0.0773249990022677,0.4299391133525164
2025,Ghotki,22,0.0,36.8677,25.5461,1989892.0,72.0,1.0,6083.0,0.35,1443,1140,0,0.727652936416175,0.0978200617591591,0.7212038104329006
2025,Hyderabad,22,0.0,35.344,48.5727,2659637.0,20.0,2.0,993.0,0.75,656,2395,9,0.4938251497021471,0.1873681992445178,0.4247217297397392
2025,Jacobabad,22,0.0429,37.6185,19.3154,1216179.0,55.0,0.0,2686.0,0.35,679,642,11,0.8434148973416673,0.0737494718570212,0.7363590217685748
2025,Jamshoro,22,0.0,35.4084,48.0821,1200463.0,33.0,2.0,11204.0,0.35,1686,1569,17,,,
2025,Kamber,22,0.0,38.5113,15.7614,1621170.0,50.0,0.0,5599.0,0.2,3029,2044,18,,,
2025,Central,22,0.0,32.5767,63.1848,3591719.0,10.0,0.0,69.0,0.95,8,1036,81,0.0,0.0611602907314319,
2025,East,22,0.0,31.8486,69.0815,3514347.0,10.0,0.0,165.0,0.95,40,228,15,0.080641477979881,0.0851420453778425,
2025,Keamari,22,0.0,31.5966,69.938,2215961.0,2.0,0.0,559.0,0.2,5,577,2,0.5641936933776103,0.0728144623828091,0.5578346276838743
2025,Korangi,22,0.0,31.8008,69.14,2970331.0,8.0,0.0,95.0,0.2,58,282,2,0.080641477979881,0.0851420453778425,
2025,Malir,22,0.0,32.7637,63.2256,2428732.0,20.0,0.0,2268.0,0.75,181,1598,31,0.4598129794413653,0.0855244833193245,
2025,South,22,0.0,32.3613,61.9266,2166395.0,4.0,0.0,122.0,0.95,113,5559,227,0.1425426312155596,0.0658564713996226,
2025,West,22,0.0286,32.3278,64.9378,4732945.0,15.0,0.0,929.0,0.75,295,809,26,0.5641936933776103,0.0728144623828091,0.5578346276838743
2025,Kashmore,22,0.0143,36.6908,26.047,1316520.0,60.0,2.0,2592.0,0.35,1687,558,1,,,
2025,Khairpur,22,0.0,38.1409,22.0048,2908676.0,53.0,2.0,15910.0,0.5,6029,3062,211,0.7453673878650414,0.0933051703182556,0.7146371133390834
2025,Larkana,22,0.0,38.783,17.2019,1842403.0,48.0,2.0,1906.0,0.5,4003,2044,11,0.7215215637404951,0.0806345858798044,0.6544587306234343
2025,Matiari,22,0.0,36.471,42.6707,930873.0,25.0,2.0,1417.0,0.2,2108,1808,2,,,
2025,Mirpurkhas,22,0.0,36.5884,43.1462,1820642.0,16.0,0.0,2925.0,0.5,1789,2450,19,,,
2025,Naushero Feroze,22,0.0,37.8432,23.9826,1948788.0,38.0,2.0,2945.0,0.2,1698,1096,46,0.5907614762694092,0.1508168954875725,0.4645381644172804
2025,Sanghar,22,0.0,35.5212,46.6246,2486760.0,16.0,1.0,10608.0,0.2,3417,1844,55,0.5432759604286582,0.1298020654967573,0.5099725373534738
2025,Shaheed Benazirabad,22,0.0,38.0433,27.7407,1949997.0,30.0,2.0,4502.0,0.5,1635,1657,66,0.6478010428144844,0.1536272051756572,0.5708195616163537
2025,Shikarpur,22,0.0,38.1352,18.5998,1488188.0,52.0,1.0,2512.0,0.35,2095,1190,2,0.8521690422996694,0.0891693750803888,0.6928559801209173
2025,Sujawal,22,0.0143,32.8337,64.0091,945380.0,,,,,1007,2388,3,,,
2025,Sukkur,22,0.0,37.8134,22.3834,1798882.0,65.0,2.0,5165.0,0.75,1559,1479,3,0.682023896177036,0.0965443887711163,0.6631100821791698
2025,Tando Allahyar,22,0.0143,36.1146,45.4272,1011871.0,18.0,0.0,2343.0,0.2,1612,1993,8,,,
2025,Tando Muhammad Khan,22,0.0,34.8359,53.435,818443.0,14.0,2.0,1733.0,0.2,891,1228,0,,,
2025,Tharparkar,22,0.0,34.3058,56.3263,1994728.0,56.0,0.0,19638.0,0.35,2201,1554,20,0.9529147807093808,0.0744533996710231,0.9315717455133244
2025,Thatta,22,0.0,32.8206,63.8391,1184747.0,10.0,2.0,17355.0,0.35,1530,1636,16,0.7761134972276593,0.0878595541615042,0.9278970127138748
2025,Umerkot,22,0.0,36.3586,44.2714,1297177.0,12.0,0.0,5608.0,0.35,1245,1455,18,0.9964827586206896,0.1010803058500217,0.9953103448275862
2025,Barkhan,22,0.1857,30.814,23.7287,206726.0,1100.0,0.0,3514.0,0.2,75,121,48,0.2212675658010212,0.0892112894379663,0.2080600692397136
2025,Chagai,22,0.0,31.9783,11.6671,273217.0,919.0,0.0,44748.0,0.2,42,150,16,0.7780518974899173,0.042026168083398,0.8297788247746208
2025,Dera Bugti,22,0.0571,33.8312,24.6795,378394.0,250.0,0.0,10160.0,0.2,62,54,3,0.4375588962736425,0.0553912004951876,0.4203375298532194
2025,Gwada r,22,,,,317947.0,,,,,113,546,65,,,
2025,Hub,22,0.0,32.6701,61.7592,461810.0,,,,,106,172,4,,,
2025,Jhal Magsi,22,,,,180130.0,60.0,0.0,3615.0,0.2,152,176,21,0.796210042720327,0.0768397741660286,0.7857352350370022
2025,Kalat,22,0.0143,22.236,17.2172,498077.0,2000.0,0.0,7654.0,0.2,71,84,24,0.1250038867770358,0.0788085425728927,0.0932170985780951
2025,Kharan,22,0.0,33.2461,11.7584,188592.0,700.0,0.0,14958.0,0.2,41,182,11,0.6176686808018783,0.0426649360573496,0.5794306985274008
2025,Killa Abdullah,22,0.0,27.6478,11.0487,915157.0,1500.0,0.0,3553.0,0.2,15,151,10,,0.057649192229293,
2025,Killa Saifullah,22,0.0143,26.804,15.9129,413453.0,1500.0,0.0,6831.0,0.2,172,227,18,0.5080098198225904,0.0599478914288719,0.4256049689802268
2025,Kohlu,22,0.1,29.2773,26.4083,258710.0,1000.0,0.0,7610.0,0.2,103,160,14,0.1539479060535425,0.0620068995537015,0.135033832841809
2025,Lasbella,22,0.0143,31.1803,64.0465,697550.0,,,,,318,430,9,,,
2025,Loralai,22,0.0714,27.7707,19.1173,479944.0,1400.0,0.0,3785.0,0.2,50,224,14,0.2084248673295075,0.0727319532136864,0.1863645248836893
2025,MusaKhel,22,0.0286,27.4766,24.4346,201891.0,,,,,75,30,8,0.1502465944651828,0.0852925035278931,0.133475264453596
2025,Naseerabad,22,0.0,38.2197,17.1974,592374.0,,,,,246,325,31,,,
2025,Pishin,22,0.0,25.384,14.7366,889769.0,1550.0,0.0,6218.0,0.2,66,618,39,0.5811492998431166,0.0713943831566059,0.3783926022481867
2025,Quetta,22,0.0,24.8069,16.5308,2751515.0,1680.0,0.0,3447.0,0.75,26,445,12,0.0045454545454545,0.0874317539538889,0.0
2025,Sibi,22,0.0,36.6054,14.9263,163205.0,130.0,0.0,7121.0,0.2,7,136,7,0.1858547065438076,0.0636224946632184,0.1520481265234516
2025,Sohbat pur,22,0.0,37.7297,18.8745,241785.0,,,,,273,246,30,,,
2025,Usta Muhammad,22,0.0,37.785,17.1873,314321.0,,,,,52,154,0,,,
2025,Washuk,22,0.0,26.5774,17.01,212771.0,700.0,0.0,33093.0,0.2,125,174,18,,,
2025,Zhob,22,0.0,27.3557,26.2914,374767.0,1400.0,0.0,20297.0,0.2,67,240,5,0.3894116973510668,0.0543352140436648,0.3719771301001713
2025,Abbottabad,22,4.7286,22.1703,58.971,1611498.0,1256.0,0.0,1967.0,0.75,0,1294,45,0.023969848699815,,0.0370292114435219
2025,Bajaur,22,1.4,22.4033,45.1565,1321356.0,900.0,0.0,1290.0,0.2,209,633,55,,0.1874997980716764,
2025,Bannu,22,0.0,31.3642,35.6626,1410816.0,312.0,1.0,1227.0,0.2,1232,548,7,0.5222692346227065,0.1014716287343333,0.4823630207818453
2025,Battagra m,22,,,,575449.0,,,,,36,307,8,,,
2025,Buner,22,0.9286,24.463,57.9342,1084406.0,700.0,0.0,1865.0,0.35,157,352,13,0.0901168445549353,0.2406520477110433,0.0393125067478004
2025,Charsadda,22,0.5714,28.4296,51.6882,1953624.0,300.0,2.0,996.0,0.2,298,3093,40,,0.256419098773948,
2025,Chitral Lower,22,3.8,19.0654,54.7131,336081.0,1500.0,1.0,6458.0,0.35,25,773,13,0.263798136809401,0.06520544247583,0.1058696190349384
2025,Chitral Upper,22,3.8,19.0654,54.7131,204308.0,2500.0,1.0,8392.0,0.2,5,279,1,0.263798136809401,0.06520544247583,0.1058696190349384
2025,D.I. Khan,22,0.0,31.9942,42.8396,2050338.0,,,,,214,1774,45,,,
2025,Dir Lower,22,1.0714,28.8822,51.7491,1734809.0,800.0,1.0,1583.0,0.35,151,1701,43,,,
2025,Dir Upper,22,3.2857,19.192,58.7124,1143644.0,1200.0,1.0,3699.0,0.35,17,1436,30,,,
2025,Hangu,22,0.3143,27.6095,38.7036,627433.0,900.0,0.0,1097.0,0.2,68,198,7,0.2141842837572733,0.1494602272719442,0.1611182178775484
2025,Haripur,22,2.8857,26.6223,52.8101,1212553.0,605.0,2.0,1725.0,0.65,16,1363,3,0.2601519449442078,0.1560197148944276,0.2305999542580134
2025,Karak,22,0.3571,29.7795,38.7291,853502.0,500.0,0.0,3372.0,0.2,148,639,46,0.5777892939977565,0.0890816092192438,0.4718882014436351
2025,Khyber,22,0.7286,27.2439,41.2385,1193210.0,1000.0,0.0,2576.0,0.2,210,840,34,0.0995601446694038,0.212809094219877,0.0338356607107168
2025,Kohat,22,0.2857,29.5147,40.0219,1200463.0,500.0,0.0,2545.0,0.65,59,828,15,0.1192136009116013,0.1204911122801403,0.0599023855286117
2025,Kohistan Lower,22,0.5429,1.432,79.4559,244203.0,1500.0,2.0,1200.0,0.2,0,86,0,0.1933433410826968,0.1134771965090963,0.109034904301717
2025,Kohistan Upper,22,0.5429,1.432,79.4559,369931.0,2500.0,2.0,4000.0,0.2,1,327,0,0.1933433410826968,0.1134771965090963,0.109034904301717
2025,Kolai Palas,22,0.5429,1.432,79.4559,331246.0,,,,,2,95,0,,,
2025,L & C Kurram,22,3.8857,16.7166,48.6484,604463.0,,,,,1,3,0,,,
2025,Lakki Marwat,22,0.0429,30.8686,41.3349,1059019.0,250.0,1.0,3164.0,0.2,246,862,72,0.8283537474351017,0.069193565085322,0.7697772474001381
2025,Malakand,22,0.7429,27.0236,44.1213,870427.0,700.0,1.0,952.0,0.2,27,1689,0,,0.1986868042163084,
2025,Mansehra,22,6.1857,22.0118,59.9937,1881089.0,1000.0,0.0,4579.0,0.2,4,989,0,0.1951084802189476,0.1673423223083645,0.0683591182935632
2025,Mardan,22,1.7286,27.5785,54.8737,2868781.0,300.0,0.0,1632.0,0.65,113,1007,72,0.2892660975264858,0.2350687257546713,0.0995699562747288
2025,Mohmand,22,0.7429,27.0236,44.1213,563359.0,600.0,0.0,2296.0,0.2,162,251,18,0.5342415819929831,0.1089973206255628,0.3297033763156696
2025,North Waziristan,22,7.3571,12.6979,55.3458,656447.0,1000.0,1.0,4707.0,0.2,83,36,1,0.0841827165587694,0.11200189261948,0.0706248442734143
2025,Nowshera,22,1.0714,28.9407,51.7632,1835149.0,280.0,2.0,1748.0,0.65,135,2939,18,0.4422709587131757,0.1569326446608542,0.3361745710633901
2025,Orakzai,22,0.8857,26.2751,39.698,307067.0,1200.0,0.0,1538.0,0.2,32,112,0,0.1409803857054896,0.2886756028249449,0.0280787266611203
2025,Peshawar,22,1.5429,30.3031,42.1239,5160904.0,330.0,0.0,1257.0,0.75,36,4719,6,,0.1771835783425034,
2025,SD Tank,22,0.0,32.3589,35.5621,604463.0,,,,,28,36,1,,,
2025,Shangla,22,5.9714,15.9408,63.3904,915157.0,2000.0,2.0,1586.0,0.35,235,1327,64,0.0182647685849,0.249194089114773,0.006781269363959
2025,South Waziristan (Lower),22,0.1429,28.1274,34.5971,820861.0,,,,,104,111,5,,,
2025,SWU,22,0.1429,28.1274,34.5971,604463.0,,,,,6,27,0,,,
2025,Swabi,22,2.4571,26.9479,58.0878,1963296.0,340.0,2.0,1543.0,0.65,51,1771,172,0.2766508588488661,0.2371021727780091,0.1728539724325521
2025,Swat,22,3.3429,22.9748,57.7795,2791410.0,980.0,1.0,5337.0,0.35,19,3705,78,0.2369433997654059,0.2085771134969552,0.1493508567576273
2025,Tank,22,0.0,32.3589,35.5621,472690.0,250.0,0.0,1679.0,0.2,127,529,0,0.5870761869149969,0.0952472242354289,0.5747495618915955
2025,Tor Ghar,22,1.8286,27.1118,52.7963,206726.0,,,,,30,115,15,,,
2025,Upper Kurram,22,3.8857,16.7166,48.6484,748325.0,,,,,14,228,8,,,
2025,Badin,23,0.0,32.6404,58.4598,2182111.0,9.0,1.0,6726.0,0.35,2411,1879,126,0.9138638846197216,0.2222422291892278,0.9163039287960664
2025,Dadu,23,0.0,36.4414,35.8459,1873835.0,40.0,2.0,19070.0,0.35,2467,2395,372,0.4747947230143159,0.0732017245975083,0.4371739220471831
2025,Ghotki,23,0.0,36.8528,31.1696,1989892.0,72.0,1.0,6083.0,0.35,1770,878,174,0.8389632884775708,0.1169798799126225,0.715260397356362
2025,Hyderabad,23,0.0143,32.4116,58.4979,2659637.0,20.0,2.0,993.0,0.75,457,1891,51,0.5598524565174543,0.2067319143128887,0.4591491275452837
2025,Jacobabad,23,0.0,37.5241,26.4059,1216179.0,55.0,0.0,2686.0,0.35,392,546,156,0.8733524069063259,0.0872548802845513,0.7628636197709765
2025,Jamshoro,23,0.0,32.3935,59.0032,1200463.0,33.0,2.0,11204.0,0.35,1428,1616,70,,,
2025,Kamber,23,0.0,38.0729,26.6384,1621170.0,50.0,0.0,5599.0,0.2,2539,1629,186,,,
2025,Central,23,0.0857,30.5996,68.5998,3591719.0,10.0,0.0,69.0,0.95,15,1043,0,0.0,0.0639859118857974,0.0
2025,East,23,0.0286,30.2268,71.8232,3514347.0,10.0,0.0,165.0,0.95,32,195,12,0.0704164240285913,0.0892157711521443,0.0510624693134198
2025,Keamari,23,0.0143,30.1903,72.4331,2215961.0,2.0,0.0,559.0,0.2,4,374,0,0.4858138122661808,0.0834425850119174,0.4454386320922004
2025,Korangi,23,0.0286,30.2767,71.8033,2970331.0,8.0,0.0,95.0,0.2,56,238,0,0.0704164240285913,0.0892157711521443,0.0510624693134198
2025,Malir,23,0.0,30.6604,68.9711,2428732.0,20.0,0.0,2268.0,0.75,169,1239,44,0.3847924484052529,0.0834677475836167,0.3386835096645037
2025,South,23,0.0286,30.0667,70.2824,2166395.0,4.0,0.0,122.0,0.95,80,5141,279,0.1428292276226828,0.0757132933094257,0.1157588942589528
2025,West,23,0.0571,30.5358,69.7213,4732945.0,15.0,0.0,929.0,0.75,257,602,80,0.4858138122661808,0.0834425850119174,0.4454386320922004
2025,Kashmore,23,0.0,36.6941,30.6997,1316520.0,60.0,2.0,2592.0,0.35,1611,433,30,,,
2025,Khairpur,23,0.0,37.1004,32.6594,2908676.0,53.0,2.0,15910.0,0.5,3489,2882,233,0.9570168906803962,0.0943578522814365,0.8757010165285748
2025,Larkana,23,0.0,37.7994,28.9103,1842403.0,48.0,2.0,1906.0,0.5,2972,1616,30,0.5870752991777076,0.0870982081682174,0.5522757642688527
2025,Matiari,23,0.0,33.2026,54.604,930873.0,25.0,2.0,1417.0,0.2,1278,1188,46,,,
2025,Mirpurkhas,23,0.0,33.8024,51.8525,1820642.0,16.0,0.0,2925.0,0.5,1602,2241,101,,,
2025,Naushero Feroze,23,0.0,36.2644,37.5249,1948788.0,38.0,2.0,2945.0,0.2,1322,984,146,0.6854791979138287,0.1587065304009762,0.5257375481718214
2025,Sanghar,23,0.0,33.862,50.5972,2486760.0,16.0,1.0,10608.0,0.2,2295,1333,81,0.8015871960919652,0.1276257825406607,0.5181500692712395
2025,Shaheed Benazirabad,23,0.0,35.2034,44.4641,1949997.0,30.0,2.0,4502.0,0.5,1617,1462,131,0.687988062793984,0.1500477953987259,0.5705568984587347
2025,Shikarpur,23,0.0,37.6706,28.6907,1488188.0,52.0,1.0,2512.0,0.35,1582,852,117,0.9308787634927072,0.1009649837157513,0.8621100166933804
2025,Sindh Labs,23,,,,0.0,,,,,9,209,6,,,
2025,Sujawal,23,0.0,31.4503,64.2666,945380.0,,,,,715,905,27,,,
2025,Sukkur,23,0.0,36.9235,32.6247,1798882.0,65.0,2.0,5165.0,0.75,1249,1198,70,0.8372107745672085,0.1011822701244526,0.6684976644410684
2025,Tando Allahyar,23,0.0,33.2637,54.1314,1011871.0,18.0,0.0,2343.0,0.2,1205,1300,55,,,
2025,Tando Muhammad Khan,23,0.0,32.5285,58.3141,818443.0,14.0,2.0,1733.0,0.2,584,913,19,,,
2025,Tharparkar,23,0.0,32.5677,57.0453,1994728.0,56.0,0.0,19638.0,0.35,1446,927,0,0.8921190258874173,0.069472615747005,0.9310776126511692
2025,Thatta,23,0.0,31.2399,65.4206,1184747.0,10.0,2.0,17355.0,0.35,247,337,18,0.7780049282023203,0.0697834818587868,0.717580956155509
2025,Umerkot,23,0.0,34.1619,49.4684,1297177.0,12.0,0.0,5608.0,0.35,1087,1148,0,0.867632031583241,0.0993299456040183,0.9951586206896552
2025,Barkhan,23,0.0,31.7188,25.4831,206726.0,1100.0,0.0,3514.0,0.2,36,76,25,0.2644964657818594,0.1067767274805774,0.2087963274757899
2025,Chaman,23,,,,0.0,1340.0,0.0,1341.0,0.2,0,0,2,,,
2025,Hub,23,0.0,30.4648,68.5055,461810.0,,,,,52,126,5,,,
2025,Jaffarabad,23,,,,621388.0,55.0,1.0,1643.0,0.2,0,0,0,0.7511207361890871,0.0752152467449334,0.7442781544448553
2025,Jhal Magsi,23,,,,180130.0,60.0,0.0,3615.0,0.2,30,44,1,0.7821116299824504,0.0848115872868114,0.7769910049607117
2025,Kachhi (Bolan),23,0.0,32.9215,17.8785,417079.0,,,,,79,100,9,,,
2025,Kalat,23,0.0,23.5812,16.5546,498077.0,2000.0,0.0,7654.0,0.2,0,0,0,0.1477606615565952,0.0663869720348146,0.0844158743758942
2025,Kharan,23,0.0,32.747,14.8673,188592.0,700.0,0.0,14958.0,0.2,29,155,9,0.6315908646834258,0.0378583949820977,0.6164655316056094
2025,Khuzdar,23,0.0,29.555,21.8589,969559.0,1237.0,0.0,35380.0,0.2,14,12,0,0.088818311534747,0.0658961990806085,0.0547597685391435
2025,Killa Abdullah,23,0.0,28.8957,10.1308,915157.0,1500.0,0.0,3553.0,0.2,0,28,1,0.57931020526454,0.0501285691895081,
2025,Kohlu,23,0.0,30.038,27.8999,258710.0,1000.0,0.0,7610.0,0.2,6,13,0,0.2514543109803979,0.0818423995431478,0.1853574071523075
2025,Lasbella,23,0.2143,29.2731,72.9807,697550.0,,,,,195,336,15,,,
2025,Loralai,23,0.0143,27.9079,21.7126,479944.0,1400.0,0.0,3785.0,0.2,18,110,5,0.2721345114203408,0.0822961941378364,0.1790068052102726
2025,Sibi,23,0.0,36.6051,19.6836,163205.0,130.0,0.0,7121.0,0.2,11,167,4,0.1527521179599499,0.079488171780129,0.0987368885302846
2025,Sohbat pur,23,0.0,37.7092,27.0636,241785.0,,,,,146,237,9,,,
2025,Surab,23,0.0,24.4008,16.8428,0.0,,,,,4,18,0,,,
2025,Usta Muhammad,23,0.0,37.8612,22.7383,314321.0,,,,,169,1207,7,,,
2025,Washuk,23,0.0,26.4598,22.4788,212771.0,700.0,0.0,33093.0,0.2,92,84,1,,,
2025,Abbottabad,23,1.3857,22.8994,53.5204,1611498.0,1256.0,0.0,1967.0,0.75,0,979,16,0.1451965045455965,0.1694466955930799,0.0322350819786519
2025,Bajaur,23,0.0,24.0557,37.5505,1321356.0,900.0,0.0,1290.0,0.2,148,535,5,0.1320814111490817,0.1858461311329935,
2025,Bannu,23,0.0,32.6032,28.5825,1410816.0,312.0,1.0,1227.0,0.2,1156,716,10,0.509515851105743,0.1164767003310767,0.4694790327397438
2025,Battagram,23,0.0714,22.557,57.3198,575449.0,1036.0,0.0,1301.0,0.2,36,257,8,,,
2025,Buner,23,0.4714,25.1482,53.7285,1084406.0,700.0,0.0,1865.0,0.35,235,167,0,0.0395583077171079,0.2371915215956097,0.0285545510019562
2025,Charsadda,23,0.0,29.2463,47.8024,1953624.0,300.0,2.0,996.0,0.2,217,2046,220,0.0643208609739702,0.2681415608120652,
2025,Chitral Lower,23,0.3286,20.3163,46.7116,336081.0,1500.0,1.0,6458.0,0.35,19,822,4,0.1459312998027678,,0.0998045000727542
2025,Chitral Upper,23,0.3286,20.3163,46.7116,204308.0,2500.0,1.0,8392.0,0.2,7,147,6,0.1459312998027678,,0.0998045000727542
2025,D.I. Khan,23,0.0,32.8782,37.6093,2050338.0,,,,,184,1387,8,,,
2025,Dir Lower,23,0.0,30.2747,43.1781,1734809.0,800.0,1.0,1583.0,0.35,86,1021,9,,,
2025,Dir Upper,23,0.0,20.4119,49.1605,1143644.0,1200.0,1.0,3699.0,0.35,12,1152,20,,,
2025,Hangu,23,0.0143,29.0294,31.2206,627433.0,900.0,0.0,1097.0,0.2,45,115,0,0.1650849929113106,0.1575115619849484,0.1484495448752525
2025,Haripur,23,0.0143,27.2565,48.9533,1212553.0,605.0,2.0,1725.0,0.65,21,1105,3,0.263309427197969,0.0958213643139617,0.2165793746708615
2025,Karak,23,0.0,31.2262,29.9036,853502.0,500.0,0.0,3372.0,0.2,101,632,13,0.4175882484275036,0.0951470689150663,0.4481974217779029
2025,Khyber,23,0.0286,28.6689,34.5971,1193210.0,1000.0,0.0,2576.0,0.2,131,466,29,0.0686551331583049,0.2268012422277111,0.0329051869233746
2025,Kohat,23,0.0,30.7778,33.1318,1200463.0,500.0,0.0,2545.0,0.65,58,630,3,0.2424773893128226,0.1267284252882088,0.0513861083583461
2025,Kohistan Lower,23,0.6571,1.8573,69.1838,244203.0,1500.0,2.0,1200.0,0.2,1,108,0,0.2154652176571484,0.1789911976617443,0.0933161220416671
2025,Kohistan Upper,23,0.6571,1.8573,69.1838,369931.0,2500.0,2.0,4000.0,0.2,4,90,1,0.2154652176571484,0.1789911976617443,0.0933161220416671
2025,Kolai Palas,23,0.6571,1.8573,69.1838,331246.0,,,,,1,91,2,,,
2025,L & C Kurram,23,0.3286,17.8214,42.9109,604463.0,,,,,0,3,0,,,
2025,Lakki Marwat,23,0.0,31.6346,36.2134,1059019.0,250.0,1.0,3164.0,0.2,222,699,0,0.7908431335710046,0.0854945604884931,0.7552545480531153
2025,Malakand,23,0.0,27.9602,39.4597,870427.0,700.0,1.0,952.0,0.2,17,1005,0,0.0421187694222662,0.1915027010249359,
2025,Mansehra,23,0.9429,22.968,54.2891,1881089.0,1000.0,0.0,4579.0,0.2,1,234,0,0.1881647343651884,0.1816904487013259,0.0589232193372561
2025,Mardan,23,0.0,28.043,52.7695,2868781.0,300.0,0.0,1632.0,0.65,38,711,41,0.1144391309229787,0.2302796192581028,0.1089638192097287
2025,Mohmand,23,0.0,27.9602,39.4597,563359.0,600.0,0.0,2296.0,0.2,149,249,0,0.1867016499428406,0.1186790786548808,0.1286280585045792
2025,North Waziristan,23,0.8143,13.4958,50.6866,656447.0,1000.0,1.0,4707.0,0.2,46,54,5,0.1208026205759932,0.1275071817614724,0.0684315007047862
2025,Nowshera,23,0.0,30.3332,43.1931,1835149.0,280.0,2.0,1748.0,0.65,102,2298,0,0.2626163123306677,0.1512459783331554,0.3221941013986111
2025,Orakzai,23,0.0286,27.6465,32.305,307067.0,1200.0,0.0,1538.0,0.2,15,94,0,0.049404499898691,0.3054436809710475,0.0471799065896446
2025,Peshawar,23,0.0,31.7999,34.8977,5160904.0,330.0,0.0,1257.0,0.75,26,3341,36,0.1801857075836689,0.1931806004192797,
2025,SD Tank,23,0.0,33.0086,31.2809,604463.0,,,,,21,34,0,,,
2025,Shangla,23,0.6286,17.5053,55.4782,915157.0,2000.0,2.0,1586.0,0.35,263,1196,3,0.0104945036118956,0.3015934942415908,0.005559978837933
2025,South Waziristan (Lower),23,0.0,28.6084,30.8582,820861.0,,,,,130,24,3,,,
2025,SWU,23,0.0,28.6084,30.8582,604463.0,,,,,8,28,0,,,
2025,Swabi,23,0.0,27.1217,54.6229,1963296.0,340.0,2.0,1543.0,0.65,39,1271,17,0.2143496309836877,0.2260014432860482,0.1910905205086595
2025,Swat,23,0.1286,24.2968,52.6514,2791410.0,980.0,1.0,5337.0,0.35,29,2416,97,0.1606577768784166,0.2577537884822031,0.1284179919781335
2025,Tank,23,0.0,33.0086,31.2809,472690.0,250.0,0.0,1679.0,0.2,112,419,5,0.6347608503825808,0.1138003461610736,0.5631171568167384
2025,Tor Ghar,23,0.0714,27.721,50.0032,206726.0,,,,,32,132,2,,,
2025,Upper Kurram,23,0.3286,17.8214,42.9109,748325.0,,,,,13,175,5,,,
2025,Badin,24,0.0714,33.0904,59.3816,2182111.0,9.0,1.0,6726.0,0.35,3173,3314,208,0.8077054972833753,,0.7980666520784198
2025,Dadu,24,0.0143,37.7134,36.7261,1873835.0,40.0,2.0,19070.0,0.35,2778,2808,387,0.4095678305072458,0.0705511815483131,0.3806528615033306
2025,Ghotki,24,0.0429,37.9457,30.3118,1989892.0,72.0,1.0,6083.0,0.35,2828,1427,211,0.7784633444906076,0.1074542552232742,0.7539410057536735
2025,Hyderabad,24,0.5286,33.2095,59.1673,2659637.0,20.0,2.0,993.0,0.75,861,2353,52,0.3916376360178713,,0.3741634978217357
2025,Jacobabad,24,0.0,38.9015,24.5588,1216179.0,55.0,0.0,2686.0,0.35,499,697,161,0.6306330823613256,0.0620704595351414,0.6824847694358229
2025,Jamshoro,24,0.1714,33.2921,58.8935,1200463.0,33.0,2.0,11204.0,0.35,1450,1701,95,,,
2025,Kamber,24,0.0,38.9571,29.1802,1621170.0,50.0,0.0,5599.0,0.2,3087,2047,181,,,
2025,Central,24,0.0143,30.9615,70.285,3591719.0,10.0,0.0,69.0,0.95,21,1070,3,,0.0577112957214416,
2025,East,24,0.1,30.553,73.7986,3514347.0,10.0,0.0,165.0,0.95,46,222,14,,0.0777751934552449,
2025,Keamari,24,0.0,30.379,75.2982,2215961.0,2.0,0.0,559.0,0.2,8,549,0,0.58753953857916,0.0841649710218276,0.5155231085193461
2025,Korangi,24,0.0286,30.5162,74.2492,2970331.0,8.0,0.0,95.0,0.2,59,326,0,,0.0777751934552449,
2025,Malir,24,0.0,31.116,70.017,2428732.0,20.0,0.0,2268.0,0.75,190,1556,56,,0.0768252623094499,
2025,South,24,0.3286,30.6351,71.6352,2166395.0,4.0,0.0,122.0,0.95,134,5810,246,,0.0657721301811766,
2025,West,24,0.0,30.8037,72.4493,4732945.0,15.0,0.0,929.0,0.75,278,730,85,0.58753953857916,0.0841649710218276,0.5155231085193461
2025,Kashmore,24,0.0714,37.9828,29.472,1316520.0,60.0,2.0,2592.0,0.35,1910,515,94,,,
2025,Khairpur,24,0.0714,38.1328,32.64,2908676.0,53.0,2.0,15910.0,0.5,4312,3091,227,0.8065343974300379,0.1440027242991153,0.92403067115474
2025,Larkana,24,0.1857,38.8312,30.2079,1842403.0,48.0,2.0,1906.0,0.5,3761,1898,43,0.5010732707968568,0.0787403431940001,0.4539687659756143
2025,Matiari,24,0.2286,34.257,53.9978,930873.0,25.0,2.0,1417.0,0.2,2159,1671,51,,,
2025,Mirpurkhas,24,0.2,34.5116,52.6566,1820642.0,16.0,0.0,2925.0,0.5,2360,2986,90,,,
2025,Naushero Feroze,24,0.0,37.3828,37.2565,1948788.0,38.0,2.0,2945.0,0.2,1270,1127,188,0.4088152553543555,0.1556846368767912,0.38425744381754
2025,Sanghar,24,0.0,33.951,55.2014,2486760.0,16.0,1.0,10608.0,0.2,3814,1919,175,0.6801378159112891,0.069155698341521,0.6647786980418731
2025,Shaheed Benazirabad,24,0.0286,36.3454,42.7546,1949997.0,30.0,2.0,4502.0,0.5,1784,1844,121,0.5344846645086337,0.1718568737079757,0.4777013506325792
2025,Shikarpur,24,0.0143,38.9141,27.5178,1488188.0,52.0,1.0,2512.0,0.35,1535,1211,116,0.5726873357983271,0.0846981922425505,0.8132669145179205
2025,Sindh Labs,24,,,,0.0,,,,,21,203,3,,,
2025,Sujawal,24,0.0,31.953,66.0131,945380.0,,,,,1111,2548,21,,,
2025,Sukkur,24,0.2857,37.9934,32.3361,1798882.0,65.0,2.0,5165.0,0.75,1468,1347,124,0.7298539133504987,0.1338732610231535,0.7339802000860394
2025,Tando Allahyar,24,0.4143,34.0078,55.1099,1011871.0,18.0,0.0,2343.0,0.2,1528,1586,55,,,
2025,Tando Muhammad Khan,24,0.1714,33.1999,59.3457,818443.0,14.0,2.0,1733.0,0.2,950,1228,8,,,
2025,Tharparkar,24,0.0143,33.2278,58.0664,1994728.0,56.0,0.0,19638.0,0.35,2389,1749,0,0.8725517976563383,0.0818827411630986,0.8371359696652748
2025,Thatta,24,0.0857,31.8215,66.3763,1184747.0,10.0,2.0,17355.0,0.35,1160,1659,100,0.8349714317108011,0.0781805051816453,0.8268390836171852
2025,Umerkot,24,0.5857,34.8542,49.7355,1297177.0,12.0,0.0,5608.0,0.35,1366,1736,0,0.8129000285139412,0.097544532220934,0.7849180830577265
2025,Barkhan,24,0.0,34.0452,15.5845,206726.0,1100.0,0.0,3514.0,0.2,50,100,28,0.2368559167320826,0.087611770759928,0.2009467021006245
2025,Chagai,24,0.0,33.8083,12.6447,273217.0,919.0,0.0,44748.0,0.2,37,105,2,0.7610811959375555,0.0403882944775152,0.7406307517617986
2025,Dera Bugti,24,0.0,36.2966,20.8148,378394.0,250.0,0.0,10160.0,0.2,16,38,4,0.4622006181117052,0.0541174183732008,0.4793806388443933
2025,Gwadar,24,0.0,29.5357,80.5902,317947.0,12.0,0.0,12637.0,0.35,98,430,19,0.6923911082518704,0.0235198248050829,0.6495299892009454
2025,Hub,24,0.0,31.0046,69.3833,461810.0,,,,,32,109,2,,,
2025,Jhal Magsi,24,,,,180130.0,60.0,0.0,3615.0,0.2,161,143,1,0.78617412047687,0.0839162727387761,0.7737679017668464
2025,Kachhi (Bolan),24,0.0,35.0542,12.1023,417079.0,,,,,57,110,10,,,
2025,Kalat,24,0.0,24.2681,19.4283,498077.0,2000.0,0.0,7654.0,0.2,66,57,11,0.148363087577592,0.0748848612717748,0.1292432489763047
2025,Kharan,24,0.0,35.1223,11.7656,188592.0,700.0,0.0,14958.0,0.2,50,179,6,0.598778555887449,0.0431597801375243,0.6004491122111335
2025,Killa Abdullah,24,0.0,29.4403,13.0462,915157.0,1500.0,0.0,3553.0,0.2,18,149,5,0.5291433097355634,0.0595557802724655,0.4462331045566854
2025,Killa Saifullah,24,0.0,29.01,15.144,413453.0,1500.0,0.0,6831.0,0.2,202,221,16,0.4451922743570569,0.0595728952354806,0.3427147946092719
2025,Kohlu,24,0.0,32.6675,17.2835,258710.0,1000.0,0.0,7610.0,0.2,29,39,8,0.1773979271439653,0.065558572328025,0.2220887163719352
2025,Lasbella,24,0.0857,30.0148,73.6002,697550.0,,,,,215,424,15,,,
2025,Loralai,24,0.0,30.4139,14.5833,479944.0,1400.0,0.0,3785.0,0.2,49,235,21,0.2164534939068411,0.073942076801575,0.1917476511800599
2025,Mastung,24,0.0,26.5322,17.8108,321574.0,1700.0,0.0,3308.0,0.2,81,129,6,0.2283099843195034,0.0762239957089613,0.2058005147948088
2025,MusaKhel,24,0.0,30.4549,18.1382,201891.0,,,,,76,31,2,0.3526390033562884,0.0915342419794919,0.2452336863875503
2025,Naseerabad,24,0.0,39.1373,26.0098,592374.0,,,,,145,294,40,,,
2025,Pishin,24,0.0,27.2605,15.7285,889769.0,1550.0,0.0,6218.0,0.2,57,595,37,0.3804134735189347,0.0671647600750966,0.3622917546416747
2025,Quetta,24,0.0,26.8739,17.1737,2751515.0,1680.0,0.0,3447.0,0.75,12,81,6,0.324911807492939,0.0661049141613069,0.2931646642638655
2025,Sibi,24,0.0,38.1292,14.781,163205.0,130.0,0.0,7121.0,0.2,8,18,0,0.1661404475055374,0.0792121435088995,0.1014296547757799
2025,Sohbat pur,24,0.0,38.9523,26.0685,241785.0,,,,,152,245,20,,,
2025,Surab,24,0.0,25.8607,17.7568,0.0,,,,,4,20,0,,,
2025,Usta Muhammad,24,0.2571,38.9445,24.2606,314321.0,,,,,250,398,7,,,
2025,Zhob,24,0.0,30.1613,18.6339,374767.0,1400.0,0.0,20297.0,0.2,51,217,13,0.5405735988634729,0.0502316391172238,0.3750879714039747
2025,Abbottabad,24,0.0286,29.2372,31.7676,1611498.0,1256.0,0.0,1967.0,0.75,1,1305,8,0.019702165139072,0.1869133675783921,0.0264729807397451
2025,Bajaur,24,0.0143,28.6699,26.3493,1321356.0,900.0,0.0,1290.0,0.2,210,674,11,,0.1498355525150478,
2025,Bannu,24,0.0,36.8517,19.1324,1410816.0,312.0,1.0,1227.0,0.2,1156,789,20,,0.0828596313858306,
2025,Battagram,24,0.0429,26.9204,42.9411,575449.0,1036.0,0.0,1301.0,0.2,32,357,8,,,
2025,Buner,24,0.0,30.0127,40.3518,1084406.0,700.0,0.0,1865.0,0.35,232,400,0,0.0642195333760091,0.1710819481124725,0.0248825545328386
2025,Charsadda,24,0.0,33.5832,35.2684,1953624.0,300.0,2.0,996.0,0.2,262,2138,224,,0.1742416554272908,
2025,Chitral Lower,24,1.4857,22.4896,49.4155,336081.0,1500.0,1.0,6458.0,0.35,17,1204,12,0.300943850177476,0.0388702221419637,0.1109995867814222
2025,Chitral Upper,24,1.4857,22.4896,49.4155,204308.0,2500.0,1.0,8392.0,0.2,2,228,8,0.300943850177476,0.0388702221419637,0.1109995867814222
2025,D.I. Khan,24,0.0,36.8014,26.9258,2050338.0,,,,,256,1537,0,,,
2025,Dir Lower,24,0.0,34.8953,30.5395,1734809.0,800.0,1.0,1583.0,0.35,129,1592,10,,,
2025,Dir Upper,24,0.5,24.1259,43.1721,1143644.0,1200.0,1.0,3699.0,0.35,25,2014,36,,,
2025,Hangu,24,0.0286,33.1175,22.0956,627433.0,900.0,0.0,1097.0,0.2,69,200,3,,0.1323516329053546,
2025,Haripur,24,0.0,32.5083,33.2712,1212553.0,605.0,2.0,1725.0,0.65,19,1376,3,0.2457503241081647,0.1198069923441762,0.2115064241057563
2025,Karak,24,0.0,35.8691,19.5139,853502.0,500.0,0.0,3372.0,0.2,137,508,21,,0.0598774554618714,
2025,Khyber,24,0.0143,33.3778,22.2699,1193210.0,1000.0,0.0,2576.0,0.2,210,540,57,,0.1731886672637061,
2025,Kohat,24,0.0,35.8349,21.1729,1200463.0,500.0,0.0,2545.0,0.65,67,796,0,,0.0988104064798434,
2025,Kohistan Lower,24,1.5571,6.2437,64.75,244203.0,1500.0,2.0,1200.0,0.2,0,124,0,0.1191311856526071,0.2173114413225607,0.0766125780957487
2025,Kohistan Upper,24,1.5571,6.2437,64.75,369931.0,2500.0,2.0,4000.0,0.2,7,383,0,0.1191311856526071,0.2173114413225607,0.0766125780957487
2025,Kolai Palas,24,1.5571,6.2437,64.75,331246.0,,,,,3,91,1,,,
2025,L & C Kurram,24,1.9143,21.3065,33.7844,604463.0,,,,,0,1,0,,,
2025,Lakki Marwat,24,0.0,35.3611,25.9977,1059019.0,250.0,1.0,3164.0,0.2,252,745,0,,0.0510278365341768,
2025,Malakand,24,0.0,32.9492,26.1285,870427.0,700.0,1.0,952.0,0.2,23,956,0,,0.1299765208782585,
2025,Mansehra,24,0.0143,28.2591,36.0842,1881089.0,1000.0,0.0,4579.0,0.2,0,1095,0,0.1607242478460044,0.2182779479615789,0.0614368296014344
2025,Mardan,24,0.0,32.1487,40.4302,2868781.0,300.0,0.0,1632.0,0.65,93,911,41,0.2548248580023764,0.1930994742943304,0.1083189318105287
2025,Mohmand,24,0.0,32.9492,26.1285,563359.0,600.0,0.0,2296.0,0.2,139,210,0,,0.0702523526885092,
2025,North Waziristan,24,4.3857,16.7273,43.5698,656447.0,1000.0,1.0,4707.0,0.2,103,83,26,,0.0949091582448594,
2025,Nowshera,24,0.0,34.9537,30.5547,1835149.0,280.0,2.0,1748.0,0.65,152,2558,6,0.4409218887808407,0.1447660008289443,0.3233366878491145
2025,Orakzai,24,0.5714,31.607,22.8646,307067.0,1200.0,0.0,1538.0,0.2,19,105,0,,0.2589863191971543,
2025,Peshawar,24,0.0,36.5969,23.5444,5160904.0,330.0,0.0,1257.0,0.75,24,3341,24,,0.1318489964869039,
2025,SD Tank,24,0.0,36.4672,20.8032,604463.0,,,,,8,17,2,,,
2025,Shangla,24,2.1,22.1113,38.8886,915157.0,2000.0,2.0,1586.0,0.35,169,1617,7,0.0117506383754687,0.3078186306203917,0.0040761950557188
2025,South Waziristan (Lower),24,0.0429,32.4024,18.2092,820861.0,,,,,159,44,6,,,
2025,SWU,24,0.0429,32.4024,18.2092,604463.0,,,,,4,21,0,,,
2025,Swabi,24,0.0,30.622,47.8622,1963296.0,340.0,2.0,1543.0,0.65,45,1617,38,0.2807178372934971,0.1991382142132373,0.1949533564475919
2025,Swat,24,0.0,28.9004,36.2397,2791410.0,980.0,1.0,5337.0,0.35,12,4587,97,0.2048094414729785,0.2361282247143345,0.1144544091219991
2025,Tank,24,0.0,36.4672,20.8032,472690.0,250.0,0.0,1679.0,0.2,83,416,9,,0.0895731456051374,
2025,Tor Ghar,24,0.0,32.2025,38.9777,206726.0,,,,,36,117,5,,,
2025,Upper Kurram,24,1.9143,21.3065,33.7844,748325.0,,,,,18,214,3,,,
2025,Badin,25,0.3143,33.2195,62.154,2182111.0,9.0,1.0,6726.0,0.35,3617,3470,96,0.6656167618025522,,0.6378352069023925
2025,Dadu,25,0.0,38.0643,40.489,1873835.0,40.0,2.0,19070.0,0.35,3045,3032,115,0.4506338653021038,0.0511928394677416,0.3478261634797719
2025,Ghotki,25,0.0,37.4924,40.6085,1989892.0,72.0,1.0,6083.0,0.35,2742,1558,0,0.316287609997357,0.1083979571474368,0.3126056019346186
2025,Hyderabad,25,0.0,33.9149,57.3085,2659637.0,20.0,2.0,993.0,0.75,883,2513,10,0.2506234047507632,,0.2202353050167465
2025,Jacobabad,25,0.0,39.2631,33.4808,1216179.0,55.0,0.0,2686.0,0.35,553,736,23,0.5830300186822751,0.0746652441762591,0.4348006800469747
2025,Jamshoro,25,0.0,34.0367,56.7389,1200463.0,33.0,2.0,11204.0,0.35,1475,1698,17,,,
2025,Kamber,25,0.0,39.2881,34.5967,1621170.0,50.0,0.0,5599.0,0.2,3401,2112,23,,,
2025,Central,25,1.1143,31.0535,74.5777,3591719.0,10.0,0.0,69.0,0.95,27,1235,101,0.0,0.0372876350740494,
2025,East,25,0.7,30.7021,77.8059,3514347.0,10.0,0.0,165.0,0.95,44,292,17,0.0370180065997556,0.0515862673563563,
2025,Keamari,25,1.6429,30.676,78.2377,2215961.0,2.0,0.0,559.0,0.2,6,724,6,0.4512722522165771,0.0745168556411956,0.5449353141349487
2025,Korangi,25,1.4857,30.6841,78.2162,2970331.0,8.0,0.0,95.0,0.2,80,346,4,0.0370180065997556,0.0515862673563563,
2025,Malir,25,0.6429,31.1095,74.7264,2428732.0,20.0,0.0,2268.0,0.75,225,1773,33,0.3631531425891178,0.0679692138844384,
2025,South,25,0.8857,31.0101,72.6784,2166395.0,4.0,0.0,122.0,0.95,181,6046,381,0.1176608522334979,0.0504826990769164,
2025,West,25,1.1143,31.2031,74.3331,4732945.0,15.0,0.0,929.0,0.75,337,790,26,0.4512722522165771,0.0745168556411956,0.5449353141349487
2025,Kashmore,25,0.0,37.3977,40.5632,1316520.0,60.0,2.0,2592.0,0.35,2019,516,20,,,
2025,Khairpur,25,0.0,38.1727,38.5856,2908676.0,53.0,2.0,15910.0,0.5,4653,3150,241,0.5440171395463216,0.0853529664353674,0.5267105281806437
2025,Larkana,25,0.0,39.0893,35.634,1842403.0,48.0,2.0,1906.0,0.5,4606,2102,6,0.4991400663998624,0.055646268057664,0.3634491519287649
2025,Matiari,25,0.0,34.9856,51.8848,930873.0,25.0,2.0,1417.0,0.2,2524,1852,4,,,
2025,Mirpurkhas,25,0.0,35.0598,52.1142,1820642.0,16.0,0.0,2925.0,0.5,2546,3500,13,,,
2025,Naushero Feroze,25,0.0,37.7796,41.0296,1948788.0,38.0,2.0,2945.0,0.2,1224,1103,116,0.3229102820424757,0.160861775701434,0.2403901818938943
2025,Sanghar,25,0.0,33.904,59.405,2486760.0,16.0,1.0,10608.0,0.2,4460,1973,47,0.1476999171228694,0.1103992285098234,0.1411664797141072
2025,Shaheed Benazirabad,25,0.0,36.7141,45.5099,1949997.0,30.0,2.0,4502.0,0.5,2063,1824,91,0.5248343665048043,0.1134273290000252,0.4491549391457936
2025,Shikarpur,25,0.0,38.6162,36.5271,1488188.0,52.0,1.0,2512.0,0.35,1770,1270,6,0.4328131060738559,0.0814033972064217,0.3248432864667109
2025,Sindh Labs,25,,,,0.0,,,,,19,171,0,,,
2025,Sujawal,25,0.2429,32.0244,68.8384,945380.0,,,,,1033,2619,5,,,
2025,Sukkur,25,0.0,38.0199,38.6042,1798882.0,65.0,2.0,5165.0,0.75,1742,1379,4,0.4277024296505057,0.089181305498051,0.4013103079549379
2025,Tando Allahyar,25,0.0,34.6515,53.7962,1011871.0,18.0,0.0,2343.0,0.2,1903,1907,5,,,
2025,Tando Muhammad Khan,25,0.4571,33.6939,59.9303,818443.0,14.0,2.0,1733.0,0.2,943,1255,0,,,
2025,Tharparkar,25,0.7429,32.512,65.9387,1994728.0,56.0,0.0,19638.0,0.35,2272,1728,19,0.938246567508212,0.0673784875226291,0.9277573195514092
2025,Thatta,25,0.0857,32.1408,67.9417,1184747.0,10.0,2.0,17355.0,0.35,1333,1528,2,0.5908656057325142,0.0793555598523415,0.7348780353807274
2025,Umerkot,25,0.4714,34.4586,55.444,1297177.0,12.0,0.0,5608.0,0.35,0,0,0,0.9165256286266924,0.058100559008087,0.9165256286266924
2025,Barkhan,25,0.0429,33.581,35.2647,206726.0,1100.0,0.0,3514.0,0.2,66,108,26,0.2177806398909029,,0.1851776863336824
2025,Chagai,25,0.0,36.3869,9.1813,273217.0,919.0,0.0,44748.0,0.2,44,107,14,0.7102658773665596,0.0310224902433971,0.6856769097036836
2025,Dera Bugti,25,0.0143,35.3416,39.0171,378394.0,250.0,0.0,10160.0,0.2,32,58,0,0.4360184250810857,0.0157127379915271,0.4023862801257771
2025,Gwadar,25,0.0,28.542,91.8382,317947.0,12.0,0.0,12637.0,0.35,129,308,7,0.732681315063162,0.0213006869419078,0.7003585968616906
2025,Hub,25,0.2143,31.2011,72.2402,461810.0,,,,,94,183,3,,,
2025,Jhal Magsi,25,,,,180130.0,60.0,0.0,3615.0,0.2,232,222,3,0.7925349128137046,0.0540019095899429,0.7797968509341963
2025,Kachhi (Bolan),25,0.0,34.5149,28.9195,417079.0,,,,,61,136,16,,,
2025,Kalat,25,0.0,26.5422,17.2406,498077.0,2000.0,0.0,7654.0,0.2,74,77,17,0.1434649605834994,0.0548053358559394,0.1283882180936053
2025,Kharan,25,0.0,36.7952,12.318,188592.0,700.0,0.0,14958.0,0.2,48,209,8,0.6244710672057576,0.0303969624114525,0.5955599809790393
2025,Khuzdar,25,0.0,32.4386,27.4084,969559.0,1237.0,0.0,35380.0,0.2,19,35,3,0.0918788001253819,0.0543329801808931,0.0619308372749786
2025,Killa Abdullah,25,0.0,32.0165,10.5509,915157.0,1500.0,0.0,3553.0,0.2,8,97,11,0.5635380668581378,0.0475589525358605,0.4403356629140142
2025,Killa Saifullah,25,0.0,30.1537,27.9726,413453.0,1500.0,0.0,6831.0,0.2,226,195,9,0.5716206249962672,0.0493650097882947,0.4135599121165478
2025,Kohlu,25,0.0714,31.7779,37.528,258710.0,1000.0,0.0,7610.0,0.2,42,47,13,0.1754816688460641,0.0549932650280443,0.1494955465444442
2025,Lasbella,25,1.5286,29.9496,77.6596,697550.0,,,,,211,442,10,,,
2025,Loralai,25,0.0,30.3407,32.3484,479944.0,1400.0,0.0,3785.0,0.2,48,267,9,0.2455293378011942,0.0652007982242623,0.1920327513853631
2025,Mastung,25,0.0,28.6054,18.7965,321574.0,1700.0,0.0,3308.0,0.2,88,165,6,0.2263934625913286,0.0558413395178385,0.2032982396170025
2025,MusaKhel,25,0.0,30.3195,35.82,201891.0,,,,,123,52,3,0.1834420668611451,,0.2667215024235007
2025,Naseerabad,25,0.0,39.4605,33.6263,592374.0,,,,,137,356,61,,,
2025,Quetta,25,0.0,28.8647,21.2127,2751515.0,1680.0,0.0,3447.0,0.75,9,104,2,0.3290728033927123,0.0502149026856732,0.2905000721827445
2025,Sibi,25,0.0,39.22,28.289,163205.0,130.0,0.0,7121.0,0.2,37,174,2,0.1995774931754172,0.0570647665118356,0.1554717482855444
2025,Sohbat pur,25,0.0,39.1506,34.4764,241785.0,,,,,128,274,18,,,
2025,Surab,25,0.0,27.2964,20.2758,0.0,,,,,6,7,0,,,
2025,Usta Muhammad,25,0.0,39.6368,32.3888,314321.0,,,,,172,531,11,,,
2025,Zhob,25,0.0,30.7605,32.4986,374767.0,1400.0,0.0,20297.0,0.2,85,279,16,0.4418225345583009,0.0463171290430088,0.4429169235699428
2025,Abbottabad,25,2.4143,27.2572,58.099,1611498.0,1256.0,0.0,1967.0,0.75,0,1375,9,,0.2204497018099104,
2025,Bajaur,25,1.9429,27.6,47.8652,1321356.0,900.0,0.0,1290.0,0.2,256,772,82,,,
2025,Bannu,25,0.1857,35.466,36.6645,1410816.0,312.0,1.0,1227.0,0.2,1407,852,3,0.5497038779275033,,
2025,Battagram,25,2.9571,27.226,62.1813,575449.0,1036.0,0.0,1301.0,0.2,58,458,11,,,
2025,Buner,25,5.3429,29.9211,55.5493,1084406.0,700.0,0.0,1865.0,0.35,487,495,13,,0.1797150940866764,
2025,Charsadda,25,0.5714,33.6588,47.3813,1953624.0,300.0,2.0,996.0,0.2,327,2540,20,,0.3203190826968971,
2025,Chitral Lower,25,0.0143,25.8896,43.0191,336081.0,1500.0,1.0,6458.0,0.35,21,1136,16,0.1402936378466557,0.041066775605975,
2025,Chitral Upper,25,0.0143,25.8896,43.0191,204308.0,2500.0,1.0,8392.0,0.2,11,216,3,0.1402936378466557,0.041066775605975,
2025,D.I. Khan,25,0.0714,36.4451,39.5618,2050338.0,,,,,299,1617,43,,,
2025,Dir Lower,25,2.3571,34.3961,46.1554,1734809.0,800.0,1.0,1583.0,0.35,197,1850,29,,,
2025,Dir Upper,25,0.4571,24.7027,56.6611,1143644.0,1200.0,1.0,3699.0,0.35,32,2289,25,,,
2025,Hangu,25,0.5143,32.3982,38.8697,627433.0,900.0,0.0,1097.0,0.2,101,242,5,0.1573189487411693,,
2025,Haripur,25,4.7,32.0821,51.7681,1212553.0,605.0,2.0,1725.0,0.65,21,1428,19,,0.129581029353555,
2025,Karak,25,0.1857,33.9717,38.5812,853502.0,500.0,0.0,3372.0,0.2,190,612,38,0.4670993663922872,,
2025,Khyber,25,0.1714,32.5909,39.497,1193210.0,1000.0,0.0,2576.0,0.2,315,767,37,0.0969116426345041,,
2025,Kohat,25,0.4286,33.9477,39.8113,1200463.0,500.0,0.0,2545.0,0.65,105,890,44,0.1324869018116802,0.0874716225021774,
2025,Kohistan Lower,25,1.2429,8.0416,67.9084,244203.0,1500.0,2.0,1200.0,0.2,5,148,1,,0.1642383924030067,
2025,Kohistan Upper,25,1.2429,8.0416,67.9084,369931.0,2500.0,2.0,4000.0,0.2,15,317,0,,0.1642383924030067,
2025,Kolai Palas,25,1.2429,8.0416,67.9084,331246.0,,,,,4,99,6,,,
2025,L & C Kurram,25,0.6143,21.4518,49.6347,604463.0,,,,,7,2,0,,,
2025,Lakki Marwat,25,0.0,35.3578,39.0882,1059019.0,250.0,1.0,3164.0,0.2,311,904,77,0.8789785623270677,,
2025,Malakand,25,3.4429,31.359,48.2061,870427.0,700.0,1.0,952.0,0.2,35,715,0,,0.1681954897279825,
2025,Mansehra,25,2.5429,28.0651,55.4736,1881089.0,1000.0,0.0,4579.0,0.2,0,1381,0,,0.1961219066946355,
2025,Mardan,25,1.3857,32.6746,52.2963,2868781.0,300.0,0.0,1632.0,0.65,176,1104,9,,0.2298463294866639,
2025,Mohmand,25,3.4429,31.359,48.2061,563359.0,600.0,0.0,2296.0,0.2,213,187,9,0.6004596481923451,,
2025,North Waziristan,25,1.3857,17.4744,53.1344,656447.0,1000.0,1.0,4707.0,0.2,77,83,4,0.098403862205864,,
2025,Nowshera,25,2.3571,34.4546,46.1697,1835149.0,280.0,2.0,1748.0,0.65,139,3062,40,,0.1123275430117004,
2025,Orakzai,25,0.7286,30.9593,40.2272,307067.0,1200.0,0.0,1538.0,0.2,28,165,7,0.1273021077466635,,
2025,Peshawar,25,0.0286,35.6534,38.7115,5160904.0,330.0,0.0,1257.0,0.75,35,4958,9,,0.1512125769722799,
2025,SD Tank,25,0.0,35.4172,38.986,604463.0,,,,,8,16,0,,,
2025,Shangla,25,3.1571,21.4235,63.0698,915157.0,2000.0,2.0,1586.0,0.35,383,1204,60,,0.2209246067699741,
2025,South Waziristan (Lower),25,0.0,31.7372,36.7651,820861.0,,,,,33,65,0,,,
2025,SWU,25,0.0,31.7372,36.7651,604463.0,,,,,44,73,0,,,
2025,Swabi,25,2.8143,31.6173,57.0004,1963296.0,340.0,2.0,1543.0,0.65,62,1827,200,,0.218079892328672,
2025,Swat,25,3.8,28.7682,56.3335,2791410.0,980.0,1.0,5337.0,0.35,44,4183,60,,0.1870071691623057,
2025,Tank,25,0.0,35.4172,38.986,472690.0,250.0,0.0,1679.0,0.2,251,498,1,0.5927004609759502,,
2025,Tor Ghar,25,7.4143,31.9906,53.4871,206726.0,,,,,35,108,15,,,
2025,Upper Kurram,25,0.6143,21.4518,49.6347,748325.0,,,,,14,231,9,,,
2025,Badin,27,1.3143,30.9273,73.7284,2182111.0,9.0,1.0,6726.0,0.35,2789,3064,117,0.8250527470230113,,0.7951006920964208
2025,Dadu,27,0.0143,35.9024,51.9239,1873835.0,40.0,2.0,19070.0,0.35,2751,2321,436,0.5258467329278453,0.0647375994885078,0.515816370278845
2025,Ghotki,27,0.0143,35.1165,55.7344,1989892.0,72.0,1.0,6083.0,0.35,2563,1252,167,0.634008897502688,,0.6285781114744692
2025,Hyderabad,27,0.0857,32.0807,68.3467,2659637.0,20.0,2.0,993.0,0.75,752,2455,49,0.3529739649131201,,0.2975551690002577
2025,Jacobabad,27,0.0,36.7494,48.9369,1216179.0,55.0,0.0,2686.0,0.35,404,534,185,0.8594549445873265,,0.803855541930208
2025,Jamshoro,27,0.1143,32.2632,67.5776,1200463.0,33.0,2.0,11204.0,0.35,1449,1681,77,,,
2025,Kamber,27,0.0143,37.1045,47.626,1621170.0,50.0,0.0,5599.0,0.2,2204,1715,153,,,
2025,Central,27,0.5,30.3273,77.5182,3591719.0,10.0,0.0,69.0,0.95,21,993,14,0.0,,
2025,East,27,0.4571,29.9855,80.2398,3514347.0,10.0,0.0,165.0,0.95,39,294,5,0.0600143870105847,,
2025,Keamari,27,0.7143,30.2008,79.2914,2215961.0,2.0,0.0,559.0,0.2,11,586,0,0.5500043617275476,,0.6071904733046485
2025,Korangi,27,0.6286,30.177,79.2032,2970331.0,8.0,0.0,95.0,0.2,70,283,0,0.0600143870105847,,
2025,Malir,27,0.4143,30.1753,79.2008,2428732.0,20.0,0.0,2268.0,0.75,177,1485,48,0.458934878615292,,
2025,South,27,0.9286,30.0914,77.7295,2166395.0,4.0,0.0,122.0,0.95,209,4549,180,0.1339056576736188,,
2025,West,27,0.4857,30.529,76.6782,4732945.0,15.0,0.0,929.0,0.75,252,743,67,0.5500043617275476,,0.6071904733046485
2025,Kashmore,27,0.0571,35.2134,55.4346,1316520.0,60.0,2.0,2592.0,0.35,1654,383,28,,,
2025,Khairpur,27,0.0286,35.9379,51.9935,2908676.0,53.0,2.0,15910.0,0.5,3310,3021,200,0.6531578932024165,0.0764476211543512,0.6273191753959154
2025,Larkana,27,0.0,36.9893,48.1181,1842403.0,48.0,2.0,1906.0,0.5,3767,1647,37,0.751843390050814,,0.6891881547268199
2025,Matiari,27,0.1143,32.4157,66.6911,930873.0,25.0,2.0,1417.0,0.2,2122,1779,52,,,
2025,Mirpurkhas,27,0.1571,31.9878,69.0125,1820642.0,16.0,0.0,2925.0,0.5,2173,3258,107,,,
2025,Naushero Feroze,27,0.0,35.5364,53.2627,1948788.0,38.0,2.0,2945.0,0.2,1305,1133,186,0.3381350485264884,0.2457760266269328,0.2442215457406235
2025,Sanghar,27,0.8429,31.148,74.7282,2486760.0,16.0,1.0,10608.0,0.2,3530,2107,147,0.3012543761427579,0.1615222918224521,0.2614708712529912
2025,Shaheed Benazirabad,27,0.0143,34.4358,57.9967,1949997.0,30.0,2.0,4502.0,0.5,1895,1676,112,0.4757080656729449,0.2027609817015425,0.4003873407343573
2025,Shikarpur,27,0.0,36.4078,49.9641,1488188.0,52.0,1.0,2512.0,0.35,1247,1067,132,0.8266705176091305,,0.704963098692083
2025,Sujawal,27,1.0714,30.6929,75.7359,945380.0,,,,,827,1320,33,,,
2025,Sukkur,27,0.0143,35.3827,54.0442,1798882.0,65.0,2.0,5165.0,0.75,1428,1189,86,0.5776363331115919,0.0995441789078976,0.5645312122010847
2025,Tando Allahyar,27,0.5143,32.0328,68.7139,1011871.0,18.0,0.0,2343.0,0.2,1703,1579,51,,,
2025,Tando Muhammad Khan,27,2.0714,31.3972,71.8161,818443.0,14.0,2.0,1733.0,0.2,705,1174,14,,,
2025,Tharparkar,27,4.2,29.3251,83.381,1994728.0,56.0,0.0,19638.0,0.35,1757,1559,0,0.8958394156205133,,0.7539497266553115
2025,Thatta,27,0.7,30.798,74.8558,1184747.0,10.0,2.0,17355.0,0.35,895,1116,71,0.6932030960784007,,0.8356541662648156
2025,Umerkot,27,2.5429,31.4675,70.6824,1297177.0,12.0,0.0,5608.0,0.35,1432,1497,0,0.9965140599581688,0.0952317265596574,0.9965140599581688
2025,Barkhan,27,1.1571,32.278,52.4365,206726.0,1100.0,0.0,3514.0,0.2,27,27,6,0.2187733079350857,0.0456681329646203,0.177033251908986
2025,Dera Bugti,27,0.0,33.1865,58.8213,378394.0,250.0,0.0,10160.0,0.2,64,61,0,0.4740584223458666,,0.4496680526369909
2025,Gwadar,27,0.0,28.6592,87.8602,317947.0,12.0,0.0,12637.0,0.35,114,420,23,0.7153107547253207,-0.0076956847125817,0.664138249090149
2025,Hub,27,0.6143,30.4082,75.7083,461810.0,,,,,38,98,0,,,
2025,Jhal Magsi,27,,,,180130.0,60.0,0.0,3615.0,0.2,178,116,22,0.7983017012755453,,0.7743586675234211
2025,Kachhi (Bolan),27,0.0,33.7188,46.5014,417079.0,,,,,53,140,12,,,
2025,Kalat,27,0.0714,27.3119,42.2364,498077.0,2000.0,0.0,7654.0,0.2,42,41,21,0.22538994510644,0.0539632236039121,0.1094268903853536
2025,Kharan,27,0.0,37.3744,29.2487,188592.0,700.0,0.0,14958.0,0.2,62,172,5,0.674781228397344,0.0332557341902578,0.6351776718556871
2025,Khuzdar,27,0.1286,31.0517,51.1042,969559.0,1237.0,0.0,35380.0,0.2,42,84,10,0.2351674314017445,0.0550823098423046,0.1034934052056591
2025,Killa Abdullah,27,0.0,34.3204,20.7385,915157.0,1500.0,0.0,3553.0,0.2,7,67,13,,0.0396151180223533,
2025,Killa Saifullah,27,0.0143,29.9031,48.1773,413453.0,1500.0,0.0,6831.0,0.2,205,211,32,0.6092475061840843,0.0491945958959465,0.4550484257593437
2025,Kohlu,27,1.0,30.5824,55.6522,258710.0,1000.0,0.0,7610.0,0.2,75,128,20,0.1941808915514778,0.0605365564793268,0.1557082905646565
2025,Lasbella,27,1.1286,29.1544,80.8473,697550.0,,,,,179,424,10,,,
2025,Loralai,27,0.1,29.4156,52.8764,479944.0,1400.0,0.0,3785.0,0.2,61,292,9,0.271486819739591,0.0665675903068223,0.2129552960677338
2025,Naseerabad,27,0.0143,37.1408,47.6465,592374.0,,,,,67,260,34,,,
2025,Panjgur,27,0.0714,30.9531,50.4973,382021.0,900.0,0.0,16891.0,0.2,124,153,0,0.4341222033276904,,0.4160984346418398
2025,Pishin,27,0.0,31.0486,39.3527,889769.0,1550.0,0.0,6218.0,0.2,54,518,32,0.673073078701101,0.0496355401839125,0.3995808188712723
2025,Quetta,27,0.0,29.4028,47.0407,2751515.0,1680.0,0.0,3447.0,0.75,13,515,27,0.03125,0.0444026452161111,0.0
2025,Sibi,27,0.0,38.4932,41.2251,163205.0,130.0,0.0,7121.0,0.2,22,9,0,0.241160786096351,0.050452186282737,0.1581936955139507
2025,Sohbat pur,27,0.0,36.7336,48.8638,241785.0,,,,,72,283,18,,,
2025,Surab,27,0.1571,26.4279,50.0374,0.0,,,,,0,7,0,,,
2025,Usta Muhammad,27,0.0,37.4466,46.4643,314321.0,,,,,113,532,9,,,
2025,Washuk,27,0.8857,28.8271,48.5542,212771.0,700.0,0.0,33093.0,0.2,88,164,2,,,
2025,Zhob,27,0.2,31.1033,47.3148,374767.0,1400.0,0.0,20297.0,0.2,64,208,13,0.4528329920784461,0.0456549995886749,0.4221788867277638
2025,Abbottabad,27,11.7143,25.1863,84.082,1611498.0,1256.0,0.0,1967.0,0.75,0,1420,20,0.000361668098368,,0.0004725074767359
2025,Bajaur,27,9.8571,25.9214,71.9587,1321356.0,900.0,0.0,1290.0,0.2,283,895,17,,,
2025,Bannu,27,2.3143,33.7743,58.0959,1410816.0,312.0,1.0,1227.0,0.2,1200,943,83,0.5630404061423001,0.1219751259239384,0.4800891608575426
2025,Battagram,27,4.4571,26.8308,79.455,575449.0,1036.0,0.0,1301.0,0.2,34,611,11,,,
2025,Buner,27,14.9143,27.9818,78.9465,1084406.0,700.0,0.0,1865.0,0.35,130,240,4,0.0153015635218786,0.354489872372576,0.0019971786643142
2025,Charsadda,27,5.2143,29.8189,77.5083,1953624.0,300.0,2.0,996.0,0.2,316,2592,72,,0.376948569835097,
2025,Chitral Lower,27,0.0,28.9669,47.0153,336081.0,1500.0,1.0,6458.0,0.35,12,1058,3,0.1964293669857868,0.0437416014376635,0.0639679684027954
2025,Chitral Upper,27,0.0,28.9669,47.0153,204308.0,2500.0,1.0,8392.0,0.2,8,176,11,0.1964293669857868,0.0437416014376635,0.0639679684027954
2025,D.I. Khan,27,1.4714,35.3746,55.9579,2050338.0,,,,,240,1397,43,,,
2025,Dir Lower,27,8.1429,30.9429,73.8508,1734809.0,800.0,1.0,1583.0,0.35,241,2032,30,,,
2025,Dir Upper,27,1.4286,25.3476,70.9308,1143644.0,1200.0,1.0,3699.0,0.35,12,1077,8,,,
2025,Hangu,27,2.3857,29.7277,68.4213,627433.0,900.0,0.0,1097.0,0.2,35,9,3,0.1935096634311043,0.0928138375690321,0.1076374905209298
2025,Haripur,27,9.5143,29.2872,77.1264,1212553.0,605.0,2.0,1725.0,0.65,0,1061,1,0.1074693752577893,,0.0987235155857691
2025,Karak,27,3.8143,31.7066,63.5389,853502.0,500.0,0.0,3372.0,0.2,122,416,4,0.592918989282329,0.094029970322409,0.4011571123820928
2025,Khyber,27,4.1857,28.0859,76.0054,1193210.0,1000.0,0.0,2576.0,0.2,280,527,36,0.0934177657062219,0.0328802335940493,0.0201739118944041
2025,Kohat,27,2.7857,31.065,66.8564,1200463.0,500.0,0.0,2545.0,0.65,100,595,16,0.1410437155039068,0.0520104289134921,0.056477988139337
2025,Kohistan Lower,27,1.0286,11.4056,67.4065,244203.0,1500.0,2.0,1200.0,0.2,1,170,0,0.0640937363002325,0.0949468781521162,0.0285196249156896
2025,Kohistan Upper,27,1.0286,11.4056,67.4065,369931.0,2500.0,2.0,4000.0,0.2,10,331,3,0.0640937363002325,0.0949468781521162,0.0285196249156896
2025,Kolai Palas,27,1.0286,11.4056,67.4065,331246.0,,,,,4,108,6,,,
2025,L & C Kurram,27,1.1571,21.3946,76.406,604463.0,,,,,7,6,0,,,
2025,Lakki Marwat,27,1.2714,34.0861,58.8011,1059019.0,250.0,1.0,3164.0,0.2,295,745,13,0.8754958863469031,0.0624628470077473,0.803586557106034
2025,Malakand,27,8.7857,28.4195,73.8148,870427.0,700.0,1.0,952.0,0.2,23,658,0,,,
2025,Mansehra,27,10.9143,26.2142,79.5436,1881089.0,1000.0,0.0,4579.0,0.2,0,1151,5,0.1012853847088151,0.0667275536414893,0.0267811540940114
2025,Mardan,27,11.1429,29.6948,77.5476,2868781.0,300.0,0.0,1632.0,0.65,51,1080,13,0.0902556261961853,0.3528832848015308,0.0119728534659128
2025,Mohmand,27,8.7857,28.4195,73.8148,563359.0,600.0,0.0,2296.0,0.2,213,187,9,0.7745431460572257,0.114118164322223,0.2357048927583548
2025,North Waziristan,27,0.5,18.9544,74.7522,656447.0,1000.0,1.0,4707.0,0.2,77,83,8,0.0929292043907245,0.068733926167839,0.0743628643465468
2025,Nowshera,27,8.1429,31.0014,73.8597,1835149.0,280.0,2.0,1748.0,0.65,139,3062,22,0.2773006613948405,0.1507126308617978,0.2159376080482717
2025,Orakzai,27,2.7714,28.7004,68.9563,307067.0,1200.0,0.0,1538.0,0.2,19,165,0,0.1220804124728869,0.0337299873555208,0.0316765014378114
2025,Peshawar,27,5.1286,29.6987,78.6875,5160904.0,330.0,0.0,1257.0,0.75,35,4958,9,,0.2010857773947071,
2025,SD Tank,27,1.5,34.5946,56.6414,604463.0,,,,,8,16,0,,,
2025,Shangla,27,4.9429,20.6675,84.0932,915157.0,2000.0,2.0,1586.0,0.35,338,2134,15,0.0051348791398583,,0.0029170434199851
2025,South Waziristan (Lower),27,0.0571,30.9488,58.3406,820861.0,,,,,130,72,7,,,
2025,SWU,27,0.0571,30.9488,58.3406,604463.0,,,,,44,53,0,,,
2025,Swabi,27,20.1429,29.9328,74.6906,1963296.0,340.0,2.0,1543.0,0.65,51,1677,46,0.0848231266641308,0.3405141303503368,0.0634423461611083
2025,Swat,27,11.3,27.3465,79.3758,2791410.0,980.0,1.0,5337.0,0.35,44,4183,60,0.1359344780766789,,0.0565116225337028
2025,Tank,27,1.5,34.5946,56.6414,472690.0,250.0,0.0,1679.0,0.2,118,416,0,0.5576105724037143,0.031961634797962,0.5268061760746382
2025,Tor Ghar,27,14.4,29.5225,75.8032,206726.0,,,,,45,108,2,,,
2025,Upper Kurram,27,1.1571,21.3946,76.406,748325.0,,,,,14,231,6,,,
2025,Badin,28,0.0,31.2145,69.6261,2182111.0,9.0,1.0,6726.0,0.35,3519,4159,188,0.8458501411567874,0.1566604299966539,0.820402010628225
2025,Dadu,28,0.0,35.3923,51.047,1873835.0,40.0,2.0,19070.0,0.35,3334,2805,427,0.5338033761303872,0.0678284313161022,0.4818649613923414
2025,Ghotki,28,0.1286,34.068,55.2404,1989892.0,72.0,1.0,6083.0,0.35,3121,1696,232,0.7278864405269461,0.13262674344138,0.6092346079042495
2025,Hyderabad,28,0.0286,32.3018,63.634,2659637.0,20.0,2.0,993.0,0.75,755,3196,65,0.4494695190575799,0.2598007164280808,0.3286462616366628
2025,Jacobabad,28,0.7857,34.7417,51.9399,1216179.0,55.0,0.0,2686.0,0.35,403,679,184,0.8781050055893378,0.1445035479133151,0.7937729058367154
2025,Jamshoro,28,0.1429,32.4596,63.2053,1200463.0,33.0,2.0,11204.0,0.35,2104,2042,72,,,
2025,Kamber,28,0.0,35.5687,49.407,1621170.0,50.0,0.0,5599.0,0.2,2736,1975,173,,,
2025,Central,28,0.4286,30.3556,71.8927,3591719.0,10.0,0.0,69.0,0.95,17,1359,23,0.0,,0.0
2025,East,28,0.2429,30.0462,74.2972,3514347.0,10.0,0.0,165.0,0.95,36,306,4,0.0704906427339887,,0.0361273821349867
2025,Keamari,28,0.4,29.9799,75.1242,2215961.0,2.0,0.0,559.0,0.2,5,692,2,0.4996414256197368,0.0881699367530824,0.4393805209040534
2025,Korangi,28,0.4,30.0856,74.3308,2970331.0,8.0,0.0,95.0,0.2,80,397,1,0.0704906427339887,,0.0361273821349867
2025,Malir,28,0.1143,30.4449,71.8336,2428732.0,20.0,0.0,2268.0,0.75,216,2030,60,0.4207324890556592,0.0697851597875841,0.3553563687074916
2025,South,28,0.1714,29.6575,75.9343,2166395.0,4.0,0.0,122.0,0.95,205,6521,165,0.1312220731341922,,0.1002436069460547
2025,West,28,0.4429,30.2953,73.028,4732945.0,15.0,0.0,929.0,0.75,276,871,79,0.4996414256197368,0.0881699367530824,0.4393805209040534
2025,Kashmore,28,0.0857,33.8986,55.3568,1316520.0,60.0,2.0,2592.0,0.35,1752,485,87,,,
2025,Khairpur,28,0.0286,35.5632,48.9999,2908676.0,53.0,2.0,15910.0,0.5,5062,3897,249,0.8636964047496398,0.092951899102396,0.7401301449169647
2025,Larkana,28,0.0143,35.9226,48.003,1842403.0,48.0,2.0,1906.0,0.5,4634,1924,36,0.7720018480712348,0.0662903569082613,0.7201900840610489
2025,Matiari,28,0.0,32.7773,61.6441,930873.0,25.0,2.0,1417.0,0.2,2760,2352,58,,,
2025,Mirpurkhas,28,0.0,32.1289,65.0632,1820642.0,16.0,0.0,2925.0,0.5,2842,5019,145,,,
2025,Naushero Feroze,28,0.0,34.8849,52.6582,1948788.0,38.0,2.0,2945.0,0.2,1340,1164,216,0.4828770364930295,0.2446716224322299,0.2972398621208163
2025,Sanghar,28,0.0286,32.192,65.3426,2486760.0,16.0,1.0,10608.0,0.2,4563,2629,154,0.5587184183650269,0.2170196265419227,0.262914165058811
2025,Shaheed Benazirabad,28,0.0,34.3715,55.7638,1949997.0,30.0,2.0,4502.0,0.5,1873,2052,138,0.5652069365725034,0.2143020622173101,0.4219619222747154
2025,Shikarpur,28,0.0571,35.0689,50.3256,1488188.0,52.0,1.0,2512.0,0.35,1802,1227,130,0.8816178234790055,0.0920468569230483,0.773874892887746
2025,Sujawal,28,0.0429,30.5286,73.2031,945380.0,,,,,348,2308,60,,,
2025,Sukkur,28,0.0429,35.0152,50.2398,1798882.0,65.0,2.0,5165.0,0.75,2050,1546,91,0.7613077182095522,0.0999904491106197,0.5598273846711954
2025,Tando Allahyar,28,0.0143,31.9932,65.2383,1011871.0,18.0,0.0,2343.0,0.2,2268,2168,60,,,
2025,Tando Muhammad Khan,28,0.0143,31.6761,66.8579,818443.0,14.0,2.0,1733.0,0.2,1292,1879,12,,,
2025,Tharparkar,28,0.1286,30.2885,75.6815,1994728.0,56.0,0.0,19638.0,0.35,2689,2437,5,0.7289725834268901,,0.718806294794227
2025,Thatta,28,0.0857,30.5203,72.8192,1184747.0,10.0,2.0,17355.0,0.35,1607,1848,84,0.7825257857477094,0.1205390187657146,0.6467382352902576
2025,Umerkot,28,0.0286,32.4667,62.6172,1297177.0,12.0,0.0,5608.0,0.35,2211,2128,0,0.6923264848611577,0.0896337086769955,0.8340236861651468
2025,Barkhan,28,4.4286,29.2369,58.1339,206726.0,1100.0,0.0,3514.0,0.2,78,97,12,0.3071462520143085,0.1195919459414031,0.1801990442063533
2025,Chagai,28,0.0,34.8206,13.8338,273217.0,919.0,0.0,44748.0,0.2,68,148,0,0.8229485412988565,0.0402726268334624,0.8011178726304571
2025,Dera Bugti,28,0.8571,31.163,59.7075,378394.0,250.0,0.0,10160.0,0.2,76,94,0,0.5632144953724986,,0.4760850915414831
2025,Gwadar,28,0.0,28.7056,87.2768,317947.0,12.0,0.0,12637.0,0.35,118,664,5,0.6782922354449793,0.0167619290301583,0.6213774954179103
2025,Harnai,28,,,,0.0,,,,,69,44,0,,,
2025,Hub,28,0.0286,30.1668,72.28,461810.0,,,,,131,332,0,,,
2025,Jaffarabad,28,,,,621388.0,55.0,1.0,1643.0,0.2,251,281,0,0.9887064460086972,0.059291754264043,0.969253705544272
2025,Jhal Magsi,28,,,,180130.0,60.0,0.0,3615.0,0.2,301,243,0,0.7848071955750275,0.0418429893489442,0.770664582003205
2025,Kachhi (Bolan),28,1.0857,30.7197,50.9544,417079.0,,,,,47,135,3,,,
2025,Kalat,28,0.0,24.7655,34.688,498077.0,2000.0,0.0,7654.0,0.2,35,53,0,0.2181175655213929,0.0716151174912115,0.1122040995253499
2025,Kech (Turbat),28,,,,1098914.0,,,,,242,421,0,,,
2025,Kharan,28,0.0,35.2988,23.2003,188592.0,700.0,0.0,14958.0,0.2,45,243,0,0.6373297354493173,0.0431284561443055,0.6259083151608
2025,Khuzdar,28,0.0571,28.2755,52.459,969559.0,1237.0,0.0,35380.0,0.2,120,113,3,0.1190403937095616,0.0828749869546194,0.0902082887021435
2025,Killa Abdullah,28,0.0,31.2594,16.3082,915157.0,1500.0,0.0,3553.0,0.2,16,164,41,0.5449186034174212,0.0499748920693168,
2025,Killa Saifullah,28,0.3286,26.9121,51.9442,413453.0,1500.0,0.0,6831.0,0.2,217,242,2,0.5837459055157362,0.0485733910176506,0.5784465807674479
2025,Kohlu,28,5.3143,26.7972,65.4857,258710.0,1000.0,0.0,7610.0,0.2,144,227,0,0.3606352703274551,0.0990198044411891,0.2315561617359741
2025,Lasbella,28,0.8714,28.5329,81.4227,697550.0,,,,,232,509,0,,,
2025,Loralai,28,1.3571,26.7302,55.8025,479944.0,1400.0,0.0,3785.0,0.2,68,368,4,0.3978803007055357,0.0802447990316922,0.2094719912085549
2025,Mastung,28,0.1286,26.7337,43.3375,321574.0,1700.0,0.0,3308.0,0.2,55,183,0,0.2429068731261471,0.0633738608230309,0.0050503566470039
2025,MusaKhel,28,4.0571,25.7591,61.9334,201891.0,,,,,158,54,13,0.3589482451673517,0.122254207183078,0.1653993321320309
2025,Naseerabad,28,0.0143,35.0099,52.5629,592374.0,,,,,121,301,1,,,
2025,Nushki,28,0.0,33.6229,17.9762,0.0,900.0,0.0,5797.0,0.2,16,159,0,,,
2025,Panjgur,28,0.0,31.3757,39.7571,382021.0,900.0,0.0,16891.0,0.2,141,152,45,0.4704087395203691,0.0442022434441286,0.4089889190348262
2025,Pishin,28,0.0,28.5667,34.2747,889769.0,1550.0,0.0,6218.0,0.2,51,768,21,0.4795083728898904,0.0390045147909374,0.4543625810882574
2025,Quetta,28,0.0,27.0578,45.2838,2751515.0,1680.0,0.0,3447.0,0.75,17,884,4,0.3371612809290721,0.0524863750114746,0.0
2025,Sibi,28,0.7714,35.1251,47.778,163205.0,130.0,0.0,7121.0,0.2,190,402,19,0.1193731934416551,0.0639001542696391,0.1077700657687066
2025,Sohbat pur,28,0.2714,34.6541,53.2544,241785.0,,,,,110,231,0,,,
2025,Surab,28,0.3,24.1119,49.9132,0.0,,,,,9,13,0,,,
2025,Usta Muhammad,28,0.0286,34.8758,52.5522,314321.0,,,,,165,636,0,,,
2025,Washuk,28,0.0,27.7003,35.7765,212771.0,700.0,0.0,33093.0,0.2,102,232,11,,,
2025,Zhob,28,3.9286,26.9155,54.3156,374767.0,1400.0,0.0,20297.0,0.2,81,205,2,0.592649279263596,0.0568530277831779,0.3607882242657982
2025,Ziarat,28,,,,0.0,2400.0,0.0,3301.0,0.2,87,151,17,0.089251424976158,0.0553476097878905,0.074625967277736
2025,Abbottabad,28,12.2429,22.9709,84.7507,1611498.0,1256.0,0.0,1967.0,0.75,0,2192,16,0.0502750017940899,,0.0
2025,Bajaur,28,1.8,23.8208,67.9678,1321356.0,900.0,0.0,1290.0,0.2,328,1189,55,0.0845638036864809,,
2025,Bannu,28,1.3,30.2702,62.6906,1410816.0,312.0,1.0,1227.0,0.2,1156,1231,7,0.523146999148884,0.1233745928290624,0.460076053624536
2025,Battagram,28,9.5143,23.2281,84.1524,575449.0,1036.0,0.0,1301.0,0.2,57,841,8,,,
2025,Buner,28,5.5857,25.4339,80.0004,1084406.0,700.0,0.0,1865.0,0.35,326,523,13,0.0011168303696333,,0.0005703508798612
2025,Charsadda,28,6.8429,27.3683,81.726,1953624.0,300.0,2.0,996.0,0.2,438,3010,220,0.0306196105409117,,
2025,Chitral Lower,28,1.2714,24.3655,57.851,336081.0,1500.0,1.0,6458.0,0.35,20,1143,16,0.1247135319392219,0.007967261478634,0.0692970353782096
2025,Chitral Upper,28,1.2714,24.3655,57.851,204308.0,2500.0,1.0,8392.0,0.2,6,179,6,0.1247135319392219,0.007967261478634,0.0692970353782096
2025,D.I. Khan,28,2.5286,30.3502,71.0013,2050338.0,,,,,376,1868,8,,,
2025,Dir Lower,28,10.6143,27.8848,77.5883,1734809.0,800.0,1.0,1583.0,0.35,173,2318,9,,,
2025,Dir Upper,28,1.4,22.4253,69.4948,1143644.0,1200.0,1.0,3699.0,0.35,12,1986,20,,,
2025,Hangu,28,1.8857,26.5833,69.4168,627433.0,900.0,0.0,1097.0,0.2,25,24,3,0.0735130403341675,0.1946980789039633,0.0602478072098808
2025,Haripur,28,14.4857,26.4006,82.0279,1212553.0,605.0,2.0,1725.0,0.65,21,1461,23,0.1126566873965649,,0.0938111590373382
2025,Karak,28,3.3429,28.2033,67.503,853502.0,500.0,0.0,3372.0,0.2,133,608,13,0.3170242283796166,0.1343898552994049,0.3592237890271246
2025,Khyber,28,6.3714,26.0469,74.8004,1193210.0,1000.0,0.0,2576.0,0.2,386,681,59,0.0757819753106632,,0.0216043655816765
2025,Kohat,28,4.1,28.2799,68.9392,1200463.0,500.0,0.0,2545.0,0.65,131,925,0,0.2296938518014047,0.2102277243023518,0.0582074303228862
2025,Kohistan Lower,28,5.6571,7.5368,81.2716,244203.0,1500.0,2.0,1200.0,0.2,4,188,0,0.1194259782709845,,0.023056059619083
2025,Kohistan Upper,28,5.6571,7.5368,81.2716,369931.0,2500.0,2.0,4000.0,0.2,7,305,1,0.1194259782709845,,0.023056059619083
2025,Kolai Palas,28,5.6571,7.5368,81.2716,331246.0,,,,,1,128,2,,,
2025,L & C Kurram,28,2.6286,17.5107,77.92,604463.0,,,,,5,12,0,,,
2025,Lakki Marwat,28,3.4571,30.2043,66.0557,1059019.0,250.0,1.0,3164.0,0.2,410,841,1,0.7962454346613617,0.061416962465578,0.7745016694710073
2025,Malakand,28,2.4571,26.8605,72.87,870427.0,700.0,1.0,952.0,0.2,30,793,0,0.0111872253174701,,
2025,Mansehra,28,11.3429,23.0951,81.6556,1881089.0,1000.0,0.0,4579.0,0.2,3,1775,5,0.0847815751256941,,0.02527746002464
2025,Mardan,28,7.1,27.3041,81.2897,2868781.0,300.0,0.0,1632.0,0.65,55,1104,13,0.00455759907936,,0.0010724420881272
2025,Mohmand,28,2.4571,26.8605,72.87,563359.0,600.0,0.0,2296.0,0.2,229,214,9,0.1903142445427175,,0.4231623815353919
2025,North Waziristan,28,3.4429,15.0345,77.6969,656447.0,1000.0,1.0,4707.0,0.2,60,106,8,0.2295969069886999,0.1222348029203515,0.0802058269330487
2025,Nowshera,28,10.6143,27.9433,77.5964,1835149.0,280.0,2.0,1748.0,0.65,200,2820,22,0.1096230370570956,,0.0995884406473415
2025,Orakzai,28,2.2286,25.3942,70.2957,307067.0,1200.0,0.0,1538.0,0.2,36,171,7,0.0172688995300405,,0.0142825473741435
2025,Peshawar,28,9.0143,27.5451,80.0545,5160904.0,330.0,0.0,1257.0,0.75,47,5384,9,0.1213155505730248,,
2025,SD Tank,28,3.9286,30.6586,64.4215,604463.0,,,,,11,24,3,,,
2025,Shangla,28,6.0857,18.1113,82.2697,915157.0,2000.0,2.0,1586.0,0.35,320,2645,7,0.003158630133645,,0.0020064473454208
2025,South Waziristan (Lower),28,2.5429,26.8539,65.9804,820861.0,,,,,112,41,6,,,
2025,SWU,28,2.5429,26.8539,65.9804,604463.0,,,,,54,77,3,,,
2025,Swabi,28,11.7286,27.2435,79.6675,1963296.0,340.0,2.0,1543.0,0.65,59,2078,46,0.0422460054018405,,0.0391789421258732
2025,Swat,28,3.8286,24.7626,78.8836,2791410.0,980.0,1.0,5337.0,0.35,34,6626,78,0.0393075547329046,,0.0298616141751011
2025,Tank,28,3.9286,30.6586,64.4215,472690.0,250.0,0.0,1679.0,0.2,156,506,9,0.503932073474183,0.1046509692103899,0.4525161997069179
2025,Tor Ghar,28,12.4,26.6263,80.7885,206726.0,,,,,36,141,4,,,
2025,Upper Kurram,28,2.6286,17.5107,77.92,748325.0,,,,,17,173,6,,,
2025,Badin,29,1.5571,30.9942,70.4004,2182111.0,9.0,1.0,6726.0,0.35,4427,4878,157,0.6930268453674092,,0.6698864055479464
2025,Dadu,29,5.9714,34.3736,54.5616,1873835.0,40.0,2.0,19070.0,0.35,3627,3061,374,0.4906259102443601,0.0790368354527449,0.4300893836886783
2025,Ghotki,29,1.1429,33.1894,60.0199,1989892.0,72.0,1.0,6083.0,0.35,3871,1741,240,0.6979951089941189,0.0646068366244435,0.6538520484288104
2025,Hyderabad,29,0.1,32.164,63.3025,2659637.0,20.0,2.0,993.0,0.75,1019,3225,61,0.2954200558720437,,0.2866019953411911
2025,Jacobabad,29,6.7714,33.828,56.7276,1216179.0,55.0,0.0,2686.0,0.35,655,669,256,0.8515615646097093,0.1004897539628627,0.7730233606894744
2025,Jamshoro,29,0.2714,32.3686,62.5534,1200463.0,33.0,2.0,11204.0,0.35,2541,2135,77,,,
2025,Kamber,29,3.9429,34.7086,52.3533,1621170.0,50.0,0.0,5599.0,0.2,3629,2206,166,,,
2025,Central,29,0.4714,30.3202,71.1799,3591719.0,10.0,0.0,69.0,0.95,25,1378,13,0.0,-0.0545563735788476,0.0
2025,East,29,0.2714,30.0221,73.5965,3514347.0,10.0,0.0,165.0,0.95,35,373,3,0.0640107788396761,0.0587190773636944,0.0414540015300471
2025,Keamari,29,0.3429,29.9573,74.2074,2215961.0,2.0,0.0,559.0,0.2,4,755,0,0.539902839981831,0.0182047415807154,0.4370958580397876
2025,Korangi,29,0.3143,30.0633,73.4976,2970331.0,8.0,0.0,95.0,0.2,79,421,1,0.0640107788396761,0.0587190773636944,0.0414540015300471
2025,Malir,29,0.2,30.4375,70.9632,2428732.0,20.0,0.0,2268.0,0.75,195,2321,54,0.4670551432876344,0.0229351248788693,0.3546109012889988
2025,South,29,0.2143,29.7137,74.2472,2166395.0,4.0,0.0,122.0,0.95,249,6740,188,0.1181298281724268,0.0754845286413326,0.0974948868595547
2025,West,29,0.4286,30.2584,72.2416,4732945.0,15.0,0.0,929.0,0.75,287,900,71,0.539902839981831,0.0182047415807154,0.4370958580397876
2025,Kashmore,29,0.2571,33.0608,60.3409,1316520.0,60.0,2.0,2592.0,0.35,1762,512,119,,,
2025,Khairpur,29,3.4571,34.8912,52.239,2908676.0,53.0,2.0,15910.0,0.5,5145,3798,259,0.7166246345862972,0.1138506142537166,0.7987697530831803
2025,Larkana,29,5.6571,35.1506,51.1421,1842403.0,48.0,2.0,1906.0,0.5,4786,1914,33,0.5364881141068131,0.070469400131687,0.5126471965828505
2025,Matiari,29,0.1714,32.6032,61.4099,930873.0,25.0,2.0,1417.0,0.2,3529,2390,71,,,
2025,Mirpurkhas,29,1.1571,31.8262,65.8914,1820642.0,16.0,0.0,2925.0,0.5,3243,5127,94,,,
2025,Naushero Feroze,29,1.2714,34.0801,55.4842,1948788.0,38.0,2.0,2945.0,0.2,1568,1281,224,0.2238327640804792,0.1594096047889923,0.2151265640395679
2025,Sanghar,29,4.9571,31.4724,68.243,2486760.0,16.0,1.0,10608.0,0.2,5184,2564,224,0.5262806952025375,0.080572557357929,0.444070001760403
2025,Shaheed Benazirabad,29,0.5143,33.7602,57.324,1949997.0,30.0,2.0,4502.0,0.5,2473,2133,152,0.3922058444002677,,0.3524429894008461
2025,Shikarpur,29,4.2571,34.2087,54.6104,1488188.0,52.0,1.0,2512.0,0.35,1970,1259,146,0.6406884807323802,,0.500503856041131
2025,Sujawal,29,0.1429,30.5861,72.3274,945380.0,,,,,1587,4265,72,,,
2025,Sukkur,29,3.1286,34.2262,54.0697,1798882.0,65.0,2.0,5165.0,0.75,2185,1466,118,0.6373980072231827,,0.6552558597955666
2025,Tando Allahyar,29,0.2857,31.8164,65.2966,1011871.0,18.0,0.0,2343.0,0.2,2598,2563,54,,,
2025,Tando Muhammad Khan,29,0.1429,31.6612,66.5967,818443.0,14.0,2.0,1733.0,0.2,1521,2140,20,,,
2025,Tharparkar,29,4.2714,29.9629,76.2305,1994728.0,56.0,0.0,19638.0,0.35,3358,3194,6,0.7382657000610858,,0.6333191098464563
2025,Thatta,29,0.4,30.534,72.1984,1184747.0,10.0,2.0,17355.0,0.35,1027,1581,25,0.6542196132093238,-0.0057804595194348,0.611397378960428
2025,Umerkot,29,3.9429,31.5896,66.256,1297177.0,12.0,0.0,5608.0,0.35,2778,2481,0,0.694263396532544,,0.6139373044067634
2025,Barkhan,29,4.3143,29.1783,60.5739,206726.0,1100.0,0.0,3514.0,0.2,72,110,12,0.1885602191864995,0.1353108189204287,0.1740339988937501
2025,Chagai,29,0.0,34.9176,12.8019,273217.0,919.0,0.0,44748.0,0.2,232,175,0,0.775394667715946,0.0348343453357318,0.8271950394919773
2025,Dera Bugti,29,0.8857,31.0082,62.4465,378394.0,250.0,0.0,10160.0,0.2,0,63,0,0.4656563036361064,0.0736199733581135,0.4730850719144795
2025,Gwadar,29,0.0,28.611,86.0538,317947.0,12.0,0.0,12637.0,0.35,875,714,5,0.7042259355076425,,0.6069451410949487
2025,Harnai,29,,,,0.0,,,,,0,241,0,,,
2025,Hub,29,0.1429,30.1969,71.1092,461810.0,,,,,33,400,0,,,
2025,Jaffarabad,29,,,,621388.0,55.0,1.0,1643.0,0.2,86,222,0,0.9125380590792774,0.075076469241424,0.9540891384339806
2025,Jhal Magsi,29,,,,180130.0,60.0,0.0,3615.0,0.2,318,88,0,0.7940770543612724,0.0675189613704435,0.7744348275387911
2025,Kachhi (Bolan),29,2.1,30.6872,52.129,417079.0,,,,,18,137,3,,,
2025,Kalat,29,0.0,24.9652,34.3332,498077.0,2000.0,0.0,7654.0,0.2,1,61,0,0.2037335372814199,0.0548684520389983,0.109031274534011
2025,Kech (Turbat),29,,,,1098914.0,,,,,678,410,1,,,
2025,Kharan,29,0.0,35.0378,22.2338,188592.0,700.0,0.0,14958.0,0.2,467,236,0,0.6489878059044937,0.0302780907611116,0.5979915002804957
2025,Khuzdar,29,0.2286,28.5821,50.2792,969559.0,1237.0,0.0,35380.0,0.2,68,93,5,0.2268678643722507,0.0799800821255017,0.0882231735598861
2025,Killa Abdullah,29,0.0,31.6847,16.51,915157.0,1500.0,0.0,3553.0,0.2,120,178,50,0.3012838318880501,0.0455572412860864,0.2701018895671155
2025,Killa Saifullah,29,0.2,27.4156,49.9666,413453.0,1500.0,0.0,6831.0,0.2,0,227,2,0.5801659444900342,0.0445449626981146,0.5555091100881854
2025,Kohlu,29,4.0714,27.1577,65.9575,258710.0,1000.0,0.0,7610.0,0.2,291,224,1,0.1748422578369754,0.0825192246801559,0.2327413274584986
2025,Lasbella,29,0.5429,28.5219,79.6966,697550.0,,,,,46,509,0,,,
2025,Loralai,29,0.2143,27.1445,54.6041,479944.0,1400.0,0.0,3785.0,0.2,388,306,4,0.2772342726989845,0.0870396598876702,0.2371556147599357
2025,Mastung,29,0.1286,26.7619,46.0156,321574.0,1700.0,0.0,3308.0,0.2,108,201,0,0.057216904222688,0.0565686045512475,0.0099708983350031
2025,MusaKhel,29,3.2429,25.7326,65.6334,201891.0,,,,,15,54,13,0.2238069742789136,0.1134638416058084,0.2092397034786211
2025,Naseerabad,29,1.3857,34.1986,56.0528,592374.0,,,,,29,301,0,,,
2025,Nushki,29,0.0,33.6812,17.9776,0.0,900.0,0.0,5797.0,0.2,0,159,1,,,
2025,Panjgur,29,0.0,31.0838,40.8899,382021.0,900.0,0.0,16891.0,0.2,96,152,2,0.3508619244946812,0.0306272032506128,0.3389816358945428
2025,Pishin,29,0.0143,28.9111,34.9343,889769.0,1550.0,0.0,6218.0,0.2,545,656,21,0.4205636311182679,0.0501381762698758,0.36670349247822
2025,Quetta,29,0.0,27.2578,45.1926,2751515.0,1680.0,0.0,3447.0,0.75,738,884,4,0.0287327249549786,0.0506824205955977,0.016602254102507
2025,Sherani,29,,,,0.0,1500.0,0.0,2700.0,0.2,31,35,0,,,
2025,Sibi,29,0.7571,35.2042,48.276,163205.0,130.0,0.0,7121.0,0.2,340,402,14,0.1814797298986617,0.0542137575752618,0.0960886089961993
2025,Sohbat pur,29,3.2857,33.7223,57.7889,241785.0,,,,,6,231,3,,,
2025,Surab,29,0.0429,23.7869,52.0619,0.0,,,,,19,8,0,,,
2025,Usta Muhammad,29,0.8,33.9094,56.4224,314321.0,,,,,98,636,0,,,
2025,Washuk,29,0.0,27.903,34.6909,212771.0,700.0,0.0,33093.0,0.2,262,232,11,,,
2025,Zhob,29,2.3,27.2774,56.5642,374767.0,1400.0,0.0,20297.0,0.2,127,205,1,0.515933780626392,0.0549217004848591,0.4333356310907611
2025,Ziarat,29,,,,0.0,2400.0,0.0,3301.0,0.2,161,151,17,0.0991933515728359,0.0811529121097091,0.0683216504764807
2025,Abbottabad,29,13.2286,23.4229,86.948,1611498.0,1256.0,0.0,1967.0,0.75,0,2192,7,0.0001267020266178,0.2642785926955205,0.0
2025,Bajaur,29,1.7571,24.6851,68.774,1321356.0,900.0,0.0,1290.0,0.2,328,1189,72,,,
2025,Bannu,29,0.8,31.0547,61.8103,1410816.0,312.0,1.0,1227.0,0.2,1565,1231,7,0.2938028835597018,0.1303400640241005,0.2711683384883542
2025,Battagram,29,9.6143,23.7641,86.8111,575449.0,1036.0,0.0,1301.0,0.2,57,841,5,,,
2025,Buner,29,5.3571,26.0333,81.6129,1084406.0,700.0,0.0,1865.0,0.35,326,523,0,0.0109099384273649,0.3426322632479656,2.33067525369876e-05
2025,Charsadda,29,5.6286,28.2388,80.8734,1953624.0,300.0,2.0,996.0,0.2,438,3010,3,,0.3959219887339782,
2025,Chitral Lower,29,1.2857,25.3464,64.2749,336081.0,1500.0,1.0,6458.0,0.35,20,1143,10,0.218718914959049,0.0348442479303831,0.0750032250806573
2025,Chitral Upper,29,1.2857,25.3464,64.2749,204308.0,2500.0,1.0,8392.0,0.2,6,179,24,0.218718914959049,0.0348442479303831,0.0750032250806573
2025,D.I. Khan,29,1.5714,30.6526,71.886,2050338.0,,,,,376,1868,0,,,
2025,Dir Lower,29,9.5,28.7938,76.7505,1734809.0,800.0,1.0,1583.0,0.35,173,2318,0,,,
2025,Dir Upper,29,2.0,23.4678,71.5908,1143644.0,1200.0,1.0,3699.0,0.35,12,1986,0,,,
2025,Hangu,29,0.4857,27.4443,68.0649,627433.0,900.0,0.0,1097.0,0.2,25,9,0,0.131354494693695,0.2036340907128166,0.0907719386472215
2025,Haripur,29,15.4286,26.981,83.4336,1212553.0,605.0,2.0,1725.0,0.65,5,1460,0,0.0987211961257159,0.2763762162470589,0.0930199683861314
2025,Karak,29,2.2857,28.8003,67.9358,853502.0,500.0,0.0,3372.0,0.2,133,608,26,,0.1338860323539883,
2025,Khyber,29,4.3143,27.138,72.2477,1193210.0,1000.0,0.0,2576.0,0.2,386,681,23,0.0407700616185468,,0.0002692523141772
2025,Kohat,29,2.6143,29.0305,68.3524,1200463.0,500.0,0.0,2545.0,0.65,131,925,1,,0.0914211418337458,
2025,Kohistan Lower,29,6.1,8.749,88.61,244203.0,1500.0,2.0,1200.0,0.2,4,188,0,0.0454816605778811,,0.0220447821670078
2025,Kohistan Upper,29,6.1,8.749,88.61,369931.0,2500.0,2.0,4000.0,0.2,7,305,2,0.0454816605778811,,0.0220447821670078
2025,Kolai Palas,29,6.1,8.749,88.61,331246.0,,,,,1,128,0,,,
2025,L & C Kurram,29,1.7714,18.2672,76.52,604463.0,,,,,5,12,0,,,
2025,Lakki Marwat,29,2.4286,30.6471,66.0592,1059019.0,250.0,1.0,3164.0,0.2,410,841,0,0.2339656846043572,0.0710549678025311,0.2206666064492818
2025,Malakand,29,1.9714,27.5409,72.2699,870427.0,700.0,1.0,952.0,0.2,30,793,0,,0.2578926374377243,
2025,Mansehra,29,10.9,23.5829,83.8561,1881089.0,1000.0,0.0,4579.0,0.2,3,1775,0,0.0808204689875794,0.3386546497709014,0.0246582192552787
2025,Mardan,29,5.7,28.1704,81.0912,2868781.0,300.0,0.0,1632.0,0.65,55,1104,0,0.0452353229992283,0.3736139503145372,0.00110822753735
2025,Mohmand,29,1.9714,27.5409,72.2699,563359.0,600.0,0.0,2296.0,0.2,229,214,131,,,
2025,North Waziristan,29,3.2571,15.5503,77.726,656447.0,1000.0,1.0,4707.0,0.2,60,106,4,0.1516243417887549,0.1084048214438651,0.1004765098361002
2025,Nowshera,29,9.5,28.8523,76.7588,1835149.0,280.0,2.0,1748.0,0.65,200,2820,4,0.0732584129610166,0.2100400701054778,0.0419125375003186
2025,Orakzai,29,0.7,26.1578,69.9203,307067.0,1200.0,0.0,1538.0,0.2,36,171,0,0.1490778307845497,,0.038209460965714
2025,Peshawar,29,6.7571,28.5731,78.6802,5160904.0,330.0,0.0,1257.0,0.75,47,5384,28,,0.1557109847122864,
2025,SD Tank,29,1.2,31.3178,64.5034,604463.0,,,,,11,24,0,,,
2025,Shangla,29,5.3143,18.7521,84.9495,915157.0,2000.0,2.0,1586.0,0.35,320,2645,0,0.0050919045802169,,0.0021539546177035
2025,South Waziristan (Lower),29,2.3714,27.5292,65.1111,820861.0,,,,,112,41,3,,,
2025,SWU,29,2.3714,27.5292,65.1111,604463.0,,,,,54,77,12,,,
2025,Swabi,29,11.5286,27.9857,79.8383,1963296.0,340.0,2.0,1543.0,0.65,59,2078,63,0.0526578204914197,0.3344573651493602,0.0356548842325911
2025,Swat,29,3.0571,25.4718,79.7359,2791410.0,980.0,1.0,5337.0,0.35,34,6626,3,0.1116110290975948,0.2247275806630861,0.0277277444341752
2025,Tank,29,1.2,31.3178,64.5034,472690.0,250.0,0.0,1679.0,0.2,156,506,0,0.2783135031913882,0.1057377690049157,0.2080913189195272
2025,Tor Ghar,29,15.0429,27.1954,82.622,206726.0,,,,,36,141,25,,,
2025,Upper Kurram,29,1.7714,18.2672,76.52,748325.0,,,,,17,173,65,,,
2025,Badin,30,0.1,30.8103,71.0254,2182111.0,9.0,1.0,6726.0,0.35,5150,4464,180,0.8089065958293363,,0.6619583458637273
2025,Dadu,30,0.0,34.3286,56.624,1873835.0,40.0,2.0,19070.0,0.35,3695,3326,566,0.5145546408597795,0.0747442174231973,0.416530014042366
2025,Ghotki,30,0.1,33.6198,61.628,1989892.0,72.0,1.0,6083.0,0.35,3877,1698,291,0.697479693569216,0.1632309335162319,0.6404188107082547
2025,Hyderabad,30,0.0286,31.7405,65.9387,2659637.0,20.0,2.0,993.0,0.75,1161,3395,65,0.4168246820630837,,0.2826662001022181
2025,Jacobabad,30,0.0429,34.153,60.5918,1216179.0,55.0,0.0,2686.0,0.35,704,788,193,0.8736575258610481,0.1454872509405872,0.770812653986282
2025,Jamshoro,30,0.0286,31.9507,65.292,1200463.0,33.0,2.0,11204.0,0.35,3141,2272,93,,,
2025,Kamber,30,0.0,34.5068,57.9341,1621170.0,50.0,0.0,5599.0,0.2,4132,2047,165,,,
2025,Central,30,0.8857,30.0467,73.3708,3591719.0,10.0,0.0,69.0,0.95,42,1390,11,0.0,,0.0
2025,East,30,0.8571,29.8343,75.1959,3514347.0,10.0,0.0,165.0,0.95,59,311,3,0.0590552529716027,,0.0404263579168522
2025,Keamari,30,1.1429,29.7311,76.2048,2215961.0,2.0,0.0,559.0,0.2,12,891,0,0.4636750416126278,-0.0424377633675569,0.412842836131844
2025,Korangi,30,1.0857,29.7984,75.7794,2970331.0,8.0,0.0,95.0,0.2,81,399,2,0.0590552529716027,,0.0404263579168522
2025,Malir,30,0.4714,30.127,73.417,2428732.0,20.0,0.0,2268.0,0.75,265,2213,43,0.3940615228267663,0.0274329428081722,0.3386201194491189
2025,South,30,1.3571,29.4292,76.8426,2166395.0,4.0,0.0,122.0,0.95,240,7257,225,0.1108737282284433,,0.0911637116840144
2025,West,30,1.0143,30.0861,73.764,4732945.0,15.0,0.0,929.0,0.75,275,837,65,0.4636750416126278,-0.0424377633675569,0.412842836131844
2025,Kashmore,30,0.0571,33.7051,61.4835,1316520.0,60.0,2.0,2592.0,0.35,1939,568,114,,,
2025,Khairpur,30,0.5429,34.4034,57.5314,2908676.0,53.0,2.0,15910.0,0.5,4979,3515,264,0.891310415848233,0.2010723405773301,0.8344855906038473
2025,Larkana,30,0.0143,34.7098,56.9087,1842403.0,48.0,2.0,1906.0,0.5,5164,1759,20,0.7666516503576992,0.0893880231170294,0.509455883047436
2025,Matiari,30,0.0857,32.324,63.4154,930873.0,25.0,2.0,1417.0,0.2,4124,2465,68,,,
2025,Mirpurkhas,30,0.0857,31.7595,66.2651,1820642.0,16.0,0.0,2925.0,0.5,3720,4806,111,,,
2025,Naushero Feroze,30,0.0143,34.0626,58.3541,1948788.0,38.0,2.0,2945.0,0.2,2257,1687,241,0.4217881243472346,0.23940405238274,0.2160151691071644
2025,Sanghar,30,0.0,31.5042,68.3072,2486760.0,16.0,1.0,10608.0,0.2,5792,2555,227,0.5877402628618096,,0.4902912545587469
2025,Shaheed Benazirabad,30,0.0857,33.8638,58.3913,1949997.0,30.0,2.0,4502.0,0.5,2776,2127,151,0.5140702598732841,0.1912897226263241,0.3501685156864133
2025,Shikarpur,30,0.0714,34.5894,57.2783,1488188.0,52.0,1.0,2512.0,0.35,1956,1205,137,0.8710189888521459,0.1348261559104319,0.5083353219922954
2025,Sujawal,30,0.1286,30.4411,72.8906,945380.0,,,,,1733,3883,59,,,
2025,Sukkur,30,0.3429,34.2785,57.664,1798882.0,65.0,2.0,5165.0,0.75,2230,1366,112,0.7551802271657916,0.1098525876814793,0.6548524921498025
2025,Tando Allahyar,30,0.0143,31.6304,66.4476,1011871.0,18.0,0.0,2343.0,0.2,3117,2359,55,,,
2025,Tando Muhammad Khan,30,0.0857,31.3451,67.7906,818443.0,14.0,2.0,1733.0,0.2,2210,2403,51,,,
2025,Tharparkar,30,0.4571,29.8561,77.2609,1994728.0,56.0,0.0,19638.0,0.35,3406,3182,1,0.6543806961227445,,0.6060975957894672
2025,Thatta,30,0.1857,30.4902,72.034,1184747.0,10.0,2.0,17355.0,0.35,2315,2431,96,0.7428217940385463,0.0938567169268639,0.5936010376669089
2025,Umerkot,30,0.0286,31.5119,67.2402,1297177.0,12.0,0.0,5608.0,0.35,2761,2137,0,0.6898317664602038,,0.6214319442823836
2025,Awaran,30,,,,0.0,500.0,0.0,29510.0,0.2,48,29,0,0.2645101076653156,0.048841845374295,0.2244209976958071
2025,Barkhan,30,0.8,31.0747,58.2715,206726.0,1100.0,0.0,3514.0,0.2,83,121,8,0.175156702685622,0.1483879595444554,0.1464613585938433
2025,Chagai,30,0.0,36.3518,15.3904,273217.0,919.0,0.0,44748.0,0.2,60,146,0,0.754630583842494,0.0332263087344759,0.7508331579003222
2025,Dera Bugti,30,0.2,32.149,63.4713,378394.0,250.0,0.0,10160.0,0.2,70,74,0,0.5410364778203086,0.0678092074958401,0.4777480605118254
2025,Gwadar,30,0.0,28.3012,85.1864,317947.0,12.0,0.0,12637.0,0.35,86,394,0,0.677947525586976,0.0229402601786571,0.654360555562928
2025,Harnai,30,,,,0.0,,,,,106,231,0,,,
2025,Hub,30,0.4,30.0046,72.8069,461810.0,,,,,244,166,0,,,
2025,Jaffarabad,30,,,,621388.0,55.0,1.0,1643.0,0.2,299,255,15,0.9792463898461674,0.1052408423951329,0.9463121588568576
2025,Jhal Magsi,30,,,,180130.0,60.0,0.0,3615.0,0.2,592,266,0,0.7891027398552757,0.0781237070958704,0.7779759507508196
2025,Kachhi (Bolan),30,0.5,31.8578,56.952,417079.0,,,,,54,148,16,,,
2025,Kalat,30,0.0143,26.73,34.3095,498077.0,2000.0,0.0,7654.0,0.2,52,109,0,0.1730772279853614,0.0718664653104407,0.096436914575343
2025,Kech (Turbat),30,,,,1098914.0,,,,,401,576,0,,,
2025,Kharan,30,0.0,36.3607,25.7431,188592.0,700.0,0.0,14958.0,0.2,53,246,0,0.6290090088069811,0.0348967270386535,0.6177510732024547
2025,Khuzdar,30,0.4714,30.7133,49.7428,969559.0,1237.0,0.0,35380.0,0.2,82,127,5,0.1109874916314233,0.1016076480423415,0.0722917719471386
2025,Killa Abdullah,30,0.0,33.1222,17.5579,915157.0,1500.0,0.0,3553.0,0.2,11,181,64,0.5479994268672237,0.0513468286132557,0.2831374517104145
2025,Killa Saifullah,30,0.0286,28.7228,55.0159,413453.0,1500.0,0.0,6831.0,0.2,231,250,9,0.5515070281682318,0.0537439035139958,0.4853748819378855
2025,Kohlu,30,1.3429,29.1752,64.0948,258710.0,1000.0,0.0,7610.0,0.2,32,37,0,0.2962380844168438,0.0769346102385435,0.224443306013633
2025,Lasbella,30,2.2,28.4192,81.276,697550.0,,,,,344,687,0,,,
2025,Loralai,30,0.5,27.9665,61.6217,479944.0,1400.0,0.0,3785.0,0.2,78,332,3,0.3088388847312341,0.0772024184216195,0.2709346993891838
2025,Mastung,30,0.0429,28.2491,47.44,321574.0,1700.0,0.0,3308.0,0.2,84,172,1,0.2312292656985393,0.0697728225634302,0.0170400491669402
2025,Naseerabad,30,0.0,34.6355,58.1593,592374.0,,,,,114,381,4,,,
2025,Nushki,30,0.0,35.3979,18.9878,0.0,900.0,0.0,5797.0,0.2,31,212,14,,,
2025,Panjgur,30,0.0,30.9954,51.8453,382021.0,900.0,0.0,16891.0,0.2,209,206,12,0.3828201977692921,0.0360286046651539,0.3089335668442277
2025,Pishin,30,0.0,30.1882,35.9215,889769.0,1550.0,0.0,6218.0,0.2,64,781,17,0.4944435326791517,0.0582910155075387,0.3692128878296377
2025,Quetta,30,0.0,28.6319,47.5256,2751515.0,1680.0,0.0,3447.0,0.75,24,744,20,0.3240428382995472,0.060104642260063,0.0170221161044899
2025,Sherani,30,,,,0.0,1500.0,0.0,2700.0,0.2,0,42,0,,,
2025,Sibi,30,0.7714,36.3638,50.7899,163205.0,130.0,0.0,7121.0,0.2,170,427,24,0.2258124249858423,0.0789823637167324,0.1086170925208222
2025,Sohbat pur,30,0.0,34.2589,59.8384,241785.0,,,,,97,323,3,,,
2025,Surab,30,0.3571,25.5592,53.2781,0.0,,,,,2,16,0,,,
2025,Usta Muhammad,30,0.0143,34.3165,60.3401,314321.0,,,,,221,567,0,,,
2025,Washuk,30,0.0,28.82,41.7883,212771.0,700.0,0.0,33093.0,0.2,101,224,4,,,
2025,Zhob,30,0.1143,29.8116,50.8511,374767.0,1400.0,0.0,20297.0,0.2,11,73,22,0.349995519612513,0.0517654624011426,0.2806040277831724
2025,Ziarat,30,,,,0.0,2400.0,0.0,3301.0,0.2,106,275,16,0.1406225068672383,0.0856392703734235,0.0697387161730759
2025,Abbottabad,30,12.8,24.2435,85.556,1611498.0,1256.0,0.0,1967.0,0.75,0,1912,19,,,
2025,Bajaur,30,6.8143,24.6658,74.6658,1321356.0,900.0,0.0,1290.0,0.2,418,1338,6,0.1104773695924644,0.0941872178654124,
2025,Bannu,30,0.6286,32.9523,58.3526,1410816.0,312.0,1.0,1227.0,0.2,1249,966,83,0.5189734621655274,,0.2528668245667519
2025,Battagram,30,5.8857,25.0873,84.0689,575449.0,1036.0,0.0,1301.0,0.2,91,890,12,,,
2025,Buner,30,10.8714,26.9738,81.7978,1084406.0,700.0,0.0,1865.0,0.35,355,452,3,0.070380231870846,0.2305052211962895,0.0049086874730961
2025,Charsadda,30,1.7714,29.1284,79.3504,1953624.0,300.0,2.0,996.0,0.2,441,2391,71,0.0325053473919396,0.432756971403006,
2025,Chitral Lower,30,0.0143,27.6559,51.6769,336081.0,1500.0,1.0,6458.0,0.35,17,1147,2,0.2722484607136181,0.0583772163235132,0.0590924225019401
2025,Chitral Upper,30,0.0143,27.6559,51.6769,204308.0,2500.0,1.0,8392.0,0.2,5,249,15,0.2722484607136181,0.0583772163235132,0.0590924225019401
2025,D.I. Khan,30,1.1,32.3538,68.9898,2050338.0,,,,,387,1861,46,,,
2025,Dir Lower,30,2.0571,30.208,74.7458,1734809.0,800.0,1.0,1583.0,0.35,193,2348,41,,,
2025,Dir Upper,30,2.9143,23.8717,74.0909,1143644.0,1200.0,1.0,3699.0,0.35,14,2347,19,,,
2025,Hangu,30,1.4571,29.2146,64.5507,627433.0,900.0,0.0,1097.0,0.2,93,200,0,0.1327939903137103,,0.1030289242509508
2025,Haripur,30,13.2,27.9839,81.6964,1212553.0,605.0,2.0,1725.0,0.65,4,1728,0,0.1861211108979495,0.3078399137543184,0.1537330865674337
2025,Karak,30,0.8429,31.0616,62.3823,853502.0,500.0,0.0,3372.0,0.2,226,711,26,0.3966525263879159,,
2025,Khyber,30,2.1429,27.8799,73.289,1193210.0,1000.0,0.0,2576.0,0.2,577,947,77,0.0997082397489241,0.0116018336804775,0.0007195535982322
2025,Kohat,30,2.9571,30.5528,65.0861,1200463.0,500.0,0.0,2545.0,0.65,192,1228,34,0.2091523763879383,0.1076473234316901,
2025,Kohistan Lower,30,7.2,9.3002,85.9432,244203.0,1500.0,2.0,1200.0,0.2,4,240,1,0.2117656902142148,0.1697272704406776,0.0214930288618941
2025,Kohistan Upper,30,7.2,9.3002,85.9432,369931.0,2500.0,2.0,4000.0,0.2,11,314,2,0.2117656902142148,0.1697272704406776,0.0214930288618941
2025,Kolai Palas,30,7.2,9.3002,85.9432,331246.0,,,,,0,104,5,,,
2025,L & C Kurram,30,1.2286,19.9297,75.7078,604463.0,,,,,0,6,0,,,
2025,Lakki Marwat,30,0.6429,33.093,59.9566,1059019.0,250.0,1.0,3164.0,0.2,487,958,66,0.8431016471612047,,0.2010774185668275
2025,Malakand,30,5.0429,27.9582,72.9431,870427.0,700.0,1.0,952.0,0.2,71,1789,0,0.0979534419772454,0.2508867829212776,
2025,Mansehra,30,17.1286,24.8276,83.1302,1881089.0,1000.0,0.0,4579.0,0.2,1,2090,0,0.2112326728261535,0.3004741180236996,0.0425192093357545
2025,Mardan,30,5.7571,29.0808,79.0996,2868781.0,300.0,0.0,1632.0,0.65,111,1497,17,0.0278707358009582,0.3440402033027532,0.0200855719997194
2025,Mohmand,30,5.0429,27.9582,72.9431,563359.0,600.0,0.0,2296.0,0.2,294,274,13,0.2966462326375415,0.0613398268499171,
2025,North Waziristan,30,1.0571,17.4562,70.8115,656447.0,1000.0,1.0,4707.0,0.2,142,125,2,0.1369391008683165,0.1867916243294231,0.0753554078264294
2025,Nowshera,30,2.0571,30.2665,74.7547,1835149.0,280.0,2.0,1748.0,0.65,267,3415,29,0.2019199798372024,0.2731699288324356,0.0572106369680095
2025,Orakzai,30,2.2857,27.9099,66.8747,307067.0,1200.0,0.0,1538.0,0.2,49,163,3,0.0294501175375113,,0.0357126933880244
2025,Peshawar,30,1.9714,29.9755,74.2281,5160904.0,330.0,0.0,1257.0,0.75,103,5473,14,0.1607971324624325,0.2258932024980946,
2025,SD Tank,30,6.6429,32.7047,63.3871,604463.0,,,,,15,25,0,,,
2025,Shangla,30,9.2143,19.303,86.0376,915157.0,2000.0,2.0,1586.0,0.35,970,2470,73,0.0916693816135089,0.0696730604344523,0.0020302575744113
2025,South Waziristan (Lower),30,0.5857,29.4236,62.3252,820861.0,,,,,147,48,15,,,
2025,South Waziristan (Upper),30,,,,0.0,,,,,5,34,0,,,
2025,SWU,30,0.5857,29.4236,62.3252,604463.0,,,,,44,59,2,,,
2025,Swabi,30,11.2286,29.1051,77.1466,1963296.0,340.0,2.0,1543.0,0.65,81,1875,41,0.0700530676804882,0.2896159421662709,0.0379875963346225
2025,Swat,30,11.5571,25.9778,82.509,2791410.0,980.0,1.0,5337.0,0.35,47,5770,12,0.2183350423674675,0.2073616914350422,0.0327901063023363
2025,Tank,30,6.6429,32.7047,63.3871,472690.0,250.0,0.0,1679.0,0.2,161,753,10,0.5663918825040729,,0.2339659184192293
2025,Tor Ghar,30,13.7714,28.2543,80.6391,206726.0,,,,,57,151,7,,,
2025,Upper Kurram,30,1.2286,19.9297,75.7078,748325.0,,,,,18,170,6,,,
2025,Badin,32,0.0714,29.666,70.2208,2182111.0,9.0,1.0,6726.0,0.35,5454,3540,83,0.7432551617383106,0.1777823768214644,0.675690855260771
2025,Dadu,32,0.0,32.856,56.1708,1873835.0,40.0,2.0,19070.0,0.35,3717,2941,427,0.4913786376634929,0.0522016562375188,0.4820063664748888
2025,Ghotki,32,0.0,33.293,54.5146,1989892.0,72.0,1.0,6083.0,0.35,3706,1425,295,0.5812166906631263,,0.567980073785996
2025,Hyderabad,32,0.0,30.308,66.4045,2659637.0,20.0,2.0,993.0,0.75,1093,2511,59,0.3060275397086979,0.2067527556542876,0.2379060040532409
2025,Jacobabad,32,0.0,33.7932,53.9058,1216179.0,55.0,0.0,2686.0,0.35,1167,761,179,0.6321071211035814,,0.6057557369659682
2025,Jamshoro,32,0.0,30.4397,65.9618,1200463.0,33.0,2.0,11204.0,0.35,2968,2019,99,,,
2025,Kamber,32,0.0,34.147,52.272,1621170.0,50.0,0.0,5599.0,0.2,3885,1995,168,,,
2025,Central,32,1.1143,28.3731,76.2933,3591719.0,10.0,0.0,69.0,0.95,45,1123,15,0.0,,
2025,East,32,0.6857,28.278,77.6606,3514347.0,10.0,0.0,165.0,0.95,47,256,3,0.0487959442332065,,
2025,Keamari,32,1.7286,28.1302,79.0741,2215961.0,2.0,0.0,559.0,0.2,42,658,0,0.5099202420684958,0.021645559873232,0.5689935185874997
2025,Korangi,32,1.3,28.229,78.307,2970331.0,8.0,0.0,95.0,0.2,77,341,0,0.0487959442332065,,
2025,Malir,32,0.4857,28.5651,75.5814,2428732.0,20.0,0.0,2268.0,0.75,226,1605,54,0.4222318636647898,0.0295195746062383,
2025,South,32,1.4,27.7458,79.4901,2166395.0,4.0,0.0,122.0,0.95,164,6126,30,0.1181819366100855,,
2025,West,32,1.2286,28.3564,77.1792,4732945.0,15.0,0.0,929.0,0.75,233,837,72,0.5099202420684958,0.021645559873232,0.5689935185874997
2025,Kashmore,32,0.0,32.9739,56.2157,1316520.0,60.0,2.0,2592.0,0.35,1832,539,81,,,
2025,Khairpur,32,0.0,34.2694,50.3148,2908676.0,53.0,2.0,15910.0,0.5,5114,3177,229,0.6251913952546047,,0.5891190299320607
2025,Larkana,32,0.0,34.506,50.2954,1842403.0,48.0,2.0,1906.0,0.5,5511,1822,30,0.7464151991405761,,0.7742490516937914
2025,Matiari,32,0.0,31.1392,62.317,930873.0,25.0,2.0,1417.0,0.2,3713,1743,70,,,
2025,Mirpurkhas,32,0.0,31.183,62.6289,1820642.0,16.0,0.0,2925.0,0.5,3998,3575,146,,,
2025,Naushero Feroze,32,0.0,33.8629,52.2937,1948788.0,38.0,2.0,2945.0,0.2,2319,1739,292,0.2958143431078165,-0.06805537581569,0.1984270076723782
2025,Sanghar,32,0.0,31.606,60.2415,2486760.0,16.0,1.0,10608.0,0.2,4958,2049,184,0.2501620664927585,0.2707431851630605,0.2094930530719101
2025,Shaheed Benazirabad,32,0.0,32.6835,56.1235,1949997.0,30.0,2.0,4502.0,0.5,2617,1858,132,0.4496096067801571,0.2965162473093025,0.3897240637691443
2025,Shikarpur,32,0.0,34.3501,50.5526,1488188.0,52.0,1.0,2512.0,0.35,2007,1077,153,0.7289230852189614,,0.6680659751009369
2025,Sujawal,32,0.1429,29.1819,73.1516,945380.0,,,,,1103,3405,60,,,
2025,Sukkur,32,0.0,33.9402,51.1642,1798882.0,65.0,2.0,5165.0,0.75,2173,1485,85,0.5167891188960264,,0.4790100042158875
2025,Tando Allahyar,32,0.0429,30.7423,64.1563,1011871.0,18.0,0.0,2343.0,0.2,3471,1853,60,,,
2025,Tando Muhammad Khan,32,0.0429,30.3142,66.7718,818443.0,14.0,2.0,1733.0,0.2,3240,1964,59,,,
2025,Tharparkar,32,0.1286,30.1909,67.5429,1994728.0,56.0,0.0,19638.0,0.35,3745,2903,0,0.7028832665520706,0.1527313151978606,0.6635405356372712
2025,Thatta,32,0.2286,29.0027,73.8594,1184747.0,10.0,2.0,17355.0,0.35,2191,2163,91,0.7058908687973732,0.1459799905665142,0.7628487468619048
2025,Umerkot,32,0.0286,30.972,62.4469,1297177.0,12.0,0.0,5608.0,0.35,2607,1802,0,0.8451668636900973,,0.8023006274438483
2025,Barkhan,32,0.2714,30.8979,52.531,206726.0,1100.0,0.0,3514.0,0.2,56,88,1,0.1394537431749659,,0.1327283758070968
2025,Chagai,32,0.0,35.125,11.1287,273217.0,919.0,0.0,44748.0,0.2,12,34,0,0.7175198640689264,0.0339975505581131,0.687419912423181
2025,Harnai,32,,,,0.0,,,,,117,175,1,,,
2025,Hub,32,0.1429,28.4576,74.6772,461810.0,,,,,155,75,0,,,
2025,Jaffarabad,32,,,,621388.0,55.0,1.0,1643.0,0.2,603,377,85,0.8342543401833745,,0.7803460492244872
2025,Jhal Magsi,32,,,,180130.0,60.0,0.0,3615.0,0.2,265,372,5,0.7883152937049815,,0.7767842280321013
2025,Kalat,32,0.0,25.6399,24.9286,498077.0,2000.0,0.0,7654.0,0.2,35,47,0,0.1438480413163783,,0.1335865292677008
2025,Kharan,32,0.0,34.9753,23.9041,188592.0,700.0,0.0,14958.0,0.2,49,206,0,0.632080180465964,0.0357258540366775,0.6003990450987384
2025,Khuzdar,32,0.0,30.4904,43.3969,969559.0,1237.0,0.0,35380.0,0.2,131,224,1,0.0941275636292252,0.0629080780602132,0.0659039546672909
2025,Killa Abdullah,32,0.0,31.0144,10.452,915157.0,1500.0,0.0,3553.0,0.2,0,24,2,0.5141028869894554,0.0437353129452786,0.4222222813221482
2025,Kohlu,32,0.2143,29.4728,54.482,258710.0,1000.0,0.0,7610.0,0.2,32,29,0,0.1702044752925046,,0.1480467294102003
2025,Lasbella,32,1.9857,26.6579,83.2843,697550.0,,,,,323,586,8,,,
2025,Loralai,32,0.0,27.8258,50.4353,479944.0,1400.0,0.0,3785.0,0.2,38,140,4,0.2268412039516437,0.0828051914763147,0.2041354432625839
2025,Mastung,32,0.0,27.3994,27.4491,321574.0,1700.0,0.0,3308.0,0.2,40,105,0,0.2054598889815247,0.0628709760205797,0.1896896647457095
2025,Naseerabad,32,0.0,34.8146,49.8987,592374.0,,,,,96,234,59,,,
2025,Nushki,32,0.0,33.5086,13.9759,0.0,900.0,0.0,5797.0,0.2,7,175,0,,,
2025,Quetta,32,0.0,27.4611,33.4222,2751515.0,1680.0,0.0,3447.0,0.75,8,189,2,0.3071505337204466,0.0643985995650743,0.2851418915333958
2025,Sibi,32,0.0,35.5858,47.4435,163205.0,130.0,0.0,7121.0,0.2,19,288,1,0.2034421467815517,0.0739045400634919,0.157030179433817
2025,Sohbat pur,32,0.0,34.4684,50.8792,241785.0,,,,,94,314,7,,,
2025,Surab,32,0.4143,25.4098,37.145,0.0,,,,,8,29,0,,,
2025,Usta Muhammad,32,0.0,33.2975,57.5438,314321.0,,,,,200,576,19,,,
2025,Washuk,32,0.0,27.9476,39.6781,212771.0,700.0,0.0,33093.0,0.2,45,65,0,,,
2025,Zhob,32,0.0,29.5902,45.4206,374767.0,1400.0,0.0,20297.0,0.2,6,9,0,0.4368941598408557,0.0446140451089837,0.4681292984323772
2025,Abbottabad,32,2.9,24.2015,82.5443,1611498.0,1256.0,0.0,1967.0,0.75,1,2057,13,0.0542823630306179,,0.0
2025,Bajaur,32,0.8857,24.7911,69.8879,1321356.0,900.0,0.0,1290.0,0.2,375,998,0,,,
2025,Bannu,32,2.2286,32.5071,58.2305,1410816.0,312.0,1.0,1227.0,0.2,1827,1013,78,0.5485366251822522,,0.6277867985050142
2025,Battagram,32,3.5,25.1052,80.7443,575449.0,1036.0,0.0,1301.0,0.2,130,768,2,,,
2025,Buner,32,4.0143,26.8285,79.9246,1084406.0,700.0,0.0,1865.0,0.35,345,497,6,0.0372116622248807,,0.0005709341636535
2025,Charsadda,32,6.6571,29.0823,78.2617,1953624.0,300.0,2.0,996.0,0.2,516,2882,60,,,
2025,Chitral Lower,32,0.0,26.2476,54.4787,336081.0,1500.0,1.0,6458.0,0.35,25,1112,7,0.2399352556569084,0.0359426185966075,0.1601292016735467
2025,Chitral Upper,32,0.0,26.2476,54.4787,204308.0,2500.0,1.0,8392.0,0.2,9,280,17,0.2399352556569084,0.0359426185966075,0.1601292016735467
2025,D.I. Khan,32,0.1429,34.2306,56.7373,2050338.0,,,,,1045,2169,5,,,
2025,Dir Lower,32,5.3571,29.989,75.3039,1734809.0,800.0,1.0,1583.0,0.35,104,2461,38,,,
2025,Dir Upper,32,0.5857,23.3363,71.1842,1143644.0,1200.0,1.0,3699.0,0.35,12,2468,12,,,
2025,Hangu,32,3.3,29.3036,62.93,627433.0,900.0,0.0,1097.0,0.2,87,205,10,0.1706477840286343,,0.0752454899083748
2025,Haripur,32,3.9857,27.8973,80.3387,1212553.0,605.0,2.0,1725.0,0.65,0,1391,0,0.1274177372568767,,0.0987283657272801
2025,Karak,32,3.0429,30.6985,62.563,853502.0,500.0,0.0,3372.0,0.2,362,949,7,0.5731384529631927,,0.4144655778116447
2025,Khyber,32,4.0,27.9921,71.4845,1193210.0,1000.0,0.0,2576.0,0.2,833,876,133,0.0787194426489178,,0.0343913835060031
2025,Kohat,32,2.7143,30.6956,62.7366,1200463.0,500.0,0.0,2545.0,0.65,310,1288,16,0.0909827151352476,,0.0523607608117175
2025,Kohistan Lower,32,1.8,8.841,76.5895,244203.0,1500.0,2.0,1200.0,0.2,7,211,0,0.2526590767186982,0.1151387254075986,0.0227975110611174
2025,Kohistan Upper,32,1.8,8.841,76.5895,369931.0,2500.0,2.0,4000.0,0.2,9,282,2,0.2526590767186982,0.1151387254075986,0.0227975110611174
2025,Kolai Palas,32,1.8,8.841,76.5895,331246.0,,,,,0,114,0,,,
2025,L & C Kurram,32,1.9143,19.2729,77.4461,604463.0,,,,,23,38,11,,,
2025,Lakki Marwat,32,2.2571,33.2456,57.9703,1059019.0,250.0,1.0,3164.0,0.2,565,1053,18,0.8585546487495646,,0.7721838306300319
2025,Malakand,32,6.2429,27.8058,73.3992,870427.0,700.0,1.0,952.0,0.2,45,1364,20,,,
2025,Mansehra,32,3.4857,24.6585,81.2918,1881089.0,1000.0,0.0,4579.0,0.2,7,1113,0,0.1886607204639231,0.1751148377933331,0.0358200144749532
2025,Mardan,32,6.0857,29.0704,78.3735,2868781.0,300.0,0.0,1632.0,0.65,149,1397,15,0.0104045683313976,,0.0
2025,Mohmand,32,6.2429,27.8058,73.3992,563359.0,600.0,0.0,2296.0,0.2,353,239,6,0.6475877305656885,,0.3844217232697938
2025,North Waziristan,32,2.5429,16.6785,76.9194,656447.0,1000.0,1.0,4707.0,0.2,149,109,19,0.0958459223689423,0.1667824679128943,0.0
2025,Nowshera,32,5.3571,30.0475,75.3127,1835149.0,280.0,2.0,1748.0,0.65,369,3237,31,,,
2025,Orakzai,32,4.8,28.0174,64.2485,307067.0,1200.0,0.0,1538.0,0.2,44,164,0,0.1043860392024014,,0.0324961497081306
2025,Peshawar,32,3.4143,29.5067,75.8506,5160904.0,330.0,0.0,1257.0,0.75,112,5213,170,,,
2025,SD Tank,32,0.1571,33.7657,55.9361,604463.0,,,,,13,22,3,,,
2025,Shangla,32,4.3286,18.9184,83.9766,915157.0,2000.0,2.0,1586.0,0.35,583,2727,25,0.1320985322449882,,0.0040205619371692
2025,South Waziristan (Lower),32,0.0714,29.8762,55.487,820861.0,,,,,87,68,10,,,
2025,South Waziristan (Upper),32,,,,0.0,,,,,122,66,10,,,
2025,Swabi,32,5.4286,28.8509,77.2517,1963296.0,340.0,2.0,1543.0,0.65,86,2033,60,0.0692537529295366,,0.0457703462413729
2025,Swat,32,4.3857,25.6974,82.0529,2791410.0,980.0,1.0,5337.0,0.35,83,5118,5,0.1902846467173143,0.082244364969886,0.0968578147118216
2025,Tank,32,0.1571,33.7657,55.9361,472690.0,250.0,0.0,1679.0,0.2,273,718,5,0.5664913057814466,,
2025,Tor Ghar,32,3.2571,28.3141,79.1146,206726.0,,,,,81,157,6,,,
2025,Upper Kurram,32,1.9143,19.2729,77.4461,748325.0,,,,,21,264,10,,,
2025,Badin,33,1.4714,30.1273,71.5068,2182111.0,9.0,1.0,6726.0,0.35,6034,3446,131,0.449013713997712,,0.5279620056011758
2025,Dadu,33,0.0429,33.6254,55.1026,1873835.0,40.0,2.0,19070.0,0.35,3295,2943,366,0.4717333723725467,0.4287793851655735,0.4479791469398669
2025,Ghotki,33,0.2714,33.7251,55.0415,1989892.0,72.0,1.0,6083.0,0.35,3903,1228,249,0.632282223087512,,0.5524652197473617
2025,Hyderabad,33,0.0143,31.4735,63.6128,2659637.0,20.0,2.0,993.0,0.75,1350,2425,47,0.2247507502731583,,0.2054944197934972
2025,Jacobabad,33,0.1143,34.3423,53.092,1216179.0,55.0,0.0,2686.0,0.35,1169,886,174,0.6882046508646159,,0.5544954304751619
2025,Jamshoro,33,0.0714,31.5683,63.3229,1200463.0,33.0,2.0,11204.0,0.35,3085,1965,88,,,
2025,Kamber,33,0.3429,34.3518,52.4964,1621170.0,50.0,0.0,5599.0,0.2,3827,2108,216,,,
2025,Central,33,0.5857,29.1895,74.7689,3591719.0,10.0,0.0,69.0,0.95,43,1004,11,,,
2025,East,33,0.7,28.917,77.4377,3514347.0,10.0,0.0,165.0,0.95,44,256,0,,,
2025,Keamari,33,0.7143,28.7326,78.6928,2215961.0,2.0,0.0,559.0,0.2,20,572,0,0.5627607460061345,,0.5244865029872227
2025,Korangi,33,0.7286,28.8484,77.8715,2970331.0,8.0,0.0,95.0,0.2,67,285,0,,,
2025,Malir,33,0.4429,29.3571,74.3185,2428732.0,20.0,0.0,2268.0,0.75,243,1661,48,,,
2025,South,33,0.9286,28.617,77.8163,2166395.0,4.0,0.0,122.0,0.95,142,4678,15,,,
2025,West,33,0.5571,29.1111,76.1674,4732945.0,15.0,0.0,929.0,0.75,251,763,75,0.5627607460061345,,0.5244865029872227
2025,Kashmore,33,0.3429,33.0739,59.0741,1316520.0,60.0,2.0,2592.0,0.35,2071,481,29,,,
2025,Khairpur,33,0.2714,34.7132,49.7958,2908676.0,53.0,2.0,15910.0,0.5,5401,3273,209,0.6892564370061556,,0.5294195840264543
2025,Larkana,33,0.0571,35.0125,48.9651,1842403.0,48.0,2.0,1906.0,0.5,5528,1955,35,0.7957586264284443,,0.7744005144324388
2025,Matiari,33,0.1571,32.3954,59.2897,930873.0,25.0,2.0,1417.0,0.2,3319,1783,83,,,
2025,Mirpurkhas,33,0.6143,32.0119,61.5944,1820642.0,16.0,0.0,2925.0,0.5,3973,2866,149,,,
2025,Naushero Feroze,33,0.1,34.2554,52.0434,1948788.0,38.0,2.0,2945.0,0.2,2258,1480,242,0.1153116734510119,,0.1053371225621689
2025,Sanghar,33,0.7286,32.0528,62.0615,2486760.0,16.0,1.0,10608.0,0.2,5085,1912,113,0.3288128564395515,,0.1429932889925378
2025,Shaheed Benazirabad,33,0.3857,33.623,54.5696,1949997.0,30.0,2.0,4502.0,0.5,2484,1946,123,0.3252853997222851,,0.3070606268671472
2025,Shikarpur,33,0.4,34.7826,49.7214,1488188.0,52.0,1.0,2512.0,0.35,1997,1269,163,0.6971831056975264,,0.6224479135071004
2025,Sujawal,33,0.4857,29.881,73.111,945380.0,,,,,2204,4904,61,,,
2025,Sukkur,33,0.4286,34.4842,50.2824,1798882.0,65.0,2.0,5165.0,0.75,2292,1383,105,0.6916245476410817,,0.4912614926987567
2025,Tando Allahyar,33,0.5571,31.8039,62.0567,1011871.0,18.0,0.0,2343.0,0.2,3705,1926,85,,,
2025,Tando Muhammad Khan,33,0.8143,31.2332,65.3269,818443.0,14.0,2.0,1733.0,0.2,3288,1681,88,,,
2025,Tharparkar,33,1.7143,30.3814,70.9673,1994728.0,56.0,0.0,19638.0,0.35,3372,2470,0,0.2712899727223731,,0.3641460008463819
2025,Thatta,33,0.5,29.817,73.259,1184747.0,10.0,2.0,17355.0,0.35,1703,972,74,0.7930273478740296,,0.7614434338773716
2025,Umerkot,33,0.5286,31.2854,65.5357,1297177.0,12.0,0.0,5608.0,0.35,2157,1445,0,0.4382470753129505,,0.5993634627625712
2025,Barkhan,33,1.0286,29.7771,60.3928,206726.0,1100.0,0.0,3514.0,0.2,110,83,31,0.2117841625801557,0.1670370866322285,0.1212504370421644
2025,Chagai,33,0.0,35.2923,16.4807,273217.0,919.0,0.0,44748.0,0.2,7,37,7,0.8331077941815388,0.0269719011928909,0.7630582622516308
2025,Dera Bugti,33,0.5,31.3493,60.9219,378394.0,250.0,0.0,10160.0,0.2,59,62,1,0.5093214869629021,0.0784844938878331,0.4256760509092098
2025,Harnai,33,,,,0.0,,,,,81,215,0,,,
2025,Hub,33,0.5143,29.1412,74.3977,461810.0,,,,,175,130,0,,,
2025,Jaffarabad,33,,,,621388.0,55.0,1.0,1643.0,0.2,172,199,3,0.803841633575129,,0.7508978842760057
2025,Jhal Magsi,33,,,,180130.0,60.0,0.0,3615.0,0.2,275,264,18,0.6789738118020258,,0.666447147713627
2025,Kachhi (Bolan),33,0.0,31.2578,52.3579,417079.0,,,,,49,91,0,,,
2025,Kalat,33,0.1286,25.8592,34.9637,498077.0,2000.0,0.0,7654.0,0.2,6,11,3,0.3180319050382832,0.01067565648287,0.1329404666949779
2025,Kech (Turbat),33,,,,1098914.0,,,,,726,557,13,,,
2025,Kharan,33,0.0,35.3967,24.955,188592.0,700.0,0.0,14958.0,0.2,55,219,5,0.7084087096425113,0.0226598266699335,0.6094098638351796
2025,Khuzdar,33,1.5571,29.5481,50.639,969559.0,1237.0,0.0,35380.0,0.2,105,94,38,0.1593548754491411,0.0219258681300335,0.0546577986231216
2025,Killa Abdullah,33,0.0,31.5948,16.8387,915157.0,1500.0,0.0,3553.0,0.2,2,96,8,0.5922794400371133,0.0282175007366002,0.4398711580220176
2025,Kohlu,33,1.4714,28.6145,61.3647,258710.0,1000.0,0.0,7610.0,0.2,34,19,11,0.2156069753083162,0.098820432190542,0.1512482258855271
2025,Lasbella,33,0.7286,27.563,81.9613,697550.0,,,,,252,451,13,,,
2025,Loralai,33,0.0857,27.5162,56.8227,479944.0,1400.0,0.0,3785.0,0.2,33,128,7,0.2890521516921152,0.0837576521389788,0.2071593737504479
2025,Mastung,33,0.0,27.2878,40.0894,321574.0,1700.0,0.0,3308.0,0.2,84,137,12,0.3233287741324381,0.0344932686038577,0.1940791741644806
2025,Naseerabad,33,0.3143,35.0965,49.4798,592374.0,,,,,121,341,90,,,
2025,Nushki,33,0.0,34.0413,18.9183,0.0,900.0,0.0,5797.0,0.2,7,160,0,,,
2025,Quetta,33,0.0286,27.6483,40.192,2751515.0,1680.0,0.0,3447.0,0.75,4,431,23,0.3896696004530854,0.0342036322411702,0.2918959137163254
2025,Sherani,33,,,,0.0,1500.0,0.0,2700.0,0.2,16,53,0,,,
2025,Sibi,33,0.0,35.8188,46.5136,163205.0,130.0,0.0,7121.0,0.2,118,375,19,0.1722544288017509,0.0561372900733029,0.1398996431837371
2025,Sohbat pur,33,0.1857,34.8416,50.5709,241785.0,,,,,130,314,17,,,
2025,Surab,33,0.5857,24.7434,48.4722,0.0,,,,,2,24,0,,,
2025,Usta Muhammad,33,0.0286,33.6561,57.2408,314321.0,,,,,131,559,6,,,
2025,Zhob,33,0.3143,29.7622,50.3068,374767.0,1400.0,0.0,20297.0,0.2,9,20,0,0.621509574450749,0.0547219535421295,0.4180971905486332
2025,Abbottabad,33,4.8714,24.4271,86.7134,1611498.0,1256.0,0.0,1967.0,0.75,4,1537,31,0.0754203144349827,0.2835995539316954,0.0201952657306214
2025,Bajaur,33,6.9714,24.0717,82.3622,1321356.0,900.0,0.0,1290.0,0.2,272,727,4,0.0295291793237743,0.2794544904554203,
2025,Bannu,33,2.2,32.6723,59.4343,1410816.0,312.0,1.0,1227.0,0.2,1391,852,74,0.4873791458130176,0.1630325048107109,0.4388825364954934
2025,Battagram,33,11.1,25.3171,87.0909,575449.0,1036.0,0.0,1301.0,0.2,105,636,17,,,
2025,Buner,33,9.1714,26.6148,85.7261,1084406.0,700.0,0.0,1865.0,0.35,217,320,0,0.0008870718199285,0.3820824559923139,0.0002269850510315
2025,Charsadda,33,13.9429,28.7748,82.2458,1953624.0,300.0,2.0,996.0,0.2,512,2639,64,0.0260471746397656,0.3726622529782035,
2025,Chitral Lower,33,1.3714,26.2702,68.1837,336081.0,1500.0,1.0,6458.0,0.35,28,1146,8,0.0838026613265376,0.0587638604620286,0.0483119376643353
2025,Chitral Upper,33,1.3714,26.2702,68.1837,204308.0,2500.0,1.0,8392.0,0.2,9,346,28,0.0838026613265376,0.0587638604620286,0.0483119376643353
2025,D.I. Khan,33,0.0857,33.5948,58.3545,2050338.0,,,,,920,2024,6,,,
2025,Dir Lower,33,8.5714,29.9015,79.5826,1734809.0,800.0,1.0,1583.0,0.35,154,1909,37,,,
2025,Dir Upper,33,10.2286,23.7756,80.3908,1143644.0,1200.0,1.0,3699.0,0.35,17,2745,18,,,
2025,Hangu,33,4.2,29.9765,63.0703,627433.0,900.0,0.0,1097.0,0.2,116,149,1,0.1091461935164658,0.1187380748780746,0.0831371861122398
2025,Haripur,33,6.8143,28.2003,84.13,1212553.0,605.0,2.0,1725.0,0.65,0,1095,0,0.1242383924875402,0.286084573041186,0.1024831812333663
2025,Karak,33,1.7714,31.7051,59.1294,853502.0,500.0,0.0,3372.0,0.2,348,770,5,0.3021444464119364,0.1442494665846155,0.3428047142076015
2025,Khyber,33,5.9714,26.9165,81.4668,1193210.0,1000.0,0.0,2576.0,0.2,979,891,129,0.0838637488239779,0.079148686856428,0.0203529993139004
2025,Kohat,33,2.6143,31.2192,63.5727,1200463.0,500.0,0.0,2545.0,0.65,228,899,22,0.1814549851777345,0.1398980041968184,0.0253719601082907
2025,Kohistan Lower,33,3.4286,10.449,84.8406,244203.0,1500.0,2.0,1200.0,0.2,1,166,1,0.1589775948006551,0.2020084992005412,0.0177393310098168
2025,Kohistan Upper,33,3.4286,10.449,84.8406,369931.0,2500.0,2.0,4000.0,0.2,6,216,5,0.1589775948006551,0.2020084992005412,0.0177393310098168
2025,L & C Kurram,33,1.6857,19.7518,80.9075,604463.0,,,,,11,40,18,,,
2025,Lakki Marwat,33,1.4143,33.5349,56.581,1059019.0,250.0,1.0,3164.0,0.2,584,1003,15,0.7448011750993063,0.107145100999944,0.7284512270454429
2025,Malakand,33,17.3571,26.9736,81.4188,870427.0,700.0,1.0,952.0,0.2,48,1307,21,0.0050044972270652,0.3269328000476436,
2025,Mansehra,33,9.8857,24.9165,85.7408,1881089.0,1000.0,0.0,4579.0,0.2,8,1369,12,0.0969483265751085,0.2656645959641971,0.0478503592552068
2025,Mardan,33,15.5429,28.8225,82.362,2868781.0,300.0,0.0,1632.0,0.65,182,1500,19,0.0029625619835926,0.3575902687092405,0.0
2025,Mohmand,33,17.3571,26.9736,81.4188,563359.0,600.0,0.0,2296.0,0.2,307,230,5,0.2064759131922523,0.1514584363002699,0.3700868314237269
2025,North Waziristan,33,2.7857,17.7666,78.9386,656447.0,1000.0,1.0,4707.0,0.2,143,77,21,0.2448388317487928,0.0775781117036952,0.0760123463758449
2025,Nowshera,33,8.5714,29.96,79.5901,1835149.0,280.0,2.0,1748.0,0.65,334,2684,21,0.1371752206807513,0.211626703825696,
2025,Orakzai,33,3.9429,28.57,65.3024,307067.0,1200.0,0.0,1538.0,0.2,22,114,0,0.0158118281926154,0.0404713973905922,0.0123413224929189
2025,Peshawar,33,6.8714,28.8781,82.5908,5160904.0,330.0,0.0,1257.0,0.75,96,4302,132,0.1021342968031243,0.2242516150955553,
2025,SD Tank,33,0.3,33.7273,57.1085,604463.0,,,,,13,22,0,,,
2025,Shangla,33,15.0857,19.4161,90.5455,915157.0,2000.0,2.0,1586.0,0.35,670,1527,18,0.0041940847260865,0.3747924542761658,0.0025228764627423
2025,South Waziristan (Lower),33,0.0714,29.7119,60.0443,820861.0,,,,,83,70,9,,,
2025,South Waziristan (Upper),33,,,,0.0,,,,,82,36,10,,,
2025,Swabi,33,19.9143,28.845,81.0706,1963296.0,340.0,2.0,1543.0,0.65,55,534,41,0.0450208110423034,0.3073740204319974,0.0371912824440361
2025,Swat,33,15.5,25.6367,87.5191,2791410.0,980.0,1.0,5337.0,0.35,53,4564,37,0.0676219568445517,0.2652446295753237,0.0377088680916891
2025,Tank,33,0.3,33.7273,57.1085,472690.0,250.0,0.0,1679.0,0.2,257,560,4,0.552152795950786,0.1082705290743919,0.4982847937581191
2025,Tor Ghar,33,11.4,28.4406,82.4298,206726.0,,,,,67,115,3,,,
2025,Upper Kurram,33,1.6857,19.7518,80.9075,748325.0,,,,,13,162,13,,,
2025,Badin,34,16.9143,29.1689,83.393,2182111.0,9.0,1.0,6726.0,0.35,6208,3183,151,0.4124311076670328,,0.3776720585067853
2025,Dadu,34,3.2143,32.4858,65.8562,1873835.0,40.0,2.0,19070.0,0.35,4067,2867,536,0.5365536304724792,0.1052827415842573,0.4369461644842147
2025,Ghotki,34,0.9571,32.7085,66.0683,1989892.0,72.0,1.0,6083.0,0.35,5084,1336,321,0.5388162283308575,0.2166361100215454,0.5271491974002499
2025,Hyderabad,34,13.1714,30.5229,76.3602,2659637.0,20.0,2.0,993.0,0.75,1352,2550,49,0.2087835209432136,,0.1658578168953885
2025,Jacobabad,34,2.1286,33.025,65.1297,1216179.0,55.0,0.0,2686.0,0.35,1450,924,194,0.4707587087506486,0.2734408394335234,0.4484518574677788
2025,Jamshoro,34,13.9286,30.7757,74.4739,1200463.0,33.0,2.0,11204.0,0.35,3325,1927,86,,,
2025,Kamber,34,1.6857,33.3985,62.2391,1621170.0,50.0,0.0,5599.0,0.2,4103,2157,214,,,
2025,Central,34,16.1429,28.652,85.3103,3591719.0,10.0,0.0,69.0,0.95,103,984,13,0.0,0.0111216258866775,
2025,East,34,15.6143,28.6765,85.4821,3514347.0,10.0,0.0,165.0,0.95,33,230,1,0.0281403076079882,0.0055440257843817,
2025,Keamari,34,14.5429,28.6513,85.8159,2215961.0,2.0,0.0,559.0,0.2,16,501,0,0.4360360753330028,0.0449145909844101,0.5197767214687541
2025,Korangi,34,15.7429,28.6564,85.9388,2970331.0,8.0,0.0,95.0,0.2,78,242,0,0.0281403076079882,0.0055440257843817,
2025,Malir,34,14.5,28.7991,84.8921,2428732.0,20.0,0.0,2268.0,0.75,241,1483,38,0.4002612694483174,0.0978865403957527,
2025,South,34,14.2143,28.8057,83.1844,2166395.0,4.0,0.0,122.0,0.95,198,6695,44,0.1000482003048343,-0.0322233815405758,
2025,West,34,15.6857,28.8001,84.7731,4732945.0,15.0,0.0,929.0,0.75,254,769,75,0.4360360753330028,0.0449145909844101,0.5197767214687541
2025,Kashmore,34,1.7,32.3131,68.3192,1316520.0,60.0,2.0,2592.0,0.35,2155,519,61,,,
2025,Khairpur,34,2.3857,33.451,61.4459,2908676.0,53.0,2.0,15910.0,0.5,6668,3305,262,0.6032162443125318,0.1309030714445641,0.5236597412244843
2025,Larkana,34,3.1571,33.7161,60.121,1842403.0,48.0,2.0,1906.0,0.5,6694,2052,43,0.7064809008872828,0.1646467781948273,0.7165238632559174
2025,Matiari,34,12.8429,30.7573,75.5066,930873.0,25.0,2.0,1417.0,0.2,4407,1827,106,,,
2025,Mirpurkhas,34,15.1714,30.3744,78.0299,1820642.0,16.0,0.0,2925.0,0.5,4490,3544,145,,,
2025,Naushero Feroze,34,4.9429,32.384,66.9103,1948788.0,38.0,2.0,2945.0,0.2,2094,1567,255,0.2628150695574046,0.2819651348285507,0.1006212209320502
2025,Sanghar,34,5.0143,30.0409,81.4084,2486760.0,16.0,1.0,10608.0,0.2,5597,2286,192,0.1779428114650598,0.2069793160399529,0.1262646107112197
2025,Shaheed Benazirabad,34,6.6429,31.2698,73.7824,1949997.0,30.0,2.0,4502.0,0.5,3074,2069,151,0.3871061359786525,0.2328688437607803,0.292353862545437
2025,Shikarpur,34,1.5714,32.8986,64.679,1488188.0,52.0,1.0,2512.0,0.35,2091,1309,181,0.585210747854102,0.2469973941495082,0.5284114461343512
2025,Sujawal,34,16.6,29.0995,83.4665,945380.0,,,,,1769,3460,76,,,
2025,Sukkur,34,1.5714,33.1634,62.742,1798882.0,65.0,2.0,5165.0,0.75,2535,1512,118,0.5511109628570156,0.1122208358736411,0.5160664304219281
2025,Tando Allahyar,34,13.2286,30.1819,78.7655,1011871.0,18.0,0.0,2343.0,0.2,3417,1747,60,,,
2025,Tando Muhammad Khan,34,13.0286,29.7362,80.8638,818443.0,14.0,2.0,1733.0,0.2,2769,1683,76,,,
2025,Tharparkar,34,14.0143,28.9823,84.9886,1994728.0,56.0,0.0,19638.0,0.35,3438,2686,2,0.4549050918556732,0.1903800015300968,0.3053136862812733
2025,Thatta,34,16.0,29.2676,82.3565,1184747.0,10.0,2.0,17355.0,0.35,1997,1289,72,0.5858607979051454,-0.0572923996926947,0.6802779686151631
2025,Umerkot,34,11.5714,30.0137,78.9866,1297177.0,12.0,0.0,5608.0,0.35,2970,1687,0,0.394839506952368,0.170198065345983,0.3127911853979962
2025,Barkhan,34,4.7,28.3458,68.3198,206726.0,1100.0,0.0,3514.0,0.2,111,111,26,0.1444126129780465,0.0547657477357119,0.123322122780261
2025,Chagai,34,0.0,34.3804,24.1779,273217.0,919.0,0.0,44748.0,0.2,50,115,0,0.7759043879049411,0.035038982941616,0.8288187783276547
2025,Dera Bugti,34,1.5857,30.6142,67.9367,378394.0,250.0,0.0,10160.0,0.2,106,101,0,0.457679068903864,0.0152570938242015,0.4366444312940503
2025,Gwadar,34,0.0,27.4857,92.677,317947.0,12.0,0.0,12637.0,0.35,121,306,3,0.7138646896303573,0.0046053297491426,0.6179544178586328
2025,Harnai,34,,,,0.0,,,,,83,204,3,,,
2025,Hub,34,13.2286,28.9802,81.7757,461810.0,,,,,116,165,2,,,
2025,Jaffarabad,34,,,,621388.0,55.0,1.0,1643.0,0.2,745,453,96,0.7181201979367016,0.2078004995328722,0.6607472998616286
2025,Jhal Magsi,34,,,,180130.0,60.0,0.0,3615.0,0.2,296,348,27,0.7971862886943061,0.0775718792929886,0.6688808234657417
2025,Kachhi (Bolan),34,4.6857,29.6807,61.5848,417079.0,,,,,89,68,2,,,
2025,Kalat,34,2.4857,24.3562,48.5055,498077.0,2000.0,0.0,7654.0,0.2,45,55,0,0.2071256659405569,0.0644009365787279,0.1364532019704434
2025,Kech (Turbat),34,,,,1098914.0,,,,,633,630,1,,,
2025,Kharan,34,0.0286,34.8056,33.1203,188592.0,700.0,0.0,14958.0,0.2,42,251,0,0.6554740825899856,0.0352510848499015,0.6202628869996907
2025,Khuzdar,34,2.1143,28.2964,58.4946,969559.0,1237.0,0.0,35380.0,0.2,101,200,0,0.2342583793904457,0.0927657645787289,0.0952577178574265
2025,Killa Abdullah,34,0.0,30.6838,20.1531,915157.0,1500.0,0.0,3553.0,0.2,3,108,2,,0.0503138090786312,
2025,Killa Saifullah,34,0.1571,26.6752,60.1088,413453.0,1500.0,0.0,6831.0,0.2,192,242,0,0.5977819997552993,0.0549465879919118,0.4953239430493876
2025,Kohlu,34,1.5286,27.1901,68.7193,258710.0,1000.0,0.0,7610.0,0.2,30,23,1,0.1917719526504769,0.0792510814046731,0.1566695065813371
2025,Lasbella,34,12.4286,28.1175,84.718,697550.0,,,,,380,442,17,,,
2025,Loralai,34,0.9143,25.9189,67.2769,479944.0,1400.0,0.0,3785.0,0.2,51,211,4,0.2648685995880704,0.0712254773733619,0.2299335861890983
2025,Mastung,34,0.1429,26.0822,53.9664,321574.0,1700.0,0.0,3308.0,0.2,60,92,0,0.1752873295190623,0.0672491332381332,0.0200778181071725
2025,MusaKhel,34,2.8143,25.8326,68.0501,201891.0,,,,,151,49,0,0.184766950734727,,0.1491671223604797
2025,Naseerabad,34,3.0286,33.6274,61.4196,592374.0,,,,,117,335,111,,,
2025,Nushki,34,0.0,33.4104,26.8791,0.0,900.0,0.0,5797.0,0.2,10,125,0,,,
2025,Pishin,34,0.0,28.1617,39.1176,889769.0,1550.0,0.0,6218.0,0.2,46,607,2,0.6542277579936759,0.0539006175386784,0.4392085296093199
2025,Quetta,34,0.1571,26.5278,52.1671,2751515.0,1680.0,0.0,3447.0,0.75,25,785,0,0.0,0.0578084649095872,0.0
2025,Sherani,34,,,,0.0,1500.0,0.0,2700.0,0.2,13,61,0,,,
2025,Sibi,34,4.6857,33.5593,60.3981,163205.0,130.0,0.0,7121.0,0.2,192,430,2,0.2592199618448208,0.0721113687165176,0.1388531455269681
2025,Sohbat pur,34,2.4857,33.0181,65.2983,241785.0,,,,,104,282,11,,,
2025,Surab,34,1.4,23.1256,63.3985,0.0,,,,,2,14,0,,,
2025,Usta Muhammad,34,1.0286,32.5713,68.2086,314321.0,,,,,168,561,20,,,
2025,Washuk,34,3.5286,26.2304,55.3061,212771.0,700.0,0.0,33093.0,0.2,101,224,4,,,
2025,Zhob,34,0.7714,27.8551,55.5908,374767.0,1400.0,0.0,20297.0,0.2,54,84,0,0.4798229801275327,0.0406677458576767,0.4482353097653074
2025,Abbottabad,34,15.7571,22.8968,85.0062,1611498.0,1256.0,0.0,1967.0,0.75,1,1602,3,0.0009663393373389,,0.0
2025,Bajaur,34,2.0714,22.7336,72.6607,1321356.0,900.0,0.0,1290.0,0.2,446,1056,46,,0.258659064239468,
2025,Bannu,34,14.8286,29.3788,71.3118,1410816.0,312.0,1.0,1227.0,0.2,1646,969,4,0.5112223714568173,0.1569141997098904,0.437312860476904
2025,Battagram,34,13.2286,23.6906,83.4119,575449.0,1036.0,0.0,1301.0,0.2,154,812,2,,,
2025,Buner,34,20.2429,25.2866,82.6173,1084406.0,700.0,0.0,1865.0,0.35,307,398,0,0.013187694596846,0.4110021273708127,2.333852337638896e-05
2025,Charsadda,34,15.4429,27.4757,81.438,1953624.0,300.0,2.0,996.0,0.2,518,2617,60,,0.381542077987661,
2025,Chitral Lower,34,0.1143,23.6232,64.943,336081.0,1500.0,1.0,6458.0,0.35,37,1124,13,0.1782356730484822,0.0621923905913532,0.0505124289779899
2025,Chitral Upper,34,0.1143,23.6232,64.943,204308.0,2500.0,1.0,8392.0,0.2,8,305,12,0.1782356730484822,0.0621923905913532,0.0505124289779899
2025,D.I. Khan,34,11.2571,30.3758,74.439,2050338.0,,,,,706,2001,0,,,
2025,Dir Lower,34,21.3286,28.0789,79.6271,1734809.0,800.0,1.0,1583.0,0.35,183,2031,0,,,
2025,Dir Upper,34,4.0429,21.9928,72.2894,1143644.0,1200.0,1.0,3699.0,0.35,13,2224,0,,,
2025,Hangu,34,11.5286,26.1354,76.0144,627433.0,900.0,0.0,1097.0,0.2,165,230,0,0.1739663839070475,0.213216589416318,0.0820526009270442
2025,Haripur,34,13.7143,26.3687,83.5104,1212553.0,605.0,2.0,1725.0,0.65,0,1377,0,0.1071720476635111,0.2350787831866649,0.0995466750048421
2025,Karak,34,10.1286,28.2572,71.9657,853502.0,500.0,0.0,3372.0,0.2,323,816,7,0.5191426516844398,0.1677302738687022,0.3319004286590027
2025,Khyber,34,7.9714,25.7386,77.14,1193210.0,1000.0,0.0,2576.0,0.2,715,1032,133,0.091876560193522,0.1682877654369123,0.0224220717493047
2025,Kohat,34,10.3286,28.1885,71.5604,1200463.0,500.0,0.0,2545.0,0.65,344,951,16,0.1062506900338769,0.200074279352087,0.0300593283863957
2025,Kohistan Lower,34,1.7286,8.0663,80.3784,244203.0,1500.0,2.0,1200.0,0.2,1,223,0,0.0511520690800398,0.1848788709827431,0.0222069446144863
2025,Kohistan Upper,34,1.7286,8.0663,80.3784,369931.0,2500.0,2.0,4000.0,0.2,11,319,3,0.0511520690800398,0.1848788709827431,0.0222069446144863
2025,Kolai Palas,34,1.7286,8.0663,80.3784,331246.0,,,,,3,97,2,,,
2025,L & C Kurram,34,4.4143,17.616,84.5674,604463.0,,,,,12,11,11,,,
2025,Lakki Marwat,34,11.0143,30.2364,68.9929,1059019.0,250.0,1.0,3164.0,0.2,605,1034,18,0.790281569485021,0.0575353988788166,0.7063630026951864
2025,Malakand,34,7.6857,26.2543,76.0212,870427.0,700.0,1.0,952.0,0.2,26,1600,0,,0.3293938182906581,
2025,Mansehra,34,15.8429,23.1326,84.2687,1881089.0,1000.0,0.0,4579.0,0.2,9,1264,0,0.0927910360651789,0.1896975723753366,0.0293107911741098
2025,Mardan,34,18.3286,27.377,81.913,2868781.0,300.0,0.0,1632.0,0.65,263,1475,15,0.0682492666034991,0.3783007796660539,0.0011751416287519
2025,Mohmand,34,7.6857,26.2543,76.0212,563359.0,600.0,0.0,2296.0,0.2,355,215,6,0.6561933212418646,0.1422833216638966,0.3908567160994344
2025,North Waziristan,34,4.8429,15.511,82.7543,656447.0,1000.0,1.0,4707.0,0.2,109,45,15,0.122200701458759,0.1180880702008184,0.0937472629799743
2025,Nowshera,34,21.3286,28.1374,79.6345,1835149.0,280.0,2.0,1748.0,0.65,474,2663,4,0.2488222242047675,0.290095698073986,0.1023204413529528
2025,Orakzai,34,10.4714,25.0733,77.0366,307067.0,1200.0,0.0,1538.0,0.2,57,133,0,0.0939326762870295,0.2497842352798599,0.005867605483544
2025,Peshawar,34,9.5571,27.3002,82.2839,5160904.0,330.0,0.0,1257.0,0.75,97,5129,20,,0.2537949882458879,
2025,SD Tank,34,10.7857,30.3309,70.0088,604463.0,,,,,13,22,3,,,
2025,Shangla,34,7.4,17.9827,81.9614,915157.0,2000.0,2.0,1586.0,0.35,719,724,25,0.0053236187599052,0.375555991708567,0.0027474681305892
2025,South Waziristan (Lower),34,3.0714,26.695,71.1139,820861.0,,,,,96,76,14,,,
2025,South Waziristan (Upper),34,,,,0.0,,,,,125,71,10,,,
2025,Swabi,34,25.5429,27.1173,81.3508,1963296.0,340.0,2.0,1543.0,0.65,126,1590,12,0.0669461539935035,0.3287093601641009,0.0360221218232717
2025,Swat,34,10.5857,24.287,82.6717,2791410.0,980.0,1.0,5337.0,0.35,41,4551,5,0.1216729470353781,0.246038856457256,0.0437823501478463
2025,Tank,34,10.7857,30.3309,70.0088,472690.0,250.0,0.0,1679.0,0.2,240,581,5,0.5188315519121556,0.1291314286373144,0.488338163464346
2025,Tor Ghar,34,13.6429,26.646,82.9643,206726.0,,,,,81,130,6,,,
2025,Upper Kurram,34,4.4143,17.616,84.5674,748325.0,,,,,17,192,41,,,
2025,Badin,36,3.6429,29.2401,74.8412,2182111.0,9.0,1.0,6726.0,0.35,5209,2400,136,,,
2025,Dadu,36,0.0143,32.5304,59.8717,1873835.0,40.0,2.0,19070.0,0.35,3131,2318,397,0.0290116791693974,0.3560010284011162,0.0012848500851065
2025,Ghotki,36,0.1429,32.0924,64.2004,1989892.0,72.0,1.0,6083.0,0.35,3429,1145,138,,,
2025,Hyderabad,36,0.9571,30.8283,65.397,2659637.0,20.0,2.0,993.0,0.75,1072,2027,47,,,
2025,Jacobabad,36,0.1143,32.8884,60.6083,1216179.0,55.0,0.0,2686.0,0.35,1415,681,143,,0.2183263752002309,
2025,Jamshoro,36,0.7857,30.893,65.0641,1200463.0,33.0,2.0,11204.0,0.35,2701,1620,77,,,
2025,Kamber,36,0.0143,34.9333,48.6302,1621170.0,50.0,0.0,5599.0,0.2,2792,1586,167,,,
2025,Central,36,0.1,28.8029,74.1435,3591719.0,10.0,0.0,69.0,0.95,29,928,12,,,
2025,East,36,0.0286,28.7004,75.2554,3514347.0,10.0,0.0,165.0,0.95,36,218,1,,,
2025,Keamari,36,0.1857,28.3832,77.1336,2215961.0,2.0,0.0,559.0,0.2,13,519,0,0.1392538559564091,,0.1191281803401151
2025,Korangi,36,0.0714,28.6552,75.576,2970331.0,8.0,0.0,95.0,0.2,48,264,0,,,
2025,Malir,36,0.0286,29.0895,73.1818,2428732.0,20.0,0.0,2268.0,0.75,161,1305,43,,,
2025,South,36,0.8286,27.7197,80.7671,2166395.0,4.0,0.0,122.0,0.95,3,87,0,,,
2025,West,36,0.1286,28.5278,76.2371,4732945.0,15.0,0.0,929.0,0.75,254,735,98,0.1392538559564091,,0.1191281803401151
2025,Kashmore,36,0.2429,31.5349,67.4025,1316520.0,60.0,2.0,2592.0,0.35,1829,319,75,,,
2025,Khairpur,36,0.2,34.0337,52.7299,2908676.0,53.0,2.0,15910.0,0.5,4337,2269,190,,,
2025,Larkana,36,0.1857,34.6827,49.7399,1842403.0,48.0,2.0,1906.0,0.5,5251,1351,26,0.0411831728229251,0.2829067591138233,0.0037667250258782
2025,Matiari,36,1.0714,31.3338,63.4096,930873.0,25.0,2.0,1417.0,0.2,2943,1411,75,,,
2025,Mirpurkhas,36,4.2857,30.3911,69.252,1820642.0,16.0,0.0,2925.0,0.5,3085,2185,122,,,
2025,Naushero Feroze,36,0.2,33.6423,53.2212,1948788.0,38.0,2.0,2945.0,0.2,1947,1505,226,,0.1543106894365492,
2025,Sanghar,36,8.6429,30.8778,67.1992,2486760.0,16.0,1.0,10608.0,0.2,3839,1648,185,,,
2025,Shaheed Benazirabad,36,1.5429,33.0558,55.7252,1949997.0,30.0,2.0,4502.0,0.5,2423,1625,113,,,
2025,Shikarpur,36,0.1286,33.3189,56.6515,1488188.0,52.0,1.0,2512.0,0.35,1355,888,161,,,
2025,Sujawal,36,2.5714,28.8509,76.4291,945380.0,,,,,2399,3589,70,,,
2025,Sukkur,36,0.0714,32.8485,58.8595,1798882.0,65.0,2.0,5165.0,0.75,1730,1085,82,,,
2025,Tando Allahyar,36,3.7429,30.4203,68.0621,1011871.0,18.0,0.0,2343.0,0.2,2247,1144,35,,,
2025,Tando Muhammad Khan,36,2.8,30.0761,69.761,818443.0,14.0,2.0,1733.0,0.2,1940,1438,33,,,
2025,Tharparkar,36,15.0571,29.6091,72.7079,1994728.0,56.0,0.0,19638.0,0.35,2491,1636,0,0.0642586119509403,,0.0101602340790793
2025,Thatta,36,3.1143,28.6732,77.1403,1184747.0,10.0,2.0,17355.0,0.35,1886,1277,97,,,
2025,Umerkot,36,10.1286,30.1863,69.2372,1297177.0,12.0,0.0,5608.0,0.35,2036,1254,0,,,
2025,Barkhan,36,1.0857,27.1572,68.5679,206726.0,1100.0,0.0,3514.0,0.2,90,69,31,0.2065411061251529,,0.1137524438853608
2025,Chagai,36,0.0,32.1182,10.1846,273217.0,919.0,0.0,44748.0,0.2,28,105,0,0.7629912375133269,0.0314241778307685,0.7366473803797232
2025,Chaman,36,,,,0.0,1340.0,0.0,1341.0,0.2,57,0,10,,,
2025,Dera Bugti,36,0.7429,29.4309,67.7814,378394.0,250.0,0.0,10160.0,0.2,99,113,0,0.2616936169020104,,0.3424686172436795
2025,Gwadar,36,0.0143,27.1333,87.4442,317947.0,12.0,0.0,12637.0,0.35,4,29,2,0.6557885246954652,0.0217342470360096,0.6456119802252943
2025,Harnai,36,,,,0.0,,,,,74,136,2,,,
2025,Hub,36,0.4143,28.5716,75.4284,461810.0,,,,,21,58,0,,,
2025,Jaffarabad,36,,,,621388.0,55.0,1.0,1643.0,0.2,608,416,78,,,
2025,Jhal Magsi,36,,,,180130.0,60.0,0.0,3615.0,0.2,86,130,0,0.4600349936701154,,0.4420644597414338
2025,Kachhi (Bolan),36,0.5429,29.5066,53.8891,417079.0,,,,,131,258,14,,,
2025,Kalat,36,0.0,23.0342,23.5236,498077.0,2000.0,0.0,7654.0,0.2,0,0,0,0.229922631699585,0.0627132323448648,0.167084990583011
2025,Kech (Turbat),36,,,,1098914.0,,,,,481,551,0,,,
2025,Kharan,36,0.0,32.6401,16.7232,188592.0,700.0,0.0,14958.0,0.2,25,165,0,0.6614600006853202,0.0199046678557445,0.6051673208365717
2025,Khuzdar,36,0.1571,28.1842,47.2622,969559.0,1237.0,0.0,35380.0,0.2,88,78,2,0.1422894140759605,0.0677225025145349,0.0710340922402551
2025,Killa Abdullah,36,0.0,27.51,9.3396,915157.0,1500.0,0.0,3553.0,0.2,7,188,0,0.5917361756785939,0.0483044794534605,0.4573855447657103
2025,Killa Saifullah,36,0.0143,25.0743,51.5898,413453.0,1500.0,0.0,6831.0,0.2,220,317,11,0.5182567595678247,0.0548439331804401,0.3933191824032339
2025,Kohlu,36,1.1286,25.5746,70.3711,258710.0,1000.0,0.0,7610.0,0.2,36,59,0,0.1875959777727352,0.1039321340308837,0.2135781251272693
2025,Lasbella,36,0.7143,26.5892,85.6714,697550.0,,,,,275,420,6,,,
2025,Loralai,36,0.0429,25.477,58.228,479944.0,1400.0,0.0,3785.0,0.2,42,220,2,0.255864733725034,0.0793274817524099,0.1899017954423218
2025,Mastung,36,0.0,24.2259,30.0471,321574.0,1700.0,0.0,3308.0,0.2,74,132,0,0.2793421340892998,0.0600378773789824,0.2185137842990757
2025,MusaKhel,36,0.6571,24.812,64.4239,201891.0,,,,,162,88,0,0.4207425571694468,,0.2579117031777194
2025,Naseerabad,36,0.0286,33.8953,54.712,592374.0,,,,,111,260,105,,,
2025,Nushki,36,0.0,30.4806,11.9545,0.0,900.0,0.0,5797.0,0.2,8,159,0,,,
2025,Pishin,36,0.0,24.8825,27.0435,889769.0,1550.0,0.0,6218.0,0.2,16,225,0,0.4259066101163423,0.0513669092300149,0.3978885854926816
2025,Quetta,36,0.0,24.4548,33.8071,2751515.0,1680.0,0.0,3447.0,0.75,18,459,1,0.3833607051945664,0.0507290129696636,0.3088104283706565
2025,Sherani,36,,,,0.0,1500.0,0.0,2700.0,0.2,8,37,0,,,
2025,Sibi,36,0.1,33.5566,53.4611,163205.0,130.0,0.0,7121.0,0.2,150,404,2,0.179542763741926,0.098171675154769,0.1069991065334209
2025,Sohbat pur,36,0.0714,32.9592,59.7663,241785.0,,,,,75,233,2,,,
2025,Surab,36,0.0429,22.9413,40.2982,0.0,,,,,2,26,0,,,
2025,Usta Muhammad,36,0.0,32.5859,62.0021,314321.0,,,,,132,468,18,,,
2025,Washuk,36,0.0,26.4905,30.0201,212771.0,700.0,0.0,33093.0,0.2,72,89,2,,,
2025,Zhob,36,0.1429,25.8432,55.6837,374767.0,1400.0,0.0,20297.0,0.2,63,124,0,0.6161681911749172,0.0396547666413212,0.3998135891779112
2025,Ziarat,36,,,,0.0,2400.0,0.0,3301.0,0.2,25,80,0,0.0583431872540654,0.078662809076076,0.0491362034986938
2025,Abbottabad,36,6.3143,22.0524,82.8205,1611498.0,1256.0,0.0,1967.0,0.75,1,864,0,0.0001267020266178,,0.0
2025,Bajaur,36,2.6286,22.3967,71.6065,1321356.0,900.0,0.0,1290.0,0.2,428,806,7,0.1361993848629705,0.262538599490046,0.0054393571235726
2025,Bannu,36,4.5429,29.0871,65.0313,1410816.0,312.0,1.0,1227.0,0.2,1288,926,0,0.4482745209883586,0.1870287282202462,0.3157000517026017
2025,Battagram,36,5.2143,22.5189,82.2829,575449.0,1036.0,0.0,1301.0,0.2,74,481,0,,,
2025,Buner,36,5.0143,24.3464,82.4012,1084406.0,700.0,0.0,1865.0,0.35,101,262,0,0.0453518363081507,0.402780018489331,0.0004900898096524
2025,Charsadda,36,3.1857,27.1844,78.7252,1953624.0,300.0,2.0,996.0,0.2,454,2560,1,0.0395246981820227,0.3446280348537761,0.0157662220186353
2025,Chitral Lower,36,0.0857,23.3449,60.9889,336081.0,1500.0,1.0,6458.0,0.35,30,797,5,0.1941395023841753,0.0549374324265226,0.0346703758093445
2025,Chitral Upper,36,0.0857,23.3449,60.9889,204308.0,2500.0,1.0,8392.0,0.2,13,263,0,0.1941395023841753,0.0549374324265226,0.0346703758093445
2025,D.I. Khan,36,1.3857,29.5198,70.8674,2050338.0,,,,,485,1553,0,,,
2025,Dir Lower,36,1.4571,28.0726,74.2379,1734809.0,800.0,1.0,1583.0,0.35,221,1897,0,,,
2025,Dir Upper,36,3.5286,21.008,73.6706,1143644.0,1200.0,1.0,3699.0,0.35,13,1789,2,,,
2025,Hangu,36,6.1857,25.3774,70.9377,627433.0,900.0,0.0,1097.0,0.2,80,167,0,0.1049548274451222,0.2565239119188426,0.026794889483049
2025,Haripur,36,2.5571,25.7149,81.0783,1212553.0,605.0,2.0,1725.0,0.65,6,1336,0,0.1187505324483514,,0.1027211016439056
2025,Karak,36,2.7571,27.5958,67.3323,853502.0,500.0,0.0,3372.0,0.2,281,683,0,0.2538709205552433,0.1924564070073433,0.1531479955962399
2025,Khyber,36,4.4429,25.7502,69.5805,1193210.0,1000.0,0.0,2576.0,0.2,802,508,13,0.1454730523337953,0.1957352489653468,0.034272240966753
2025,Kohat,36,2.5,27.4534,68.9679,1200463.0,500.0,0.0,2545.0,0.65,283,915,1,0.2187535627159671,0.216374639629351,0.1339326943660628
2025,Kohistan Lower,36,2.2429,6.6243,80.1492,244203.0,1500.0,2.0,1200.0,0.2,2,176,1,0.1228921155762205,0.0801057782166187,0.1180728101040547
2025,Kohistan Upper,36,2.2429,6.6243,80.1492,369931.0,2500.0,2.0,4000.0,0.2,26,290,0,0.1228921155762205,0.0801057782166187,0.1180728101040547
2025,Kolai Palas,36,2.2429,6.6243,80.1492,331246.0,,,,,3,0,0,,,
2025,L & C Kurram,36,3.2143,16.2848,80.7043,604463.0,,,,,4,18,0,,,
2025,Lakki Marwat,36,1.3143,29.4263,65.3691,1059019.0,250.0,1.0,3164.0,0.2,459,799,0,0.6385461779150001,0.1181666909293078,0.4910255081953623
2025,Malakand,36,4.7143,25.654,74.9762,870427.0,700.0,1.0,952.0,0.2,40,497,2,0.0971487336564036,0.3334489340344881,0.0002174456194087
2025,Mansehra,36,9.2857,22.3561,81.5973,1881089.0,1000.0,0.0,4579.0,0.2,7,642,0,0.1137014200344472,,0.0286774190388175
2025,Mardan,36,3.7714,27.1493,78.375,2868781.0,300.0,0.0,1632.0,0.65,180,986,0,0.040041658269799,0.3522296280555529,0.0028252701339723
2025,Mohmand,36,4.7143,25.654,74.9762,563359.0,600.0,0.0,2296.0,0.2,282,152,46,0.3619819013508836,0.1748683917964824,0.0980848905441228
2025,North Waziristan,36,2.5571,13.9065,79.2088,656447.0,1000.0,1.0,4707.0,0.2,135,93,0,0.1985285666873272,0.1555567304275645,0.1384847363000135
2025,Nowshera,36,1.4571,28.1311,74.2469,1835149.0,280.0,2.0,1748.0,0.65,543,2640,5,0.2481554989151927,0.2625009774803491,0.1521396024860228
2025,Orakzai,36,3.7429,24.4126,70.6997,307067.0,1200.0,0.0,1538.0,0.2,46,152,0,0.0729240703230646,0.2958901336501808,0.0191293014251224
2025,Peshawar,36,2.2429,27.4344,77.2184,5160904.0,330.0,0.0,1257.0,0.75,75,4486,1,0.1269202883098051,0.2494629779946536,0.0379226096546009
2025,SD Tank,36,4.0429,29.4857,66.625,604463.0,,,,,13,6,0,,,
2025,Shangla,36,6.0143,16.9857,81.0142,915157.0,2000.0,2.0,1586.0,0.35,1146,1821,0,0.0751154650921717,0.3817021204282135,0.0027195927405515
2025,South Waziristan (Lower),36,0.9857,25.9429,65.7561,820861.0,,,,,99,118,13,,,
2025,South Waziristan (Upper),36,,,,0.0,,,,,96,55,8,,,
2025,Swabi,36,3.8286,26.836,77.6345,1963296.0,340.0,2.0,1543.0,0.65,120,1380,0,0.1201551045204155,0.3067088256851501,0.0612766842440843
2025,Swat,36,6.8143,23.4042,81.1948,2791410.0,980.0,1.0,5337.0,0.35,101,3663,0,0.1780904978533899,0.2246105248577197,0.0475980976834828
2025,Tank,36,4.0429,29.4857,66.625,472690.0,250.0,0.0,1679.0,0.2,146,549,0,,0.1419697967297793,
2025,Tor Ghar,36,1.9286,26.1781,79.4175,206726.0,,,,,101,94,26,,,
2025,Upper Kurram,36,3.2143,16.2848,80.7043,748325.0,,,,,15,124,0,,,
2025,Badin,37,16.7857,27.2097,82.9644,2182111.0,9.0,1.0,6726.0,0.35,5702,3222,202,0.36620672031269,0.2266938474745364,
2025,Dadu,37,19.0714,29.0024,73.454,1873835.0,40.0,2.0,19070.0,0.35,3531,2678,494,0.466262757865431,0.1287615303793741,0.0024117461230532
2025,Ghotki,37,3.6714,29.0234,75.3092,1989892.0,72.0,1.0,6083.0,0.35,5365,1264,211,0.5076022315091473,0.2406812363830644,
2025,Hyderabad,37,10.4,27.6512,80.4945,2659637.0,20.0,2.0,993.0,0.75,1649,2495,41,0.1867027827008759,0.2422520224096085,
2025,Jacobabad,37,2.3143,29.5816,73.8828,1216179.0,55.0,0.0,2686.0,0.35,1559,1003,168,0.3642859319466894,0.2951558858148678,
2025,Jamshoro,37,9.7571,27.8343,79.285,1200463.0,33.0,2.0,11204.0,0.35,3162,1873,86,,,
2025,Kamber,37,9.7286,28.389,81.5887,1621170.0,50.0,0.0,5599.0,0.2,4873,2115,206,,,
2025,Central,37,15.1286,26.735,86.0135,3591719.0,10.0,0.0,69.0,0.95,22,1034,14,0.0,,
2025,East,37,20.0429,26.7655,86.664,3514347.0,10.0,0.0,165.0,0.95,49,207,0,0.0247205380285228,,
2025,Keamari,37,14.2429,26.9409,85.6832,2215961.0,2.0,0.0,559.0,0.2,16,608,0,0.1821908373588084,0.0178389154780897,0.1352111438238784
2025,Korangi,37,17.8143,26.8835,86.3352,2970331.0,8.0,0.0,95.0,0.2,65,323,0,0.0247205380285228,,
2025,Malir,37,17.0857,26.6916,86.8396,2428732.0,20.0,0.0,2268.0,0.75,198,1450,67,0.2445329111944963,0.1107972477825746,
2025,South,37,10.1429,26.2804,87.2259,2166395.0,4.0,0.0,122.0,0.95,2,101,0,0.0354597918267915,,
2025,West,37,11.6,26.9064,85.6258,4732945.0,15.0,0.0,929.0,0.75,326,804,51,0.1821908373588084,0.0178389154780897,0.1352111438238784
2025,Kashmore,37,2.8857,28.8795,76.4926,1316520.0,60.0,2.0,2592.0,0.35,1957,339,122,,,
2025,Khairpur,37,8.7714,28.5352,77.9599,2908676.0,53.0,2.0,15910.0,0.5,5594,3008,195,0.6019249949430431,0.1527430411050763,
2025,Larkana,37,6.8286,28.6967,78.3998,1842403.0,48.0,2.0,1906.0,0.5,7126,1950,46,0.5658799094404106,0.2459689286155736,0.0055568639682246
2025,Matiari,37,13.8714,27.5412,81.2152,930873.0,25.0,2.0,1417.0,0.2,4191,1680,66,,,
2025,Mirpurkhas,37,7.3714,27.561,81.0322,1820642.0,16.0,0.0,2925.0,0.5,5292,3582,124,,,
2025,Naushero Feroze,37,14.3143,28.1292,79.5362,1948788.0,38.0,2.0,2945.0,0.2,1888,1420,185,0.3113146100078034,0.2779585088958626,
2025,Sanghar,37,3.6714,27.5153,81.6858,2486760.0,16.0,1.0,10608.0,0.2,5840,2272,189,0.1687068542825597,0.25670403602321,
2025,Shaheed Benazirabad,37,17.3429,27.9248,79.8123,1949997.0,30.0,2.0,4502.0,0.5,3021,2063,142,0.4031889294814302,0.2618043286004781,
2025,Shikarpur,37,1.7143,29.4995,72.7346,1488188.0,52.0,1.0,2512.0,0.35,2574,1277,212,0.3506714468826749,0.3186464018479679,
2025,Sujawal,37,18.3429,27.0465,83.933,945380.0,,,,,2064,979,43,,,
2025,Sukkur,37,6.5143,28.8152,75.9727,1798882.0,65.0,2.0,5165.0,0.75,2446,1361,64,0.52529881159697,0.1437250781582944,
2025,Tando Allahyar,37,10.9571,27.2429,83.1094,1011871.0,18.0,0.0,2343.0,0.2,3955,1491,50,,,
2025,Tando Muhammad Khan,37,12.5714,27.2002,83.3366,818443.0,14.0,2.0,1733.0,0.2,2604,1668,121,,,
2025,Tharparkar,37,5.6429,27.1492,83.1617,1994728.0,56.0,0.0,19638.0,0.35,3146,2447,0,0.1432053721946085,0.290747753996453,0.0210042452630053
2025,Thatta,37,15.1429,27.0512,83.596,1184747.0,10.0,2.0,17355.0,0.35,2312,1517,102,0.5101529368824379,0.1447552394757582,
2025,Umerkot,37,1.8714,27.9872,77.3007,1297177.0,12.0,0.0,5608.0,0.35,2575,1749,0,0.1810185491519441,0.2523678971642779,
2025,Barkhan,37,0.3714,27.2851,65.0878,206726.0,1100.0,0.0,3514.0,0.2,112,82,20,0.151863387795571,0.1378656862447469,0.138233826916674
2025,Chagai,37,0.0,32.6863,30.1753,273217.0,919.0,0.0,44748.0,0.2,58,160,9,0.7156398166640133,0.0340746731857973,0.6875341168917868
2025,Dera Bugti,37,0.4,28.1443,71.6208,378394.0,250.0,0.0,10160.0,0.2,103,84,4,0.4462557999389221,0.0836421230821025,0.2029032448933526
2025,Gwadar,37,2.9714,27.2762,84.6519,317947.0,12.0,0.0,12637.0,0.35,7,17,5,0.7520955737243875,0.0109346146757252,0.7017052609548
2025,Harnai,37,,,,0.0,,,,,96,202,0,,,
2025,Hub,37,13.4286,26.5847,85.3701,461810.0,,,,,307,231,1,,,
2025,Jaffarabad,37,,,,621388.0,55.0,1.0,1643.0,0.2,802,468,9,0.603494778024983,0.2642774667423947,
2025,Jhal Magsi,37,,,,180130.0,60.0,0.0,3615.0,0.2,347,383,27,0.7635332733184071,0.1002638092066315,0.4442044444296181
2025,Kachhi (Bolan),37,1.8143,27.4738,66.4015,417079.0,,,,,78,112,10,,,
2025,Kalat,37,0.0286,23.2675,46.9229,498077.0,2000.0,0.0,7654.0,0.2,15,37,20,0.1718200031336948,0.0771043099457253,0.1589288147115487
2025,Kech (Turbat),37,,,,1098914.0,,,,,843,585,1,,,
2025,Kharan,37,0.0,32.9684,37.5639,188592.0,700.0,0.0,14958.0,0.2,46,226,5,0.6535629295227191,0.0340548082463187,0.6107844888442762
2025,Khuzdar,37,0.4857,25.8243,64.6882,969559.0,1237.0,0.0,35380.0,0.2,77,229,35,0.1088671306298113,0.1106916872503519,0.0682907051390344
2025,Killa Abdullah,37,0.0,29.4275,23.9032,915157.0,1500.0,0.0,3553.0,0.2,13,227,33,0.5800864720295196,0.0559080327750599,0.4670854323695803
2025,Killa Saifullah,37,0.0286,25.232,56.8286,413453.0,1500.0,0.0,6831.0,0.2,331,336,53,0.5290781239079523,0.0617435066382934,0.4511642883212839
2025,Kohlu,37,0.2714,26.4202,62.9397,258710.0,1000.0,0.0,7610.0,0.2,67,117,32,0.1831846799464768,0.1132446010693528,0.1547660299748983
2025,Lasbella,37,14.2143,26.0365,87.4427,697550.0,,,,,342,441,6,,,
2025,Loralai,37,0.0857,24.5094,64.7079,479944.0,1400.0,0.0,3785.0,0.2,58,289,22,0.2202577840058761,0.0967230276238896,0.206173043725804
2025,Mastung,37,0.0,23.9959,57.4386,321574.0,1700.0,0.0,3308.0,0.2,76,139,20,0.2343684698493834,0.0712752759593097,0.2147700308315402
2025,MusaKhel,37,0.2571,25.2493,61.2327,201891.0,,,,,274,129,27,0.1468534626444822,0.1084281006214002,0.2428258118655145
2025,Naseerabad,37,5.1429,29.3757,75.1884,592374.0,,,,,109,337,52,,,
2025,Nushki,37,0.0,31.6657,32.9519,0.0,900.0,0.0,5797.0,0.2,1,160,0,,,
2025,Panjgur,37,0.2571,27.3918,59.2945,382021.0,900.0,0.0,16891.0,0.2,149,41,0,0.3944921656044941,0.0392048465189892,0.326648489443135
2025,Pishin,37,0.0,26.4188,41.7497,889769.0,1550.0,0.0,6218.0,0.2,59,497,38,0.5105934105855237,0.0578166451075216,0.395016779629131
2025,Quetta,37,0.1429,24.6757,55.8224,2751515.0,1680.0,0.0,3447.0,0.75,31,573,19,0.3495285911532334,0.0608504691886401,0.3182466256109312
2025,Sibi,37,1.7857,31.3358,62.8993,163205.0,130.0,0.0,7121.0,0.2,191,464,18,0.1992521051294784,0.1084596037825124,0.1458297917647356
2025,Sohbat pur,37,2.6857,29.6723,72.9825,241785.0,,,,,97,316,24,,,
2025,Surab,37,0.3571,21.6464,63.1813,0.0,,,,,2,16,0,,,
2025,Usta Muhammad,37,7.3571,28.7627,79.5734,314321.0,,,,,186,704,4,,,
2025,Washuk,37,1.3143,24.153,62.7285,212771.0,700.0,0.0,33093.0,0.2,136,92,10,,,
2025,Zhob,37,1.1429,26.4917,56.1172,374767.0,1400.0,0.0,20297.0,0.2,79,83,2,0.4164869634468272,0.0650081816878449,0.4544119341153332
2025,Ziarat,37,,,,0.0,2400.0,0.0,3301.0,0.2,59,153,16,0.0795004208100798,0.0832258664034178,0.048231488733846
2025,Abbottabad,37,1.0714,23.572,79.8149,1611498.0,1256.0,0.0,1967.0,0.75,135,1381,16,,0.3640503212282939,
2025,Bajaur,37,0.2429,24.0655,65.3823,1321356.0,900.0,0.0,1290.0,0.2,53,736,4,,0.2219763582743239,
2025,Bannu,37,0.1,31.0973,58.966,1410816.0,312.0,1.0,1227.0,0.2,3,970,8,0.34917742311791,0.169258185140673,0.3045580647670409
2025,Battagram,37,1.1714,23.8347,81.052,575449.0,1036.0,0.0,1301.0,0.2,0,0,5,,,
2025,Buner,37,1.2,25.6446,79.987,1084406.0,700.0,0.0,1865.0,0.35,0,495,4,,0.3545409038879076,
2025,Charsadda,37,0.9,28.4757,76.6427,1953624.0,300.0,2.0,996.0,0.2,1651,4050,242,,0.2923691253747109,
2025,Chitral Lower,37,0.0429,23.8431,57.3782,336081.0,1500.0,1.0,6458.0,0.35,20,781,10,0.0239837398373983,0.0282051819868572,0.0235772357723577
2025,Chitral Upper,37,0.0429,23.8431,57.3782,204308.0,2500.0,1.0,8392.0,0.2,29,241,12,0.0239837398373983,0.0282051819868572,0.0235772357723577
2025,D.I. Khan,37,2.1,30.4999,71.0754,2050338.0,,,,,0,2011,3,,,
2025,Dir Lower,37,1.1,29.6405,70.8798,1734809.0,800.0,1.0,1583.0,0.35,1,2021,30,,,
2025,Dir Upper,37,0.2286,21.7979,69.328,1143644.0,1200.0,1.0,3699.0,0.35,32,2233,8,,,
2025,Hangu,37,0.4429,27.8696,60.9273,627433.0,900.0,0.0,1097.0,0.2,133,225,4,0.0543445758381146,0.2363099986904065,0.0207758241482771
2025,Haripur,37,0.9857,27.047,78.9655,1212553.0,605.0,2.0,1725.0,0.65,399,1665,1,,0.3063582888769315,
2025,Karak,37,0.2,29.8336,60.0725,853502.0,500.0,0.0,3372.0,0.2,48,838,7,0.2524025745854928,0.1496112844696998,0.1649134177614828
2025,Khyber,37,0.2714,28.1353,62.8539,1193210.0,1000.0,0.0,2576.0,0.2,48,855,28,0.088552949211783,0.190456854868418,0.0273255926490229
2025,Kohat,37,0.2286,29.57,61.4204,1200463.0,500.0,0.0,2545.0,0.65,0,989,9,0.0344183368631931,0.1914305452614104,0.0071439272212414
2025,Kohistan Lower,37,1.2571,7.9859,70.8962,244203.0,1500.0,2.0,1200.0,0.2,1,164,0,,0.2217856031942564,
2025,Kohistan Upper,37,1.2571,7.9859,70.8962,369931.0,2500.0,2.0,4000.0,0.2,0,336,3,,0.2217856031942564,
2025,Kolai Palas,37,1.2571,7.9859,70.8962,331246.0,,,,,6,81,2,,,
2025,L & C Kurram,37,0.7286,16.9485,78.4512,604463.0,,,,,0,52,1,,,
2025,Lakki Marwat,37,0.1,31.3927,61.8723,1059019.0,250.0,1.0,3164.0,0.2,0,980,1,0.7209248645944628,0.0989564105534893,0.5446983982262374
2025,Malakand,37,0.9286,27.2358,69.9752,870427.0,700.0,1.0,952.0,0.2,40,817,0,,0.2607826352001889,
2025,Mansehra,37,2.0571,23.8421,79.2301,1881089.0,1000.0,0.0,4579.0,0.2,271,1025,5,,0.3754306571516964,
2025,Mardan,37,0.4286,28.6136,75.9501,2868781.0,300.0,0.0,1632.0,0.65,17,1220,20,,0.3058669384422387,
2025,Mohmand,37,0.9286,27.2358,69.9752,563359.0,600.0,0.0,2296.0,0.2,67,163,7,0.697029377974725,0.1507002798150584,0.503419224246403
2025,North Waziristan,37,0.9143,15.0259,75.4609,656447.0,1000.0,1.0,4707.0,0.2,0,46,16,0.0903725976820566,0.1176347133692644,0.0642522116060471
2025,Nowshera,37,1.1,29.699,70.8899,1835149.0,280.0,2.0,1748.0,0.65,53,2805,16,,0.2484976721195763,
2025,Orakzai,37,0.3571,26.6543,61.7902,307067.0,1200.0,0.0,1538.0,0.2,6,101,0,0.1206363821341003,0.2189879307542191,0.0332732859186586
2025,Peshawar,37,0.0714,30.0722,66.6531,5160904.0,330.0,0.0,1257.0,0.75,461,5069,15,,0.2361670187920145,
2025,Shangla,37,3.3143,18.1631,80.1396,915157.0,2000.0,2.0,1586.0,0.35,0,1399,15,,0.3356447943149762,
2025,South Waziristan (Lower),37,0.2143,27.0096,64.0144,820861.0,,,,,76,72,10,,,
2025,South Waziristan (Upper),37,,,,0.0,,,,,16,79,6,,,
2025,Swabi,37,0.8714,28.1613,77.2495,1963296.0,340.0,2.0,1543.0,0.65,641,1659,46,,0.3149706758337373,
2025,Swat,37,1.6,24.5581,80.1007,2791410.0,980.0,1.0,5337.0,0.35,416,3898,57,,0.2753643526027702,
2025,Tank,37,0.1714,30.9931,65.0947,472690.0,250.0,0.0,1679.0,0.2,54,565,5,0.5159534662221917,0.1316834388895097,
2025,Tor Ghar,37,0.7714,27.679,77.0435,206726.0,,,,,0,100,1,,,
2025,Upper Kurram,37,0.7286,16.9485,78.4512,748325.0,,,,,106,204,15,,,
2025,Badin,38,0.0429,28.3002,76.7926,2182111.0,9.0,1.0,6726.0,0.35,6381,3452,164,0.2645034045841233,0.084115666028801,0.2582382820063673
2025,Dadu,38,0.0,30.8013,68.0975,1873835.0,40.0,2.0,19070.0,0.35,4024,2624,509,0.3965672933654576,0.140550079821917,0.369513610274183
2025,Ghotki,38,0.0,30.8731,64.7864,1989892.0,72.0,1.0,6083.0,0.35,5449,1310,238,0.5581099120292534,0.2415853269487571,0.4974804662233684
2025,Hyderabad,38,0.0,28.8554,74.1076,2659637.0,20.0,2.0,993.0,0.75,1425,2635,42,0.179959946965008,0.1952903993154193,0.1543988041911899
2025,Jacobabad,38,0.0,32.2601,59.7912,1216179.0,55.0,0.0,2686.0,0.35,1507,940,182,0.3687120167709929,0.3178028059242759,0.3089380735836772
2025,Jamshoro,38,0.0,28.97,73.5318,1200463.0,33.0,2.0,11204.0,0.35,3346,1875,87,,,
2025,Kamber,38,0.0,30.8375,69.3457,1621170.0,50.0,0.0,5599.0,0.2,4646,2161,189,,,
2025,Central,38,0.4571,27.3583,82.2235,3591719.0,10.0,0.0,69.0,0.95,55,1065,15,,,
2025,East,38,0.4143,27.2518,83.7523,3514347.0,10.0,0.0,165.0,0.95,62,279,3,,,
2025,Keamari,38,0.4714,27.5177,82.1035,2215961.0,2.0,0.0,559.0,0.2,17,675,1,0.2763429160462721,0.083295930543954,0.2319465124269844
2025,Korangi,38,0.4143,27.4145,82.9867,2970331.0,8.0,0.0,95.0,0.2,63,386,0,,,
2025,Malir,38,0.4429,27.2035,83.736,2428732.0,20.0,0.0,2268.0,0.75,181,1739,38,,0.1162016071925066,
2025,South,38,1.1286,26.8777,84.4227,2166395.0,4.0,0.0,122.0,0.95,3,115,0,,,
2025,West,38,0.6857,27.5174,81.9526,4732945.0,15.0,0.0,929.0,0.75,333,834,63,0.2763429160462721,0.083295930543954,0.2319465124269844
2025,Kashmore,38,0.0,30.7822,65.5775,1316520.0,60.0,2.0,2592.0,0.35,2125,373,121,,,
2025,Khairpur,38,0.0,30.5587,67.2348,2908676.0,53.0,2.0,15910.0,0.5,6374,3202,213,0.7482217263928532,0.1576272008757697,0.5735918504300784
2025,Larkana,38,0.0,31.1973,66.2391,1842403.0,48.0,2.0,1906.0,0.5,7146,1951,34,0.3494118725283331,0.2590468593968497,0.3343044801498437
2025,Matiari,38,0.0,29.0883,73.1031,930873.0,25.0,2.0,1417.0,0.2,4478,1869,82,,,
2025,Mirpurkhas,38,0.0143,28.8039,74.3047,1820642.0,16.0,0.0,2925.0,0.5,6278,3346,99,,,
2025,Naushero Feroze,38,0.0,29.9935,72.0366,1948788.0,38.0,2.0,2945.0,0.2,1832,1255,247,0.2477131310579594,0.2679230223392875,0.2200912433976409
2025,Sanghar,38,0.0,29.204,72.1334,2486760.0,16.0,1.0,10608.0,0.2,8070,2346,226,0.409818766956489,0.2377252746300836,0.149258442633092
2025,Shaheed Benazirabad,38,0.0,29.671,72.8371,1949997.0,30.0,2.0,4502.0,0.5,3467,2112,143,0.3767186341191571,0.2488157563363458,0.3453506726958863
2025,Shikarpur,38,0.0,32.2635,58.4509,1488188.0,52.0,1.0,2512.0,0.35,2869,1333,257,0.3246725552513085,0.3435694081895546,0.2840896260167422
2025,Sujawal,38,0.0571,28.1087,77.5918,945380.0,,,,,1916,3704,75,,,
2025,Sukkur,38,0.0,31.1324,63.1637,1798882.0,65.0,2.0,5165.0,0.75,2555,1465,73,0.641163334458657,0.156515185463248,0.4664155828075848
2025,Tando Allahyar,38,0.0,28.4816,75.9561,1011871.0,18.0,0.0,2343.0,0.2,4640,1588,38,,,
2025,Tando Muhammad Khan,38,0.0429,28.5076,75.8615,818443.0,14.0,2.0,1733.0,0.2,2863,1741,145,,,
2025,Tharparkar,38,0.0714,28.9123,72.8259,1994728.0,56.0,0.0,19638.0,0.35,4077,2476,1,0.1776658037030579,0.2218203092913981,0.1163711478791099
2025,Thatta,38,0.0857,27.9843,78.7473,1184747.0,10.0,2.0,17355.0,0.35,3422,1799,109,0.6636853560442284,0.1327574090111197,0.6329723992951138
2025,Umerkot,38,0.0286,29.0152,71.7523,1297177.0,12.0,0.0,5608.0,0.35,2904,1690,0,0.2663372436255275,0.2286136586563526,0.1745340655947417
2025,Barkhan,38,0.1,28.8164,55.0045,206726.0,1100.0,0.0,3514.0,0.2,119,99,28,0.1909374277968698,0.1543332530215907,0.1281897019454787
2025,Chagai,38,0.0,31.5244,13.8046,273217.0,919.0,0.0,44748.0,0.2,62,152,0,0.8302416417170754,0.0329406935928637,0.7696698087373479
2025,Chaman,38,,,,0.0,1340.0,0.0,1341.0,0.2,45,0,0,,,
2025,Dera Bugti,38,0.1571,29.7452,62.5358,378394.0,250.0,0.0,10160.0,0.2,82,85,0,0.4698220557304416,0.0970401007031831,0.4244377261352392
2025,Gwadar,38,0.0,27.3494,87.8252,317947.0,12.0,0.0,12637.0,0.35,3,17,2,0.7144229670783641,0.0182872488293812,0.6936980805001801
2025,Harnai,38,,,,0.0,,,,,101,254,4,,,
2025,Hub,38,0.4286,27.2183,81.6077,461810.0,,,,,50,152,2,,,
2025,Jaffarabad,38,,,,621388.0,55.0,1.0,1643.0,0.2,777,555,36,0.5041242879856458,0.2755073944113583,0.4652102663551131
2025,Jhal Magsi,38,,,,180130.0,60.0,0.0,3615.0,0.2,343,310,0,0.739042040078918,0.0980686652094734,0.728438962846388
2025,Kachhi (Bolan),38,0.0,29.2831,46.7153,417079.0,,,,,122,197,29,,,
2025,Kalat,38,0.0,21.8425,18.4266,498077.0,2000.0,0.0,7654.0,0.2,1,2,0,0.1715430807747693,0.0782212039868629,0.1445095516361985
2025,Kech (Turbat),38,,,,1098914.0,,,,,797,574,0,,,
2025,Kharan,38,0.0,31.8943,17.1644,188592.0,700.0,0.0,14958.0,0.2,55,223,0,0.6429793066581485,0.035863867661397,0.6264897075979372
2025,Khuzdar,38,0.0,27.8949,33.6503,969559.0,1237.0,0.0,35380.0,0.2,17,36,0,0.1108406815881147,0.1058819430955144,0.0637087935472168
2025,Killa Abdullah,38,0.0,26.2147,13.1129,915157.0,1500.0,0.0,3553.0,0.2,14,233,1,0.5394291309759133,0.0562996533233267,0.4492431817214823
2025,Killa Saifullah,38,0.0,25.6868,19.9387,413453.0,1500.0,0.0,6831.0,0.2,324,306,5,0.4628453720442898,0.0647970101686513,0.4249987248452371
2025,Kohlu,38,0.1429,27.4633,55.4864,258710.0,1000.0,0.0,7610.0,0.2,97,142,2,0.1732331734363429,0.1155146761027877,0.1466229696010905
2025,Lasbella,38,1.7857,26.166,87.159,697550.0,,,,,515,545,5,,,
2025,Loralai,38,0.0,25.4165,36.0449,479944.0,1400.0,0.0,3785.0,0.2,79,279,1,0.2186016729512445,0.0969116420640914,0.188227935372179
2025,Mastung,38,0.0,23.3402,18.6759,321574.0,1700.0,0.0,3308.0,0.2,76,179,0,0.2347873080421637,0.0707928463094036,0.2066991278292042
2025,MusaKhel,38,0.0,26.0966,49.7795,201891.0,,,,,306,149,3,0.2608065521856822,0.1462491088224824,0.1227083606637214
2025,Naseerabad,38,0.0,33.1096,56.4138,592374.0,,,,,130,368,57,,,
2025,Nushki,38,0.0,28.9598,15.7853,0.0,900.0,0.0,5797.0,0.2,5,151,0,,,
2025,Panjgur,38,0.0,28.8135,38.0776,382021.0,900.0,0.0,16891.0,0.2,18,54,0,0.4549620610090441,0.0371169265409247,0.3886754307880924
2025,Pishin,38,0.0,23.8313,17.7026,889769.0,1550.0,0.0,6218.0,0.2,43,531,3,0.3907393131328427,0.0596015193226175,0.3702468102657391
2025,Quetta,38,0.0,23.4944,20.1374,2751515.0,1680.0,0.0,3447.0,0.75,25,584,0,0.3395019760797489,0.0615907690941005,0.3077539074308742
2025,Sibi,38,0.0,33.7102,49.0047,163205.0,130.0,0.0,7121.0,0.2,161,412,2,0.1566120635826203,0.1154455222654272,0.1366188115672351
2025,Sohbat pur,38,0.0,32.9116,56.7961,241785.0,,,,,19,68,18,,,
2025,Surab,38,0.0,22.8857,20.9384,0.0,,,,,3,15,0,,,
2025,Usta Muhammad,38,0.0,30.7392,70.6847,314321.0,,,,,186,578,21,,,
2025,Zhob,38,0.0,26.2599,45.7482,374767.0,1400.0,0.0,20297.0,0.2,54,40,0,0.51911825884085,0.0684246817666673,0.3898290515291134
2025,Ziarat,38,,,,0.0,2400.0,0.0,3301.0,0.2,41,99,0,0.042945974055687,0.0864745257592355,0.038341576386076
2025,Abbottabad,38,1.8571,23.2765,71.7492,1611498.0,1256.0,0.0,1967.0,0.75,1,1234,22,0.0938594588477172,0.3225836082923744,
2025,Bajaur,38,1.0429,22.8006,59.1479,1321356.0,900.0,0.0,1290.0,0.2,426,695,5,0.0137901615452067,0.1932897635594327,
2025,Bannu,38,1.4857,31.0229,54.9392,1410816.0,312.0,1.0,1227.0,0.2,1342,943,96,0.427383765364147,0.166470578220964,0.3108539415654076
2025,Battagram,38,2.9143,22.8385,72.8941,575449.0,1036.0,0.0,1301.0,0.2,164,474,0,,,
2025,Buner,38,2.2571,24.7321,75.3136,1084406.0,700.0,0.0,1865.0,0.35,193,304,6,0.0038484557075544,0.2799939549460177,
2025,Charsadda,38,2.9286,27.4001,73.5859,1953624.0,300.0,2.0,996.0,0.2,543,2437,153,0.0352358690646185,0.2711538913571179,
2025,Chitral Lower,38,0.4,21.4235,60.5885,336081.0,1500.0,1.0,6458.0,0.35,69,680,10,0.1020466065103868,0.0555383284620093,0.0
2025,Chitral Upper,38,0.4,21.4235,60.5885,204308.0,2500.0,1.0,8392.0,0.2,10,223,21,0.1020466065103868,0.0555383284620093,0.0
2025,D.I. Khan,38,0.7286,31.7109,62.8198,2050338.0,,,,,997,2098,0,,,
2025,Dir Lower,38,1.4857,28.9863,67.921,1734809.0,800.0,1.0,1583.0,0.35,245,1741,33,,,
2025,Dir Upper,38,0.3143,20.0024,66.9182,1143644.0,1200.0,1.0,3699.0,0.35,25,1636,17,,,
2025,Hangu,38,1.7429,26.4809,61.914,627433.0,900.0,0.0,1097.0,0.2,289,294,12,0.1169925164371962,0.2173203675041686,0.0276831933018872
2025,Haripur,38,3.1429,26.2152,76.5695,1212553.0,605.0,2.0,1725.0,0.65,9,1441,3,0.1661279806554118,0.3000861224948515,
2025,Karak,38,0.8857,29.9357,53.6195,853502.0,500.0,0.0,3372.0,0.2,296,716,9,0.3578969735697403,0.1699156274130787,0.2225585114093359
2025,Khyber,38,1.2,27.1716,59.4637,1193210.0,1000.0,0.0,2576.0,0.2,720,779,155,0.0595419321566855,0.1529009316421648,0.0205381609837434
2025,Kohat,38,1.0857,29.2897,56.9021,1200463.0,500.0,0.0,2545.0,0.65,503,926,14,0.2076577102436439,0.1814648221193915,0.0056869420642777
2025,Kohistan Lower,38,0.6,5.0579,73.0253,244203.0,1500.0,2.0,1200.0,0.2,2,218,0,0.1525022045192345,0.1600538696896798,
2025,Kohistan Upper,38,0.6,5.0579,73.0253,369931.0,2500.0,2.0,4000.0,0.2,53,327,2,0.1525022045192345,0.1600538696896798,
2025,Kolai Palas,38,0.6,5.0579,73.0253,331246.0,,,,,6,68,2,,,
2025,L & C Kurram,38,1.0571,15.9958,75.5352,604463.0,,,,,27,38,7,,,
2025,Lakki Marwat,38,2.2286,31.4123,57.6717,1059019.0,250.0,1.0,3164.0,0.2,859,931,18,0.7555255179305601,0.119484132744309,0.6720547986827676
2025,Malakand,38,5.8857,26.0849,65.9642,870427.0,700.0,1.0,952.0,0.2,52,1068,9,0.0064308215645234,0.2855624997156814,
2025,Mansehra,38,1.5714,23.207,72.6392,1881089.0,1000.0,0.0,4579.0,0.2,12,1105,24,0.1085971463713995,0.2681422008533182,
2025,Mardan,38,2.6143,27.2948,74.5329,2868781.0,300.0,0.0,1632.0,0.65,346,971,10,0.0165549454240381,0.2842313561961475,
2025,Mohmand,38,5.8857,26.0849,65.9642,563359.0,600.0,0.0,2296.0,0.2,374,161,6,0.1039993702389834,0.1390146321022482,0.2345861370972153
2025,North Waziristan,38,0.3571,13.7648,71.5011,656447.0,1000.0,1.0,4707.0,0.2,85,34,34,0.1729472187333878,0.1482017558831095,0.0597248210478688
2025,Nowshera,38,1.4857,29.0448,67.9318,1835149.0,280.0,2.0,1748.0,0.65,778,2700,13,0.1338206010626091,0.2051678686265625,
2025,Orakzai,38,1.3,25.6537,60.7526,307067.0,1200.0,0.0,1538.0,0.2,30,75,0,0.0237215532863183,0.2510134012273007,0.0227043648159336
2025,Peshawar,38,0.6429,29.6374,61.3572,5160904.0,330.0,0.0,1257.0,0.75,81,4929,203,0.0405351887844317,0.1892586574797596,
2025,SD Tank,38,0.6286,31.4267,58.0939,604463.0,,,,,13,22,0,,,
2025,Shangla,38,2.5714,17.4869,68.5831,915157.0,2000.0,2.0,1586.0,0.35,1158,1688,105,0.0051685619028205,0.2296199790637229,
2025,South Waziristan (Lower),38,0.3,27.1798,56.7394,820861.0,,,,,71,70,15,,,
2025,South Waziristan (Upper),38,,,,0.0,,,,,89,83,0,,,
2025,Swabi,38,6.8429,26.8069,75.9852,1963296.0,340.0,2.0,1543.0,0.65,155,1311,58,0.1378339549737159,0.2680783608887374,
2025,Swat,38,8.8286,23.3846,74.2828,2791410.0,980.0,1.0,5337.0,0.35,155,3523,73,0.0756668085144372,0.1729474159136851,
2025,Tank,38,0.6286,31.4267,58.0939,472690.0,250.0,0.0,1679.0,0.2,237,585,2,0.5813872420763891,0.1517556006270748,0.4929289097078452
2025,Tor Ghar,38,5.2857,26.7525,76.3553,206726.0,,,,,80,89,6,,,
2025,Upper Kurram,38,1.0571,15.9958,75.5352,748325.0,,,,,23,165,15,,,
2025,Badin,39,0.0143,28.73,71.7396,2182111.0,9.0,1.0,6726.0,0.35,5586,2727,119,0.1962580129945419,,0.1781014068788541
2025,Dadu,39,0.0,30.406,65.3632,1873835.0,40.0,2.0,19070.0,0.35,3719,2535,402,0.3640179281307015,0.1497199076872531,0.2865212059398489
2025,Ghotki,39,0.0,30.693,59.9124,1989892.0,72.0,1.0,6083.0,0.35,5271,1262,211,0.1510642406430775,0.2065112663090891,0.1393562394985935
2025,Hyderabad,39,0.0286,29.7634,65.666,2659637.0,20.0,2.0,993.0,0.75,1509,1942,40,0.1136335246298653,,0.1027525690704305
2025,Jacobabad,39,0.0,32.4914,51.211,1216179.0,55.0,0.0,2686.0,0.35,1571,820,140,0.2492905430713643,0.3423442433035555,0.232219863993157
2025,Jamshoro,39,0.0,29.6578,66.3616,1200463.0,33.0,2.0,11204.0,0.35,3334,1915,83,,,
2025,Kamber,39,0.0,32.6678,53.6284,1621170.0,50.0,0.0,5599.0,0.2,4124,1780,185,,,
2025,Central,39,0.3,28.1208,76.7817,3591719.0,10.0,0.0,69.0,0.95,54,1211,29,0.0,0.0674648565585158,
2025,East,39,0.1571,27.8905,79.3725,3514347.0,10.0,0.0,165.0,0.95,44,328,2,0.0103164000502403,0.1000591574589211,
2025,Keamari,39,0.5,27.9835,78.6696,2215961.0,2.0,0.0,559.0,0.2,16,714,2,0.1668392455835917,0.1905545739540111,0.1789313938838621
2025,Korangi,39,0.3714,28.0698,78.3287,2970331.0,8.0,0.0,95.0,0.2,109,397,0,0.0103164000502403,0.1000591574589211,
2025,Malir,39,0.0571,27.9208,78.8545,2428732.0,20.0,0.0,2268.0,0.75,187,1660,42,0.2072100403099,0.1790643911217562,
2025,South,39,0.7857,27.0286,82.9566,2166395.0,4.0,0.0,122.0,0.95,6,100,0,0.0139259799643057,0.0950809768426856,
2025,West,39,0.3714,27.9525,78.8954,4732945.0,15.0,0.0,929.0,0.75,387,799,71,0.1668392455835917,0.1905545739540111,0.1789313938838621
2025,Kashmore,39,0.0,30.7027,60.0777,1316520.0,60.0,2.0,2592.0,0.35,1976,362,27,,,
2025,Khairpur,39,0.0,31.8298,53.3914,2908676.0,53.0,2.0,15910.0,0.5,7173,3035,335,0.4096781881676365,0.1924128831128412,0.3957525199487699
2025,Larkana,39,0.0,32.4664,52.8564,1842403.0,48.0,2.0,1906.0,0.5,6906,1765,22,0.3357276405553284,0.2753809749294348,0.2268331115467696
2025,Matiari,39,0.0,30.1148,63.9783,930873.0,25.0,2.0,1417.0,0.2,4089,1515,62,,,
2025,Mirpurkhas,39,0.0143,29.6438,65.9514,1820642.0,16.0,0.0,2925.0,0.5,6566,2999,114,,,
2025,Naushero Feroze,39,0.0,31.0548,59.9504,1948788.0,38.0,2.0,2945.0,0.2,1773,1431,184,0.1522640056556422,0.189706642472445,0.108758290661996
2025,Sanghar,39,0.0,30.4876,61.2962,2486760.0,16.0,1.0,10608.0,0.2,7532,2121,135,0.0766455356096694,0.1006623434431016,0.0741773131648911
2025,Shaheed Benazirabad,39,0.0,30.3659,64.1912,1949997.0,30.0,2.0,4502.0,0.5,2746,1783,143,0.1519153499293685,,0.1283918290356101
2025,Shikarpur,39,0.0,32.7686,49.3546,1488188.0,52.0,1.0,2512.0,0.35,1718,907,163,0.2160914085888832,0.3439287191702072,0.1917307486853593
2025,Sujawal,39,0.0429,28.456,75.2305,945380.0,,,,,2595,1745,63,,,
2025,Sukkur,39,0.0,31.6571,53.714,1798882.0,65.0,2.0,5165.0,0.75,3164,1381,100,0.4337621394738937,0.1553751960796607,0.4123992150745258
2025,Tando Allahyar,39,0.0286,29.484,66.918,1011871.0,18.0,0.0,2343.0,0.2,5058,1085,31,,,
2025,Tando Muhammad Khan,39,0.0,29.1892,69.4328,818443.0,14.0,2.0,1733.0,0.2,2831,1375,104,,,
2025,Tharparkar,39,0.0,29.9611,62.2472,1994728.0,56.0,0.0,19638.0,0.35,4282,2203,0,0.1760082283204592,,0.1047042804120089
2025,Thatta,39,0.1286,28.2855,76.4434,1184747.0,10.0,2.0,17355.0,0.35,1883,1056,82,0.3970128333226922,0.0041030610684881,0.5632973013586993
2025,Umerkot,39,0.0,29.9687,62.0819,1297177.0,12.0,0.0,5608.0,0.35,3362,1788,0,,,
2025,Barkhan,39,0.0,28.7795,51.276,206726.0,1100.0,0.0,3514.0,0.2,147,65,25,0.1557008740334273,0.142871776815644,0.1285843688785002
2025,Chagai,39,0.0,31.3816,13.8498,273217.0,919.0,0.0,44748.0,0.2,57,152,0,0.7281032021702246,0.0456377266257911,0.805771355138395
2025,Chaman,39,,,,0.0,1340.0,0.0,1341.0,0.2,24,0,7,,,
2025,Dera Bugti,39,0.0,29.6609,56.155,378394.0,250.0,0.0,10160.0,0.2,68,81,0,0.4393712060118743,0.0944360595379599,0.4138255674744911
2025,Harnai,39,,,,0.0,,,,,100,246,3,,,
2025,Hub,39,0.2286,27.5511,79.2712,461810.0,,,,,140,247,2,,,
2025,Jaffarabad,39,,,,621388.0,55.0,1.0,1643.0,0.2,845,602,59,0.4435718198409275,0.2851839031310532,0.4070324300431441
2025,Jhal Magsi,39,,,,180130.0,60.0,0.0,3615.0,0.2,375,350,10,0.7571539453328744,0.0976600571005173,0.7282348382521164
2025,Kachhi (Bolan),39,0.0,29.4372,43.7009,417079.0,,,,,33,82,29,,,
2025,Kalat,39,0.0,21.9306,20.6621,498077.0,2000.0,0.0,7654.0,0.2,5,2,0,0.1562141699810928,0.0743970309695459,0.1035010881095327
2025,Kech (Turbat),39,,,,1098914.0,,,,,573,601,1,,,
2025,Kharan,39,0.0,31.8964,14.415,188592.0,700.0,0.0,14958.0,0.2,44,214,0,0.6425259603303164,0.0473658651475257,0.610839145448194
2025,Khuzdar,39,0.5143,27.9464,42.5644,969559.0,1237.0,0.0,35380.0,0.2,82,185,0,0.157048313670001,0.0996507821669327,0.0742340671909488
2025,Killa Abdullah,39,0.0,26.7204,13.2692,915157.0,1500.0,0.0,3553.0,0.2,23,250,13,,0.0592634165393152,
2025,Killa Saifullah,39,0.0,25.4793,16.5323,413453.0,1500.0,0.0,6831.0,0.2,264,267,10,0.5118562171037373,0.0620429712648292,0.4211079622682536
2025,Kohlu,39,0.0,27.2047,53.3399,258710.0,1000.0,0.0,7610.0,0.2,90,164,3,0.1649531324043288,0.106223611711823,0.141657645023713
2025,Lasbella,39,0.9286,26.274,85.9094,697550.0,,,,,460,514,7,,,
2025,Loralai,39,0.0,25.4594,30.8717,479944.0,1400.0,0.0,3785.0,0.2,56,262,0,0.2128409372347383,0.0919030505019803,0.1909159052333085
2025,Mastung,39,0.0,23.9161,17.6893,321574.0,1700.0,0.0,3308.0,0.2,86,177,2,0.0908779844398142,0.0691784570202694,0.0067117687327186
2025,Naseerabad,39,0.0,33.592,47.5181,592374.0,,,,,154,334,60,,,
2025,Nushki,39,0.0,29.2595,14.514,0.0,900.0,0.0,5797.0,0.2,10,164,0,,,
2025,Panjgur,39,0.0,28.7412,40.1992,382021.0,900.0,0.0,16891.0,0.2,257,102,0,0.3529170664919733,0.0495432775936419,0.3549126917054422
2025,Pishin,39,0.0,24.1307,16.6026,889769.0,1550.0,0.0,6218.0,0.2,47,460,8,0.5467544350383642,0.0604085577746621,0.3363218841951938
2025,Quetta,39,0.0,24.1212,18.1929,2751515.0,1680.0,0.0,3447.0,0.75,26,540,0,0.0,0.0625631243171645,0.0
2025,Sibi,39,0.0,33.2123,46.3164,163205.0,130.0,0.0,7121.0,0.2,228,542,2,0.1940538302470313,0.1034736023589088,0.13490126223298
2025,Sohbat pur,39,0.0,33.0648,48.8492,241785.0,,,,,97,240,14,,,
2025,Surab,39,0.0,23.1392,19.8303,0.0,,,,,1,14,0,,,
2025,Usta Muhammad,39,0.0,31.1695,60.8593,314321.0,,,,,192,707,31,,,
2025,Washuk,39,0.0,25.5137,32.0672,212771.0,700.0,0.0,33093.0,0.2,63,62,2,,,
2025,Zhob,39,0.0,25.7646,40.6245,374767.0,1400.0,0.0,20297.0,0.2,43,51,0,0.3988874354328461,0.0667700717324385,0.3787925108288947
2025,Ziarat,39,,,,0.0,2400.0,0.0,3301.0,0.2,53,61,7,0.1148828566367359,0.0826061136680879,0.0293421241140232
2025,Abbottabad,39,0.4714,23.77,57.4104,1611498.0,1256.0,0.0,1967.0,0.75,122,1286,21,0.0023610071676471,,0.0036177416464685
2025,Bajaur,39,0.0286,22.7732,46.9179,1321356.0,900.0,0.0,1290.0,0.2,482,620,1,,0.2563553234397718,
2025,Bannu,39,0.2143,29.8806,50.9607,1410816.0,312.0,1.0,1227.0,0.2,1717,1038,69,0.4692986604618709,0.1650078280814466,0.3850330596475975
2025,Battagram,39,0.3714,22.4445,65.2962,575449.0,1036.0,0.0,1301.0,0.2,197,472,0,,,
2025,Buner,39,0.3714,24.4797,66.9912,1084406.0,700.0,0.0,1865.0,0.35,212,354,8,0.0157790889375073,0.3740051309650065,0.0023462495556345
2025,Charsadda,39,2.5857,26.6448,71.9088,1953624.0,300.0,2.0,996.0,0.2,571,2234,37,,0.2585713552114894,
2025,Chitral Lower,39,0.0143,20.9396,48.9268,336081.0,1500.0,1.0,6458.0,0.35,38,694,7,0.1681848987037423,0.0467272121629456,0.0492673283543538
2025,Chitral Upper,39,0.0143,20.9396,48.9268,204308.0,2500.0,1.0,8392.0,0.2,11,203,14,0.1681848987037423,0.0467272121629456,0.0492673283543538
2025,D.I. Khan,39,0.0,30.1201,67.2962,2050338.0,,,,,1466,2251,0,,,
2025,Dir Lower,39,0.5857,28.6375,61.6696,1734809.0,800.0,1.0,1583.0,0.35,202,1827,6,,,
2025,Dir Upper,39,0.0286,19.4827,56.7326,1143644.0,1200.0,1.0,3699.0,0.35,21,1595,11,,,
2025,Hangu,39,0.7429,25.8937,52.8677,627433.0,900.0,0.0,1097.0,0.2,156,382,12,0.1853488980125905,0.2203093584620408,0.0988541384369818
2025,Haripur,39,0.7286,25.3372,70.7964,1212553.0,605.0,2.0,1725.0,0.65,2,1316,10,0.1433747398910726,,0.1208260274174932
2025,Karak,39,0.3571,29.7964,46.8238,853502.0,500.0,0.0,3372.0,0.2,373,679,7,0.5398867079976052,0.162153386679273,0.3804556117411436
2025,Khyber,39,0.0143,26.4034,51.4882,1193210.0,1000.0,0.0,2576.0,0.2,774,836,133,0.0824054831891752,0.2201349102590386,0.0200066045192833
2025,Kohat,39,0.2,29.0796,48.1121,1200463.0,500.0,0.0,2545.0,0.65,428,865,18,0.0979321578416584,0.1634698882400941,0.0191406973564668
2025,Kohistan Lower,39,0.2714,4.5184,64.9711,244203.0,1500.0,2.0,1200.0,0.2,1,120,0,0.0529727000996346,0.1345829402005384,0.0152219496732018
2025,Kohistan Upper,39,0.2714,4.5184,64.9711,369931.0,2500.0,2.0,4000.0,0.2,78,395,7,0.0529727000996346,0.1345829402005384,0.0152219496732018
2025,Kolai Palas,39,0.2714,4.5184,64.9711,331246.0,,,,,12,116,4,,,
2025,L & C Kurram,39,0.5286,15.0762,66.3635,604463.0,,,,,15,37,0,,,
2025,Lakki Marwat,39,0.3714,29.5992,59.0626,1059019.0,250.0,1.0,3164.0,0.2,1184,965,14,0.8199553584295064,0.1175974324175546,0.72766512761368
2025,Malakand,39,0.9714,26.4165,54.5215,870427.0,700.0,1.0,952.0,0.2,101,1532,6,,0.3071425011226087,
2025,Mansehra,39,0.5571,22.8722,63.2341,1881089.0,1000.0,0.0,4579.0,0.2,16,1142,31,0.1034890604483011,0.1387265863988327,0.0290762815437611
2025,Mardan,39,1.5429,26.1005,73.086,2868781.0,300.0,0.0,1632.0,0.65,432,1452,19,0.0525676902022462,0.292649649150519,0.000744088870473
2025,Mohmand,39,0.9714,26.4165,54.5215,563359.0,600.0,0.0,2296.0,0.2,391,132,5,,0.170908431869567,
2025,North Waziristan,39,1.1714,13.5166,59.2119,656447.0,1000.0,1.0,4707.0,0.2,80,35,19,0.0926469144829887,0.147875267856171,0.071194975632643
2025,Nowshera,39,0.5857,28.696,61.682,1835149.0,280.0,2.0,1748.0,0.65,861,2762,18,0.4262936989097818,0.2009276821583716,0.1728275566740285
2025,Orakzai,39,0.6714,24.8439,52.8297,307067.0,1200.0,0.0,1538.0,0.2,21,109,0,0.1145439790209846,0.2940230332387977,0.0227042221211399
2025,Peshawar,39,0.3,28.5564,64.0743,5160904.0,330.0,0.0,1257.0,0.75,81,5047,125,,0.1935038876625177,
2025,Shangla,39,0.7286,17.9982,57.2778,915157.0,2000.0,2.0,1586.0,0.35,1127,1230,2,0.0066366657781386,0.3850404799780627,0.0026789411300799
2025,South Waziristan (Lower),39,0.0,26.5262,48.3966,820861.0,,,,,66,78,16,,,
2025,South Waziristan (Upper),39,,,,0.0,,,,,95,79,0,,,
2025,Swabi,39,0.6,25.8313,72.5947,1963296.0,340.0,2.0,1543.0,0.65,175,1467,64,0.2054877665003789,0.2730235332145915,0.1260391154554484
2025,Swat,39,0.3571,23.159,65.3212,2791410.0,980.0,1.0,5337.0,0.35,111,3271,35,0.1348044689989863,0.2297901213136254,0.0432355758884076
2025,Tank,39,0.0,30.2904,54.7517,472690.0,250.0,0.0,1679.0,0.2,334,665,1,0.5169754243545731,0.1515922130374327,0.4918714306073571
2025,Tor Ghar,39,0.6143,25.8951,71.0508,206726.0,,,,,102,109,26,,,
2025,Upper Kurram,39,0.5286,15.0762,66.3635,748325.0,,,,,27,212,10,,,
2025,Badin,40,3.6857,28.435,78.2997,2182111.0,9.0,1.0,6726.0,0.35,4327,2354,252,0.2744305737194578,0.2684140945008034,0.1758560141940895
2025,Dadu,40,0.0143,30.7096,62.2434,1873835.0,40.0,2.0,19070.0,0.35,4005,2501,125,0.4122739620739445,0.1598080016625763,0.3105805366177983
2025,Ghotki,40,0.0143,31.2454,56.7592,1989892.0,72.0,1.0,6083.0,0.35,5806,1211,78,0.5495179548633107,0.2167753109872805,0.1431919700023137
2025,Hyderabad,40,1.7714,30.1196,67.688,2659637.0,20.0,2.0,993.0,0.75,1185,1553,83,0.2052419915780056,0.2709423253832811,0.1039308381215947
2025,Jacobabad,40,0.0,32.7765,45.2435,1216179.0,55.0,0.0,2686.0,0.35,1052,739,165,0.4481849749884515,0.2910523216867001,0.2759390543640813
2025,Jamshoro,40,0.8571,30.0382,68.01,1200463.0,33.0,2.0,11204.0,0.35,3219,1793,143,,,
2025,Kamber,40,0.0143,33.4988,45.1583,1621170.0,50.0,0.0,5599.0,0.2,3230,1547,27,,,
2025,Central,40,3.4857,29.6419,70.5615,3591719.0,10.0,0.0,69.0,0.95,40,1176,18,0.0,0.0839951384751387,0.0
2025,East,40,3.9714,29.1492,74.598,3514347.0,10.0,0.0,165.0,0.95,61,297,0,0.0401009374393404,0.1220952130648976,0.0059603329565306
2025,Keamari,40,2.3857,29.7683,71.2507,2215961.0,2.0,0.0,559.0,0.2,11,638,0,0.2535485600657087,0.2092491365606341,0.1129187646383902
2025,Korangi,40,2.9,29.632,71.7966,2970331.0,8.0,0.0,95.0,0.2,115,386,0,0.0401009374393404,0.1220952130648976,0.0059603329565306
2025,Malir,40,2.7286,29.1735,73.7716,2428732.0,20.0,0.0,2268.0,0.75,143,1277,2,0.2283958724202625,0.208001793840152,0.151817900916675
2025,South,40,0.6857,29.0917,70.3919,2166395.0,4.0,0.0,122.0,0.95,6,84,0,0.0402667952008128,0.1161235979453836,0.0080377265088649
2025,West,40,2.5143,29.7281,71.3935,4732945.0,15.0,0.0,929.0,0.75,301,802,21,0.2535485600657087,0.2092491365606341,0.1129187646383902
2025,Kashmore,40,0.0,31.3096,55.3044,1316520.0,60.0,2.0,2592.0,0.35,2194,335,3,,,
2025,Khairpur,40,0.3571,32.8983,50.1066,2908676.0,53.0,2.0,15910.0,0.5,6690,2790,135,0.913187962592188,0.1439752466515079,0.5179101131603927
2025,Larkana,40,0.0429,33.519,45.7695,1842403.0,48.0,2.0,1906.0,0.5,5508,1401,13,0.4380465538470229,0.2791176743733549,0.3175152436647775
2025,Matiari,40,0.5857,30.307,66.1033,930873.0,25.0,2.0,1417.0,0.2,3184,1211,61,,,
2025,Mirpurkhas,40,1.8857,29.975,67.0224,1820642.0,16.0,0.0,2925.0,0.5,5970,2493,28,,,
2025,Naushero Feroze,40,0.0429,32.017,55.5074,1948788.0,38.0,2.0,2945.0,0.2,2074,1335,21,0.3547503100165502,0.2648029015422072,0.1470564109492537
2025,Sanghar,40,1.3429,29.9572,68.7766,2486760.0,16.0,1.0,10608.0,0.2,6261,1898,973,0.5408026636336863,0.1956070809419455,0.0737532543991311
2025,Shaheed Benazirabad,40,0.4714,30.8641,62.33,1949997.0,30.0,2.0,4502.0,0.5,2520,1574,47,0.4393827385934556,0.2172838213477105,0.1287829107628021
2025,Shikarpur,40,0.0,33.4433,44.757,1488188.0,52.0,1.0,2512.0,0.35,1336,738,90,0.765360320586837,0.3368345775651901,0.4335529443727502
2025,Sujawal,40,4.7857,28.6637,77.4017,945380.0,,,,,1200,2838,50,,,
2025,Sukkur,40,0.0143,32.5509,50.6831,1798882.0,65.0,2.0,5165.0,0.75,2885,1322,63,0.6927544194840568,0.1540288389964156,0.4489535015812276
2025,Tando Allahyar,40,0.9571,29.6119,69.6877,1011871.0,18.0,0.0,2343.0,0.2,3724,1324,205,,,
2025,Tando Muhammad Khan,40,2.8,29.3618,72.1852,818443.0,14.0,2.0,1733.0,0.2,2089,1289,54,,,
2025,Tharparkar,40,2.7,28.6811,75.499,1994728.0,56.0,0.0,19638.0,0.35,3551,1922,38,0.2534059804067451,0.2179028530060589,0.1169707690402681
2025,Thatta,40,3.7286,28.8018,76.1334,1184747.0,10.0,2.0,17355.0,0.35,1402,1118,110,0.4838116040204353,0.1886349382150594,0.3451983580967419
2025,Umerkot,40,0.9,29.7589,68.7958,1297177.0,12.0,0.0,5608.0,0.35,3058,1687,44,0.433749294618787,0.2116986117178042,
2025,Barkhan,40,1.0714,27.9792,40.411,206726.0,1100.0,0.0,3514.0,0.2,113,84,33,0.3776418772896352,0.1465582611686516,0.1488664940833504
2025,Chagai,40,0.0,28.0515,12.0817,273217.0,919.0,0.0,44748.0,0.2,37,147,0,0.8201815217644916,0.047157310540517,0.7957917005879784
2025,Dera Bugti,40,1.0857,29.7752,46.5951,378394.0,250.0,0.0,10160.0,0.2,79,86,0,0.6316358095514695,0.0960418637042039,0.4705020637285465
2025,Gwadar,40,0.0,27.8375,85.0772,317947.0,12.0,0.0,12637.0,0.35,0,13,2,0.6798253811960773,0.0274741822118609,0.6199067893739313
2025,Harnai,40,,,,0.0,,,,,82,234,2,,,
2025,Hub,40,1.3429,29.1883,70.6579,461810.0,,,,,191,205,2,,,
2025,Jaffarabad,40,,,,621388.0,55.0,1.0,1643.0,0.2,745,514,52,0.6641309889070743,0.2737559964224912,0.5401319849284537
2025,Jhal Magsi,40,,,,180130.0,60.0,0.0,3615.0,0.2,206,253,9,0.7558210963195158,0.0905112690343112,0.7373837406132786
2025,Kachhi (Bolan),40,0.0,28.8164,31.6029,417079.0,,,,,227,275,29,,,
2025,Kalat,40,0.0,20.0598,22.9905,498077.0,2000.0,0.0,7654.0,0.2,11,11,0,0.1585352408255337,0.0758399138993918,0.0972311804383702
2025,Kharan,40,0.0,29.0738,12.1348,188592.0,700.0,0.0,14958.0,0.2,39,193,0,0.6162972410665649,0.0457836117478386,0.6023077528590309
2025,Khuzdar,40,0.0,25.5916,40.0289,969559.0,1237.0,0.0,35380.0,0.2,49,89,1,0.0785336329950974,0.1013365426760847,0.0582153640916914
2025,Killa Abdullah,40,0.0,24.0585,10.6517,915157.0,1500.0,0.0,3553.0,0.2,9,230,2,0.5444816530271541,0.0563481758695506,
2025,Killa Saifullah,40,0.0,23.5755,27.7245,413453.0,1500.0,0.0,6831.0,0.2,192,129,0,0.5328997966952591,0.062282346983012,0.5174362603626749
2025,Kohlu,40,0.8143,25.9401,43.4581,258710.0,1000.0,0.0,7610.0,0.2,94,165,26,0.4533155430930651,0.1089829235320317,0.2160516195679803
2025,Lasbella,40,0.1714,29.5424,65.4988,697550.0,,,,,544,406,4,,,
2025,Loralai,40,0.0143,23.9124,37.0343,479944.0,1400.0,0.0,3785.0,0.2,52,245,2,0.3195288972435884,0.0918533535967665,0.1584025473308652
2025,Mastung,40,0.0,21.353,29.905,321574.0,1700.0,0.0,3308.0,0.2,48,100,0,0.2299805139160801,0.06987422310727,0.0025519469347963
2025,MusaKhel,40,0.1143,24.365,42.9771,201891.0,,,,,239,139,1,0.4118043099783093,0.1459857532969505,0.1527325593877764
2025,Naseerabad,40,0.0143,33.764,42.5086,592374.0,,,,,122,279,94,,,
2025,Nushki,40,0.0,26.5833,13.8261,0.0,900.0,0.0,5797.0,0.2,10,155,0,,,
2025,Panjgur,40,0.0,27.1537,23.7377,382021.0,900.0,0.0,16891.0,0.2,151,93,0,0.4451197243115659,0.038149393448056,0.3559313524548967
2025,Pishin,40,0.0,21.7242,25.0349,889769.0,1550.0,0.0,6218.0,0.2,31,416,0,0.4648060600043601,0.0589046642814411,0.3961145991601033
2025,Quetta,40,0.0,21.667,30.6473,2751515.0,1680.0,0.0,3447.0,0.75,14,476,0,0.3307916164369362,0.061417854757543,0.0
2025,Sibi,40,0.0,32.6891,37.4057,163205.0,130.0,0.0,7121.0,0.2,251,420,2,0.1002092189570139,0.0901033114197128,0.0843595941245156
2025,Sohbat pur,40,0.0,33.2967,44.1758,241785.0,,,,,110,300,13,,,
2025,Usta Muhammad,40,0.0,31.649,50.2418,314321.0,,,,,171,816,16,,,
2025,Zhob,40,0.0,24.2861,36.8871,374767.0,1400.0,0.0,20297.0,0.2,47,76,0,0.5670833898652992,0.069868088062094,0.331214469902511
2025,Ziarat,40,,,,0.0,2400.0,0.0,3301.0,0.2,43,74,23,0.0627859144769173,0.0834983777567147,0.0449391258198129
2025,Abbottabad,40,2.6714,21.4087,58.7859,1611498.0,1256.0,0.0,1967.0,0.75,3,1035,9,0.1072280691064263,,0.0039321274809058
2025,Bajaur,40,1.7143,19.9884,52.1313,1321356.0,900.0,0.0,1290.0,0.2,341,561,3,0.0190382584312023,0.2463425467234845,
2025,Bannu,40,3.0714,27.672,55.1417,1410816.0,312.0,1.0,1227.0,0.2,1437,982,5,0.5095235691510398,0.1547269013513432,0.415436258549759
2025,Battagram,40,2.3857,20.1144,66.3392,575449.0,1036.0,0.0,1301.0,0.2,158,396,2,,,
2025,Buner,40,0.3286,22.3497,65.6715,1084406.0,700.0,0.0,1865.0,0.35,234,303,0,0.0019830571598508,0.3522215034488385,0.0002667385604229
2025,Charsadda,40,4.0571,24.2412,72.289,1953624.0,300.0,2.0,996.0,0.2,479,2188,99,0.0319648823693321,0.2767328804922269,
2025,Chitral Lower,40,1.1714,18.0577,52.8413,336081.0,1500.0,1.0,6458.0,0.35,34,506,2,0.1209830215455447,0.0329990816980385,0.053241172212437
2025,Chitral Upper,40,1.1714,18.0577,52.8413,204308.0,2500.0,1.0,8392.0,0.2,9,170,0,0.1209830215455447,0.0329990816980385,0.053241172212437
2025,D.I. Khan,40,1.0286,28.6743,62.2313,2050338.0,,,,,1347,2028,0,,,
2025,Dir Lower,40,3.4714,25.6744,69.3319,1734809.0,800.0,1.0,1583.0,0.35,157,1628,22,,,
2025,Dir Upper,40,0.8143,17.1899,59.925,1143644.0,1200.0,1.0,3699.0,0.35,15,1507,0,,,
2025,Hangu,40,3.0571,23.5836,58.2296,627433.0,900.0,0.0,1097.0,0.2,112,280,17,0.1318490299437663,0.2100583858527337,0.0909926064589917
2025,Haripur,40,2.3571,23.367,71.3602,1212553.0,605.0,2.0,1725.0,0.65,10,1076,46,0.1422106783276324,,0.1011524617242644
2025,Karak,40,1.4,27.0301,52.7518,853502.0,500.0,0.0,3372.0,0.2,273,639,2,0.4267135785170415,0.1543778504323998,0.4307186923455802
2025,Khyber,40,2.4143,23.6305,58.6334,1193210.0,1000.0,0.0,2576.0,0.2,594,647,0,0.0740499449143201,0.2253405463338549,0.0220808882138094
2025,Kohat,40,2.4714,26.4215,54.2221,1200463.0,500.0,0.0,2545.0,0.65,341,787,3,0.2513056798680471,0.1720140168401844,0.0251975078870845
2025,Kohistan Lower,40,0.0429,1.3841,71.873,244203.0,1500.0,2.0,1200.0,0.2,6,187,1,0.2027457928440556,0.0678820227455346,0.018031964105386
2025,Kohistan Upper,40,0.0429,1.3841,71.873,369931.0,2500.0,2.0,4000.0,0.2,48,235,0,0.2027457928440556,0.0678820227455346,0.018031964105386
2025,Kolai Palas,40,0.0429,1.3841,71.873,331246.0,,,,,0,53,0,,,
2025,L & C Kurram,40,0.9143,13.1086,68.1837,604463.0,,,,,1,17,0,,,
2025,Lakki Marwat,40,1.7143,27.7653,59.4387,1059019.0,250.0,1.0,3164.0,0.2,974,1002,14,0.7061891335470062,0.1117628566460842,0.6717026674676477
2025,Malakand,40,4.2571,24.0269,56.6419,870427.0,700.0,1.0,952.0,0.2,96,1045,0,0.0096568892829587,0.3070258725876503,
2025,Mansehra,40,1.8429,20.671,63.8696,1881089.0,1000.0,0.0,4579.0,0.2,24,788,45,0.1185470201125812,,0.0294978424424035
2025,Mardan,40,4.5143,23.9719,72.6425,2868781.0,300.0,0.0,1632.0,0.65,384,1276,32,0.0180901624996138,0.2927536735542536,0.0030638953490068
2025,Mohmand,40,4.2571,24.0269,56.6419,563359.0,600.0,0.0,2296.0,0.2,296,117,1,0.1896356227576397,0.1734967548809101,
2025,North Waziristan,40,3.1429,11.1687,61.4109,656447.0,1000.0,1.0,4707.0,0.2,93,42,14,0.3007261481375529,0.1413023433207154,0.0688722831936075
2025,Nowshera,40,3.4714,25.7329,69.3424,1835149.0,280.0,2.0,1748.0,0.65,739,2309,14,0.1687066739941421,0.2277223071617127,0.2164362748980027
2025,Orakzai,40,2.5429,22.4903,58.0011,307067.0,1200.0,0.0,1538.0,0.2,50,82,0,0.0171367849536741,0.2874572437745846,0.0158340344931341
2025,Peshawar,40,1.8143,25.8743,67.073,5160904.0,330.0,0.0,1257.0,0.75,65,4514,108,0.0574779594099763,0.2112954962042282,
2025,Shangla,40,5.8429,14.8428,61.0113,915157.0,2000.0,2.0,1586.0,0.35,755,1099,5,0.0159185899233949,0.31233910674269,0.0026266747737592
2025,South Waziristan (Lower),40,0.0143,24.7694,51.3844,820861.0,,,,,57,133,2,,,
2025,South Waziristan (Upper),40,,,,0.0,,,,,85,64,0,,,
2025,Swabi,40,4.9429,23.8616,71.7846,1963296.0,340.0,2.0,1543.0,0.65,171,1352,56,0.0579616945469869,0.2665130232223849,0.0548721920143611
2025,Swat,40,1.4857,20.9796,63.7842,2791410.0,980.0,1.0,5337.0,0.35,143,2647,94,0.149375076255576,0.2234016613321481,0.0665124743641729
2025,Tank,40,1.3286,28.4999,54.7621,472690.0,250.0,0.0,1679.0,0.2,413,659,0,0.612006119703668,0.1395888599209439,0.500750065919398
2025,Tor Ghar,40,1.9714,23.8412,72.8066,206726.0,,,,,90,87,0,,,
2025,Upper Kurram,40,0.9143,13.1086,68.1837,748325.0,,,,,18,146,1,,,
2025,Badin,41,0.0286,26.5356,64.0312,2182111.0,9.0,1.0,6726.0,0.35,5147,2423,95,0.2080722162607378,0.2899907485073647,0.183269475510027
2025,Dadu,41,0.0,26.759,53.5925,1873835.0,40.0,2.0,19070.0,0.35,5874,3391,422,0.3983423685069881,0.1675253420310827,0.3448910878069384
2025,Ghotki,41,0.0,26.6525,53.9411,1989892.0,72.0,1.0,6083.0,0.35,6999,1293,238,0.5518955499612854,0.2237666442487378,0.5164625571901468
2025,Hyderabad,41,0.0,28.5253,46.303,2659637.0,20.0,2.0,993.0,0.75,2254,2769,50,0.1646928266468328,0.2919306132178833,0.1432803523107669
2025,Jacobabad,41,0.0,27.9479,43.47,1216179.0,55.0,0.0,2686.0,0.35,1766,766,185,0.2563361816074044,0.2973029084139073,0.2947252262325924
2025,Jamshoro,41,0.0,28.1019,47.4909,1200463.0,33.0,2.0,11204.0,0.35,5399,1955,118,,,
2025,Kamber,41,0.0,28.4366,42.5419,1621170.0,50.0,0.0,5599.0,0.2,5599,1904,168,,,
2025,Central,41,0.0857,28.0309,60.9394,3591719.0,10.0,0.0,69.0,0.95,54,1107,13,0.0,0.0887988352480974,0.0
2025,East,41,0.0,27.4825,65.1742,3514347.0,10.0,0.0,165.0,0.95,81,294,2,0.0393187864670754,0.1322213222075187,0.0231048539033329
2025,Keamari,41,0.1429,27.9138,64.5391,2215961.0,2.0,0.0,559.0,0.2,17,669,0,0.3574169186009022,0.1990022119331604,0.2095242520682632
2025,Korangi,41,0.0286,28.0915,62.5448,2970331.0,8.0,0.0,95.0,0.2,105,414,0,0.0393187864670754,0.1322213222075187,0.0231048539033329
2025,Malir,41,0.0,27.5193,63.6568,2428732.0,20.0,0.0,2268.0,0.75,119,1177,35,0.3032533886446085,0.2101897212497398,0.1888272738060873
2025,South,41,0.1571,26.336,64.6932,2166395.0,4.0,0.0,122.0,0.95,9,107,0,0.0511574586714953,0.1244847924193944,0.0204134804528223
2025,West,41,0.1429,27.5965,65.2716,4732945.0,15.0,0.0,929.0,0.75,287,817,72,0.3574169186009022,0.1990022119331604,0.2095242520682632
2025,Kashmore,41,0.0571,26.2822,55.9836,1316520.0,60.0,2.0,2592.0,0.35,2189,306,80,,,
2025,Khairpur,41,0.0,28.2138,42.9493,2908676.0,53.0,2.0,15910.0,0.5,9737,3314,295,0.7681891815922496,0.1484037582272683,0.8902326238037745
2025,Larkana,41,0.0,28.8339,40.7802,1842403.0,48.0,2.0,1906.0,0.5,8084,1889,38,0.2918456877036813,0.2944194986224144,0.2802109936241799
2025,Matiari,41,0.0,28.2442,45.9381,930873.0,25.0,2.0,1417.0,0.2,5938,1815,58,,,
2025,Mirpurkhas,41,0.0,27.7482,50.888,1820642.0,16.0,0.0,2925.0,0.5,6166,3017,96,,,
2025,Naushero Feroze,41,0.0,27.756,46.1347,1948788.0,38.0,2.0,2945.0,0.2,2434,1526,219,0.227093186797309,0.2676776916959438,0.2146195119832856
2025,Sanghar,41,0.0,28.1733,50.6758,2486760.0,16.0,1.0,10608.0,0.2,8099,2307,192,0.5575989240137439,0.1988519602847306,0.4898505158457512
2025,Shaheed Benazirabad,41,0.0,27.3013,49.4816,1949997.0,30.0,2.0,4502.0,0.5,4687,1835,114,0.4185449335845647,0.2220832099428691,0.3555993457723502
2025,Shikarpur,41,0.0,28.7248,39.4689,1488188.0,52.0,1.0,2512.0,0.35,4095,1348,266,0.2119964468027782,0.3560760191139155,0.5221082659784011
2025,Sujawal,41,0.0,26.9227,65.8683,945380.0,,,,,1518,1539,37,,,
2025,Sukkur,41,0.0,28.1678,44.0514,1798882.0,65.0,2.0,5165.0,0.75,4877,1476,72,0.6018847491624524,0.1669760414865332,0.6189091098248602
2025,Tando Allahyar,41,0.0,27.8697,49.3578,1011871.0,18.0,0.0,2343.0,0.2,5541,1456,44,,,
2025,Tando Muhammad Khan,41,0.0,27.5764,55.3799,818443.0,14.0,2.0,1733.0,0.2,2003,1560,81,,,
2025,Tharparkar,41,0.1,27.0963,59.5271,1994728.0,56.0,0.0,19638.0,0.35,3910,2110,2,0.3663363878299813,0.1957536424202024,0.1980251524496927
2025,Thatta,41,0.0,27.009,65.2366,1184747.0,10.0,2.0,17355.0,0.35,2288,1410,95,0.4512794789051622,0.2028711135621463,0.3937699906371914
2025,Umerkot,41,0.0286,27.7845,52.1506,1297177.0,12.0,0.0,5608.0,0.35,2945,1737,0,0.5376678808518841,0.2000113319093911,0.385003535143213
2025,Barkhan,41,0.0,21.7244,50.5286,206726.0,1100.0,0.0,3514.0,0.2,109,87,17,0.1946551681471615,0.1412192114886084,0.1837232360215246
2025,Chagai,41,0.0,22.9003,12.1425,273217.0,919.0,0.0,44748.0,0.2,62,169,0,0.7741698976093188,0.0448740353675133,0.8247488625896702
2025,Chaman,41,,,,0.0,1340.0,0.0,1341.0,0.2,11,23,6,,,
2025,Dera Bugti,41,0.0,24.024,52.9749,378394.0,250.0,0.0,10160.0,0.2,50,42,0,0.4549406062318383,0.1042257726113179,0.4877430544317602
2025,Harnai,41,,,,0.0,,,,,89,242,1,,,
2025,Hub,41,0.0,26.6505,65.042,461810.0,,,,,59,157,1,,,
2025,Jaffarabad,41,,,,621388.0,55.0,1.0,1643.0,0.2,911,518,95,0.3489418330899111,0.2935685879915871,0.4255261289627821
2025,Jhal Magsi,41,,,,180130.0,60.0,0.0,3615.0,0.2,147,172,6,0.7543218246089775,0.1140263079863964,0.7347250660718384
2025,Kachhi (Bolan),41,0.0,23.231,32.5409,417079.0,,,,,166,187,40,,,
2025,Kalat,41,0.0,14.4071,20.9176,498077.0,2000.0,0.0,7654.0,0.2,0,0,0,0.14595070456114,0.0743082851633865,0.0953231700987178
2025,Kharan,41,0.0,23.45,17.098,188592.0,700.0,0.0,14958.0,0.2,41,179,0,0.6410723941086378,0.0475458569689403,0.5864576405715624
2025,Khuzdar,41,0.0,20.4934,34.6959,969559.0,1237.0,0.0,35380.0,0.2,76,90,0,0.153033680779806,0.1008622768297839,0.0584059202119247
2025,Killa Abdullah,41,0.0,18.6201,12.2732,915157.0,1500.0,0.0,3553.0,0.2,19,246,14,0.29657604955265,0.0551422483017726,0.2658614361091996
2025,Killa Saifullah,41,0.0,17.9773,23.2689,413453.0,1500.0,0.0,6831.0,0.2,193,139,0,0.4776785260357087,0.0600378483301308,0.5015660232245717
2025,Kohlu,41,0.0571,20.4038,49.8314,258710.0,1000.0,0.0,7610.0,0.2,95,143,1,0.1640968150771076,0.109004438229024,0.2295626682456309
2025,Lasbella,41,0.0429,25.6707,68.1699,697550.0,,,,,686,390,13,,,
2025,Loralai,41,0.0,18.2627,35.4362,479944.0,1400.0,0.0,3785.0,0.2,58,252,0,0.2082944723979754,0.0932962977092526,0.1609340280476958
2025,Mastung,41,0.0,15.7956,20.3217,321574.0,1700.0,0.0,3308.0,0.2,77,119,0,0.0354369046349304,0.0685084346358309,0.007719574308348
2025,Naseerabad,41,0.0,28.912,39.3751,592374.0,,,,,154,312,100,,,
2025,Nushki,41,0.0,20.9913,14.775,0.0,900.0,0.0,5797.0,0.2,9,173,0,,,
2025,Panjgur,41,0.0,22.468,40.7853,382021.0,900.0,0.0,16891.0,0.2,87,62,0,0.3345179286274114,0.0414182467147797,0.3180320055497367
2025,Pishin,41,0.0,15.9706,20.4331,889769.0,1550.0,0.0,6218.0,0.2,31,383,11,0.369553750271949,0.0567962855086359,0.3382450183161955
2025,Quetta,41,0.0,16.09,22.4936,2751515.0,1680.0,0.0,3447.0,0.75,19,420,0,0.0185443726590858,0.0607806057817479,0.0132968736460008
2025,Sibi,41,0.0,27.2563,35.4467,163205.0,130.0,0.0,7121.0,0.2,231,364,0,0.1497880055367207,0.105425946980331,0.0820713170185312
2025,Sohbat pur,41,0.0,28.5166,40.5254,241785.0,,,,,130,265,6,,,
2025,Surab,41,0.0,14.9883,26.3233,0.0,,,,,0,28,0,,,
2025,Usta Muhammad,41,0.0,27.2002,47.883,314321.0,,,,,241,789,20,,,
2025,Zhob,41,0.0,18.3087,42.4814,374767.0,1400.0,0.0,20297.0,0.2,10,33,0,0.4225387430864998,0.0661161922892038,0.376966040734634
2025,Abbottabad,41,7.3714,16.3718,65.1618,1611498.0,1256.0,0.0,1967.0,0.75,200,926,12,0.0046094953713574,0.3663228296543437,0.0049394376200822
2025,Bajaur,41,0.5714,15.8226,52.2083,1321356.0,900.0,0.0,1290.0,0.2,285,560,3,,0.2327465655389753,
2025,Bannu,41,0.2857,22.2285,54.7774,1410816.0,312.0,1.0,1227.0,0.2,1749,880,82,0.2172764154364594,0.1540475755363601,0.2104988036701615
2025,Battagram,41,7.8857,15.929,64.0462,575449.0,1036.0,0.0,1301.0,0.2,128,322,2,,,
2025,Buner,41,3.8,17.9764,68.4406,1084406.0,700.0,0.0,1865.0,0.35,252,236,5,0.0286283515552036,0.3391124631002567,0.0002664987263839
2025,Charsadda,41,0.8571,20.187,71.6917,1953624.0,300.0,2.0,996.0,0.2,458,1904,149,,0.2560799215192764,
2025,Chitral Lower,41,0.8143,14.5797,58.9457,336081.0,1500.0,1.0,6458.0,0.35,21,475,4,0.1663102484423728,0.0452965867262216,0.0541709768244811
2025,Chitral Upper,41,0.8143,14.5797,58.9457,204308.0,2500.0,1.0,8392.0,0.2,6,145,11,0.1663102484423728,0.0452965867262216,0.0541709768244811
2025,D.I. Khan,41,0.7286,23.4939,65.5083,2050338.0,,,,,1048,1898,0,,,
2025,Dir Lower,41,1.8714,21.5185,60.7246,1734809.0,800.0,1.0,1583.0,0.35,117,1765,27,,,
2025,Dir Upper,41,2.4143,13.597,60.223,1143644.0,1200.0,1.0,3699.0,0.35,18,1190,13,,,
2025,Hangu,41,1.7,18.8372,56.255,627433.0,900.0,0.0,1097.0,0.2,146,333,5,0.1615501134074579,0.2092494864349554,0.1121345979983186
2025,Haripur,41,6.1857,19.0464,69.9846,1212553.0,605.0,2.0,1725.0,0.65,10,939,26,0.1556259019991379,0.3060676059086473,0.1025606930389218
2025,Karak,41,0.4714,21.7622,52.852,853502.0,500.0,0.0,3372.0,0.2,253,517,4,,0.1582795919925457,
2025,Khyber,41,0.7,19.2906,54.6953,1193210.0,1000.0,0.0,2576.0,0.2,687,761,67,0.0637675330397152,0.2323832153372465,0.0033158687345815
2025,Kohat,41,0.2429,22.0876,48.5468,1200463.0,500.0,0.0,2545.0,0.65,273,680,12,,0.1785889273635541,
2025,Kohistan Lower,41,0.0,-4.8376,79.5008,244203.0,1500.0,2.0,1200.0,0.2,12,131,0,0.0792032414480239,0.1299553817112147,0.0276623148881619
2025,Kohistan Upper,41,0.0,-4.8376,79.5008,369931.0,2500.0,2.0,4000.0,0.2,14,311,4,0.0792032414480239,0.1299553817112147,0.0276623148881619
2025,Kolai Palas,41,0.0,-4.8376,79.5008,331246.0,,,,,6,91,3,,,
2025,L & C Kurram,41,1.2857,8.7395,68.6757,604463.0,,,,,0,20,3,,,
2025,Lakki Marwat,41,0.4857,22.4787,60.0243,1059019.0,250.0,1.0,3164.0,0.2,852,986,12,0.1699116165615991,0.1200256828665672,0.1177697379715526
2025,Malakand,41,1.7143,19.9584,53.763,870427.0,700.0,1.0,952.0,0.2,46,917,5,,0.2788690870790574,
2025,Mansehra,41,5.2571,15.8901,67.9589,1881089.0,1000.0,0.0,4579.0,0.2,11,716,10,0.1392820861556473,0.2431292706967742,0.0362172893545892
2025,Mardan,41,1.1,19.5806,73.9256,2868781.0,300.0,0.0,1632.0,0.65,311,1371,15,0.1381545734086005,0.2634690310822895,0.0044747349580063
2025,Mohmand,41,1.7143,19.9584,53.763,563359.0,600.0,0.0,2296.0,0.2,289,96,4,,0.1634549436414821,
2025,North Waziristan,41,1.3286,6.1029,68.1418,656447.0,1000.0,1.0,4707.0,0.2,118,39,21,0.1842651538771619,0.1435621160013493,0.1213199259548313
2025,Nowshera,41,1.8714,21.577,60.7371,1835149.0,280.0,2.0,1748.0,0.65,632,2346,19,0.4336906736217807,0.2176436598163701,0.2228298911133507
2025,Orakzai,41,0.8286,17.5921,57.1428,307067.0,1200.0,0.0,1538.0,0.2,24,53,0,0.2483706453121346,0.2962085287682738,0.0974690203413607
2025,Peshawar,41,0.9857,21.5763,60.5702,5160904.0,330.0,0.0,1257.0,0.75,66,4456,78,,0.206129967614537,
2025,SD Tank,41,0.3,23.3002,56.0402,604463.0,,,,,13,22,3,,,
2025,Shangla,41,4.6,10.9672,59.7681,915157.0,2000.0,2.0,1586.0,0.35,652,1106,24,0.0099735822605663,0.3518001506827717,0.0038421579268607
2025,South Waziristan (Lower),41,0.0571,19.2274,54.5374,820861.0,,,,,39,107,16,,,
2025,South Waziristan (Upper),41,,,,0.0,,,,,49,53,0,,,
2025,Swabi,41,4.3143,19.5042,71.8377,1963296.0,340.0,2.0,1543.0,0.65,131,1255,51,0.2204262911466185,0.2687900671371749,0.0544825151670219
2025,Swat,41,6.3143,17.0459,63.7779,2791410.0,980.0,1.0,5337.0,0.35,134,2399,55,0.1539560544165606,0.1970029092161776,0.0760524585454657
2025,Tank,41,0.3,23.3002,56.0402,472690.0,250.0,0.0,1679.0,0.2,237,678,0,0.2266497410437661,0.1535879228234555,0.2213701446309934
2025,Tor Ghar,41,5.2571,19.4823,70.5666,206726.0,,,,,90,71,2,,,
2025,Upper Kurram,41,1.2857,8.7395,68.6757,748325.0,,,,,19,182,10,,,
2025,Badin,42,0.0,26.5362,47.6033,2182111.0,9.0,1.0,6726.0,0.35,4794,2307,151,0.2875073975305773,0.2606226461102581,0.1912827763423195
2025,Dadu,42,0.0,26.5194,45.6395,1873835.0,40.0,2.0,19070.0,0.35,5124,2519,508,0.3998076351299857,0.1639253898342049,0.3363546561149829
2025,Ghotki,42,0.0,26.9525,48.2139,1989892.0,72.0,1.0,6083.0,0.35,6132,1107,206,0.5619467145612245,0.2033945450437094,0.53009074072748
2025,Hyderabad,42,0.0,29.2378,32.3864,2659637.0,20.0,2.0,993.0,0.75,2213,2535,49,0.2512226166391353,0.2704573199643996,0.145712902487936
2025,Jacobabad,42,0.0,28.553,34.0386,1216179.0,55.0,0.0,2686.0,0.35,1939,839,159,0.4277357111830356,0.2399712616825445,0.3007960355362979
2025,Jamshoro,42,0.0,28.6706,33.3073,1200463.0,33.0,2.0,11204.0,0.35,5849,1778,115,,,
2025,Kamber,42,0.0,28.9619,30.7051,1621170.0,50.0,0.0,5599.0,0.2,6502,1799,202,,,
2025,Central,42,0.0,28.7627,47.9379,3591719.0,10.0,0.0,69.0,0.95,80,1201,18,0.0,0.0889655293312453,0.0
2025,East,42,0.0,28.8349,45.7116,3514347.0,10.0,0.0,165.0,0.95,55,266,3,0.0364585117436828,0.1240258040699604,0.0218602633051302
2025,Keamari,42,0.0,28.3778,52.2199,2215961.0,2.0,0.0,559.0,0.2,13,618,0,0.2869788711112204,0.1848530859245119,0.231785818599764
2025,Korangi,42,0.0,29.0844,46.91,2970331.0,8.0,0.0,95.0,0.2,112,334,0,0.0364585117436828,0.1240258040699604,0.0218602633051302
2025,Malir,42,0.0,28.655,46.5167,2428732.0,20.0,0.0,2268.0,0.75,192,1450,63,0.2379260475297059,0.1905642855537538,0.1919659484738809
2025,South,42,0.0,27.1464,45.1837,2166395.0,4.0,0.0,122.0,0.95,5,98,0,0.0668551255161992,0.1224897453240666,0.0323463126766801
2025,West,42,0.0,27.8921,54.9485,4732945.0,15.0,0.0,929.0,0.75,313,812,61,0.2869788711112204,0.1848530859245119,0.231785818599764
2025,Kashmore,42,0.0,26.5768,51.0454,1316520.0,60.0,2.0,2592.0,0.35,2122,240,95,,,
2025,Khairpur,42,0.0,28.5703,32.3531,2908676.0,53.0,2.0,15910.0,0.5,9142,3266,236,0.9443550335939638,0.1449533019415825,0.9053581934769288
2025,Larkana,42,0.0,29.4146,28.4133,1842403.0,48.0,2.0,1906.0,0.5,7946,1719,42,0.365864055287798,0.2819807328635073,0.2708418476283464
2025,Matiari,42,0.0,28.8121,32.519,930873.0,25.0,2.0,1417.0,0.2,5335,1628,99,,,
2025,Mirpurkhas,42,0.0,28.5128,34.6562,1820642.0,16.0,0.0,2925.0,0.5,5117,2602,156,,,
2025,Naushero Feroze,42,0.0,28.5501,33.564,1948788.0,38.0,2.0,2945.0,0.2,2491,1562,193,0.4104664710399429,0.239715416104725,0.2130232994797997
2025,Sanghar,42,0.0,28.2757,39.2011,2486760.0,16.0,1.0,10608.0,0.2,8399,2116,213,0.6604527912476476,0.1791017333349591,0.5281656033180879
2025,Shaheed Benazirabad,42,0.0,27.9683,38.95,1949997.0,30.0,2.0,4502.0,0.5,4295,1745,121,0.5543555886207084,0.1996303826756111,0.3650928342651436
2025,Shikarpur,42,0.0,29.5331,28.4134,1488188.0,52.0,1.0,2512.0,0.35,3312,1147,165,0.7484751348320048,0.3067518824672205,0.5301130581075746
2025,Sujawal,42,0.0,26.8301,49.0806,945380.0,,,,,1396,2058,62,,,
2025,Sukkur,42,0.0,28.9202,32.2306,1798882.0,65.0,2.0,5165.0,0.75,4529,1392,57,0.7069510214294803,0.165697208087029,0.6220974885157882
2025,Tando Allahyar,42,0.0,28.6736,33.2672,1011871.0,18.0,0.0,2343.0,0.2,4405,1085,38,,,
2025,Tando Muhammad Khan,42,0.0,28.1038,37.2375,818443.0,14.0,2.0,1733.0,0.2,2091,1172,89,,,
2025,Tharparkar,42,0.0,27.9528,39.4158,1994728.0,56.0,0.0,19638.0,0.35,3704,1612,2,0.4284903537701942,0.1815355503187485,0.3107490616240419
2025,Thatta,42,0.0,27.1664,46.2227,1184747.0,10.0,2.0,17355.0,0.35,2236,1406,67,0.481443082330092,0.1895651058540582,0.3968006494372464
2025,Umerkot,42,0.0,28.0812,36.0497,1297177.0,12.0,0.0,5608.0,0.35,2462,1497,0,0.5897529079696263,0.1877640119840962,0.4706911025749127
2025,Barkhan,42,0.0,23.6146,34.1999,206726.0,1100.0,0.0,3514.0,0.2,90,77,31,0.2198894362118189,0.1315263770537373,0.1724930921252995
2025,Chagai,42,0.0,24.5152,13.8269,273217.0,919.0,0.0,44748.0,0.2,40,151,0,0.7617771929791981,0.0430711769539708,0.7541520335881546
2025,Dera Bugti,42,0.0,25.66,37.7323,378394.0,250.0,0.0,10160.0,0.2,43,32,0,0.5322191561865988,0.1000925256572841,0.4802072341234868
2025,Gwadar,42,0.0,26.9422,77.5141,317947.0,12.0,0.0,12637.0,0.35,24,11,2,0.6796409153624041,0.0387873556384999,0.6537016520302642
2025,Harnai,42,,,,0.0,,,,,74,174,0,,,
2025,Hub,42,0.0,26.9594,49.9529,461810.0,,,,,100,173,0,,,
2025,Jaffarabad,42,,,,621388.0,55.0,1.0,1643.0,0.2,301,327,4,0.5586414714936385,0.2568493867642659,0.4070861785282462
2025,Jhal Magsi,42,,,,180130.0,60.0,0.0,3615.0,0.2,168,167,0,0.7598868670543583,0.112959452961726,0.7341364280735452
2025,Kachhi (Bolan),42,0.0,25.1646,23.6209,417079.0,,,,,274,271,34,,,
2025,Kalat,42,0.0,16.7777,22.8546,498077.0,2000.0,0.0,7654.0,0.2,13,16,0,0.1633333276937491,0.0734152944462568,0.0939635588112569
2025,Kech (Turbat),42,,,,1098914.0,,,,,700,584,0,,,
2025,Kharan,42,0.0,25.1684,16.6599,188592.0,700.0,0.0,14958.0,0.2,60,196,0,0.6399664001033253,0.0475682807421802,0.6254653584626206
2025,Khuzdar,42,0.0,21.9672,28.6122,969559.0,1237.0,0.0,35380.0,0.2,6,17,0,0.0975153404164934,0.0966923402625696,0.0584121449924047
2025,Killa Abdullah,42,0.0,20.8811,12.3911,915157.0,1500.0,0.0,3553.0,0.2,19,209,14,0.5855430816167819,0.0546586771927901,0.2849426473961921
2025,Kohlu,42,0.0,22.1136,39.3831,258710.0,1000.0,0.0,7610.0,0.2,79,131,0,0.2614181091612816,0.1027819482568292,0.2063135029581374
2025,Lasbella,42,0.0,26.3445,52.021,697550.0,,,,,680,426,11,,,
2025,Loralai,42,0.0,20.1427,24.2206,479944.0,1400.0,0.0,3785.0,0.2,77,245,0,0.2126901254213949,0.0890546897089519,0.1842213537452175
2025,Mastung,42,0.0,18.1828,19.8205,321574.0,1700.0,0.0,3308.0,0.2,73,136,1,0.2390282784809585,0.0673182401094707,0.0164115407151098
2025,MusaKhel,42,0.0,20.2722,37.8436,201891.0,,,,,158,68,1,0.1799377487729816,0.1240230464299891,0.150181980153559
2025,Naseerabad,42,0.0,29.4337,28.9064,592374.0,,,,,157,326,80,,,
2025,Nushki,42,0.0,23.1056,15.0882,0.0,900.0,0.0,5797.0,0.2,6,173,0,,,
2025,Pishin,42,0.0,18.1715,17.8847,889769.0,1550.0,0.0,6218.0,0.2,44,448,8,0.523523153292677,0.0552898814750174,0.3489830306493921
2025,Quetta,42,0.0,18.7179,20.1734,2751515.0,1680.0,0.0,3447.0,0.75,26,525,0,0.339337251355123,0.059592896422646,0.0133353874002253
2025,Sibi,42,0.0,27.2236,27.5807,163205.0,130.0,0.0,7121.0,0.2,183,361,0,0.1835739251735867,0.0992725589013813,0.0966579321213261
2025,Sohbat pur,42,0.0,29.0863,30.8847,241785.0,,,,,129,254,9,,,
2025,Usta Muhammad,42,0.0,27.2395,36.6805,314321.0,,,,,222,762,27,,,
2025,Zhob,42,0.0,20.4048,38.695,374767.0,1400.0,0.0,20297.0,0.2,14,27,0,0.2720265108497593,0.061409367534066,0.2113970657094337
2025,Ziarat,42,,,,0.0,2400.0,0.0,3301.0,0.2,38,70,7,0.1107304561141318,0.0782101388148606,0.0448067452389605
2025,Abbottabad,42,0.0,19.3301,58.2832,1611498.0,1256.0,0.0,1967.0,0.75,2,728,65,,0.3166883863056231,
2025,Bajaur,42,0.0,18.4824,42.9558,1321356.0,900.0,0.0,1290.0,0.2,226,633,13,0.2641638768740473,0.2236950276806728,
2025,Bannu,42,0.0,24.6952,51.6019,1410816.0,312.0,1.0,1227.0,0.2,1652,854,26,0.5312842652788552,0.1417838453996958,0.1942366706041783
2025,Battagram,42,0.0,18.226,65.3212,575449.0,1036.0,0.0,1301.0,0.2,151,234,2,,,
2025,Buner,42,0.0,20.4553,66.223,1084406.0,700.0,0.0,1865.0,0.35,172,176,0,0.1212421043659683,0.3282876091015082,0.0149778005130696
2025,Charsadda,42,0.0,22.243,73.7283,1953624.0,300.0,2.0,996.0,0.2,507,1956,55,0.0569556253856607,0.2562684477173734,
2025,Chitral Lower,42,0.3714,18.0666,34.3001,336081.0,1500.0,1.0,6458.0,0.35,14,466,2,0.3215476685723076,0.0340562232169045,
2025,Chitral Upper,42,0.3714,18.0666,34.3001,204308.0,2500.0,1.0,8392.0,0.2,8,137,0,0.3215476685723076,0.0340562232169045,
2025,D.I. Khan,42,0.0,24.9347,63.8934,2050338.0,,,,,905,2077,0,,,
2025,Dir Lower,42,0.0,23.8717,63.51,1734809.0,800.0,1.0,1583.0,0.35,168,1695,25,,,
2025,Dir Upper,42,0.0,15.6369,48.526,1143644.0,1200.0,1.0,3699.0,0.35,21,1087,2,,,
2025,Hangu,42,0.0,22.042,48.0125,627433.0,900.0,0.0,1097.0,0.2,127,226,17,0.2444565904234658,0.1983782495691569,0.1074357225561881
2025,Haripur,42,0.0,21.1015,68.0529,1212553.0,605.0,2.0,1725.0,0.65,18,992,49,0.2751409467982746,0.2935175677478034,0.2327658548229522
2025,Karak,42,0.0,24.7857,47.4986,853502.0,500.0,0.0,3372.0,0.2,339,466,2,0.6006256260241017,0.1405416179638269,
2025,Khyber,42,0.0,22.3243,49.042,1193210.0,1000.0,0.0,2576.0,0.2,724,753,12,0.2060210560748939,0.2237987099569924,0.0014629735666927
2025,Kohat,42,0.0,24.6111,47.3398,1200463.0,500.0,0.0,2545.0,0.65,271,463,27,0.1279759993929806,0.1732903717046185,
2025,Kohistan Lower,42,0.0,-0.3974,55.9147,244203.0,1500.0,2.0,1200.0,0.2,4,155,0,0.1728132703198121,0.0748390812702515,0.0100268081942456
2025,Kohistan Upper,42,0.0,-0.3974,55.9147,369931.0,2500.0,2.0,4000.0,0.2,10,281,19,0.1728132703198121,0.0748390812702515,0.0100268081942456
2025,Kolai Palas,42,0.0,-0.3974,55.9147,331246.0,,,,,2,104,0,,,
2025,L & C Kurram,42,0.0286,11.0562,62.8353,604463.0,,,,,8,13,0,,,
2025,Lakki Marwat,42,0.0,24.2656,59.4776,1059019.0,250.0,1.0,3164.0,0.2,823,779,11,0.8474548974450984,0.1055852967995823,0.1550986790002217
2025,Malakand,42,0.0,22.7448,52.9454,870427.0,700.0,1.0,952.0,0.2,29,806,0,0.1464322709078432,0.2769444139362572,
2025,Mansehra,42,0.0,18.0689,65.0519,1881089.0,1000.0,0.0,4579.0,0.2,6,854,26,0.2624123744512631,0.3278887626532753,0.0550966466708037
2025,Mardan,42,0.0,21.7877,72.7964,2868781.0,300.0,0.0,1632.0,0.65,222,1038,15,0.0958892622386469,0.2568091044951522,0.0750235210427279
2025,Mohmand,42,0.0,22.7448,52.9454,563359.0,600.0,0.0,2296.0,0.2,285,123,9,0.3503930366853805,0.1593223011435517,
2025,North Waziristan,42,0.5,10.1309,52.5082,656447.0,1000.0,1.0,4707.0,0.2,108,24,28,0.1659434723625016,0.1292385828946436,0.0848362826851802
2025,Nowshera,42,0.0,23.9302,63.5221,1835149.0,280.0,2.0,1748.0,0.65,482,2524,8,0.3471503870861472,0.216330792473925,0.7654559091396119
2025,Orakzai,42,0.0,20.5403,49.4958,307067.0,1200.0,0.0,1538.0,0.2,20,43,0,0.1906500229970222,0.2832986857306694,0.1524506079027355
2025,Peshawar,42,0.0,24.4252,61.1154,5160904.0,330.0,0.0,1257.0,0.75,88,4553,100,0.126420183311056,0.2065120584552747,
2025,Shangla,42,0.0857,14.478,54.0226,915157.0,2000.0,2.0,1586.0,0.35,543,1212,6,0.1367874426013779,0.2876071102060406,0.0031702448794941
2025,South Waziristan (Lower),42,0.0,21.6491,46.8314,820861.0,,,,,69,114,2,,,
2025,South Waziristan (Upper),42,,,,0.0,,,,,39,55,0,,,
2025,Swabi,42,0.0,21.4077,68.7796,1963296.0,340.0,2.0,1543.0,0.65,140,1174,53,0.1828108357538156,0.2642839430729908,0.1346365483869948
2025,Swat,42,0.0,19.1825,60.8635,2791410.0,980.0,1.0,5337.0,0.35,128,2160,25,0.2472372655817901,0.1528375579431423,0.0495720022293038
2025,Tank,42,0.0,24.8636,53.2352,472690.0,250.0,0.0,1679.0,0.2,353,642,0,0.5778536643985096,0.1297863710007487,0.2040146186373135
2025,Tor Ghar,42,0.0,21.3659,70.0358,206726.0,,,,,92,78,0,,,
2025,Upper Kurram,42,0.0286,11.0562,62.8353,748325.0,,,,,19,148,0,,,
2025,Badin,43,0.0,27.0782,42.243,2182111.0,9.0,1.0,6726.0,0.35,5230,2148,165,0.2123022797236527,0.2330016359707867,0.183951052683495
2025,Dadu,43,0.0,25.7739,50.1149,1873835.0,40.0,2.0,19070.0,0.35,5850,2499,372,0.3321295891740273,0.1506031593015639,0.3008970833147887
2025,Ghotki,43,0.0,26.7043,48.7234,1989892.0,72.0,1.0,6083.0,0.35,5669,1231,208,0.594022918425034,0.1765474317233665,0.540463423465603
2025,Hyderabad,43,0.0,29.0902,33.3887,2659637.0,20.0,2.0,993.0,0.75,1795,2410,48,0.2173811391794146,0.2536233898666265,0.1639181886555311
2025,Jacobabad,43,0.0,27.9581,37.0486,1216179.0,55.0,0.0,2686.0,0.35,2028,782,188,0.3082582873713805,0.1984369397698396,0.3500196275368665
2025,Jamshoro,43,0.0,28.5305,33.9737,1200463.0,33.0,2.0,11204.0,0.35,5925,1778,106,,,
2025,Kamber,43,0.0,28.5896,32.398,1621170.0,50.0,0.0,5599.0,0.2,6085,1850,180,,,
2025,Central,43,0.0,29.8734,33.0091,3591719.0,10.0,0.0,69.0,0.95,56,1781,30,,0.0855519477340817,
2025,East,43,0.0,29.8411,32.3089,3514347.0,10.0,0.0,165.0,0.95,72,242,2,,0.1233218238867136,
2025,Keamari,43,0.0,29.7796,36.4843,2215961.0,2.0,0.0,559.0,0.2,9,616,0,0.4706819813352479,0.1737850588660476,0.3504379038047381
2025,Korangi,43,0.0,30.4877,32.0779,2970331.0,8.0,0.0,95.0,0.2,114,399,0,,0.1233218238867136,
2025,Malir,43,0.0,29.4062,33.6802,2428732.0,20.0,0.0,2268.0,0.75,152,1287,43,,0.1827608922983343,
2025,South,43,0.0,28.4417,32.2497,2166395.0,4.0,0.0,122.0,0.95,12,80,0,,0.1202485044824814,
2025,West,43,0.0,29.1096,38.4841,4732945.0,15.0,0.0,929.0,0.75,264,855,49,0.4706819813352479,0.1737850588660476,0.3504379038047381
2025,Kashmore,43,0.0,26.3971,50.3348,1316520.0,60.0,2.0,2592.0,0.35,2083,230,63,,,
2025,Khairpur,43,0.0,28.4712,33.5037,2908676.0,53.0,2.0,15910.0,0.5,8402,3018,229,0.8110333977530638,0.1302019567201282,0.9256855099384016
2025,Larkana,43,0.0,29.0812,29.9232,1842403.0,48.0,2.0,1906.0,0.5,7841,1596,45,0.1912015015484846,0.2406245574527354,0.1767218394518218
2025,Matiari,43,0.0,28.9764,31.1673,930873.0,25.0,2.0,1417.0,0.2,4645,1400,74,,,
2025,Mirpurkhas,43,0.0,28.9304,31.2484,1820642.0,16.0,0.0,2925.0,0.5,4794,2365,155,,,
2025,Naushero Feroze,43,0.0,27.3804,38.8921,1948788.0,38.0,2.0,2945.0,0.2,2194,1438,191,0.261910373198925,0.1962768218638957,0.2239591063447625
2025,Sanghar,43,0.0,26.9034,47.0666,2486760.0,16.0,1.0,10608.0,0.2,6981,1909,200,0.6774462318228168,0.1621939472318886,0.5875443102247243
2025,Shaheed Benazirabad,43,0.0,27.932,37.1743,1949997.0,30.0,2.0,4502.0,0.5,4091,1657,134,0.523406035760713,0.1817614785189695,0.420503252495813
2025,Shikarpur,43,0.0,29.0593,31.5548,1488188.0,52.0,1.0,2512.0,0.35,3736,1163,211,0.237882585061974,0.2376291397664139,0.6644742763381077
2025,Sujawal,43,0.0,27.2503,43.709,945380.0,,,,,1057,1901,56,,,
2025,Sukkur,43,0.0,28.6884,34.7294,1798882.0,65.0,2.0,5165.0,0.75,4820,1219,83,0.6614775105797928,0.1423642559365487,0.6501630244011887
2025,Tando Allahyar,43,0.0,28.0575,35.0501,1011871.0,18.0,0.0,2343.0,0.2,3741,910,56,,,
2025,Tando Muhammad Khan,43,0.0,28.866,31.2365,818443.0,14.0,2.0,1733.0,0.2,1425,770,82,,,
2025,Tharparkar,43,0.0,28.6695,34.4992,1994728.0,56.0,0.0,19638.0,0.35,3152,1746,3,0.5735832123284658,0.1429847203584789,0.3722293171368854
2025,Thatta,43,0.0,27.3033,42.1825,1184747.0,10.0,2.0,17355.0,0.35,3072,1484,112,0.6309820569632364,0.1778783745744876,0.6123950397671113
2025,Umerkot,43,0.0,27.7155,37.47,1297177.0,12.0,0.0,5608.0,0.35,2708,1416,0,0.6854926687041417,0.1677637199571731,0.5227247485336993
2025,Barkhan,43,0.0,23.1408,35.9685,206726.0,1100.0,0.0,3514.0,0.2,79,90,14,0.2238491739363073,0.1313685404573241,0.1764680110971937
2025,Chagai,43,0.0,23.7188,16.7922,273217.0,919.0,0.0,44748.0,0.2,72,221,0,0.7603603859139577,0.0424037133483306,0.7376078069145964
2025,Dera Bugti,43,0.0,25.2309,40.4825,378394.0,250.0,0.0,10160.0,0.2,45,41,0,0.4679899417837091,0.0960668650899726,0.4855565216719559
2025,Gwadar,43,0.0,26.8202,85.4915,317947.0,12.0,0.0,12637.0,0.35,207,294,2,0.6699992941702781,0.0406873963923033,0.6371158641661696
2025,Harnai,43,,,,0.0,,,,,83,195,1,,,
2025,Hub,43,0.0,27.538,37.1313,461810.0,,,,,193,166,4,,,
2025,Jaffarabad,43,,,,621388.0,55.0,1.0,1643.0,0.2,374,379,10,0.2506581887283126,0.2270693764381359,0.2601116072395915
2025,Jhal Magsi,43,,,,180130.0,60.0,0.0,3615.0,0.2,295,224,12,0.7141983898903665,0.1071410809165599,0.7081412013040816
2025,Kachhi (Bolan),43,0.0,24.3887,25.9235,417079.0,,,,,253,289,12,,,
2025,Kalat,43,0.0,15.2893,25.1291,498077.0,2000.0,0.0,7654.0,0.2,16,38,0,0.1697617066095649,0.0709298901328347,0.1460325019786673
2025,Kech (Turbat),43,,,,1098914.0,,,,,277,199,0,,,
2025,Kharan,43,0.0,24.339,15.7096,188592.0,700.0,0.0,14958.0,0.2,53,196,0,0.6125092161800864,0.046579795814936,0.6073906768868045
2025,Khuzdar,43,0.0,21.2434,28.9656,969559.0,1237.0,0.0,35380.0,0.2,40,289,0,0.1010817909263201,0.0947894660839865,0.0595701582883919
2025,Killa Abdullah,43,0.0,19.8439,15.717,915157.0,1500.0,0.0,3553.0,0.2,18,218,8,0.5564920866444025,0.0507999066773412,0.4622654833995311
2025,Killa Saifullah,43,0.0,18.671,23.9609,413453.0,1500.0,0.0,6831.0,0.2,235,254,0,0.4796467465034617,0.057250394152928,0.4394363680313952
2025,Kohlu,43,0.0,21.2776,39.0719,258710.0,1000.0,0.0,7610.0,0.2,35,40,0,0.1721930294410993,0.1053095680801793,0.2018975651915333
2025,Lasbella,43,0.0,27.8124,35.9829,697550.0,,,,,700,366,14,,,
2025,Loralai,43,0.0,19.0627,29.2803,479944.0,1400.0,0.0,3785.0,0.2,70,263,0,0.215517155951204,0.0892723231263659,0.1810694315392941
2025,Mastung,43,0.0,17.1872,21.5166,321574.0,1700.0,0.0,3308.0,0.2,42,104,1,0.2424325914437246,0.0654933455478209,0.2105130621660762
2025,MusaKhel,43,0.0,19.0641,44.1594,201891.0,,,,,142,61,0,0.3870167457442562,0.1267146469117888,0.2679719896656362
2025,Naseerabad,43,0.0,28.67,33.3553,592374.0,,,,,159,324,39,,,
2025,Nushki,43,0.0,22.4089,16.6692,0.0,900.0,0.0,5797.0,0.2,13,133,0,,,
2025,Pishin,43,0.0,17.0956,20.9359,889769.0,1550.0,0.0,6218.0,0.2,49,380,1,0.4141654777354839,0.0536975723277949,0.3943159660681067
2025,Quetta,43,0.0,17.3108,23.6004,2751515.0,1680.0,0.0,3447.0,0.75,27,452,1,0.3405655919046743,0.0579908826196297,0.3005013924483276
2025,Sibi,43,0.0,26.5105,31.1199,163205.0,130.0,0.0,7121.0,0.2,228,241,0,0.1507809103603793,0.0943179534857546,0.0899786409731395
2025,Sohbat pur,43,0.0,28.3012,34.7885,241785.0,,,,,114,180,2,,,
2025,Surab,43,0.0,15.6619,28.0537,0.0,,,,,0,6,0,,,
2025,Usta Muhammad,43,0.0,26.7651,40.2498,314321.0,,,,,218,730,27,,,
2025,Zhob,43,0.0,18.8819,41.7243,374767.0,1400.0,0.0,20297.0,0.2,22,32,0,0.5622433404496704,0.0634632456553585,0.2882188037005626
2025,Abbottabad,43,0.0286,18.4801,45.8736,1611498.0,1256.0,0.0,1967.0,0.75,263,822,41,0.1091490682436972,0.3331478819526016,
2025,Bajaur,43,0.0,17.272,38.9789,1321356.0,900.0,0.0,1290.0,0.2,258,762,11,0.2899933979755199,0.2071487768935933,0.1072807885306171
2025,Bannu,43,0.0,23.4797,46.3627,1410816.0,312.0,1.0,1227.0,0.2,1471,948,6,0.6275860475420906,0.1231788490062474,0.6186438719796876
2025,Battagram,43,0.0,16.7037,55.1973,575449.0,1036.0,0.0,1301.0,0.2,30,60,10,,,
2025,Buner,43,0.0,19.486,54.8025,1084406.0,700.0,0.0,1865.0,0.35,157,158,0,0.0680460517660836,0.3045351684732509,0.0149347689536906
2025,Charsadda,43,0.0,20.698,72.5234,1953624.0,300.0,2.0,996.0,0.2,529,1930,76,0.0845834494357218,0.2068057319155639,0.0345213170068804
2025,Chitral Lower,43,0.4,14.7321,44.6428,336081.0,1500.0,1.0,6458.0,0.35,18,563,9,0.2647399817884063,0.0439740746242799,0.0110765750299894
2025,Chitral Upper,43,0.4,14.7321,44.6428,204308.0,2500.0,1.0,8392.0,0.2,6,116,10,0.2647399817884063,0.0439740746242799,0.0110765750299894
2025,D.I. Khan,43,0.0,24.1582,62.0206,2050338.0,,,,,881,2061,0,,,
2025,Dir Lower,43,0.0,22.7101,54.9922,1734809.0,800.0,1.0,1583.0,0.35,157,1800,5,,,
2025,Dir Upper,43,0.0,13.8741,49.0982,1143644.0,1200.0,1.0,3699.0,0.35,21,937,1,,,
2025,Hangu,43,0.0,20.8098,38.4379,627433.0,900.0,0.0,1097.0,0.2,135,297,0,0.1886623124708426,0.1736826512589026,0.154137795307117
2025,Haripur,43,0.0,20.0048,58.8507,1212553.0,605.0,2.0,1725.0,0.65,21,875,3,0.2398113635654344,0.2771868356718459,0.2488575373007613
2025,Karak,43,0.0,23.983,39.843,853502.0,500.0,0.0,3372.0,0.2,297,616,0,0.4657656932986061,0.124116747198582,0.4733318508207831
2025,Khyber,43,0.0,21.0308,38.5252,1193210.0,1000.0,0.0,2576.0,0.2,540,698,92,0.1631503623893575,0.1910617081827343,0.0886916126186357
2025,Kohat,43,0.0,23.7433,37.6934,1200463.0,500.0,0.0,2545.0,0.65,282,411,0,0.24827533789926,0.1396843240269705,0.0652253850778326
2025,Kohistan Lower,43,0.0,-2.3802,64.477,244203.0,1500.0,2.0,1200.0,0.2,2,136,0,0.2768705472972728,0.1321912991770085,0.0844001373257355
2025,Kohistan Upper,43,0.0,-2.3802,64.477,369931.0,2500.0,2.0,4000.0,0.2,96,299,0,0.2768705472972728,0.1321912991770085,0.0844001373257355
2025,Kolai Palas,43,0.0,-2.3802,64.477,331246.0,,,,,7,72,3,,,
2025,L & C Kurram,43,0.4,9.1592,56.0956,604463.0,,,,,0,7,3,,,
2025,Lakki Marwat,43,0.0,22.7343,57.4578,1059019.0,250.0,1.0,3164.0,0.2,638,689,0,0.7784381004352661,0.0967488337968138,0.7640676671729912
2025,Malakand,43,0.0,21.9977,39.5671,870427.0,700.0,1.0,952.0,0.2,41,611,0,0.1513036940495652,0.2551552423416116,0.0189750444640635
2025,Mansehra,43,0.1571,16.9353,54.0046,1881089.0,1000.0,0.0,4579.0,0.2,6,918,0,0.2703508044194744,0.238468871299483,0.0748144062148061
2025,Mardan,43,0.0,20.1841,70.0025,2868781.0,300.0,0.0,1632.0,0.65,175,1231,64,0.1600479736948815,0.2229539673699395,0.0583053321014752
2025,Mohmand,43,0.0,21.9977,39.5671,563359.0,600.0,0.0,2296.0,0.2,285,97,169,0.2846060331888342,0.1429963997455437,0.1722259856600595
2025,North Waziristan,43,1.6571,7.2756,52.8147,656447.0,1000.0,1.0,4707.0,0.2,118,24,13,0.3562030075187971,0.1335904815184654,0.2283834586466165
2025,Nowshera,43,0.0,22.7686,55.0062,1835149.0,280.0,2.0,1748.0,0.65,482,2524,11,0.3034583838035888,0.174440502327831,0.326412452643716
2025,Orakzai,43,0.0143,19.3686,40.0982,307067.0,1200.0,0.0,1538.0,0.2,13,43,0,0.1187240018521448,0.2489700929432415,0.0853715392621174
2025,Peshawar,43,0.0,23.1731,53.866,5160904.0,330.0,0.0,1257.0,0.75,59,4456,1,0.191978870278866,0.1494744800259456,0.1081606835974795
2025,SD Tank,43,0.0,23.8598,48.7791,604463.0,,,,,13,22,0,,,
2025,Shangla,43,0.1143,12.817,42.8301,915157.0,2000.0,2.0,1586.0,0.35,543,1212,0,0.0311234537143666,0.3177377937429659,0.0077267096760705
2025,South Waziristan (Lower),43,0.0,20.3125,42.8066,820861.0,,,,,69,114,34,,,
2025,South Waziristan (Upper),43,,,,0.0,,,,,39,55,15,,,
2025,Swabi,43,0.0,20.2631,64.4381,1963296.0,340.0,2.0,1543.0,0.65,140,1174,46,0.2810615410296334,0.2352902038703845,0.1535969051539679
2025,Swat,43,0.0143,18.0331,52.4166,2791410.0,980.0,1.0,5337.0,0.35,128,2160,2,0.2265475997723706,0.1729087095256426,0.0628670195984427
2025,Tank,43,0.0,23.8598,48.7791,472690.0,250.0,0.0,1679.0,0.2,353,642,0,,0.1277826840129362,
2025,Tor Ghar,43,0.0,20.4284,62.2582,206726.0,,,,,92,78,22,,,
2025,Upper Kurram,43,0.4,9.1592,56.0956,748325.0,,,,,19,148,38,,,
2025,Badin,44,0.0,27.696,53.4292,2182111.0,9.0,1.0,6726.0,0.35,3394,1925,126,0.1689421861344871,0.1759101009975544,0.1205451071286658
2025,Dadu,44,0.0,24.637,51.53,1873835.0,40.0,2.0,19070.0,0.35,5480,2279,440,0.3902236020591657,0.1488715456444709,0.3034380160843303
2025,Ghotki,44,0.0,25.5823,49.7984,1989892.0,72.0,1.0,6083.0,0.35,5071,945,154,0.5486628097440941,0.160789822482814,0.527350215668396
2025,Hyderabad,44,0.0,27.7563,38.4933,2659637.0,20.0,2.0,993.0,0.75,1949,2188,50,0.2704111672359275,0.2312069335791497,0.1724546240768815
2025,Jacobabad,44,0.0,26.7718,39.3295,1216179.0,55.0,0.0,2686.0,0.35,2217,706,185,0.2812012026195687,0.1704520824745991,0.236147647369884
2025,Jamshoro,44,0.0,27.2861,39.4375,1200463.0,33.0,2.0,11204.0,0.35,5379,1620,87,,,
2025,Kamber,44,0.0,27.1973,37.1901,1621170.0,50.0,0.0,5599.0,0.2,4929,1608,207,,,
2025,Central,44,0.0,28.8562,34.4416,3591719.0,10.0,0.0,69.0,0.95,50,1817,50,0.0,0.0881455684379447,
2025,East,44,0.0,28.7036,34.482,3514347.0,10.0,0.0,165.0,0.95,73,193,1,0.0531520113269162,0.1214175448416009,
2025,Keamari,44,0.0,29.04,36.1155,2215961.0,2.0,0.0,559.0,0.2,16,545,1,0.3834377477928966,0.1692662869406291,0.4361521895190238
2025,Korangi,44,0.0,29.3237,33.5777,2970331.0,8.0,0.0,95.0,0.2,184,389,0,0.0531520113269162,0.1214175448416009,
2025,Malir,44,0.0,28.4526,35.2541,2428732.0,20.0,0.0,2268.0,0.75,89,1002,38,0.3045192307692305,0.180556946006556,
2025,South,44,0.0,26.9542,38.0833,2166395.0,4.0,0.0,122.0,0.95,14,93,0,0.0767817828901944,0.1172471282110094,
2025,West,44,0.0,28.4233,37.2768,4732945.0,15.0,0.0,929.0,0.75,266,822,67,0.3834377477928966,0.1692662869406291,0.4361521895190238
2025,Kashmore,44,0.0,25.2608,50.621,1316520.0,60.0,2.0,2592.0,0.35,1954,227,143,,,
2025,Khairpur,44,0.0,26.8605,40.7915,2908676.0,53.0,2.0,15910.0,0.5,8017,2783,236,0.733012914807385,0.1305881488750025,0.6717610175173165
2025,Larkana,44,0.0,27.7205,35.508,1842403.0,48.0,2.0,1906.0,0.5,6765,1510,49,0.2776505757901156,0.2202744483778854,0.1679053604939109
2025,Matiari,44,0.0,27.1954,40.1647,930873.0,25.0,2.0,1417.0,0.2,4199,1404,67,,,
2025,Mirpurkhas,44,0.0,28.1482,39.0774,1820642.0,16.0,0.0,2925.0,0.5,3957,1989,138,,,
2025,Naushero Feroze,44,0.0,25.7474,44.9799,1948788.0,38.0,2.0,2945.0,0.2,1890,1307,189,0.4953830029143986,0.1903525712386298,0.2405620224667893
2025,Sanghar,44,0.0,26.0614,53.5699,2486760.0,16.0,1.0,10608.0,0.2,6347,1812,229,0.4312985333198935,0.1489054309017729,0.3106361199524983
2025,Shaheed Benazirabad,44,0.0,26.2462,43.0335,1949997.0,30.0,2.0,4502.0,0.5,3516,1524,122,0.6700621837690681,0.1687617425044912,0.4914669361223375
2025,Shikarpur,44,0.0,27.4891,37.1048,1488188.0,52.0,1.0,2512.0,0.35,3569,1127,173,0.2252117556533053,0.2098283087147403,0.1878087523984817
2025,Sujawal,44,0.0,27.9137,42.7132,945380.0,,,,,1443,1497,66,,,
2025,Sukkur,44,0.0,26.208,45.682,1798882.0,65.0,2.0,5165.0,0.75,3699,1224,133,0.5286953787508001,0.1424824433435752,0.4729972535605529
2025,Tando Allahyar,44,0.0,27.2173,42.925,1011871.0,18.0,0.0,2343.0,0.2,3086,890,34,,,
2025,Tando Muhammad Khan,44,0.0,28.4957,38.6266,818443.0,14.0,2.0,1733.0,0.2,1330,907,87,,,
2025,Tharparkar,44,0.0143,27.5478,58.3566,1994728.0,56.0,0.0,19638.0,0.35,2880,1483,1,0.7910141367468427,0.1611918097215915,0.6427101912087106
2025,Thatta,44,0.0,27.0605,43.8442,1184747.0,10.0,2.0,17355.0,0.35,2061,1391,94,0.4717847050596797,0.1631660788551684,0.6061584854995344
2025,Umerkot,44,0.0,27.6366,52.8407,1297177.0,12.0,0.0,5608.0,0.35,2471,1309,0,0.9870911249227048,0.161761842470287,0.982667804092023
2025,Barkhan,44,0.0,21.992,40.1352,206726.0,1100.0,0.0,3514.0,0.2,80,87,25,0.2009596340092447,0.1312631063036258,0.1647174297564694
2025,Chagai,44,0.0,22.9586,17.9763,273217.0,919.0,0.0,44748.0,0.2,63,186,0,0.7212659739599642,0.0440603739352475,0.6885129504191366
2025,Dera Bugti,44,0.0,23.766,45.15,378394.0,250.0,0.0,10160.0,0.2,45,31,0,0.4319767524195919,0.1013425882311429,0.4126860745059752
2025,Gwadar,44,0.0,27.5274,74.0591,317947.0,12.0,0.0,12637.0,0.35,175,302,3,0.6791664144581787,0.0521362324506943,0.6750357131858338
2025,Harnai,44,,,,0.0,,,,,84,189,0,,,
2025,Hub,44,0.0,26.7645,39.8742,461810.0,,,,,151,102,0,,,
2025,Jaffarabad,44,,,,621388.0,55.0,1.0,1643.0,0.2,988,563,61,0.2711263251437071,0.1882548644778409,0.185448464440869
2025,Jhal Magsi,44,,,,180130.0,60.0,0.0,3615.0,0.2,154,143,0,0.7584858034359467,0.1029476451264836,0.7048739870920924
2025,Kachhi (Bolan),44,0.0,22.9727,27.9695,417079.0,,,,,323,250,0,,,
2025,Kalat,44,0.0,14.8622,24.9297,498077.0,2000.0,0.0,7654.0,0.2,0,0,0,0.1638998304269562,0.0791530550003916,0.1468944550314779
2025,Kech (Turbat),44,,,,1098914.0,,,,,810,548,0,,,
2025,Kharan,44,0.0,23.9297,18.3368,188592.0,700.0,0.0,14958.0,0.2,50,209,0,0.6396597031168441,0.0400837462369588,0.6069135119711898
2025,Khuzdar,44,0.0,19.8868,29.9442,969559.0,1237.0,0.0,35380.0,0.2,57,99,0,0.0848970633978708,0.1009657276758735,0.060810562903135
2025,Killa Abdullah,44,0.0,19.3549,18.0109,915157.0,1500.0,0.0,3553.0,0.2,18,198,8,0.6033261822861212,0.0557349997960204,0.4707158489216296
2025,Killa Saifullah,44,0.0,17.871,23.2788,413453.0,1500.0,0.0,6831.0,0.2,229,346,0,0.5148560330353175,0.0621623177787975,0.4317503409640448
2025,Kohlu,44,0.0,20.4338,40.8486,258710.0,1000.0,0.0,7610.0,0.2,36,37,0,0.1562514997215195,0.1049100458628372,0.1394890710202068
2025,Lasbella,44,0.0,26.3788,39.7943,697550.0,,,,,725,352,10,,,
2025,Loralai,44,0.0,18.7365,28.9955,479944.0,1400.0,0.0,3785.0,0.2,50,226,3,0.1996923865024311,0.0922897619036885,0.1793097980877065
2025,Mastung,44,0.0,15.8423,28.912,321574.0,1700.0,0.0,3308.0,0.2,53,131,0,0.2375850627245531,0.0722482816319181,0.2117603834373837
2025,MusaKhel,44,0.0,18.5737,39.0784,201891.0,,,,,217,94,0,0.1502618969366906,0.1248643645756716,0.2174621373118973
2025,Naseerabad,44,0.0,27.3947,36.9316,592374.0,,,,,178,335,56,,,
2025,Nushki,44,0.0,21.6047,20.5828,0.0,900.0,0.0,5797.0,0.2,1,157,0,,,
2025,Panjgur,44,0.0,22.8597,23.0617,382021.0,900.0,0.0,16891.0,0.2,90,56,0,0.3583632667964034,0.0465283480152314,0.2741363478885943
2025,Pishin,44,0.0,16.3825,23.947,889769.0,1550.0,0.0,6218.0,0.2,30,241,6,0.5393628544285485,0.0593804093075969,0.3940749541853705
2025,Quetta,44,0.0,16.4272,27.3567,2751515.0,1680.0,0.0,3447.0,0.75,27,450,0,0.3482046238908843,0.0637898206563627,0.305398714036644
2025,Sibi,44,0.0,25.1328,35.7952,163205.0,130.0,0.0,7121.0,0.2,270,373,0,0.1643883723362168,0.1042010443599526,0.1314405039694058
2025,Sohbat pur,44,0.0,27.0384,38.2798,241785.0,,,,,191,246,1,,,
2025,Surab,44,0.0,14.9669,28.4471,0.0,,,,,0,26,0,,,
2025,Usta Muhammad,44,0.0,25.9005,42.3188,314321.0,,,,,201,660,24,,,
2025,Zhob,44,0.0,18.1247,35.0714,374767.0,1400.0,0.0,20297.0,0.2,18,79,0,0.3888898116879217,0.0671475915528881,0.4260654154416221
2025,Ziarat,44,,,,0.0,2400.0,0.0,3301.0,0.2,44,85,32,0.0872069066548691,0.0819666264914378,0.0432360470233377
2025,Abbottabad,44,0.0,17.7554,46.4147,1611498.0,1256.0,0.0,1967.0,0.75,2,717,11,0.1138176597095593,0.3334902094466179,0.0063204454994541
2025,Bajaur,44,0.0,16.5134,37.331,1321356.0,900.0,0.0,1290.0,0.2,300,769,12,,0.2133308422954115,
2025,Bannu,44,0.0,22.0532,56.506,1410816.0,312.0,1.0,1227.0,0.2,1168,881,94,0.5507015777529758,0.1408906226831904,0.6231224353598545
2025,Battagram,44,0.0,15.7228,54.9952,575449.0,1036.0,0.0,1301.0,0.2,70,224,0,,,
2025,Buner,44,0.0,18.4229,57.9444,1084406.0,700.0,0.0,1865.0,0.35,247,197,4,0.1675390432141643,0.3004770911254202,0.0381412715680763
2025,Charsadda,44,0.0,19.2614,76.8036,1953624.0,300.0,2.0,996.0,0.2,462,1796,108,,0.2415825838096249,
2025,Chitral Lower,44,0.2,14.3714,38.3383,336081.0,1500.0,1.0,6458.0,0.35,18,578,9,0.2121535944678112,0.0321668897540902,0.1377296649966727
2025,Chitral Upper,44,0.2,14.3714,38.3383,204308.0,2500.0,1.0,8392.0,0.2,1,85,16,0.2121535944678112,0.0321668897540902,0.1377296649966727
2025,D.I. Khan,44,0.0,22.874,69.2123,2050338.0,,,,,871,1919,0,,,
2025,Dir Lower,44,0.0,21.1845,66.4026,1734809.0,800.0,1.0,1583.0,0.35,121,1549,27,,,
2025,Dir Upper,44,0.0,13.1024,47.3317,1143644.0,1200.0,1.0,3699.0,0.35,26,873,8,,,
2025,Hangu,44,0.0,19.8803,45.6534,627433.0,900.0,0.0,1097.0,0.2,158,189,1,0.2794449778238163,0.1855582984752135,0.1685405854905525
2025,Haripur,44,0.0,18.5342,62.272,1212553.0,605.0,2.0,1725.0,0.65,19,1014,35,0.2678849928430506,0.2613016113713589,0.1871877533083493
2025,Karak,44,0.0286,22.3673,53.0566,853502.0,500.0,0.0,3372.0,0.2,357,441,5,0.6471092706526935,0.1384419867997303,0.4895306380122923
2025,Khyber,44,0.0,19.3073,45.3612,1193210.0,1000.0,0.0,2576.0,0.2,555,399,55,0.1694350362320441,0.2035526695752488,0.0806329149310895
2025,Kohat,44,0.0,22.3465,51.8878,1200463.0,500.0,0.0,2545.0,0.65,289,517,11,0.2271645084489865,0.167328300474041,0.0878142964984611
2025,Kohistan Lower,44,0.0,-2.6611,54.6955,244203.0,1500.0,2.0,1200.0,0.2,9,87,0,0.3065306675523083,0.0531374792727572,0.0287858569472426
2025,Kohistan Upper,44,0.0,-2.6611,54.6955,369931.0,2500.0,2.0,4000.0,0.2,30,350,3,0.3065306675523083,0.0531374792727572,0.0287858569472426
2025,Kolai Palas,44,0.0,-2.6611,54.6955,331246.0,,,,,1,70,1,,,
2025,L & C Kurram,44,0.2429,8.5696,56.5058,604463.0,,,,,19,42,9,,,
2025,Lakki Marwat,44,0.0,21.5808,66.9198,1059019.0,250.0,1.0,3164.0,0.2,643,690,10,0.8609473082039162,0.1136835145425652,0.7719465127797212
2025,Malakand,44,0.0,21.0132,43.5717,870427.0,700.0,1.0,952.0,0.2,52,608,7,,0.2622821087195001,
2025,Mansehra,44,0.0,15.8633,55.5299,1881089.0,1000.0,0.0,4579.0,0.2,4,728,1,0.3004017359174569,0.1896537348046072,0.0734260208887121
2025,Mardan,44,0.0,18.6719,75.0244,2868781.0,300.0,0.0,1632.0,0.65,158,1175,50,0.018871585892398,0.2357087204372851,0.0
2025,Mohmand,44,0.0,21.0132,43.5717,563359.0,600.0,0.0,2296.0,0.2,248,99,2,0.5475671363998936,0.1554064560942721,0.4001063546929008
2025,North Waziristan,44,0.5286,7.5032,45.8613,656447.0,1000.0,1.0,4707.0,0.2,121,96,25,0.115741028505115,0.1387865355954874,0.2283834586466165
2025,Nowshera,44,0.0,21.243,66.414,1835149.0,280.0,2.0,1748.0,0.65,367,2360,23,,0.1957650226918074,
2025,Orakzai,44,0.0286,18.5635,46.6869,307067.0,1200.0,0.0,1538.0,0.2,17,88,0,0.2289092927209047,0.259602898545445,0.0973568713891819
2025,Peshawar,44,0.0,21.9183,55.2657,5160904.0,330.0,0.0,1257.0,0.75,81,4929,43,,0.1876128450983617,
2025,Shangla,44,0.1143,12.7211,41.3931,915157.0,2000.0,2.0,1586.0,0.35,534,784,18,0.2484132814734049,0.2882307496362639,0.0118899270690693
2025,South Waziristan (Lower),44,0.0,19.4024,42.1575,820861.0,,,,,71,75,22,,,
2025,South Waziristan (Upper),44,,,,0.0,,,,,18,41,1,,,
2025,Swabi,44,0.0,19.0182,68.6626,1963296.0,340.0,2.0,1543.0,0.65,133,939,40,0.2456444309762534,0.2436886797612577,0.1702042626824243
2025,Swat,44,0.0,17.1373,52.614,2791410.0,980.0,1.0,5337.0,0.35,100,1993,56,0.2729434971845675,0.1215374047223037,0.138032135621878
2025,Tank,44,0.0,22.1809,56.2612,472690.0,250.0,0.0,1679.0,0.2,313,646,0,0.5079831477915241,0.1489572270178639,
2025,Tor Ghar,44,0.0,18.8793,65.4055,206726.0,,,,,90,89,0,,,
2025,Upper Kurram,44,0.2429,8.5696,56.5058,748325.0,,,,,23,184,15,,,
