Year,District,week_index,Avg_rainfall,Avg_Temperature,Avg_Humidity,Population,Elevation_m,River_Status,Area_sq_km,Sanitation_Index,Malaria_cases,AD_cases,Typhoid_cases
2025,Badin,18,0.0429,33.3169,44.8977,2182111,9,1,6726,0.35,2780,3035,56
2025,Dadu,18,0,37.3123,23.4162,1873835,40,2,19070,0.35,2782,2825,150
2025,Ghotki,18,0.0143,35.537,21.3146,1989892,72,1,6083,0.35,1035,920,0
2025,Hyderabad,18,0.0429,33.6256,42.1913,2659637,20,2,993,0.75,661,2461,8
2025,Jacobabad,18,0,35.9866,18.4463,1216179,55,0,2686,0.35,727,605,34
2025,Jamshoro,18,0.0286,33.7093,41.3233,1200463,33,2,11204,0.35,1681,1817,24
2025,Kamber,18,0,36.9658,16.2006,1621170,50,0,5599,0.2,3391,1827,20
2025,Central,18,0,31.2913,57.632,3591719,10,0,69,0.95,1,583,65
2025,East,18,0,30.8123,61.8891,3514347,10,0,165,0.95,32,351,0
2025,Keamari,18,0,30.5638,63.7549,2215961,2,0,559,0.2,8,438,4
2025,Korangi,18,0,30.8668,61.7322,2970331,8,0,95,0.2,66,323,1
2025,Malir,18,0,31.5214,56.5218,2428732,20,0,2268,0.75,174,1131,10
2025,South,18,0,30.5086,58.1864,2166395,4,0,122,0.95,4,63,0
2025,West,18,0,30.8406,61.2175,4732945,15,0,929,0.75,233,755,22
2025,Kashmore,18,0.0286,35.234,20.6692,1316520,60,2,2592,0.35,1973,574,12
2025,Khairpur,18,0,36.5778,20.7944,2908676,53,2,15910,0.5,3550,3028,185
2025,Larkana,18,0,37.1577,17.0246,1842403,48,2,1906,0.5,4112,1637,2
2025,Matiari,18,0.0143,34.5722,37.7067,930873,25,2,1417,0.2,2116,1715,7
2025,Mirpurkhas,18,0.0714,34.5283,38.2989,1820642,16,0,2925,0.5,1765,2705,10
2025,Naushero Feroze,18,0.0143,37.0679,23.5876,1948788,38,2,2945,0.2,1229,1067,39
2025,Sanghar,18,0.1,34.8057,35.6603,2486760,16,1,10608,0.2,3594,1885,39
2025,Shaheed Benazirabad,18,0,36.4445,26.7613,1949997,30,2,4502,0.5,1933,1781,93
2025,Shikarpur,18,0,36.8799,16.4122,1488188,52,1,2512,0.35,2192,1235,4
2025,Sujawal,18,0,31.8914,54.0946,945380,,,,,970,1948,0
2025,Sukkur,18,0,36.2964,20.7504,1798882,65,2,5165,0.75,1600,1497,9
2025,Tando Allahyar,18,0.0571,34.2658,39.6912,1011871,18,0,2343,0.2,1558,1671,11
2025,Tando Muhammad Khan,18,0,33.1398,46.9704,818443,14,2,1733,0.2,552,1021,0
2025,Tharparkar,18,0.1857,33.5555,42.757,1994728,56,0,19638,0.35,2057,1622,23
2025,Thatta,18,0,31.4307,56.7852,1184747,10,2,17355,0.35,998,1236,2
2025,Umerkot,18,0.0429,34.6893,35.587,1297177,12,0,5608,0.35,1211,1366,16
2025,Barkhan,18,0.1286,30.6003,19.8749,206726,1100,0,3514,0.2,52,74,23
2025,Chagai,18,0,32.3527,12.574,273217,919,0,44748,0.2,2,32,0
2025,Dera Bugti,18,0.0571,33.5699,18.8686,378394,250,0,10160,0.2,65,84,0
2025,Gwadar,18,0,28.9309,79.3804,317947,12,0,12637,0.35,54,189,13
2025,Hub,18,0,31.0787,56.0907,461810,,,,,88,204,4
2025,Jaffarabad,18,,,,621388,55,1,1643,0.2,583,522,4
2025,Jhal Magsi,18,,,,180130,60,0,3615,0.2,226,193,40
2025,Kachhi (Bolan),18,0,32.1628,13.9338,417079,,,,,37,165,0
2025,Kalat,18,0.0714,22.8928,17.6883,498077,2000,0,7654,0.2,0,25,0
2025,Kech (Turbat),18,,,,1098914,,,,,1,150,0
2025,Kharan,18,0,33.4083,11.8252,188592,700,0,14958,0.2,2,47,0
2025,Khuzdar,18,0.0143,29.3166,15.1018,969559,1237,0,35380,0.2,5,148,0
2025,Killa Abdullah,18,0,28.4737,11.8928,915157,1500,0,3553,0.2,24,11,0
2025,Killa Saifullah,18,0.0286,25.8537,18.0541,413453,1500,0,6831,0.2,0,181,0
2025,Kohlu,18,1.2571,28.4574,23.0106,258710,1000,0,7610,0.2,0,60,0
2025,Lasbella,18,0,29.2386,65.901,697550,,,,,0,327,0
2025,Loralai,18,0.1571,26.374,21.1824,479944,1400,0,3785,0.2,1,36,0
2025,Mastung,18,0,25.0262,15.654,321574,1700,0,3308,0.2,1,83,0
2025,MusaKhel,18,0.8286,26.2564,25.2913,201891,,,,,9,112,0
2025,Naseerabad,18,0,36.6319,16.293,592374,,,,,0,212,0
2025,Panjgur,18,0,31.418,16.9902,382021,900,0,16891,0.2,7,64,0
2025,Pishin,18,0,25.2897,15.0299,889769,1550,0,6218,0.2,39,38,0
2025,Quetta,18,0,25.0516,15.5879,2751515,1680,0,3447,0.75,8,20,0
2025,Sibi,18,0,34.415,16.5893,163205,130,0,7121,0.2,8,236,0
2025,Sohbat pur,18,0,36.0532,17.8613,241785,,,,,5,348,0
2025,Usta Muhammad,18,0,36.0115,16.4553,314321,,,,,0,156,0
2025,Washuk,18,0.0286,27.4973,15.2707,212771,700,0,33093,0.2,25,96,0
2025,Zhob,18,0.1714,25.6551,27.3431,374767,1400,0,20297,0.2,0,37,0
2025,Abbottabad,18,1.4286,22.8929,47.1838,1611498,1256,0,1967,0.75,0,0,0
2025,Bajaur,18,0.8429,21.6241,44.6271,1321356,900,0,1290,0.2,0,193,0
2025,Bannu,18,0.3,30.8806,28.4342,1410816,312,1,1227,0.2,0,1359,0
2025,Battagram,18,0.4714,21.0433,53.7397,575449,1036,0,1301,0.2,0,29,0
2025,Buner,18,0.5571,23.6375,54.8507,1084406,700,0,1865,0.35,0,294,0
2025,Charsadda,18,0.7143,26.6701,54.1008,1953624,300,2,996,0.2,0,314,0
2025,Chitral Lower,18,0,15.6318,37.2094,336081,1500,1,6458,0.35,0,19,0
2025,Chitral Upper,18,0,15.6318,37.2094,204308,2500,1,8392,0.2,0,2,0
2025,D.I. Khan,18,1.6571,30.6308,37.2415,2050338,,,,,0,154,0
2025,Dir Lower,18,1.1714,28.3494,46.3426,1734809,800,1,1583,0.35,0,163,0
2025,Dir Upper,18,0.2,18.7708,49.1481,1143644,1200,1,3699,0.35,0,17,0
2025,Hangu,18,3.4429,26.03,37.9034,627433,900,0,1097,0.2,0,77,0
2025,Haripur,18,2.0571,25.6432,49.3054,1212553,605,2,1725,0.65,0,0,0
2025,Karak,18,1.1857,29.1703,32.4598,853502,500,0,3372,0.2,0,87,0
2025,Khyber,18,0.4,26.9275,34.5652,1193210,1000,0,2576,0.2,0,114,0
2025,Kohat,18,1.6,28.562,37.4537,1200463,500,0,2545,0.65,0,35,0
2025,Kohistan Lower,18,0,0.7847,55.3749,244203,1500,2,1200,0.2,0,0,0
2025,Kohistan Upper,18,0,0.7847,55.3749,369931,2500,2,4000,0.2,0,10,0
2025,Kolai Palas,18,0,0.7847,55.3749,331246,,,,,0,0,0
2025,L & C Kurram,18,1.0714,15.1125,48.5549,604463,,,,,0,0,0
2025,Lakki Marwat,18,0.3857,28.7388,39.2883,1059019,250,1,3164,0.2,0,162,0
2025,Malakand,18,0.7857,26.898,40.5123,870427,700,1,952,0.2,0,15,0
2025,Mansehra,18,1.9857,21.2377,54.6695,1881089,1000,0,4579,0.2,0,3,0
2025,Mardan,18,0.8857,25.7874,58.0313,2868781,300,0,1632,0.65,0,94,0
2025,Mohmand,18,0.7857,26.898,40.5123,563359,600,0,2296,0.2,0,148,0
2025,North Waziristan,18,3.4286,12.3265,50.6034,656447,1000,1,4707,0.2,0,19,0
2025,Nowshera,18,1.1714,28.4079,46.3565,1835149,280,2,1748,0.65,0,37,0
2025,Orakzai,18,1.8571,24.562,39.2642,307067,1200,0,1538,0.2,0,13,0
2025,Peshawar,18,1.3857,29.8085,37.0802,5160904,330,0,1257,0.75,0,37,0
2025,SD Tank,18,0.6429,30.6005,30.4752,604463,,,,,0,16,0
2025,Shangla,18,2.5,16.9214,49.5644,915157,2000,2,1586,0.35,0,199,0
2025,South Waziristan (Lower),18,0.5,26.7732,30.2149,820861,,,,,0,44,0
2025,SWU,18,0.5,26.7732,30.2149,604463,,,,,0,4,0
2025,Swabi,18,1.4857,25.5613,57.315,1963296,340,2,1543,0.65,0,52,0
2025,Swat,18,0.8857,22.3141,56.5279,2791410,980,1,5337,0.35,0,16,0
2025,Tank,18,0.6429,30.6005,30.4752,472690,250,0,1679,0.2,0,56,0
2025,Tor Ghar,18,1.8,25.8537,51.1814,206726,,,,,0,36,0
2025,Upper Kurram,18,1.0714,15.1125,48.5549,748325,,,,,0,14,0
2025,Badin,19,0.0857,32.56,53.7018,2182111,9,1,6726,0.35,3087,3091,77
2025,Dadu,19,0,34.97,31.9305,1873835,40,2,19070,0.35,3007,1795,77
2025,Ghotki,19,0.0286,33.3662,35.1698,1989892,72,1,6083,0.35,1140,1025,0
2025,Hyderabad,19,0,32.5265,50.5355,2659637,20,2,993,0.75,727,2605,9
2025,Jacobabad,19,0,33.8569,31.144,1216179,55,0,2686,0.35,803,671,37
2025,Jamshoro,19,0,32.4007,50.6276,1200463,33,2,11204,0.35,1849,1999,26
2025,Kamber,19,0,35.1455,27.8776,1621170,50,0,5599,0.2,3730,1999,22
2025,Central,19,0.0143,30.6175,65.7927,3591719,10,0,69,0.95,1,645,72
2025,East,19,0,30.0527,70.7207,3514347,10,0,165,0.95,35,375,0
2025,Keamari,19,0,29.7704,73.3275,2215961,2,0,559,0.2,9,486,4
2025,Korangi,19,0,30.0186,71.1688,2970331,8,0,95,0.2,73,355,1
2025,Malir,19,0.0286,30.7387,65.1171,2428732,20,0,2268,0.75,190,1251,11
2025,South,19,0.1286,30.3926,62.3797,2166395,4,0,122,0.95,4,67,0
2025,West,19,0.0143,30.2858,69.4781,4732945,15,0,929,0.75,255,832,24
2025,Kashmore,19,0.0286,33.2968,34.2935,1316520,60,2,2592,0.35,2171,632,13
2025,Khairpur,19,0,34.873,29.4556,2908676,53,2,15910,0.5,3894,3330,203
2025,Larkana,19,0,35.0943,29.0495,1842403,48,2,1906,0.5,4523,1812,2
2025,Matiari,19,0.0143,32.9618,46.406,930873,25,2,1417,0.2,2333,1894,8
2025,Mirpurkhas,19,0.0286,32.9655,46.3321,1820642,16,0,2925,0.5,1944,2987,11
2025,Naushero Feroze,19,0,34.8575,31.314,1948788,38,2,2945,0.2,1353,1177,43
2025,Sanghar,19,0.0714,31.8007,49.6561,2486760,16,1,10608,0.2,3959,2074,43
2025,Shaheed Benazirabad,19,0,34.3192,35.6964,1949997,30,2,4502,0.5,2126,1959,102
2025,Shikarpur,19,0.0143,34.4879,29.9339,1488188,52,1,2512,0.35,2411,1360,4
2025,Sujawal,19,0.1429,31.789,60.2089,945380,,,,,1069,2149,0
2025,Sukkur,19,0,34.4467,30.4776,1798882,65,2,5165,0.75,1759,1646,10
2025,Tando Allahyar,19,0.7,32.9982,47.3117,1011871,18,0,2343,0.2,1716,1838,12
2025,Tando Muhammad Khan,19,0.4571,32.555,52.5478,818443,14,2,1733,0.2,607,1123,0
2025,Tharparkar,19,0,31.9156,54.2764,1994728,56,0,19638,0.35,2269,1789,25
2025,Thatta,19,0.1286,31.6238,60.7085,1184747,10,2,17355,0.35,1098,1364,2
2025,Umerkot,19,0,32.8982,45.6505,1297177,12,0,5608,0.35,1335,1502,17
2025,Barkhan,19,1.7714,27.5822,38.0409,206726,1100,0,3514,0.2,57,82,25
2025,Chagai,19,0,31.9021,13.9314,273217,919,0,44748,0.2,2,35,0
2025,Dera Bugti,19,0.1714,30.4803,36.3169,378394,250,0,10160,0.2,69,92,0
2025,Gwadar,19,0,28.1187,86.2228,317947,12,0,12637,0.35,59,208,14
2025,Hub,19,0.0571,30.4588,63.8878,461810,,,,,97,225,4
2025,Jaffarabad,19,,,,621388,55,1,1643,0.2,641,574,4
2025,Jhal Magsi,19,,,,180130,60,0,3615,0.2,249,213,44
2025,Kachhi (Bolan),19,0,29.2247,29.0379,417079,,,,,181,151,18
2025,Kalat,19,0.2143,21.4595,29.0117,498077,2000,0,7654,0.2,27,29,18
2025,Kech (Turbat),19,,,,1098914,,,,,165,298,13
2025,Kharan,19,0,32.3378,19.337,188592,700,0,14958,0.2,52,204,1
2025,Khuzdar,19,0.4143,26.5422,32.7284,969559,1237,0,35380,0.2,163,223,79
2025,Killa Abdullah,19,0,27.3594,16.3828,915157,1500,0,3553,0.2,12,123,13
2025,Killa Saifullah,19,0.0571,23.8927,32.7862,413453,1500,0,6831,0.2,199,148,26
2025,Kohlu,19,1.4714,25.4008,43.6104,258710,1000,0,7610,0.2,66,49,15
2025,Lasbella,19,0.0286,29.3118,67.9017,697550,,,,,360,443,21
2025,Loralai,19,0.2286,24.0954,37.8063,479944,1400,0,3785,0.2,39,237,11
2025,Mastung,19,0.0143,22.9322,30.9888,321574,1700,0,3308,0.2,91,239,23
2025,MusaKhel,19,0.5857,23.2231,46.0549,201891,,,,,123,73,11
2025,Naseerabad,19,0,34.389,29.5815,592374,,,,,234,274,63
2025,Panjgur,19,0,29.3594,33.5024,382021,900,0,16891,0.2,70,103,0
2025,Pishin,19,0,23.9754,27.3435,889769,1550,0,6218,0.2,41,485,12
2025,Quetta,19,0.1,23.4153,30.6528,2751515,1680,0,3447,0.75,22,731,31
2025,Sibi,19,0.0143,33.1254,29.072,163205,130,0,7121,0.2,260,124,63
2025,Sohbat pur,19,0,34.2461,30.2601,241785,,,,,383,290,21
2025,Usta Muhammad,19,0,34.0523,29.6655,314321,,,,,172,974,14
2025,Washuk,19,0.6286,25.0289,32.857,212771,700,0,33093,0.2,106,189,34
2025,Zhob,19,0.3571,24.106,41.9721,374767,1400,0,20297,0.2,41,208,5
2025,Abbottabad,19,1.4286,22.8929,47.1838,1611498,1256,0,1967,0.75,0,990,55
2025,Bajaur,19,0.8429,21.6241,44.6271,1321356,900,0,1290,0.2,212,791,4
2025,Bannu,19,0.3,30.8806,28.4342,1410816,312,1,1227,0.2,1495,998,79
2025,Battagram,19,0.4714,21.0433,53.7397,575449,1036,0,1301,0.2,32,224,2
2025,Buner,19,0.5571,23.6375,54.8507,1084406,700,0,1865,0.35,323,395,3
2025,Charsadda,19,0.7143,26.6701,54.1008,1953624,300,2,996,0.2,345,3905,144
2025,Chitral Lower,19,0,15.6318,37.2094,336081,1500,1,6458,0.35,21,725,9
2025,Chitral Upper,19,0,15.6318,37.2094,204308,2500,1,8392,0.2,2,129,20
2025,D.I. Khan,19,1.6571,30.6308,37.2415,2050338,,,,,169,2207,2
2025,Dir Lower,19,1.1714,28.3494,46.3426,1734809,800,1,1583,0.35,179,1885,31
2025,Dir Upper,19,0.2,18.7708,49.1481,1143644,1200,1,3699,0.35,18,1270,9
2025,Hangu,19,3.4429,26.03,37.9034,627433,900,0,1097,0.2,85,300,1
2025,Haripur,19,2.0571,25.6432,49.3054,1212553,605,2,1725,0.65,0,1436,11
2025,Karak,19,1.1857,29.1703,32.4598,853502,500,0,3372,0.2,95,451,4
2025,Khyber,19,0.4,26.9275,34.5652,1193210,1000,0,2576,0.2,125,710,76
2025,Kohat,19,1.6,28.562,37.4537,1200463,500,0,2545,0.65,38,1036,21
2025,Kohistan Lower,19,0,0.7847,55.3749,244203,1500,2,1200,0.2,0,111,0
2025,Kohistan Upper,19,0,0.7847,55.3749,369931,2500,2,4000,0.2,11,421,1
2025,Kolai Palas,19,0,0.7847,55.3749,331246,,,,,0,57,1
2025,L & C Kurram,19,1.0714,15.1125,48.5549,604463,,,,,0,5,0
2025,Lakki Marwat,19,0.3857,28.7388,39.2883,1059019,250,1,3164,0.2,178,858,29
2025,Malakand,19,0.7857,26.898,40.5123,870427,700,1,952,0.2,17,1130,0
2025,Mansehra,19,1.9857,21.2377,54.6695,1881089,1000,0,4579,0.2,3,1398,21
2025,Mardan,19,0.8857,25.7874,58.0313,2868781,300,0,1632,0.65,94,1327,14
2025,Mohmand,19,0.7857,26.898,40.5123,563359,600,0,2296,0.2,163,257,7
2025,North Waziristan,19,3.4286,12.3265,50.6034,656447,1000,1,4707,0.2,21,84,2
2025,Nowshera,19,1.1714,28.4079,46.3565,1835149,280,2,1748,0.65,41,3260,26
2025,Orakzai,19,1.8571,24.562,39.2642,307067,1200,0,1538,0.2,14,128,3
2025,Peshawar,19,1.3857,29.8085,37.0802,5160904,330,0,1257,0.75,41,6460,145
2025,SD Tank,19,0.6429,30.6005,30.4752,604463,,,,,18,30,0
2025,Shangla,19,2.5,16.9214,49.5644,915157,2000,2,1586,0.35,219,623,23
2025,South Waziristan (Lower),19,0.5,26.7732,30.2149,820861,,,,,48,7,14
2025,SWU,19,0.5,26.7732,30.2149,604463,,,,,4,28,0
2025,Swabi,19,1.4857,25.5613,57.315,1963296,340,2,1543,0.65,57,2013,47
2025,Swat,19,0.8857,22.3141,56.5279,2791410,980,1,5337,0.35,18,3464,27
2025,Tank,19,0.6429,30.6005,30.4752,472690,250,0,1679,0.2,62,542,7
2025,Tor Ghar,19,1.8,25.8537,51.1814,206726,,,,,39,75,5
2025,Upper Kurram,19,1.0714,15.1125,48.5549,748325,,,,,14,208,7
2025,Badin,20,0,32.7186,59.6704,2182111,9,1,6726,0.35,3187,3191,75
2025,Dadu,20,0,37.1837,33.7464,1873835,40,2,19070,0.35,3107,1895,185
2025,Ghotki,20,0,37.099,27.7461,1989892,72,1,6083,0.35,1240,1125,0
2025,Hyderabad,20,0,32.597,60.231,2659637,20,2,993,0.75,757,2705,9
2025,Jacobabad,20,0,37.7274,25.1143,1216179,55,0,2686,0.35,873,717,47
2025,Jamshoro,20,0.0857,32.3706,61.3005,1200463,33,2,11204,0.35,1949,2099,29
2025,Kamber,20,0,38.4476,25.4407,1621170,50,0,5599,0.2,3930,2099,27
2025,Central,20,0,30.5663,71.5905,3591719,10,0,69,0.95,2,685,78
2025,East,20,0,30.0265,75.8765,3514347,10,0,165,0.95,39,405,0
2025,Keamari,20,0.0143,30.0749,76.0464,2215961,2,0,559,0.2,10,538,5
2025,Korangi,20,0,30.1237,75.4775,2970331,8,0,95,0.2,79,385,1
2025,Malir,20,0,30.5196,72.5867,2428732,20,0,2268,0.75,205,1301,12
2025,South,20,0.0714,30.0967,72.9453,2166395,4,0,122,0.95,4,70,0
2025,West,20,0,30.4644,73.2186,4732945,15,0,929,0.75,285,899,28
2025,Kashmore,20,0,36.9881,27.4594,1316520,60,2,2592,0.35,2271,663,15
2025,Khairpur,20,0,37.665,28.6931,2908676,53,2,15910,0.5,3994,3430,233
2025,Larkana,20,0,38.2854,26.6765,1842403,48,2,1906,0.5,4623,1912,2
2025,Matiari,20,0,33.2755,56.2284,930873,25,2,1417,0.2,2433,1994,9
2025,Mirpurkhas,20,0,34.3402,50.7684,1820642,16,0,2925,0.5,2044,3099,14
2025,Naushero Feroze,20,0.0143,36.8944,34.1796,1948788,38,2,2945,0.2,1453,1277,52
2025,Sanghar,20,0,33.7173,51.5343,2486760,16,1,10608,0.2,4059,2174,54
2025,Shaheed Benazirabad,20,0,35.5507,41.3746,1949997,30,2,4502,0.5,2226,2059,112
2025,Shikarpur,20,0,38.1019,25.5605,1488188,52,1,2512,0.35,2511,1460,5
2025,Sujawal,20,0,31.6256,66.3686,945380,,,,,1169,2249,0
2025,Sukkur,20,0,37.5339,27.8814,1798882,65,2,5165,0.75,1859,1746,12
2025,Tando Allahyar,20,0.2286,33.8066,53.9754,1011871,18,0,2343,0.2,1816,1938,15
2025,Tando Muhammad Khan,20,0.1143,33.1731,57.7109,818443,14,2,1733,0.2,657,1173,0
2025,Tharparkar,20,0,33.2754,55.5413,1994728,56,0,19638,0.35,2369,1889,29
2025,Thatta,20,0,31.4935,66.6696,1184747,10,2,17355,0.35,1198,1464,2
2025,Umerkot,20,0,34.3875,48.2376,1297177,12,0,5608,0.35,1353,1572,19
2025,Barkhan,20,0,32.2074,20.2928,206726,1100,0,3514,0.2,63,88,28
2025,Chagai,20,0,34.2179,9.5025,273217,919,0,44748,0.2,2,37,0
2025,Dera Bugti,20,0,33.7627,26.1601,378394,250,0,10160,0.2,75,99,0
2025,Gwadar,20,0,29.6164,81.2886,317947,12,0,12637,0.35,64,228,15
2025,Hub,20,0,30.1445,72.8542,461810,,,,,107,245,4
2025,Jaffarabad,20,,,,621388,55,1,1643,0.2,695,624,4
2025,Jhal Magsi,20,,,,180130,60,0,3615,0.2,274,223,54
2025,Kachhi (Bolan),20,0,33.2021,13.8738,417079,,,,,199,161,18
2025,Kalat,20,0,24.2988,13.3172,498077,2000,0,7654,0.2,29,32,19
2025,Kech (Turbat),20,,,,1098914,,,,,185,298,14
2025,Kharan,20,0,34.6324,10.678,188592,700,0,14958,0.2,58,224,1
2025,Khuzdar,20,0,30.4782,18.7297,969559,1237,0,35380,0.2,188,243,89
2025,Killa Abdullah,20,0,29.5999,7.6299,915157,1500,0,3553,0.2,14,133,14
2025,Killa Saifullah,20,0,27.7103,10.7178,413453,1500,0,6831,0.2,209,158,26
2025,Kohlu,20,0,30.9026,20.5032,258710,1000,0,7610,0.2,73,54,16
2025,Lasbella,20,0.0571,29.4493,74.3996,697550,,,,,390,463,23
2025,Loralai,20,0,28.6344,13.2526,479944,1400,0,3785,0.2,43,257,12
2025,Mastung,20,0,26.4789,11.0409,321574,1700,0,3308,0.2,99,259,25
2025,MusaKhel,20,0,28.5564,20.5911,201891,,,,,133,79,12
2025,Naseerabad,20,0,38.0254,25.0508,592374,,,,,254,289,65
2025,Panjgur,20,0,32.4734,20.732,382021,900,0,16891,0.2,77,112,0
2025,Pishin,20,0,26.6706,9.2115,889769,1550,0,6218,0.2,48,535,15
2025,Quetta,20,0,26.6087,10.0372,2751515,1680,0,3447,0.75,24,799,35
2025,Sibi,20,0,35.9325,18.6791,163205,130,0,7121,0.2,295,134,65
2025,Sohbat pur,20,0,38.0556,25.12,241785,,,,,393,299,23
2025,Usta Muhammad,20,0,37.4451,24.2291,314321,,,,,185,999,15
2025,Washuk,20,0,28.4685,18.4589,212771,700,0,33093,0.2,116,199,37
2025,Zhob,20,0,28.2593,23.1295,374767,1400,0,20297,0.2,45,208,6
2025,Abbottabad,20,0.2857,24.9408,37.9431,1611498,1256,0,1967,0.75,0,1090,60
2025,Bajaur,20,0.0714,24.1988,31.3929,1321356,900,0,1290,0.2,234,891,5
2025,Bannu,20,0,32.488,27.9645,1410816,312,1,1227,0.2,1595,1107,89
2025,Battagram,20,0.7286,23.5019,45.3293,575449,1036,0,1301,0.2,35,244,2
2025,Buner,20,0.2286,26.5181,42.6843,1084406,700,0,1865,0.35,350,425,3
2025,Charsadda,20,0.0571,29.9525,40.5671,1953624,300,2,996,0.2,380,4300,144
2025,Chitral Lower,20,0,19.639,39.6119,336081,1500,1,6458,0.35,23,765,10
2025,Chitral Upper,20,0,19.639,39.6119,204308,2500,1,8392,0.2,3,140,22
2025,D.I. Khan,20,0,32.6895,39.3653,2050338,,,,,184,2407,2
2025,Dir Lower,20,0.2571,31.2101,34.2478,1734809,800,1,1583,0.35,194,2004,33
2025,Dir Upper,20,0.1,20.4303,42.4942,1143644,1200,1,3699,0.35,20,1370,10
2025,Hangu,20,0.1286,29.2806,26.5978,627433,900,0,1097,0.2,95,330,1
2025,Haripur,20,0.1571,28.5774,38.0861,1212553,605,2,1725,0.65,0,1536,12
2025,Karak,20,0,31.942,25.8253,853502,500,0,3372,0.2,105,491,4
2025,Khyber,20,0,29.4999,26.0708,1193210,1000,0,2576,0.2,135,780,85
2025,Kohat,20,0,32.0608,25.2284,1200463,500,0,2545,0.65,42,1142,23
2025,Kohistan Lower,20,0.0143,0.9032,61.5597,244203,1500,2,1200,0.2,0,121,0
2025,Kohistan Upper,20,0.0143,0.9032,61.5597,369931,2500,2,4000,0.2,12,461,1
2025,Kolai Palas,20,0.0143,0.9032,61.5597,331246,,,,,0,62,1
2025,L & C Kurram,20,0.5143,18.6398,33.6837,604463,,,,,0,5,0
2025,Lakki Marwat,20,0,31.062,36.6016,1059019,250,1,3164,0.2,198,958,32
2025,Malakand,20,0.0571,29.8174,27.7425,870427,700,1,952,0.2,18,1230,0
2025,Mansehra,20,0.4286,23.9127,42.1421,1881089,1000,0,4579,0.2,3,1498,24
2025,Mardan,20,0.1429,28.6216,44.2443,2868781,300,0,1632,0.65,113,1447,15
2025,Mohmand,20,0.0571,29.8174,27.7425,563359,600,0,2296,0.2,178,287,8
2025,North Waziristan,20,1.4286,14.1687,41.7524,656447,1000,1,4707,0.2,23,94,2
2025,Nowshera,20,0.2571,31.2686,34.263,1835149,280,2,1748,0.65,45,3600,29
2025,Orakzai,20,0.0571,28.2891,26.2066,307067,1200,0,1538,0.2,16,138,3
2025,Peshawar,20,0.1714,32.1555,31.7572,5160904,330,0,1257,0.75,45,7060,165
2025,SD Tank,20,0,32.7499,30.0167,604463,,,,,19,32,0
2025,Shangla,20,0.8286,18.9786,39.7502,915157,2000,2,1586,0.35,240,683,27
2025,South Waziristan (Lower),20,0,29.4081,25.2905,820861,,,,,55,7,15
2025,SWU,20,0,29.4081,25.2905,604463,,,,,5,32,0
2025,Swabi,20,0.1,27.5985,48.6079,1963296,340,2,1543,0.65,63,2213,50
2025,Swat,20,0.1286,24.6319,44.2314,2791410,980,1,5337,0.35,21,3764,32
2025,Tank,20,0,32.7499,30.0167,472690,250,0,1679,0.2,68,582,8
2025,Tor Ghar,20,0.0571,28.7975,41.4421,206726,,,,,42,85,6
2025,Upper Kurram,20,0.5143,18.6398,33.6837,748325,,,,,17,228,8
2025,Badin,21,0,33.5407,57.4616,2182111,9,1,6726,0.35,2997,3448,85
2025,Dadu,21,0,37.9185,37.923,1873835,40,2,19070,0.35,3097,1999,199
2025,Ghotki,21,0,38.0829,29.5763,1989892,72,1,6083,0.35,1140,1251,0
2025,Hyderabad,21,0,33.2786,58.7259,2659637,20,2,993,0.75,827,2805,9
2025,Jacobabad,21,0,38.9985,26.5117,1216179,55,0,2686,0.35,793,689,50
2025,Jamshoro,21,0,33.3111,58.6868,1200463,33,2,11204,0.35,2049,2199,32
2025,Kamber,21,0,39.4449,27.9157,1621170,50,0,5599,0.2,4030,2199,34
2025,Central,21,0.0857,30.7886,69.7116,3591719,10,0,69,0.95,2,785,87
2025,East,21,0,30.5349,71.9981,3514347,10,0,165,0.95,42,437,0
2025,Keamari,21,0.0286,30.3347,73.1905,2215961,2,0,559,0.2,12,565,6
2025,Korangi,21,0,30.5204,72.1555,2970331,8,0,95,0.2,86,455,1
2025,Malir,21,0,31.0366,69.0598,2428732,20,0,2268,0.75,225,1451,14
2025,South,21,0,30.2012,72.4451,2166395,4,0,122,0.95,4,77,0
2025,West,21,0.0143,30.5269,71.9584,4732945,15,0,929,0.75,315,999,36
2025,Kashmore,21,0,38.1438,28.2633,1316520,60,2,2592,0.35,2371,793,16
2025,Khairpur,21,0,38.5423,30.745,2908676,53,2,15910,0.5,4094,3530,253
2025,Larkana,21,0,39.3896,28.3479,1842403,48,2,1906,0.5,4723,2012,2
2025,Matiari,21,0,34.2567,53.9164,930873,25,2,1417,0.2,2533,2194,11
2025,Mirpurkhas,21,0,34.7875,51.5572,1820642,16,0,2925,0.5,2144,3199,16
2025,Naushero Feroze,21,0,37.9245,35.9967,1948788,38,2,2945,0.2,1553,1377,62
2025,Sanghar,21,0,35.2665,47.6824,2486760,16,1,10608,0.2,4159,2274,64
2025,Shaheed Benazirabad,21,0,36.5382,42.634,1949997,30,2,4502,0.5,2326,2159,129
2025,Shikarpur,21,0,39.1037,27.5433,1488188,52,1,2512,0.35,2611,1560,6
2025,Sujawal,21,0,31.6215,66.9192,945380,,,,,1269,2349,0
2025,Sukkur,21,0,38.2845,30.3926,1798882,65,2,5165,0.75,1959,1846,13
2025,Tando Allahyar,21,0,34.0509,54.9024,1011871,18,0,2343,0.2,1916,2038,19
2025,Tando Muhammad Khan,21,0,33.0329,60.1276,818443,14,2,1733,0.2,757,1273,0
2025,Tharparkar,21,0,34.5177,52.0966,1994728,56,0,19638,0.35,2469,1989,36
2025,Thatta,21,0,31.3301,68.0599,1184747,10,2,17355,0.35,1298,1564,2
2025,Umerkot,21,0,35.733,44.9794,1297177,12,0,5608,0.35,1453,1672,23
2025,Barkhan,21,0,33.87,22.0606,206726,1100,0,3514,0.2,65,99,37
2025,Chagai,21,0,35.1423,8.1215,273217,919,0,44748,0.2,2,40,0
2025,Dera Bugti,21,0,35.9472,25.5621,378394,250,0,10160,0.2,75,108,0
2025,Gwadar,21,0,28.7107,89.3919,317947,12,0,12637,0.35,74,248,18
2025,Hub,21,0,30.8266,68.9177,461810,,,,,99,267,5
2025,Jaffarabad,21,,,,621388,55,1,1643,0.2,759,699,5
2025,Jhal Magsi,21,,,,180130,60,0,3615,0.2,284,233,54
2025,Kachhi (Bolan),21,0,35.1224,13.3985,417079,,,,,209,171,21
2025,Kalat,21,0,25.7744,11.6168,498077,2000,0,7654,0.2,35,39,22
2025,Kech (Turbat),21,,,,1098914,,,,,195,318,16
2025,Kharan,21,0,35.1253,9.1084,188592,700,0,14958,0.2,64,244,1
2025,Khuzdar,21,0,31.9711,20.201,969559,1237,0,35380,0.2,199,263,99
2025,Killa Abdullah,21,0,31.0701,7.7073,915157,1500,0,3553,0.2,16,143,16
2025,Killa Saifullah,21,0,29.7936,12.8185,413453,1500,0,6831,0.2,219,168,32
2025,Kohlu,21,0,32.2041,23.4095,258710,1000,0,7610,0.2,79,60,18
2025,Lasbella,21,0.2429,29.0573,78.4178,697550,,,,,410,493,29
2025,Loralai,21,0,30.3011,16.0561,479944,1400,0,3785,0.2,49,277,14
2025,Mastung,21,0,27.7994,9.82,321574,1700,0,3308,0.2,109,279,29
2025,MusaKhel,21,0,29.8299,24.6132,201891,,,,,143,90,14
2025,Naseerabad,21,0,39.4004,26.314,592374,,,,,264,309,74
2025,Panjgur,21,0,32.7751,22.2486,382021,900,0,16891,0.2,89,122,0
2025,Pishin,21,0,28.1426,11.4595,889769,1550,0,6218,0.2,58,595,18
2025,Quetta,21,0,28.0757,11.0337,2751515,1680,0,3447,0.75,34,863,43
2025,Sibi,21,0,38.0301,16.5036,163205,130,0,7121,0.2,305,144,74
2025,Sohbat pur,21,0,39.0696,27.19,241785,,,,,403,319,27
2025,Usta Muhammad,21,0,39.227,25.9422,314321,,,,,195,999,17
2025,Washuk,21,0,29.2426,17.1608,212771,700,0,33093,0.2,126,219,42
2025,Zhob,21,0,29.7244,24.8552,374767,1400,0,20297,0.2,54,228,7
2025,Abbottabad,21,0.8143,26.3959,42.1644,1611498,1256,0,1967,0.75,0,1190,68
2025,Bajaur,21,0.0714,26.0396,32.4949,1321356,900,0,1290,0.2,244,991,6
2025,Bannu,21,0.6143,33.7493,31.1445,1410816,312,1,1227,0.2,1695,1207,99
2025,Battagram,21,1.0143,25.1293,48.963,575449,1036,0,1301,0.2,45,254,3
2025,Buner,21,0.2,28.2497,42.9614,1084406,700,0,1865,0.35,370,435,3
2025,Charsadda,21,0,32.1046,37.8531,1953624,300,2,996,0.2,410,4500,164
2025,Chitral Lower,21,0,22.0038,37.4827,336081,1500,1,6458,0.35,25,785,11
2025,Chitral Upper,21,0,22.0038,37.4827,204308,2500,1,8392,0.2,3,150,24
2025,D.I. Khan,21,1.5857,33.4505,43.1555,2050338,,,,,194,2507,2
2025,Dir Lower,21,0.2286,32.8592,37.7014,1734809,800,1,1583,0.35,204,2104,37
2025,Dir Upper,21,0,22.414,43.3628,1143644,1200,1,3699,0.35,21,1470,12
2025,Hangu,21,0.1143,30.7446,28.7384,627433,900,0,1097,0.2,105,350,1
2025,Haripur,21,0.9857,30.1542,39.969,1212553,605,2,1725,0.65,0,1636,14
2025,Karak,21,0.0714,32.9452,30.1957,853502,500,0,3372,0.2,115,501,5
2025,Khyber,21,0.0857,31.4948,26.3685,1193210,1000,0,2576,0.2,145,880,95
2025,Kohat,21,0.1714,33.0456,29.7968,1200463,500,0,2545,0.65,45,1242,26
2025,Kohistan Lower,21,0.3143,3.3457,54.6498,244203,1500,2,1200,0.2,0,131,0
2025,Kohistan Upper,21,0.3143,3.3457,54.6498,369931,2500,2,4000,0.2,14,471,1
2025,Kolai Palas,21,0.3143,3.3457,54.6498,331246,,,,,0,72,1
2025,L & C Kurram,21,0.0429,19.9193,35.1912,604463,,,,,0,6,0
2025,Lakki Marwat,21,0.4429,32.4849,40.3789,1059019,250,1,3164,0.2,208,1058,37
2025,Malakand,21,0.2,30.84,32.8042,870427,700,1,952,0.2,19,1330,0
2025,Mansehra,21,0.7143,25.5597,45.4921,1881089,1000,0,4579,0.2,4,1598,27
2025,Mardan,21,0.0571,30.7951,42.5115,2868781,300,0,1632,0.65,123,1547,18
2025,Mohmand,21,0.2,30.84,32.8042,563359,600,0,2296,0.2,188,307,9
2025,North Waziristan,21,0.1571,16.155,38.335,656447,1000,1,4707,0.2,24,104,2
2025,Nowshera,21,0.2286,32.9177,37.7163,1835149,280,2,1748,0.65,49,3700,32
2025,Orakzai,21,0.0286,29.6561,28.6441,307067,1200,0,1538,0.2,17,148,3
2025,Peshawar,21,0,34.4662,28.6406,5160904,330,0,1257,0.75,49,7260,184
2025,SD Tank,21,0.0429,34.08,32.4403,604463,,,,,20,35,0
2025,Shangla,21,0.2,20.6152,43.5992,915157,2000,2,1586,0.35,250,723,32
2025,South Waziristan (Lower),21,0,30.348,30.0899,820861,,,,,59,8,18
2025,SWU,21,0,30.348,30.0899,604463,,,,,6,35,0
2025,Swabi,21,0.6429,29.6101,49.607,1963296,340,2,1543,0.65,73,2313,55
2025,Swat,21,0.2143,26.3968,45.3623,2791410,980,1,5337,0.35,24,3864,37
2025,Tank,21,0.0429,34.08,32.4403,472690,250,0,1679,0.2,78,612,9
2025,Tor Ghar,21,0.4,30.3344,42.7292,206726,,,,,46,95,7
2025,Upper Kurram,21,0.0429,19.9193,35.1912,748325,,,,,18,248,9
2025,Badin,22,0,34.26,57.1055,2182111,9,1,6726,0.35,3599,3327,38
2025,Dadu,22,0,38.3882,20.9795,1873835,40,2,19070,0.35,3150,3231,129
2025,Ghotki,22,0,36.8677,25.5461,1989892,72,1,6083,0.35,1443,1140,0
2025,Hyderabad,22,0,35.344,48.5727,2659637,20,2,993,0.75,656,2395,9
2025,Jacobabad,22,0.0429,37.6185,19.3154,1216179,55,0,2686,0.35,679,642,11
2025,Jamshoro,22,0,35.4084,48.0821,1200463,33,2,11204,0.35,1686,1569,17
2025,Kamber,22,0,38.5113,15.7614,1621170,50,0,5599,0.2,3029,2044,18
2025,Central,22,0,32.5767,63.1848,3591719,10,0,69,0.95,8,1036,81
2025,East,22,0,31.8486,69.0815,3514347,10,0,165,0.95,40,228,15
2025,Keamari,22,0,31.5966,69.938,2215961,2,0,559,0.2,5,577,2
2025,Korangi,22,0,31.8008,69.14,2970331,8,0,95,0.2,58,282,2
2025,Malir,22,0,32.7637,63.2256,2428732,20,0,2268,0.75,181,1598,31
2025,South,22,0,32.3613,61.9266,2166395,4,0,122,0.95,113,5559,227
2025,West,22,0.0286,32.3278,64.9378,4732945,15,0,929,0.75,295,809,26
2025,Kashmore,22,0.0143,36.6908,26.047,1316520,60,2,2592,0.35,1687,558,1
2025,Khairpur,22,0,38.1409,22.0048,2908676,53,2,15910,0.5,6029,3062,211
2025,Larkana,22,0,38.783,17.2019,1842403,48,2,1906,0.5,4003,2044,11
2025,Matiari,22,0,36.471,42.6707,930873,25,2,1417,0.2,2108,1808,2
2025,Mirpurkhas,22,0,36.5884,43.1462,1820642,16,0,2925,0.5,1789,2450,19
2025,Naushero Feroze,22,0,37.8432,23.9826,1948788,38,2,2945,0.2,1698,1096,46
2025,Sanghar,22,0,35.5212,46.6246,2486760,16,1,10608,0.2,3417,1844,55
2025,Shaheed Benazirabad,22,0,38.0433,27.7407,1949997,30,2,4502,0.5,1635,1657,66
2025,Shikarpur,22,0,38.1352,18.5998,1488188,52,1,2512,0.35,2095,1190,2
2025,Sujawal,22,0.0143,32.8337,64.0091,945380,,,,,1007,2388,3
2025,Sukkur,22,0,37.8134,22.3834,1798882,65,2,5165,0.75,1559,1479,3
2025,Tando Allahyar,22,0.0143,36.1146,45.4272,1011871,18,0,2343,0.2,1612,1993,8
2025,Tando Muhammad Khan,22,0,34.8359,53.435,818443,14,2,1733,0.2,891,1228,0
2025,Tharparkar,22,0,34.3058,56.3263,1994728,56,0,19638,0.35,2201,1554,20
2025,Thatta,22,0,32.8206,63.8391,1184747,10,2,17355,0.35,1530,1636,16
2025,Umerkot,22,0,36.3586,44.2714,1297177,12,0,5608,0.35,1245,1455,18
2025,Barkhan,22,0.1857,30.814,23.7287,206726,1100,0,3514,0.2,75,121,48
2025,Chagai,22,0,31.9783,11.6671,273217,919,0,44748,0.2,42,150,16
2025,Dera Bugti,22,0.0571,33.8312,24.6795,378394,250,0,10160,0.2,62,54,3
2025,Gwada r,22,,,,317947,,,,,113,546,65
2025,Hub,22,0,32.6701,61.7592,461810,,,,,106,172,4
2025,Jhal Magsi,22,,,,180130,60,0,3615,0.2,152,176,21
2025,Kalat,22,0.0143,22.236,17.2172,498077,2000,0,7654,0.2,71,84,24
2025,Kharan,22,0,33.2461,11.7584,188592,700,0,14958,0.2,41,182,11
2025,Killa Abdullah,22,0,27.6478,11.0487,915157,1500,0,3553,0.2,15,151,10
2025,Killa Saifullah,22,0.0143,26.804,15.9129,413453,1500,0,6831,0.2,172,227,18
2025,Kohlu,22,0.1,29.2773,26.4083,258710,1000,0,7610,0.2,103,160,14
2025,Lasbella,22,0.0143,31.1803,64.0465,697550,,,,,318,430,9
2025,Loralai,22,0.0714,27.7707,19.1173,479944,1400,0,3785,0.2,50,224,14
2025,MusaKhel,22,0.0286,27.4766,24.4346,201891,,,,,75,30,8
2025,Naseerabad,22,0,38.2197,17.1974,592374,,,,,246,325,31
2025,Pishin,22,0,25.384,14.7366,889769,1550,0,6218,0.2,66,618,39
2025,Quetta,22,0,24.8069,16.5308,2751515,1680,0,3447,0.75,26,445,12
2025,Sibi,22,0,36.6054,14.9263,163205,130,0,7121,0.2,7,136,7
2025,Sohbat pur,22,0,37.7297,18.8745,241785,,,,,273,246,30
2025,Usta Muhammad,22,0,37.785,17.1873,314321,,,,,52,154,0
2025,Washuk,22,0,26.5774,17.01,212771,700,0,33093,0.2,125,174,18
2025,Zhob,22,0,27.3557,26.2914,374767,1400,0,20297,0.2,67,240,5
2025,Abbottabad,22,4.7286,22.1703,58.971,1611498,1256,0,1967,0.75,0,1294,45
2025,Bajaur,22,1.4,22.4033,45.1565,1321356,900,0,1290,0.2,209,633,55
2025,Bannu,22,0,31.3642,35.6626,1410816,312,1,1227,0.2,1232,548,7
2025,Battagra m,22,,,,575449,,,,,36,307,8
2025,Buner,22,0.9286,24.463,57.9342,1084406,700,0,1865,0.35,157,352,13
2025,Charsadda,22,0.5714,28.4296,51.6882,1953624,300,2,996,0.2,298,3093,40
2025,Chitral Lower,22,3.8,19.0654,54.7131,336081,1500,1,6458,0.35,25,773,13
2025,Chitral Upper,22,3.8,19.0654,54.7131,204308,2500,1,8392,0.2,5,279,1
2025,D.I. Khan,22,0,31.9942,42.8396,2050338,,,,,214,1774,45
2025,Dir Lower,22,1.0714,28.8822,51.7491,1734809,800,1,1583,0.35,151,1701,43
2025,Dir Upper,22,3.2857,19.192,58.7124,1143644,1200,1,3699,0.35,17,1436,30
2025,Hangu,22,0.3143,27.6095,38.7036,627433,900,0,1097,0.2,68,198,7
2025,Haripur,22,2.8857,26.6223,52.8101,1212553,605,2,1725,0.65,16,1363,3
2025,Karak,22,0.3571,29.7795,38.7291,853502,500,0,3372,0.2,148,639,46
2025,Khyber,22,0.7286,27.2439,41.2385,1193210,1000,0,2576,0.2,210,840,34
2025,Kohat,22,0.2857,29.5147,40.0219,1200463,500,0,2545,0.65,59,828,15
2025,Kohistan Lower,22,0.5429,1.432,79.4559,244203,1500,2,1200,0.2,0,86,0
2025,Kohistan Upper,22,0.5429,1.432,79.4559,369931,2500,2,4000,0.2,1,327,0
2025,Kolai Palas,22,0.5429,1.432,79.4559,331246,,,,,2,95,0
2025,L & C Kurram,22,3.8857,16.7166,48.6484,604463,,,,,1,3,0
2025,Lakki Marwat,22,0.0429,30.8686,41.3349,1059019,250,1,3164,0.2,246,862,72
2025,Malakand,22,0.7429,27.0236,44.1213,870427,700,1,952,0.2,27,1689,0
2025,Mansehra,22,6.1857,22.0118,59.9937,1881089,1000,0,4579,0.2,4,989,0
2025,Mardan,22,1.7286,27.5785,54.8737,2868781,300,0,1632,0.65,113,1007,72
2025,Mohmand,22,0.7429,27.0236,44.1213,563359,600,0,2296,0.2,162,251,18
2025,North Waziristan,22,7.3571,12.6979,55.3458,656447,1000,1,4707,0.2,83,36,1
2025,Nowshera,22,1.0714,28.9407,51.7632,1835149,280,2,1748,0.65,135,2939,18
2025,Orakzai,22,0.8857,26.2751,39.698,307067,1200,0,1538,0.2,32,112,0
2025,Peshawar,22,1.5429,30.3031,42.1239,5160904,330,0,1257,0.75,36,4719,6
2025,SD Tank,22,0,32.3589,35.5621,604463,,,,,28,36,1
2025,Shangla,22,5.9714,15.9408,63.3904,915157,2000,2,1586,0.35,235,1327,64
2025,South Waziristan (Lower),22,0.1429,28.1274,34.5971,820861,,,,,104,111,5
2025,SWU,22,0.1429,28.1274,34.5971,604463,,,,,6,27,0
2025,Swabi,22,2.4571,26.9479,58.0878,1963296,340,2,1543,0.65,51,1771,172
2025,Swat,22,3.3429,22.9748,57.7795,2791410,980,1,5337,0.35,19,3705,78
2025,Tank,22,0,32.3589,35.5621,472690,250,0,1679,0.2,127,529,0
2025,Tor Ghar,22,1.8286,27.1118,52.7963,206726,,,,,30,115,15
2025,Upper Kurram,22,3.8857,16.7166,48.6484,748325,,,,,14,228,8
2025,Badin,23,0,32.6404,58.4598,2182111,9,1,6726,0.35,2411,1879,126
2025,Dadu,23,0,36.4414,35.8459,1873835,40,2,19070,0.35,2467,2395,372
2025,Ghotki,23,0,36.8528,31.1696,1989892,72,1,6083,0.35,1770,878,174
2025,Hyderabad,23,0.0143,32.4116,58.4979,2659637,20,2,993,0.75,457,1891,51
2025,Jacobabad,23,0,37.5241,26.4059,1216179,55,0,2686,0.35,392,546,156
2025,Jamshoro,23,0,32.3935,59.0032,1200463,33,2,11204,0.35,1428,1616,70
2025,Kamber,23,0,38.0729,26.6384,1621170,50,0,5599,0.2,2539,1629,186
2025,Central,23,0.0857,30.5996,68.5998,3591719,10,0,69,0.95,15,1043,0
2025,East,23,0.0286,30.2268,71.8232,3514347,10,0,165,0.95,32,195,12
2025,Keamari,23,0.0143,30.1903,72.4331,2215961,2,0,559,0.2,4,374,0
2025,Korangi,23,0.0286,30.2767,71.8033,2970331,8,0,95,0.2,56,238,0
2025,Malir,23,0,30.6604,68.9711,2428732,20,0,2268,0.75,169,1239,44
2025,South,23,0.0286,30.0667,70.2824,2166395,4,0,122,0.95,80,5141,279
2025,West,23,0.0571,30.5358,69.7213,4732945,15,0,929,0.75,257,602,80
2025,Kashmore,23,0,36.6941,30.6997,1316520,60,2,2592,0.35,1611,433,30
2025,Khairpur,23,0,37.1004,32.6594,2908676,53,2,15910,0.5,3489,2882,233
2025,Larkana,23,0,37.7994,28.9103,1842403,48,2,1906,0.5,2972,1616,30
2025,Matiari,23,0,33.2026,54.604,930873,25,2,1417,0.2,1278,1188,46
2025,Mirpurkhas,23,0,33.8024,51.8525,1820642,16,0,2925,0.5,1602,2241,101
2025,Naushero Feroze,23,0,36.2644,37.5249,1948788,38,2,2945,0.2,1322,984,146
2025,Sanghar,23,0,33.862,50.5972,2486760,16,1,10608,0.2,2295,1333,81
2025,Shaheed Benazirabad,23,0,35.2034,44.4641,1949997,30,2,4502,0.5,1617,1462,131
2025,Shikarpur,23,0,37.6706,28.6907,1488188,52,1,2512,0.35,1582,852,117
2025,Sindh Labs,23,,,,0,,,,,9,209,6
2025,Sujawal,23,0,31.4503,64.2666,945380,,,,,715,905,27
2025,Sukkur,23,0,36.9235,32.6247,1798882,65,2,5165,0.75,1249,1198,70
2025,Tando Allahyar,23,0,33.2637,54.1314,1011871,18,0,2343,0.2,1205,1300,55
2025,Tando Muhammad Khan,23,0,32.5285,58.3141,818443,14,2,1733,0.2,584,913,19
2025,Tharparkar,23,0,32.5677,57.0453,1994728,56,0,19638,0.35,1446,927,0
2025,Thatta,23,0,31.2399,65.4206,1184747,10,2,17355,0.35,247,337,18
2025,Umerkot,23,0,34.1619,49.4684,1297177,12,0,5608,0.35,1087,1148,0
2025,Barkhan,23,0,31.7188,25.4831,206726,1100,0,3514,0.2,36,76,25
2025,Chaman,23,,,,0,1340,0,1341,0.2,0,0,2
2025,Hub,23,0,30.4648,68.5055,461810,,,,,52,126,5
2025,Jaffarabad,23,,,,621388,55,1,1643,0.2,0,0,0
2025,Jhal Magsi,23,,,,180130,60,0,3615,0.2,30,44,1
2025,Kachhi (Bolan),23,0,32.9215,17.8785,417079,,,,,79,100,9
2025,Kalat,23,0,23.5812,16.5546,498077,2000,0,7654,0.2,0,0,0
2025,Kharan,23,0,32.747,14.8673,188592,700,0,14958,0.2,29,155,9
2025,Khuzdar,23,0,29.555,21.8589,969559,1237,0,35380,0.2,14,12,0
2025,Killa Abdullah,23,0,28.8957,10.1308,915157,1500,0,3553,0.2,0,28,1
2025,Kohlu,23,0,30.038,27.8999,258710,1000,0,7610,0.2,6,13,0
2025,Lasbella,23,0.2143,29.2731,72.9807,697550,,,,,195,336,15
2025,Loralai,23,0.0143,27.9079,21.7126,479944,1400,0,3785,0.2,18,110,5
2025,Sibi,23,0,36.6051,19.6836,163205,130,0,7121,0.2,11,167,4
2025,Sohbat pur,23,0,37.7092,27.0636,241785,,,,,146,237,9
2025,Surab,23,0,24.4008,16.8428,0,,,,,4,18,0
2025,Usta Muhammad,23,0,37.8612,22.7383,314321,,,,,169,1207,7
2025,Washuk,23,0,26.4598,22.4788,212771,700,0,33093,0.2,92,84,1
2025,Abbottabad,23,1.3857,22.8994,53.5204,1611498,1256,0,1967,0.75,0,979,16
2025,Bajaur,23,0,24.0557,37.5505,1321356,900,0,1290,0.2,148,535,5
2025,Bannu,23,0,32.6032,28.5825,1410816,312,1,1227,0.2,1156,716,10
2025,Battagram,23,0.0714,22.557,57.3198,575449,1036,0,1301,0.2,36,257,8
2025,Buner,23,0.4714,25.1482,53.7285,1084406,700,0,1865,0.35,235,167,0
2025,Charsadda,23,0,29.2463,47.8024,1953624,300,2,996,0.2,217,2046,220
2025,Chitral Lower,23,0.3286,20.3163,46.7116,336081,1500,1,6458,0.35,19,822,4
2025,Chitral Upper,23,0.3286,20.3163,46.7116,204308,2500,1,8392,0.2,7,147,6
2025,D.I. Khan,23,0,32.8782,37.6093,2050338,,,,,184,1387,8
2025,Dir Lower,23,0,30.2747,43.1781,1734809,800,1,1583,0.35,86,1021,9
2025,Dir Upper,23,0,20.4119,49.1605,1143644,1200,1,3699,0.35,12,1152,20
2025,Hangu,23,0.0143,29.0294,31.2206,627433,900,0,1097,0.2,45,115,0
2025,Haripur,23,0.0143,27.2565,48.9533,1212553,605,2,1725,0.65,21,1105,3
2025,Karak,23,0,31.2262,29.9036,853502,500,0,3372,0.2,101,632,13
2025,Khyber,23,0.0286,28.6689,34.5971,1193210,1000,0,2576,0.2,131,466,29
2025,Kohat,23,0,30.7778,33.1318,1200463,500,0,2545,0.65,58,630,3
2025,Kohistan Lower,23,0.6571,1.8573,69.1838,244203,1500,2,1200,0.2,1,108,0
2025,Kohistan Upper,23,0.6571,1.8573,69.1838,369931,2500,2,4000,0.2,4,90,1
2025,Kolai Palas,23,0.6571,1.8573,69.1838,331246,,,,,1,91,2
2025,L & C Kurram,23,0.3286,17.8214,42.9109,604463,,,,,0,3,0
2025,Lakki Marwat,23,0,31.6346,36.2134,1059019,250,1,3164,0.2,222,699,0
2025,Malakand,23,0,27.9602,39.4597,870427,700,1,952,0.2,17,1005,0
2025,Mansehra,23,0.9429,22.968,54.2891,1881089,1000,0,4579,0.2,1,234,0
2025,Mardan,23,0,28.043,52.7695,2868781,300,0,1632,0.65,38,711,41
2025,Mohmand,23,0,27.9602,39.4597,563359,600,0,2296,0.2,149,249,0
2025,North Waziristan,23,0.8143,13.4958,50.6866,656447,1000,1,4707,0.2,46,54,5
2025,Nowshera,23,0,30.3332,43.1931,1835149,280,2,1748,0.65,102,2298,0
2025,Orakzai,23,0.0286,27.6465,32.305,307067,1200,0,1538,0.2,15,94,0
2025,Peshawar,23,0,31.7999,34.8977,5160904,330,0,1257,0.75,26,3341,36
2025,SD Tank,23,0,33.0086,31.2809,604463,,,,,21,34,0
2025,Shangla,23,0.6286,17.5053,55.4782,915157,2000,2,1586,0.35,263,1196,3
2025,South Waziristan (Lower),23,0,28.6084,30.8582,820861,,,,,130,24,3
2025,SWU,23,0,28.6084,30.8582,604463,,,,,8,28,0
2025,Swabi,23,0,27.1217,54.6229,1963296,340,2,1543,0.65,39,1271,17
2025,Swat,23,0.1286,24.2968,52.6514,2791410,980,1,5337,0.35,29,2416,97
2025,Tank,23,0,33.0086,31.2809,472690,250,0,1679,0.2,112,419,5
2025,Tor Ghar,23,0.0714,27.721,50.0032,206726,,,,,32,132,2
2025,Upper Kurram,23,0.3286,17.8214,42.9109,748325,,,,,13,175,5
2025,Badin,24,0.0714,33.0904,59.3816,2182111,9,1,6726,0.35,3173,3314,208
2025,Dadu,24,0.0143,37.7134,36.7261,1873835,40,2,19070,0.35,2778,2808,387
2025,Ghotki,24,0.0429,37.9457,30.3118,1989892,72,1,6083,0.35,2828,1427,211
2025,Hyderabad,24,0.5286,33.2095,59.1673,2659637,20,2,993,0.75,861,2353,52
2025,Jacobabad,24,0,38.9015,24.5588,1216179,55,0,2686,0.35,499,697,161
2025,Jamshoro,24,0.1714,33.2921,58.8935,1200463,33,2,11204,0.35,1450,1701,95
2025,Kamber,24,0,38.9571,29.1802,1621170,50,0,5599,0.2,3087,2047,181
2025,Central,24,0.0143,30.9615,70.285,3591719,10,0,69,0.95,21,1070,3
2025,East,24,0.1,30.553,73.7986,3514347,10,0,165,0.95,46,222,14
2025,Keamari,24,0,30.379,75.2982,2215961,2,0,559,0.2,8,549,0
2025,Korangi,24,0.0286,30.5162,74.2492,2970331,8,0,95,0.2,59,326,0
2025,Malir,24,0,31.116,70.017,2428732,20,0,2268,0.75,190,1556,56
2025,South,24,0.3286,30.6351,71.6352,2166395,4,0,122,0.95,134,5810,246
2025,West,24,0,30.8037,72.4493,4732945,15,0,929,0.75,278,730,85
2025,Kashmore,24,0.0714,37.9828,29.472,1316520,60,2,2592,0.35,1910,515,94
2025,Khairpur,24,0.0714,38.1328,32.64,2908676,53,2,15910,0.5,4312,3091,227
2025,Larkana,24,0.1857,38.8312,30.2079,1842403,48,2,1906,0.5,3761,1898,43
2025,Matiari,24,0.2286,34.257,53.9978,930873,25,2,1417,0.2,2159,1671,51
2025,Mirpurkhas,24,0.2,34.5116,52.6566,1820642,16,0,2925,0.5,2360,2986,90
2025,Naushero Feroze,24,0,37.3828,37.2565,1948788,38,2,2945,0.2,1270,1127,188
2025,Sanghar,24,0,33.951,55.2014,2486760,16,1,10608,0.2,3814,1919,175
2025,Shaheed Benazirabad,24,0.0286,36.3454,42.7546,1949997,30,2,4502,0.5,1784,1844,121
2025,Shikarpur,24,0.0143,38.9141,27.5178,1488188,52,1,2512,0.35,1535,1211,116
2025,Sindh Labs,24,,,,0,,,,,21,203,3
2025,Sujawal,24,0,31.953,66.0131,945380,,,,,1111,2548,21
2025,Sukkur,24,0.2857,37.9934,32.3361,1798882,65,2,5165,0.75,1468,1347,124
2025,Tando Allahyar,24,0.4143,34.0078,55.1099,1011871,18,0,2343,0.2,1528,1586,55
2025,Tando Muhammad Khan,24,0.1714,33.1999,59.3457,818443,14,2,1733,0.2,950,1228,8
2025,Tharparkar,24,0.0143,33.2278,58.0664,1994728,56,0,19638,0.35,2389,1749,0
2025,Thatta,24,0.0857,31.8215,66.3763,1184747,10,2,17355,0.35,1160,1659,100
2025,Umerkot,24,0.5857,34.8542,49.7355,1297177,12,0,5608,0.35,1366,1736,0
2025,Barkhan,24,0,34.0452,15.5845,206726,1100,0,3514,0.2,50,100,28
2025,Chagai,24,0,33.8083,12.6447,273217,919,0,44748,0.2,37,105,2
2025,Dera Bugti,24,0,36.2966,20.8148,378394,250,0,10160,0.2,16,38,4
2025,Gwadar,24,0,29.5357,80.5902,317947,12,0,12637,0.35,98,430,19
2025,Hub,24,0,31.0046,69.3833,461810,,,,,32,109,2
2025,Jhal Magsi,24,,,,180130,60,0,3615,0.2,161,143,1
2025,Kachhi (Bolan),24,0,35.0542,12.1023,417079,,,,,57,110,10
2025,Kalat,24,0,24.2681,19.4283,498077,2000,0,7654,0.2,66,57,11
2025,Kharan,24,0,35.1223,11.7656,188592,700,0,14958,0.2,50,179,6
2025,Killa Abdullah,24,0,29.4403,13.0462,915157,1500,0,3553,0.2,18,149,5
2025,Killa Saifullah,24,0,29.01,15.144,413453,1500,0,6831,0.2,202,221,16
2025,Kohlu,24,0,32.6675,17.2835,258710,1000,0,7610,0.2,29,39,8
2025,Lasbella,24,0.0857,30.0148,73.6002,697550,,,,,215,424,15
2025,Loralai,24,0,30.4139,14.5833,479944,1400,0,3785,0.2,49,235,21
2025,Mastung,24,0,26.5322,17.8108,321574,1700,0,3308,0.2,81,129,6
2025,MusaKhel,24,0,30.4549,18.1382,201891,,,,,76,31,2
2025,Naseerabad,24,0,39.1373,26.0098,592374,,,,,145,294,40
2025,Pishin,24,0,27.2605,15.7285,889769,1550,0,6218,0.2,57,595,37
2025,Quetta,24,0,26.8739,17.1737,2751515,1680,0,3447,0.75,12,81,6
2025,Sibi,24,0,38.1292,14.781,163205,130,0,7121,0.2,8,18,0
2025,Sohbat pur,24,0,38.9523,26.0685,241785,,,,,152,245,20
2025,Surab,24,0,25.8607,17.7568,0,,,,,4,20,0
2025,Usta Muhammad,24,0.2571,38.9445,24.2606,314321,,,,,250,398,7
2025,Zhob,24,0,30.1613,18.6339,374767,1400,0,20297,0.2,51,217,13
2025,Abbottabad,24,0.0286,29.2372,31.7676,1611498,1256,0,1967,0.75,1,1305,8
2025,Bajaur,24,0.0143,28.6699,26.3493,1321356,900,0,1290,0.2,210,674,11
2025,Bannu,24,0,36.8517,19.1324,1410816,312,1,1227,0.2,1156,789,20
2025,Battagram,24,0.0429,26.9204,42.9411,575449,1036,0,1301,0.2,32,357,8
2025,Buner,24,0,30.0127,40.3518,1084406,700,0,1865,0.35,232,400,0
2025,Charsadda,24,0,33.5832,35.2684,1953624,300,2,996,0.2,262,2138,224
2025,Chitral Lower,24,1.4857,22.4896,49.4155,336081,1500,1,6458,0.35,17,1204,12
2025,Chitral Upper,24,1.4857,22.4896,49.4155,204308,2500,1,8392,0.2,2,228,8
2025,D.I. Khan,24,0,36.8014,26.9258,2050338,,,,,256,1537,0
2025,Dir Lower,24,0,34.8953,30.5395,1734809,800,1,1583,0.35,129,1592,10
2025,Dir Upper,24,0.5,24.1259,43.1721,1143644,1200,1,3699,0.35,25,2014,36
2025,Hangu,24,0.0286,33.1175,22.0956,627433,900,0,1097,0.2,69,200,3
2025,Haripur,24,0,32.5083,33.2712,1212553,605,2,1725,0.65,19,1376,3
2025,Karak,24,0,35.8691,19.5139,853502,500,0,3372,0.2,137,508,21
2025,Khyber,24,0.0143,33.3778,22.2699,1193210,1000,0,2576,0.2,210,540,57
2025,Kohat,24,0,35.8349,21.1729,1200463,500,0,2545,0.65,67,796,0
2025,Kohistan Lower,24,1.5571,6.2437,64.75,244203,1500,2,1200,0.2,0,124,0
2025,Kohistan Upper,24,1.5571,6.2437,64.75,369931,2500,2,4000,0.2,7,383,0
2025,Kolai Palas,24,1.5571,6.2437,64.75,331246,,,,,3,91,1
2025,L & C Kurram,24,1.9143,21.3065,33.7844,604463,,,,,0,1,0
2025,Lakki Marwat,24,0,35.3611,25.9977,1059019,250,1,3164,0.2,252,745,0
2025,Malakand,24,0,32.9492,26.1285,870427,700,1,952,0.2,23,956,0
2025,Mansehra,24,0.0143,28.2591,36.0842,1881089,1000,0,4579,0.2,0,1095,0
2025,Mardan,24,0,32.1487,40.4302,2868781,300,0,1632,0.65,93,911,41
2025,Mohmand,24,0,32.9492,26.1285,563359,600,0,2296,0.2,139,210,0
2025,North Waziristan,24,4.3857,16.7273,43.5698,656447,1000,1,4707,0.2,103,83,26
2025,Nowshera,24,0,34.9537,30.5547,1835149,280,2,1748,0.65,152,2558,6
2025,Orakzai,24,0.5714,31.607,22.8646,307067,1200,0,1538,0.2,19,105,0
2025,Peshawar,24,0,36.5969,23.5444,5160904,330,0,1257,0.75,24,3341,24
2025,SD Tank,24,0,36.4672,20.8032,604463,,,,,8,17,2
2025,Shangla,24,2.1,22.1113,38.8886,915157,2000,2,1586,0.35,169,1617,7
2025,South Waziristan (Lower),24,0.0429,32.4024,18.2092,820861,,,,,159,44,6
2025,SWU,24,0.0429,32.4024,18.2092,604463,,,,,4,21,0
2025,Swabi,24,0,30.622,47.8622,1963296,340,2,1543,0.65,45,1617,38
2025,Swat,24,0,28.9004,36.2397,2791410,980,1,5337,0.35,12,4587,97
2025,Tank,24,0,36.4672,20.8032,472690,250,0,1679,0.2,83,416,9
2025,Tor Ghar,24,0,32.2025,38.9777,206726,,,,,36,117,5
2025,Upper Kurram,24,1.9143,21.3065,33.7844,748325,,,,,18,214,3
2025,Badin,25,0.3143,33.2195,62.154,2182111,9,1,6726,0.35,3617,3470,96
2025,Dadu,25,0,38.0643,40.489,1873835,40,2,19070,0.35,3045,3032,115
2025,Ghotki,25,0,37.4924,40.6085,1989892,72,1,6083,0.35,2742,1558,0
2025,Hyderabad,25,0,33.9149,57.3085,2659637,20,2,993,0.75,883,2513,10
2025,Jacobabad,25,0,39.2631,33.4808,1216179,55,0,2686,0.35,553,736,23
2025,Jamshoro,25,0,34.0367,56.7389,1200463,33,2,11204,0.35,1475,1698,17
2025,Kamber,25,0,39.2881,34.5967,1621170,50,0,5599,0.2,3401,2112,23
2025,Central,25,1.1143,31.0535,74.5777,3591719,10,0,69,0.95,27,1235,101
2025,East,25,0.7,30.7021,77.8059,3514347,10,0,165,0.95,44,292,17
2025,Keamari,25,1.6429,30.676,78.2377,2215961,2,0,559,0.2,6,724,6
2025,Korangi,25,1.4857,30.6841,78.2162,2970331,8,0,95,0.2,80,346,4
2025,Malir,25,0.6429,31.1095,74.7264,2428732,20,0,2268,0.75,225,1773,33
2025,South,25,0.8857,31.0101,72.6784,2166395,4,0,122,0.95,181,6046,381
2025,West,25,1.1143,31.2031,74.3331,4732945,15,0,929,0.75,337,790,26
2025,Kashmore,25,0,37.3977,40.5632,1316520,60,2,2592,0.35,2019,516,20
2025,Khairpur,25,0,38.1727,38.5856,2908676,53,2,15910,0.5,4653,3150,241
2025,Larkana,25,0,39.0893,35.634,1842403,48,2,1906,0.5,4606,2102,6
2025,Matiari,25,0,34.9856,51.8848,930873,25,2,1417,0.2,2524,1852,4
2025,Mirpurkhas,25,0,35.0598,52.1142,1820642,16,0,2925,0.5,2546,3500,13
2025,Naushero Feroze,25,0,37.7796,41.0296,1948788,38,2,2945,0.2,1224,1103,116
2025,Sanghar,25,0,33.904,59.405,2486760,16,1,10608,0.2,4460,1973,47
2025,Shaheed Benazirabad,25,0,36.7141,45.5099,1949997,30,2,4502,0.5,2063,1824,91
2025,Shikarpur,25,0,38.6162,36.5271,1488188,52,1,2512,0.35,1770,1270,6
2025,Sindh Labs,25,,,,0,,,,,19,171,0
2025,Sujawal,25,0.2429,32.0244,68.8384,945380,,,,,1033,2619,5
2025,Sukkur,25,0,38.0199,38.6042,1798882,65,2,5165,0.75,1742,1379,4
2025,Tando Allahyar,25,0,34.6515,53.7962,1011871,18,0,2343,0.2,1903,1907,5
2025,Tando Muhammad Khan,25,0.4571,33.6939,59.9303,818443,14,2,1733,0.2,943,1255,0
2025,Tharparkar,25,0.7429,32.512,65.9387,1994728,56,0,19638,0.35,2272,1728,19
2025,Thatta,25,0.0857,32.1408,67.9417,1184747,10,2,17355,0.35,1333,1528,2
2025,Umerkot,25,0.4714,34.4586,55.444,1297177,12,0,5608,0.35,0,0,0
2025,Barkhan,25,0.0429,33.581,35.2647,206726,1100,0,3514,0.2,66,108,26
2025,Chagai,25,0,36.3869,9.1813,273217,919,0,44748,0.2,44,107,14
2025,Dera Bugti,25,0.0143,35.3416,39.0171,378394,250,0,10160,0.2,32,58,0
2025,Gwadar,25,0,28.542,91.8382,317947,12,0,12637,0.35,129,308,7
2025,Hub,25,0.2143,31.2011,72.2402,461810,,,,,94,183,3
2025,Jhal Magsi,25,,,,180130,60,0,3615,0.2,232,222,3
2025,Kachhi (Bolan),25,0,34.5149,28.9195,417079,,,,,61,136,16
2025,Kalat,25,0,26.5422,17.2406,498077,2000,0,7654,0.2,74,77,17
2025,Kharan,25,0,36.7952,12.318,188592,700,0,14958,0.2,48,209,8
2025,Khuzdar,25,0,32.4386,27.4084,969559,1237,0,35380,0.2,19,35,3
2025,Killa Abdullah,25,0,32.0165,10.5509,915157,1500,0,3553,0.2,8,97,11
2025,Killa Saifullah,25,0,30.1537,27.9726,413453,1500,0,6831,0.2,226,195,9
2025,Kohlu,25,0.0714,31.7779,37.528,258710,1000,0,7610,0.2,42,47,13
2025,Lasbella,25,1.5286,29.9496,77.6596,697550,,,,,211,442,10
2025,Loralai,25,0,30.3407,32.3484,479944,1400,0,3785,0.2,48,267,9
2025,Mastung,25,0,28.6054,18.7965,321574,1700,0,3308,0.2,88,165,6
2025,MusaKhel,25,0,30.3195,35.82,201891,,,,,123,52,3
2025,Naseerabad,25,0,39.4605,33.6263,592374,,,,,137,356,61
2025,Quetta,25,0,28.8647,21.2127,2751515,1680,0,3447,0.75,9,104,2
2025,Sibi,25,0,39.22,28.289,163205,130,0,7121,0.2,37,174,2
2025,Sohbat pur,25,0,39.1506,34.4764,241785,,,,,128,274,18
2025,Surab,25,0,27.2964,20.2758,0,,,,,6,7,0
2025,Usta Muhammad,25,0,39.6368,32.3888,314321,,,,,172,531,11
2025,Zhob,25,0,30.7605,32.4986,374767,1400,0,20297,0.2,85,279,16
2025,Abbottabad,25,2.4143,27.2572,58.099,1611498,1256,0,1967,0.75,0,1375,9
2025,Bajaur,25,1.9429,27.6,47.8652,1321356,900,0,1290,0.2,256,772,82
2025,Bannu,25,0.1857,35.466,36.6645,1410816,312,1,1227,0.2,1407,852,3
2025,Battagram,25,2.9571,27.226,62.1813,575449,1036,0,1301,0.2,58,458,11
2025,Buner,25,5.3429,29.9211,55.5493,1084406,700,0,1865,0.35,487,495,13
2025,Charsadda,25,0.5714,33.6588,47.3813,1953624,300,2,996,0.2,327,2540,20
2025,Chitral Lower,25,0.0143,25.8896,43.0191,336081,1500,1,6458,0.35,21,1136,16
2025,Chitral Upper,25,0.0143,25.8896,43.0191,204308,2500,1,8392,0.2,11,216,3
2025,D.I. Khan,25,0.0714,36.4451,39.5618,2050338,,,,,299,1617,43
2025,Dir Lower,25,2.3571,34.3961,46.1554,1734809,800,1,1583,0.35,197,1850,29
2025,Dir Upper,25,0.4571,24.7027,56.6611,1143644,1200,1,3699,0.35,32,2289,25
2025,Hangu,25,0.5143,32.3982,38.8697,627433,900,0,1097,0.2,101,242,5
2025,Haripur,25,4.7,32.0821,51.7681,1212553,605,2,1725,0.65,21,1428,19
2025,Karak,25,0.1857,33.9717,38.5812,853502,500,0,3372,0.2,190,612,38
2025,Khyber,25,0.1714,32.5909,39.497,1193210,1000,0,2576,0.2,315,767,37
2025,Kohat,25,0.4286,33.9477,39.8113,1200463,500,0,2545,0.65,105,890,44
2025,Kohistan Lower,25,1.2429,8.0416,67.9084,244203,1500,2,1200,0.2,5,148,1
2025,Kohistan Upper,25,1.2429,8.0416,67.9084,369931,2500,2,4000,0.2,15,317,0
2025,Kolai Palas,25,1.2429,8.0416,67.9084,331246,,,,,4,99,6
2025,L & C Kurram,25,0.6143,21.4518,49.6347,604463,,,,,7,2,0
2025,Lakki Marwat,25,0,35.3578,39.0882,1059019,250,1,3164,0.2,311,904,77
2025,Malakand,25,3.4429,31.359,48.2061,870427,700,1,952,0.2,35,715,0
2025,Mansehra,25,2.5429,28.0651,55.4736,1881089,1000,0,4579,0.2,0,1381,0
2025,Mardan,25,1.3857,32.6746,52.2963,2868781,300,0,1632,0.65,176,1104,9
2025,Mohmand,25,3.4429,31.359,48.2061,563359,600,0,2296,0.2,213,187,9
2025,North Waziristan,25,1.3857,17.4744,53.1344,656447,1000,1,4707,0.2,77,83,4
2025,Nowshera,25,2.3571,34.4546,46.1697,1835149,280,2,1748,0.65,139,3062,40
2025,Orakzai,25,0.7286,30.9593,40.2272,307067,1200,0,1538,0.2,28,165,7
2025,Peshawar,25,0.0286,35.6534,38.7115,5160904,330,0,1257,0.75,35,4958,9
2025,SD Tank,25,0,35.4172,38.986,604463,,,,,8,16,0
2025,Shangla,25,3.1571,21.4235,63.0698,915157,2000,2,1586,0.35,383,1204,60
2025,South Waziristan (Lower),25,0,31.7372,36.7651,820861,,,,,33,65,0
2025,SWU,25,0,31.7372,36.7651,604463,,,,,44,73,0
2025,Swabi,25,2.8143,31.6173,57.0004,1963296,340,2,1543,0.65,62,1827,200
2025,Swat,25,3.8,28.7682,56.3335,2791410,980,1,5337,0.35,44,4183,60
2025,Tank,25,0,35.4172,38.986,472690,250,0,1679,0.2,251,498,1
2025,Tor Ghar,25,7.4143,31.9906,53.4871,206726,,,,,35,108,15
2025,Upper Kurram,25,0.6143,21.4518,49.6347,748325,,,,,14,231,9
2025,Badin,27,1.3143,30.9273,73.7284,2182111,9,1,6726,0.35,2789,3064,117
2025,Dadu,27,0.0143,35.9024,51.9239,1873835,40,2,19070,0.35,2751,2321,436
2025,Ghotki,27,0.0143,35.1165,55.7344,1989892,72,1,6083,0.35,2563,1252,167
2025,Hyderabad,27,0.0857,32.0807,68.3467,2659637,20,2,993,0.75,752,2455,49
2025,Jacobabad,27,0,36.7494,48.9369,1216179,55,0,2686,0.35,404,534,185
2025,Jamshoro,27,0.1143,32.2632,67.5776,1200463,33,2,11204,0.35,1449,1681,77
2025,Kamber,27,0.0143,37.1045,47.626,1621170,50,0,5599,0.2,2204,1715,153
2025,Central,27,0.5,30.3273,77.5182,3591719,10,0,69,0.95,21,993,14
2025,East,27,0.4571,29.9855,80.2398,3514347,10,0,165,0.95,39,294,5
2025,Keamari,27,0.7143,30.2008,79.2914,2215961,2,0,559,0.2,11,586,0
2025,Korangi,27,0.6286,30.177,79.2032,2970331,8,0,95,0.2,70,283,0
2025,Malir,27,0.4143,30.1753,79.2008,2428732,20,0,2268,0.75,177,1485,48
2025,South,27,0.9286,30.0914,77.7295,2166395,4,0,122,0.95,209,4549,180
2025,West,27,0.4857,30.529,76.6782,4732945,15,0,929,0.75,252,743,67
2025,Kashmore,27,0.0571,35.2134,55.4346,1316520,60,2,2592,0.35,1654,383,28
2025,Khairpur,27,0.0286,35.9379,51.9935,2908676,53,2,15910,0.5,3310,3021,200
2025,Larkana,27,0,36.9893,48.1181,1842403,48,2,1906,0.5,3767,1647,37
2025,Matiari,27,0.1143,32.4157,66.6911,930873,25,2,1417,0.2,2122,1779,52
2025,Mirpurkhas,27,0.1571,31.9878,69.0125,1820642,16,0,2925,0.5,2173,3258,107
2025,Naushero Feroze,27,0,35.5364,53.2627,1948788,38,2,2945,0.2,1305,1133,186
2025,Sanghar,27,0.8429,31.148,74.7282,2486760,16,1,10608,0.2,3530,2107,147
2025,Shaheed Benazirabad,27,0.0143,34.4358,57.9967,1949997,30,2,4502,0.5,1895,1676,112
2025,Shikarpur,27,0,36.4078,49.9641,1488188,52,1,2512,0.35,1247,1067,132
2025,Sujawal,27,1.0714,30.6929,75.7359,945380,,,,,827,1320,33
2025,Sukkur,27,0.0143,35.3827,54.0442,1798882,65,2,5165,0.75,1428,1189,86
2025,Tando Allahyar,27,0.5143,32.0328,68.7139,1011871,18,0,2343,0.2,1703,1579,51
2025,Tando Muhammad Khan,27,2.0714,31.3972,71.8161,818443,14,2,1733,0.2,705,1174,14
2025,Tharparkar,27,4.2,29.3251,83.381,1994728,56,0,19638,0.35,1757,1559,0
2025,Thatta,27,0.7,30.798,74.8558,1184747,10,2,17355,0.35,895,1116,71
2025,Umerkot,27,2.5429,31.4675,70.6824,1297177,12,0,5608,0.35,1432,1497,0
2025,Barkhan,27,1.1571,32.278,52.4365,206726,1100,0,3514,0.2,27,27,6
2025,Dera Bugti,27,0,33.1865,58.8213,378394,250,0,10160,0.2,64,61,0
2025,Gwadar,27,0,28.6592,87.8602,317947,12,0,12637,0.35,114,420,23
2025,Hub,27,0.6143,30.4082,75.7083,461810,,,,,38,98,0
2025,Jhal Magsi,27,,,,180130,60,0,3615,0.2,178,116,22
2025,Kachhi (Bolan),27,0,33.7188,46.5014,417079,,,,,53,140,12
2025,Kalat,27,0.0714,27.3119,42.2364,498077,2000,0,7654,0.2,42,41,21
2025,Kharan,27,0,37.3744,29.2487,188592,700,0,14958,0.2,62,172,5
2025,Khuzdar,27,0.1286,31.0517,51.1042,969559,1237,0,35380,0.2,42,84,10
2025,Killa Abdullah,27,0,34.3204,20.7385,915157,1500,0,3553,0.2,7,67,13
2025,Killa Saifullah,27,0.0143,29.9031,48.1773,413453,1500,0,6831,0.2,205,211,32
2025,Kohlu,27,1,30.5824,55.6522,258710,1000,0,7610,0.2,75,128,20
2025,Lasbella,27,1.1286,29.1544,80.8473,697550,,,,,179,424,10
2025,Loralai,27,0.1,29.4156,52.8764,479944,1400,0,3785,0.2,61,292,9
2025,Naseerabad,27,0.0143,37.1408,47.6465,592374,,,,,67,260,34
2025,Panjgur,27,0.0714,30.9531,50.4973,382021,900,0,16891,0.2,124,153,0
2025,Pishin,27,0,31.0486,39.3527,889769,1550,0,6218,0.2,54,518,32
2025,Quetta,27,0,29.4028,47.0407,2751515,1680,0,3447,0.75,13,515,27
2025,Sibi,27,0,38.4932,41.2251,163205,130,0,7121,0.2,22,9,0
2025,Sohbat pur,27,0,36.7336,48.8638,241785,,,,,72,283,18
2025,Surab,27,0.1571,26.4279,50.0374,0,,,,,0,7,0
2025,Usta Muhammad,27,0,37.4466,46.4643,314321,,,,,113,532,9
2025,Washuk,27,0.8857,28.8271,48.5542,212771,700,0,33093,0.2,88,164,2
2025,Zhob,27,0.2,31.1033,47.3148,374767,1400,0,20297,0.2,64,208,13
2025,Abbottabad,27,11.7143,25.1863,84.082,1611498,1256,0,1967,0.75,0,1420,20
2025,Bajaur,27,9.8571,25.9214,71.9587,1321356,900,0,1290,0.2,283,895,17
2025,Bannu,27,2.3143,33.7743,58.0959,1410816,312,1,1227,0.2,1200,943,83
2025,Battagram,27,4.4571,26.8308,79.455,575449,1036,0,1301,0.2,34,611,11
2025,Buner,27,14.9143,27.9818,78.9465,1084406,700,0,1865,0.35,130,240,4
2025,Charsadda,27,5.2143,29.8189,77.5083,1953624,300,2,996,0.2,316,2592,72
2025,Chitral Lower,27,0,28.9669,47.0153,336081,1500,1,6458,0.35,12,1058,3
2025,Chitral Upper,27,0,28.9669,47.0153,204308,2500,1,8392,0.2,8,176,11
2025,D.I. Khan,27,1.4714,35.3746,55.9579,2050338,,,,,240,1397,43
2025,Dir Lower,27,8.1429,30.9429,73.8508,1734809,800,1,1583,0.35,241,2032,30
2025,Dir Upper,27,1.4286,25.3476,70.9308,1143644,1200,1,3699,0.35,12,1077,8
2025,Hangu,27,2.3857,29.7277,68.4213,627433,900,0,1097,0.2,35,9,3
2025,Haripur,27,9.5143,29.2872,77.1264,1212553,605,2,1725,0.65,0,1061,1
2025,Karak,27,3.8143,31.7066,63.5389,853502,500,0,3372,0.2,122,416,4
2025,Khyber,27,4.1857,28.0859,76.0054,1193210,1000,0,2576,0.2,280,527,36
2025,Kohat,27,2.7857,31.065,66.8564,1200463,500,0,2545,0.65,100,595,16
2025,Kohistan Lower,27,1.0286,11.4056,67.4065,244203,1500,2,1200,0.2,1,170,0
2025,Kohistan Upper,27,1.0286,11.4056,67.4065,369931,2500,2,4000,0.2,10,331,3
2025,Kolai Palas,27,1.0286,11.4056,67.4065,331246,,,,,4,108,6
2025,L & C Kurram,27,1.1571,21.3946,76.406,604463,,,,,7,6,0
2025,Lakki Marwat,27,1.2714,34.0861,58.8011,1059019,250,1,3164,0.2,295,745,13
2025,Malakand,27,8.7857,28.4195,73.8148,870427,700,1,952,0.2,23,658,0
2025,Mansehra,27,10.9143,26.2142,79.5436,1881089,1000,0,4579,0.2,0,1151,5
2025,Mardan,27,11.1429,29.6948,77.5476,2868781,300,0,1632,0.65,51,1080,13
2025,Mohmand,27,8.7857,28.4195,73.8148,563359,600,0,2296,0.2,213,187,9
2025,North Waziristan,27,0.5,18.9544,74.7522,656447,1000,1,4707,0.2,77,83,8
2025,Nowshera,27,8.1429,31.0014,73.8597,1835149,280,2,1748,0.65,139,3062,22
2025,Orakzai,27,2.7714,28.7004,68.9563,307067,1200,0,1538,0.2,19,165,0
2025,Peshawar,27,5.1286,29.6987,78.6875,5160904,330,0,1257,0.75,35,4958,9
2025,SD Tank,27,1.5,34.5946,56.6414,604463,,,,,8,16,0
2025,Shangla,27,4.9429,20.6675,84.0932,915157,2000,2,1586,0.35,338,2134,15
2025,South Waziristan (Lower),27,0.0571,30.9488,58.3406,820861,,,,,130,72,7
2025,SWU,27,0.0571,30.9488,58.3406,604463,,,,,44,53,0
2025,Swabi,27,20.1429,29.9328,74.6906,1963296,340,2,1543,0.65,51,1677,46
2025,Swat,27,11.3,27.3465,79.3758,2791410,980,1,5337,0.35,44,4183,60
2025,Tank,27,1.5,34.5946,56.6414,472690,250,0,1679,0.2,118,416,0
2025,Tor Ghar,27,14.4,29.5225,75.8032,206726,,,,,45,108,2
2025,Upper Kurram,27,1.1571,21.3946,76.406,748325,,,,,14,231,6
2025,Badin,28,0,31.2145,69.6261,2182111,9,1,6726,0.35,3519,4159,188
2025,Dadu,28,0,35.3923,51.047,1873835,40,2,19070,0.35,3334,2805,427
2025,Ghotki,28,0.1286,34.068,55.2404,1989892,72,1,6083,0.35,3121,1696,232
2025,Hyderabad,28,0.0286,32.3018,63.634,2659637,20,2,993,0.75,755,3196,65
2025,Jacobabad,28,0.7857,34.7417,51.9399,1216179,55,0,2686,0.35,403,679,184
2025,Jamshoro,28,0.1429,32.4596,63.2053,1200463,33,2,11204,0.35,2104,2042,72
2025,Kamber,28,0,35.5687,49.407,1621170,50,0,5599,0.2,2736,1975,173
2025,Central,28,0.4286,30.3556,71.8927,3591719,10,0,69,0.95,17,1359,23
2025,East,28,0.2429,30.0462,74.2972,3514347,10,0,165,0.95,36,306,4
2025,Keamari,28,0.4,29.9799,75.1242,2215961,2,0,559,0.2,5,692,2
2025,Korangi,28,0.4,30.0856,74.3308,2970331,8,0,95,0.2,80,397,1
2025,Malir,28,0.1143,30.4449,71.8336,2428732,20,0,2268,0.75,216,2030,60
2025,South,28,0.1714,29.6575,75.9343,2166395,4,0,122,0.95,205,6521,165
2025,West,28,0.4429,30.2953,73.028,4732945,15,0,929,0.75,276,871,79
2025,Kashmore,28,0.0857,33.8986,55.3568,1316520,60,2,2592,0.35,1752,485,87
2025,Khairpur,28,0.0286,35.5632,48.9999,2908676,53,2,15910,0.5,5062,3897,249
2025,Larkana,28,0.0143,35.9226,48.003,1842403,48,2,1906,0.5,4634,1924,36
2025,Matiari,28,0,32.7773,61.6441,930873,25,2,1417,0.2,2760,2352,58
2025,Mirpurkhas,28,0,32.1289,65.0632,1820642,16,0,2925,0.5,2842,5019,145
2025,Naushero Feroze,28,0,34.8849,52.6582,1948788,38,2,2945,0.2,1340,1164,216
2025,Sanghar,28,0.0286,32.192,65.3426,2486760,16,1,10608,0.2,4563,2629,154
2025,Shaheed Benazirabad,28,0,34.3715,55.7638,1949997,30,2,4502,0.5,1873,2052,138
2025,Shikarpur,28,0.0571,35.0689,50.3256,1488188,52,1,2512,0.35,1802,1227,130
2025,Sujawal,28,0.0429,30.5286,73.2031,945380,,,,,348,2308,60
2025,Sukkur,28,0.0429,35.0152,50.2398,1798882,65,2,5165,0.75,2050,1546,91
2025,Tando Allahyar,28,0.0143,31.9932,65.2383,1011871,18,0,2343,0.2,2268,2168,60
2025,Tando Muhammad Khan,28,0.0143,31.6761,66.8579,818443,14,2,1733,0.2,1292,1879,12
2025,Tharparkar,28,0.1286,30.2885,75.6815,1994728,56,0,19638,0.35,2689,2437,5
2025,Thatta,28,0.0857,30.5203,72.8192,1184747,10,2,17355,0.35,1607,1848,84
2025,Umerkot,28,0.0286,32.4667,62.6172,1297177,12,0,5608,0.35,2211,2128,0
2025,Barkhan,28,4.4286,29.2369,58.1339,206726,1100,0,3514,0.2,78,97,12
2025,Chagai,28,0,34.8206,13.8338,273217,919,0,44748,0.2,68,148,0
2025,Dera Bugti,28,0.8571,31.163,59.7075,378394,250,0,10160,0.2,76,94,0
2025,Gwadar,28,0,28.7056,87.2768,317947,12,0,12637,0.35,118,664,5
2025,Harnai,28,,,,0,,,,,69,44,0
2025,Hub,28,0.0286,30.1668,72.28,461810,,,,,131,332,0
2025,Jaffarabad,28,,,,621388,55,1,1643,0.2,251,281,0
2025,Jhal Magsi,28,,,,180130,60,0,3615,0.2,301,243,0
2025,Kachhi (Bolan),28,1.0857,30.7197,50.9544,417079,,,,,47,135,3
2025,Kalat,28,0,24.7655,34.688,498077,2000,0,7654,0.2,35,53,0
2025,Kech (Turbat),28,,,,1098914,,,,,242,421,0
2025,Kharan,28,0,35.2988,23.2003,188592,700,0,14958,0.2,45,243,0
2025,Khuzdar,28,0.0571,28.2755,52.459,969559,1237,0,35380,0.2,120,113,3
2025,Killa Abdullah,28,0,31.2594,16.3082,915157,1500,0,3553,0.2,16,164,41
2025,Killa Saifullah,28,0.3286,26.9121,51.9442,413453,1500,0,6831,0.2,217,242,2
2025,Kohlu,28,5.3143,26.7972,65.4857,258710,1000,0,7610,0.2,144,227,0
2025,Lasbella,28,0.8714,28.5329,81.4227,697550,,,,,232,509,0
2025,Loralai,28,1.3571,26.7302,55.8025,479944,1400,0,3785,0.2,68,368,4
2025,Mastung,28,0.1286,26.7337,43.3375,321574,1700,0,3308,0.2,55,183,0
2025,MusaKhel,28,4.0571,25.7591,61.9334,201891,,,,,158,54,13
2025,Naseerabad,28,0.0143,35.0099,52.5629,592374,,,,,121,301,1
2025,Nushki,28,0,33.6229,17.9762,0,900,0,5797,0.2,16,159,0
2025,Panjgur,28,0,31.3757,39.7571,382021,900,0,16891,0.2,141,152,45
2025,Pishin,28,0,28.5667,34.2747,889769,1550,0,6218,0.2,51,768,21
2025,Quetta,28,0,27.0578,45.2838,2751515,1680,0,3447,0.75,17,884,4
2025,Sibi,28,0.7714,35.1251,47.778,163205,130,0,7121,0.2,190,402,19
2025,Sohbat pur,28,0.2714,34.6541,53.2544,241785,,,,,110,231,0
2025,Surab,28,0.3,24.1119,49.9132,0,,,,,9,13,0
2025,Usta Muhammad,28,0.0286,34.8758,52.5522,314321,,,,,165,636,0
2025,Washuk,28,0,27.7003,35.7765,212771,700,0,33093,0.2,102,232,11
2025,Zhob,28,3.9286,26.9155,54.3156,374767,1400,0,20297,0.2,81,205,2
2025,Ziarat,28,,,,0,2400,0,3301,0.2,87,151,17
2025,Abbottabad,28,12.2429,22.9709,84.7507,1611498,1256,0,1967,0.75,0,2192,16
2025,Bajaur,28,1.8,23.8208,67.9678,1321356,900,0,1290,0.2,328,1189,55
2025,Bannu,28,1.3,30.2702,62.6906,1410816,312,1,1227,0.2,1156,1231,7
2025,Battagram,28,9.5143,23.2281,84.1524,575449,1036,0,1301,0.2,57,841,8
2025,Buner,28,5.5857,25.4339,80.0004,1084406,700,0,1865,0.35,326,523,13
2025,Charsadda,28,6.8429,27.3683,81.726,1953624,300,2,996,0.2,438,3010,220
2025,Chitral Lower,28,1.2714,24.3655,57.851,336081,1500,1,6458,0.35,20,1143,16
2025,Chitral Upper,28,1.2714,24.3655,57.851,204308,2500,1,8392,0.2,6,179,6
2025,D.I. Khan,28,2.5286,30.3502,71.0013,2050338,,,,,376,1868,8
2025,Dir Lower,28,10.6143,27.8848,77.5883,1734809,800,1,1583,0.35,173,2318,9
2025,Dir Upper,28,1.4,22.4253,69.4948,1143644,1200,1,3699,0.35,12,1986,20
2025,Hangu,28,1.8857,26.5833,69.4168,627433,900,0,1097,0.2,25,24,3
2025,Haripur,28,14.4857,26.4006,82.0279,1212553,605,2,1725,0.65,21,1461,23
2025,Karak,28,3.3429,28.2033,67.503,853502,500,0,3372,0.2,133,608,13
2025,Khyber,28,6.3714,26.0469,74.8004,1193210,1000,0,2576,0.2,386,681,59
2025,Kohat,28,4.1,28.2799,68.9392,1200463,500,0,2545,0.65,131,925,0
2025,Kohistan Lower,28,5.6571,7.5368,81.2716,244203,1500,2,1200,0.2,4,188,0
2025,Kohistan Upper,28,5.6571,7.5368,81.2716,369931,2500,2,4000,0.2,7,305,1
2025,Kolai Palas,28,5.6571,7.5368,81.2716,331246,,,,,1,128,2
2025,L & C Kurram,28,2.6286,17.5107,77.92,604463,,,,,5,12,0
2025,Lakki Marwat,28,3.4571,30.2043,66.0557,1059019,250,1,3164,0.2,410,841,1
2025,Malakand,28,2.4571,26.8605,72.87,870427,700,1,952,0.2,30,793,0
2025,Mansehra,28,11.3429,23.0951,81.6556,1881089,1000,0,4579,0.2,3,1775,5
2025,Mardan,28,7.1,27.3041,81.2897,2868781,300,0,1632,0.65,55,1104,13
2025,Mohmand,28,2.4571,26.8605,72.87,563359,600,0,2296,0.2,229,214,9
2025,North Waziristan,28,3.4429,15.0345,77.6969,656447,1000,1,4707,0.2,60,106,8
2025,Nowshera,28,10.6143,27.9433,77.5964,1835149,280,2,1748,0.65,200,2820,22
2025,Orakzai,28,2.2286,25.3942,70.2957,307067,1200,0,1538,0.2,36,171,7
2025,Peshawar,28,9.0143,27.5451,80.0545,5160904,330,0,1257,0.75,47,5384,9
2025,SD Tank,28,3.9286,30.6586,64.4215,604463,,,,,11,24,3
2025,Shangla,28,6.0857,18.1113,82.2697,915157,2000,2,1586,0.35,320,2645,7
2025,South Waziristan (Lower),28,2.5429,26.8539,65.9804,820861,,,,,112,41,6
2025,SWU,28,2.5429,26.8539,65.9804,604463,,,,,54,77,3
2025,Swabi,28,11.7286,27.2435,79.6675,1963296,340,2,1543,0.65,59,2078,46
2025,Swat,28,3.8286,24.7626,78.8836,2791410,980,1,5337,0.35,34,6626,78
2025,Tank,28,3.9286,30.6586,64.4215,472690,250,0,1679,0.2,156,506,9
2025,Tor Ghar,28,12.4,26.6263,80.7885,206726,,,,,36,141,4
2025,Upper Kurram,28,2.6286,17.5107,77.92,748325,,,,,17,173,6
2025,Badin,29,1.5571,30.9942,70.4004,2182111,9,1,6726,0.35,4427,4878,157
2025,Dadu,29,5.9714,34.3736,54.5616,1873835,40,2,19070,0.35,3627,3061,374
2025,Ghotki,29,1.1429,33.1894,60.0199,1989892,72,1,6083,0.35,3871,1741,240
2025,Hyderabad,29,0.1,32.164,63.3025,2659637,20,2,993,0.75,1019,3225,61
2025,Jacobabad,29,6.7714,33.828,56.7276,1216179,55,0,2686,0.35,655,669,256
2025,Jamshoro,29,0.2714,32.3686,62.5534,1200463,33,2,11204,0.35,2541,2135,77
2025,Kamber,29,3.9429,34.7086,52.3533,1621170,50,0,5599,0.2,3629,2206,166
2025,Central,29,0.4714,30.3202,71.1799,3591719,10,0,69,0.95,25,1378,13
2025,East,29,0.2714,30.0221,73.5965,3514347,10,0,165,0.95,35,373,3
2025,Keamari,29,0.3429,29.9573,74.2074,2215961,2,0,559,0.2,4,755,0
2025,Korangi,29,0.3143,30.0633,73.4976,2970331,8,0,95,0.2,79,421,1
2025,Malir,29,0.2,30.4375,70.9632,2428732,20,0,2268,0.75,195,2321,54
2025,South,29,0.2143,29.7137,74.2472,2166395,4,0,122,0.95,249,6740,188
2025,West,29,0.4286,30.2584,72.2416,4732945,15,0,929,0.75,287,900,71
2025,Kashmore,29,0.2571,33.0608,60.3409,1316520,60,2,2592,0.35,1762,512,119
2025,Khairpur,29,3.4571,34.8912,52.239,2908676,53,2,15910,0.5,5145,3798,259
2025,Larkana,29,5.6571,35.1506,51.1421,1842403,48,2,1906,0.5,4786,1914,33
2025,Matiari,29,0.1714,32.6032,61.4099,930873,25,2,1417,0.2,3529,2390,71
2025,Mirpurkhas,29,1.1571,31.8262,65.8914,1820642,16,0,2925,0.5,3243,5127,94
2025,Naushero Feroze,29,1.2714,34.0801,55.4842,1948788,38,2,2945,0.2,1568,1281,224
2025,Sanghar,29,4.9571,31.4724,68.243,2486760,16,1,10608,0.2,5184,2564,224
2025,Shaheed Benazirabad,29,0.5143,33.7602,57.324,1949997,30,2,4502,0.5,2473,2133,152
2025,Shikarpur,29,4.2571,34.2087,54.6104,1488188,52,1,2512,0.35,1970,1259,146
2025,Sujawal,29,0.1429,30.5861,72.3274,945380,,,,,1587,4265,72
2025,Sukkur,29,3.1286,34.2262,54.0697,1798882,65,2,5165,0.75,2185,1466,118
2025,Tando Allahyar,29,0.2857,31.8164,65.2966,1011871,18,0,2343,0.2,2598,2563,54
2025,Tando Muhammad Khan,29,0.1429,31.6612,66.5967,818443,14,2,1733,0.2,1521,2140,20
2025,Tharparkar,29,4.2714,29.9629,76.2305,1994728,56,0,19638,0.35,3358,3194,6
2025,Thatta,29,0.4,30.534,72.1984,1184747,10,2,17355,0.35,1027,1581,25
2025,Umerkot,29,3.9429,31.5896,66.256,1297177,12,0,5608,0.35,2778,2481,0
2025,Barkhan,29,4.3143,29.1783,60.5739,206726,1100,0,3514,0.2,72,110,12
2025,Chagai,29,0,34.9176,12.8019,273217,919,0,44748,0.2,232,175,0
2025,Dera Bugti,29,0.8857,31.0082,62.4465,378394,250,0,10160,0.2,0,63,0
2025,Gwadar,29,0,28.611,86.0538,317947,12,0,12637,0.35,875,714,5
2025,Harnai,29,,,,0,,,,,0,241,0
2025,Hub,29,0.1429,30.1969,71.1092,461810,,,,,33,400,0
2025,Jaffarabad,29,,,,621388,55,1,1643,0.2,86,222,0
2025,Jhal Magsi,29,,,,180130,60,0,3615,0.2,318,88,0
2025,Kachhi (Bolan),29,2.1,30.6872,52.129,417079,,,,,18,137,3
2025,Kalat,29,0,24.9652,34.3332,498077,2000,0,7654,0.2,1,61,0
2025,Kech (Turbat),29,,,,1098914,,,,,678,410,1
2025,Kharan,29,0,35.0378,22.2338,188592,700,0,14958,0.2,467,236,0
2025,Khuzdar,29,0.2286,28.5821,50.2792,969559,1237,0,35380,0.2,68,93,5
2025,Killa Abdullah,29,0,31.6847,16.51,915157,1500,0,3553,0.2,120,178,50
2025,Killa Saifullah,29,0.2,27.4156,49.9666,413453,1500,0,6831,0.2,0,227,2
2025,Kohlu,29,4.0714,27.1577,65.9575,258710,1000,0,7610,0.2,291,224,1
2025,Lasbella,29,0.5429,28.5219,79.6966,697550,,,,,46,509,0
2025,Loralai,29,0.2143,27.1445,54.6041,479944,1400,0,3785,0.2,388,306,4
2025,Mastung,29,0.1286,26.7619,46.0156,321574,1700,0,3308,0.2,108,201,0
2025,MusaKhel,29,3.2429,25.7326,65.6334,201891,,,,,15,54,13
2025,Naseerabad,29,1.3857,34.1986,56.0528,592374,,,,,29,301,0
2025,Nushki,29,0,33.6812,17.9776,0,900,0,5797,0.2,0,159,1
2025,Panjgur,29,0,31.0838,40.8899,382021,900,0,16891,0.2,96,152,2
2025,Pishin,29,0.0143,28.9111,34.9343,889769,1550,0,6218,0.2,545,656,21
2025,Quetta,29,0,27.2578,45.1926,2751515,1680,0,3447,0.75,738,884,4
2025,Sherani,29,,,,0,1500,0,2700,0.2,31,35,0
2025,Sibi,29,0.7571,35.2042,48.276,163205,130,0,7121,0.2,340,402,14
2025,Sohbat pur,29,3.2857,33.7223,57.7889,241785,,,,,6,231,3
2025,Surab,29,0.0429,23.7869,52.0619,0,,,,,19,8,0
2025,Usta Muhammad,29,0.8,33.9094,56.4224,314321,,,,,98,636,0
2025,Washuk,29,0,27.903,34.6909,212771,700,0,33093,0.2,262,232,11
2025,Zhob,29,2.3,27.2774,56.5642,374767,1400,0,20297,0.2,127,205,1
2025,Ziarat,29,,,,0,2400,0,3301,0.2,161,151,17
2025,Abbottabad,29,13.2286,23.4229,86.948,1611498,1256,0,1967,0.75,0,2192,7
2025,Bajaur,29,1.7571,24.6851,68.774,1321356,900,0,1290,0.2,328,1189,72
2025,Bannu,29,0.8,31.0547,61.8103,1410816,312,1,1227,0.2,1565,1231,7
2025,Battagram,29,9.6143,23.7641,86.8111,575449,1036,0,1301,0.2,57,841,5
2025,Buner,29,5.3571,26.0333,81.6129,1084406,700,0,1865,0.35,326,523,0
2025,Charsadda,29,5.6286,28.2388,80.8734,1953624,300,2,996,0.2,438,3010,3
2025,Chitral Lower,29,1.2857,25.3464,64.2749,336081,1500,1,6458,0.35,20,1143,10
2025,Chitral Upper,29,1.2857,25.3464,64.2749,204308,2500,1,8392,0.2,6,179,24
2025,D.I. Khan,29,1.5714,30.6526,71.886,2050338,,,,,376,1868,0
2025,Dir Lower,29,9.5,28.7938,76.7505,1734809,800,1,1583,0.35,173,2318,0
2025,Dir Upper,29,2,23.4678,71.5908,1143644,1200,1,3699,0.35,12,1986,0
2025,Hangu,29,0.4857,27.4443,68.0649,627433,900,0,1097,0.2,25,9,0
2025,Haripur,29,15.4286,26.981,83.4336,1212553,605,2,1725,0.65,5,1460,0
2025,Karak,29,2.2857,28.8003,67.9358,853502,500,0,3372,0.2,133,608,26
2025,Khyber,29,4.3143,27.138,72.2477,1193210,1000,0,2576,0.2,386,681,23
2025,Kohat,29,2.6143,29.0305,68.3524,1200463,500,0,2545,0.65,131,925,1
2025,Kohistan Lower,29,6.1,8.749,88.61,244203,1500,2,1200,0.2,4,188,0
2025,Kohistan Upper,29,6.1,8.749,88.61,369931,2500,2,4000,0.2,7,305,2
2025,Kolai Palas,29,6.1,8.749,88.61,331246,,,,,1,128,0
2025,L & C Kurram,29,1.7714,18.2672,76.52,604463,,,,,5,12,0
2025,Lakki Marwat,29,2.4286,30.6471,66.0592,1059019,250,1,3164,0.2,410,841,0
2025,Malakand,29,1.9714,27.5409,72.2699,870427,700,1,952,0.2,30,793,0
2025,Mansehra,29,10.9,23.5829,83.8561,1881089,1000,0,4579,0.2,3,1775,0
2025,Mardan,29,5.7,28.1704,81.0912,2868781,300,0,1632,0.65,55,1104,0
2025,Mohmand,29,1.9714,27.5409,72.2699,563359,600,0,2296,0.2,229,214,131
2025,North Waziristan,29,3.2571,15.5503,77.726,656447,1000,1,4707,0.2,60,106,4
2025,Nowshera,29,9.5,28.8523,76.7588,1835149,280,2,1748,0.65,200,2820,4
2025,Orakzai,29,0.7,26.1578,69.9203,307067,1200,0,1538,0.2,36,171,0
2025,Peshawar,29,6.7571,28.5731,78.6802,5160904,330,0,1257,0.75,47,5384,28
2025,SD Tank,29,1.2,31.3178,64.5034,604463,,,,,11,24,0
2025,Shangla,29,5.3143,18.7521,84.9495,915157,2000,2,1586,0.35,320,2645,0
2025,South Waziristan (Lower),29,2.3714,27.5292,65.1111,820861,,,,,112,41,3
2025,SWU,29,2.3714,27.5292,65.1111,604463,,,,,54,77,12
2025,Swabi,29,11.5286,27.9857,79.8383,1963296,340,2,1543,0.65,59,2078,63
2025,Swat,29,3.0571,25.4718,79.7359,2791410,980,1,5337,0.35,34,6626,3
2025,Tank,29,1.2,31.3178,64.5034,472690,250,0,1679,0.2,156,506,0
2025,Tor Ghar,29,15.0429,27.1954,82.622,206726,,,,,36,141,25
2025,Upper Kurram,29,1.7714,18.2672,76.52,748325,,,,,17,173,65
2025,Badin,30,0.1,30.8103,71.0254,2182111,9,1,6726,0.35,5150,4464,180
2025,Dadu,30,0,34.3286,56.624,1873835,40,2,19070,0.35,3695,3326,566
2025,Ghotki,30,0.1,33.6198,61.628,1989892,72,1,6083,0.35,3877,1698,291
2025,Hyderabad,30,0.0286,31.7405,65.9387,2659637,20,2,993,0.75,1161,3395,65
2025,Jacobabad,30,0.0429,34.153,60.5918,1216179,55,0,2686,0.35,704,788,193
2025,Jamshoro,30,0.0286,31.9507,65.292,1200463,33,2,11204,0.35,3141,2272,93
2025,Kamber,30,0,34.5068,57.9341,1621170,50,0,5599,0.2,4132,2047,165
2025,Central,30,0.8857,30.0467,73.3708,3591719,10,0,69,0.95,42,1390,11
2025,East,30,0.8571,29.8343,75.1959,3514347,10,0,165,0.95,59,311,3
2025,Keamari,30,1.1429,29.7311,76.2048,2215961,2,0,559,0.2,12,891,0
2025,Korangi,30,1.0857,29.7984,75.7794,2970331,8,0,95,0.2,81,399,2
2025,Malir,30,0.4714,30.127,73.417,2428732,20,0,2268,0.75,265,2213,43
2025,South,30,1.3571,29.4292,76.8426,2166395,4,0,122,0.95,240,7257,225
2025,West,30,1.0143,30.0861,73.764,4732945,15,0,929,0.75,275,837,65
2025,Kashmore,30,0.0571,33.7051,61.4835,1316520,60,2,2592,0.35,1939,568,114
2025,Khairpur,30,0.5429,34.4034,57.5314,2908676,53,2,15910,0.5,4979,3515,264
2025,Larkana,30,0.0143,34.7098,56.9087,1842403,48,2,1906,0.5,5164,1759,20
2025,Matiari,30,0.0857,32.324,63.4154,930873,25,2,1417,0.2,4124,2465,68
2025,Mirpurkhas,30,0.0857,31.7595,66.2651,1820642,16,0,2925,0.5,3720,4806,111
2025,Naushero Feroze,30,0.0143,34.0626,58.3541,1948788,38,2,2945,0.2,2257,1687,241
2025,Sanghar,30,0,31.5042,68.3072,2486760,16,1,10608,0.2,5792,2555,227
2025,Shaheed Benazirabad,30,0.0857,33.8638,58.3913,1949997,30,2,4502,0.5,2776,2127,151
2025,Shikarpur,30,0.0714,34.5894,57.2783,1488188,52,1,2512,0.35,1956,1205,137
2025,Sujawal,30,0.1286,30.4411,72.8906,945380,,,,,1733,3883,59
2025,Sukkur,30,0.3429,34.2785,57.664,1798882,65,2,5165,0.75,2230,1366,112
2025,Tando Allahyar,30,0.0143,31.6304,66.4476,1011871,18,0,2343,0.2,3117,2359,55
2025,Tando Muhammad Khan,30,0.0857,31.3451,67.7906,818443,14,2,1733,0.2,2210,2403,51
2025,Tharparkar,30,0.4571,29.8561,77.2609,1994728,56,0,19638,0.35,3406,3182,1
2025,Thatta,30,0.1857,30.4902,72.034,1184747,10,2,17355,0.35,2315,2431,96
2025,Umerkot,30,0.0286,31.5119,67.2402,1297177,12,0,5608,0.35,2761,2137,0
2025,Awaran,30,,,,0,500,0,29510,0.2,48,29,0
2025,Barkhan,30,0.8,31.0747,58.2715,206726,1100,0,3514,0.2,83,121,8
2025,Chagai,30,0,36.3518,15.3904,273217,919,0,44748,0.2,60,146,0
2025,Dera Bugti,30,0.2,32.149,63.4713,378394,250,0,10160,0.2,70,74,0
2025,Gwadar,30,0,28.3012,85.1864,317947,12,0,12637,0.35,86,394,0
2025,Harnai,30,,,,0,,,,,106,231,0
2025,Hub,30,0.4,30.0046,72.8069,461810,,,,,244,166,0
2025,Jaffarabad,30,,,,621388,55,1,1643,0.2,299,255,15
2025,Jhal Magsi,30,,,,180130,60,0,3615,0.2,592,266,0
2025,Kachhi (Bolan),30,0.5,31.8578,56.952,417079,,,,,54,148,16
2025,Kalat,30,0.0143,26.73,34.3095,498077,2000,0,7654,0.2,52,109,0
2025,Kech (Turbat),30,,,,1098914,,,,,401,576,0
2025,Kharan,30,0,36.3607,25.7431,188592,700,0,14958,0.2,53,246,0
2025,Khuzdar,30,0.4714,30.7133,49.7428,969559,1237,0,35380,0.2,82,127,5
2025,Killa Abdullah,30,0,33.1222,17.5579,915157,1500,0,3553,0.2,11,181,64
2025,Killa Saifullah,30,0.0286,28.7228,55.0159,413453,1500,0,6831,0.2,231,250,9
2025,Kohlu,30,1.3429,29.1752,64.0948,258710,1000,0,7610,0.2,32,37,0
2025,Lasbella,30,2.2,28.4192,81.276,697550,,,,,344,687,0
2025,Loralai,30,0.5,27.9665,61.6217,479944,1400,0,3785,0.2,78,332,3
2025,Mastung,30,0.0429,28.2491,47.44,321574,1700,0,3308,0.2,84,172,1
2025,Naseerabad,30,0,34.6355,58.1593,592374,,,,,114,381,4
2025,Nushki,30,0,35.3979,18.9878,0,900,0,5797,0.2,31,212,14
2025,Panjgur,30,0,30.9954,51.8453,382021,900,0,16891,0.2,209,206,12
2025,Pishin,30,0,30.1882,35.9215,889769,1550,0,6218,0.2,64,781,17
2025,Quetta,30,0,28.6319,47.5256,2751515,1680,0,3447,0.75,24,744,20
2025,Sherani,30,,,,0,1500,0,2700,0.2,0,42,0
2025,Sibi,30,0.7714,36.3638,50.7899,163205,130,0,7121,0.2,170,427,24
2025,Sohbat pur,30,0,34.2589,59.8384,241785,,,,,97,323,3
2025,Surab,30,0.3571,25.5592,53.2781,0,,,,,2,16,0
2025,Usta Muhammad,30,0.0143,34.3165,60.3401,314321,,,,,221,567,0
2025,Washuk,30,0,28.82,41.7883,212771,700,0,33093,0.2,101,224,4
2025,Zhob,30,0.1143,29.8116,50.8511,374767,1400,0,20297,0.2,11,73,22
2025,Ziarat,30,,,,0,2400,0,3301,0.2,106,275,16
2025,Abbottabad,30,12.8,24.2435,85.556,1611498,1256,0,1967,0.75,0,1912,19
2025,Bajaur,30,6.8143,24.6658,74.6658,1321356,900,0,1290,0.2,418,1338,6
2025,Bannu,30,0.6286,32.9523,58.3526,1410816,312,1,1227,0.2,1249,966,83
2025,Battagram,30,5.8857,25.0873,84.0689,575449,1036,0,1301,0.2,91,890,12
2025,Buner,30,10.8714,26.9738,81.7978,1084406,700,0,1865,0.35,355,452,3
2025,Charsadda,30,1.7714,29.1284,79.3504,1953624,300,2,996,0.2,441,2391,71
2025,Chitral Lower,30,0.0143,27.6559,51.6769,336081,1500,1,6458,0.35,17,1147,2
2025,Chitral Upper,30,0.0143,27.6559,51.6769,204308,2500,1,8392,0.2,5,249,15
2025,D.I. Khan,30,1.1,32.3538,68.9898,2050338,,,,,387,1861,46
2025,Dir Lower,30,2.0571,30.208,74.7458,1734809,800,1,1583,0.35,193,2348,41
2025,Dir Upper,30,2.9143,23.8717,74.0909,1143644,1200,1,3699,0.35,14,2347,19
2025,Hangu,30,1.4571,29.2146,64.5507,627433,900,0,1097,0.2,93,200,0
2025,Haripur,30,13.2,27.9839,81.6964,1212553,605,2,1725,0.65,4,1728,0
2025,Karak,30,0.8429,31.0616,62.3823,853502,500,0,3372,0.2,226,711,26
2025,Khyber,30,2.1429,27.8799,73.289,1193210,1000,0,2576,0.2,577,947,77
2025,Kohat,30,2.9571,30.5528,65.0861,1200463,500,0,2545,0.65,192,1228,34
2025,Kohistan Lower,30,7.2,9.3002,85.9432,244203,1500,2,1200,0.2,4,240,1
2025,Kohistan Upper,30,7.2,9.3002,85.9432,369931,2500,2,4000,0.2,11,314,2
2025,Kolai Palas,30,7.2,9.3002,85.9432,331246,,,,,0,104,5
2025,L & C Kurram,30,1.2286,19.9297,75.7078,604463,,,,,0,6,0
2025,Lakki Marwat,30,0.6429,33.093,59.9566,1059019,250,1,3164,0.2,487,958,66
2025,Malakand,30,5.0429,27.9582,72.9431,870427,700,1,952,0.2,71,1789,0
2025,Mansehra,30,17.1286,24.8276,83.1302,1881089,1000,0,4579,0.2,1,2090,0
2025,Mardan,30,5.7571,29.0808,79.0996,2868781,300,0,1632,0.65,111,1497,17
2025,Mohmand,30,5.0429,27.9582,72.9431,563359,600,0,2296,0.2,294,274,13
2025,North Waziristan,30,1.0571,17.4562,70.8115,656447,1000,1,4707,0.2,142,125,2
2025,Nowshera,30,2.0571,30.2665,74.7547,1835149,280,2,1748,0.65,267,3415,29
2025,Orakzai,30,2.2857,27.9099,66.8747,307067,1200,0,1538,0.2,49,163,3
2025,Peshawar,30,1.9714,29.9755,74.2281,5160904,330,0,1257,0.75,103,5473,14
2025,SD Tank,30,6.6429,32.7047,63.3871,604463,,,,,15,25,0
2025,Shangla,30,9.2143,19.303,86.0376,915157,2000,2,1586,0.35,970,2470,73
2025,South Waziristan (Lower),30,0.5857,29.4236,62.3252,820861,,,,,147,48,15
2025,South Waziristan (Upper),30,,,,0,,,,,5,34,0
2025,SWU,30,0.5857,29.4236,62.3252,604463,,,,,44,59,2
2025,Swabi,30,11.2286,29.1051,77.1466,1963296,340,2,1543,0.65,81,1875,41
2025,Swat,30,11.5571,25.9778,82.509,2791410,980,1,5337,0.35,47,5770,12
2025,Tank,30,6.6429,32.7047,63.3871,472690,250,0,1679,0.2,161,753,10
2025,Tor Ghar,30,13.7714,28.2543,80.6391,206726,,,,,57,151,7
2025,Upper Kurram,30,1.2286,19.9297,75.7078,748325,,,,,18,170,6
2025,Badin,32,0.0714,29.666,70.2208,2182111,9,1,6726,0.35,5454,3540,83
2025,Dadu,32,0,32.856,56.1708,1873835,40,2,19070,0.35,3717,2941,427
2025,Ghotki,32,0,33.293,54.5146,1989892,72,1,6083,0.35,3706,1425,295
2025,Hyderabad,32,0,30.308,66.4045,2659637,20,2,993,0.75,1093,2511,59
2025,Jacobabad,32,0,33.7932,53.9058,1216179,55,0,2686,0.35,1167,761,179
2025,Jamshoro,32,0,30.4397,65.9618,1200463,33,2,11204,0.35,2968,2019,99
2025,Kamber,32,0,34.147,52.272,1621170,50,0,5599,0.2,3885,1995,168
2025,Central,32,1.1143,28.3731,76.2933,3591719,10,0,69,0.95,45,1123,15
2025,East,32,0.6857,28.278,77.6606,3514347,10,0,165,0.95,47,256,3
2025,Keamari,32,1.7286,28.1302,79.0741,2215961,2,0,559,0.2,42,658,0
2025,Korangi,32,1.3,28.229,78.307,2970331,8,0,95,0.2,77,341,0
2025,Malir,32,0.4857,28.5651,75.5814,2428732,20,0,2268,0.75,226,1605,54
2025,South,32,1.4,27.7458,79.4901,2166395,4,0,122,0.95,164,6126,30
2025,West,32,1.2286,28.3564,77.1792,4732945,15,0,929,0.75,233,837,72
2025,Kashmore,32,0,32.9739,56.2157,1316520,60,2,2592,0.35,1832,539,81
2025,Khairpur,32,0,34.2694,50.3148,2908676,53,2,15910,0.5,5114,3177,229
2025,Larkana,32,0,34.506,50.2954,1842403,48,2,1906,0.5,5511,1822,30
2025,Matiari,32,0,31.1392,62.317,930873,25,2,1417,0.2,3713,1743,70
2025,Mirpurkhas,32,0,31.183,62.6289,1820642,16,0,2925,0.5,3998,3575,146
2025,Naushero Feroze,32,0,33.8629,52.2937,1948788,38,2,2945,0.2,2319,1739,292
2025,Sanghar,32,0,31.606,60.2415,2486760,16,1,10608,0.2,4958,2049,184
2025,Shaheed Benazirabad,32,0,32.6835,56.1235,1949997,30,2,4502,0.5,2617,1858,132
2025,Shikarpur,32,0,34.3501,50.5526,1488188,52,1,2512,0.35,2007,1077,153
2025,Sujawal,32,0.1429,29.1819,73.1516,945380,,,,,1103,3405,60
2025,Sukkur,32,0,33.9402,51.1642,1798882,65,2,5165,0.75,2173,1485,85
2025,Tando Allahyar,32,0.0429,30.7423,64.1563,1011871,18,0,2343,0.2,3471,1853,60
2025,Tando Muhammad Khan,32,0.0429,30.3142,66.7718,818443,14,2,1733,0.2,3240,1964,59
2025,Tharparkar,32,0.1286,30.1909,67.5429,1994728,56,0,19638,0.35,3745,2903,0
2025,Thatta,32,0.2286,29.0027,73.8594,1184747,10,2,17355,0.35,2191,2163,91
2025,Umerkot,32,0.0286,30.972,62.4469,1297177,12,0,5608,0.35,2607,1802,0
2025,Barkhan,32,0.2714,30.8979,52.531,206726,1100,0,3514,0.2,56,88,1
2025,Chagai,32,0,35.125,11.1287,273217,919,0,44748,0.2,12,34,0
2025,Harnai,32,,,,0,,,,,117,175,1
2025,Hub,32,0.1429,28.4576,74.6772,461810,,,,,155,75,0
2025,Jaffarabad,32,,,,621388,55,1,1643,0.2,603,377,85
2025,Jhal Magsi,32,,,,180130,60,0,3615,0.2,265,372,5
2025,Kalat,32,0,25.6399,24.9286,498077,2000,0,7654,0.2,35,47,0
2025,Kharan,32,0,34.9753,23.9041,188592,700,0,14958,0.2,49,206,0
2025,Khuzdar,32,0,30.4904,43.3969,969559,1237,0,35380,0.2,131,224,1
2025,Killa Abdullah,32,0,31.0144,10.452,915157,1500,0,3553,0.2,0,24,2
2025,Kohlu,32,0.2143,29.4728,54.482,258710,1000,0,7610,0.2,32,29,0
2025,Lasbella,32,1.9857,26.6579,83.2843,697550,,,,,323,586,8
2025,Loralai,32,0,27.8258,50.4353,479944,1400,0,3785,0.2,38,140,4
2025,Mastung,32,0,27.3994,27.4491,321574,1700,0,3308,0.2,40,105,0
2025,Naseerabad,32,0,34.8146,49.8987,592374,,,,,96,234,59
2025,Nushki,32,0,33.5086,13.9759,0,900,0,5797,0.2,7,175,0
2025,Quetta,32,0,27.4611,33.4222,2751515,1680,0,3447,0.75,8,189,2
2025,Sibi,32,0,35.5858,47.4435,163205,130,0,7121,0.2,19,288,1
2025,Sohbat pur,32,0,34.4684,50.8792,241785,,,,,94,314,7
2025,Surab,32,0.4143,25.4098,37.145,0,,,,,8,29,0
2025,Usta Muhammad,32,0,33.2975,57.5438,314321,,,,,200,576,19
2025,Washuk,32,0,27.9476,39.6781,212771,700,0,33093,0.2,45,65,0
2025,Zhob,32,0,29.5902,45.4206,374767,1400,0,20297,0.2,6,9,0
2025,Abbottabad,32,2.9,24.2015,82.5443,1611498,1256,0,1967,0.75,1,2057,13
2025,Bajaur,32,0.8857,24.7911,69.8879,1321356,900,0,1290,0.2,375,998,0
2025,Bannu,32,2.2286,32.5071,58.2305,1410816,312,1,1227,0.2,1827,1013,78
2025,Battagram,32,3.5,25.1052,80.7443,575449,1036,0,1301,0.2,130,768,2
2025,Buner,32,4.0143,26.8285,79.9246,1084406,700,0,1865,0.35,345,497,6
2025,Charsadda,32,6.6571,29.0823,78.2617,1953624,300,2,996,0.2,516,2882,60
2025,Chitral Lower,32,0,26.2476,54.4787,336081,1500,1,6458,0.35,25,1112,7
2025,Chitral Upper,32,0,26.2476,54.4787,204308,2500,1,8392,0.2,9,280,17
2025,D.I. Khan,32,0.1429,34.2306,56.7373,2050338,,,,,1045,2169,5
2025,Dir Lower,32,5.3571,29.989,75.3039,1734809,800,1,1583,0.35,104,2461,38
2025,Dir Upper,32,0.5857,23.3363,71.1842,1143644,1200,1,3699,0.35,12,2468,12
2025,Hangu,32,3.3,29.3036,62.93,627433,900,0,1097,0.2,87,205,10
2025,Haripur,32,3.9857,27.8973,80.3387,1212553,605,2,1725,0.65,0,1391,0
2025,Karak,32,3.0429,30.6985,62.563,853502,500,0,3372,0.2,362,949,7
2025,Khyber,32,4,27.9921,71.4845,1193210,1000,0,2576,0.2,833,876,133
2025,Kohat,32,2.7143,30.6956,62.7366,1200463,500,0,2545,0.65,310,1288,16
2025,Kohistan Lower,32,1.8,8.841,76.5895,244203,1500,2,1200,0.2,7,211,0
2025,Kohistan Upper,32,1.8,8.841,76.5895,369931,2500,2,4000,0.2,9,282,2
2025,Kolai Palas,32,1.8,8.841,76.5895,331246,,,,,0,114,0
2025,L & C Kurram,32,1.9143,19.2729,77.4461,604463,,,,,23,38,11
2025,Lakki Marwat,32,2.2571,33.2456,57.9703,1059019,250,1,3164,0.2,565,1053,18
2025,Malakand,32,6.2429,27.8058,73.3992,870427,700,1,952,0.2,45,1364,20
2025,Mansehra,32,3.4857,24.6585,81.2918,1881089,1000,0,4579,0.2,7,1113,0
2025,Mardan,32,6.0857,29.0704,78.3735,2868781,300,0,1632,0.65,149,1397,15
2025,Mohmand,32,6.2429,27.8058,73.3992,563359,600,0,2296,0.2,353,239,6
2025,North Waziristan,32,2.5429,16.6785,76.9194,656447,1000,1,4707,0.2,149,109,19
2025,Nowshera,32,5.3571,30.0475,75.3127,1835149,280,2,1748,0.65,369,3237,31
2025,Orakzai,32,4.8,28.0174,64.2485,307067,1200,0,1538,0.2,44,164,0
2025,Peshawar,32,3.4143,29.5067,75.8506,5160904,330,0,1257,0.75,112,5213,170
2025,SD Tank,32,0.1571,33.7657,55.9361,604463,,,,,13,22,3
2025,Shangla,32,4.3286,18.9184,83.9766,915157,2000,2,1586,0.35,583,2727,25
2025,South Waziristan (Lower),32,0.0714,29.8762,55.487,820861,,,,,87,68,10
2025,South Waziristan (Upper),32,,,,0,,,,,122,66,10
2025,Swabi,32,5.4286,28.8509,77.2517,1963296,340,2,1543,0.65,86,2033,60
2025,Swat,32,4.3857,25.6974,82.0529,2791410,980,1,5337,0.35,83,5118,5
2025,Tank,32,0.1571,33.7657,55.9361,472690,250,0,1679,0.2,273,718,5
2025,Tor Ghar,32,3.2571,28.3141,79.1146,206726,,,,,81,157,6
2025,Upper Kurram,32,1.9143,19.2729,77.4461,748325,,,,,21,264,10
2025,Badin,33,1.4714,30.1273,71.5068,2182111,9,1,6726,0.35,6034,3446,131
2025,Dadu,33,0.0429,33.6254,55.1026,1873835,40,2,19070,0.35,3295,2943,366
2025,Ghotki,33,0.2714,33.7251,55.0415,1989892,72,1,6083,0.35,3903,1228,249
2025,Hyderabad,33,0.0143,31.4735,63.6128,2659637,20,2,993,0.75,1350,2425,47
2025,Jacobabad,33,0.1143,34.3423,53.092,1216179,55,0,2686,0.35,1169,886,174
2025,Jamshoro,33,0.0714,31.5683,63.3229,1200463,33,2,11204,0.35,3085,1965,88
2025,Kamber,33,0.3429,34.3518,52.4964,1621170,50,0,5599,0.2,3827,2108,216
2025,Central,33,0.5857,29.1895,74.7689,3591719,10,0,69,0.95,43,1004,11
2025,East,33,0.7,28.917,77.4377,3514347,10,0,165,0.95,44,256,0
2025,Keamari,33,0.7143,28.7326,78.6928,2215961,2,0,559,0.2,20,572,0
2025,Korangi,33,0.7286,28.8484,77.8715,2970331,8,0,95,0.2,67,285,0
2025,Malir,33,0.4429,29.3571,74.3185,2428732,20,0,2268,0.75,243,1661,48
2025,South,33,0.9286,28.617,77.8163,2166395,4,0,122,0.95,142,4678,15
2025,West,33,0.5571,29.1111,76.1674,4732945,15,0,929,0.75,251,763,75
2025,Kashmore,33,0.3429,33.0739,59.0741,1316520,60,2,2592,0.35,2071,481,29
2025,Khairpur,33,0.2714,34.7132,49.7958,2908676,53,2,15910,0.5,5401,3273,209
2025,Larkana,33,0.0571,35.0125,48.9651,1842403,48,2,1906,0.5,5528,1955,35
2025,Matiari,33,0.1571,32.3954,59.2897,930873,25,2,1417,0.2,3319,1783,83
2025,Mirpurkhas,33,0.6143,32.0119,61.5944,1820642,16,0,2925,0.5,3973,2866,149
2025,Naushero Feroze,33,0.1,34.2554,52.0434,1948788,38,2,2945,0.2,2258,1480,242
2025,Sanghar,33,0.7286,32.0528,62.0615,2486760,16,1,10608,0.2,5085,1912,113
2025,Shaheed Benazirabad,33,0.3857,33.623,54.5696,1949997,30,2,4502,0.5,2484,1946,123
2025,Shikarpur,33,0.4,34.7826,49.7214,1488188,52,1,2512,0.35,1997,1269,163
2025,Sujawal,33,0.4857,29.881,73.111,945380,,,,,2204,4904,61
2025,Sukkur,33,0.4286,34.4842,50.2824,1798882,65,2,5165,0.75,2292,1383,105
2025,Tando Allahyar,33,0.5571,31.8039,62.0567,1011871,18,0,2343,0.2,3705,1926,85
2025,Tando Muhammad Khan,33,0.8143,31.2332,65.3269,818443,14,2,1733,0.2,3288,1681,88
2025,Tharparkar,33,1.7143,30.3814,70.9673,1994728,56,0,19638,0.35,3372,2470,0
2025,Thatta,33,0.5,29.817,73.259,1184747,10,2,17355,0.35,1703,972,74
2025,Umerkot,33,0.5286,31.2854,65.5357,1297177,12,0,5608,0.35,2157,1445,0
2025,Barkhan,33,1.0286,29.7771,60.3928,206726,1100,0,3514,0.2,110,83,31
2025,Chagai,33,0,35.2923,16.4807,273217,919,0,44748,0.2,7,37,7
2025,Dera Bugti,33,0.5,31.3493,60.9219,378394,250,0,10160,0.2,59,62,1
2025,Harnai,33,,,,0,,,,,81,215,0
2025,Hub,33,0.5143,29.1412,74.3977,461810,,,,,175,130,0
2025,Jaffarabad,33,,,,621388,55,1,1643,0.2,172,199,3
2025,Jhal Magsi,33,,,,180130,60,0,3615,0.2,275,264,18
2025,Kachhi (Bolan),33,0,31.2578,52.3579,417079,,,,,49,91,0
2025,Kalat,33,0.1286,25.8592,34.9637,498077,2000,0,7654,0.2,6,11,3
2025,Kech (Turbat),33,,,,1098914,,,,,726,557,13
2025,Kharan,33,0,35.3967,24.955,188592,700,0,14958,0.2,55,219,5
2025,Khuzdar,33,1.5571,29.5481,50.639,969559,1237,0,35380,0.2,105,94,38
2025,Killa Abdullah,33,0,31.5948,16.8387,915157,1500,0,3553,0.2,2,96,8
2025,Kohlu,33,1.4714,28.6145,61.3647,258710,1000,0,7610,0.2,34,19,11
2025,Lasbella,33,0.7286,27.563,81.9613,697550,,,,,252,451,13
2025,Loralai,33,0.0857,27.5162,56.8227,479944,1400,0,3785,0.2,33,128,7
2025,Mastung,33,0,27.2878,40.0894,321574,1700,0,3308,0.2,84,137,12
2025,Naseerabad,33,0.3143,35.0965,49.4798,592374,,,,,121,341,90
2025,Nushki,33,0,34.0413,18.9183,0,900,0,5797,0.2,7,160,0
2025,Quetta,33,0.0286,27.6483,40.192,2751515,1680,0,3447,0.75,4,431,23
2025,Sherani,33,,,,0,1500,0,2700,0.2,16,53,0
2025,Sibi,33,0,35.8188,46.5136,163205,130,0,7121,0.2,118,375,19
2025,Sohbat pur,33,0.1857,34.8416,50.5709,241785,,,,,130,314,17
2025,Surab,33,0.5857,24.7434,48.4722,0,,,,,2,24,0
2025,Usta Muhammad,33,0.0286,33.6561,57.2408,314321,,,,,131,559,6
2025,Zhob,33,0.3143,29.7622,50.3068,374767,1400,0,20297,0.2,9,20,0
2025,Abbottabad,33,4.8714,24.4271,86.7134,1611498,1256,0,1967,0.75,4,1537,31
2025,Bajaur,33,6.9714,24.0717,82.3622,1321356,900,0,1290,0.2,272,727,4
2025,Bannu,33,2.2,32.6723,59.4343,1410816,312,1,1227,0.2,1391,852,74
2025,Battagram,33,11.1,25.3171,87.0909,575449,1036,0,1301,0.2,105,636,17
2025,Buner,33,9.1714,26.6148,85.7261,1084406,700,0,1865,0.35,217,320,0
2025,Charsadda,33,13.9429,28.7748,82.2458,1953624,300,2,996,0.2,512,2639,64
2025,Chitral Lower,33,1.3714,26.2702,68.1837,336081,1500,1,6458,0.35,28,1146,8
2025,Chitral Upper,33,1.3714,26.2702,68.1837,204308,2500,1,8392,0.2,9,346,28
2025,D.I. Khan,33,0.0857,33.5948,58.3545,2050338,,,,,920,2024,6
2025,Dir Lower,33,8.5714,29.9015,79.5826,1734809,800,1,1583,0.35,154,1909,37
2025,Dir Upper,33,10.2286,23.7756,80.3908,1143644,1200,1,3699,0.35,17,2745,18
2025,Hangu,33,4.2,29.9765,63.0703,627433,900,0,1097,0.2,116,149,1
2025,Haripur,33,6.8143,28.2003,84.13,1212553,605,2,1725,0.65,0,1095,0
2025,Karak,33,1.7714,31.7051,59.1294,853502,500,0,3372,0.2,348,770,5
2025,Khyber,33,5.9714,26.9165,81.4668,1193210,1000,0,2576,0.2,979,891,129
2025,Kohat,33,2.6143,31.2192,63.5727,1200463,500,0,2545,0.65,228,899,22
2025,Kohistan Lower,33,3.4286,10.449,84.8406,244203,1500,2,1200,0.2,1,166,1
2025,Kohistan Upper,33,3.4286,10.449,84.8406,369931,2500,2,4000,0.2,6,216,5
2025,L & C Kurram,33,1.6857,19.7518,80.9075,604463,,,,,11,40,18
2025,Lakki Marwat,33,1.4143,33.5349,56.581,1059019,250,1,3164,0.2,584,1003,15
2025,Malakand,33,17.3571,26.9736,81.4188,870427,700,1,952,0.2,48,1307,21
2025,Mansehra,33,9.8857,24.9165,85.7408,1881089,1000,0,4579,0.2,8,1369,12
2025,Mardan,33,15.5429,28.8225,82.362,2868781,300,0,1632,0.65,182,1500,19
2025,Mohmand,33,17.3571,26.9736,81.4188,563359,600,0,2296,0.2,307,230,5
2025,North Waziristan,33,2.7857,17.7666,78.9386,656447,1000,1,4707,0.2,143,77,21
2025,Nowshera,33,8.5714,29.96,79.5901,1835149,280,2,1748,0.65,334,2684,21
2025,Orakzai,33,3.9429,28.57,65.3024,307067,1200,0,1538,0.2,22,114,0
2025,Peshawar,33,6.8714,28.8781,82.5908,5160904,330,0,1257,0.75,96,4302,132
2025,SD Tank,33,0.3,33.7273,57.1085,604463,,,,,13,22,0
2025,Shangla,33,15.0857,19.4161,90.5455,915157,2000,2,1586,0.35,670,1527,18
2025,South Waziristan (Lower),33,0.0714,29.7119,60.0443,820861,,,,,83,70,9
2025,South Waziristan (Upper),33,,,,0,,,,,82,36,10
2025,Swabi,33,19.9143,28.845,81.0706,1963296,340,2,1543,0.65,55,534,41
2025,Swat,33,15.5,25.6367,87.5191,2791410,980,1,5337,0.35,53,4564,37
2025,Tank,33,0.3,33.7273,57.1085,472690,250,0,1679,0.2,257,560,4
2025,Tor Ghar,33,11.4,28.4406,82.4298,206726,,,,,67,115,3
2025,Upper Kurram,33,1.6857,19.7518,80.9075,748325,,,,,13,162,13
2025,Badin,34,16.9143,29.1689,83.393,2182111,9,1,6726,0.35,6208,3183,151
2025,Dadu,34,3.2143,32.4858,65.8562,1873835,40,2,19070,0.35,4067,2867,536
2025,Ghotki,34,0.9571,32.7085,66.0683,1989892,72,1,6083,0.35,5084,1336,321
2025,Hyderabad,34,13.1714,30.5229,76.3602,2659637,20,2,993,0.75,1352,2550,49
2025,Jacobabad,34,2.1286,33.025,65.1297,1216179,55,0,2686,0.35,1450,924,194
2025,Jamshoro,34,13.9286,30.7757,74.4739,1200463,33,2,11204,0.35,3325,1927,86
2025,Kamber,34,1.6857,33.3985,62.2391,1621170,50,0,5599,0.2,4103,2157,214
2025,Central,34,16.1429,28.652,85.3103,3591719,10,0,69,0.95,103,984,13
2025,East,34,15.6143,28.6765,85.4821,3514347,10,0,165,0.95,33,230,1
2025,Keamari,34,14.5429,28.6513,85.8159,2215961,2,0,559,0.2,16,501,0
2025,Korangi,34,15.7429,28.6564,85.9388,2970331,8,0,95,0.2,78,242,0
2025,Malir,34,14.5,28.7991,84.8921,2428732,20,0,2268,0.75,241,1483,38
2025,South,34,14.2143,28.8057,83.1844,2166395,4,0,122,0.95,198,6695,44
2025,West,34,15.6857,28.8001,84.7731,4732945,15,0,929,0.75,254,769,75
2025,Kashmore,34,1.7,32.3131,68.3192,1316520,60,2,2592,0.35,2155,519,61
2025,Khairpur,34,2.3857,33.451,61.4459,2908676,53,2,15910,0.5,6668,3305,262
2025,Larkana,34,3.1571,33.7161,60.121,1842403,48,2,1906,0.5,6694,2052,43
2025,Matiari,34,12.8429,30.7573,75.5066,930873,25,2,1417,0.2,4407,1827,106
2025,Mirpurkhas,34,15.1714,30.3744,78.0299,1820642,16,0,2925,0.5,4490,3544,145
2025,Naushero Feroze,34,4.9429,32.384,66.9103,1948788,38,2,2945,0.2,2094,1567,255
2025,Sanghar,34,5.0143,30.0409,81.4084,2486760,16,1,10608,0.2,5597,2286,192
2025,Shaheed Benazirabad,34,6.6429,31.2698,73.7824,1949997,30,2,4502,0.5,3074,2069,151
2025,Shikarpur,34,1.5714,32.8986,64.679,1488188,52,1,2512,0.35,2091,1309,181
2025,Sujawal,34,16.6,29.0995,83.4665,945380,,,,,1769,3460,76
2025,Sukkur,34,1.5714,33.1634,62.742,1798882,65,2,5165,0.75,2535,1512,118
2025,Tando Allahyar,34,13.2286,30.1819,78.7655,1011871,18,0,2343,0.2,3417,1747,60
2025,Tando Muhammad Khan,34,13.0286,29.7362,80.8638,818443,14,2,1733,0.2,2769,1683,76
2025,Tharparkar,34,14.0143,28.9823,84.9886,1994728,56,0,19638,0.35,3438,2686,2
2025,Thatta,34,16,29.2676,82.3565,1184747,10,2,17355,0.35,1997,1289,72
2025,Umerkot,34,11.5714,30.0137,78.9866,1297177,12,0,5608,0.35,2970,1687,0
2025,Barkhan,34,4.7,28.3458,68.3198,206726,1100,0,3514,0.2,111,111,26
2025,Chagai,34,0,34.3804,24.1779,273217,919,0,44748,0.2,50,115,0
2025,Dera Bugti,34,1.5857,30.6142,67.9367,378394,250,0,10160,0.2,106,101,0
2025,Gwadar,34,0,27.4857,92.677,317947,12,0,12637,0.35,121,306,3
2025,Harnai,34,,,,0,,,,,83,204,3
2025,Hub,34,13.2286,28.9802,81.7757,461810,,,,,116,165,2
2025,Jaffarabad,34,,,,621388,55,1,1643,0.2,745,453,96
2025,Jhal Magsi,34,,,,180130,60,0,3615,0.2,296,348,27
2025,Kachhi (Bolan),34,4.6857,29.6807,61.5848,417079,,,,,89,68,2
2025,Kalat,34,2.4857,24.3562,48.5055,498077,2000,0,7654,0.2,45,55,0
2025,Kech (Turbat),34,,,,1098914,,,,,633,630,1
2025,Kharan,34,0.0286,34.8056,33.1203,188592,700,0,14958,0.2,42,251,0
2025,Khuzdar,34,2.1143,28.2964,58.4946,969559,1237,0,35380,0.2,101,200,0
2025,Killa Abdullah,34,0,30.6838,20.1531,915157,1500,0,3553,0.2,3,108,2
2025,Killa Saifullah,34,0.1571,26.6752,60.1088,413453,1500,0,6831,0.2,192,242,0
2025,Kohlu,34,1.5286,27.1901,68.7193,258710,1000,0,7610,0.2,30,23,1
2025,Lasbella,34,12.4286,28.1175,84.718,697550,,,,,380,442,17
2025,Loralai,34,0.9143,25.9189,67.2769,479944,1400,0,3785,0.2,51,211,4
2025,Mastung,34,0.1429,26.0822,53.9664,321574,1700,0,3308,0.2,60,92,0
2025,MusaKhel,34,2.8143,25.8326,68.0501,201891,,,,,151,49,0
2025,Naseerabad,34,3.0286,33.6274,61.4196,592374,,,,,117,335,111
2025,Nushki,34,0,33.4104,26.8791,0,900,0,5797,0.2,10,125,0
2025,Pishin,34,0,28.1617,39.1176,889769,1550,0,6218,0.2,46,607,2
2025,Quetta,34,0.1571,26.5278,52.1671,2751515,1680,0,3447,0.75,25,785,0
2025,Sherani,34,,,,0,1500,0,2700,0.2,13,61,0
2025,Sibi,34,4.6857,33.5593,60.3981,163205,130,0,7121,0.2,192,430,2
2025,Sohbat pur,34,2.4857,33.0181,65.2983,241785,,,,,104,282,11
2025,Surab,34,1.4,23.1256,63.3985,0,,,,,2,14,0
2025,Usta Muhammad,34,1.0286,32.5713,68.2086,314321,,,,,168,561,20
2025,Washuk,34,3.5286,26.2304,55.3061,212771,700,0,33093,0.2,101,224,4
2025,Zhob,34,0.7714,27.8551,55.5908,374767,1400,0,20297,0.2,54,84,0
2025,Abbottabad,34,15.7571,22.8968,85.0062,1611498,1256,0,1967,0.75,1,1602,3
2025,Bajaur,34,2.0714,22.7336,72.6607,1321356,900,0,1290,0.2,446,1056,46
2025,Bannu,34,14.8286,29.3788,71.3118,1410816,312,1,1227,0.2,1646,969,4
2025,Battagram,34,13.2286,23.6906,83.4119,575449,1036,0,1301,0.2,154,812,2
2025,Buner,34,20.2429,25.2866,82.6173,1084406,700,0,1865,0.35,307,398,0
2025,Charsadda,34,15.4429,27.4757,81.438,1953624,300,2,996,0.2,518,2617,60
2025,Chitral Lower,34,0.1143,23.6232,64.943,336081,1500,1,6458,0.35,37,1124,13
2025,Chitral Upper,34,0.1143,23.6232,64.943,204308,2500,1,8392,0.2,8,305,12
2025,D.I. Khan,34,11.2571,30.3758,74.439,2050338,,,,,706,2001,0
2025,Dir Lower,34,21.3286,28.0789,79.6271,1734809,800,1,1583,0.35,183,2031,0
2025,Dir Upper,34,4.0429,21.9928,72.2894,1143644,1200,1,3699,0.35,13,2224,0
2025,Hangu,34,11.5286,26.1354,76.0144,627433,900,0,1097,0.2,165,230,0
2025,Haripur,34,13.7143,26.3687,83.5104,1212553,605,2,1725,0.65,0,1377,0
2025,Karak,34,10.1286,28.2572,71.9657,853502,500,0,3372,0.2,323,816,7
2025,Khyber,34,7.9714,25.7386,77.14,1193210,1000,0,2576,0.2,715,1032,133
2025,Kohat,34,10.3286,28.1885,71.5604,1200463,500,0,2545,0.65,344,951,16
2025,Kohistan Lower,34,1.7286,8.0663,80.3784,244203,1500,2,1200,0.2,1,223,0
2025,Kohistan Upper,34,1.7286,8.0663,80.3784,369931,2500,2,4000,0.2,11,319,3
2025,Kolai Palas,34,1.7286,8.0663,80.3784,331246,,,,,3,97,2
2025,L & C Kurram,34,4.4143,17.616,84.5674,604463,,,,,12,11,11
2025,Lakki Marwat,34,11.0143,30.2364,68.9929,1059019,250,1,3164,0.2,605,1034,18
2025,Malakand,34,7.6857,26.2543,76.0212,870427,700,1,952,0.2,26,1600,0
2025,Mansehra,34,15.8429,23.1326,84.2687,1881089,1000,0,4579,0.2,9,1264,0
2025,Mardan,34,18.3286,27.377,81.913,2868781,300,0,1632,0.65,263,1475,15
2025,Mohmand,34,7.6857,26.2543,76.0212,563359,600,0,2296,0.2,355,215,6
2025,North Waziristan,34,4.8429,15.511,82.7543,656447,1000,1,4707,0.2,109,45,15
2025,Nowshera,34,21.3286,28.1374,79.6345,1835149,280,2,1748,0.65,474,2663,4
2025,Orakzai,34,10.4714,25.0733,77.0366,307067,1200,0,1538,0.2,57,133,0
2025,Peshawar,34,9.5571,27.3002,82.2839,5160904,330,0,1257,0.75,97,5129,20
2025,SD Tank,34,10.7857,30.3309,70.0088,604463,,,,,13,22,3
2025,Shangla,34,7.4,17.9827,81.9614,915157,2000,2,1586,0.35,719,724,25
2025,South Waziristan (Lower),34,3.0714,26.695,71.1139,820861,,,,,96,76,14
2025,South Waziristan (Upper),34,,,,0,,,,,125,71,10
2025,Swabi,34,25.5429,27.1173,81.3508,1963296,340,2,1543,0.65,126,1590,12
2025,Swat,34,10.5857,24.287,82.6717,2791410,980,1,5337,0.35,41,4551,5
2025,Tank,34,10.7857,30.3309,70.0088,472690,250,0,1679,0.2,240,581,5
2025,Tor Ghar,34,13.6429,26.646,82.9643,206726,,,,,81,130,6
2025,Upper Kurram,34,4.4143,17.616,84.5674,748325,,,,,17,192,41
2025,Badin,36,3.6429,29.2401,74.8412,2182111,9,1,6726,0.35,5209,2400,136
2025,Dadu,36,0.0143,32.5304,59.8717,1873835,40,2,19070,0.35,3131,2318,397
2025,Ghotki,36,0.1429,32.0924,64.2004,1989892,72,1,6083,0.35,3429,1145,138
2025,Hyderabad,36,0.9571,30.8283,65.397,2659637,20,2,993,0.75,1072,2027,47
2025,Jacobabad,36,0.1143,32.8884,60.6083,1216179,55,0,2686,0.35,1415,681,143
2025,Jamshoro,36,0.7857,30.893,65.0641,1200463,33,2,11204,0.35,2701,1620,77
2025,Kamber,36,0.0143,34.9333,48.6302,1621170,50,0,5599,0.2,2792,1586,167
2025,Central,36,0.1,28.8029,74.1435,3591719,10,0,69,0.95,29,928,12
2025,East,36,0.0286,28.7004,75.2554,3514347,10,0,165,0.95,36,218,1
2025,Keamari,36,0.1857,28.3832,77.1336,2215961,2,0,559,0.2,13,519,0
2025,Korangi,36,0.0714,28.6552,75.576,2970331,8,0,95,0.2,48,264,0
2025,Malir,36,0.0286,29.0895,73.1818,2428732,20,0,2268,0.75,161,1305,43
2025,South,36,0.8286,27.7197,80.7671,2166395,4,0,122,0.95,3,87,0
2025,West,36,0.1286,28.5278,76.2371,4732945,15,0,929,0.75,254,735,98
2025,Kashmore,36,0.2429,31.5349,67.4025,1316520,60,2,2592,0.35,1829,319,75
2025,Khairpur,36,0.2,34.0337,52.7299,2908676,53,2,15910,0.5,4337,2269,190
2025,Larkana,36,0.1857,34.6827,49.7399,1842403,48,2,1906,0.5,5251,1351,26
2025,Matiari,36,1.0714,31.3338,63.4096,930873,25,2,1417,0.2,2943,1411,75
2025,Mirpurkhas,36,4.2857,30.3911,69.252,1820642,16,0,2925,0.5,3085,2185,122
2025,Naushero Feroze,36,0.2,33.6423,53.2212,1948788,38,2,2945,0.2,1947,1505,226
2025,Sanghar,36,8.6429,30.8778,67.1992,2486760,16,1,10608,0.2,3839,1648,185
2025,Shaheed Benazirabad,36,1.5429,33.0558,55.7252,1949997,30,2,4502,0.5,2423,1625,113
2025,Shikarpur,36,0.1286,33.3189,56.6515,1488188,52,1,2512,0.35,1355,888,161
2025,Sujawal,36,2.5714,28.8509,76.4291,945380,,,,,2399,3589,70
2025,Sukkur,36,0.0714,32.8485,58.8595,1798882,65,2,5165,0.75,1730,1085,82
2025,Tando Allahyar,36,3.7429,30.4203,68.0621,1011871,18,0,2343,0.2,2247,1144,35
2025,Tando Muhammad Khan,36,2.8,30.0761,69.761,818443,14,2,1733,0.2,1940,1438,33
2025,Tharparkar,36,15.0571,29.6091,72.7079,1994728,56,0,19638,0.35,2491,1636,0
2025,Thatta,36,3.1143,28.6732,77.1403,1184747,10,2,17355,0.35,1886,1277,97
2025,Umerkot,36,10.1286,30.1863,69.2372,1297177,12,0,5608,0.35,2036,1254,0
2025,Barkhan,36,1.0857,27.1572,68.5679,206726,1100,0,3514,0.2,90,69,31
2025,Chagai,36,0,32.1182,10.1846,273217,919,0,44748,0.2,28,105,0
2025,Chaman,36,,,,0,1340,0,1341,0.2,57,0,10
2025,Dera Bugti,36,0.7429,29.4309,67.7814,378394,250,0,10160,0.2,99,113,0
2025,Gwadar,36,0.0143,27.1333,87.4442,317947,12,0,12637,0.35,4,29,2
2025,Harnai,36,,,,0,,,,,74,136,2
2025,Hub,36,0.4143,28.5716,75.4284,461810,,,,,21,58,0
2025,Jaffarabad,36,,,,621388,55,1,1643,0.2,608,416,78
2025,Jhal Magsi,36,,,,180130,60,0,3615,0.2,86,130,0
2025,Kachhi (Bolan),36,0.5429,29.5066,53.8891,417079,,,,,131,258,14
2025,Kalat,36,0,23.0342,23.5236,498077,2000,0,7654,0.2,0,0,0
2025,Kech (Turbat),36,,,,1098914,,,,,481,551,0
2025,Kharan,36,0,32.6401,16.7232,188592,700,0,14958,0.2,25,165,0
2025,Khuzdar,36,0.1571,28.1842,47.2622,969559,1237,0,35380,0.2,88,78,2
2025,Killa Abdullah,36,0,27.51,9.3396,915157,1500,0,3553,0.2,7,188,0
2025,Killa Saifullah,36,0.0143,25.0743,51.5898,413453,1500,0,6831,0.2,220,317,11
2025,Kohlu,36,1.1286,25.5746,70.3711,258710,1000,0,7610,0.2,36,59,0
2025,Lasbella,36,0.7143,26.5892,85.6714,697550,,,,,275,420,6
2025,Loralai,36,0.0429,25.477,58.228,479944,1400,0,3785,0.2,42,220,2
2025,Mastung,36,0,24.2259,30.0471,321574,1700,0,3308,0.2,74,132,0
2025,MusaKhel,36,0.6571,24.812,64.4239,201891,,,,,162,88,0
2025,Naseerabad,36,0.0286,33.8953,54.712,592374,,,,,111,260,105
2025,Nushki,36,0,30.4806,11.9545,0,900,0,5797,0.2,8,159,0
2025,Pishin,36,0,24.8825,27.0435,889769,1550,0,6218,0.2,16,225,0
2025,Quetta,36,0,24.4548,33.8071,2751515,1680,0,3447,0.75,18,459,1
2025,Sherani,36,,,,0,1500,0,2700,0.2,8,37,0
2025,Sibi,36,0.1,33.5566,53.4611,163205,130,0,7121,0.2,150,404,2
2025,Sohbat pur,36,0.0714,32.9592,59.7663,241785,,,,,75,233,2
2025,Surab,36,0.0429,22.9413,40.2982,0,,,,,2,26,0
2025,Usta Muhammad,36,0,32.5859,62.0021,314321,,,,,132,468,18
2025,Washuk,36,0,26.4905,30.0201,212771,700,0,33093,0.2,72,89,2
2025,Zhob,36,0.1429,25.8432,55.6837,374767,1400,0,20297,0.2,63,124,0
2025,Ziarat,36,,,,0,2400,0,3301,0.2,25,80,0
2025,Abbottabad,36,6.3143,22.0524,82.8205,1611498,1256,0,1967,0.75,1,864,0
2025,Bajaur,36,2.6286,22.3967,71.6065,1321356,900,0,1290,0.2,428,806,7
2025,Bannu,36,4.5429,29.0871,65.0313,1410816,312,1,1227,0.2,1288,926,0
2025,Battagram,36,5.2143,22.5189,82.2829,575449,1036,0,1301,0.2,74,481,0
2025,Buner,36,5.0143,24.3464,82.4012,1084406,700,0,1865,0.35,101,262,0
2025,Charsadda,36,3.1857,27.1844,78.7252,1953624,300,2,996,0.2,454,2560,1
2025,Chitral Lower,36,0.0857,23.3449,60.9889,336081,1500,1,6458,0.35,30,797,5
2025,Chitral Upper,36,0.0857,23.3449,60.9889,204308,2500,1,8392,0.2,13,263,0
2025,D.I. Khan,36,1.3857,29.5198,70.8674,2050338,,,,,485,1553,0
2025,Dir Lower,36,1.4571,28.0726,74.2379,1734809,800,1,1583,0.35,221,1897,0
2025,Dir Upper,36,3.5286,21.008,73.6706,1143644,1200,1,3699,0.35,13,1789,2
2025,Hangu,36,6.1857,25.3774,70.9377,627433,900,0,1097,0.2,80,167,0
2025,Haripur,36,2.5571,25.7149,81.0783,1212553,605,2,1725,0.65,6,1336,0
2025,Karak,36,2.7571,27.5958,67.3323,853502,500,0,3372,0.2,281,683,0
2025,Khyber,36,4.4429,25.7502,69.5805,1193210,1000,0,2576,0.2,802,508,13
2025,Kohat,36,2.5,27.4534,68.9679,1200463,500,0,2545,0.65,283,915,1
2025,Kohistan Lower,36,2.2429,6.6243,80.1492,244203,1500,2,1200,0.2,2,176,1
2025,Kohistan Upper,36,2.2429,6.6243,80.1492,369931,2500,2,4000,0.2,26,290,0
2025,Kolai Palas,36,2.2429,6.6243,80.1492,331246,,,,,3,0,0
2025,L & C Kurram,36,3.2143,16.2848,80.7043,604463,,,,,4,18,0
2025,Lakki Marwat,36,1.3143,29.4263,65.3691,1059019,250,1,3164,0.2,459,799,0
2025,Malakand,36,4.7143,25.654,74.9762,870427,700,1,952,0.2,40,497,2
2025,Mansehra,36,9.2857,22.3561,81.5973,1881089,1000,0,4579,0.2,7,642,0
2025,Mardan,36,3.7714,27.1493,78.375,2868781,300,0,1632,0.65,180,986,0
2025,Mohmand,36,4.7143,25.654,74.9762,563359,600,0,2296,0.2,282,152,46
2025,North Waziristan,36,2.5571,13.9065,79.2088,656447,1000,1,4707,0.2,135,93,0
2025,Nowshera,36,1.4571,28.1311,74.2469,1835149,280,2,1748,0.65,543,2640,5
2025,Orakzai,36,3.7429,24.4126,70.6997,307067,1200,0,1538,0.2,46,152,0
2025,Peshawar,36,2.2429,27.4344,77.2184,5160904,330,0,1257,0.75,75,4486,1
2025,SD Tank,36,4.0429,29.4857,66.625,604463,,,,,13,6,0
2025,Shangla,36,6.0143,16.9857,81.0142,915157,2000,2,1586,0.35,1146,1821,0
2025,South Waziristan (Lower),36,0.9857,25.9429,65.7561,820861,,,,,99,118,13
2025,South Waziristan (Upper),36,,,,0,,,,,96,55,8
2025,Swabi,36,3.8286,26.836,77.6345,1963296,340,2,1543,0.65,120,1380,0
2025,Swat,36,6.8143,23.4042,81.1948,2791410,980,1,5337,0.35,101,3663,0
2025,Tank,36,4.0429,29.4857,66.625,472690,250,0,1679,0.2,146,549,0
2025,Tor Ghar,36,1.9286,26.1781,79.4175,206726,,,,,101,94,26
2025,Upper Kurram,36,3.2143,16.2848,80.7043,748325,,,,,15,124,0
2025,Badin,37,16.7857,27.2097,82.9644,2182111,9,1,6726,0.35,5702,3222,202
2025,Dadu,37,19.0714,29.0024,73.454,1873835,40,2,19070,0.35,3531,2678,494
2025,Ghotki,37,3.6714,29.0234,75.3092,1989892,72,1,6083,0.35,5365,1264,211
2025,Hyderabad,37,10.4,27.6512,80.4945,2659637,20,2,993,0.75,1649,2495,41
2025,Jacobabad,37,2.3143,29.5816,73.8828,1216179,55,0,2686,0.35,1559,1003,168
2025,Jamshoro,37,9.7571,27.8343,79.285,1200463,33,2,11204,0.35,3162,1873,86
2025,Kamber,37,9.7286,28.389,81.5887,1621170,50,0,5599,0.2,4873,2115,206
2025,Central,37,15.1286,26.735,86.0135,3591719,10,0,69,0.95,22,1034,14
2025,East,37,20.0429,26.7655,86.664,3514347,10,0,165,0.95,49,207,0
2025,Keamari,37,14.2429,26.9409,85.6832,2215961,2,0,559,0.2,16,608,0
2025,Korangi,37,17.8143,26.8835,86.3352,2970331,8,0,95,0.2,65,323,0
2025,Malir,37,17.0857,26.6916,86.8396,2428732,20,0,2268,0.75,198,1450,67
2025,South,37,10.1429,26.2804,87.2259,2166395,4,0,122,0.95,2,101,0
2025,West,37,11.6,26.9064,85.6258,4732945,15,0,929,0.75,326,804,51
2025,Kashmore,37,2.8857,28.8795,76.4926,1316520,60,2,2592,0.35,1957,339,122
2025,Khairpur,37,8.7714,28.5352,77.9599,2908676,53,2,15910,0.5,5594,3008,195
2025,Larkana,37,6.8286,28.6967,78.3998,1842403,48,2,1906,0.5,7126,1950,46
2025,Matiari,37,13.8714,27.5412,81.2152,930873,25,2,1417,0.2,4191,1680,66
2025,Mirpurkhas,37,7.3714,27.561,81.0322,1820642,16,0,2925,0.5,5292,3582,124
2025,Naushero Feroze,37,14.3143,28.1292,79.5362,1948788,38,2,2945,0.2,1888,1420,185
2025,Sanghar,37,3.6714,27.5153,81.6858,2486760,16,1,10608,0.2,5840,2272,189
2025,Shaheed Benazirabad,37,17.3429,27.9248,79.8123,1949997,30,2,4502,0.5,3021,2063,142
2025,Shikarpur,37,1.7143,29.4995,72.7346,1488188,52,1,2512,0.35,2574,1277,212
2025,Sujawal,37,18.3429,27.0465,83.933,945380,,,,,2064,979,43
2025,Sukkur,37,6.5143,28.8152,75.9727,1798882,65,2,5165,0.75,2446,1361,64
2025,Tando Allahyar,37,10.9571,27.2429,83.1094,1011871,18,0,2343,0.2,3955,1491,50
2025,Tando Muhammad Khan,37,12.5714,27.2002,83.3366,818443,14,2,1733,0.2,2604,1668,121
2025,Tharparkar,37,5.6429,27.1492,83.1617,1994728,56,0,19638,0.35,3146,2447,0
2025,Thatta,37,15.1429,27.0512,83.596,1184747,10,2,17355,0.35,2312,1517,102
2025,Umerkot,37,1.8714,27.9872,77.3007,1297177,12,0,5608,0.35,2575,1749,0
2025,Barkhan,37,0.3714,27.2851,65.0878,206726,1100,0,3514,0.2,112,82,20
2025,Chagai,37,0,32.6863,30.1753,273217,919,0,44748,0.2,58,160,9
2025,Dera Bugti,37,0.4,28.1443,71.6208,378394,250,0,10160,0.2,103,84,4
2025,Gwadar,37,2.9714,27.2762,84.6519,317947,12,0,12637,0.35,7,17,5
2025,Harnai,37,,,,0,,,,,96,202,0
2025,Hub,37,13.4286,26.5847,85.3701,461810,,,,,307,231,1
2025,Jaffarabad,37,,,,621388,55,1,1643,0.2,802,468,9
2025,Jhal Magsi,37,,,,180130,60,0,3615,0.2,347,383,27
2025,Kachhi (Bolan),37,1.8143,27.4738,66.4015,417079,,,,,78,112,10
2025,Kalat,37,0.0286,23.2675,46.9229,498077,2000,0,7654,0.2,15,37,20
2025,Kech (Turbat),37,,,,1098914,,,,,843,585,1
2025,Kharan,37,0,32.9684,37.5639,188592,700,0,14958,0.2,46,226,5
2025,Khuzdar,37,0.4857,25.8243,64.6882,969559,1237,0,35380,0.2,77,229,35
2025,Killa Abdullah,37,0,29.4275,23.9032,915157,1500,0,3553,0.2,13,227,33
2025,Killa Saifullah,37,0.0286,25.232,56.8286,413453,1500,0,6831,0.2,331,336,53
2025,Kohlu,37,0.2714,26.4202,62.9397,258710,1000,0,7610,0.2,67,117,32
2025,Lasbella,37,14.2143,26.0365,87.4427,697550,,,,,342,441,6
2025,Loralai,37,0.0857,24.5094,64.7079,479944,1400,0,3785,0.2,58,289,22
2025,Mastung,37,0,23.9959,57.4386,321574,1700,0,3308,0.2,76,139,20
2025,MusaKhel,37,0.2571,25.2493,61.2327,201891,,,,,274,129,27
2025,Naseerabad,37,5.1429,29.3757,75.1884,592374,,,,,109,337,52
2025,Nushki,37,0,31.6657,32.9519,0,900,0,5797,0.2,1,160,0
2025,Panjgur,37,0.2571,27.3918,59.2945,382021,900,0,16891,0.2,149,41,0
2025,Pishin,37,0,26.4188,41.7497,889769,1550,0,6218,0.2,59,497,38
2025,Quetta,37,0.1429,24.6757,55.8224,2751515,1680,0,3447,0.75,31,573,19
2025,Sibi,37,1.7857,31.3358,62.8993,163205,130,0,7121,0.2,191,464,18
2025,Sohbat pur,37,2.6857,29.6723,72.9825,241785,,,,,97,316,24
2025,Surab,37,0.3571,21.6464,63.1813,0,,,,,2,16,0
2025,Usta Muhammad,37,7.3571,28.7627,79.5734,314321,,,,,186,704,4
2025,Washuk,37,1.3143,24.153,62.7285,212771,700,0,33093,0.2,136,92,10
2025,Zhob,37,1.1429,26.4917,56.1172,374767,1400,0,20297,0.2,79,83,2
2025,Ziarat,37,,,,0,2400,0,3301,0.2,59,153,16
2025,Abbottabad,37,1.0714,23.572,79.8149,1611498,1256,0,1967,0.75,135,1381,16
2025,Bajaur,37,0.2429,24.0655,65.3823,1321356,900,0,1290,0.2,53,736,4
2025,Bannu,37,0.1,31.0973,58.966,1410816,312,1,1227,0.2,3,970,8
2025,Battagram,37,1.1714,23.8347,81.052,575449,1036,0,1301,0.2,0,0,5
2025,Buner,37,1.2,25.6446,79.987,1084406,700,0,1865,0.35,0,495,4
2025,Charsadda,37,0.9,28.4757,76.6427,1953624,300,2,996,0.2,1651,4050,242
2025,Chitral Lower,37,0.0429,23.8431,57.3782,336081,1500,1,6458,0.35,20,781,10
2025,Chitral Upper,37,0.0429,23.8431,57.3782,204308,2500,1,8392,0.2,29,241,12
2025,D.I. Khan,37,2.1,30.4999,71.0754,2050338,,,,,0,2011,3
2025,Dir Lower,37,1.1,29.6405,70.8798,1734809,800,1,1583,0.35,1,2021,30
2025,Dir Upper,37,0.2286,21.7979,69.328,1143644,1200,1,3699,0.35,32,2233,8
2025,Hangu,37,0.4429,27.8696,60.9273,627433,900,0,1097,0.2,133,225,4
2025,Haripur,37,0.9857,27.047,78.9655,1212553,605,2,1725,0.65,399,1665,1
2025,Karak,37,0.2,29.8336,60.0725,853502,500,0,3372,0.2,48,838,7
2025,Khyber,37,0.2714,28.1353,62.8539,1193210,1000,0,2576,0.2,48,855,28
2025,Kohat,37,0.2286,29.57,61.4204,1200463,500,0,2545,0.65,0,989,9
2025,Kohistan Lower,37,1.2571,7.9859,70.8962,244203,1500,2,1200,0.2,1,164,0
2025,Kohistan Upper,37,1.2571,7.9859,70.8962,369931,2500,2,4000,0.2,0,336,3
2025,Kolai Palas,37,1.2571,7.9859,70.8962,331246,,,,,6,81,2
2025,L & C Kurram,37,0.7286,16.9485,78.4512,604463,,,,,0,52,1
2025,Lakki Marwat,37,0.1,31.3927,61.8723,1059019,250,1,3164,0.2,0,980,1
2025,Malakand,37,0.9286,27.2358,69.9752,870427,700,1,952,0.2,40,817,0
2025,Mansehra,37,2.0571,23.8421,79.2301,1881089,1000,0,4579,0.2,271,1025,5
2025,Mardan,37,0.4286,28.6136,75.9501,2868781,300,0,1632,0.65,17,1220,20
2025,Mohmand,37,0.9286,27.2358,69.9752,563359,600,0,2296,0.2,67,163,7
2025,North Waziristan,37,0.9143,15.0259,75.4609,656447,1000,1,4707,0.2,0,46,16
2025,Nowshera,37,1.1,29.699,70.8899,1835149,280,2,1748,0.65,53,2805,16
2025,Orakzai,37,0.3571,26.6543,61.7902,307067,1200,0,1538,0.2,6,101,0
2025,Peshawar,37,0.0714,30.0722,66.6531,5160904,330,0,1257,0.75,461,5069,15
2025,Shangla,37,3.3143,18.1631,80.1396,915157,2000,2,1586,0.35,0,1399,15
2025,South Waziristan (Lower),37,0.2143,27.0096,64.0144,820861,,,,,76,72,10
2025,South Waziristan (Upper),37,,,,0,,,,,16,79,6
2025,Swabi,37,0.8714,28.1613,77.2495,1963296,340,2,1543,0.65,641,1659,46
2025,Swat,37,1.6,24.5581,80.1007,2791410,980,1,5337,0.35,416,3898,57
2025,Tank,37,0.1714,30.9931,65.0947,472690,250,0,1679,0.2,54,565,5
2025,Tor Ghar,37,0.7714,27.679,77.0435,206726,,,,,0,100,1
2025,Upper Kurram,37,0.7286,16.9485,78.4512,748325,,,,,106,204,15
2025,Badin,38,0.0429,28.3002,76.7926,2182111,9,1,6726,0.35,6381,3452,164
2025,Dadu,38,0,30.8013,68.0975,1873835,40,2,19070,0.35,4024,2624,509
2025,Ghotki,38,0,30.8731,64.7864,1989892,72,1,6083,0.35,5449,1310,238
2025,Hyderabad,38,0,28.8554,74.1076,2659637,20,2,993,0.75,1425,2635,42
2025,Jacobabad,38,0,32.2601,59.7912,1216179,55,0,2686,0.35,1507,940,182
2025,Jamshoro,38,0,28.97,73.5318,1200463,33,2,11204,0.35,3346,1875,87
2025,Kamber,38,0,30.8375,69.3457,1621170,50,0,5599,0.2,4646,2161,189
2025,Central,38,0.4571,27.3583,82.2235,3591719,10,0,69,0.95,55,1065,15
2025,East,38,0.4143,27.2518,83.7523,3514347,10,0,165,0.95,62,279,3
2025,Keamari,38,0.4714,27.5177,82.1035,2215961,2,0,559,0.2,17,675,1
2025,Korangi,38,0.4143,27.4145,82.9867,2970331,8,0,95,0.2,63,386,0
2025,Malir,38,0.4429,27.2035,83.736,2428732,20,0,2268,0.75,181,1739,38
2025,South,38,1.1286,26.8777,84.4227,2166395,4,0,122,0.95,3,115,0
2025,West,38,0.6857,27.5174,81.9526,4732945,15,0,929,0.75,333,834,63
2025,Kashmore,38,0,30.7822,65.5775,1316520,60,2,2592,0.35,2125,373,121
2025,Khairpur,38,0,30.5587,67.2348,2908676,53,2,15910,0.5,6374,3202,213
2025,Larkana,38,0,31.1973,66.2391,1842403,48,2,1906,0.5,7146,1951,34
2025,Matiari,38,0,29.0883,73.1031,930873,25,2,1417,0.2,4478,1869,82
2025,Mirpurkhas,38,0.0143,28.8039,74.3047,1820642,16,0,2925,0.5,6278,3346,99
2025,Naushero Feroze,38,0,29.9935,72.0366,1948788,38,2,2945,0.2,1832,1255,247
2025,Sanghar,38,0,29.204,72.1334,2486760,16,1,10608,0.2,8070,2346,226
2025,Shaheed Benazirabad,38,0,29.671,72.8371,1949997,30,2,4502,0.5,3467,2112,143
2025,Shikarpur,38,0,32.2635,58.4509,1488188,52,1,2512,0.35,2869,1333,257
2025,Sujawal,38,0.0571,28.1087,77.5918,945380,,,,,1916,3704,75
2025,Sukkur,38,0,31.1324,63.1637,1798882,65,2,5165,0.75,2555,1465,73
2025,Tando Allahyar,38,0,28.4816,75.9561,1011871,18,0,2343,0.2,4640,1588,38
2025,Tando Muhammad Khan,38,0.0429,28.5076,75.8615,818443,14,2,1733,0.2,2863,1741,145
2025,Tharparkar,38,0.0714,28.9123,72.8259,1994728,56,0,19638,0.35,4077,2476,1
2025,Thatta,38,0.0857,27.9843,78.7473,1184747,10,2,17355,0.35,3422,1799,109
2025,Umerkot,38,0.0286,29.0152,71.7523,1297177,12,0,5608,0.35,2904,1690,0
2025,Barkhan,38,0.1,28.8164,55.0045,206726,1100,0,3514,0.2,119,99,28
2025,Chagai,38,0,31.5244,13.8046,273217,919,0,44748,0.2,62,152,0
2025,Chaman,38,,,,0,1340,0,1341,0.2,45,0,0
2025,Dera Bugti,38,0.1571,29.7452,62.5358,378394,250,0,10160,0.2,82,85,0
2025,Gwadar,38,0,27.3494,87.8252,317947,12,0,12637,0.35,3,17,2
2025,Harnai,38,,,,0,,,,,101,254,4
2025,Hub,38,0.4286,27.2183,81.6077,461810,,,,,50,152,2
2025,Jaffarabad,38,,,,621388,55,1,1643,0.2,777,555,36
2025,Jhal Magsi,38,,,,180130,60,0,3615,0.2,343,310,0
2025,Kachhi (Bolan),38,0,29.2831,46.7153,417079,,,,,122,197,29
2025,Kalat,38,0,21.8425,18.4266,498077,2000,0,7654,0.2,1,2,0
2025,Kech (Turbat),38,,,,1098914,,,,,797,574,0
2025,Kharan,38,0,31.8943,17.1644,188592,700,0,14958,0.2,55,223,0
2025,Khuzdar,38,0,27.8949,33.6503,969559,1237,0,35380,0.2,17,36,0
2025,Killa Abdullah,38,0,26.2147,13.1129,915157,1500,0,3553,0.2,14,233,1
2025,Killa Saifullah,38,0,25.6868,19.9387,413453,1500,0,6831,0.2,324,306,5
2025,Kohlu,38,0.1429,27.4633,55.4864,258710,1000,0,7610,0.2,97,142,2
2025,Lasbella,38,1.7857,26.166,87.159,697550,,,,,515,545,5
2025,Loralai,38,0,25.4165,36.0449,479944,1400,0,3785,0.2,79,279,1
2025,Mastung,38,0,23.3402,18.6759,321574,1700,0,3308,0.2,76,179,0
2025,MusaKhel,38,0,26.0966,49.7795,201891,,,,,306,149,3
2025,Naseerabad,38,0,33.1096,56.4138,592374,,,,,130,368,57
2025,Nushki,38,0,28.9598,15.7853,0,900,0,5797,0.2,5,151,0
2025,Panjgur,38,0,28.8135,38.0776,382021,900,0,16891,0.2,18,54,0
2025,Pishin,38,0,23.8313,17.7026,889769,1550,0,6218,0.2,43,531,3
2025,Quetta,38,0,23.4944,20.1374,2751515,1680,0,3447,0.75,25,584,0
2025,Sibi,38,0,33.7102,49.0047,163205,130,0,7121,0.2,161,412,2
2025,Sohbat pur,38,0,32.9116,56.7961,241785,,,,,19,68,18
2025,Surab,38,0,22.8857,20.9384,0,,,,,3,15,0
2025,Usta Muhammad,38,0,30.7392,70.6847,314321,,,,,186,578,21
2025,Zhob,38,0,26.2599,45.7482,374767,1400,0,20297,0.2,54,40,0
2025,Ziarat,38,,,,0,2400,0,3301,0.2,41,99,0
2025,Abbottabad,38,1.8571,23.2765,71.7492,1611498,1256,0,1967,0.75,1,1234,22
2025,Bajaur,38,1.0429,22.8006,59.1479,1321356,900,0,1290,0.2,426,695,5
2025,Bannu,38,1.4857,31.0229,54.9392,1410816,312,1,1227,0.2,1342,943,96
2025,Battagram,38,2.9143,22.8385,72.8941,575449,1036,0,1301,0.2,164,474,0
2025,Buner,38,2.2571,24.7321,75.3136,1084406,700,0,1865,0.35,193,304,6
2025,Charsadda,38,2.9286,27.4001,73.5859,1953624,300,2,996,0.2,543,2437,153
2025,Chitral Lower,38,0.4,21.4235,60.5885,336081,1500,1,6458,0.35,69,680,10
2025,Chitral Upper,38,0.4,21.4235,60.5885,204308,2500,1,8392,0.2,10,223,21
2025,D.I. Khan,38,0.7286,31.7109,62.8198,2050338,,,,,997,2098,0
2025,Dir Lower,38,1.4857,28.9863,67.921,1734809,800,1,1583,0.35,245,1741,33
2025,Dir Upper,38,0.3143,20.0024,66.9182,1143644,1200,1,3699,0.35,25,1636,17
2025,Hangu,38,1.7429,26.4809,61.914,627433,900,0,1097,0.2,289,294,12
2025,Haripur,38,3.1429,26.2152,76.5695,1212553,605,2,1725,0.65,9,1441,3
2025,Karak,38,0.8857,29.9357,53.6195,853502,500,0,3372,0.2,296,716,9
2025,Khyber,38,1.2,27.1716,59.4637,1193210,1000,0,2576,0.2,720,779,155
2025,Kohat,38,1.0857,29.2897,56.9021,1200463,500,0,2545,0.65,503,926,14
2025,Kohistan Lower,38,0.6,5.0579,73.0253,244203,1500,2,1200,0.2,2,218,0
2025,Kohistan Upper,38,0.6,5.0579,73.0253,369931,2500,2,4000,0.2,53,327,2
2025,Kolai Palas,38,0.6,5.0579,73.0253,331246,,,,,6,68,2
2025,L & C Kurram,38,1.0571,15.9958,75.5352,604463,,,,,27,38,7
2025,Lakki Marwat,38,2.2286,31.4123,57.6717,1059019,250,1,3164,0.2,859,931,18
2025,Malakand,38,5.8857,26.0849,65.9642,870427,700,1,952,0.2,52,1068,9
2025,Mansehra,38,1.5714,23.207,72.6392,1881089,1000,0,4579,0.2,12,1105,24
2025,Mardan,38,2.6143,27.2948,74.5329,2868781,300,0,1632,0.65,346,971,10
2025,Mohmand,38,5.8857,26.0849,65.9642,563359,600,0,2296,0.2,374,161,6
2025,North Waziristan,38,0.3571,13.7648,71.5011,656447,1000,1,4707,0.2,85,34,34
2025,Nowshera,38,1.4857,29.0448,67.9318,1835149,280,2,1748,0.65,778,2700,13
2025,Orakzai,38,1.3,25.6537,60.7526,307067,1200,0,1538,0.2,30,75,0
2025,Peshawar,38,0.6429,29.6374,61.3572,5160904,330,0,1257,0.75,81,4929,203
2025,SD Tank,38,0.6286,31.4267,58.0939,604463,,,,,13,22,0
2025,Shangla,38,2.5714,17.4869,68.5831,915157,2000,2,1586,0.35,1158,1688,105
2025,South Waziristan (Lower),38,0.3,27.1798,56.7394,820861,,,,,71,70,15
2025,South Waziristan (Upper),38,,,,0,,,,,89,83,0
2025,Swabi,38,6.8429,26.8069,75.9852,1963296,340,2,1543,0.65,155,1311,58
2025,Swat,38,8.8286,23.3846,74.2828,2791410,980,1,5337,0.35,155,3523,73
2025,Tank,38,0.6286,31.4267,58.0939,472690,250,0,1679,0.2,237,585,2
2025,Tor Ghar,38,5.2857,26.7525,76.3553,206726,,,,,80,89,6
2025,Upper Kurram,38,1.0571,15.9958,75.5352,748325,,,,,23,165,15
2025,Badin,39,0.0143,28.73,71.7396,2182111,9,1,6726,0.35,5586,2727,119
2025,Dadu,39,0,30.406,65.3632,1873835,40,2,19070,0.35,3719,2535,402
2025,Ghotki,39,0,30.693,59.9124,1989892,72,1,6083,0.35,5271,1262,211
2025,Hyderabad,39,0.0286,29.7634,65.666,2659637,20,2,993,0.75,1509,1942,40
2025,Jacobabad,39,0,32.4914,51.211,1216179,55,0,2686,0.35,1571,820,140
2025,Jamshoro,39,0,29.6578,66.3616,1200463,33,2,11204,0.35,3334,1915,83
2025,Kamber,39,0,32.6678,53.6284,1621170,50,0,5599,0.2,4124,1780,185
2025,Central,39,0.3,28.1208,76.7817,3591719,10,0,69,0.95,54,1211,29
2025,East,39,0.1571,27.8905,79.3725,3514347,10,0,165,0.95,44,328,2
2025,Keamari,39,0.5,27.9835,78.6696,2215961,2,0,559,0.2,16,714,2
2025,Korangi,39,0.3714,28.0698,78.3287,2970331,8,0,95,0.2,109,397,0
2025,Malir,39,0.0571,27.9208,78.8545,2428732,20,0,2268,0.75,187,1660,42
2025,South,39,0.7857,27.0286,82.9566,2166395,4,0,122,0.95,6,100,0
2025,West,39,0.3714,27.9525,78.8954,4732945,15,0,929,0.75,387,799,71
2025,Kashmore,39,0,30.7027,60.0777,1316520,60,2,2592,0.35,1976,362,27
2025,Khairpur,39,0,31.8298,53.3914,2908676,53,2,15910,0.5,7173,3035,335
2025,Larkana,39,0,32.4664,52.8564,1842403,48,2,1906,0.5,6906,1765,22
2025,Matiari,39,0,30.1148,63.9783,930873,25,2,1417,0.2,4089,1515,62
2025,Mirpurkhas,39,0.0143,29.6438,65.9514,1820642,16,0,2925,0.5,6566,2999,114
2025,Naushero Feroze,39,0,31.0548,59.9504,1948788,38,2,2945,0.2,1773,1431,184
2025,Sanghar,39,0,30.4876,61.2962,2486760,16,1,10608,0.2,7532,2121,135
2025,Shaheed Benazirabad,39,0,30.3659,64.1912,1949997,30,2,4502,0.5,2746,1783,143
2025,Shikarpur,39,0,32.7686,49.3546,1488188,52,1,2512,0.35,1718,907,163
2025,Sujawal,39,0.0429,28.456,75.2305,945380,,,,,2595,1745,63
2025,Sukkur,39,0,31.6571,53.714,1798882,65,2,5165,0.75,3164,1381,100
2025,Tando Allahyar,39,0.0286,29.484,66.918,1011871,18,0,2343,0.2,5058,1085,31
2025,Tando Muhammad Khan,39,0,29.1892,69.4328,818443,14,2,1733,0.2,2831,1375,104
2025,Tharparkar,39,0,29.9611,62.2472,1994728,56,0,19638,0.35,4282,2203,0
2025,Thatta,39,0.1286,28.2855,76.4434,1184747,10,2,17355,0.35,1883,1056,82
2025,Umerkot,39,0,29.9687,62.0819,1297177,12,0,5608,0.35,3362,1788,0
2025,Barkhan,39,0,28.7795,51.276,206726,1100,0,3514,0.2,147,65,25
2025,Chagai,39,0,31.3816,13.8498,273217,919,0,44748,0.2,57,152,0
2025,Chaman,39,,,,0,1340,0,1341,0.2,24,0,7
2025,Dera Bugti,39,0,29.6609,56.155,378394,250,0,10160,0.2,68,81,0
2025,Harnai,39,,,,0,,,,,100,246,3
2025,Hub,39,0.2286,27.5511,79.2712,461810,,,,,140,247,2
2025,Jaffarabad,39,,,,621388,55,1,1643,0.2,845,602,59
2025,Jhal Magsi,39,,,,180130,60,0,3615,0.2,375,350,10
2025,Kachhi (Bolan),39,0,29.4372,43.7009,417079,,,,,33,82,29
2025,Kalat,39,0,21.9306,20.6621,498077,2000,0,7654,0.2,5,2,0
2025,Kech (Turbat),39,,,,1098914,,,,,573,601,1
2025,Kharan,39,0,31.8964,14.415,188592,700,0,14958,0.2,44,214,0
2025,Khuzdar,39,0.5143,27.9464,42.5644,969559,1237,0,35380,0.2,82,185,0
2025,Killa Abdullah,39,0,26.7204,13.2692,915157,1500,0,3553,0.2,23,250,13
2025,Killa Saifullah,39,0,25.4793,16.5323,413453,1500,0,6831,0.2,264,267,10
2025,Kohlu,39,0,27.2047,53.3399,258710,1000,0,7610,0.2,90,164,3
2025,Lasbella,39,0.9286,26.274,85.9094,697550,,,,,460,514,7
2025,Loralai,39,0,25.4594,30.8717,479944,1400,0,3785,0.2,56,262,0
2025,Mastung,39,0,23.9161,17.6893,321574,1700,0,3308,0.2,86,177,2
2025,Naseerabad,39,0,33.592,47.5181,592374,,,,,154,334,60
2025,Nushki,39,0,29.2595,14.514,0,900,0,5797,0.2,10,164,0
2025,Panjgur,39,0,28.7412,40.1992,382021,900,0,16891,0.2,257,102,0
2025,Pishin,39,0,24.1307,16.6026,889769,1550,0,6218,0.2,47,460,8
2025,Quetta,39,0,24.1212,18.1929,2751515,1680,0,3447,0.75,26,540,0
2025,Sibi,39,0,33.2123,46.3164,163205,130,0,7121,0.2,228,542,2
2025,Sohbat pur,39,0,33.0648,48.8492,241785,,,,,97,240,14
2025,Surab,39,0,23.1392,19.8303,0,,,,,1,14,0
2025,Usta Muhammad,39,0,31.1695,60.8593,314321,,,,,192,707,31
2025,Washuk,39,0,25.5137,32.0672,212771,700,0,33093,0.2,63,62,2
2025,Zhob,39,0,25.7646,40.6245,374767,1400,0,20297,0.2,43,51,0
2025,Ziarat,39,,,,0,2400,0,3301,0.2,53,61,7
2025,Abbottabad,39,0.4714,23.77,57.4104,1611498,1256,0,1967,0.75,122,1286,21
2025,Bajaur,39,0.0286,22.7732,46.9179,1321356,900,0,1290,0.2,482,620,1
2025,Bannu,39,0.2143,29.8806,50.9607,1410816,312,1,1227,0.2,1717,1038,69
2025,Battagram,39,0.3714,22.4445,65.2962,575449,1036,0,1301,0.2,197,472,0
2025,Buner,39,0.3714,24.4797,66.9912,1084406,700,0,1865,0.35,212,354,8
2025,Charsadda,39,2.5857,26.6448,71.9088,1953624,300,2,996,0.2,571,2234,37
2025,Chitral Lower,39,0.0143,20.9396,48.9268,336081,1500,1,6458,0.35,38,694,7
2025,Chitral Upper,39,0.0143,20.9396,48.9268,204308,2500,1,8392,0.2,11,203,14
2025,D.I. Khan,39,0,30.1201,67.2962,2050338,,,,,1466,2251,0
2025,Dir Lower,39,0.5857,28.6375,61.6696,1734809,800,1,1583,0.35,202,1827,6
2025,Dir Upper,39,0.0286,19.4827,56.7326,1143644,1200,1,3699,0.35,21,1595,11
2025,Hangu,39,0.7429,25.8937,52.8677,627433,900,0,1097,0.2,156,382,12
2025,Haripur,39,0.7286,25.3372,70.7964,1212553,605,2,1725,0.65,2,1316,10
2025,Karak,39,0.3571,29.7964,46.8238,853502,500,0,3372,0.2,373,679,7
2025,Khyber,39,0.0143,26.4034,51.4882,1193210,1000,0,2576,0.2,774,836,133
2025,Kohat,39,0.2,29.0796,48.1121,1200463,500,0,2545,0.65,428,865,18
2025,Kohistan Lower,39,0.2714,4.5184,64.9711,244203,1500,2,1200,0.2,1,120,0
2025,Kohistan Upper,39,0.2714,4.5184,64.9711,369931,2500,2,4000,0.2,78,395,7
2025,Kolai Palas,39,0.2714,4.5184,64.9711,331246,,,,,12,116,4
2025,L & C Kurram,39,0.5286,15.0762,66.3635,604463,,,,,15,37,0
2025,Lakki Marwat,39,0.3714,29.5992,59.0626,1059019,250,1,3164,0.2,1184,965,14
2025,Malakand,39,0.9714,26.4165,54.5215,870427,700,1,952,0.2,101,1532,6
2025,Mansehra,39,0.5571,22.8722,63.2341,1881089,1000,0,4579,0.2,16,1142,31
2025,Mardan,39,1.5429,26.1005,73.086,2868781,300,0,1632,0.65,432,1452,19
2025,Mohmand,39,0.9714,26.4165,54.5215,563359,600,0,2296,0.2,391,132,5
2025,North Waziristan,39,1.1714,13.5166,59.2119,656447,1000,1,4707,0.2,80,35,19
2025,Nowshera,39,0.5857,28.696,61.682,1835149,280,2,1748,0.65,861,2762,18
2025,Orakzai,39,0.6714,24.8439,52.8297,307067,1200,0,1538,0.2,21,109,0
2025,Peshawar,39,0.3,28.5564,64.0743,5160904,330,0,1257,0.75,81,5047,125
2025,Shangla,39,0.7286,17.9982,57.2778,915157,2000,2,1586,0.35,1127,1230,2
2025,South Waziristan (Lower),39,0,26.5262,48.3966,820861,,,,,66,78,16
2025,South Waziristan (Upper),39,,,,0,,,,,95,79,0
2025,Swabi,39,0.6,25.8313,72.5947,1963296,340,2,1543,0.65,175,1467,64
2025,Swat,39,0.3571,23.159,65.3212,2791410,980,1,5337,0.35,111,3271,35
2025,Tank,39,0,30.2904,54.7517,472690,250,0,1679,0.2,334,665,1
2025,Tor Ghar,39,0.6143,25.8951,71.0508,206726,,,,,102,109,26
2025,Upper Kurram,39,0.5286,15.0762,66.3635,748325,,,,,27,212,10
2025,Badin,40,3.6857,28.435,78.2997,2182111,9,1,6726,0.35,4327,2354,252
2025,Dadu,40,0.0143,30.7096,62.2434,1873835,40,2,19070,0.35,4005,2501,125
2025,Ghotki,40,0.0143,31.2454,56.7592,1989892,72,1,6083,0.35,5806,1211,78
2025,Hyderabad,40,1.7714,30.1196,67.688,2659637,20,2,993,0.75,1185,1553,83
2025,Jacobabad,40,0,32.7765,45.2435,1216179,55,0,2686,0.35,1052,739,165
2025,Jamshoro,40,0.8571,30.0382,68.01,1200463,33,2,11204,0.35,3219,1793,143
2025,Kamber,40,0.0143,33.4988,45.1583,1621170,50,0,5599,0.2,3230,1547,27
2025,Central,40,3.4857,29.6419,70.5615,3591719,10,0,69,0.95,40,1176,18
2025,East,40,3.9714,29.1492,74.598,3514347,10,0,165,0.95,61,297,0
2025,Keamari,40,2.3857,29.7683,71.2507,2215961,2,0,559,0.2,11,638,0
2025,Korangi,40,2.9,29.632,71.7966,2970331,8,0,95,0.2,115,386,0
2025,Malir,40,2.7286,29.1735,73.7716,2428732,20,0,2268,0.75,143,1277,2
2025,South,40,0.6857,29.0917,70.3919,2166395,4,0,122,0.95,6,84,0
2025,West,40,2.5143,29.7281,71.3935,4732945,15,0,929,0.75,301,802,21
2025,Kashmore,40,0,31.3096,55.3044,1316520,60,2,2592,0.35,2194,335,3
2025,Khairpur,40,0.3571,32.8983,50.1066,2908676,53,2,15910,0.5,6690,2790,135
2025,Larkana,40,0.0429,33.519,45.7695,1842403,48,2,1906,0.5,5508,1401,13
2025,Matiari,40,0.5857,30.307,66.1033,930873,25,2,1417,0.2,3184,1211,61
2025,Mirpurkhas,40,1.8857,29.975,67.0224,1820642,16,0,2925,0.5,5970,2493,28
2025,Naushero Feroze,40,0.0429,32.017,55.5074,1948788,38,2,2945,0.2,2074,1335,21
2025,Sanghar,40,1.3429,29.9572,68.7766,2486760,16,1,10608,0.2,6261,1898,973
2025,Shaheed Benazirabad,40,0.4714,30.8641,62.33,1949997,30,2,4502,0.5,2520,1574,47
2025,Shikarpur,40,0,33.4433,44.757,1488188,52,1,2512,0.35,1336,738,90
2025,Sujawal,40,4.7857,28.6637,77.4017,945380,,,,,1200,2838,50
2025,Sukkur,40,0.0143,32.5509,50.6831,1798882,65,2,5165,0.75,2885,1322,63
2025,Tando Allahyar,40,0.9571,29.6119,69.6877,1011871,18,0,2343,0.2,3724,1324,205
2025,Tando Muhammad Khan,40,2.8,29.3618,72.1852,818443,14,2,1733,0.2,2089,1289,54
2025,Tharparkar,40,2.7,28.6811,75.499,1994728,56,0,19638,0.35,3551,1922,38
2025,Thatta,40,3.7286,28.8018,76.1334,1184747,10,2,17355,0.35,1402,1118,110
2025,Umerkot,40,0.9,29.7589,68.7958,1297177,12,0,5608,0.35,3058,1687,44
2025,Barkhan,40,1.0714,27.9792,40.411,206726,1100,0,3514,0.2,113,84,33
2025,Chagai,40,0,28.0515,12.0817,273217,919,0,44748,0.2,37,147,0
2025,Dera Bugti,40,1.0857,29.7752,46.5951,378394,250,0,10160,0.2,79,86,0
2025,Gwadar,40,0,27.8375,85.0772,317947,12,0,12637,0.35,0,13,2
2025,Harnai,40,,,,0,,,,,82,234,2
2025,Hub,40,1.3429,29.1883,70.6579,461810,,,,,191,205,2
2025,Jaffarabad,40,,,,621388,55,1,1643,0.2,745,514,52
2025,Jhal Magsi,40,,,,180130,60,0,3615,0.2,206,253,9
2025,Kachhi (Bolan),40,0,28.8164,31.6029,417079,,,,,227,275,29
2025,Kalat,40,0,20.0598,22.9905,498077,2000,0,7654,0.2,11,11,0
2025,Kharan,40,0,29.0738,12.1348,188592,700,0,14958,0.2,39,193,0
2025,Khuzdar,40,0,25.5916,40.0289,969559,1237,0,35380,0.2,49,89,1
2025,Killa Abdullah,40,0,24.0585,10.6517,915157,1500,0,3553,0.2,9,230,2
2025,Killa Saifullah,40,0,23.5755,27.7245,413453,1500,0,6831,0.2,192,129,0
2025,Kohlu,40,0.8143,25.9401,43.4581,258710,1000,0,7610,0.2,94,165,26
2025,Lasbella,40,0.1714,29.5424,65.4988,697550,,,,,544,406,4
2025,Loralai,40,0.0143,23.9124,37.0343,479944,1400,0,3785,0.2,52,245,2
2025,Mastung,40,0,21.353,29.905,321574,1700,0,3308,0.2,48,100,0
2025,MusaKhel,40,0.1143,24.365,42.9771,201891,,,,,239,139,1
2025,Naseerabad,40,0.0143,33.764,42.5086,592374,,,,,122,279,94
2025,Nushki,40,0,26.5833,13.8261,0,900,0,5797,0.2,10,155,0
2025,Panjgur,40,0,27.1537,23.7377,382021,900,0,16891,0.2,151,93,0
2025,Pishin,40,0,21.7242,25.0349,889769,1550,0,6218,0.2,31,416,0
2025,Quetta,40,0,21.667,30.6473,2751515,1680,0,3447,0.75,14,476,0
2025,Sibi,40,0,32.6891,37.4057,163205,130,0,7121,0.2,251,420,2
2025,Sohbat pur,40,0,33.2967,44.1758,241785,,,,,110,300,13
2025,Usta Muhammad,40,0,31.649,50.2418,314321,,,,,171,816,16
2025,Zhob,40,0,24.2861,36.8871,374767,1400,0,20297,0.2,47,76,0
2025,Ziarat,40,,,,0,2400,0,3301,0.2,43,74,23
2025,Abbottabad,40,2.6714,21.4087,58.7859,1611498,1256,0,1967,0.75,3,1035,9
2025,Bajaur,40,1.7143,19.9884,52.1313,1321356,900,0,1290,0.2,341,561,3
2025,Bannu,40,3.0714,27.672,55.1417,1410816,312,1,1227,0.2,1437,982,5
2025,Battagram,40,2.3857,20.1144,66.3392,575449,1036,0,1301,0.2,158,396,2
2025,Buner,40,0.3286,22.3497,65.6715,1084406,700,0,1865,0.35,234,303,0
2025,Charsadda,40,4.0571,24.2412,72.289,1953624,300,2,996,0.2,479,2188,99
2025,Chitral Lower,40,1.1714,18.0577,52.8413,336081,1500,1,6458,0.35,34,506,2
2025,Chitral Upper,40,1.1714,18.0577,52.8413,204308,2500,1,8392,0.2,9,170,0
2025,D.I. Khan,40,1.0286,28.6743,62.2313,2050338,,,,,1347,2028,0
2025,Dir Lower,40,3.4714,25.6744,69.3319,1734809,800,1,1583,0.35,157,1628,22
2025,Dir Upper,40,0.8143,17.1899,59.925,1143644,1200,1,3699,0.35,15,1507,0
2025,Hangu,40,3.0571,23.5836,58.2296,627433,900,0,1097,0.2,112,280,17
2025,Haripur,40,2.3571,23.367,71.3602,1212553,605,2,1725,0.65,10,1076,46
2025,Karak,40,1.4,27.0301,52.7518,853502,500,0,3372,0.2,273,639,2
2025,Khyber,40,2.4143,23.6305,58.6334,1193210,1000,0,2576,0.2,594,647,0
2025,Kohat,40,2.4714,26.4215,54.2221,1200463,500,0,2545,0.65,341,787,3
2025,Kohistan Lower,40,0.0429,1.3841,71.873,244203,1500,2,1200,0.2,6,187,1
2025,Kohistan Upper,40,0.0429,1.3841,71.873,369931,2500,2,4000,0.2,48,235,0
2025,Kolai Palas,40,0.0429,1.3841,71.873,331246,,,,,0,53,0
2025,L & C Kurram,40,0.9143,13.1086,68.1837,604463,,,,,1,17,0
2025,Lakki Marwat,40,1.7143,27.7653,59.4387,1059019,250,1,3164,0.2,974,1002,14
2025,Malakand,40,4.2571,24.0269,56.6419,870427,700,1,952,0.2,96,1045,0
2025,Mansehra,40,1.8429,20.671,63.8696,1881089,1000,0,4579,0.2,24,788,45
2025,Mardan,40,4.5143,23.9719,72.6425,2868781,300,0,1632,0.65,384,1276,32
2025,Mohmand,40,4.2571,24.0269,56.6419,563359,600,0,2296,0.2,296,117,1
2025,North Waziristan,40,3.1429,11.1687,61.4109,656447,1000,1,4707,0.2,93,42,14
2025,Nowshera,40,3.4714,25.7329,69.3424,1835149,280,2,1748,0.65,739,2309,14
2025,Orakzai,40,2.5429,22.4903,58.0011,307067,1200,0,1538,0.2,50,82,0
2025,Peshawar,40,1.8143,25.8743,67.073,5160904,330,0,1257,0.75,65,4514,108
2025,Shangla,40,5.8429,14.8428,61.0113,915157,2000,2,1586,0.35,755,1099,5
2025,South Waziristan (Lower),40,0.0143,24.7694,51.3844,820861,,,,,57,133,2
2025,South Waziristan (Upper),40,,,,0,,,,,85,64,0
2025,Swabi,40,4.9429,23.8616,71.7846,1963296,340,2,1543,0.65,171,1352,56
2025,Swat,40,1.4857,20.9796,63.7842,2791410,980,1,5337,0.35,143,2647,94
2025,Tank,40,1.3286,28.4999,54.7621,472690,250,0,1679,0.2,413,659,0
2025,Tor Ghar,40,1.9714,23.8412,72.8066,206726,,,,,90,87,0
2025,Upper Kurram,40,0.9143,13.1086,68.1837,748325,,,,,18,146,1
2025,Badin,41,0.0286,26.5356,64.0312,2182111,9,1,6726,0.35,5147,2423,95
2025,Dadu,41,0,26.759,53.5925,1873835,40,2,19070,0.35,5874,3391,422
2025,Ghotki,41,0,26.6525,53.9411,1989892,72,1,6083,0.35,6999,1293,238
2025,Hyderabad,41,0,28.5253,46.303,2659637,20,2,993,0.75,2254,2769,50
2025,Jacobabad,41,0,27.9479,43.47,1216179,55,0,2686,0.35,1766,766,185
2025,Jamshoro,41,0,28.1019,47.4909,1200463,33,2,11204,0.35,5399,1955,118
2025,Kamber,41,0,28.4366,42.5419,1621170,50,0,5599,0.2,5599,1904,168
2025,Central,41,0.0857,28.0309,60.9394,3591719,10,0,69,0.95,54,1107,13
2025,East,41,0,27.4825,65.1742,3514347,10,0,165,0.95,81,294,2
2025,Keamari,41,0.1429,27.9138,64.5391,2215961,2,0,559,0.2,17,669,0
2025,Korangi,41,0.0286,28.0915,62.5448,2970331,8,0,95,0.2,105,414,0
2025,Malir,41,0,27.5193,63.6568,2428732,20,0,2268,0.75,119,1177,35
2025,South,41,0.1571,26.336,64.6932,2166395,4,0,122,0.95,9,107,0
2025,West,41,0.1429,27.5965,65.2716,4732945,15,0,929,0.75,287,817,72
2025,Kashmore,41,0.0571,26.2822,55.9836,1316520,60,2,2592,0.35,2189,306,80
2025,Khairpur,41,0,28.2138,42.9493,2908676,53,2,15910,0.5,9737,3314,295
2025,Larkana,41,0,28.8339,40.7802,1842403,48,2,1906,0.5,8084,1889,38
2025,Matiari,41,0,28.2442,45.9381,930873,25,2,1417,0.2,5938,1815,58
2025,Mirpurkhas,41,0,27.7482,50.888,1820642,16,0,2925,0.5,6166,3017,96
2025,Naushero Feroze,41,0,27.756,46.1347,1948788,38,2,2945,0.2,2434,1526,219
2025,Sanghar,41,0,28.1733,50.6758,2486760,16,1,10608,0.2,8099,2307,192
2025,Shaheed Benazirabad,41,0,27.3013,49.4816,1949997,30,2,4502,0.5,4687,1835,114
2025,Shikarpur,41,0,28.7248,39.4689,1488188,52,1,2512,0.35,4095,1348,266
2025,Sujawal,41,0,26.9227,65.8683,945380,,,,,1518,1539,37
2025,Sukkur,41,0,28.1678,44.0514,1798882,65,2,5165,0.75,4877,1476,72
2025,Tando Allahyar,41,0,27.8697,49.3578,1011871,18,0,2343,0.2,5541,1456,44
2025,Tando Muhammad Khan,41,0,27.5764,55.3799,818443,14,2,1733,0.2,2003,1560,81
2025,Tharparkar,41,0.1,27.0963,59.5271,1994728,56,0,19638,0.35,3910,2110,2
2025,Thatta,41,0,27.009,65.2366,1184747,10,2,17355,0.35,2288,1410,95
2025,Umerkot,41,0.0286,27.7845,52.1506,1297177,12,0,5608,0.35,2945,1737,0
2025,Barkhan,41,0,21.7244,50.5286,206726,1100,0,3514,0.2,109,87,17
2025,Chagai,41,0,22.9003,12.1425,273217,919,0,44748,0.2,62,169,0
2025,Chaman,41,,,,0,1340,0,1341,0.2,11,23,6
2025,Dera Bugti,41,0,24.024,52.9749,378394,250,0,10160,0.2,50,42,0
2025,Harnai,41,,,,0,,,,,89,242,1
2025,Hub,41,0,26.6505,65.042,461810,,,,,59,157,1
2025,Jaffarabad,41,,,,621388,55,1,1643,0.2,911,518,95
2025,Jhal Magsi,41,,,,180130,60,0,3615,0.2,147,172,6
2025,Kachhi (Bolan),41,0,23.231,32.5409,417079,,,,,166,187,40
2025,Kalat,41,0,14.4071,20.9176,498077,2000,0,7654,0.2,0,0,0
2025,Kharan,41,0,23.45,17.098,188592,700,0,14958,0.2,41,179,0
2025,Khuzdar,41,0,20.4934,34.6959,969559,1237,0,35380,0.2,76,90,0
2025,Killa Abdullah,41,0,18.6201,12.2732,915157,1500,0,3553,0.2,19,246,14
2025,Killa Saifullah,41,0,17.9773,23.2689,413453,1500,0,6831,0.2,193,139,0
2025,Kohlu,41,0.0571,20.4038,49.8314,258710,1000,0,7610,0.2,95,143,1
2025,Lasbella,41,0.0429,25.6707,68.1699,697550,,,,,686,390,13
2025,Loralai,41,0,18.2627,35.4362,479944,1400,0,3785,0.2,58,252,0
2025,Mastung,41,0,15.7956,20.3217,321574,1700,0,3308,0.2,77,119,0
2025,Naseerabad,41,0,28.912,39.3751,592374,,,,,154,312,100
2025,Nushki,41,0,20.9913,14.775,0,900,0,5797,0.2,9,173,0
2025,Panjgur,41,0,22.468,40.7853,382021,900,0,16891,0.2,87,62,0
2025,Pishin,41,0,15.9706,20.4331,889769,1550,0,6218,0.2,31,383,11
2025,Quetta,41,0,16.09,22.4936,2751515,1680,0,3447,0.75,19,420,0
2025,Sibi,41,0,27.2563,35.4467,163205,130,0,7121,0.2,231,364,0
2025,Sohbat pur,41,0,28.5166,40.5254,241785,,,,,130,265,6
2025,Surab,41,0,14.9883,26.3233,0,,,,,0,28,0
2025,Usta Muhammad,41,0,27.2002,47.883,314321,,,,,241,789,20
2025,Zhob,41,0,18.3087,42.4814,374767,1400,0,20297,0.2,10,33,0
2025,Abbottabad,41,7.3714,16.3718,65.1618,1611498,1256,0,1967,0.75,200,926,12
2025,Bajaur,41,0.5714,15.8226,52.2083,1321356,900,0,1290,0.2,285,560,3
2025,Bannu,41,0.2857,22.2285,54.7774,1410816,312,1,1227,0.2,1749,880,82
2025,Battagram,41,7.8857,15.929,64.0462,575449,1036,0,1301,0.2,128,322,2
2025,Buner,41,3.8,17.9764,68.4406,1084406,700,0,1865,0.35,252,236,5
2025,Charsadda,41,0.8571,20.187,71.6917,1953624,300,2,996,0.2,458,1904,149
2025,Chitral Lower,41,0.8143,14.5797,58.9457,336081,1500,1,6458,0.35,21,475,4
2025,Chitral Upper,41,0.8143,14.5797,58.9457,204308,2500,1,8392,0.2,6,145,11
2025,D.I. Khan,41,0.7286,23.4939,65.5083,2050338,,,,,1048,1898,0
2025,Dir Lower,41,1.8714,21.5185,60.7246,1734809,800,1,1583,0.35,117,1765,27
2025,Dir Upper,41,2.4143,13.597,60.223,1143644,1200,1,3699,0.35,18,1190,13
2025,Hangu,41,1.7,18.8372,56.255,627433,900,0,1097,0.2,146,333,5
2025,Haripur,41,6.1857,19.0464,69.9846,1212553,605,2,1725,0.65,10,939,26
2025,Karak,41,0.4714,21.7622,52.852,853502,500,0,3372,0.2,253,517,4
2025,Khyber,41,0.7,19.2906,54.6953,1193210,1000,0,2576,0.2,687,761,67
2025,Kohat,41,0.2429,22.0876,48.5468,1200463,500,0,2545,0.65,273,680,12
2025,Kohistan Lower,41,0,-4.8376,79.5008,244203,1500,2,1200,0.2,12,131,0
2025,Kohistan Upper,41,0,-4.8376,79.5008,369931,2500,2,4000,0.2,14,311,4
2025,Kolai Palas,41,0,-4.8376,79.5008,331246,,,,,6,91,3
2025,L & C Kurram,41,1.2857,8.7395,68.6757,604463,,,,,0,20,3
2025,Lakki Marwat,41,0.4857,22.4787,60.0243,1059019,250,1,3164,0.2,852,986,12
2025,Malakand,41,1.7143,19.9584,53.763,870427,700,1,952,0.2,46,917,5
2025,Mansehra,41,5.2571,15.8901,67.9589,1881089,1000,0,4579,0.2,11,716,10
2025,Mardan,41,1.1,19.5806,73.9256,2868781,300,0,1632,0.65,311,1371,15
2025,Mohmand,41,1.7143,19.9584,53.763,563359,600,0,2296,0.2,289,96,4
2025,North Waziristan,41,1.3286,6.1029,68.1418,656447,1000,1,4707,0.2,118,39,21
2025,Nowshera,41,1.8714,21.577,60.7371,1835149,280,2,1748,0.65,632,2346,19
2025,Orakzai,41,0.8286,17.5921,57.1428,307067,1200,0,1538,0.2,24,53,0
2025,Peshawar,41,0.9857,21.5763,60.5702,5160904,330,0,1257,0.75,66,4456,78
2025,SD Tank,41,0.3,23.3002,56.0402,604463,,,,,13,22,3
2025,Shangla,41,4.6,10.9672,59.7681,915157,2000,2,1586,0.35,652,1106,24
2025,South Waziristan (Lower),41,0.0571,19.2274,54.5374,820861,,,,,39,107,16
2025,South Waziristan (Upper),41,,,,0,,,,,49,53,0
2025,Swabi,41,4.3143,19.5042,71.8377,1963296,340,2,1543,0.65,131,1255,51
2025,Swat,41,6.3143,17.0459,63.7779,2791410,980,1,5337,0.35,134,2399,55
2025,Tank,41,0.3,23.3002,56.0402,472690,250,0,1679,0.2,237,678,0
2025,Tor Ghar,41,5.2571,19.4823,70.5666,206726,,,,,90,71,2
2025,Upper Kurram,41,1.2857,8.7395,68.6757,748325,,,,,19,182,10
2025,Badin,42,0,26.5362,47.6033,2182111,9,1,6726,0.35,4794,2307,151
2025,Dadu,42,0,26.5194,45.6395,1873835,40,2,19070,0.35,5124,2519,508
2025,Ghotki,42,0,26.9525,48.2139,1989892,72,1,6083,0.35,6132,1107,206
2025,Hyderabad,42,0,29.2378,32.3864,2659637,20,2,993,0.75,2213,2535,49
2025,Jacobabad,42,0,28.553,34.0386,1216179,55,0,2686,0.35,1939,839,159
2025,Jamshoro,42,0,28.6706,33.3073,1200463,33,2,11204,0.35,5849,1778,115
2025,Kamber,42,0,28.9619,30.7051,1621170,50,0,5599,0.2,6502,1799,202
2025,Central,42,0,28.7627,47.9379,3591719,10,0,69,0.95,80,1201,18
2025,East,42,0,28.8349,45.7116,3514347,10,0,165,0.95,55,266,3
2025,Keamari,42,0,28.3778,52.2199,2215961,2,0,559,0.2,13,618,0
2025,Korangi,42,0,29.0844,46.91,2970331,8,0,95,0.2,112,334,0
2025,Malir,42,0,28.655,46.5167,2428732,20,0,2268,0.75,192,1450,63
2025,South,42,0,27.1464,45.1837,2166395,4,0,122,0.95,5,98,0
2025,West,42,0,27.8921,54.9485,4732945,15,0,929,0.75,313,812,61
2025,Kashmore,42,0,26.5768,51.0454,1316520,60,2,2592,0.35,2122,240,95
2025,Khairpur,42,0,28.5703,32.3531,2908676,53,2,15910,0.5,9142,3266,236
2025,Larkana,42,0,29.4146,28.4133,1842403,48,2,1906,0.5,7946,1719,42
2025,Matiari,42,0,28.8121,32.519,930873,25,2,1417,0.2,5335,1628,99
2025,Mirpurkhas,42,0,28.5128,34.6562,1820642,16,0,2925,0.5,5117,2602,156
2025,Naushero Feroze,42,0,28.5501,33.564,1948788,38,2,2945,0.2,2491,1562,193
2025,Sanghar,42,0,28.2757,39.2011,2486760,16,1,10608,0.2,8399,2116,213
2025,Shaheed Benazirabad,42,0,27.9683,38.95,1949997,30,2,4502,0.5,4295,1745,121
2025,Shikarpur,42,0,29.5331,28.4134,1488188,52,1,2512,0.35,3312,1147,165
2025,Sujawal,42,0,26.8301,49.0806,945380,,,,,1396,2058,62
2025,Sukkur,42,0,28.9202,32.2306,1798882,65,2,5165,0.75,4529,1392,57
2025,Tando Allahyar,42,0,28.6736,33.2672,1011871,18,0,2343,0.2,4405,1085,38
2025,Tando Muhammad Khan,42,0,28.1038,37.2375,818443,14,2,1733,0.2,2091,1172,89
2025,Tharparkar,42,0,27.9528,39.4158,1994728,56,0,19638,0.35,3704,1612,2
2025,Thatta,42,0,27.1664,46.2227,1184747,10,2,17355,0.35,2236,1406,67
2025,Umerkot,42,0,28.0812,36.0497,1297177,12,0,5608,0.35,2462,1497,0
2025,Barkhan,42,0,23.6146,34.1999,206726,1100,0,3514,0.2,90,77,31
2025,Chagai,42,0,24.5152,13.8269,273217,919,0,44748,0.2,40,151,0
2025,Dera Bugti,42,0,25.66,37.7323,378394,250,0,10160,0.2,43,32,0
2025,Gwadar,42,0,26.9422,77.5141,317947,12,0,12637,0.35,24,11,2
2025,Harnai,42,,,,0,,,,,74,174,0
2025,Hub,42,0,26.9594,49.9529,461810,,,,,100,173,0
2025,Jaffarabad,42,,,,621388,55,1,1643,0.2,301,327,4
2025,Jhal Magsi,42,,,,180130,60,0,3615,0.2,168,167,0
2025,Kachhi (Bolan),42,0,25.1646,23.6209,417079,,,,,274,271,34
2025,Kalat,42,0,16.7777,22.8546,498077,2000,0,7654,0.2,13,16,0
2025,Kech (Turbat),42,,,,1098914,,,,,700,584,0
2025,Kharan,42,0,25.1684,16.6599,188592,700,0,14958,0.2,60,196,0
2025,Khuzdar,42,0,21.9672,28.6122,969559,1237,0,35380,0.2,6,17,0
2025,Killa Abdullah,42,0,20.8811,12.3911,915157,1500,0,3553,0.2,19,209,14
2025,Kohlu,42,0,22.1136,39.3831,258710,1000,0,7610,0.2,79,131,0
2025,Lasbella,42,0,26.3445,52.021,697550,,,,,680,426,11
2025,Loralai,42,0,20.1427,24.2206,479944,1400,0,3785,0.2,77,245,0
2025,Mastung,42,0,18.1828,19.8205,321574,1700,0,3308,0.2,73,136,1
2025,MusaKhel,42,0,20.2722,37.8436,201891,,,,,158,68,1
2025,Naseerabad,42,0,29.4337,28.9064,592374,,,,,157,326,80
2025,Nushki,42,0,23.1056,15.0882,0,900,0,5797,0.2,6,173,0
2025,Pishin,42,0,18.1715,17.8847,889769,1550,0,6218,0.2,44,448,8
2025,Quetta,42,0,18.7179,20.1734,2751515,1680,0,3447,0.75,26,525,0
2025,Sibi,42,0,27.2236,27.5807,163205,130,0,7121,0.2,183,361,0
2025,Sohbat pur,42,0,29.0863,30.8847,241785,,,,,129,254,9
2025,Usta Muhammad,42,0,27.2395,36.6805,314321,,,,,222,762,27
2025,Zhob,42,0,20.4048,38.695,374767,1400,0,20297,0.2,14,27,0
2025,Ziarat,42,,,,0,2400,0,3301,0.2,38,70,7
2025,Abbottabad,42,0,19.3301,58.2832,1611498,1256,0,1967,0.75,2,728,65
2025,Bajaur,42,0,18.4824,42.9558,1321356,900,0,1290,0.2,226,633,13
2025,Bannu,42,0,24.6952,51.6019,1410816,312,1,1227,0.2,1652,854,26
2025,Battagram,42,0,18.226,65.3212,575449,1036,0,1301,0.2,151,234,2
2025,Buner,42,0,20.4553,66.223,1084406,700,0,1865,0.35,172,176,0
2025,Charsadda,42,0,22.243,73.7283,1953624,300,2,996,0.2,507,1956,55
2025,Chitral Lower,42,0.3714,18.0666,34.3001,336081,1500,1,6458,0.35,14,466,2
2025,Chitral Upper,42,0.3714,18.0666,34.3001,204308,2500,1,8392,0.2,8,137,0
2025,D.I. Khan,42,0,24.9347,63.8934,2050338,,,,,905,2077,0
2025,Dir Lower,42,0,23.8717,63.51,1734809,800,1,1583,0.35,168,1695,25
2025,Dir Upper,42,0,15.6369,48.526,1143644,1200,1,3699,0.35,21,1087,2
2025,Hangu,42,0,22.042,48.0125,627433,900,0,1097,0.2,127,226,17
2025,Haripur,42,0,21.1015,68.0529,1212553,605,2,1725,0.65,18,992,49
2025,Karak,42,0,24.7857,47.4986,853502,500,0,3372,0.2,339,466,2
2025,Khyber,42,0,22.3243,49.042,1193210,1000,0,2576,0.2,724,753,12
2025,Kohat,42,0,24.6111,47.3398,1200463,500,0,2545,0.65,271,463,27
2025,Kohistan Lower,42,0,-0.3974,55.9147,244203,1500,2,1200,0.2,4,155,0
2025,Kohistan Upper,42,0,-0.3974,55.9147,369931,2500,2,4000,0.2,10,281,19
2025,Kolai Palas,42,0,-0.3974,55.9147,331246,,,,,2,104,0
2025,L & C Kurram,42,0.0286,11.0562,62.8353,604463,,,,,8,13,0
2025,Lakki Marwat,42,0,24.2656,59.4776,1059019,250,1,3164,0.2,823,779,11
2025,Malakand,42,0,22.7448,52.9454,870427,700,1,952,0.2,29,806,0
2025,Mansehra,42,0,18.0689,65.0519,1881089,1000,0,4579,0.2,6,854,26
2025,Mardan,42,0,21.7877,72.7964,2868781,300,0,1632,0.65,222,1038,15
2025,Mohmand,42,0,22.7448,52.9454,563359,600,0,2296,0.2,285,123,9
2025,North Waziristan,42,0.5,10.1309,52.5082,656447,1000,1,4707,0.2,108,24,28
2025,Nowshera,42,0,23.9302,63.5221,1835149,280,2,1748,0.65,482,2524,8
2025,Orakzai,42,0,20.5403,49.4958,307067,1200,0,1538,0.2,20,43,0
2025,Peshawar,42,0,24.4252,61.1154,5160904,330,0,1257,0.75,88,4553,100
2025,Shangla,42,0.0857,14.478,54.0226,915157,2000,2,1586,0.35,543,1212,6
2025,South Waziristan (Lower),42,0,21.6491,46.8314,820861,,,,,69,114,2
2025,South Waziristan (Upper),42,,,,0,,,,,39,55,0
2025,Swabi,42,0,21.4077,68.7796,1963296,340,2,1543,0.65,140,1174,53
2025,Swat,42,0,19.1825,60.8635,2791410,980,1,5337,0.35,128,2160,25
2025,Tank,42,0,24.8636,53.2352,472690,250,0,1679,0.2,353,642,0
2025,Tor Ghar,42,0,21.3659,70.0358,206726,,,,,92,78,0
2025,Upper Kurram,42,0.0286,11.0562,62.8353,748325,,,,,19,148,0
2025,Badin,43,0,27.0782,42.243,2182111,9,1,6726,0.35,5230,2148,165
2025,Dadu,43,0,25.7739,50.1149,1873835,40,2,19070,0.35,5850,2499,372
2025,Ghotki,43,0,26.7043,48.7234,1989892,72,1,6083,0.35,5669,1231,208
2025,Hyderabad,43,0,29.0902,33.3887,2659637,20,2,993,0.75,1795,2410,48
2025,Jacobabad,43,0,27.9581,37.0486,1216179,55,0,2686,0.35,2028,782,188
2025,Jamshoro,43,0,28.5305,33.9737,1200463,33,2,11204,0.35,5925,1778,106
2025,Kamber,43,0,28.5896,32.398,1621170,50,0,5599,0.2,6085,1850,180
2025,Central,43,0,29.8734,33.0091,3591719,10,0,69,0.95,56,1781,30
2025,East,43,0,29.8411,32.3089,3514347,10,0,165,0.95,72,242,2
2025,Keamari,43,0,29.7796,36.4843,2215961,2,0,559,0.2,9,616,0
2025,Korangi,43,0,30.4877,32.0779,2970331,8,0,95,0.2,114,399,0
2025,Malir,43,0,29.4062,33.6802,2428732,20,0,2268,0.75,152,1287,43
2025,South,43,0,28.4417,32.2497,2166395,4,0,122,0.95,12,80,0
2025,West,43,0,29.1096,38.4841,4732945,15,0,929,0.75,264,855,49
2025,Kashmore,43,0,26.3971,50.3348,1316520,60,2,2592,0.35,2083,230,63
2025,Khairpur,43,0,28.4712,33.5037,2908676,53,2,15910,0.5,8402,3018,229
2025,Larkana,43,0,29.0812,29.9232,1842403,48,2,1906,0.5,7841,1596,45
2025,Matiari,43,0,28.9764,31.1673,930873,25,2,1417,0.2,4645,1400,74
2025,Mirpurkhas,43,0,28.9304,31.2484,1820642,16,0,2925,0.5,4794,2365,155
2025,Naushero Feroze,43,0,27.3804,38.8921,1948788,38,2,2945,0.2,2194,1438,191
2025,Sanghar,43,0,26.9034,47.0666,2486760,16,1,10608,0.2,6981,1909,200
2025,Shaheed Benazirabad,43,0,27.932,37.1743,1949997,30,2,4502,0.5,4091,1657,134
2025,Shikarpur,43,0,29.0593,31.5548,1488188,52,1,2512,0.35,3736,1163,211
2025,Sujawal,43,0,27.2503,43.709,945380,,,,,1057,1901,56
2025,Sukkur,43,0,28.6884,34.7294,1798882,65,2,5165,0.75,4820,1219,83
2025,Tando Allahyar,43,0,28.0575,35.0501,1011871,18,0,2343,0.2,3741,910,56
2025,Tando Muhammad Khan,43,0,28.866,31.2365,818443,14,2,1733,0.2,1425,770,82
2025,Tharparkar,43,0,28.6695,34.4992,1994728,56,0,19638,0.35,3152,1746,3
2025,Thatta,43,0,27.3033,42.1825,1184747,10,2,17355,0.35,3072,1484,112
2025,Umerkot,43,0,27.7155,37.47,1297177,12,0,5608,0.35,2708,1416,0
2025,Barkhan,43,0,23.1408,35.9685,206726,1100,0,3514,0.2,79,90,14
2025,Chagai,43,0,23.7188,16.7922,273217,919,0,44748,0.2,72,221,0
2025,Dera Bugti,43,0,25.2309,40.4825,378394,250,0,10160,0.2,45,41,0
2025,Gwadar,43,0,26.8202,85.4915,317947,12,0,12637,0.35,207,294,2
2025,Harnai,43,,,,0,,,,,83,195,1
2025,Hub,43,0,27.538,37.1313,461810,,,,,193,166,4
2025,Jaffarabad,43,,,,621388,55,1,1643,0.2,374,379,10
2025,Jhal Magsi,43,,,,180130,60,0,3615,0.2,295,224,12
2025,Kachhi (Bolan),43,0,24.3887,25.9235,417079,,,,,253,289,12
2025,Kalat,43,0,15.2893,25.1291,498077,2000,0,7654,0.2,16,38,0
2025,Kech (Turbat),43,,,,1098914,,,,,277,199,0
2025,Kharan,43,0,24.339,15.7096,188592,700,0,14958,0.2,53,196,0
2025,Khuzdar,43,0,21.2434,28.9656,969559,1237,0,35380,0.2,40,289,0
2025,Killa Abdullah,43,0,19.8439,15.717,915157,1500,0,3553,0.2,18,218,8
2025,Killa Saifullah,43,0,18.671,23.9609,413453,1500,0,6831,0.2,235,254,0
2025,Kohlu,43,0,21.2776,39.0719,258710,1000,0,7610,0.2,35,40,0
2025,Lasbella,43,0,27.8124,35.9829,697550,,,,,700,366,14
2025,Loralai,43,0,19.0627,29.2803,479944,1400,0,3785,0.2,70,263,0
2025,Mastung,43,0,17.1872,21.5166,321574,1700,0,3308,0.2,42,104,1
2025,MusaKhel,43,0,19.0641,44.1594,201891,,,,,142,61,0
2025,Naseerabad,43,0,28.67,33.3553,592374,,,,,159,324,39
2025,Nushki,43,0,22.4089,16.6692,0,900,0,5797,0.2,13,133,0
2025,Pishin,43,0,17.0956,20.9359,889769,1550,0,6218,0.2,49,380,1
2025,Quetta,43,0,17.3108,23.6004,2751515,1680,0,3447,0.75,27,452,1
2025,Sibi,43,0,26.5105,31.1199,163205,130,0,7121,0.2,228,241,0
2025,Sohbat pur,43,0,28.3012,34.7885,241785,,,,,114,180,2
2025,Surab,43,0,15.6619,28.0537,0,,,,,0,6,0
2025,Usta Muhammad,43,0,26.7651,40.2498,314321,,,,,218,730,27
2025,Zhob,43,0,18.8819,41.7243,374767,1400,0,20297,0.2,22,32,0
2025,Abbottabad,43,0.0286,18.4801,45.8736,1611498,1256,0,1967,0.75,263,822,41
2025,Bajaur,43,0,17.272,38.9789,1321356,900,0,1290,0.2,258,762,11
2025,Bannu,43,0,23.4797,46.3627,1410816,312,1,1227,0.2,1471,948,6
2025,Battagram,43,0,16.7037,55.1973,575449,1036,0,1301,0.2,30,60,10
2025,Buner,43,0,19.486,54.8025,1084406,700,0,1865,0.35,157,158,0
2025,Charsadda,43,0,20.698,72.5234,1953624,300,2,996,0.2,529,1930,76
2025,Chitral Lower,43,0.4,14.7321,44.6428,336081,1500,1,6458,0.35,18,563,9
2025,Chitral Upper,43,0.4,14.7321,44.6428,204308,2500,1,8392,0.2,6,116,10
2025,D.I. Khan,43,0,24.1582,62.0206,2050338,,,,,881,2061,0
2025,Dir Lower,43,0,22.7101,54.9922,1734809,800,1,1583,0.35,157,1800,5
2025,Dir Upper,43,0,13.8741,49.0982,1143644,1200,1,3699,0.35,21,937,1
2025,Hangu,43,0,20.8098,38.4379,627433,900,0,1097,0.2,135,297,0
2025,Haripur,43,0,20.0048,58.8507,1212553,605,2,1725,0.65,21,875,3
2025,Karak,43,0,23.983,39.843,853502,500,0,3372,0.2,297,616,0
2025,Khyber,43,0,21.0308,38.5252,1193210,1000,0,2576,0.2,540,698,92
2025,Kohat,43,0,23.7433,37.6934,1200463,500,0,2545,0.65,282,411,0
2025,Kohistan Lower,43,0,-2.3802,64.477,244203,1500,2,1200,0.2,2,136,0
2025,Kohistan Upper,43,0,-2.3802,64.477,369931,2500,2,4000,0.2,96,299,0
2025,Kolai Palas,43,0,-2.3802,64.477,331246,,,,,7,72,3
2025,L & C Kurram,43,0.4,9.1592,56.0956,604463,,,,,0,7,3
2025,Lakki Marwat,43,0,22.7343,57.4578,1059019,250,1,3164,0.2,638,689,0
2025,Malakand,43,0,21.9977,39.5671,870427,700,1,952,0.2,41,611,0
2025,Mansehra,43,0.1571,16.9353,54.0046,1881089,1000,0,4579,0.2,6,918,0
2025,Mardan,43,0,20.1841,70.0025,2868781,300,0,1632,0.65,175,1231,64
2025,Mohmand,43,0,21.9977,39.5671,563359,600,0,2296,0.2,285,97,169
2025,North Waziristan,43,1.6571,7.2756,52.8147,656447,1000,1,4707,0.2,118,24,13
2025,Nowshera,43,0,22.7686,55.0062,1835149,280,2,1748,0.65,482,2524,11
2025,Orakzai,43,0.0143,19.3686,40.0982,307067,1200,0,1538,0.2,13,43,0
2025,Peshawar,43,0,23.1731,53.866,5160904,330,0,1257,0.75,59,4456,1
2025,SD Tank,43,0,23.8598,48.7791,604463,,,,,13,22,0
2025,Shangla,43,0.1143,12.817,42.8301,915157,2000,2,1586,0.35,543,1212,0
2025,South Waziristan (Lower),43,0,20.3125,42.8066,820861,,,,,69,114,34
2025,South Waziristan (Upper),43,,,,0,,,,,39,55,15
2025,Swabi,43,0,20.2631,64.4381,1963296,340,2,1543,0.65,140,1174,46
2025,Swat,43,0.0143,18.0331,52.4166,2791410,980,1,5337,0.35,128,2160,2
2025,Tank,43,0,23.8598,48.7791,472690,250,0,1679,0.2,353,642,0
2025,Tor Ghar,43,0,20.4284,62.2582,206726,,,,,92,78,22
2025,Upper Kurram,43,0.4,9.1592,56.0956,748325,,,,,19,148,38
2025,Badin,44,0,27.696,53.4292,2182111,9,1,6726,0.35,3394,1925,126
2025,Dadu,44,0,24.637,51.53,1873835,40,2,19070,0.35,5480,2279,440
2025,Ghotki,44,0,25.5823,49.7984,1989892,72,1,6083,0.35,5071,945,154
2025,Hyderabad,44,0,27.7563,38.4933,2659637,20,2,993,0.75,1949,2188,50
2025,Jacobabad,44,0,26.7718,39.3295,1216179,55,0,2686,0.35,2217,706,185
2025,Jamshoro,44,0,27.2861,39.4375,1200463,33,2,11204,0.35,5379,1620,87
2025,Kamber,44,0,27.1973,37.1901,1621170,50,0,5599,0.2,4929,1608,207
2025,Central,44,0,28.8562,34.4416,3591719,10,0,69,0.95,50,1817,50
2025,East,44,0,28.7036,34.482,3514347,10,0,165,0.95,73,193,1
2025,Keamari,44,0,29.04,36.1155,2215961,2,0,559,0.2,16,545,1
2025,Korangi,44,0,29.3237,33.5777,2970331,8,0,95,0.2,184,389,0
2025,Malir,44,0,28.4526,35.2541,2428732,20,0,2268,0.75,89,1002,38
2025,South,44,0,26.9542,38.0833,2166395,4,0,122,0.95,14,93,0
2025,West,44,0,28.4233,37.2768,4732945,15,0,929,0.75,266,822,67
2025,Kashmore,44,0,25.2608,50.621,1316520,60,2,2592,0.35,1954,227,143
2025,Khairpur,44,0,26.8605,40.7915,2908676,53,2,15910,0.5,8017,2783,236
2025,Larkana,44,0,27.7205,35.508,1842403,48,2,1906,0.5,6765,1510,49
2025,Matiari,44,0,27.1954,40.1647,930873,25,2,1417,0.2,4199,1404,67
2025,Mirpurkhas,44,0,28.1482,39.0774,1820642,16,0,2925,0.5,3957,1989,138
2025,Naushero Feroze,44,0,25.7474,44.9799,1948788,38,2,2945,0.2,1890,1307,189
2025,Sanghar,44,0,26.0614,53.5699,2486760,16,1,10608,0.2,6347,1812,229
2025,Shaheed Benazirabad,44,0,26.2462,43.0335,1949997,30,2,4502,0.5,3516,1524,122
2025,Shikarpur,44,0,27.4891,37.1048,1488188,52,1,2512,0.35,3569,1127,173
2025,Sujawal,44,0,27.9137,42.7132,945380,,,,,1443,1497,66
2025,Sukkur,44,0,26.208,45.682,1798882,65,2,5165,0.75,3699,1224,133
2025,Tando Allahyar,44,0,27.2173,42.925,1011871,18,0,2343,0.2,3086,890,34
2025,Tando Muhammad Khan,44,0,28.4957,38.6266,818443,14,2,1733,0.2,1330,907,87
2025,Tharparkar,44,0.0143,27.5478,58.3566,1994728,56,0,19638,0.35,2880,1483,1
2025,Thatta,44,0,27.0605,43.8442,1184747,10,2,17355,0.35,2061,1391,94
2025,Umerkot,44,0,27.6366,52.8407,1297177,12,0,5608,0.35,2471,1309,0
2025,Barkhan,44,0,21.992,40.1352,206726,1100,0,3514,0.2,80,87,25
2025,Chagai,44,0,22.9586,17.9763,273217,919,0,44748,0.2,63,186,0
2025,Dera Bugti,44,0,23.766,45.15,378394,250,0,10160,0.2,45,31,0
2025,Gwadar,44,0,27.5274,74.0591,317947,12,0,12637,0.35,175,302,3
2025,Harnai,44,,,,0,,,,,84,189,0
2025,Hub,44,0,26.7645,39.8742,461810,,,,,151,102,0
2025,Jaffarabad,44,,,,621388,55,1,1643,0.2,988,563,61
2025,Jhal Magsi,44,,,,180130,60,0,3615,0.2,154,143,0
2025,Kachhi (Bolan),44,0,22.9727,27.9695,417079,,,,,323,250,0
2025,Kalat,44,0,14.8622,24.9297,498077,2000,0,7654,0.2,0,0,0
2025,Kech (Turbat),44,,,,1098914,,,,,810,548,0
2025,Kharan,44,0,23.9297,18.3368,188592,700,0,14958,0.2,50,209,0
2025,Khuzdar,44,0,19.8868,29.9442,969559,1237,0,35380,0.2,57,99,0
2025,Killa Abdullah,44,0,19.3549,18.0109,915157,1500,0,3553,0.2,18,198,8
2025,Killa Saifullah,44,0,17.871,23.2788,413453,1500,0,6831,0.2,229,346,0
2025,Kohlu,44,0,20.4338,40.8486,258710,1000,0,7610,0.2,36,37,0
2025,Lasbella,44,0,26.3788,39.7943,697550,,,,,725,352,10
2025,Loralai,44,0,18.7365,28.9955,479944,1400,0,3785,0.2,50,226,3
2025,Mastung,44,0,15.8423,28.912,321574,1700,0,3308,0.2,53,131,0
2025,MusaKhel,44,0,18.5737,39.0784,201891,,,,,217,94,0
2025,Naseerabad,44,0,27.3947,36.9316,592374,,,,,178,335,56
2025,Nushki,44,0,21.6047,20.5828,0,900,0,5797,0.2,1,157,0
2025,Panjgur,44,0,22.8597,23.0617,382021,900,0,16891,0.2,90,56,0
2025,Pishin,44,0,16.3825,23.947,889769,1550,0,6218,0.2,30,241,6
2025,Quetta,44,0,16.4272,27.3567,2751515,1680,0,3447,0.75,27,450,0
2025,Sibi,44,0,25.1328,35.7952,163205,130,0,7121,0.2,270,373,0
2025,Sohbat pur,44,0,27.0384,38.2798,241785,,,,,191,246,1
2025,Surab,44,0,14.9669,28.4471,0,,,,,0,26,0
2025,Usta Muhammad,44,0,25.9005,42.3188,314321,,,,,201,660,24
2025,Zhob,44,0,18.1247,35.0714,374767,1400,0,20297,0.2,18,79,0
2025,Ziarat,44,,,,0,2400,0,3301,0.2,44,85,32
2025,Abbottabad,44,0,17.7554,46.4147,1611498,1256,0,1967,0.75,2,717,11
2025,Bajaur,44,0,16.5134,37.331,1321356,900,0,1290,0.2,300,769,12
2025,Bannu,44,0,22.0532,56.506,1410816,312,1,1227,0.2,1168,881,94
2025,Battagram,44,0,15.7228,54.9952,575449,1036,0,1301,0.2,70,224,0
2025,Buner,44,0,18.4229,57.9444,1084406,700,0,1865,0.35,247,197,4
2025,Charsadda,44,0,19.2614,76.8036,1953624,300,2,996,0.2,462,1796,108
2025,Chitral Lower,44,0.2,14.3714,38.3383,336081,1500,1,6458,0.35,18,578,9
2025,Chitral Upper,44,0.2,14.3714,38.3383,204308,2500,1,8392,0.2,1,85,16
2025,D.I. Khan,44,0,22.874,69.2123,2050338,,,,,871,1919,0
2025,Dir Lower,44,0,21.1845,66.4026,1734809,800,1,1583,0.35,121,1549,27
2025,Dir Upper,44,0,13.1024,47.3317,1143644,1200,1,3699,0.35,26,873,8
2025,Hangu,44,0,19.8803,45.6534,627433,900,0,1097,0.2,158,189,1
2025,Haripur,44,0,18.5342,62.272,1212553,605,2,1725,0.65,19,1014,35
2025,Karak,44,0.0286,22.3673,53.0566,853502,500,0,3372,0.2,357,441,5
2025,Khyber,44,0,19.3073,45.3612,1193210,1000,0,2576,0.2,555,399,55
2025,Kohat,44,0,22.3465,51.8878,1200463,500,0,2545,0.65,289,517,11
2025,Kohistan Lower,44,0,-2.6611,54.6955,244203,1500,2,1200,0.2,9,87,0
2025,Kohistan Upper,44,0,-2.6611,54.6955,369931,2500,2,4000,0.2,30,350,3
2025,Kolai Palas,44,0,-2.6611,54.6955,331246,,,,,1,70,1
2025,L & C Kurram,44,0.2429,8.5696,56.5058,604463,,,,,19,42,9
2025,Lakki Marwat,44,0,21.5808,66.9198,1059019,250,1,3164,0.2,643,690,10
2025,Malakand,44,0,21.0132,43.5717,870427,700,1,952,0.2,52,608,7
2025,Mansehra,44,0,15.8633,55.5299,1881089,1000,0,4579,0.2,4,728,1
2025,Mardan,44,0,18.6719,75.0244,2868781,300,0,1632,0.65,158,1175,50
2025,Mohmand,44,0,21.0132,43.5717,563359,600,0,2296,0.2,248,99,2
2025,North Waziristan,44,0.5286,7.5032,45.8613,656447,1000,1,4707,0.2,121,96,25
2025,Nowshera,44,0,21.243,66.414,1835149,280,2,1748,0.65,367,2360,23
2025,Orakzai,44,0.0286,18.5635,46.6869,307067,1200,0,1538,0.2,17,88,0
2025,Peshawar,44,0,21.9183,55.2657,5160904,330,0,1257,0.75,81,4929,43
2025,Shangla,44,0.1143,12.7211,41.3931,915157,2000,2,1586,0.35,534,784,18
2025,South Waziristan (Lower),44,0,19.4024,42.1575,820861,,,,,71,75,22
2025,South Waziristan (Upper),44,,,,0,,,,,18,41,1
2025,Swabi,44,0,19.0182,68.6626,1963296,340,2,1543,0.65,133,939,40
2025,Swat,44,0,17.1373,52.614,2791410,980,1,5337,0.35,100,1993,56
2025,Tank,44,0,22.1809,56.2612,472690,250,0,1679,0.2,313,646,0
2025,Tor Ghar,44,0,18.8793,65.4055,206726,,,,,90,89,0
2025,Upper Kurram,44,0.2429,8.5696,56.5058,748325,,,,,23,184,15
