Year,District,week_index,Avg_rainfall,Avg_Temperature,Avg_Humidity,Population,Elevation_m,River_Status,Area_sq_km,Sanitation_Index,Malaria_cases,AD_cases,Typhoid_cases,Malaria_Risk,AD_Risk,Typhoid_Risk,Malaria_Risk_next_week,AD_Risk_next_week,Typhoid_Risk_next_week,Avg_rainfall_lag1,Avg_rainfall_lag2,Avg_Temperature_lag1,Avg_Temperature_lag2,Avg_Humidity_lag1,Avg_Humidity_lag2,Avg_rainfall_roll3,Avg_rainfall_roll5,Avg_Temperature_roll3,Avg_Temperature_roll5,Avg_Humidity_roll3,Avg_Humidity_roll5,y_true,y_pred
2024,Abbottabad,37,3.0154,22.9028,78.0351,1419072,1256.0,0.0,1967.0,0.75,22,623,37,0.1550308934289451,4.390193027556037,0.2607337753123168,0.1832183285978442,4.911660578,0.1197965994678212,5.7714,12.6444,22.4667,23.5303,85.0025,81.1787,7.1437333333333335,6.30052,22.9666,23.36802,81.40543333333333,82.42382,0.1197965994678212,0.19041541561404426
2024,Abbottabad,38,0.0,24.2828,61.5044,1419072,1256.0,0.0,1967.0,0.75,26,697,17,0.1832183285978442,4.911660578,0.1197965994678212,0.0140937175844495,4.538177062192757,0.077515447,3.0154,5.7714,22.9028,22.4667,78.0351,85.0025,2.928933333333333,4.80338,23.21743333333333,23.40528,74.84733333333334,77.53493999999999,0.077515447,0.12590390128230777
2024,Abbottabad,39,3.6143,23.2851,74.9441,1419072,1256.0,0.0,1967.0,0.75,2,644,11,0.0140937175844495,4.538177062192757,0.077515447,0.1691246110133946,3.819397465385829,0.035234294,0.0,3.0154,24.2828,22.9028,61.5044,78.0351,2.2099,5.009099999999999,23.49023333333333,23.29354,71.49453333333334,76.13296,0.035234294,0.13534744068910062
2024,Abbottabad,40,0.1625,22.4983,57.2492,1419072,1256.0,0.0,1967.0,0.75,24,542,5,0.1691246110133946,3.819397465385829,0.035234294,0.007046859,3.424773373021242,0.070468588,3.6143,0.0,23.2851,24.2828,74.9441,61.5044,1.2589333333333337,2.51272,23.3554,23.08714,64.56590000000001,71.34706,0.070468588,0.11821490604943324
2024,Abbottabad,41,1.1143,19.7137,56.4356,1419072,1256.0,0.0,1967.0,0.75,1,486,10,0.007046859,3.424773373021242,0.070468588,0.0140937175844495,3.1640395977089253,0.1832183285978442,0.1625,3.6143,22.4983,23.2851,57.2492,74.9441,1.6303666666666663,1.5813,21.83236666666667,22.53654,62.87630000000001,65.63368,0.1832183285978442,0.1237448347711661
2024,Abbottabad,42,0.0,20.545,49.9082,1419072,1256.0,0.0,1967.0,0.75,2,449,26,0.0140937175844495,3.1640395977089253,0.1832183285978442,0.0211405763766743,3.079477292202228,0.1620777522211698,1.1143,0.1625,19.7137,22.4983,56.4356,57.2492,0.4256,0.97822,20.919,22.06498,54.531000000000006,60.0083,0.1620777522211698,0.16466838602131492
2024,Abbottabad,43,0.0143,19.9301,54.2137,1419072,1256.0,0.0,1967.0,0.75,3,437,23,0.0211405763766743,3.079477292202228,0.1620777522211698,0.0211405763766743,2.536869165,0.1409371758444955,0.0,1.1143,20.545,19.7137,49.9082,56.4356,0.3762,0.98108,20.062933333333334,21.19444,53.51916666666667,58.550160000000005,0.1409371758444955,0.16987806367426456
2024,Abbottabad,44,0.0143,19.3384,60.4715,1419072,1256.0,0.0,1967.0,0.75,3,360,20,0.0211405763766743,2.536869165,0.1409371758444955,0.0,0.0,0.0,0.0143,0.0,19.9301,20.545,54.2137,49.9082,0.009533333,0.26108,19.937833333333334,20.4051,54.864466666666665,55.655640000000005,0.0,0.07989338836432908
2025,Abbottabad,37,1.0714,23.572,79.8149,1611498,1256.0,0.0,1967.0,0.75,135,1381,16,0.8377298637665079,8.569666236011463,0.099286502,0.006205406,7.657471495465709,0.1365189407619494,6.3143,15.7571,22.0524,22.8968,82.8205,85.0062,7.714266666666667,6.182840000000001,22.8404,23.42996,82.54719999999999,83.37986,0.1365189407619494,0.1337033096084549
2025,Abbottabad,38,1.8571,23.2765,71.7492,1611498,1256.0,0.0,1967.0,0.75,1,1234,22,0.006205406,7.657471495465709,0.1365189407619494,0.7570595805889923,7.980152628175771,0.130313534,1.0714,6.3143,23.572,22.0524,79.8149,82.8205,3.0809333333333337,5.974259999999999,22.966966666666668,23.24496,78.12819999999999,81.22084,0.130313534,0.1634604526291078
2025,Abbottabad,39,0.4714,23.77,57.4104,1611498,1256.0,0.0,1967.0,0.75,122,1286,21,0.7570595805889923,7.980152628175771,0.130313534,0.018616219,6.422595622209895,0.0558486575844338,1.8571,1.0714,23.2765,23.572,71.7492,79.8149,1.1333,5.09426,23.5395,23.11354,69.65816666666667,75.36024,0.0558486575844338,0.13968842099181966
2025,Abbottabad,40,2.6714,21.4087,58.7859,1611498,1256.0,0.0,1967.0,0.75,3,1035,9,0.018616219,6.422595622209895,0.0558486575844338,1.2410812796540858,5.7462063247984165,0.074464877,0.4714,1.8571,23.77,23.2765,57.4104,71.7492,1.6666333333333334,2.47712,22.8184,22.81592,62.648500000000006,70.11618,0.074464877,0.16571365033961627
2025,Abbottabad,41,7.3714,16.3718,65.1618,1611498,1256.0,0.0,1967.0,0.75,200,926,12,1.2410812796540858,5.7462063247984165,0.074464877,0.0124108127965408,4.517535857940873,0.4033514158875779,2.6714,0.4714,21.4087,23.77,58.7859,57.4104,3.5047333333333337,2.68854,20.51683333333333,21.6798,60.45269999999999,66.58444,0.4033514158875779,0.1155335189864781
2025,Abbottabad,42,0.0,19.3301,58.2832,1611498,1256.0,0.0,1967.0,0.75,2,728,65,0.0124108127965408,4.517535857940873,0.4033514158875779,1.632021882745123,5.100844059378293,0.2544216623290876,7.3714,2.6714,16.3718,21.4087,65.1618,58.7859,3.3476,2.47426,19.03686666666667,20.83142,60.74363333333333,62.2781,0.2544216623290876,0.27979505792478065
2024,Badin,37,1.2385,28.6327,75.2012,1947081,9.0,1.0,6726.0,0.35,7701,3929,68,39.55151326524166,20.17892425,0.3492407352339219,32.73104714184977,16.311596692690237,0.4211432395467882,2.3,26.7,28.4877,28.0245,78.572,81.7304,10.0795,7.010560000000001,28.381633333333337,29.07452,78.5012,75.96986000000001,0.4211432395467882,0.41183454681224085
2024,Badin,38,0.0,29.4948,69.5094,1947081,9.0,1.0,6726.0,0.35,6373,3176,82,32.73104714184977,16.311596692690237,0.4211432395467882,30.73318470058513,13.569029742470908,0.5341328891812924,1.2385,2.3,28.6327,28.4877,75.2012,78.572,1.1795,6.57056,28.87173333333333,29.00916,74.42753333333333,74.98178,0.5341328891812924,0.46523407122792465
2024,Badin,39,0.0286,30.3544,68.591,1947081,9.0,1.0,6726.0,0.35,5984,2642,104,30.73318470058513,13.569029742470908,0.5341328891812924,17.143611385453404,11.935815715935805,0.3646484147295361,0.0,1.2385,29.4948,28.6327,69.5094,75.2012,0.4223666666666666,6.05342,29.493966666666665,28.99882,71.10053333333333,74.7208,0.3646484147295361,0.5630320580105284
2024,Badin,40,0.0,29.873,68.1367,1947081,9.0,1.0,6726.0,0.35,3338,2324,71,17.143611385453404,11.935815715935805,0.3646484147295361,21.591294866520705,11.761195348318845,0.4211432395467882,0.0286,0.0,30.3544,29.4948,68.591,69.5094,0.009533333,0.7134199999999999,29.9074,29.36852,68.7457,72.00206,0.4211432395467882,0.40847172053127045
2024,Badin,41,0.0,30.4195,51.2197,1947081,9.0,1.0,6726.0,0.35,4204,2290,82,21.591294866520705,11.761195348318845,0.4211432395467882,22.505483849927145,12.870548272003065,0.4519585985380166,0.0,0.0286,29.873,30.3544,68.1367,68.591,0.009533333,0.25342,30.215633333333333,29.75488,62.64913333333334,66.5316,0.4519585985380166,0.486856992435308
2024,Badin,42,0.0571,30.3439,58.358,1947081,9.0,1.0,6726.0,0.35,4382,2506,88,22.505483849927145,12.870548272003065,0.4519585985380166,17.251465141922704,9.968768634,0.5854918208333397,0.0,0.0,30.4195,29.873,51.2197,68.1367,0.0190333333333333,0.01714,30.212133333333338,30.09712,59.23813333333334,63.16296,0.5854918208333397,0.4867825072263858
2024,Badin,43,0.0,29.6987,51.6898,1947081,9.0,1.0,6726.0,0.35,3359,1941,114,17.251465141922704,9.968768634,0.5854918208333397,15.346048777631747,10.266650437244264,0.2054357266081893,0.0571,0.0,30.3439,30.4195,58.358,51.2197,0.0190333333333333,0.01714,30.15403333333333,30.1379,53.75583333333333,59.59904,0.2054357266081893,0.5620841635685366
2024,Badin,44,0.0,27.9094,55.6604,1947081,9.0,1.0,6726.0,0.35,2988,1999,40,15.346048777631747,10.266650437244264,0.2054357266081893,12.739956858289975,13.90855002334895,0.2566322244835391,0.0,0.0571,29.6987,30.3439,51.6898,58.358,0.0190333333333333,0.01142,29.31733333333333,29.648900000000005,55.236066666666666,57.01292,0.2566322244835391,0.3510777859877094
2025,Badin,37,16.7857,27.2097,82.9644,2182111,9.0,1.0,6726.0,0.35,5702,3222,202,26.13065971,14.765518344392197,0.9257090954584803,29.242325436240414,15.819543552092446,0.7515658002732216,3.6429,16.9143,29.2401,29.1689,74.8412,83.393,12.447633333333334,7.77714,28.53956666666667,29.0824,80.39953333333334,76.58524,0.7515658002732216,0.6817207337805977
2025,Badin,38,0.0429,28.3002,76.7926,2182111,9.0,1.0,6726.0,0.35,6381,3452,164,29.242325436240414,15.819543552092446,0.7515658002732216,25.599064392233025,12.497072788689485,0.5453434770275206,16.7857,3.6429,27.2097,29.2401,82.9644,74.8412,6.823833333333333,7.771440000000001,28.25,28.80924,78.1994,77.89959999999999,0.5453434770275206,0.6364834125441571
2025,Badin,39,0.0143,28.73,71.7396,2182111,9.0,1.0,6726.0,0.35,5586,2727,119,25.599064392233025,12.497072788689485,0.5453434770275206,19.829422059647744,10.78771886489734,1.154845010175926,0.0429,16.7857,28.3002,27.2097,76.7926,82.9644,5.6143,7.480020000000001,28.079966666666667,28.52978,77.16553333333333,77.94615999999999,1.154845010175926,0.5562148769556103
2025,Badin,40,3.6857,28.435,78.2997,2182111,9.0,1.0,6726.0,0.35,4327,2354,252,19.829422059647744,10.78771886489734,1.154845010175926,23.587251061013852,11.103926427207416,0.4353582379631466,0.0143,0.0429,28.73,28.3002,71.7396,76.7926,1.2476333333333334,4.8343,28.4884,28.383,75.61063333333333,76.9275,0.4353582379631466,0.8461294162937721
2025,Badin,41,0.0286,26.5356,64.0312,2182111,9.0,1.0,6726.0,0.35,5147,2423,95,23.587251061013852,11.103926427207416,0.4353582379631466,21.969551503108686,10.572331105062942,0.6919904624466857,3.6857,0.0143,28.435,28.73,78.2997,71.7396,1.2428666666666668,4.11144,27.9002,27.8421,71.35683333333333,74.7655,0.6919904624466857,0.49829922525738746
2025,Badin,42,0.0,26.5362,47.6033,2182111,9.0,1.0,6726.0,0.35,4794,2307,151,21.969551503108686,10.572331105062942,0.6919904624466857,23.967616679444813,9.843678896261466,0.7561485185675706,0.0286,3.6857,26.5356,28.435,64.0312,78.2997,1.2381,0.7543,27.16893333333333,27.7074,63.3114,67.69328,0.7561485185675706,0.6521566353031594
2025,Badin,43,0.0,27.0782,42.243,2182111,9.0,1.0,6726.0,0.35,5230,2148,165,23.967616679444813,9.843678896261466,0.7561485185675706,15.553745891020208,8.821732716621657,0.577422505,0.0,0.0286,26.5362,26.5356,47.6033,64.0312,0.009533333,0.74572,26.716666666666665,27.463,51.2925,60.78336,0.577422505,0.6337846088237069
2025,Bajaur,37,0.2429,24.0655,65.3823,1321356,900.0,0.0,1290.0,0.2,53,736,4,0.401103109,5.570035630064873,0.0302719327720916,3.223960840227766,5.259748319150932,0.037839916,2.6286,2.0714,22.3967,22.7336,71.6065,72.6607,1.6476333333333333,2.56,23.06526666666667,23.61172,69.88316666666667,72.37992,0.037839916,0.14187121706481398
2025,Bajaur,38,1.0429,22.8006,59.1479,1321356,900.0,0.0,1290.0,0.2,426,695,5,3.223960840227766,5.259748319150932,0.037839916,3.6477678990370497,4.692149579674213,0.007567983,0.2429,2.6286,24.0655,22.3967,65.3823,71.6065,1.3048,2.59144,23.0876,23.21362,65.3789,70.23192,0.007567983,0.1561221416910623
2025,Bajaur,39,0.0286,22.7732,46.9179,1321356,900.0,0.0,1290.0,0.2,482,620,1,3.6477678990370497,4.692149579674213,0.007567983,2.580682268820817,4.245638571285861,0.0227039495790687,1.0429,0.2429,22.8006,24.0655,59.1479,65.3823,0.4381333333333333,1.20288,23.2131,22.95392,57.14936666666667,63.143060000000006,0.0227039495790687,0.1404116370152923
2025,Bajaur,40,1.7143,19.9884,52.1313,1321356,900.0,0.0,1290.0,0.2,341,561,3,2.580682268820817,4.245638571285861,0.0227039495790687,2.1568752100115334,4.238070588092838,0.0227039495790687,0.0286,1.0429,22.7732,22.8006,46.9179,59.1479,0.9286,1.13146,21.854066666666668,22.40488,52.73236666666668,59.03718,0.0227039495790687,0.1443537075306052
2025,Bajaur,41,0.5714,15.8226,52.2083,1321356,900.0,0.0,1290.0,0.2,285,560,3,2.1568752100115334,4.238070588092838,0.0227039495790687,1.710364201623181,4.790533361183512,0.098383782,1.7143,0.0286,19.9884,22.7732,52.1313,46.9179,0.7714333333333333,0.72002,19.528066666666664,21.09006,50.41916666666668,55.15754,0.098383782,0.12643800363635782
2025,Bajaur,42,0.0,18.4824,42.9558,1321356,900.0,0.0,1290.0,0.2,226,633,13,1.710364201623181,4.790533361183512,0.098383782,1.9525396637999144,5.766803193083469,0.083247815,0.5714,1.7143,15.8226,19.9884,52.2083,52.1313,0.7618999999999999,0.6714399999999999,18.0978,19.97344,49.098466666666674,50.67224,0.083247815,0.14392097274783208
2025,Bajaur,43,0.0,17.272,38.9789,1321356,900.0,0.0,1290.0,0.2,258,762,11,1.9525396637999144,5.766803193083469,0.083247815,2.2703949579068774,5.819779075434629,0.090815798,0.0,0.5714,18.4824,15.8226,42.9558,52.2083,0.1904666666666666,0.4628599999999999,17.19233333333333,18.86772,44.71433333333334,46.63844,0.090815798,0.15673528707104
2024,Bannu,37,2.9154,28.5396,71.7237,1357890,312.0,1.0,1227.0,0.2,1411,663,100,10.391121519416153,4.882575171773855,0.7364366774922858,13.778730235880667,6.443820928057501,0.2724815706721457,6.3571,3.6889,28.2235,28.4147,75.4092,73.1792,4.320466666666667,5.77228,28.3926,28.66416,73.43736666666666,74.91384,0.2724815706721457,0.5392687502891198
2024,Bannu,38,0.0,29.9782,50.7282,1357890,312.0,1.0,1227.0,0.2,1871,875,37,13.778730235880667,6.443820928057501,0.2724815706721457,13.506248665208522,6.230254291584738,0.2430241035724543,2.9154,6.3571,28.5396,28.2235,71.7237,75.4092,3.090833333333334,3.58656,28.913766666666664,28.7825,65.9537,69.5039,0.2430241035724543,0.34029913982257265
2024,Bannu,39,1.6286,29.9428,60.3322,1357890,312.0,1.0,1227.0,0.2,1834,846,33,13.506248665208522,6.230254291584738,0.2430241035724543,11.120193830133516,5.700019883790292,0.0147287335498457,0.0,2.9154,29.9782,28.5396,50.7282,71.7237,1.5146666666666675,2.918,29.486866666666668,29.01976,60.92803333333333,66.2745,0.0147287335498457,0.3277860156748027
2024,Bannu,40,0.3125,28.6662,49.6141,1357890,312.0,1.0,1227.0,0.2,1510,774,2,11.120193830133516,5.700019883790292,0.0147287335498457,13.454698097784062,6.370177260308273,0.2209310032476857,1.6286,0.0,29.9428,29.9782,60.3322,50.7282,0.6470333333333339,2.2427200000000003,29.529066666666665,29.07006,53.558166666666665,61.56148,0.2209310032476857,0.2277393795828369
2024,Bannu,41,0.3571,26.5089,41.3641,1357890,312.0,1.0,1227.0,0.2,1827,865,30,13.454698097784062,6.370177260308273,0.2209310032476857,13.071751025488076,5.368623378918764,0.007364367,0.3125,1.6286,28.6662,29.9428,49.6141,60.3322,0.7660666666666672,1.04272,28.37263333333333,28.72714,50.436800000000005,54.75246,0.007364367,0.3274736697292192
2024,Bannu,42,0.0,26.6743,39.8176,1357890,312.0,1.0,1227.0,0.2,1775,729,1,13.071751025488076,5.368623378918764,0.007364367,11.82717304052611,4.904668272098624,0.1693804358232257,0.3571,0.3125,26.5089,28.6662,41.3641,49.6141,0.2232000000000006,0.45964,27.283133333333332,28.35408,43.5986,48.37124,0.1693804358232257,0.24489270877900118
2024,Bannu,43,0.2857,25.824,49.6044,1357890,312.0,1.0,1227.0,0.2,1606,666,23,11.82717304052611,4.904668272098624,0.1693804358232257,9.662049209,4.263968362680335,0.10310113484892,0.0,0.3571,26.6743,26.5089,39.8176,41.3641,0.2142666666666672,0.51678,26.335733333333334,27.52324,43.595366666666656,48.14648,0.10310113484892,0.2848807742092506
2024,Bannu,44,0.0,23.4883,62.0385,1357890,312.0,1.0,1227.0,0.2,1312,579,14,9.662049209,4.263968362680335,0.10310113484892,0.0,9.63272319,0.0,0.2857,0.0,25.824,26.6743,49.6044,39.8176,0.095233333,0.19106,25.328866666666663,26.23234,50.48683333333333,48.48774,0.0,0.16369469390997876
2025,Bannu,37,0.1,31.0973,58.966,1410816,312.0,1.0,1227.0,0.2,3,970,8,0.0212642896026129,6.875453638178189,0.0567047722736345,9.512225548902196,6.684075031754672,0.6804572672836147,4.5429,14.8286,29.0871,29.3788,65.0313,71.3118,6.490500000000001,4.78002,29.8544,30.948519999999995,65.10303333333333,62.59478,0.6804572672836147,0.26017373038922553
2025,Bannu,38,1.4857,31.0229,54.9392,1410816,312.0,1.0,1227.0,0.2,1342,943,96,9.512225548902196,6.684075031754672,0.6804572672836147,12.170261749228814,7.357444202504082,0.489078661,0.1,4.5429,31.0973,29.0871,58.966,65.0313,2.0428666666666677,4.63144,30.40243333333333,30.65168,59.6455,61.93652,0.489078661,0.5522433040347775
2025,Bannu,39,0.2143,29.8806,50.9607,1410816,312.0,1.0,1227.0,0.2,1717,1038,69,12.170261749228814,7.357444202504082,0.489078661,10.185594719651606,6.960510796588641,0.0354404826710215,1.4857,0.1,31.0229,31.0973,54.9392,58.966,0.6000000000000006,4.2343,30.666933333333336,30.09334,54.9553,60.2418,0.0354404826710215,0.4415609461372608
2025,Bannu,40,3.0714,27.672,55.1417,1410816,312.0,1.0,1227.0,0.2,1437,982,5,10.185594719651606,6.960510796588641,0.0354404826710215,12.397080838323353,6.23752495,0.5812239158047541,0.2143,1.4857,29.8806,31.0229,50.9607,54.9392,1.5904666666666671,1.88286,29.525166666666667,29.751980000000003,53.68053333333333,57.00778,0.5812239158047541,0.22974733544023013
2025,Bannu,41,0.2857,22.2285,54.7774,1410816,312.0,1.0,1227.0,0.2,1749,880,82,12.397080838323353,6.23752495,0.5812239158047541,11.709535474505534,6.053234440210488,0.1842905098893123,3.0714,0.2143,27.672,29.8806,55.1417,50.9607,1.1904666666666672,1.0314199999999998,26.5937,28.38026,53.6266,54.95700000000001,0.1842905098893123,0.4924855625476202
2025,Bannu,42,0.0,24.6952,51.6019,1410816,312.0,1.0,1227.0,0.2,1652,854,26,11.709535474505534,6.053234440210488,0.1842905098893123,10.426590001814551,6.719515514425694,0.0425285792052259,0.2857,3.0714,22.2285,27.672,54.7774,55.1417,1.119033333333334,1.0114199999999998,24.865233333333336,27.09984,53.84033333333333,53.48418,0.0425285792052259,0.3159582060517879
2025,Bannu,43,0.0,23.4797,46.3627,1410816,312.0,1.0,1227.0,0.2,1471,948,6,10.426590001814551,6.719515514425694,0.0425285792052259,8.278896751950644,6.244613046634005,0.666281074,0.0,0.2857,24.6952,22.2285,51.6019,54.7774,0.095233333,0.7142799999999997,23.4678,25.5912,50.91400000000001,51.76888,0.666281074,0.24469905795773564
2024,Barkhan,37,1.8308,26.4871,71.5928,210249,1100.0,0.0,3514.0,0.2,79,81,40,3.7574495003543418,3.852574804160781,1.9025060761287804,3.852574804160781,5.041641101741268,0.047562652,2.9286,4.9111,25.7467,25.5323,81.8345,78.8689,3.2235,3.8598,25.92203333333333,25.98798,77.43206666666667,80.11731999999999,0.047562652,0.9872884809855589
2024,Barkhan,38,0.0,28.5253,54.2244,210249,1100.0,0.0,3514.0,0.2,81,106,1,3.852574804160781,5.041641101741268,0.047562652,5.231891709354147,6.991709829773269,0.095125304,1.8308,2.9286,26.4871,25.7467,71.5928,81.8345,1.5864666666666665,2.46552,26.9197,26.38608,69.21723333333334,74.30879999999999,0.095125304,0.4038621530455385
2024,Barkhan,39,0.7,29.5822,51.4597,210249,1100.0,0.0,3514.0,0.2,110,147,2,5.231891709354147,6.991709829773269,0.095125304,2.615945854677073,9.179591817321366,0.047562652,0.0,1.8308,28.5253,26.4871,54.2244,71.5928,0.8436,2.0741,28.1982,27.17472,59.0923,67.59606,0.047562652,0.34598753345279293
2024,Barkhan,40,2.025,27.2898,48.3228,210249,1100.0,0.0,3514.0,0.2,55,193,1,2.615945854677073,9.179591817321366,0.047562652,4.803827842225172,6.944147177870049,0.0,0.7,0.0,29.5822,28.5253,51.4597,54.2244,0.9083333333333332,1.49688,28.465766666666667,27.52622,51.33563333333333,61.48684000000001,0.0,0.3730696138349593
2024,Barkhan,41,1.0571,23.5524,52.9088,210249,1100.0,0.0,3514.0,0.2,101,146,0,4.803827842225172,6.944147177870049,0.0,2.425695247064195,5.327017013160586,0.0,2.025,0.7,27.2898,29.5822,48.3228,51.4597,1.2607,1.12258,26.80813333333333,27.08736,50.8971,55.7017,0.0,0.3224853147747868
2024,Barkhan,42,0.0,25.5479,33.7151,210249,1100.0,0.0,3514.0,0.2,51,112,0,2.425695247064195,5.327017013160586,0.0,6.088019443612098,3.0915723737092686,0.285375911419317,1.0571,2.025,23.5524,27.2898,52.9088,48.3228,1.0273666666666663,0.75642,25.463366666666666,26.899520000000003,44.98223333333333,48.12616,0.285375911419317,0.3867289007038631
2024,Barkhan,43,0.0,25.8482,32.8212,210249,1100.0,0.0,3514.0,0.2,128,65,6,6.088019443612098,3.0915723737092686,0.285375911419317,3.424510937031805,2.330569943257756,0.1426879557096585,0.0,1.0571,25.5479,23.5524,33.7151,52.9088,0.3523666666666666,0.75642,24.98283333333333,26.3641,39.81503333333333,43.84552,0.1426879557096585,0.4176602293411439
2024,Barkhan,44,0.0,23.9107,45.5511,210249,1100.0,0.0,3514.0,0.2,72,49,3,3.424510937031805,2.330569943257756,0.1426879557096585,2.5154068670607472,3.579617464663371,1.1125838065845612,0.0,0.0,25.8482,25.5479,32.8212,33.7151,0.0,0.61642,25.102266666666665,25.2298,37.36246666666667,42.6638,1.1125838065845612,0.3293896356906846
2025,Barkhan,37,0.3714,27.2851,65.0878,206726,1100.0,0.0,3514.0,0.2,112,82,20,5.417799405976994,3.966603137,0.96746418,5.756411868850556,4.788947689211807,1.3544498514942485,1.0857,4.7,27.1572,28.3458,68.5679,68.3198,2.052366666666667,1.4914200000000002,27.59603333333333,28.69262,67.32516666666666,62.97986000000001,1.3544498514942485,0.7941035117323962
2025,Barkhan,38,0.1,28.8164,55.0045,206726,1100.0,0.0,3514.0,0.2,119,99,28,5.756411868850556,4.788947689211807,1.3544498514942485,7.110861720344804,3.1442585838259336,1.209330224548436,0.3714,1.0857,27.2851,27.1572,65.0878,68.5679,0.5190333333333333,1.45714,27.7529,28.27632,62.88673333333333,63.47456,1.209330224548436,0.9178401388156172
2025,Barkhan,39,0.0,28.7795,51.276,206726,1100.0,0.0,3514.0,0.2,147,65,25,7.110861720344804,3.1442585838259336,1.209330224548436,5.466172614958931,4.063349554482746,1.5963158964039357,0.1,0.3714,28.8164,27.2851,55.0045,65.0878,0.1571333333333333,1.25142,28.293666666666667,28.0768,57.12276666666667,61.6512,1.5963158964039357,0.8991218846277531
2025,Barkhan,40,1.0714,27.9792,40.411,206726,1100.0,0.0,3514.0,0.2,113,84,33,5.466172614958931,4.063349554482746,1.5963158964039357,5.272679779031182,4.2084691814285575,0.8223445526929366,0.0,0.1,28.7795,28.8164,51.276,55.0045,0.3904666666666667,0.5257,28.525033333333337,28.003480000000003,48.89716666666667,56.06944,0.8223445526929366,0.9247380600163673
2025,Barkhan,41,0.0,21.7244,50.5286,206726,1100.0,0.0,3514.0,0.2,109,87,17,5.272679779031182,4.2084691814285575,0.8223445526929366,4.353588808,3.724737091609183,1.4995694784400608,1.0714,0.0,27.9792,28.7795,40.411,51.276,0.3571333333333333,0.30856,26.161033333333336,26.91692,47.4052,52.461580000000005,1.4995694784400608,0.6921707120393824
2025,Barkhan,42,0.0,23.6146,34.1999,206726,1100.0,0.0,3514.0,0.2,90,77,31,4.353588808,3.724737091609183,1.4995694784400608,3.821483509573058,4.353588808,0.6772249257471242,0.0,1.0714,21.7244,27.9792,50.5286,40.411,0.3571333333333333,0.23428,24.439400000000003,26.18282,41.713166666666666,46.284000000000006,0.6772249257471242,0.9368068224883144
2025,Barkhan,43,0.0,23.1408,35.9685,206726,1100.0,0.0,3514.0,0.2,79,90,14,3.821483509573058,4.353588808,0.6772249257471242,3.869856718554996,4.2084691814285575,1.209330224548436,0.0,0.0,23.6146,21.7244,34.1999,50.5286,0.0,0.2142799999999999,22.826600000000003,25.0477,40.23233333333334,42.4768,1.209330224548436,0.5759819759650302
2024,Battagram,37,3.9846,23.667,71.5604,335984,1036.0,0.0,1301.0,0.2,171,183,0,5.089528072765369,5.446687937520835,0.0,3.928758512,5.268108005143102,0.0,10.3714,6.6111,23.3882,23.6543,81.6665,79.8694,6.989033333333334,6.45914,23.56983333333333,24.11804,77.69876666666666,78.74136000000001,0.0,0.15371970669044838
2024,Battagram,38,0.0,24.9594,55.6901,335984,1036.0,0.0,1301.0,0.2,132,177,0,3.928758512,5.268108005143102,0.0,3.988285156436021,7.024144006857469,0.0,3.9846,10.3714,23.667,23.3882,71.5604,81.6665,4.785333333333334,5.13056,24.00486666666667,24.04542,69.63900000000001,72.97354,0.0,0.18200134910890814
2024,Battagram,39,5.1,23.9195,71.9155,335984,1036.0,0.0,1301.0,0.2,134,236,0,3.988285156436021,7.024144006857469,0.0,0.0,0.5655031191961521,0.0,0.0,3.9846,24.9594,23.667,55.6901,71.5604,3.0282000000000004,5.21342,24.181966666666668,23.91768,66.38866666666667,72.14038000000001,0.0,0.037687147017421874
2024,Battagram,42,0.0,19.9864,51.4933,335984,1036.0,0.0,1301.0,0.2,0,19,0,0.0,0.5655031191961521,0.0,0.0,0.8333730177627506,0.0,5.1,0.0,23.9195,24.9594,71.9155,55.6901,1.7000000000000004,3.8912,22.9551,23.1841,59.69963333333333,66.46516,0.0,0.03629703100288775
2024,Battagram,43,0.3429,19.5094,52.5414,335984,1036.0,0.0,1301.0,0.2,0,28,0,0.0,0.8333730177627506,0.0,1.696509357588457,2.351302442973475,0.0,0.0,5.1,19.9864,23.9195,51.4933,71.9155,1.8143000000000005,1.8855,21.13843333333333,22.40834,58.65006666666667,60.64014,0.0,0.10628530571345307
2024,Battagram,44,0.1,18.1987,65.4858,335984,1036.0,0.0,1301.0,0.2,57,79,0,1.696509357588457,2.351302442973475,0.0,0.0,0.503954304,0.0,0.3429,0.0,19.5094,19.9864,52.5414,51.4933,0.1476333333333339,1.10858,19.2315,21.31468,56.50683333333333,59.42522,0.0,0.03853362312377931
2025,Battagram,37,1.1714,23.8347,81.052,575449,1036.0,0.0,1301.0,0.2,0,0,5,0.0,0.0,0.086888673,2.849948475,8.237046202182992,0.0,5.2143,13.2286,22.5189,23.6906,82.2829,83.4119,6.5381,6.842859999999999,23.348066666666668,24.0933,82.24893333333334,82.9164,0.0,0.14521358908561666
2025,Battagram,38,2.9143,22.8385,72.8941,575449,1036.0,0.0,1301.0,0.2,164,474,0,2.849948475,8.237046202182992,0.0,3.423413716941032,8.202290732975468,0.0,1.1714,5.2143,23.8347,22.5189,81.052,82.2829,3.1,6.72572,23.06403333333333,23.63996,78.743,81.34636,0.0,0.16369440021504314
2025,Battagram,39,0.3714,22.4445,65.2962,575449,1036.0,0.0,1301.0,0.2,197,472,0,3.423413716941032,8.202290732975468,0.0,2.745682067,6.881582903089588,0.034755469,2.9143,1.1714,22.8385,23.8347,72.8941,81.052,1.485700000000001,4.579999999999999,23.03923333333333,23.06544,73.08076666666666,76.98742,0.034755469,0.13736784122766882
2025,Battagram,40,2.3857,20.1144,66.3392,575449,1036.0,0.0,1301.0,0.2,158,396,2,2.745682067,6.881582903089588,0.034755469,2.224350029281483,5.595630542,0.034755469,0.3714,2.9143,22.4445,22.8385,65.2962,72.8941,1.8904666666666676,2.41142,21.799133333333334,22.3502,68.17649999999999,73.57288000000001,0.034755469,0.13761039379108425
2025,Battagram,41,7.8857,15.929,64.0462,575449,1036.0,0.0,1301.0,0.2,128,322,2,2.224350029281483,5.595630542,0.034755469,2.6240379251679995,4.066389897280211,0.034755469,2.3857,0.3714,20.1144,22.4445,66.3392,65.2962,3.5476000000000005,2.9456999999999995,19.495966666666668,21.03222,65.2272,69.92554,0.034755469,0.12259524956812412
2025,Battagram,42,0.0,18.226,65.3212,575449,1036.0,0.0,1301.0,0.2,151,234,2,2.6240379251679995,4.066389897280211,0.034755469,0.5213320381128476,1.0426640762256951,0.1737773460376158,7.8857,2.3857,15.929,20.1144,64.0462,66.3392,3.4238000000000013,2.7114199999999995,18.0898,19.91048,65.23553333333334,66.77938,0.1737773460376158,0.06756712053927155
2025,Battagram,43,0.0,16.7037,55.1973,575449,1036.0,0.0,1301.0,0.2,30,60,10,0.5213320381128476,1.0426640762256951,0.1737773460376158,1.2164414222633109,3.8926125512425953,0.0,0.0,7.8857,18.226,15.929,65.3212,64.0462,2.6285666666666674,2.12856,16.9529,18.68352,61.52156666666667,63.24002,0.0,0.1445090049445223
2025,Buner,37,1.2,25.6446,79.987,1084406,700.0,0.0,1865.0,0.35,0,495,4,0.0,4.564711003074494,0.036886554,1.7797762092795504,2.803378070575043,0.05532983,5.0143,20.2429,24.3464,25.2866,82.4012,82.6173,8.819066666666666,7.928579999999999,25.09253333333333,25.74418,81.66850000000001,82.13124,0.05532983,0.06504890913269065
2025,Buner,38,2.2571,24.7321,75.3136,1084406,700.0,0.0,1865.0,0.35,193,304,6,1.7797762092795504,2.803378070575043,0.05532983,1.9549873386904904,3.2644599900775173,0.073773107,1.2,5.0143,25.6446,24.3464,79.987,82.4012,2.8237999999999985,7.57714,24.9077,25.324900000000003,79.23393333333333,81.20903999999999,0.073773107,0.08759315069143736
2025,Buner,39,0.3714,24.4797,66.9912,1084406,700.0,0.0,1865.0,0.35,212,354,8,1.9549873386904904,3.2644599900775173,0.073773107,2.1578633832715792,2.794156432184993,0.0,2.2571,1.2,24.7321,25.6446,75.3136,79.987,1.2761666666666651,5.81714,24.952133333333336,24.89788,74.09726666666667,77.46206,0.0,0.09464563986403393
2025,Buner,40,0.3286,22.3497,65.6715,1084406,700.0,0.0,1865.0,0.35,234,303,0,2.1578633832715792,2.794156432184993,0.0,2.323852874,2.176306660051678,0.046108192,0.3714,2.2571,24.4797,24.7321,66.9912,75.3136,0.9856999999999988,1.83428,23.85383333333333,24.3105,69.32543333333332,74.0729,0.046108192,0.0972324498727539
2025,Buner,41,3.8,17.9764,68.4406,1084406,700.0,0.0,1865.0,0.35,252,236,5,2.323852874,2.176306660051678,0.046108192,1.5861218030885111,1.623008356648709,0.0,0.3286,0.3714,22.3497,24.4797,65.6715,66.9912,1.499999999999999,1.5914199999999998,21.60193333333333,23.0365,67.03443333333333,71.28078,0.0,0.07733171718587362
2025,Buner,42,0.0,20.4553,66.223,1084406,700.0,0.0,1865.0,0.35,172,176,0,1.5861218030885111,1.623008356648709,0.0,1.4477972272377688,1.4570188656278182,0.0,3.8,0.3286,17.9764,22.3497,68.4406,65.6715,1.3761999999999983,1.3514199999999998,20.26046666666667,21.99864,66.77836666666667,68.52798,0.0,0.07027871200837876
2025,Buner,43,0.0,19.486,54.8025,1084406,700.0,0.0,1865.0,0.35,157,158,0,1.4477972272377688,1.4570188656278182,0.0,2.2777446823422225,1.8166627628397485,0.036886554,0.0,3.8,20.4553,17.9764,66.223,68.4406,1.2666666666666653,0.9,19.3059,20.94942,63.15536666666667,64.42576,0.036886554,0.09635097574236864
2025,Central,37,15.1286,26.735,86.0135,3591719,10.0,0.0,69.0,0.95,22,1034,14,0.0612520077433674,2.878844364,0.03897855,0.1531300193584186,2.965154011213015,0.0417627325522959,0.1,16.1429,28.8029,28.652,74.1435,85.3103,10.457166666666668,6.6143,28.0633,28.3505,81.82243333333332,79.3059,0.0417627325522959,0.04535169559862623
2025,Central,38,0.4571,27.3583,82.2235,3591719,10.0,0.0,69.0,0.95,55,1065,15,0.1531300193584186,2.965154011213015,0.0417627325522959,0.1503458371882655,3.371644608055363,0.080741283,15.1286,0.1,26.735,28.8029,86.0135,74.1435,5.228566666666667,6.48286,27.632066666666663,28.147540000000003,80.7935,80.49194,0.080741283,0.05527337539967153
2025,Central,39,0.3,28.1208,76.7817,3591719,10.0,0.0,69.0,0.95,54,1211,29,0.1503458371882655,3.371644608055363,0.080741283,0.1113672868061226,3.2741982321000056,0.050115279,0.4571,15.1286,27.3583,26.735,82.2235,86.0135,5.295233333333333,6.42572,27.404699999999995,27.9338,81.67289999999998,80.89450000000001,0.050115279,0.06273234367598193
2025,Central,40,3.4857,29.6419,70.5615,3591719,10.0,0.0,69.0,0.95,40,1176,18,0.1113672868061226,3.2741982321000056,0.050115279,0.1503458371882655,3.082089662359444,0.036194368,0.3,0.4571,28.1208,27.3583,76.7817,82.2235,1.4142666666666666,3.8942799999999993,28.37366666666666,28.13178,76.52223333333335,77.94474,0.036194368,0.060067519822591176
2025,Central,41,0.0857,28.0309,60.9394,3591719,10.0,0.0,69.0,0.95,54,1107,13,0.1503458371882655,3.082089662359444,0.036194368,0.2227345736122452,3.343802786353832,0.050115279,3.4857,0.3,29.6419,28.1208,70.5615,76.7817,1.2904666666666669,3.891419999999999,28.59786666666666,27.97738,69.42753333333333,75.30392,0.050115279,0.0613340696417109
2025,Central,42,0.0,28.7627,47.9379,3591719,10.0,0.0,69.0,0.95,80,1201,18,0.2227345736122452,3.343802786353832,0.050115279,0.1559142015285717,4.958628445,0.083525465,0.0857,3.4857,28.0309,29.6419,60.9394,70.5615,1.1904666666666668,0.8656999999999992,28.81183333333333,28.38292,59.81293333333334,67.68879999999999,0.083525465,0.08558636689268179
2025,Central,43,0.0,29.8734,33.0091,3591719,10.0,0.0,69.0,0.95,56,1781,30,0.1559142015285717,4.958628445,0.083525465,0.1392091085076533,5.058859003168121,0.1392091085076533,0.0,0.0857,28.7627,28.0309,47.9379,60.9394,0.0285666666666666,0.7742799999999993,28.889,28.88594,47.29546666666666,57.84592,0.1392091085076533,0.09667912940309642
2024,Chagai,37,0.0,30.5464,10.7302,269192,919.0,0.0,44748.0,0.2,39,150,8,1.4487800528990462,5.572230972688639,0.2971856518767273,2.600374453921365,5.832268418080775,0.7058159232072275,0.0,0.0333,32.447,32.5017,10.8459,19.2085,0.0111,0.00666,31.8317,32.630399999999995,13.594866666666666,19.162280000000003,0.7058159232072275,0.22841526462974784
2024,Chagai,38,0.0,31.8839,13.9582,269192,919.0,0.0,44748.0,0.2,70,157,19,2.600374453921365,5.832268418080775,0.7058159232072275,6.760973580195548,3.231893964,0.0,0.0,0.0,30.5464,32.447,10.7302,10.8459,0.0,0.00666,31.625766666666667,31.935920000000003,11.844766666666668,15.43978,0.0,0.40329334243692916
2024,Chagai,39,0.0,31.3988,15.7904,269192,919.0,0.0,44748.0,0.2,182,87,0,6.760973580195548,3.231893964,0.0,11.21875835834646,6.092305863472912,0.5572230972688639,0.0,0.0,31.8839,30.5464,13.9582,10.7302,0.0,0.00666,31.276366666666664,31.755560000000003,13.492933333333331,14.10664,0.5572230972688639,0.2184818676381955
2024,Chagai,40,0.0,29.4945,20.7891,269192,919.0,0.0,44748.0,0.2,302,164,15,11.21875835834646,6.092305863472912,0.5572230972688639,14.11631846414455,3.900561680882047,0.7429641296918185,0.0,0.0,31.3988,31.8839,15.7904,13.9582,0.0,0.0,30.92573333333333,31.15412,16.8459,14.42276,0.7429641296918185,0.358194602131829
2024,Chagai,41,0.0,25.6304,21.6734,269192,919.0,0.0,44748.0,0.2,380,105,20,14.11631846414455,3.900561680882047,0.7429641296918185,13.596243573360278,4.160599126274184,0.482926684,0.0,0.0,29.4945,31.3988,20.7891,15.7904,0.0,0.0,28.84123333333333,29.7908,19.41763333333333,16.58826,0.482926684,0.4502111093851082
2024,Chagai,42,0.0,26.0539,16.4662,269192,919.0,0.0,44748.0,0.2,366,112,13,13.596243573360278,4.160599126274184,0.482926684,5.869416624565366,14.822134387351776,0.0,0.0,0.0,25.6304,29.4945,21.6734,20.7891,0.0,0.0,27.0596,28.8923,19.6429,17.73546,0.0,0.34408780474729656
2024,Chagai,43,0.0,26.3271,23.3885,269192,919.0,0.0,44748.0,0.2,158,399,0,5.869416624565366,14.822134387351776,0.0,6.649528960741775,15.750839549466551,0.0,0.0,0.0,26.0539,25.6304,16.4662,21.6734,0.0,0.0,26.0038,27.78094,20.50936666666667,19.62152,0.0,0.2388275772671139
2024,Chagai,44,0.0,23.4557,25.6682,269192,919.0,0.0,44748.0,0.2,179,424,0,6.649528960741775,15.750839549466551,0.0,0.073201887,1.1712301943144094,0.0,0.0,0.0,26.3271,26.0539,23.3885,16.4662,0.0,0.0,25.278900000000004,26.19232,21.840966666666663,21.59708,0.0,0.08574851409332268
2025,Chagai,37,0.0,32.6863,30.1753,273217,919.0,0.0,44748.0,0.2,58,160,9,2.1228547271948672,5.856150971572047,0.3294084921509276,2.269258501484168,5.563343422993444,0.0,0.0,0.0,32.1182,34.3804,10.1846,24.1779,0.0,0.0,33.06163333333334,33.92044,21.512600000000003,18.42944,0.0,0.241979026590989
2025,Chagai,38,0.0,31.5244,13.8046,273217,919.0,0.0,44748.0,0.2,62,152,0,2.269258501484168,5.563343422993444,0.0,2.0862537836225417,5.563343422993444,0.0,0.0,0.0,32.6863,32.1182,30.1753,10.1846,0.0,0.0,32.109633333333335,33.20032,18.05483333333333,18.964620000000004,0.0,0.18437061166766144
2025,Chagai,39,0.0,31.3816,13.8498,273217,919.0,0.0,44748.0,0.2,57,152,0,2.0862537836225417,5.563343422993444,0.0,1.354234912176036,5.380338705131819,0.0,0.0,0.0,31.5244,32.6863,13.8046,30.1753,0.0,0.0,31.8641,32.41818,19.276566666666668,18.43844,0.0,0.1557253079535042
2025,Chagai,40,0.0,28.0515,12.0817,273217,919.0,0.0,44748.0,0.2,37,147,0,1.354234912176036,5.380338705131819,0.0,2.269258501484168,6.185559463722975,0.0,0.0,0.0,31.3816,31.5244,13.8498,13.8046,0.0,0.0,30.319166666666664,31.1524,13.245366666666664,16.0192,0.0,0.18195417665567026
2025,Chagai,41,0.0,22.9003,12.1425,273217,919.0,0.0,44748.0,0.2,62,169,0,2.269258501484168,6.185559463722975,0.0,1.4640377428930118,5.526742479421119,0.0,0.0,0.0,28.0515,31.3816,12.0817,13.8498,0.0,0.0,27.444466666666667,29.308820000000004,12.691333333333333,16.41078,0.0,0.1667238711263811
2025,Chagai,42,0.0,24.5152,13.8269,273217,919.0,0.0,44748.0,0.2,40,151,0,1.4640377428930118,5.526742479421119,0.0,2.6352679372074213,8.088808529,0.0,0.0,0.0,22.9003,28.0515,12.1425,12.0817,0.0,0.0,25.155666666666665,27.6746,12.683699999999996,13.1411,0.0,0.19493601842544345
2025,Chagai,43,0.0,23.7188,16.7922,273217,919.0,0.0,44748.0,0.2,72,221,0,2.6352679372074213,8.088808529,0.0,2.3058594450564938,6.807775504452505,0.0,0.0,0.0,24.5152,22.9003,13.8269,12.1425,0.0,0.0,23.71143333333333,26.11348,14.253866666666667,13.73862,0.0,0.19436725727073878
2024,Chaman,37,0.0,0.0,0.0,466218,1340.0,0.0,1341.0,0.2,54,157,34,1.1582564379753677,3.367523347446902,0.7292725720585648,1.9947749765131333,6.284613635681162,0.2359411262542416,0.0,0.0,0.0,0.0,0.0,0.0,0.0,0.0,0.0,0.0,0.0,0.0,0.2359411262542416,0.39085299925133776
2024,Chaman,38,0.0,0.0,0.0,466218,1340.0,0.0,1341.0,0.2,93,293,11,1.9947749765131333,6.284613635681162,0.2359411262542416,3.9895499530262666,1.093908858087847,0.0214491932958401,0.0,0.0,0.0,0.0,0.0,0.0,0.0,0.0,0.0,0.0,0.0,0.0,0.0214491932958401,0.25039890929986686
2024,Chaman,41,0.0,0.0,0.0,466218,1340.0,0.0,1341.0,0.2,186,51,1,3.9895499530262666,1.093908858087847,0.0214491932958401,2.4237588424299363,0.1286951597750408,0.150144353,0.0,0.0,0.0,0.0,0.0,0.0,0.0,0.0,0.0,0.0,0.0,0.0,0.150144353,0.21197159228638515
2024,Chaman,42,0.0,0.0,0.0,466218,1340.0,0.0,1341.0,0.2,113,6,7,2.4237588424299363,0.1286951597750408,0.150144353,0.0,0.6863741854668847,0.0,0.0,0.0,0.0,0.0,0.0,0.0,0.0,0.0,0.0,0.0,0.0,0.0,0.0,0.1498421071759789
2024,Charsadda,37,7.7846,27.3774,74.8148,1835504,300.0,2.0,996.0,0.2,280,835,48,1.525466574848107,4.549159249993463,0.2615085556882469,2.1193089200568345,4.946870178436004,0.005448095,11.8429,6.5556,27.2906,27.5272,79.5389,78.4655,8.727699999999999,8.31662,27.3984,27.780880000000003,77.60640000000001,78.41146,0.005448095,0.262830379248462
2024,Charsadda,38,0.0,27.3311,68.3894,1835504,300.0,2.0,996.0,0.2,389,908,1,2.1193089200568345,4.946870178436004,0.005448095,2.2064784386195835,4.619984483825696,0.0163442847305154,7.7846,11.8429,27.3774,27.2906,74.8148,79.5389,6.5425,6.7109,27.333033333333333,27.52612,74.2477,75.90102,0.0163442847305154,0.19227653927498514
2024,Charsadda,39,7.0857,27.7448,71.6484,1835504,300.0,2.0,996.0,0.2,405,848,3,2.2064784386195835,4.619984483825696,0.0163442847305154,1.754286561075323,3.9607649996949066,0.0217923796406872,0.0,7.7846,27.3311,27.3774,68.3894,74.8148,4.956766666666666,6.65376,27.48443333333333,27.454220000000003,71.61753333333333,74.57140000000001,0.0217923796406872,0.17594786670620188
2024,Charsadda,40,2.625,25.1886,70.0489,1835504,300.0,2.0,996.0,0.2,322,727,4,1.754286561075323,3.9607649996949066,0.0217923796406872,2.075724161,4.031590234,0.0108961898203436,7.0857,0.0,27.7448,27.3311,71.6484,68.3894,3.2368999999999986,5.86764,26.75483333333333,26.9865,70.02890000000001,72.88808,0.0108961898203436,0.1837638336651372
2024,Charsadda,41,0.4571,22.998,63.4279,1835504,300.0,2.0,996.0,0.2,381,740,2,2.075724161,4.031590234,0.0108961898203436,1.972210357482196,4.102415467359374,0.0108961898203436,2.625,7.0857,25.1886,27.7448,70.0489,71.6484,3.389266666666665,3.5904800000000003,25.310466666666667,26.12798,68.37506666666665,69.66588,0.0108961898203436,0.19028296564049757
2024,Charsadda,42,0.0286,22.9114,66.5207,1835504,300.0,2.0,996.0,0.2,362,753,2,1.972210357482196,4.102415467359374,0.0108961898203436,2.217374628439927,5.164793974842877,0.076273329,0.4571,2.625,22.998,25.1886,63.4279,70.0489,1.0368999999999988,2.03928,23.69933333333334,25.23478,66.66583333333334,68.00706,0.076273329,0.20257675068767184
2024,Charsadda,43,1.0714,22.5516,67.2261,1835504,300.0,2.0,996.0,0.2,407,948,14,2.217374628439927,5.164793974842877,0.076273329,1.6834613272430896,4.696257812568101,0.0163442847305154,0.0286,0.4571,22.9114,22.998,66.5207,63.4279,0.5190333333333321,2.25356,22.82033333333333,24.27888,65.7249,67.77439999999999,0.0163442847305154,0.201511778937246
2024,Charsadda,44,2.6857,20.6296,77.3409,1835504,300.0,2.0,996.0,0.2,309,862,3,1.6834613272430896,4.696257812568101,0.0163442847305154,0.0,1.607269362,0.0,1.0714,0.0286,22.5516,22.9114,67.2261,66.5207,1.261899999999999,1.37356,22.030866666666668,22.85584,70.36256666666667,68.91290000000001,0.0,0.12069152410250392
2025,Charsadda,37,0.9,28.4757,76.6427,1953624,300.0,2.0,996.0,0.2,1651,4050,242,8.450960881,20.73070355401039,1.238723521005065,2.779449884,12.474252978055144,0.7831599120403927,3.1857,15.4429,27.1844,27.4757,78.7252,81.438,6.509533333333333,8.02572,27.71193333333333,28.19858,78.9353,79.46268,0.7831599120403927,0.687415429490313
2025,Charsadda,38,2.9286,27.4001,73.5859,1953624,300.0,2.0,996.0,0.2,543,2437,153,2.779449884,12.474252978055144,0.7831599120403927,2.922773266503688,11.435158454236843,0.1893916127156505,0.9,3.1857,28.4757,27.1844,76.6427,78.7252,2.338099999999999,7.280019999999999,27.686733333333336,27.86214,76.31793333333333,78.52752000000001,0.1893916127156505,0.5600994721768933
2025,Charsadda,39,2.5857,26.6448,71.9088,1953624,300.0,2.0,996.0,0.2,571,2234,37,2.922773266503688,11.435158454236843,0.1893916127156505,2.4518535808323403,11.199698611401171,0.506750531,2.9286,0.9,27.4001,28.4757,73.5859,76.6427,2.138099999999999,5.00858,27.506866666666667,27.43614,74.0458,76.46012,0.506750531,0.2707784060927948
2025,Charsadda,40,4.0571,24.2412,72.289,1953624,300.0,2.0,996.0,0.2,479,2188,99,2.4518535808323403,11.199698611401171,0.506750531,2.34436104388562,9.745990016502663,0.7626851430981602,2.5857,2.9286,26.6448,27.4001,71.9088,73.5859,3.1904666666666657,2.73142,26.095366666666667,26.78924,72.59456666666667,74.63032000000001,0.7626851430981602,0.4117438570892783
2025,Charsadda,41,0.8571,20.187,71.6917,1953624,300.0,2.0,996.0,0.2,458,1904,149,2.34436104388562,9.745990016502663,0.7626851430981602,2.595176963427968,10.012162012751688,0.2815280729556967,4.0571,2.5857,24.2412,26.6448,72.289,71.9088,2.4999666666666656,2.2657,23.691000000000003,25.38976,71.96316666666667,73.22362000000001,0.2815280729556967,0.5310084080373276
2025,Charsadda,42,0.0,22.243,73.7283,1953624,300.0,2.0,996.0,0.2,507,1956,55,2.595176963427968,10.012162012751688,0.2815280729556967,2.7077881926102463,9.879076014627174,0.3890206099024172,0.8571,4.0571,20.187,24.2412,71.6917,72.289,1.6380666666666654,2.0857,22.22373333333333,24.14322,72.56966666666666,72.64074000000001,0.3890206099024172,0.31602650065826454
2025,Charsadda,43,0.0,20.698,72.5234,1953624,300.0,2.0,996.0,0.2,529,1930,76,2.7077881926102463,9.879076014627174,0.3890206099024172,2.3648358128278524,9.193171255062389,0.5528187614402771,0.0,0.8571,22.243,20.187,73.7283,71.6917,0.2856999999999988,1.49998,21.04266666666667,22.8028,72.6478,72.42823999999999,0.5528187614402771,0.347773527706788
2025,Chitral Lower,37,0.0429,23.8431,57.3782,336081,1500.0,1.0,6458.0,0.35,20,781,10,0.5950946349243188,23.23844549379465,0.2975473174621594,2.05307649,20.23321758742684,0.2975473174621594,0.0857,0.1143,23.3449,23.6232,60.9889,64.943,0.080966667,0.32286,23.60373333333333,24.6658,61.103366666666666,61.194500000000005,0.2975473174621594,0.3182172897109476
2025,Chitral Lower,38,0.4,21.4235,60.5885,336081,1500.0,1.0,6458.0,0.35,69,680,10,2.05307649,20.23321758742684,0.2975473174621594,1.1306798063562058,20.64978383187386,0.2082831222235116,0.0429,0.0857,23.8431,23.3449,57.3782,60.9889,0.1762,0.40286,22.870500000000003,23.70098,59.65186666666667,62.41646000000001,0.2082831222235116,0.3272699331775813
2025,Chitral Lower,39,0.0143,20.9396,48.9268,336081,1500.0,1.0,6458.0,0.35,38,694,7,1.1306798063562058,20.64978383187386,0.2082831222235116,1.011660879371342,15.055894263585268,0.0595094634924318,0.4,0.0429,21.4235,23.8431,60.5885,57.3782,0.1524,0.13144,22.06873333333333,22.63486,55.63116666666667,58.56508,0.0595094634924318,0.28990549583859515
2025,Chitral Lower,40,1.1714,18.0577,52.8413,336081,1500.0,1.0,6458.0,0.35,34,506,2,1.011660879371342,15.055894263585268,0.0595094634924318,0.6248493666705348,14.133497579452571,0.1190189269848637,0.0143,0.4,20.9396,21.4235,48.9268,60.5885,0.5285666666666667,0.34286,20.140266666666665,21.52176,54.11886666666667,56.14474,0.1190189269848637,0.22468395539111435
2025,Chitral Lower,41,0.8143,14.5797,58.9457,336081,1500.0,1.0,6458.0,0.35,21,475,4,0.6248493666705348,14.133497579452571,0.1190189269848637,0.4165662444470232,13.865704993736628,0.0595094634924318,1.1714,0.0143,18.0577,20.9396,52.8413,48.9268,0.6666666666666666,0.4885799999999999,17.858999999999998,19.76872,53.571266666666666,55.7361,0.0595094634924318,0.21126888739881777
2025,Chitral Lower,42,0.3714,18.0666,34.3001,336081,1500.0,1.0,6458.0,0.35,14,466,2,0.4165662444470232,13.865704993736628,0.0595094634924318,0.535585171,16.751913973119574,0.2677925857159435,0.8143,1.1714,14.5797,18.0577,58.9457,52.8413,0.7857,0.55428,16.901333333333334,18.61342,48.6957,51.12048,0.2677925857159435,0.22420419685336743
2025,Chitral Lower,43,0.4,14.7321,44.6428,336081,1500.0,1.0,6458.0,0.35,18,563,9,0.535585171,16.751913973119574,0.2677925857159435,0.535585171,17.198234949312813,0.2677925857159435,0.3714,0.8143,18.0666,14.5797,34.3001,58.9457,0.5285666666666666,0.55428,15.7928,17.27514,45.96286666666666,47.93134,0.2677925857159435,0.2916325133800743
2024,Chitral Upper,37,0.4,23.109,47.8653,195528,2500.0,1.0,8392.0,0.2,4,200,12,0.2045742809214025,10.22871404607013,0.6137228427642077,0.1022871404607012,8.336401947547154,0.1022871404607012,0.0143,2.6667,24.1137,23.5412,47.5084,62.0616,1.027,0.77048,23.58796666666667,24.33532,52.47843333333333,55.31948,0.1022871404607012,0.520613943490853
2024,Chitral Upper,38,0.1857,22.972,41.8387,195528,2500.0,1.0,8392.0,0.2,2,163,2,0.1022871404607012,8.336401947547154,0.1022871404607012,0.2557178511517531,9.052411930772063,0.0,0.4,0.0143,23.109,24.1137,47.8653,47.5084,0.1999999999999999,0.8047600000000001,23.398233333333334,23.52556,45.73746666666667,52.06080000000001,0.0,0.3005413796808608
2024,Chitral Upper,39,3.4143,23.1199,51.2938,195528,2500.0,1.0,8392.0,0.2,5,177,0,0.2557178511517531,9.052411930772063,0.0,0.0,7.466961253631194,0.1022871404607012,0.1857,0.4,22.972,23.109,41.8387,47.8653,1.3333333333333333,1.3362,23.06696666666667,23.371160000000003,46.99926666666667,50.11355999999999,0.1022871404607012,0.2917366705239685
2024,Chitral Upper,40,1.0625,19.8957,49.8455,195528,2500.0,1.0,8392.0,0.2,0,146,2,0.0,7.466961253631194,0.1022871404607012,0.2045742809214025,6.188371997872427,0.05114357,3.4143,0.1857,23.1199,22.972,51.2938,41.8387,1.5541666666666665,1.01536,21.995866666666668,22.642060000000004,47.659333333333336,47.67034,0.05114357,0.296086640892082
2024,Chitral Upper,41,1.8286,16.6613,54.0393,195528,2500.0,1.0,8392.0,0.2,4,121,1,0.2045742809214025,6.188371997872427,0.05114357,0.1022871404607012,6.904381981097337,0.05114357,1.0625,3.4143,19.8957,23.1199,49.8455,51.2938,2.1018000000000003,1.37822,19.8923,21.151580000000003,51.7262,48.97652,0.05114357,0.30859707221030025
2024,Chitral Upper,42,0.0714,17.4187,47.4794,195528,2500.0,1.0,8392.0,0.2,2,135,1,0.1022871404607012,6.904381981097337,0.05114357,0.05114357,6.648664129945583,0.1022871404607012,1.8286,1.0625,16.6613,19.8957,54.0393,49.8455,0.9875,1.3125,17.9919,20.013520000000003,50.45473333333333,48.89934,0.1022871404607012,0.29498830701059214
2024,Chitral Upper,43,2.3857,17.1494,51.1304,195528,2500.0,1.0,8392.0,0.2,1,130,2,0.05114357,6.648664129945583,0.1022871404607012,0.05114357,6.802094840636634,0.0,0.0714,1.8286,17.4187,16.6613,47.4794,54.0393,1.4285666666666668,1.7525,17.076466666666665,18.849,50.88303333333334,50.75768000000001,0.0,0.293498419774968
2024,Chitral Upper,44,2.2286,16.769,50.316,195528,2500.0,1.0,8392.0,0.2,1,133,0,0.05114357,6.802094840636634,0.0,0.0,0.097891419,0.0,2.3857,0.0714,17.1494,17.4187,51.1304,47.4794,1.5619000000000005,1.51536,17.11236666666667,17.57882,49.64193333333333,50.56212000000001,0.0,0.19341755815886508
2025,Chitral Upper,37,0.0429,23.8431,57.3782,204308,2500.0,1.0,8392.0,0.2,29,241,12,1.419425573154257,11.79591597000607,0.5873485130293479,0.4894570941911232,10.914893200462048,1.027859897801359,0.0857,0.1143,23.3449,23.6232,60.9889,64.943,0.080966667,0.32286,23.60373333333333,24.6658,61.103366666666666,61.194500000000005,1.027859897801359,0.4987790213420119
2025,Chitral Upper,38,0.4,21.4235,60.5885,204308,2500.0,1.0,8392.0,0.2,10,223,21,0.4894570941911232,10.914893200462048,1.027859897801359,0.5384028036102355,9.935979012079802,0.6852399318675725,0.0429,0.0857,23.8431,23.3449,57.3782,60.9889,0.1762,0.40286,22.870500000000003,23.70098,59.65186666666667,62.41646000000001,0.6852399318675725,0.7142985738089522
2025,Chitral Upper,39,0.0143,20.9396,48.9268,204308,2500.0,1.0,8392.0,0.2,11,203,14,0.5384028036102355,9.935979012079802,0.6852399318675725,0.4405113847720109,8.320770601249095,0.0,0.4,0.0429,21.4235,23.8431,60.5885,57.3782,0.1524,0.13144,22.06873333333333,22.63486,55.63116666666667,58.56508,0.0,0.5553528373735013
2025,Chitral Upper,40,1.1714,18.0577,52.8413,204308,2500.0,1.0,8392.0,0.2,9,170,0,0.4405113847720109,8.320770601249095,0.0,0.2936742565146739,7.097127865771287,0.5384028036102355,0.0143,0.4,20.9396,21.4235,48.9268,60.5885,0.5285666666666667,0.34286,20.140266666666665,21.52176,54.11886666666667,56.14474,0.5384028036102355,0.32960492663905533
2025,Chitral Upper,41,0.8143,14.5797,58.9457,204308,2500.0,1.0,8392.0,0.2,6,145,11,0.2936742565146739,7.097127865771287,0.5384028036102355,0.3915656753528985,6.705562190418388,0.0,1.1714,0.0143,18.0577,20.9396,52.8413,48.9268,0.6666666666666666,0.4885799999999999,17.858999999999998,19.76872,53.571266666666666,55.7361,0.0,0.4853750949240486
2025,Chitral Upper,42,0.3714,18.0666,34.3001,204308,2500.0,1.0,8392.0,0.2,8,137,0,0.3915656753528985,6.705562190418388,0.0,0.2936742565146739,5.677702292617029,0.4894570941911232,0.8143,1.1714,14.5797,18.0577,58.9457,52.8413,0.7857,0.55428,16.901333333333334,18.61342,48.6957,51.12048,0.4894570941911232,0.318528771409998
2025,Chitral Upper,43,0.4,14.7321,44.6428,204308,2500.0,1.0,8392.0,0.2,6,116,10,0.2936742565146739,5.677702292617029,0.4894570941911232,0.048945709,4.160385300624547,0.7831313507057971,0.3714,0.8143,18.0666,14.5797,34.3001,58.9457,0.5285666666666666,0.55428,15.7928,17.27514,45.96286666666666,47.93134,0.7831313507057971,0.4127271832696947
2024,D.I. Khan,37,3.1769,29.4296,75.9437,1829811,620.9389128094725,0.6689989235737352,6279.964208826696,0.3396259418729817,682,1277,0,3.727160892573058,6.978862844304685,0.0,3.96215784,6.618169854700841,0.2623221742573413,3.9857,8.4111,29.16,29.0015,79.0966,79.3021,5.191233333333333,6.0576,29.197033333333334,29.33668,78.11413333333333,79.42240000000001,0.2623221742573413,0.11303748390925736
2024,D.I. Khan,38,0.0,30.8466,61.5183,1829811,620.9389128094725,0.6689989235737352,6279.964208826696,0.3396259418729817,725,1211,48,3.96215784,6.618169854700841,0.2623221742573413,4.798309770790535,6.077130370295075,0.2295319024751737,3.1769,3.9857,29.4296,29.16,75.9437,79.0966,2.3875333333333333,4.28046,29.812066666666663,29.54382,72.1862,75.52459999999999,0.2295319024751737,0.22110836295088573
2024,D.I. Khan,39,0.9571,30.8347,64.4227,1829811,620.9389128094725,0.6689989235737352,6279.964208826696,0.3396259418729817,878,1112,42,4.798309770790535,6.077130370295075,0.2295319024751737,4.803774816087564,6.186431276235633,0.1256960418316427,0.0,3.1769,30.8466,29.4296,61.5183,75.9437,1.378,3.30616,30.3703,29.85448,67.2949,72.05668,0.1256960418316427,0.22640904582063698
2024,D.I. Khan,40,0.4125,29.037,65.5048,1829811,620.9389128094725,0.6689989235737352,6279.964208826696,0.3396259418729817,879,1132,23,4.803774816087564,6.186431276235633,0.1256960418316427,4.962261129701374,6.262941910394024,0.2404619930692295,0.9571,0.0,30.8347,30.8466,64.4227,61.5183,0.4565333333333333,1.70644,30.23943333333333,29.86158,63.81526666666667,69.29722000000001,0.2404619930692295,0.1422813819302437
2024,D.I. Khan,41,0.2429,26.8192,59.0749,1829811,620.9389128094725,0.6689989235737352,6279.964208826696,0.3396259418729817,908,1146,44,4.962261129701374,6.262941910394024,0.2404619930692295,3.863787024998756,6.814911485393846,0.071045589,0.4125,0.9571,29.037,30.8347,65.5048,64.4227,0.5375,0.95788,28.896966666666668,29.393420000000003,63.0008,65.29288,0.071045589,0.24141942022024898
2024,D.I. Khan,42,0.0,26.5204,55.8162,1829811,620.9389128094725,0.6689989235737352,6279.964208826696,0.3396259418729817,707,1247,13,3.863787024998756,6.814911485393846,0.071045589,3.8692520702957847,5.530625841,0.3115075819305928,0.2429,0.4125,26.8192,29.037,59.0749,65.5048,0.2184666666666666,0.3224999999999999,27.458866666666665,28.81158,60.13196666666667,61.26738,0.3115075819305928,0.14219319769428376
2024,D.I. Khan,43,0.0143,26.5788,61.0922,1829811,620.9389128094725,0.6689989235737352,6279.964208826696,0.3396259418729817,708,1012,57,3.8692520702957847,5.530625841,0.3115075819305928,3.339142676484074,4.929470857919205,0.1748814495048942,0.0,0.2429,26.5204,26.8192,55.8162,59.0749,0.085733333,0.32536,26.639466666666664,27.95802,58.6611,61.18216,0.1748814495048942,0.27487211658744093
2024,D.I. Khan,44,0.0,24.1249,70.4093,1829811,620.9389128094725,0.6689989235737352,6279.964208826696,0.3396259418729817,611,902,32,3.339142676484074,4.929470857919205,0.1748814495048942,0.0,0.7510956730061092,0.0,0.0143,0.0,26.5788,26.5204,61.0922,55.8162,0.004766667,0.13394,25.741366666666664,26.61606,62.43923333333333,62.37948,0.0,0.09142239595726753
2025,D.I. Khan,37,2.1,30.4999,71.0754,2050338,620.9389128094725,0.6689989235737352,6279.964208826696,0.3396259418729817,0,2011,3,0.0,9.808138950748608,0.014631734,4.862612896020071,10.23245923355076,0.0,1.3857,11.2571,29.5198,30.3758,70.8674,74.439,4.914266666666666,2.99428,30.131833333333333,31.64418,72.12726666666667,66.29472,0.0,0.12573384051473724
2025,D.I. Khan,38,0.7286,31.7109,62.8198,2050338,620.9389128094725,0.6689989235737352,6279.964208826696,0.3396259418729817,997,2098,0,4.862612896020071,10.23245923355076,0.0,7.150040627447767,10.97867766192696,0.0,2.1,1.3857,30.4999,29.5198,71.0754,70.8674,1.4047666666666665,3.11142,30.57686666666667,31.14024,68.25420000000001,67.51122000000001,0.0,0.12138840286699029
2025,D.I. Khan,39,0.0,30.1201,67.2962,2050338,620.9389128094725,0.6689989235737352,6279.964208826696,0.3396259418729817,1466,2251,0,7.150040627447767,10.97867766192696,0.0,6.569648516488501,9.891052109457076,0.0,0.7286,2.1,31.7109,30.4999,62.8198,71.0754,0.9428666666666669,3.09428,30.776966666666667,30.445300000000003,67.0638,69.29956,0.0,0.11962817107070176
2025,D.I. Khan,40,1.0286,28.6743,62.2313,2050338,620.9389128094725,0.6689989235737352,6279.964208826696,0.3396259418729817,1347,2028,0,6.569648516488501,9.891052109457076,0.0,5.111352372145471,9.257010307568802,0.0,0.0,0.7286,30.1201,31.7109,67.2962,62.8198,0.5857333333333333,1.04858,30.168433333333336,30.105,64.11576666666666,66.85802000000001,0.0,0.12771325093627411
2025,D.I. Khan,41,0.7286,23.4939,65.5083,2050338,620.9389128094725,0.6689989235737352,6279.964208826696,0.3396259418729817,1048,1898,0,5.111352372145471,9.257010307568802,0.0,4.4139063900683695,10.130037096322654,0.0,1.0286,0.0,28.6743,30.1201,62.2313,67.2962,0.5857333333333333,0.91716,27.42943333333333,28.89982,65.01193333333333,65.78620000000001,0.0,0.13396564668916516
2025,D.I. Khan,42,0.0,24.9347,63.8934,2050338,620.9389128094725,0.6689989235737352,6279.964208826696,0.3396259418729817,905,2077,0,4.4139063900683695,10.130037096322654,0.0,4.2968525189505336,10.052001182244098,0.0,0.7286,1.0286,23.4939,28.6743,65.5083,62.2313,0.5857333333333333,0.49716,25.70096666666667,27.78678,63.87766666666667,64.3498,0.0,0.13565750503810436
2025,D.I. Khan,43,0.0,24.1582,62.0206,2050338,620.9389128094725,0.6689989235737352,6279.964208826696,0.3396259418729817,881,2061,0,4.2968525189505336,10.052001182244098,0.0,4.248080072651436,9.359432444796909,0.0,0.0,0.7286,24.9347,23.4939,63.8934,65.5083,0.2428666666666666,0.35144,24.1956,26.27624,63.807433333333336,64.18996000000001,0.0,0.1445608947449443
2024,Dadu,37,0.0538,30.7894,68.1542,1742320,40.0,2.0,19070.0,0.35,5078,4195,131,29.14504798200101,24.07709261214932,0.7518710684604435,29.36888746039763,21.677992561641947,0.7403921208503604,0.1,12.4778,30.5792,29.1878,72.3164,78.8469,4.210533333333335,10.98632,30.185466666666667,30.41048,73.10583333333334,74.05928,0.7403921208503604,0.6866379177484176
2024,Dadu,38,0.0,31.5099,60.9457,1742320,40.0,2.0,19070.0,0.35,5117,3777,129,29.36888746039763,21.677992561641947,0.7403921208503604,34.69511915147619,18.842692501951426,0.7403921208503604,0.0538,0.1,30.7894,30.5792,68.1542,72.3164,0.051266667,6.60918,30.9595,30.43078,67.13876666666667,71.73884000000001,0.7403921208503604,0.6810457482974146
2024,Dadu,39,0.0,32.4816,59.5207,1742320,40.0,2.0,19070.0,0.35,6045,3283,129,34.69511915147619,18.842692501951426,0.7403921208503604,30.63731117131181,16.127921392166765,0.7289131732402774,0.0,0.0538,31.5099,30.7894,60.9457,68.1542,0.017933333,2.526320000000001,31.593633333333333,30.90958,62.87353333333333,67.95678000000001,0.7289131732402774,0.6919766276701242
2024,Dadu,40,0.0,31.1585,61.493,1742320,40.0,2.0,19070.0,0.35,5338,2810,127,30.63731117131181,16.127921392166765,0.7289131732402774,34.322053354148494,16.024610863676017,0.8092658065108591,0.0,0.0,32.4816,31.5099,59.5207,60.9457,0.0,0.03076,31.71666666666667,31.30372,60.65313333333334,64.486,0.8092658065108591,0.6769938306140815
2024,Dadu,41,0.0,28.7855,57.8971,1742320,40.0,2.0,19070.0,0.35,5980,2792,141,34.322053354148494,16.024610863676017,0.8092658065108591,29.564029569769044,14.03875292713164,0.7346526470453189,0.0,0.0,31.1585,32.4816,61.493,59.5207,0.0,0.01076,30.808533333333333,30.94498,59.63693333333333,61.602140000000006,0.7346526470453189,0.6966525514598481
2024,Dadu,42,0.0,28.3539,56.7239,1742320,40.0,2.0,19070.0,0.35,5151,2446,128,29.564029569769044,14.03875292713164,0.7346526470453189,30.746361173607603,12.535010790210755,0.6715184351898618,0.0,0.0,28.7855,31.1585,57.8971,61.493,0.0,0.0,29.43263333333333,30.45788,58.70466666666667,59.31608,0.6715184351898618,0.6390503831839529
2024,Dadu,43,0.0,28.5995,52.0537,1742320,40.0,2.0,19070.0,0.35,5357,2184,117,30.746361173607603,12.535010790210755,0.6715184351898618,23.112861012902336,10.45732127278571,0.539510538,0.0,0.0,28.3539,28.7855,56.7239,57.8971,0.0,0.0,28.579633333333334,29.8758,55.55823333333333,57.53768,0.539510538,0.6013309163960026
2024,Dadu,44,0.0,27.8617,57.4011,1742320,40.0,2.0,19070.0,0.35,4027,1822,94,23.112861012902336,10.45732127278571,0.539510538,14.846557994700708,15.076033909068832,0.8004973757027699,0.0,0.0,28.5995,28.3539,52.0537,56.7239,0.0,0.0,28.2717,28.95182,55.3929,57.11376,0.8004973757027699,0.517902636585643
2025,Dadu,39,0.0,30.406,65.3632,1873835,40.0,2.0,19070.0,0.35,3719,2535,402,19.846998268257344,13.528405649376811,2.145332966883424,21.37327993126396,13.346959577550852,0.667081146,0.0,19.0714,30.8013,29.0024,68.0975,73.454,6.357133333333334,4.460000000000001,30.0699,31.04518,68.97156666666667,66.52852,0.667081146,1.0960753802256655
2025,Dadu,42,0.0,26.5194,45.6395,1873835,40.0,2.0,19070.0,0.35,5124,2519,508,27.344990354006622,13.443019262635184,2.7110177790467143,31.219397652408027,13.33628627920815,1.9852334917428696,0.0,0.0143,26.759,30.7096,53.5925,62.2434,0.004766667,0.00286,27.996,29.03906,53.82513333333335,58.98722,1.9852334917428696,1.0264041576324887
2024,Dera Bugti,37,0.7077,28.443,73.907,355274,250.0,0.0,10160.0,0.2,194,87,16,5.460574092109189,2.44881415470876,0.4503566261533351,5.460574092109189,2.1110466850937586,0.0,1.3,6.3889,28.2413,27.5569,79.121,79.1927,2.7988666666666666,4.75932,28.0804,28.07814,77.4069,80.16954,0.0,0.2981778179005302
2024,Dera Bugti,38,0.1,29.7237,61.2866,355274,250.0,0.0,10160.0,0.2,194,75,0,5.460574092109189,2.1110466850937586,0.0,1.7169846372095905,4.334682526725851,0.0,0.7077,1.3,28.443,28.2413,73.907,79.121,0.7025666666666667,2.30504,28.802666666666667,28.3104,71.4382,75.90348,0.0,0.11612181479787542
2024,Dera Bugti,39,0.7143,31.4722,53.7622,355274,250.0,0.0,10160.0,0.2,61,154,0,1.7169846372095905,4.334682526725851,0.0,0.0,0.506651204,0.0,0.1,0.7077,29.7237,28.443,61.2866,73.907,0.5073333333333333,1.84218,29.87963333333333,29.08742,62.98526666666667,69.4539,0.0,0.041656001021619316
2024,Dera Bugti,40,0.1125,29.4627,52.397,355274,250.0,0.0,10160.0,0.2,0,18,0,0.0,0.506651204,0.0,1.266628011056255,5.122806622494188,0.0,0.7143,0.1,31.4722,29.7237,53.7622,61.2866,0.3089333333333333,0.5869,30.21953333333333,29.46858,55.815266666666666,64.09476,0.0,0.12378352085846764
2024,Dera Bugti,41,0.1429,27.3437,45.7255,355274,250.0,0.0,10160.0,0.2,45,182,0,1.266628011056255,5.122806622494188,0.0,1.5481009024020895,5.319837646436271,0.0,0.1125,0.7143,29.4627,31.4722,52.397,53.7622,0.3232333333333333,0.35548,29.4262,29.28906,50.62823333333333,57.41566,0.0,0.12088122387534014
2024,Dera Bugti,42,0.0,28.2294,35.6675,355274,250.0,0.0,10160.0,0.2,55,189,0,1.5481009024020895,5.319837646436271,0.0,4.672449996340853,1.3510698784600057,0.0,0.1429,0.1125,27.3437,29.4627,45.7255,52.397,0.085133333,0.21394,28.345266666666664,29.24634,44.59666666666666,49.76776,0.0,0.1543735219976512
2024,Dera Bugti,43,0.0,28.7874,33.5805,355274,250.0,0.0,10160.0,0.2,166,48,0,4.672449996340853,1.3510698784600057,0.0,4.925775598552104,1.6606900589404234,0.0,0.0,0.1429,28.2294,27.3437,35.6675,45.7255,0.047633333,0.19394,28.120166666666663,29.05908,38.3245,44.22654,0.0,0.16785580046395693
2024,Dera Bugti,44,0.0,26.2124,48.1397,355274,250.0,0.0,10160.0,0.2,175,59,0,4.925775598552104,1.6606900589404234,0.0,1.7177862228259433,2.219908349498142,0.0,0.0,0.0,28.7874,28.2294,33.5805,35.6675,0.0,0.05108,27.743066666666664,28.00712,39.12923333333333,43.10204,0.0,0.11440147160574113
2025,Dera Bugti,37,0.4,28.1443,71.6208,378394,250.0,0.0,10160.0,0.2,103,84,4,2.722030476170341,2.219908349498142,0.1057099214046734,2.167053388795805,2.2463358298493104,0.0,0.7429,1.5857,29.4309,30.6142,67.7814,67.9367,0.9095333333333334,0.6857200000000001,29.39646666666667,30.33754,69.11296666666668,66.34642,0.0,0.10319897375823772
2025,Dera Bugti,38,0.1571,29.7452,62.5358,378394,250.0,0.0,10160.0,0.2,82,85,0,2.167053388795805,2.2463358298493104,0.0,1.7970686638794482,2.1406259084446373,0.0,0.4,0.7429,28.1443,29.4309,71.6208,67.7814,0.4333333333333334,0.67714,29.106800000000003,29.856780000000004,67.31266666666667,66.15932000000001,0.0,0.09644189308440596
2025,Dera Bugti,39,0.0,29.6609,56.155,378394,250.0,0.0,10160.0,0.2,68,81,0,1.7970686638794482,2.1406259084446373,0.0,2.0877709477423005,2.272763310200479,0.0,0.1571,0.4,29.7452,28.1443,62.5358,71.6208,0.1857000000000001,0.57714,29.183466666666664,29.5191,63.43720000000001,65.20594,0.0,0.11221550290249069
2025,Dera Bugti,40,1.0857,29.7752,46.5951,378394,250.0,0.0,10160.0,0.2,79,86,0,2.0877709477423005,2.272763310200479,0.0,1.321374017558418,1.109954174749071,0.0,0.0,0.1571,29.6609,29.7452,56.155,62.5358,0.4142666666666668,0.47714,29.7271,29.3513,55.0953,60.93762,0.0,0.08028013218650171
2025,Dera Bugti,41,0.0,24.024,52.9749,378394,250.0,0.0,10160.0,0.2,50,42,0,1.321374017558418,1.109954174749071,0.0,1.1363816551002397,0.8456793712373875,0.0,1.0857,0.0,29.7752,29.6609,46.5951,56.155,0.3619000000000001,0.32856,27.82003333333334,28.269920000000003,51.90833333333334,57.97632000000001,0.0,0.06448891173627139
2025,Dera Bugti,42,0.0,25.66,37.7323,378394,250.0,0.0,10160.0,0.2,43,32,0,1.1363816551002397,0.8456793712373875,0.0,1.1892366158025762,1.0835266943979027,0.0,0.0,1.0857,24.024,29.7752,52.9749,46.5951,0.3619000000000001,0.24856,26.486400000000003,27.77306,45.76743333333334,51.19862,0.0,0.07668964289020244
2025,Dera Bugti,43,0.0,25.2309,40.4825,378394,250.0,0.0,10160.0,0.2,45,41,0,1.1892366158025762,1.0835266943979027,0.0,1.1892366158025762,0.8192518908862192,0.0,0.0,0.0,25.66,24.024,37.7323,52.9749,0.0,0.21714,24.971633333333333,26.8702,43.72990000000001,46.78796,0.0,0.07359662390426244
2025,Dir Lower,37,1.1,29.6405,70.8798,1734809,800.0,1.0,1583.0,0.35,1,2021,30,0.005764323,11.649697459489776,0.1729297000419066,1.412259217008904,10.035686925765315,0.1902226700460972,1.4571,21.3286,28.0726,28.0789,74.2379,79.6271,7.9619,7.562840000000001,28.59733333333333,29.1365,74.91493333333334,75.92626,0.1902226700460972,0.15899995071574352
2025,Dir Lower,38,1.4857,28.9863,67.921,1734809,800.0,1.0,1583.0,0.35,245,1741,33,1.412259217008904,10.035686925765315,0.1902226700460972,1.164393313615505,10.531418732552115,0.0345859400083813,1.1,1.4571,29.6405,28.0726,70.8798,74.2379,1.3476,6.788560000000001,28.8998,28.93596,71.0129,74.44968,0.0345859400083813,0.16356137795873338
2025,Dir Lower,39,0.5857,28.6375,61.6696,1734809,800.0,1.0,1583.0,0.35,202,1827,6,1.164393313615505,10.531418732552115,0.0345859400083813,0.9049987635526446,9.384318389,0.1268151133640648,1.4857,1.1,28.9863,29.6405,67.921,70.8798,1.0571333333333337,5.19142,29.0881,28.68316,66.82346666666666,70.86708,0.1268151133640648,0.10959578090341202
2025,Dir Lower,40,3.4714,25.6744,69.3319,1734809,800.0,1.0,1583.0,0.35,157,1628,22,0.9049987635526446,9.384318389,0.1268151133640648,0.6744258301634358,10.17403068579884,0.1556367300377159,0.5857,1.4857,28.6375,28.9863,61.6696,67.921,1.8476,1.61998,27.766066666666664,28.202260000000003,66.3075,68.80804,0.1556367300377159,0.123814576990003
2025,Dir Lower,41,1.8714,21.5185,60.7246,1734809,800.0,1.0,1583.0,0.35,117,1765,27,0.6744258301634358,10.17403068579884,0.1556367300377159,0.9684063202346772,9.770528052367723,0.1441080833682555,3.4714,0.5857,25.6744,28.6375,69.3319,61.6696,1.9761666666666668,1.7028399999999997,25.2768,26.89144,63.9087,66.10538000000001,0.1441080833682555,0.1405454371029853
2025,Dir Lower,42,0.0,23.8717,63.51,1734809,800.0,1.0,1583.0,0.35,168,1695,25,0.9684063202346772,9.770528052367723,0.1441080833682555,0.9049987635526446,10.375782002514397,0.028821617,1.8714,3.4714,21.5185,25.6744,60.7246,69.3319,1.7809333333333337,1.48284,23.6882,25.73768,64.52216666666665,64.63142,0.028821617,0.14026856854935027
2025,Dir Lower,43,0.0,22.7101,54.9922,1734809,800.0,1.0,1583.0,0.35,157,1800,5,0.9049987635526446,10.375782002514397,0.028821617,0.6974831235023567,8.928936845497113,0.1556367300377159,0.0,1.8714,23.8717,21.5185,63.51,60.7246,0.6238,1.1857,22.700100000000003,24.48244,59.74226666666666,62.04566,0.1556367300377159,0.13017776164485276
2025,Dir Upper,37,0.2286,21.7979,69.328,1143644,1200.0,1.0,3699.0,0.35,32,2233,8,0.2798073526377089,19.525306826250127,0.069951838,0.2185994942482101,14.30515090360287,0.1486476560887828,3.5286,4.0429,21.008,21.9928,73.6706,72.2894,2.6000333333333336,3.722879999999999,21.599566666666664,22.38212,71.76266666666665,73.3726,0.1486476560887828,0.09904395337585098
2025,Dir Upper,38,0.3143,20.0024,66.9182,1143644,1200.0,1.0,3699.0,0.35,25,1636,17,0.2185994942482101,14.30515090360287,0.1486476560887828,0.1836235751684965,13.946647733035803,0.096183777,0.2286,3.5286,21.7979,21.008,69.328,73.6706,1.3571666666666669,3.6686,20.9361,21.71534,69.97226666666666,72.5194,0.096183777,0.12019875199265637
2025,Dir Upper,39,0.0286,19.4827,56.7326,1143644,1200.0,1.0,3699.0,0.35,21,1595,11,0.1836235751684965,13.946647733035803,0.096183777,0.131159696548926,13.177177513282103,0.0,0.3143,0.2286,20.0024,21.7979,66.9182,69.328,0.1905,1.6285999999999998,20.427666666666667,20.85676,64.32626666666665,67.78776,0.0,0.11057334913709074
2025,Dir Upper,40,0.8143,17.1899,59.925,1143644,1200.0,1.0,3699.0,0.35,15,1507,0,0.131159696548926,13.177177513282103,0.0,0.1573916358587112,10.40533593,0.1136717370090692,0.0286,0.3143,19.4827,20.0024,56.7326,66.9182,0.3857333333333333,0.9828799999999996,18.89166666666667,19.89618,61.19193333333333,65.31488,0.1136717370090692,0.11270341475648446
2025,Dir Upper,41,2.4143,13.597,60.223,1143644,1200.0,1.0,3699.0,0.35,18,1190,13,0.1573916358587112,10.40533593,0.1136717370090692,0.1836235751684965,9.504706009912177,0.01748796,0.8143,0.0286,17.1899,19.4827,59.925,56.7326,1.0857333333333334,0.7600199999999997,16.756533333333334,18.41398,58.96019999999999,62.62536,0.01748796,0.11166460299817557
2025,Dir Upper,42,0.0,15.6369,48.526,1143644,1200.0,1.0,3699.0,0.35,21,1087,2,0.1836235751684965,9.504706009912177,0.01748796,0.1836235751684965,8.193109044422915,0.00874398,2.4143,0.8143,13.597,17.1899,60.223,59.925,1.0762,0.7142999999999996,15.4746,17.18178,56.22466666666666,58.46496,0.00874398,0.11285620296581816
2025,Dir Upper,43,0.0,13.8741,49.0982,1143644,1200.0,1.0,3699.0,0.35,21,937,1,0.1836235751684965,8.193109044422915,0.00874398,0.2273434740181385,7.633494339147497,0.069951838,0.0,2.4143,15.6369,13.597,48.526,60.223,0.8047666666666666,0.6514399999999997,14.369333333333335,15.95612,52.61573333333333,54.90096,0.069951838,0.12692923784091015
2024,Duki,39,0.0,0.0,0.0,205044,1100.0,0.0,4233.0,0.2,31,38,7,1.5118706228906966,1.8532607635434344,0.3413901406527379,2.389730984569166,3.2188213261543868,0.2438501004662413,0.0,0.0,0.0,0.0,0.0,0.0,0.0,0.0,0.0,0.0,0.0,0.0,0.2438501004662413,0.34179818256869415
2024,Duki,40,0.0,0.0,0.0,205044,1100.0,0.0,4233.0,0.2,49,66,5,2.389730984569166,3.2188213261543868,0.2438501004662413,3.852831587366614,2.779891145315152,0.04877002,0.0,0.0,0.0,0.0,0.0,0.0,0.0,0.0,0.0,0.0,0.0,0.0,0.04877002,0.34579979049386905
2024,Duki,41,0.0,0.0,0.0,205044,1100.0,0.0,4233.0,0.2,79,57,1,3.852831587366614,2.779891145315152,0.04877002,3.511441446713876,1.8044907434501865,0.0,0.0,0.0,0.0,0.0,0.0,0.0,0.0,0.0,0.0,0.0,0.0,0.0,0.0,0.2913809290389171
2024,Duki,42,0.0,0.0,0.0,205044,1100.0,0.0,4233.0,0.2,72,37,0,3.511441446713876,1.8044907434501865,0.0,1.072940442051462,1.8044907434501865,0.7315503013987242,0.0,0.0,0.0,0.0,0.0,0.0,0.0,0.0,0.0,0.0,0.0,0.0,0.7315503013987242,0.22221076976540033
2024,Duki,43,0.0,0.0,0.0,205044,1100.0,0.0,4233.0,0.2,22,37,15,1.072940442051462,1.8044907434501865,0.7315503013987242,0.9754004018649656,3.121281286,0.0,0.0,0.0,0.0,0.0,0.0,0.0,0.0,0.0,0.0,0.0,0.0,0.0,0.0,0.419376399655095
2025,East,37,20.0429,26.7655,86.664,3514347,10.0,0.0,165.0,0.95,49,207,0,0.1394284628125794,0.5890141184123252,0.0,0.1764196876404066,0.7938885943818297,0.008536436,0.0286,15.6143,28.7004,28.6765,75.2554,85.4821,11.895266666666666,7.4143,28.047466666666665,28.26748,82.46716666666667,80.49996000000002,0.008536436,0.012075250302925972
2025,East,38,0.4143,27.2518,83.7523,3514347,10.0,0.0,165.0,0.95,62,279,3,0.1764196876404066,0.7938885943818297,0.008536436,0.1252010686480305,0.9333170571944092,0.005690958,20.0429,0.0286,26.7655,28.7004,86.664,75.2554,6.828600000000001,7.360019999999999,27.572566666666663,28.06224,81.89056666666667,81.7183,0.005690958,0.015420278194366727
2025,East,39,0.1571,27.8905,79.3725,3514347,10.0,0.0,165.0,0.95,44,328,2,0.1252010686480305,0.9333170571944092,0.005690958,0.1735742088074968,0.8451072133742058,0.0,0.4143,20.0429,27.2518,26.7655,83.7523,86.664,6.871433333333333,7.25144,27.3026,27.85694,83.26293333333334,82.10526,0.0,0.016426770313022948
2025,East,40,3.9714,29.1492,74.598,3514347,10.0,0.0,165.0,0.95,61,297,0,0.1735742088074968,0.8451072133742058,0.0,0.2304837854656925,0.8365707768754764,0.005690958,0.1571,0.4143,27.8905,27.2518,79.3725,83.7523,1.5142666666666666,4.92286,28.097166666666663,27.95148,79.24093333333333,79.92844,0.005690958,0.02090420356613462
2025,East,41,0.0,27.4825,65.1742,3514347,10.0,0.0,165.0,0.95,81,294,2,0.2304837854656925,0.8365707768754764,0.005690958,0.1565013358100381,0.7568973695540026,0.008536436,3.9714,0.1571,29.1492,27.8905,74.598,79.3725,1.376166666666667,4.91714,28.174066666666665,27.7079,73.04823333333333,77.9122,0.008536436,0.024075447550996526
2025,East,42,0.0,28.8349,45.7116,3514347,10.0,0.0,165.0,0.95,55,266,3,0.1565013358100381,0.7568973695540026,0.008536436,0.2048744759695044,0.6886058775641677,0.005690958,0.0,3.9714,27.4825,29.1492,65.1742,74.598,1.3238,0.90856,28.488866666666667,28.12178,61.82793333333333,69.72171999999999,0.005690958,0.02535831875609107
2025,East,43,0.0,29.8411,32.3089,3514347,10.0,0.0,165.0,0.95,72,242,2,0.2048744759695044,0.6886058775641677,0.005690958,0.2077199548024142,0.5491774147515883,0.002845479,0.0,0.0,28.8349,27.4825,45.7116,65.1742,0.0,0.8257000000000001,28.7195,28.63964,47.73156666666667,59.433040000000005,0.002845479,0.027210427036188978
2024,Ghotki,37,0.8538,32.2142,61.4598,1772609,72.0,1.0,6083.0,0.35,2671,1969,1,15.068184805560618,11.10792058485543,0.005641402,18.063769280196592,11.38999068604526,1.0887905905927364,1.5857,4.2,31.6266,30.3916,68.5341,72.3269,2.2131666666666665,7.436459999999999,31.410800000000005,31.31606,67.44026666666666,69.95308,1.0887905905927364,0.12243873780324047
2024,Ghotki,38,0.0429,32.8097,55.5304,1772609,72.0,1.0,6083.0,0.35,3202,2019,193,18.063769280196592,11.38999068604526,1.0887905905927364,20.467006542333927,9.725777089025271,0.0,0.8538,1.5857,32.2142,31.6266,61.4598,68.5341,0.8274666666666667,2.2479,32.216833333333334,31.51524,61.84143333333333,67.0316,0.0,0.9497925541937106
2024,Ghotki,39,0.0143,33.5177,55.1598,1772609,72.0,1.0,6083.0,0.35,3628,1724,0,20.467006542333927,9.725777089025271,0.0,17.234483182698497,8.027715079862508,0.0,0.0429,0.8538,32.8097,32.2142,55.5304,61.4598,0.3036666666666667,1.33934,32.84720000000001,32.11196,57.38333333333333,62.6022,0.0,0.14853087090758538
2024,Ghotki,40,0.125,31.7414,57.6224,1772609,72.0,1.0,6083.0,0.35,3055,1423,0,17.234483182698497,8.027715079862508,0.0,17.668871138530832,7.971301059624542,0.0,0.0143,0.0429,33.5177,32.8097,55.1598,55.5304,0.0607333333333333,0.52434,32.689600000000006,32.38192,56.1042,59.6613,0.0,0.14361214560176244
2024,Ghotki,41,0.1857,28.9698,56.2319,1772609,72.0,1.0,6083.0,0.35,3132,1413,0,17.668871138530832,7.971301059624542,0.0,18.520722844124112,6.910717479150788,0.0,0.125,0.0143,31.7414,33.5177,57.6224,55.1598,0.1083333333333333,0.24434,31.409633333333336,31.850559999999994,56.33803333333333,57.20086,0.0,0.14830279165200444
2024,Ghotki,42,0.0,28.5064,53.4649,1772609,72.0,1.0,6083.0,0.35,3283,1225,0,18.520722844124112,6.910717479150788,0.0,13.449102424731004,5.917830722962594,0.0169242060713896,0.1857,0.125,28.9698,31.7414,56.2319,57.6224,0.1035666666666666,0.07358,29.7392,31.109,55.77306666666667,55.60188000000001,0.0169242060713896,0.15939583947523472
2024,Ghotki,43,0.0,29.0299,47.5468,1772609,72.0,1.0,6083.0,0.35,2384,1049,3,13.449102424731004,5.917830722962594,0.0169242060713896,9.917584757834357,4.823398730346061,0.033848412,0.0,0.1857,28.5064,28.9698,53.4649,56.2319,0.0619,0.065,28.83536666666667,30.35304,52.41453333333334,54.00516,0.033848412,0.15389250518897424
2024,Ghotki,44,0.0,27.8296,52.4139,1772609,72.0,1.0,6083.0,0.35,1758,855,6,9.917584757834357,4.823398730346061,0.033848412,5.201287306,4.623366494,0.0,0.0,0.0,29.0299,28.5064,47.5468,53.4649,0.0,0.0621399999999999,28.455300000000005,29.21542,51.141866666666665,53.45598,0.0,0.14722375341797422
2025,Ghotki,37,3.6714,29.0234,75.3092,1989892,72.0,1.0,6083.0,0.35,5365,1264,211,26.96126221925612,6.3521035312469225,1.0603590546622632,27.383395681775696,6.583271855960022,1.1960448104721262,0.1429,0.9571,32.0924,32.7085,64.2004,66.0683,1.5904666666666667,1.00856,31.274766666666665,32.16848,68.52596666666666,63.0268,1.1960448104721262,0.9042742193093722
2025,Ghotki,38,0.0,30.8731,64.7864,1989892,72.0,1.0,6083.0,0.35,5449,1310,238,27.383395681775696,6.583271855960022,1.1960448104721262,26.488874773103262,6.342052734520265,1.0603590546622632,3.6714,0.1429,29.0234,32.0924,75.3092,64.2004,1.2714333333333334,1.00856,30.662966666666662,31.684500000000003,68.09866666666666,65.08116,1.0603590546622632,0.9402791708659504
2025,Ghotki,39,0.0,30.693,59.9124,1989892,72.0,1.0,6083.0,0.35,5271,1262,211,26.488874773103262,6.342052734520265,1.0603590546622632,29.17746289748388,6.085757417990524,0.3919810723396043,0.0,3.6714,30.8731,29.0234,64.7864,75.3092,1.2238,0.95428,30.1965,31.07808,66.66933333333334,66.05533999999999,0.3919810723396043,0.8571693842479996
2025,Ghotki,40,0.0143,31.2454,56.7592,1989892,72.0,1.0,6083.0,0.35,5806,1211,78,29.17746289748388,6.085757417990524,0.3919810723396043,35.17276314,6.497840083783442,1.1960448104721262,0.0,0.0,30.693,30.8731,59.9124,64.7864,0.004766667,0.76572,30.93716666666667,30.78546,60.486,64.19352,1.1960448104721262,0.34843906365431687
2025,Ghotki,41,0.0,26.6525,53.9411,1989892,72.0,1.0,6083.0,0.35,6999,1293,238,35.17276314,6.497840083783442,1.1960448104721262,30.815742763928892,5.563115988204386,1.0352320628456215,0.0143,0.0,31.2454,30.693,56.7592,59.9124,0.004766667,0.7371399999999999,29.5303,29.697479999999995,56.8709,62.14166,1.0352320628456215,0.9446349833317428
2025,Ghotki,42,0.0,26.9525,48.2139,1989892,72.0,1.0,6083.0,0.35,6132,1107,206,30.815742763928892,5.563115988204386,1.0352320628456215,28.488983321707916,6.186265385257089,1.0452828595722785,0.0,0.0143,26.6525,31.2454,53.9411,56.7592,0.004766667,0.00286,28.28346666666667,29.2833,52.9714,56.7226,1.0452828595722785,0.7760542725298281
2025,Ghotki,43,0.0,26.7043,48.7234,1989892,72.0,1.0,6083.0,0.35,5669,1231,208,28.488983321707916,6.186265385257089,1.0452828595722785,25.48379510043761,4.749001453345207,0.7739113479525521,0.0,0.0,26.9525,26.6525,48.2139,53.9411,0.0,0.00286,26.769766666666666,28.44954,50.2928,53.50999999999999,0.7739113479525521,0.6814182303954166
2024,Gwadar,38,0.0,27.4943,88.225,305160,12.0,0.0,12637.0,0.35,218,296,0,7.143793419845327,9.699829598,0.0,9.798138681,8.192423646611614,0.0,0.0,0.9222,27.6887,27.4365,84.6218,88.9563,0.3074,0.18444,27.53983333333333,28.483600000000003,87.26769999999999,87.22798,0.0,0.20172532954613798
2024,Gwadar,39,0.0,27.6297,85.5231,305160,12.0,0.0,12637.0,0.35,299,250,0,9.798138681,8.192423646611614,0.0,42.43675448944816,17.72840477126753,0.0,0.0,0.0,27.4943,27.6887,88.225,84.6218,0.0,0.18444,27.604233333333337,27.94162,86.12330000000001,86.96725999999998,0.0,0.21387929593537006
2024,Gwadar,40,0.0,28.0532,86.5693,305160,12.0,0.0,12637.0,0.35,1295,541,0,42.43675448944816,17.72840477126753,0.0,1.1141696159391794,0.4915454187966968,0.0,0.0,0.0,27.6297,27.4943,85.5231,88.225,0.0,0.18444,27.72573333333333,27.66048,86.77246666666667,86.7791,0.0,0.0707841669996441
2024,Gwadar,41,0.0,27.7553,84.9068,305160,12.0,0.0,12637.0,0.35,34,15,0,1.1141696159391794,0.4915454187966968,0.0,0.2621575566915716,0.4915454187966968,0.0,0.0,0.0,28.0532,27.6297,86.5693,85.5231,0.0,0.0,27.81273333333333,27.72424,85.6664,85.9692,0.0,0.061962543950740606
2024,Gwadar,44,0.0,26.5726,87.9346,305160,12.0,0.0,12637.0,0.35,224,1389,1,7.340411587364006,45.51710578057412,0.0327696945864464,1.698396273592769,5.9443869575746895,0.4088731769760368,0.0,0.7,27.1464,27.611,86.8181,80.2056,0.2333333333333333,0.1399999999999999,27.11,27.4277,84.98610000000001,85.28688000000001,0.4088731769760368,0.12771516347214937
2025,Gwadar,37,2.9714,27.2762,84.6519,317947,12.0,0.0,12637.0,0.35,7,17,5,0.2201624799101737,0.534680308,0.1572589142215526,0.094355349,0.534680308,0.062903566,0.0143,0.0,27.1333,27.4857,87.4442,92.677,0.9952333333333332,0.59714,27.2984,27.76148,88.2577,87.20266,0.062903566,0.0891390469250033
2025,Gwadar,38,0.0,27.3494,87.8252,317947,12.0,0.0,12637.0,0.35,3,17,2,0.094355349,0.534680308,0.062903566,0.0,0.4088731769760368,0.062903566,2.9714,0.0143,27.2762,27.1333,84.6519,87.4442,0.9952333333333332,0.59714,27.252966666666666,27.50916,86.64043333333332,87.55694000000001,0.062903566,0.05056600309420131
2025,Gwadar,40,0.0,27.8375,85.0772,317947,12.0,0.0,12637.0,0.35,0,13,2,0.0,0.4088731769760368,0.062903566,0.7548427882634527,0.3459696112874158,0.062903566,0.0,2.9714,27.3494,27.2762,87.8252,84.6519,0.9904666666666668,0.59714,27.4877,27.41642,85.85143333333333,87.53509999999999,0.062903566,0.08229641575277583
2025,Gwadar,42,0.0,26.9422,77.5141,317947,12.0,0.0,12637.0,0.35,24,11,2,0.7548427882634527,0.3459696112874158,0.062903566,6.510519049,9.246824156227296,0.062903566,0.0,0.0,27.8375,27.3494,85.0772,87.8252,0.0,0.59714,27.376366666666662,27.30772,83.47216666666667,84.50252,0.062903566,0.220739542793488
2025,Gwadar,43,0.0,26.8202,85.4915,317947,12.0,0.0,12637.0,0.35,207,294,2,6.510519049,9.246824156227296,0.062903566,5.504061997754343,9.49843841898178,0.094355349,0.0,0.0,26.9422,27.8375,77.5141,85.0772,0.0,0.59428,27.199966666666665,27.2451,82.69426666666668,84.11197999999999,0.094355349,0.20533673615827314
2024,Hangu,37,1.3308,25.4121,71.607,528902,900.0,0.0,1097.0,0.2,202,82,0,3.8192330526260063,1.5503817342343196,0.0,3.365462788947669,1.8528952433532109,0.037814189,3.8429,2.9222,25.1292,25.3686,77.856,75.8516,2.698633333333333,3.43346,25.303300000000004,25.65532,75.10486666666667,76.76068000000001,0.037814189,0.10312701714497005
2024,Hangu,38,0.0,26.9425,46.3399,528902,900.0,0.0,1097.0,0.2,178,98,2,3.365462788947669,1.8528952433532109,0.037814189,2.1554087524721024,1.9096165263130032,0.0567212829597921,1.3308,3.8429,25.4121,25.1292,71.607,77.856,1.7245666666666668,2.23632,25.82793333333333,25.73328,65.26763333333334,69.70357999999999,0.0567212829597921,0.09209662472532415
2024,Hangu,39,1.6714,26.9661,60.9453,528902,900.0,0.0,1097.0,0.2,114,101,3,2.1554087524721024,1.9096165263130032,0.0567212829597921,1.361310791035012,2.382293884311271,0.0567212829597921,0.0,1.3308,26.9425,25.4121,46.3399,71.607,1.0007333333333337,1.95346,26.44023333333333,25.9637,59.63073333333333,66.51996,0.0567212829597921,0.08274864605628796
2024,Hangu,40,1.225,25.4217,47.4189,528902,900.0,0.0,1097.0,0.2,72,126,3,1.361310791035012,2.382293884311271,0.0567212829597921,1.947430714952865,1.2667753194353586,0.0,1.6714,0.0,26.9661,26.9425,60.9453,46.3399,0.9654666666666666,1.61402,26.44343333333333,25.97432,51.56803333333334,60.83342,0.0,0.06186746777210292
2024,Hangu,41,0.9143,22.4708,45.8971,528902,900.0,0.0,1097.0,0.2,103,67,0,1.947430714952865,1.2667753194353586,0.0,2.60917901615044,1.4936604512745273,0.0,1.225,1.6714,25.4217,26.9661,47.4189,60.9453,1.270233333333333,1.0283,24.952866666666665,25.44264,51.420433333333335,54.44164000000001,0.0,0.09758980069913709
2024,Hangu,42,0.0143,23.2922,41.1636,528902,900.0,0.0,1097.0,0.2,138,79,0,2.60917901615044,1.4936604512745273,0.0,1.2856824137552894,1.6071030171941114,0.037814189,0.9143,1.225,22.4708,25.4217,45.8971,47.4189,0.7178666666666668,0.765,23.728233333333336,25.01866,44.82653333333334,48.35296,0.037814189,0.07003370880806212
2024,Hangu,43,0.4,21.9979,51.1082,528902,900.0,0.0,1097.0,0.2,68,85,2,1.2856824137552894,1.6071030171941114,0.037814189,0.9075405273566748,0.9264476216766054,0.0,0.0143,0.9143,23.2922,22.4708,41.1636,45.8971,0.4428666666666667,0.845,22.58696666666667,24.029740000000004,46.0563,49.30662,0.0,0.043878313245411915
2024,Hangu,44,0.0429,20.3354,62.92,528902,900.0,0.0,1097.0,0.2,48,49,0,0.9075405273566748,0.9264476216766054,0.0,0.0,1.2272226675995683,0.0,0.4,0.0143,21.9979,23.2922,51.1082,41.1636,0.1524,0.5193,21.87516666666667,22.7036,51.7306,49.70156,0.0,0.023017222672915755
2025,Hangu,37,0.4429,27.8696,60.9273,627433,900.0,0.0,1097.0,0.2,133,225,4,2.119748244035618,3.5860402624662715,0.063751827,4.606069492678899,4.685759276289262,0.1912554806648678,6.1857,11.5286,25.3774,26.1354,70.9377,76.0144,6.0524,5.13144,26.460800000000003,27.7325,69.29313333333333,66.77594,0.1912554806648678,0.13058674685646143
2025,Hangu,38,1.7429,26.4809,61.914,627433,900.0,0.0,1097.0,0.2,289,294,12,4.606069492678899,4.685759276289262,0.1912554806648678,2.4863212486432813,6.088299467831625,0.1912554806648678,0.4429,6.1857,27.8696,25.3774,60.9273,70.9377,2.7905,4.82002,26.575966666666663,27.16796,64.593,66.57274,0.1912554806648678,0.16544081231472435
2025,Hangu,39,0.7429,25.8937,52.8677,627433,900.0,0.0,1097.0,0.2,156,382,12,2.4863212486432813,6.088299467831625,0.1912554806648678,1.7850511528720996,4.462627882180248,0.2709452642752294,1.7429,0.4429,26.4809,27.8696,61.914,60.9273,0.9762333333333334,4.1286000000000005,26.74806666666667,26.3514,58.56966666666667,64.53222,0.2709452642752294,0.15082869015565928
2025,Hangu,40,3.0571,23.5836,58.2296,627433,900.0,0.0,1097.0,0.2,112,280,17,1.7850511528720996,4.462627882180248,0.2709452642752294,2.326941681422558,5.307339588450082,0.079689784,0.7429,1.7429,25.8937,26.4809,52.8677,61.914,1.8476333333333332,2.4343,25.3194,25.84104,57.670433333333335,60.975260000000006,0.079689784,0.19121963817790427
2025,Hangu,41,1.7,18.8372,56.255,627433,900.0,0.0,1097.0,0.2,146,333,5,2.326941681422558,5.307339588450082,0.079689784,2.024120503703184,3.601978219188344,0.2709452642752294,3.0571,0.7429,23.5836,25.8937,58.2296,52.8677,1.8333333333333333,1.53716,22.771500000000003,24.533,55.7841,58.03872,0.2709452642752294,0.09677510264182335
2025,Hangu,42,0.0,22.042,48.0125,627433,900.0,0.0,1097.0,0.2,127,226,17,2.024120503703184,3.601978219188344,0.2709452642752294,2.1516241574797625,4.733573146455479,0.0,1.7,3.0571,18.8372,23.5836,56.255,58.2296,1.5857,1.4485800000000002,21.4876,23.36748,54.1657,55.45576,0.0,0.19353963265112245
2025,Hangu,43,0.0,20.8098,38.4379,627433,900.0,0.0,1097.0,0.2,135,297,0,2.1516241574797625,4.733573146455479,0.0,2.5181971620874264,3.012273820471668,0.0159379567220723,0.0,1.7,22.042,18.8372,48.0125,56.255,0.5666666666666667,1.1,20.563,22.23326,47.568466666666666,50.760540000000006,0.0159379567220723,0.1235301440211842
2024,Haripur,37,3.9923,25.8452,78.9587,1174783,605.0,2.0,1725.0,0.65,31,1102,29,0.263878521,9.380455794814871,0.2468540998635492,0.4681715687067314,8.086599823116268,0.2298296791833044,4.4429,10.4333,25.9854,26.4012,82.6332,80.8991,6.289499999999999,5.76226,26.077266666666663,26.616300000000003,80.83033333333333,81.07994,0.2298296791833044,0.1907270278932076
2024,Haripur,38,0.0,26.1417,69.422,1174783,605.0,2.0,1725.0,0.65,55,950,27,0.4681715687067314,8.086599823116268,0.2298296791833044,0.5192448307474657,8.112136454136637,0.5958547238085672,3.9923,4.4429,25.8452,25.9854,78.9587,82.6332,2.811733333333333,4.60798,25.990766666666666,26.31232,77.00463333333333,78.42004,0.5958547238085672,0.20107972796396686
2024,Haripur,39,3.6429,26.4821,74.5052,1174783,605.0,2.0,1725.0,0.65,61,953,70,0.5192448307474657,8.112136454136637,0.5958547238085672,0.2894151515641612,5.6946687175418775,0.034048841,0.0,3.9923,26.1417,25.8452,69.422,78.9587,2.5450666666666666,4.50228,26.156333333333333,26.171119999999995,74.2953,77.28364,0.034048841,0.30370087198971774
2024,Haripur,40,0.1125,24.2448,68.0237,1174783,605.0,2.0,1725.0,0.65,34,669,4,0.2894151515641612,5.6946687175418775,0.034048841,0.4426349376863642,5.958547238085671,0.1957808378228149,3.6429,0.0,26.4821,26.1417,74.5052,69.422,1.2518,2.43812,25.622866666666667,25.73984,70.6503,74.70855999999999,0.1957808378228149,0.11415922020902353
2024,Haripur,41,0.9571,21.8372,63.6415,1174783,605.0,2.0,1725.0,0.65,52,700,23,0.4426349376863642,5.958547238085671,0.1957808378228149,0.3404884136048955,6.426718806792403,0.0170244206802447,0.1125,3.6429,24.2448,26.4821,68.0237,74.5052,1.5708333333333335,1.74096,24.188033333333333,24.9102,68.72346666666668,70.91022,0.0170244206802447,0.17455775693697
2024,Haripur,42,0.0,21.9292,60.6994,1174783,605.0,2.0,1725.0,0.65,40,755,2,0.3404884136048955,6.426718806792403,0.0170244206802447,0.4681715687067314,5.566985562440042,0.2383418895234268,0.9571,0.1125,21.8372,24.2448,63.6415,68.0237,0.3565333333333333,0.9425,22.6704,24.127,64.12153333333335,67.25836000000001,0.2383418895234268,0.11523154214337405
2024,Haripur,43,0.0,21.3774,62.1213,1174783,605.0,2.0,1725.0,0.65,55,654,28,0.4681715687067314,5.566985562440042,0.2383418895234268,0.2723907308839164,5.209472728154902,0.1021465240814686,0.0,0.9571,21.9292,21.8372,60.6994,63.6415,0.3190333333333333,0.9425,21.7146,23.17414,62.154066666666665,65.79821999999999,0.1021465240814686,0.200340336311686
2024,Haripur,44,0.0143,19.3149,75.1569,1174783,605.0,2.0,1725.0,0.65,32,612,12,0.2723907308839164,5.209472728154902,0.1021465240814686,0.0,0.0,0.0,0.0,0.0,21.3774,21.9292,62.1213,60.6994,0.004766667,0.21678,20.873833333333334,21.7407,65.99253333333333,65.92855999999999,0.0,0.04774244568154937
2025,Haripur,37,0.9857,27.047,78.9655,1212553,605.0,2.0,1725.0,0.65,399,1665,1,3.290577813918237,13.731358546801667,0.008247062,0.07422356,11.88401662,0.024741187,2.5571,13.7143,25.7149,26.3687,81.0783,83.5104,5.752366666666666,5.61142,26.37686666666667,27.04564,81.18473333333334,81.60458,0.024741187,0.10707966460796764
2025,Haripur,38,3.1429,26.2152,76.5695,1212553,605.0,2.0,1725.0,0.65,9,1441,3,0.07422356,11.88401662,0.024741187,0.016494124,10.853133842396993,0.082470622,0.9857,2.5571,27.047,25.7149,78.9655,81.0783,2.228566666666666,5.4428600000000005,26.3257,26.70922,78.87110000000001,80.85074,0.082470622,0.09940378938970507
2025,Haripur,39,0.7286,25.3372,70.7964,1212553,605.0,2.0,1725.0,0.65,2,1316,10,0.016494124,10.853133842396993,0.082470622,0.082470622,8.873838916731886,0.3793648607524784,3.1429,0.9857,26.2152,27.047,76.5695,78.9655,1.619066666666666,4.22572,26.1998,26.1366,75.44380000000001,78.18402,0.3793648607524784,0.10961049066577477
2025,Haripur,40,2.3571,23.367,71.3602,1212553,605.0,2.0,1725.0,0.65,10,1076,46,0.082470622,8.873838916731886,0.3793648607524784,0.082470622,7.743991396664724,0.214423616947053,0.7286,3.1429,25.3372,26.2152,70.7964,76.5695,2.0762,1.95428,24.973133333333333,25.53626,72.9087,75.75398,0.214423616947053,0.19958647948296782
2025,Haripur,41,6.1857,19.0464,69.9846,1212553,605.0,2.0,1725.0,0.65,10,939,26,0.082470622,7.743991396664724,0.214423616947053,0.1484471194248828,8.181085693,0.4041060473232922,2.3571,0.7286,23.367,25.3372,71.3602,70.7964,3.090466666666666,2.68,22.58353333333333,24.20256,70.71373333333334,73.53524,0.4041060473232922,0.1668244287178798
2025,Haripur,42,0.0,21.1015,68.0529,1212553,605.0,2.0,1725.0,0.65,18,992,49,0.1484471194248828,8.181085693,0.4041060473232922,0.1731883059956967,7.216179416487362,0.024741187,6.1857,2.3571,19.0464,23.367,69.9846,71.3602,2.8475999999999995,2.48286,21.171633333333336,23.01346,69.79923333333333,71.35272,0.024741187,0.22350429579283523
2025,Haripur,43,0.0,20.0048,58.8507,1212553,605.0,2.0,1725.0,0.65,21,875,3,0.1731883059956967,7.216179416487362,0.024741187,0.1566941816151541,8.362521060935068,0.2886471766594944,0.0,6.1857,21.1015,19.0464,68.0529,69.9846,2.061899999999999,1.85428,20.0509,21.77138,65.62939999999999,67.80896,0.2886471766594944,0.11868701622410632
2024,Harnai,37,0.0,0.0,0.0,127571,620.9389128094725,0.6689989235737352,6279.964208826696,0.3396259418729817,60,62,0,4.703263280839689,4.860038723534346,0.0,5.957466822,7.446833527996175,0.3135508853893126,0.0,0.0,0.0,0.0,0.0,0.0,0.0,0.0,0.0,0.0,0.0,0.0,0.3135508853893126,0.26446139280088893
2024,Harnai,38,0.0,0.0,0.0,127571,620.9389128094725,0.6689989235737352,6279.964208826696,0.3396259418729817,76,95,4,5.957466822,7.446833527996175,0.3135508853893126,7.838772134732816,8.387486184164112,0.3135508853893126,0.0,0.0,0.0,0.0,0.0,0.0,0.0,0.0,0.0,0.0,0.0,0.0,0.3135508853893126,0.3121321360469561
2024,Harnai,39,0.0,0.0,0.0,127571,620.9389128094725,0.6689989235737352,6279.964208826696,0.3396259418729817,100,107,4,7.838772134732816,8.387486184164112,0.3135508853893126,0.7054894921259535,6.506180871828238,0.2351631640419844,0.0,0.0,0.0,0.0,0.0,0.0,0.0,0.0,0.0,0.0,0.0,0.0,0.2351631640419844,0.25429332991980236
2024,Harnai,40,0.0,0.0,0.0,127571,620.9389128094725,0.6689989235737352,6279.964208826696,0.3396259418729817,9,83,3,0.7054894921259535,6.506180871828238,0.2351631640419844,1.7245298696412197,7.838772134732816,1.959693033683204,0.0,0.0,0.0,0.0,0.0,0.0,0.0,0.0,0.0,0.0,0.0,0.0,1.959693033683204,0.23993766311648634
2024,Harnai,41,0.0,0.0,0.0,127571,620.9389128094725,0.6689989235737352,6279.964208826696,0.3396259418729817,22,100,25,1.7245298696412197,7.838772134732816,1.959693033683204,2.430019361767173,6.5845685931755655,0.6271017707786252,0.0,0.0,0.0,0.0,0.0,0.0,0.0,0.0,0.0,0.0,0.0,0.0,0.6271017707786252,0.4865738519079804
2024,Harnai,42,0.0,0.0,0.0,127571,620.9389128094725,0.6689989235737352,6279.964208826696,0.3396259418729817,31,84,8,2.430019361767173,6.5845685931755655,0.6271017707786252,8.152323020122129,2.1948561977251884,0.1567754426946563,0.0,0.0,0.0,0.0,0.0,0.0,0.0,0.0,0.0,0.0,0.0,0.0,0.1567754426946563,0.34125884665367195
2024,Hub,37,0.1308,27.3095,81.2129,382885,620.9389128094725,0.6689989235737352,6279.964208826696,0.3396259418729817,89,110,0,2.324457735351346,2.872925290883686,0.0,3.107982815,2.6378677670841117,0.0,0.2143,14.3,27.1365,27.9016,84.7943,80.3906,4.8817,3.30616,27.4492,27.93214,82.13260000000001,80.92616000000001,0.0,0.1207333475554819
2024,Hub,38,0.0,28.1802,75.9865,382885,620.9389128094725,0.6689989235737352,6279.964208826696,0.3396259418729817,119,101,0,3.107982815,2.6378677670841117,0.0,2.402810243284537,3.1341003173276567,0.0,0.1308,0.2143,27.3095,27.1365,81.2129,84.7943,0.1150333333333333,3.0947400000000003,27.54206666666666,27.88274,80.66456666666669,79.73060000000001,0.0,0.1181057092280168
2024,Hub,39,0.0,28.9811,73.5485,382885,620.9389128094725,0.6689989235737352,6279.964208826696,0.3396259418729817,92,120,0,2.402810243284537,3.1341003173276567,0.0,0.9141125925539,2.2983402327069484,0.0,0.0,0.1308,28.1802,27.3095,75.9865,81.2129,0.0436,2.9290200000000004,28.15693333333333,27.90178,76.91596666666668,79.18656000000001,0.0,0.08951347534464571
2024,Hub,40,0.0,28.8825,73.6809,382885,620.9389128094725,0.6689989235737352,6279.964208826696,0.3396259418729817,35,88,0,0.9141125925539,2.2983402327069484,0.0,0.182822519,2.167752719484963,0.0,0.0,0.0,28.9811,28.1802,73.5485,75.9865,0.0,0.06902,28.681266666666662,28.09796,74.40530000000001,77.84461999999999,0.0,0.04402195827935937
2024,Hub,41,0.0,31.4371,44.3025,382885,620.9389128094725,0.6689989235737352,6279.964208826696,0.3396259418729817,7,83,0,0.182822519,2.167752719484963,0.0,1.8021076824634028,4.518327957480706,0.0,0.0,0.0,28.8825,28.9811,73.6809,73.5485,0.0,0.02616,29.7669,28.95808,63.84396666666667,69.74626,0.0,0.104340124041854
2024,Hub,42,0.0143,30.9799,53.424,382885,620.9389128094725,0.6689989235737352,6279.964208826696,0.3396259418729817,69,173,0,1.8021076824634028,4.518327957480706,0.0,5.040678010368649,1.4103451427974458,0.0,0.0,0.0,31.4371,28.8825,44.3025,73.6809,0.004766667,0.00286,30.433166666666665,29.69216,57.1358,64.18848,0.0,0.13874780310176799
2024,Hub,43,0.0,30.3618,55.5612,382885,620.9389128094725,0.6689989235737352,6279.964208826696,0.3396259418729817,193,54,0,5.040678010368649,1.4103451427974458,0.0,2.6378677670841117,0.2611750264439714,0.0,0.0143,0.0,30.9799,31.4371,53.424,44.3025,0.004766667,0.00286,30.926266666666663,30.128480000000003,51.09590000000001,60.10342000000001,0.0,0.06420923474130522
2024,Hub,44,0.0,27.2829,72.803,382885,620.9389128094725,0.6689989235737352,6279.964208826696,0.3396259418729817,101,10,0,2.6378677670841117,0.2611750264439714,0.0,1.9055455706892444,4.417401095688703,0.086615708,0.0,0.0143,30.3618,30.9799,55.5612,53.424,0.004766667,0.00286,29.54153333333333,29.78884,60.59606666666667,59.95432000000001,0.086615708,0.09221815475389139
2025,Hub,37,13.4286,26.5847,85.3701,461810,620.9389128094725,0.6689989235737352,6279.964208826696,0.3396259418729817,307,231,1,6.647755570472706,5.0020571230592665,0.0216539269396505,1.0826963469825253,3.291396894826877,0.043307853879301,0.4143,13.2286,28.5716,28.9802,75.4284,81.7757,9.023833333333334,5.54574,28.0455,28.34706,80.85806666666667,78.32982000000001,0.043307853879301,0.06582670501210514
2025,Hub,38,0.4286,27.2183,81.6077,461810,620.9389128094725,0.6689989235737352,6279.964208826696,0.3396259418729817,50,152,2,1.0826963469825253,3.291396894826877,0.043307853879301,3.03154977155107,5.348519954093675,0.043307853879301,13.4286,0.4143,26.5847,28.5716,85.3701,75.4284,4.7571666666666665,5.60288,27.4582,28.099200000000003,80.80206666666668,79.71592000000001,0.043307853879301,0.11430360763874292
2025,Hub,39,0.2286,27.5511,79.2712,461810,620.9389128094725,0.6689989235737352,6279.964208826696,0.3396259418729817,140,247,2,3.03154977155107,5.348519954093675,0.043307853879301,4.135900045473247,4.439055022628353,0.043307853879301,0.4286,13.4286,27.2183,26.5847,81.6077,85.3701,4.695266666666666,5.54574,27.118033333333333,27.78118,82.083,80.69062,0.043307853879301,0.13713589822965383
2025,Hub,40,1.3429,29.1883,70.6579,461810,620.9389128094725,0.6689989235737352,6279.964208826696,0.3396259418729817,191,205,2,4.135900045473247,4.439055022628353,0.043307853879301,1.2775816894393797,3.3996665295251294,0.0216539269396505,0.2286,0.4286,27.5511,27.2183,79.2712,81.6077,0.6667,3.1686,27.9859,27.8228,77.17893333333335,78.46706,0.0216539269396505,0.08966445796185862
2025,Hub,41,0.0,26.6505,65.042,461810,620.9389128094725,0.6689989235737352,6279.964208826696,0.3396259418729817,59,157,1,1.2775816894393797,3.3996665295251294,0.0216539269396505,2.1653926939650505,3.7461293605595376,0.0,1.3429,0.2286,29.1883,27.5511,70.6579,79.2712,0.5238333333333334,3.0857399999999995,27.796633333333336,27.43858,71.65703333333335,76.38978,0.0,0.09845057537664381
2025,Hub,42,0.0,26.9594,49.9529,461810,620.9389128094725,0.6689989235737352,6279.964208826696,0.3396259418729817,100,173,0,2.1653926939650505,3.7461293605595376,0.0,4.179207899352548,3.594551871981984,0.086615708,0.0,1.3429,26.6505,29.1883,65.042,70.6579,0.4476333333333333,0.4000199999999996,27.599400000000003,27.51352,61.88426666666667,69.30634,0.086615708,0.15713609176557713
2025,Hub,43,0.0,27.538,37.1313,461810,620.9389128094725,0.6689989235737352,6279.964208826696,0.3396259418729817,193,166,4,4.179207899352548,3.594551871981984,0.086615708,3.2697429678872263,2.2087005478443515,0.0,0.0,0.0,26.9594,26.6505,49.9529,65.042,0.0,0.3142999999999997,27.0493,27.57746,50.70873333333335,60.411060000000006,0.0,0.1349047411815817
2024,Hyderabad,37,1.4923,28.7588,75.5781,2432540,20.0,2.0,993.0,0.75,743,1703,9,3.054420482294228,7.000912626308303,0.0369983638501319,3.6710598797964265,6.404827875389511,0.065774869,2.7714,14.6,28.7479,28.8243,78.1681,78.1478,6.2879000000000005,4.755599999999999,28.777,29.41226,77.298,75.25559999999999,0.065774869,0.10506222151216527
2024,Hyderabad,38,0.0,30.3066,66.7941,2432540,20.0,2.0,993.0,0.75,893,1558,16,3.6710598797964265,6.404827875389511,0.065774869,4.008156083764296,6.347274864955972,0.082218586,1.4923,2.7714,28.7588,28.7479,75.5781,78.1681,1.4212333333333331,3.95274,29.2711,29.3665,73.51343333333334,74.16262,0.082218586,0.12166708547122435
2024,Hyderabad,39,0.0,31.4452,63.4509,2432540,20.0,2.0,993.0,0.75,975,1544,20,4.008156083764296,6.347274864955972,0.082218586,3.4038494742121403,6.084175388688367,0.0616639397502199,0.0,1.4923,30.3066,28.7588,66.7941,75.5781,0.4974333333333333,3.77274,30.170200000000005,29.61656,68.60770000000001,72.4278,0.0616639397502199,0.12733639111066625
2024,Hyderabad,40,0.0,31.2091,61.8932,2432540,20.0,2.0,993.0,0.75,828,1480,15,3.4038494742121403,6.084175388688367,0.0616639397502199,4.020488872,6.881695676124545,0.0616639397502199,0.0,0.0,31.4452,30.3066,63.4509,66.7941,0.0,0.85274,30.986966666666664,30.09352,64.04606666666666,69.17688000000001,0.0616639397502199,0.1340385764048236
2024,Hyderabad,41,0.0,31.9521,39.8386,2432540,20.0,2.0,993.0,0.75,978,1674,15,4.020488872,6.881695676124545,0.0616639397502199,3.654616162529701,6.984468909041578,0.0616639397502199,0.0,0.0,31.2091,31.4452,61.8932,63.4509,0.0,0.29846,31.535466666666668,30.73436,55.0609,61.51098,0.0616639397502199,0.13680563528902984
2024,Hyderabad,42,0.0,32.3723,41.8828,2432540,20.0,2.0,993.0,0.75,889,1699,15,3.654616162529701,6.984468909041578,0.0616639397502199,1.7594777475396088,6.721369432773973,0.1027732329170332,0.0,0.0,31.9521,31.2091,39.8386,61.8932,0.0,0.0,31.8445,31.45706,47.87153333333333,54.77192,0.1027732329170332,0.10094933665160516
2024,Hyderabad,43,0.0,31.9348,36.115,2432540,20.0,2.0,993.0,0.75,428,1635,25,1.7594777475396088,6.721369432773973,0.1027732329170332,2.8488740164601607,4.908449604117507,0.098662304,0.0,0.0,32.3723,31.9521,41.8828,39.8386,0.0,0.0,32.0864,31.7827,39.2788,48.6361,0.098662304,0.12045812406542244
2024,Hyderabad,44,0.0,29.2741,50.8722,2432540,20.0,2.0,993.0,0.75,693,1194,24,2.8488740164601607,4.908449604117507,0.098662304,2.485301566,9.253142440114948,0.030079293,0.0,0.0,31.9348,32.3723,36.115,41.8828,0.0,0.0,31.19373333333333,31.34848,42.95666666666667,46.120360000000005,0.030079293,0.11922724457636133
2025,Hyderabad,37,10.4,27.6512,80.4945,2659637,20.0,2.0,993.0,0.75,1649,2495,41,6.200094223,9.380979434411538,0.1541563754752998,5.357874025665908,9.907367057985732,0.1579162870722583,0.9571,13.1714,30.8283,30.5229,65.397,76.3602,8.176166666666667,4.90856,29.667466666666662,30.15678,74.08389999999999,70.4538,0.1579162870722583,0.1391181112740368
2025,Hyderabad,38,0.0,28.8554,74.1076,2659637,20.0,2.0,993.0,0.75,1425,2635,42,5.357874025665908,9.907367057985732,0.1579162870722583,5.6737065998104255,7.301748321,0.1503964638783413,10.4,0.9571,27.6512,30.8283,80.4945,65.397,3.7857,4.90856,29.111633333333334,29.86626,73.33303333333333,71.99442,0.1503964638783413,0.16857393954111377
2025,Hyderabad,39,0.0286,29.7634,65.666,2659637,20.0,2.0,993.0,0.75,1509,1942,40,5.6737065998104255,7.301748321,0.1503964638783413,4.455495242395861,5.83914271,0.3120726625475582,0.0,10.4,28.8554,27.6512,74.1076,80.4945,3.4762000000000004,4.911420000000001,28.75666666666667,29.52424,73.4227,72.40506,0.3120726625475582,0.1483436645166764
2025,Hyderabad,40,1.7714,30.1196,67.688,2659637,20.0,2.0,993.0,0.75,1185,1553,83,4.455495242395861,5.83914271,0.3120726625475582,8.47484074,10.411195211978177,0.1879955798479266,0.0286,0.0,29.7634,28.8554,65.666,74.1076,0.6,2.6314200000000008,29.579466666666665,29.44358,69.15386666666666,70.67062000000001,0.1879955798479266,0.2896473122882347
2025,Hyderabad,41,0.0,28.5253,46.303,2659637,20.0,2.0,993.0,0.75,2254,2769,50,8.47484074,10.411195211978177,0.1879955798479266,8.320684364069232,9.53137589828988,0.184235668250968,1.7714,0.0286,30.1196,29.7634,67.688,65.666,0.6,2.4400000000000004,29.46943333333333,28.98298,59.88566666666666,66.85182,0.184235668250968,0.2099501743320542
2025,Hyderabad,42,0.0,29.2378,32.3864,2659637,20.0,2.0,993.0,0.75,2213,2535,49,8.320684364069232,9.53137589828988,0.184235668250968,6.749041316540565,9.061386948670062,0.1804757566540095,0.0,1.7714,28.5253,30.1196,46.303,67.688,0.5904666666666667,0.3600000000000004,29.29423333333333,29.300300000000004,48.792466666666655,57.2302,0.1804757566540095,0.20652717564647474
2025,Hyderabad,43,0.0,29.0902,33.3887,2659637,20.0,2.0,993.0,0.75,1795,2410,48,6.749041316540565,9.061386948670062,0.1804757566540095,7.328067702472179,8.226686574145269,0.1879955798479266,0.0,0.0,29.2378,28.5253,32.3864,46.303,0.0,0.3600000000000004,28.9511,29.34726,37.35936666666666,49.08642,0.1879955798479266,0.20630374429401402
2024,Jacobabad,37,0.9308,31.6349,66.8997,1174097,55.0,0.0,2686.0,0.35,1343,1245,47,11.438577902847893,10.60389388610992,0.4003076406804549,11.464129454380686,9.351867861002969,0.4343763760575148,1.7286,9.2889,31.1042,30.2491,72.5422,74.4796,3.982766666666666,5.2182200000000005,30.996066666666664,31.11998,71.30716666666666,72.55600000000001,0.4343763760575148,0.4374234614734364
2024,Jacobabad,38,0.0,32.4837,57.4245,1174097,55.0,0.0,2686.0,0.35,1346,1098,51,11.464129454380686,9.351867861002969,0.4343763760575148,11.26823422596259,9.053766426453691,0.4003076406804549,0.9308,1.7286,31.6349,31.1042,66.8997,72.5422,0.8864666666666666,3.16108,31.74093333333333,31.20576,65.62213333333332,70.03772000000001,0.4003076406804549,0.47274775379640993
2024,Jacobabad,39,0.1,33.495,54.861,1174097,55.0,0.0,2686.0,0.35,1323,1063,47,11.26823422596259,9.053766426453691,0.4003076406804549,11.489681005913482,8.236116777404252,0.3151358022378049,0.0,0.9308,32.4837,31.6349,57.4245,66.8997,0.3435999999999999,2.40966,32.537866666666666,31.79338,59.7284,65.2414,0.3151358022378049,0.4591295294273957
2024,Jacobabad,40,0.0625,32.6915,50.8014,1174097,55.0,0.0,2686.0,0.35,1349,967,37,11.489681005913482,8.236116777404252,0.3151358022378049,11.30230296133965,8.755664991904416,0.2725498830164798,0.1,0.0,33.495,32.4837,54.861,57.4245,0.054166667,0.5643800000000003,32.89006666666666,32.281859999999995,54.362300000000005,60.50576,0.2725498830164798,0.4057067811958464
2024,Jacobabad,41,0.0714,30.4688,43.8734,1174097,55.0,0.0,2686.0,0.35,1327,1028,32,11.30230296133965,8.755664991904416,0.2725498830164798,11.208613939052736,7.665465459838497,0.3406873537705999,0.0625,0.1,32.6915,33.495,50.8014,54.861,0.077966667,0.2329400000000003,32.21843333333333,32.15478,49.84526666666667,54.772000000000006,0.3406873537705999,0.3759494083354146
2024,Jacobabad,42,0.0,30.3741,38.8525,1174097,55.0,0.0,2686.0,0.35,1316,900,40,11.208613939052736,7.665465459838497,0.3406873537705999,9.820312972437542,7.299226554535102,0.1873780445738299,0.0714,0.0625,30.4688,32.6915,43.8734,50.8014,0.044633333,0.0467800000000003,31.17813333333333,31.902619999999995,44.5091,49.16256,0.1873780445738299,0.38811049265529834
2024,Jacobabad,43,0.0,30.5932,34.923,1174097,55.0,0.0,2686.0,0.35,1153,857,22,9.820312972437542,7.299226554535102,0.1873780445738299,11.74519652124143,6.047200529428148,0.3066186183935399,0.0,0.0714,30.3741,30.4688,38.8525,43.8734,0.0238,0.0467800000000003,30.4787,31.524520000000003,39.2163,44.66226,0.3066186183935399,0.33355790117938067
2024,Jacobabad,44,0.0,28.8143,45.3236,1174097,55.0,0.0,2686.0,0.35,1379,710,36,11.74519652124143,6.047200529428148,0.3066186183935399,5.977738474352871,4.974596667102459,0.2795641102173282,0.0,0.0,30.5932,30.3741,34.923,38.8525,0.0,0.02678,29.9272,30.588379999999997,39.6997,42.75478,0.2795641102173282,0.36141085513744575
2025,Jacobabad,37,2.3143,29.5816,73.8828,1216179,55.0,0.0,2686.0,0.35,1559,1003,168,12.818836700847491,8.247141251411183,1.381375603426798,12.391268061691576,7.729125400126132,1.4964902370456978,0.1143,2.1286,32.8884,33.025,60.6083,65.1297,1.5190666666666666,0.9343000000000004,31.831666666666667,32.726099999999995,66.54026666666668,61.32372,1.4964902370456978,0.9793066393506128
2025,Jacobabad,38,0.0,32.2601,59.7912,1216179,55.0,0.0,2686.0,0.35,1507,940,182,12.391268061691576,7.729125400126132,1.4964902370456978,12.917506386806547,6.742428540535563,1.1511463361889984,2.3143,0.1143,29.5816,32.8884,73.8828,60.6083,0.8095333333333333,0.9343000000000004,31.5767,32.41948,64.76076666666667,62.500800000000005,1.1511463361889984,1.0365127663461378
2025,Jacobabad,39,0.0,32.4914,51.211,1216179,55.0,0.0,2686.0,0.35,1571,820,140,12.917506386806547,6.742428540535563,1.1511463361889984,8.650042469,6.076408160311928,1.356708181937034,0.0,2.3143,32.2601,29.5816,59.7912,73.8828,0.7714333333333333,0.9114400000000004,31.444366666666667,32.0493,61.62833333333334,62.12460000000001,1.356708181937034,0.923193104874733
2025,Jacobabad,40,0.0,32.7765,45.2435,1216179,55.0,0.0,2686.0,0.35,1052,739,165,8.650042469,6.076408160311928,1.356708181937034,14.520888783641224,6.298414953719806,1.5211576585354625,0.0,0.0,32.4914,32.2601,51.211,59.7912,0.0,0.4857200000000003,32.50933333333333,31.9996,52.0819,58.147360000000006,1.5211576585354625,0.9806247962019082
2025,Jacobabad,41,0.0,27.9479,43.47,1216179,55.0,0.0,2686.0,0.35,1766,766,185,14.520888783641224,6.298414953719806,1.5211576585354625,15.94337675621763,6.898655543,1.3073733389575053,0.0,0.0,32.7765,32.4914,45.2435,51.211,0.0,0.4628600000000003,31.07193333333333,31.0115,46.6415,54.7197,1.3073733389575053,0.9872015655418446
2025,Jacobabad,42,0.0,28.553,34.0386,1216179,55.0,0.0,2686.0,0.35,1939,839,159,15.94337675621763,6.898655543,1.3073733389575053,16.675176927080635,6.429974534998548,1.5458250800252265,0.0,0.0,27.9479,32.7765,43.47,45.2435,0.0,0.0,29.75913333333333,30.80578,40.917366666666666,46.75086,1.5458250800252265,0.8337235761168326
2025,Jacobabad,43,0.0,27.9581,37.0486,1216179,55.0,0.0,2686.0,0.35,2028,782,188,16.675176927080635,6.429974534998548,1.5458250800252265,18.229224480935784,5.805066523924521,1.5211576585354625,0.0,0.0,28.553,27.9479,34.0386,43.47,0.0,0.0,28.153,29.94538,38.18573333333333,42.20234,1.5211576585354625,0.8332240458686314
2024,Jaffarabad,37,0.0,0.0,0.0,594558,55.0,1.0,1643.0,0.2,1090,457,6,18.33294649134315,7.686382152792495,0.1009153017872099,14.514984240393703,6.710867568849464,0.067276868,0.0,0.0,0.0,0.0,0.0,0.0,0.0,0.0,0.0,0.0,0.0,0.0,0.067276868,0.19252024249321903
2024,Jaffarabad,38,0.0,0.0,0.0,594558,55.0,1.0,1643.0,0.2,863,399,4,14.514984240393703,6.710867568849464,0.067276868,8.392789265302964,18.013381369016987,0.992333801,0.0,0.0,0.0,0.0,0.0,0.0,0.0,0.0,0.0,0.0,0.0,0.0,0.992333801,0.20127624581311976
2024,Jaffarabad,39,0.0,0.0,0.0,594558,55.0,1.0,1643.0,0.2,499,1071,59,8.392789265302964,18.013381369016987,0.992333801,0.723226329,6.929517389,0.0,0.0,0.0,0.0,0.0,0.0,0.0,0.0,0.0,0.0,0.0,0.0,0.0,0.0,0.4112723659235077
2024,Jaffarabad,40,0.0,0.0,0.0,594558,55.0,1.0,1643.0,0.2,43,412,0,0.723226329,6.929517389,0.0,2.522882545,19.64484541457688,0.0,0.0,0.0,0.0,0.0,0.0,0.0,0.0,0.0,0.0,0.0,0.0,0.0,0.0,0.18423494108695154
2024,Jaffarabad,41,0.0,0.0,0.0,594558,55.0,1.0,1643.0,0.2,150,1168,0,2.522882545,19.64484541457688,0.0,2.05194447,17.86200841633617,0.0,0.0,0.0,0.0,0.0,0.0,0.0,0.0,0.0,0.0,0.0,0.0,0.0,0.0,0.1753978939167169
2024,Jaffarabad,42,0.0,0.0,0.0,594558,55.0,1.0,1643.0,0.2,122,1062,0,2.05194447,17.86200841633617,0.0,17.96292371812338,1.732379347347105,0.3700227732197699,0.0,0.0,0.0,0.0,0.0,0.0,0.0,0.0,0.0,0.0,0.0,0.0,0.3700227732197699,0.19791845797551916
2024,Jaffarabad,43,0.0,0.0,0.0,594558,55.0,1.0,1643.0,0.2,1068,103,22,17.96292371812338,1.732379347347105,0.3700227732197699,18.38340414223676,1.581006395,1.17734518751745,0.0,0.0,0.0,0.0,0.0,0.0,0.0,0.0,0.0,0.0,0.0,0.0,1.17734518751745,0.2664717708019086
2024,Jaffarabad,44,0.0,0.0,0.0,594558,55.0,1.0,1643.0,0.2,1093,94,70,18.38340414223676,1.581006395,1.17734518751745,9.382221736,8.400548449599928,0.064372019,0.0,0.0,0.0,0.0,0.0,0.0,0.0,0.0,0.0,0.0,0.0,0.0,0.064372019,0.46570886100311415
2025,Jaffarabad,37,0.0,0.0,0.0,621388,55.0,1.0,1643.0,0.2,802,468,9,12.906589763561575,7.531526196193039,0.1448370422344815,12.50426464624357,8.931617604459694,0.5793481689379261,0.0,0.0,0.0,0.0,0.0,0.0,0.0,0.0,0.0,0.0,0.0,0.0,0.5793481689379261,0.20498198976197918
2025,Jaffarabad,38,0.0,0.0,0.0,621388,55.0,1.0,1643.0,0.2,777,555,36,12.50426464624357,8.931617604459694,0.5793481689379261,13.598588965348542,9.68798882501754,0.949487277,0.0,0.0,0.0,0.0,0.0,0.0,0.0,0.0,0.0,0.0,0.0,0.0,0.949487277,0.39208304399225047
2025,Jaffarabad,39,0.0,0.0,0.0,621388,55.0,1.0,1643.0,0.2,845,602,59,13.598588965348542,9.68798882501754,0.949487277,11.989288496076526,8.271804412058167,0.8368362440214487,0.0,0.0,0.0,0.0,0.0,0.0,0.0,0.0,0.0,0.0,0.0,0.0,0.8368362440214487,0.48182040594999664
2025,Jaffarabad,40,0.0,0.0,0.0,621388,55.0,1.0,1643.0,0.2,745,514,52,11.989288496076526,8.271804412058167,0.8368362440214487,14.660727275068073,8.336176430829047,1.528835445808416,0.0,0.0,0.0,0.0,0.0,0.0,0.0,0.0,0.0,0.0,0.0,0.0,1.528835445808416,0.4608058974606915
2025,Jaffarabad,41,0.0,0.0,0.0,621388,55.0,1.0,1643.0,0.2,911,518,95,14.660727275068073,8.336176430829047,1.528835445808416,4.843994412508771,5.262412534519496,0.064372019,0.0,0.0,0.0,0.0,0.0,0.0,0.0,0.0,0.0,0.0,0.0,0.0,0.064372019,0.5459560551255331
2025,Jaffarabad,42,0.0,0.0,0.0,621388,55.0,1.0,1643.0,0.2,301,327,4,4.843994412508771,5.262412534519496,0.064372019,6.018783755077343,6.099248778540944,0.1609300469272016,0.0,0.0,0.0,0.0,0.0,0.0,0.0,0.0,0.0,0.0,0.0,0.0,0.1609300469272016,0.20435592827499366
2025,Jaffarabad,43,0.0,0.0,0.0,621388,55.0,1.0,1643.0,0.2,374,379,10,6.018783755077343,6.099248778540944,0.1609300469272016,15.899888636407528,9.060361642001457,0.9816732862559304,0.0,0.0,0.0,0.0,0.0,0.0,0.0,0.0,0.0,0.0,0.0,0.0,0.9816732862559304,0.24117852815892152
2024,Jamshoro,37,1.7,28.5851,77.1684,1117308,33.0,2.0,11204.0,0.35,3025,2752,68,27.074002871186817,24.63063005008467,0.6086056843770921,24.720130886022478,20.11978791881916,0.3311530929698884,3.1571,14.1,28.4596,28.7296,80.7001,79.062,6.319033333333333,4.85428,28.59143333333333,29.25686,78.97683333333333,76.67508000000001,0.3311530929698884,0.5664387463291543
2024,Jamshoro,38,0.0,30.5808,65.5405,1117308,33.0,2.0,11204.0,0.35,2762,2248,37,24.720130886022478,20.11978791881916,0.3311530929698884,32.93630762511322,20.862644857102968,0.6354559351584343,1.7,3.1571,28.5851,28.4596,77.1684,80.7001,1.619033333333333,4.05714,29.2085,29.24728,74.46966666666667,75.39704,0.6354559351584343,0.4023815690518304
2024,Jamshoro,39,0.0,31.7638,61.7988,1117308,33.0,2.0,11204.0,0.35,3680,2331,71,32.93630762511322,20.862644857102968,0.6354559351584343,28.130112735252947,20.236139005538316,0.5996556007833113,0.0,1.7,30.5808,28.5851,65.5405,77.1684,0.5666666666666667,3.79142,30.3099,29.62378,68.16923333333334,72.85396,0.5996556007833113,0.5913249516162664
2024,Jamshoro,40,0.0,31.3789,61.11,1117308,33.0,2.0,11204.0,0.35,3143,2261,67,28.130112735252947,20.236139005538316,0.5996556007833113,32.09499976729783,18.66987437662668,0.5638552664081883,0.0,0.0,31.7638,30.5808,61.7988,65.5405,0.0,0.97142,31.24116666666667,30.153640000000003,62.81643333333333,69.26356000000001,0.5638552664081883,0.5633412172436735
2024,Jamshoro,41,0.0,32.44,37.505,1117308,33.0,2.0,11204.0,0.35,3586,2086,63,32.09499976729783,18.66987437662668,0.5638552664081883,28.95352042588078,17.139410082090166,0.5101547648455037,0.0,0.0,31.3789,31.7638,61.11,61.7988,0.0,0.3399999999999999,31.8609,30.949720000000003,53.47126666666667,60.62454,0.5101547648455037,0.5287449216591645
2024,Jamshoro,42,0.0,32.6242,40.7981,1117308,33.0,2.0,11204.0,0.35,3235,1915,57,28.95352042588078,17.139410082090166,0.5101547648455037,26.18794459540252,17.04095916255858,0.6712562695335574,0.0,0.0,32.44,31.3789,37.505,61.11,0.0,0.0,32.14769999999999,31.75754,46.47103333333333,53.35047999999999,0.6712562695335574,0.5021403973330049
2024,Jamshoro,43,0.0,32.3063,33.9363,1117308,33.0,2.0,11204.0,0.35,2926,1904,75,26.18794459540252,17.04095916255858,0.6712562695335574,25.498788158681403,14.481235254737278,0.4475041796890383,0.0,0.0,32.6242,32.44,40.7981,37.505,0.0,0.0,32.45683333333333,32.10264,37.41313333333333,47.02963999999999,0.4475041796890383,0.5729177881256124
2024,Jamshoro,44,0.0,29.2754,51.5839,1117308,33.0,2.0,11204.0,0.35,2849,1618,50,25.498788158681403,14.481235254737278,0.4475041796890383,14.002930535968204,15.135826760175034,0.1999228630953224,0.0,0.0,32.3063,32.6242,33.9363,40.7981,0.0,0.0,31.401966666666667,31.604960000000005,42.1061,44.98666000000001,0.1999228630953224,0.45836227245764516
2025,Jamshoro,37,9.7571,27.8343,79.285,1200463,33.0,2.0,11204.0,0.35,3162,1873,86,26.339837212808725,15.602313440730784,0.7163902594249052,27.8725791632062,15.618973679322062,0.7247203787205436,0.7857,13.9286,30.893,30.7757,65.0641,74.4739,8.157133333333332,4.90856,29.83433333333333,30.3022,72.941,69.62154,0.7247203787205436,0.6093138069893401
2025,Jamshoro,38,0.0,28.97,73.5318,1200463,33.0,2.0,11204.0,0.35,3346,1875,87,27.8725791632062,15.618973679322062,0.7247203787205436,27.77261773165853,15.95217845,0.6913999015379899,9.7571,0.7857,27.8343,30.893,79.285,65.0641,3.5142666666666664,4.90856,29.23243333333333,30.00826,72.62696666666666,71.13553999999999,0.6913999015379899,0.6160646028304354
2025,Jamshoro,39,0.0,29.6578,66.3616,1200463,33.0,2.0,11204.0,0.35,3334,1915,83,27.77261773165853,15.95217845,0.6913999015379899,26.814654012660117,14.93590389707971,1.191207059276296,0.0,9.7571,28.97,27.8343,73.5318,79.285,3.252366666666666,4.894279999999999,28.8207,29.62616,73.05946666666667,71.74328,1.191207059276296,0.6152985418380932
2024,Jhal Magsi,37,0.0,0.0,0.0,203368,60.0,0.0,3615.0,0.2,114,111,0,5.605601667912356,5.458085834546241,0.0,24.389284449864288,15.194130836709808,0.0,0.0,0.0,0.0,0.0,0.0,0.0,0.0,0.0,0.0,0.0,0.0,0.0,0.0,0.28386537018414965
2024,Jhal Magsi,38,0.0,0.0,0.0,203368,60.0,0.0,3615.0,0.2,496,309,0,24.389284449864288,15.194130836709808,0.0,8.998465835332992,9.490185279886708,0.0,0.0,0.0,0.0,0.0,0.0,0.0,0.0,0.0,0.0,0.0,0.0,0.0,0.0,0.25240452778423
2024,Jhal Magsi,39,0.0,0.0,0.0,203368,60.0,0.0,3615.0,0.2,183,193,0,8.998465835332992,9.490185279886708,0.0,16.325085559183353,8.260886668502419,0.0,0.0,0.0,0.0,0.0,0.0,0.0,0.0,0.0,0.0,0.0,0.0,0.0,0.0,0.2751525427218162
2024,Jhal Magsi,42,0.0,0.0,0.0,203368,60.0,0.0,3615.0,0.2,599,760,0,29.453994728767555,37.37067778608237,0.0,27.68380472837418,19.12788639313953,0.0,0.0,0.0,0.0,0.0,0.0,0.0,0.0,0.0,0.0,0.0,0.0,0.0,0.0,0.23324117334136232
2024,Jhal Magsi,43,0.0,0.0,0.0,203368,60.0,0.0,3615.0,0.2,563,389,0,27.68380472837418,19.12788639313953,0.0,27.73297667282955,13.768144447504032,0.1966877778214862,0.0,0.0,0.0,0.0,0.0,0.0,0.0,0.0,0.0,0.0,0.0,0.0,0.1966877778214862,0.25697301309791004
2025,Jhal Magsi,37,0.0,0.0,0.0,180130,60.0,0.0,3615.0,0.2,347,383,27,19.263864986398712,21.262421584411257,1.49891744850941,19.04180314217509,17.20979292733026,0.0,0.0,0.0,0.0,0.0,0.0,0.0,0.0,0.0,0.0,0.0,0.0,0.0,0.0,0.5763889678515031
2025,Jhal Magsi,38,0.0,0.0,0.0,180130,60.0,0.0,3615.0,0.2,343,310,0,19.04180314217509,17.20979292733026,0.0,20.818297895964022,19.430411369566425,0.5551546105590407,0.0,0.0,0.0,0.0,0.0,0.0,0.0,0.0,0.0,0.0,0.0,0.0,0.5551546105590407,0.2693632727101151
2025,Jhal Magsi,39,0.0,0.0,0.0,180130,60.0,0.0,3615.0,0.2,375,350,10,20.818297895964022,19.430411369566425,0.5551546105590407,11.43618497751624,14.04541164714373,0.4996391495031366,0.0,0.0,0.0,0.0,0.0,0.0,0.0,0.0,0.0,0.0,0.0,0.0,0.4996391495031366,0.3928882512953344
2025,Jhal Magsi,40,0.0,0.0,0.0,180130,60.0,0.0,3615.0,0.2,206,253,9,11.43618497751624,14.04541164714373,0.4996391495031366,8.160772775217898,9.548659302,0.3330927663354244,0.0,0.0,0.0,0.0,0.0,0.0,0.0,0.0,0.0,0.0,0.0,0.0,0.3330927663354244,0.3713126201402327
2025,Jhal Magsi,41,0.0,0.0,0.0,180130,60.0,0.0,3615.0,0.2,147,172,6,8.160772775217898,9.548659302,0.3330927663354244,9.326597457391884,9.271081996,0.0,0.0,0.0,0.0,0.0,0.0,0.0,0.0,0.0,0.0,0.0,0.0,0.0,0.0,0.3384833991606811
2025,Jhal Magsi,42,0.0,0.0,0.0,180130,60.0,0.0,3615.0,0.2,168,167,0,9.326597457391884,9.271081996,0.0,16.37706101,12.435463276522512,0.6661855326708489,0.0,0.0,0.0,0.0,0.0,0.0,0.0,0.0,0.0,0.0,0.0,0.0,0.6661855326708489,0.2782131226005734
2025,Jhal Magsi,43,0.0,0.0,0.0,180130,60.0,0.0,3615.0,0.2,295,224,12,16.37706101,12.435463276522512,0.6661855326708489,8.549381002609227,7.938710930994281,0.0,0.0,0.0,0.0,0.0,0.0,0.0,0.0,0.0,0.0,0.0,0.0,0.0,0.0,0.42019027700375117
2025,Kachhi (Bolan),37,1.8143,27.4738,66.4015,417079,620.9389128094725,0.6689989235737352,6279.964208826696,0.3396259418729817,78,112,10,1.8701493002524705,2.6853425849779056,0.2397627308015987,2.9251053157795046,4.723325796791495,0.6953119193246364,0.5429,4.6857,29.5066,29.6807,53.8891,61.5848,2.347633333333333,1.5085799999999998,28.88703333333333,29.95534,60.62513333333334,58.23706,0.6953119193246364,0.2827945784735273
2025,Kachhi (Bolan),38,0.0,29.2831,46.7153,417079,620.9389128094725,0.6689989235737352,6279.964208826696,0.3396259418729817,122,197,29,2.9251053157795046,4.723325796791495,0.6953119193246364,0.7912170116452758,1.9660543925731095,0.6953119193246364,1.8143,0.5429,27.4738,29.5066,66.4015,53.8891,0.7857333333333334,1.40858,28.7545,29.4404,55.66863333333333,56.18972,0.6953119193246364,0.35932986435673764
2025,Kachhi (Bolan),39,0.0,29.4372,43.7009,417079,620.9389128094725,0.6689989235737352,6279.964208826696,0.3396259418729817,33,82,29,0.7912170116452758,1.9660543925731095,0.6953119193246364,5.442613989196291,6.5934750970439655,0.6953119193246364,0.0,1.8143,29.2831,27.4738,46.7153,66.4015,0.6047666666666668,1.40858,28.73136666666667,29.076280000000004,52.272566666666656,54.45832,0.6953119193246364,0.4817228609561822
2025,Kachhi (Bolan),40,0.0,28.8164,31.6029,417079,620.9389128094725,0.6689989235737352,6279.964208826696,0.3396259418729817,227,275,29,5.442613989196291,6.5934750970439655,0.6953119193246364,3.980061331306539,4.483563065989896,0.959050923,0.0,0.0,29.4372,29.2831,43.7009,46.7153,0.0,0.4714400000000002,29.1789,28.90342,40.67303333333333,48.46194,0.959050923,0.46923192978725925
2025,Kachhi (Bolan),41,0.0,23.231,32.5409,417079,620.9389128094725,0.6689989235737352,6279.964208826696,0.3396259418729817,166,187,40,3.980061331306539,4.483563065989896,0.959050923,6.569498823963806,6.497570004723326,0.8151932847254357,0.0,0.0,28.8164,29.4372,31.6029,43.7009,0.0,0.3628600000000002,27.16153333333333,27.6483,35.94823333333333,44.1923,0.8151932847254357,0.5875339610750039
2025,Kachhi (Bolan),42,0.0,25.1646,23.6209,417079,620.9389128094725,0.6689989235737352,6279.964208826696,0.3396259418729817,274,271,34,6.569498823963806,6.497570004723326,0.8151932847254357,6.065997089280448,6.929142920166204,0.2877152769619184,0.0,0.0,23.231,28.8164,32.5409,31.6029,0.0,0.0,25.737333333333336,27.18646,29.254900000000003,35.63618,0.2877152769619184,0.5082593377710519
2025,Kachhi (Bolan),43,0.0,24.3887,25.9235,417079,620.9389128094725,0.6689989235737352,6279.964208826696,0.3396259418729817,253,289,12,6.065997089280448,6.929142920166204,0.2877152769619184,7.744336204891639,5.994068270039969,0.0,0.0,0.0,25.1646,23.231,23.6209,32.5409,0.0,0.0,24.261433333333333,26.20758,27.361766666666664,31.47782,0.0,0.3204584715648282
2024,Kalat,37,0.0,21.0485,25.9248,271560,2000.0,0.0,7654.0,0.2,55,33,2,2.0253351008985123,1.2152010605391073,0.073648549,1.4361467079098542,1.2152010605391073,0.0,0.0429,1.6778,21.7315,22.1837,38.6995,50.1151,0.5735666666666667,0.8898400000000001,21.654566666666668,22.21756,38.24646666666667,45.19488,0.0,0.13249898186966344
2024,Kalat,38,0.0,22.2952,23.0599,271560,2000.0,0.0,7654.0,0.2,39,33,0,1.4361467079098542,1.2152010605391073,0.0,1.4361467079098542,2.4672263956400062,0.0,0.0,0.0429,21.0485,21.7315,25.9248,38.6995,0.0143,0.5984200000000001,21.69173333333333,21.80458,29.228066666666667,37.93384,0.0,0.16259510835778468
2024,Kalat,39,0.0,23.2045,22.0552,271560,2000.0,0.0,7654.0,0.2,39,67,0,1.4361467079098542,2.4672263956400062,0.0,0.0,1.362498158786272,0.0,0.0,0.0,22.2952,21.0485,23.0599,25.9248,0.0,0.34414,22.18273333333333,22.09268,23.67996666666667,31.9709,0.0,0.09265329462434144
2024,Kalat,40,1.2125,19.8423,34.5521,271560,2000.0,0.0,7654.0,0.2,0,37,0,0.0,1.362498158786272,0.0,0.2209456473707468,1.6939166298423922,0.0,0.0,0.0,23.2045,22.2952,22.0552,23.0599,0.4041666666666666,0.2510799999999999,21.780666666666665,21.6244,26.555733333333333,28.8583,0.0,0.12894123177352487
2024,Kalat,41,1.3857,15.7104,41.3172,271560,2000.0,0.0,7654.0,0.2,6,46,0,0.2209456473707468,1.6939166298423922,0.0,0.073648549,1.730740904404183,0.0,1.2125,0.0,19.8423,23.2045,34.5521,22.0552,0.8660666666666667,0.51964,19.585733333333334,20.42018,32.6415,29.38184,0.0,0.09859670239512577
2024,Kalat,42,0.0,17.0393,23.3747,271560,2000.0,0.0,7654.0,0.2,2,47,0,0.073648549,1.730740904404183,0.0,0.5155398438650758,0.294594196494329,0.0,1.3857,1.2125,15.7104,19.8423,41.3172,34.5521,0.8660666666666667,0.51964,17.53066666666667,19.61834,33.08133333333333,28.87182,0.0,0.10531368421742165
2024,Kalat,43,0.0,17.6196,34.2183,271560,2000.0,0.0,7654.0,0.2,14,8,0,0.5155398438650758,0.294594196494329,0.0,1.104728236853734,0.0,0.073648549,0.0,1.3857,17.0393,15.7104,23.3747,41.3172,0.4619,0.51964,16.78976666666667,18.68322,32.97006666666667,31.1035,0.073648549,0.1136286384113546
2024,Kalat,44,0.0,16.7765,27.7249,271560,2000.0,0.0,7654.0,0.2,30,0,2,1.104728236853734,0.0,0.073648549,0.0,0.5019304244122897,0.0,0.0,0.0,17.6196,17.0393,34.2183,23.3747,0.0,0.51964,17.145133333333334,17.39762,28.439300000000003,32.23744000000001,0.0,0.0683488058022231
2025,Kalat,37,0.0286,23.2675,46.9229,498077,2000.0,0.0,7654.0,0.2,15,37,20,0.3011582546473738,0.7428570281301887,0.4015443395298317,0.0200772169764915,0.040154434,0.0,0.0,2.4857,23.0342,24.3562,23.5236,48.5055,0.8381,0.52858,23.552633333333333,24.4314,39.65066666666666,35.768860000000004,0.0,0.16455031515505458
2025,Kalat,38,0.0,21.8425,18.4266,498077,2000.0,0.0,7654.0,0.2,1,2,0,0.0200772169764915,0.040154434,0.0,0.1003860848824579,0.040154434,0.0,0.0286,0.0,23.2675,23.0342,46.9229,23.5236,0.009533333,0.52858,22.71473333333333,23.67192,29.624366666666663,34.46846,0.0,0.07575999222925281
2025,Kalat,39,0.0,21.9306,20.6621,498077,2000.0,0.0,7654.0,0.2,5,2,0,0.1003860848824579,0.040154434,0.0,0.2208493867414074,0.2208493867414074,0.0,0.0,0.0286,21.8425,23.2675,18.4266,46.9229,0.009533333,0.50286,22.346866666666667,22.8862,28.670533333333328,31.60814,0.0,0.09010251028196686
2025,Kalat,40,0.0,20.0598,22.9905,498077,2000.0,0.0,7654.0,0.2,11,11,0,0.2208493867414074,0.2208493867414074,0.0,0.0,0.0,0.0,0.0,0.0,21.9306,21.8425,20.6621,18.4266,0.0,0.00572,21.27763333333333,22.02692,20.693066666666663,26.50514,0.0,0.06117246467863313
2025,Kalat,41,0.0,14.4071,20.9176,498077,2000.0,0.0,7654.0,0.2,0,0,0,0.0,0.0,0.0,0.2610038206943906,0.3212354716238653,0.0,0.0,0.0,20.0598,21.9306,22.9905,20.6621,0.0,0.00572,18.799166666666665,20.3015,21.523399999999995,25.98394,0.0,0.08710566910770351
2025,Kalat,42,0.0,16.7777,22.8546,498077,2000.0,0.0,7654.0,0.2,13,16,0,0.2610038206943906,0.3212354716238653,0.0,0.3212354716238653,0.7629342451066803,0.0,0.0,0.0,14.4071,20.0598,20.9176,22.9905,0.0,0.0,17.08153333333333,19.00354,22.25423333333333,21.17028,0.0,0.08313814227565736
2025,Kalat,43,0.0,15.2893,25.1291,498077,2000.0,0.0,7654.0,0.2,16,38,0,0.3212354716238653,0.7629342451066803,0.0,0.0,0.0,0.0,0.0,0.0,16.7777,14.4071,22.8546,20.9176,0.0,0.0,15.491366666666666,17.692899999999998,22.9671,22.510780000000004,0.0,0.057914487902383655
2024,Kamber,41,0.0,28.8762,58.9714,1514869,50.0,0.0,5599.0,0.2,7525,2275,24,49.67426226294155,15.01780021902884,0.1584295407721724,43.38989047897872,14.159640206512906,0.1254233864446364,0.0,0.0714,30.9839,31.9732,61.9473,61.8641,0.0237999999999999,0.02044,30.6111,30.74988,60.927600000000005,63.91324,0.1254233864446364,0.2583920975050188
2024,Kamber,42,0.0,28.2783,53.9452,1514869,50.0,0.0,5599.0,0.2,6573,2145,19,43.38989047897872,14.159640206512906,0.1254233864446364,36.93388669251269,12.753578032159876,0.1188221555791292,0.0,0.0,28.8762,30.9839,58.9714,61.9473,0.0,0.0142799999999992,29.37946666666667,30.25994,58.28796666666667,60.308040000000005,0.1188221555791292,0.2209235367655641
2024,Kamber,43,0.0,28.8571,47.4826,1514869,50.0,0.0,5599.0,0.2,5595,1932,18,36.93388669251269,12.753578032159876,0.1188221555791292,31.329441687697088,11.426730628192932,0.1188221555791292,0.0,0.0,28.2783,28.8762,53.9452,58.9714,0.0,0.0142799999999992,28.67053333333333,29.79374,53.4664,56.84212,0.1188221555791292,0.21971703098051493
2024,Kamber,44,0.0,28.0619,51.2288,1514869,50.0,0.0,5599.0,0.2,4746,1731,18,31.329441687697088,11.426730628192932,0.1188221555791292,20.91699205,11.269638594348526,0.1233676912353423,0.0,0.0,28.8571,28.2783,47.4826,53.9452,0.0,0.0,28.3991,29.01148,50.885533333333335,54.71506000000001,0.1233676912353423,0.21530495074094438
2025,Kamber,37,9.7286,28.389,81.5887,1621170,50.0,0.0,5599.0,0.2,4873,2115,206,30.05853796949117,13.046133348137456,1.2706872197240264,28.65831467397004,13.329879037978744,1.1658246821739855,0.0143,1.6857,34.9333,33.3985,48.6302,62.2391,3.809533333333333,2.3542999999999994,32.24026666666667,33.04392,64.15266666666668,59.44528,1.1658246821739855,0.867298681723611
2025,Kamber,38,0.0,30.8375,69.3457,1621170,50.0,0.0,5599.0,0.2,4646,2161,189,28.65831467397004,13.329879037978744,1.1658246821739855,25.43841793,10.97972451994547,1.141151143926917,9.7286,0.0143,28.389,34.9333,81.5887,48.6302,3.247633333333333,2.3542999999999994,31.3866,32.38202,66.52153333333332,62.86002,1.141151143926917,0.8308415940893672
2025,Kamber,39,0.0,32.6678,53.6284,1621170,50.0,0.0,5599.0,0.2,4124,1780,185,25.43841793,10.97972451994547,1.141151143926917,19.9238821345078,9.542490917053732,0.1665463831677122,0.0,9.7286,30.8375,28.389,69.3457,81.5887,3.2428666666666666,2.285719999999999,30.631433333333334,32.04522,68.18759999999999,63.08642,0.1665463831677122,0.9071154411653539
2025,Kamber,40,0.0143,33.4988,45.1583,1621170,50.0,0.0,5599.0,0.2,3230,1547,27,19.9238821345078,9.542490917053732,0.1665463831677122,34.53678516,11.744604205604595,1.036288606376876,0.0,0.0,32.6678,30.8375,53.6284,69.3457,0.004766667,1.9514399999999992,32.334700000000005,32.065279999999994,56.04413333333334,59.67026,1.036288606376876,0.2858292704799599
2025,Kamber,41,0.0,28.4366,42.5419,1621170,50.0,0.0,5599.0,0.2,5599,1904,168,34.53678516,11.744604205604595,1.036288606376876,40.10683642060981,11.096923826619047,1.246013681476958,0.0143,0.0,33.4988,32.6678,45.1583,53.6284,0.004766667,1.9485799999999995,31.5344,30.76594,47.10953333333333,58.4526,1.246013681476958,0.8253037962195393
2025,Kamber,42,0.0,28.9619,30.7051,1621170,50.0,0.0,5599.0,0.2,6502,1799,202,40.10683642060981,11.096923826619047,1.246013681476958,37.53462005835292,11.41151143926917,1.1103092211180814,0.0,0.0143,28.4366,33.4988,42.5419,45.1583,0.004766667,0.00286,30.2991,30.88052,39.46843333333334,48.27588,1.1103092211180814,0.81712486837687
2025,Kamber,43,0.0,28.5896,32.398,1621170,50.0,0.0,5599.0,0.2,6085,1850,180,37.53462005835292,11.41151143926917,1.1103092211180814,30.403967504950128,9.918762375321526,1.2768556042857937,0.0,0.0,28.9619,28.4366,30.7051,42.5419,0.0,0.00286,28.6627,30.43094,35.215,40.88634,1.2768556042857937,0.7678754018924547
2024,Karachi Central,37,0.0,0.0,0.0,3822325,620.9389128094725,0.6689989235737352,6279.964208826696,0.3396259418729817,152,1590,184,0.3976637256120293,4.159771866599518,0.481382405,0.3008640029301537,3.2545636490879244,0.332258508,0.0,0.0,0.0,0.0,0.0,0.0,0.0,0.0,0.0,0.0,0.0,0.0,0.332258508,0.3012756225543282
2024,Karachi Central,38,0.0,0.0,0.0,3822325,620.9389128094725,0.6689989235737352,6279.964208826696,0.3396259418729817,115,1244,127,0.3008640029301537,3.2545636490879244,0.332258508,0.3531881773527892,3.9164644555342623,0.4421392738712694,0.0,0.0,0.0,0.0,0.0,0.0,0.0,0.0,0.0,0.0,0.0,0.0,0.4421392738712694,0.2685099819807325
2024,Karachi Central,39,0.0,0.0,0.0,3822325,620.9389128094725,0.6689989235737352,6279.964208826696,0.3396259418729817,135,1497,169,0.3531881773527892,3.9164644555342623,0.4421392738712694,0.4185933953810835,3.6522273746999536,0.4526041087557966,0.0,0.0,0.0,0.0,0.0,0.0,0.0,0.0,0.0,0.0,0.0,0.0,0.4526041087557966,0.31021099317906436
2024,Karachi Central,40,0.0,0.0,0.0,3822325,620.9389128094725,0.6689989235737352,6279.964208826696,0.3396259418729817,160,1396,173,0.4185933953810835,3.6522273746999536,0.4526041087557966,0.4212096041022153,4.120528735782541,0.4656851523614554,0.0,0.0,0.0,0.0,0.0,0.0,0.0,0.0,0.0,0.0,0.0,0.0,0.4656851523614554,0.31087122518111865
2024,Karachi Central,41,0.0,0.0,0.0,3822325,620.9389128094725,0.6689989235737352,6279.964208826696,0.3396259418729817,161,1575,178,0.4212096041022153,4.120528735782541,0.4656851523614554,0.274701916,3.673157044469008,0.4578365261980601,0.0,0.0,0.0,0.0,0.0,0.0,0.0,0.0,0.0,0.0,0.0,0.0,0.4578365261980601,0.3012756225543282
2024,Karachi Central,42,0.0,0.0,0.0,3822325,620.9389128094725,0.6689989235737352,6279.964208826696,0.3396259418729817,105,1404,175,0.274701916,3.673157044469008,0.4578365261980601,0.078486262,2.710392235092516,0.3636530122373163,0.0,0.0,0.0,0.0,0.0,0.0,0.0,0.0,0.0,0.0,0.0,0.0,0.3636530122373163,0.2914755576897628
2024,Karachi Central,43,0.0,0.0,0.0,3822325,620.9389128094725,0.6689989235737352,6279.964208826696,0.3396259418729817,30,1036,139,0.078486262,2.710392235092516,0.3636530122373163,0.099415931,1.983086210617883,0.3584205947950527,0.0,0.0,0.0,0.0,0.0,0.0,0.0,0.0,0.0,0.0,0.0,0.0,0.3584205947950527,0.2358933882548106
2024,Karachi East,37,0.0,0.0,0.0,3950031,620.9389128094725,0.6689989235737352,6279.964208826696,0.3396259418729817,111,529,1,0.2810104528293575,1.3392299959164875,0.002531626,0.1772137990815768,1.334166744514157,0.0101265028046615,0.0,0.0,0.0,0.0,0.0,0.0,0.0,0.0,0.0,0.0,0.0,0.0,0.0101265028046615,0.03556119850625225
2024,Karachi East,38,0.0,0.0,0.0,3950031,620.9389128094725,0.6689989235737352,6279.964208826696,0.3396259418729817,70,527,4,0.1772137990815768,1.334166744514157,0.0101265028046615,0.3139215869445075,1.2860658561920149,0.005063251,0.0,0.0,0.0,0.0,0.0,0.0,0.0,0.0,0.0,0.0,0.0,0.0,0.005063251,0.038402863239242774
2024,Karachi East,39,0.0,0.0,0.0,3950031,620.9389128094725,0.6689989235737352,6279.964208826696,0.3396259418729817,124,508,2,0.3139215869445075,1.2860658561920149,0.005063251,0.324048089749169,1.2987239846978416,0.0101265028046615,0.0,0.0,0.0,0.0,0.0,0.0,0.0,0.0,0.0,0.0,0.0,0.0,0.0101265028046615,0.03959017867717704
2024,Karachi East,40,0.0,0.0,0.0,3950031,620.9389128094725,0.6689989235737352,6279.964208826696,0.3396259418729817,128,513,4,0.324048089749169,1.2987239846978416,0.0101265028046615,0.3544275981631536,1.070877671592957,0.0126581285058269,0.0,0.0,0.0,0.0,0.0,0.0,0.0,0.0,0.0,0.0,0.0,0.0,0.0126581285058269,0.030985425067238642
2024,Karachi East,41,0.0,0.0,0.0,3950031,620.9389128094725,0.6689989235737352,6279.964208826696,0.3396259418729817,140,423,5,0.3544275981631536,1.070877671592957,0.0126581285058269,0.2835420785305229,0.9544228893393496,0.002531626,0.0,0.0,0.0,0.0,0.0,0.0,0.0,0.0,0.0,0.0,0.0,0.0,0.002531626,0.027948852979233357
2024,Karachi East,42,0.0,0.0,0.0,3950031,620.9389128094725,0.6689989235737352,6279.964208826696,0.3396259418729817,112,377,1,0.2835420785305229,0.9544228893393496,0.002531626,0.1797454247827422,0.9594861407416804,0.007594877,0.0,0.0,0.0,0.0,0.0,0.0,0.0,0.0,0.0,0.0,0.0,0.0,0.007594877,0.02005122847387611
2024,Karachi East,43,0.0,0.0,0.0,3950031,620.9389128094725,0.6689989235737352,6279.964208826696,0.3396259418729817,71,379,3,0.1797454247827422,0.9594861407416804,0.007594877,0.118986407954773,0.8708792412008918,0.007594877,0.0,0.0,0.0,0.0,0.0,0.0,0.0,0.0,0.0,0.0,0.0,0.0,0.007594877,0.01821767176667924
2024,Karachi Keamari,37,0.0,0.0,0.0,2068451,620.9389128094725,0.6689989235737352,6279.964208826696,0.3396259418729817,22,473,17,0.1063597832387617,2.2867353396333776,0.082187105,0.058014427,1.846792599873045,0.096690712,0.0,0.0,0.0,0.0,0.0,0.0,0.0,0.0,0.0,0.0,0.0,0.0,0.096690712,0.03186914797658283
2024,Karachi Keamari,38,0.0,0.0,0.0,2068451,620.9389128094725,0.6689989235737352,6279.964208826696,0.3396259418729817,12,382,20,0.058014427,1.846792599873045,0.096690712,0.029007214,1.967655989917093,0.1063597832387617,0.0,0.0,0.0,0.0,0.0,0.0,0.0,0.0,0.0,0.0,0.0,0.0,0.1063597832387617,0.03160487772194681
2024,Karachi Keamari,39,0.0,0.0,0.0,2068451,620.9389128094725,0.6689989235737352,6279.964208826696,0.3396259418729817,6,407,22,0.029007214,1.967655989917093,0.1063597832387617,0.024172678,1.846792599873045,0.072518034,0.0,0.0,0.0,0.0,0.0,0.0,0.0,0.0,0.0,0.0,0.0,0.0,0.072518034,0.030548062116440122
2024,Karachi Keamari,40,0.0,0.0,0.0,2068451,620.9389128094725,0.6689989235737352,6279.964208826696,0.3396259418729817,5,382,15,0.024172678,1.846792599873045,0.072518034,0.1160288544422855,1.967655989917093,0.048345356,0.0,0.0,0.0,0.0,0.0,0.0,0.0,0.0,0.0,0.0,0.0,0.0,0.048345356,0.03704918495536183
2024,Karachi Keamari,41,0.0,0.0,0.0,2068451,620.9389128094725,0.6689989235737352,6279.964208826696,0.3396259418729817,24,407,10,0.1160288544422855,1.967655989917093,0.048345356,0.1498706036546188,1.6775838538113788,0.043510820415857,0.0,0.0,0.0,0.0,0.0,0.0,0.0,0.0,0.0,0.0,0.0,0.0,0.043510820415857,0.03390736753929349
2024,Karachi Keamari,42,0.0,0.0,0.0,2068451,620.9389128094725,0.6689989235737352,6279.964208826696,0.3396259418729817,31,347,9,0.1498706036546188,1.6775838538113788,0.043510820415857,0.033841749,1.7017565318201882,0.0145036068052856,0.0,0.0,0.0,0.0,0.0,0.0,0.0,0.0,0.0,0.0,0.0,0.0,0.0145036068052856,0.026280473000688725
2024,Karachi Keamari,43,0.0,0.0,0.0,2068451,620.9389128094725,0.6689989235737352,6279.964208826696,0.3396259418729817,7,352,3,0.033841749,1.7017565318201882,0.0145036068052856,0.024172678,2.1562028783858067,0.053179892,0.0,0.0,0.0,0.0,0.0,0.0,0.0,0.0,0.0,0.0,0.0,0.0,0.053179892,0.03225378996450498
2024,Karachi Korangi,37,0.0,0.0,0.0,3128971,620.9389128094725,0.6689989235737352,6279.964208826696,0.3396259418729817,70,415,0,0.223715719960332,1.3263146254791114,0.0,0.2109319645340273,1.1633217437937264,0.003195939,0.0,0.0,0.0,0.0,0.0,0.0,0.0,0.0,0.0,0.0,0.0,0.0,0.003195939,0.023802739039063686
2024,Karachi Korangi,38,0.0,0.0,0.0,3128971,620.9389128094725,0.6689989235737352,6279.964208826696,0.3396259418729817,66,364,1,0.2109319645340273,1.1633217437937264,0.003195939,0.262066986239246,1.3518821363317206,0.0127837554263046,0.0,0.0,0.0,0.0,0.0,0.0,0.0,0.0,0.0,0.0,0.0,0.0,0.0127837554263046,0.0378515866813022
2024,Karachi Korangi,39,0.0,0.0,0.0,3128971,620.9389128094725,0.6689989235737352,6279.964208826696,0.3396259418729817,82,423,4,0.262066986239246,1.3518821363317206,0.0127837554263046,0.1885603925379941,1.2272405209252495,0.006391878,0.0,0.0,0.0,0.0,0.0,0.0,0.0,0.0,0.0,0.0,0.0,0.0,0.006391878,0.027243680631066663
2024,Karachi Korangi,40,0.0,0.0,0.0,3128971,620.9389128094725,0.6689989235737352,6279.964208826696,0.3396259418729817,59,384,2,0.1885603925379941,1.2272405209252495,0.006391878,0.2173238422471796,1.1185786,0.006391878,0.0,0.0,0.0,0.0,0.0,0.0,0.0,0.0,0.0,0.0,0.0,0.0,0.006391878,0.021851019113377862
2024,Karachi Korangi,41,0.0,0.0,0.0,3128971,620.9389128094725,0.6689989235737352,6279.964208826696,0.3396259418729817,68,350,2,0.2173238422471796,1.1185786,0.006391878,0.1566010039722324,1.0706395169530174,0.003195939,0.0,0.0,0.0,0.0,0.0,0.0,0.0,0.0,0.0,0.0,0.0,0.0,0.003195939,0.01972335322424576
2024,Karachi Korangi,42,0.0,0.0,0.0,3128971,620.9389128094725,0.6689989235737352,6279.964208826696,0.3396259418729817,49,335,1,0.1566010039722324,1.0706395169530174,0.003195939,0.1821685148248417,1.041876067243832,0.0,0.0,0.0,0.0,0.0,0.0,0.0,0.0,0.0,0.0,0.0,0.0,0.0,0.0,0.017648602054993245
2024,Karachi Korangi,43,0.0,0.0,0.0,3128971,620.9389128094725,0.6689989235737352,6279.964208826696,0.3396259418729817,57,326,0,0.1821685148248417,1.041876067243832,0.0,0.1566010039722324,1.0386801283872558,0.0,0.0,0.0,0.0,0.0,0.0,0.0,0.0,0.0,0.0,0.0,0.0,0.0,0.0,0.01761285226654552
2024,Karachi Malir,37,0.0,0.0,0.0,2403959,620.9389128094725,0.6689989235737352,6279.964208826696,0.3396259418729817,591,2113,67,2.458444590777131,8.789667377854615,0.2787069163825173,2.383568105778842,7.961866238151316,0.2121500408284833,0.0,0.0,0.0,0.0,0.0,0.0,0.0,0.0,0.0,0.0,0.0,0.0,0.2121500408284833,0.2947713036177826
2024,Karachi Malir,38,0.0,0.0,0.0,2403959,620.9389128094725,0.6689989235737352,6279.964208826696,0.3396259418729817,573,1914,51,2.383568105778842,7.961866238151316,0.2121500408284833,3.2404878785370297,8.244732959,0.2246294549948647,0.0,0.0,0.0,0.0,0.0,0.0,0.0,0.0,0.0,0.0,0.0,0.0,0.2246294549948647,0.2831046491867508
2024,Karachi Malir,39,0.0,0.0,0.0,2403959,620.9389128094725,0.6689989235737352,6279.964208826696,0.3396259418729817,779,1982,54,3.2404878785370297,8.244732959,0.2246294549948647,2.9701005715987665,7.362854358,0.2287892597169918,0.0,0.0,0.0,0.0,0.0,0.0,0.0,0.0,0.0,0.0,0.0,0.0,0.2287892597169918,0.2892319968889043
2024,Karachi Malir,40,0.0,0.0,0.0,2403959,620.9389128094725,0.6689989235737352,6279.964208826696,0.3396259418729817,714,1770,55,2.9701005715987665,7.362854358,0.2287892597169918,2.3544494727239527,7.084147441782493,0.1788716030514663,0.0,0.0,0.0,0.0,0.0,0.0,0.0,0.0,0.0,0.0,0.0,0.0,0.1788716030514663,0.28379268710627026
2024,Karachi Malir,41,0.0,0.0,0.0,2403959,620.9389128094725,0.6689989235737352,6279.964208826696,0.3396259418729817,566,1703,43,2.3544494727239527,7.084147441782493,0.1788716030514663,2.8369868204906985,6.938554276508044,0.166392189,0.0,0.0,0.0,0.0,0.0,0.0,0.0,0.0,0.0,0.0,0.0,0.0,0.166392189,0.2688257873405754
2024,Karachi Malir,42,0.0,0.0,0.0,2403959,620.9389128094725,0.6689989235737352,6279.964208826696,0.3396259418729817,682,1668,40,2.8369868204906985,6.938554276508044,0.166392189,2.5458004899418003,6.148191379303889,0.166392189,0.0,0.0,0.0,0.0,0.0,0.0,0.0,0.0,0.0,0.0,0.0,0.0,0.166392189,0.24927247117541207
2024,Karachi Malir,43,0.0,0.0,0.0,2403959,620.9389128094725,0.6689989235737352,6279.964208826696,0.3396259418729817,612,1478,40,2.5458004899418003,6.148191379303889,0.166392189,2.483403419109893,5.765489344868195,0.1996706266621019,0.0,0.0,0.0,0.0,0.0,0.0,0.0,0.0,0.0,0.0,0.0,0.0,0.1996706266621019,0.2521926096092066
2024,Karachi South,37,0.0,0.0,0.0,2329764,620.9389128094725,0.6689989235737352,6279.964208826696,0.3396259418729817,51,96,0,0.2189062926545349,0.4120589038203011,0.0,0.1416452481882285,0.3390901396021227,0.0,0.0,0.0,0.0,0.0,0.0,0.0,0.0,0.0,0.0,0.0,0.0,0.0,0.0,0.017320466741691132
2024,Karachi South,38,0.0,0.0,0.0,2329764,620.9389128094725,0.6689989235737352,6279.964208826696,0.3396259418729817,33,79,0,0.1416452481882285,0.3390901396021227,0.0,0.2231985729026631,0.3734283815871478,0.0,0.0,0.0,0.0,0.0,0.0,0.0,0.0,0.0,0.0,0.0,0.0,0.0,0.0,0.01769486543927537
2024,Karachi South,39,0.0,0.0,0.0,2329764,620.9389128094725,0.6689989235737352,6279.964208826696,0.3396259418729817,52,87,0,0.2231985729026631,0.3734283815871478,0.0,0.2231985729026631,0.313336458,0.0,0.0,0.0,0.0,0.0,0.0,0.0,0.0,0.0,0.0,0.0,0.0,0.0,0.0,0.017659115650827645
2024,Karachi South,40,0.0,0.0,0.0,2329764,620.9389128094725,0.6689989235737352,6279.964208826696,0.3396259418729817,52,73,0,0.2231985729026631,0.313336458,0.0,0.1759834901732536,0.3433824198502509,0.0,0.0,0.0,0.0,0.0,0.0,0.0,0.0,0.0,0.0,0.0,0.0,0.0,0.0,0.017895160164872664
2024,Karachi South,41,0.0,0.0,0.0,2329764,620.9389128094725,0.6689989235737352,6279.964208826696,0.3396259418729817,41,80,0,0.1759834901732536,0.3433824198502509,0.0,0.2231985729026631,0.2747059358802007,0.0,0.0,0.0,0.0,0.0,0.0,0.0,0.0,0.0,0.0,0.0,0.0,0.0,0.0,0.017659115650827645
2024,Karachi South,42,0.0,0.0,0.0,2329764,620.9389128094725,0.6689989235737352,6279.964208826696,0.3396259418729817,52,64,0,0.2231985729026631,0.2747059358802007,0.0,0.1845680506695098,0.2875827766245851,0.0,0.0,0.0,0.0,0.0,0.0,0.0,0.0,0.0,0.0,0.0,0.0,0.0,0.0,0.017895160164872664
2024,Karachi South,43,0.0,0.0,0.0,2329764,620.9389128094725,0.6689989235737352,6279.964208826696,0.3396259418729817,43,67,0,0.1845680506695098,0.2875827766245851,0.0,0.2060294519101505,0.3305055791058665,0.0,0.0,0.0,0.0,0.0,0.0,0.0,0.0,0.0,0.0,0.0,0.0,0.0,0.0,0.017659115650827645
2024,Karachi West,37,0.0,0.0,0.0,2679380,620.9389128094725,0.6689989235737352,6279.964208826696,0.3396259418729817,208,783,30,0.7762989945435138,2.922317849651785,0.1119662011360837,0.6867260336346468,2.940978883174465,0.1082339944315475,0.0,0.0,0.0,0.0,0.0,0.0,0.0,0.0,0.0,0.0,0.0,0.0,0.1082339944315475,0.14995760768260252
2024,Karachi West,38,0.0,0.0,0.0,2679380,620.9389128094725,0.6689989235737352,6279.964208826696,0.3396259418729817,184,788,29,0.6867260336346468,2.940978883174465,0.1082339944315475,0.5784920392030992,3.5866506430592158,0.1082339944315475,0.0,0.0,0.0,0.0,0.0,0.0,0.0,0.0,0.0,0.0,0.0,0.0,0.1082339944315475,0.1497916033811929
2024,Karachi West,39,0.0,0.0,0.0,2679380,620.9389128094725,0.6689989235737352,6279.964208826696,0.3396259418729817,155,961,29,0.5784920392030992,3.5866506430592158,0.1082339944315475,0.7912278213616583,3.523203129082101,0.1119662011360837,0.0,0.0,0.0,0.0,0.0,0.0,0.0,0.0,0.0,0.0,0.0,0.0,0.1119662011360837,0.14707453549271748
2024,Karachi West,40,0.0,0.0,0.0,2679380,620.9389128094725,0.6689989235737352,6279.964208826696,0.3396259418729817,212,944,30,0.7912278213616583,3.523203129082101,0.1119662011360837,0.7613701677253693,3.4373623748777704,0.1119662011360837,0.0,0.0,0.0,0.0,0.0,0.0,0.0,0.0,0.0,0.0,0.0,0.0,0.1119662011360837,0.14651992286142504
2024,Karachi West,41,0.0,0.0,0.0,2679380,620.9389128094725,0.6689989235737352,6279.964208826696,0.3396259418729817,204,921,30,0.7613701677253693,3.4373623748777704,0.1119662011360837,0.8957296090886697,3.418701341355089,0.1231628212496921,0.0,0.0,0.0,0.0,0.0,0.0,0.0,0.0,0.0,0.0,0.0,0.0,0.1231628212496921,0.14651992286142504
2024,Karachi West,42,0.0,0.0,0.0,2679380,620.9389128094725,0.6689989235737352,6279.964208826696,0.3396259418729817,240,916,33,0.8957296090886697,3.418701341355089,0.1231628212496921,0.9741059498839284,3.3365927938552957,0.1194306145451559,0.0,0.0,0.0,0.0,0.0,0.0,0.0,0.0,0.0,0.0,0.0,0.0,0.1194306145451559,0.14760100553935065
2024,Karachi West,43,0.0,0.0,0.0,2679380,620.9389128094725,0.6689989235737352,6279.964208826696,0.3396259418729817,261,894,32,0.9741059498839284,3.3365927938552957,0.1194306145451559,0.8434787152251639,3.288074106696325,0.1119662011360837,0.0,0.0,0.0,0.0,0.0,0.0,0.0,0.0,0.0,0.0,0.0,0.0,0.1119662011360837,0.14651992286142504
2024,Karak,37,3.1692,26.982,76.4636,815878,500.0,0.0,3372.0,0.2,302,372,13,3.701533807750669,4.559505220143207,0.1593375480157572,4.461451344441203,4.326627265350948,0.061283672,5.4143,2.2778,26.7828,26.9459,79.364,76.6291,3.620433333333333,4.566540000000001,26.903566666666663,27.178680000000004,77.48556666666666,78.9534,0.061283672,0.1737810300526694
2024,Karak,38,0.0143,29.6328,50.3108,815878,500.0,0.0,3372.0,0.2,364,353,5,4.461451344441203,4.326627265350948,0.061283672,4.302113796425446,4.816896644,0.085797141,3.1692,5.4143,26.982,26.7828,76.4636,79.364,2.865933333333334,3.4522600000000003,27.799200000000003,27.52286,68.7128,72.67803999999998,0.085797141,0.15538061240358603
2024,Karak,39,2.4714,29.2691,60.1774,815878,500.0,0.0,3372.0,0.2,351,393,7,4.302113796425446,4.816896644,0.085797141,3.750560745601671,4.167289717,0.1593375480157572,0.0143,3.1692,29.6328,26.982,50.3108,76.4636,1.8849666666666665,2.6694000000000004,28.62796666666667,27.92252,62.31726666666666,68.58898,0.1593375480157572,0.1540542468500481
2024,Karak,40,0.7,28.1434,51.0531,815878,500.0,0.0,3372.0,0.2,306,340,13,3.750560745601671,4.167289717,0.1593375480157572,4.155032982872439,5.270395819,0.085797141,2.4714,0.0143,29.2691,29.6328,60.1774,50.3108,1.0618999999999998,2.353840000000001,29.015100000000004,28.16202,53.847100000000005,63.47378,0.085797141,0.19257592777830623
2024,Karak,41,0.4571,25.9732,41.6524,815878,500.0,0.0,3372.0,0.2,339,430,7,4.155032982872439,5.270395819,0.085797141,3.333831773868152,3.3460885083309027,0.061283672,0.7,2.4714,28.1434,29.2691,51.0531,60.1774,1.2095,1.3624000000000005,27.79523333333333,28.0001,50.96096666666667,55.93146,0.061283672,0.1612052678115386
2024,Karak,42,0.0,26.6801,37.6803,815878,500.0,0.0,3372.0,0.2,272,273,5,3.333831773868152,3.3460885083309027,0.061283672,3.309318304942651,3.0641836156876394,0.085797141,0.4571,0.7,25.9732,28.1434,41.6524,51.0531,0.3857,0.7285600000000003,26.93223333333334,27.93972,43.46193333333333,48.1748,0.085797141,0.17413593382986253
2024,Karak,43,0.2571,25.6057,47.8727,815878,500.0,0.0,3372.0,0.2,270,250,7,3.309318304942651,3.0641836156876394,0.085797141,3.5299395252721606,3.333831773868152,0.049026938,0.0,0.4571,26.6801,25.9732,37.6803,41.6524,0.2380666666666666,0.7771200000000004,26.08633333333334,27.134300000000003,42.4018,47.68718,0.049026938,0.181787138223236
2024,Karak,44,0.0143,22.783,61.7846,815878,500.0,0.0,3372.0,0.2,288,272,4,3.5299395252721606,3.333831773868152,0.049026938,0.0,1.019329773099536,0.0,0.2571,0.0,25.6057,26.6801,47.8727,37.6803,0.090466667,0.2857000000000003,25.022933333333334,25.83708,49.11253333333334,48.00861999999999,0.0,0.06703390632473927
2025,Karak,37,0.2,29.8336,60.0725,853502,500.0,0.0,3372.0,0.2,48,838,7,0.5623888403307784,9.818371837441504,0.082015039,3.468064515373133,8.388966868267444,0.1054479075620209,2.7571,10.1286,27.5958,28.2572,67.3323,71.9657,4.3619,3.5800000000000005,28.562200000000004,29.61804,66.45683333333334,64.21258,0.1054479075620209,0.14753716603312544
2025,Karak,38,0.8857,29.9357,53.6195,853502,500.0,0.0,3372.0,0.2,296,716,9,3.468064515373133,8.388966868267444,0.1054479075620209,4.370229946737091,7.955458803845802,0.082015039,0.2,2.7571,29.8336,27.5958,60.0725,67.3323,1.2809333333333333,3.1485600000000007,29.121700000000004,29.465480000000003,60.341433333333335,62.42388,0.082015039,0.16579438078366449
2025,Karak,39,0.3571,29.7964,46.8238,853502,500.0,0.0,3372.0,0.2,373,679,7,4.370229946737091,7.955458803845802,0.082015039,3.1985865293813016,7.486801436903487,0.0234328683471157,0.8857,0.2,29.9357,29.8336,53.6195,60.0725,0.4809333333333334,2.8657000000000004,29.85523333333333,29.08374,53.50526666666667,59.96276,0.0234328683471157,0.16037243324085948
2025,Karak,40,1.4,27.0301,52.7518,853502,500.0,0.0,3372.0,0.2,273,639,2,3.1985865293813016,7.486801436903487,0.0234328683471157,2.9642578459101445,6.057396467729425,0.046865737,0.3571,0.8857,29.7964,29.9357,46.8238,53.6195,0.8809333333333335,1.1199800000000004,28.92073333333333,28.83832,51.06503333333334,56.11998,0.046865737,0.1500222369511408
2025,Karak,41,0.4714,21.7622,52.852,853502,500.0,0.0,3372.0,0.2,253,517,4,2.9642578459101445,6.057396467729425,0.046865737,3.971871184836122,5.459858324877974,0.0234328683471157,1.4,0.3571,27.0301,29.7964,52.7518,46.8238,0.7428333333333333,0.6628400000000003,26.19623333333334,27.6716,50.8092,53.22392,0.0234328683471157,0.1636960969923792
2025,Karak,42,0.0,24.7857,47.4986,853502,500.0,0.0,3372.0,0.2,339,466,2,3.971871184836122,5.459858324877974,0.0234328683471157,3.479780949546691,7.217323450911656,0.0,0.4714,1.4,21.7622,27.0301,52.852,52.7518,0.6238,0.6228400000000003,24.526,26.66202,51.03413333333334,50.709140000000005,0.0,0.16793315068035813
2025,Karak,43,0.0,23.983,39.843,853502,500.0,0.0,3372.0,0.2,297,616,0,3.479780949546691,7.217323450911656,0.0,4.182766999960164,5.166947470539026,0.058582171,0.0,0.4714,24.7857,21.7622,47.4986,52.852,0.1571333333333333,0.4457000000000003,23.5103,25.47148,46.7312,47.95384,0.058582171,0.1702536736050882
2024,Kashmore,37,1.8154,32.2481,61.1653,1233957,60.0,2.0,2592.0,0.35,1991,707,6,16.13508412367692,5.729535145876233,0.048624061,18.24212675158048,6.240087782637483,0.072936091,3.3714,1.9222,31.545,30.2335,68.8454,73.0058,2.369666666666667,5.48466,31.3422,31.2376,67.67216666666667,70.24015999999999,0.072936091,0.13115907220666692
2024,Kashmore,38,0.0,32.8298,54.6388,1233957,60.0,2.0,2592.0,0.35,2251,770,9,18.24212675158048,6.240087782637483,0.072936091,18.420414973941558,5.7214311357689125,0.081040101,1.8154,3.3714,32.2481,31.545,61.1653,68.8454,1.7289333333333332,1.9389399999999992,32.207633333333334,31.46778,61.54983333333333,67.02036,0.081040101,0.13870817138844932
2024,Kashmore,39,0.0143,33.5167,54.8466,1233957,60.0,2.0,2592.0,0.35,2273,706,10,18.420414973941558,5.7214311357689125,0.081040101,17.148085387092095,5.30002261,0.0162080202146428,0.0,1.8154,32.8298,32.2481,54.6388,61.1653,0.6099,1.4246599999999991,32.864866666666664,32.07462,56.88356666666667,62.50038000000001,0.0162080202146428,0.15575572872841242
2024,Kashmore,40,0.075,31.575,57.4973,1233957,60.0,2.0,2592.0,0.35,2116,654,2,17.148085387092095,5.30002261,0.0162080202146428,20.60849770291833,4.9434461654660575,0.072936091,0.0143,0.0,33.5167,32.8298,54.8466,54.6388,0.0297666666666666,1.0552199999999992,32.6405,32.34292000000001,55.660900000000005,59.39868,0.072936091,0.14162162730213612
2024,Kashmore,41,0.1286,28.8673,54.2408,1233957,60.0,2.0,2592.0,0.35,2543,610,9,20.60849770291833,4.9434461654660575,0.072936091,17.310165589238522,4.603077740958558,0.1053521313951782,0.075,0.0143,31.575,33.5167,57.4973,54.8466,0.072633333,0.4066599999999992,31.319666666666667,31.80738,55.52823333333333,56.47776,0.1053521313951782,0.16335790757353313
2024,Kashmore,42,0.0,28.3623,53.2162,1233957,60.0,2.0,2592.0,0.35,2136,568,13,17.310165589238522,4.603077740958558,0.1053521313951782,15.33278712,4.165461195163203,0.0162080202146428,0.1286,0.075,28.8673,31.575,54.2408,57.4973,0.067866667,0.0435799999999992,29.60153333333333,31.03022,54.98476666666667,54.88794,0.0162080202146428,0.16863999855115658
2024,Kashmore,43,0.0,28.8102,48.5131,1233957,60.0,2.0,2592.0,0.35,1892,514,2,15.33278712,4.165461195163203,0.0162080202146428,16.702364831189417,3.0876278508894552,0.03241604,0.0,0.1286,28.3623,28.8673,53.2162,54.2408,0.0428666666666666,0.0435799999999992,28.67993333333333,30.2263,51.990033333333336,53.6628,0.03241604,0.15571357996885538
2024,Kashmore,44,0.0,27.4756,54.3432,1233957,60.0,2.0,2592.0,0.35,2061,381,4,16.702364831189417,3.0876278508894552,0.03241604,14.986479506577949,4.359979339470726,0.091149394,0.0,0.0,28.8102,28.3623,48.5131,53.2162,0.0,0.0407199999999992,28.21603333333333,29.018080000000005,52.024166666666666,53.56212000000001,0.091149394,0.1682390088151741
2025,Kashmore,37,2.8857,28.8795,76.4926,1316520,60.0,2.0,2592.0,0.35,1957,339,122,14.864946981435908,2.5749703764469967,0.9266855042080636,16.14103849542734,2.833226992373834,0.919089721386686,0.2429,1.7,31.5349,32.3131,67.4025,68.3192,1.6095333333333333,1.034299999999999,30.909166666666664,31.755060000000004,70.73809999999999,65.50082,0.919089721386686,0.6877633697294991
2025,Kashmore,38,0.0,30.7822,65.5775,1316520,60.0,2.0,2592.0,0.35,2125,373,121,16.14103849542734,2.833226992373834,0.919089721386686,15.009266855042082,2.7496733813386807,0.2050861361771944,2.8857,0.2429,28.8795,31.5349,76.4926,67.4025,1.0428666666666666,1.034299999999999,30.398866666666663,31.31672,69.8242,67.37318,0.2050861361771944,0.6525927065192623
2025,Kashmore,39,0.0,30.7027,60.0777,1316520,60.0,2.0,2592.0,0.35,1976,362,27,15.009266855042082,2.7496733813386807,0.2050861361771944,16.66514751010239,2.544587245161486,0.0227873484641327,0.0,2.8857,30.7822,28.8795,65.5775,76.4926,0.9619,0.9657199999999992,30.121466666666663,30.84248,67.38260000000001,67.57390000000001,0.0227873484641327,0.2536721184589157
2025,Kashmore,40,0.0,31.3096,55.3044,1316520,60.0,2.0,2592.0,0.35,2194,335,3,16.66514751010239,2.544587245161486,0.0227873484641327,16.627168595995503,2.324309543341537,0.6076626257102057,0.0,0.0,30.7027,30.7822,60.0777,65.5775,0.0,0.6257199999999992,30.9315,30.64178,60.31986666666668,64.97094,0.6076626257102057,0.15977501664455362
2025,Kashmore,41,0.0571,26.2822,55.9836,1316520,60.0,2.0,2592.0,0.35,2189,306,80,16.627168595995503,2.324309543341537,0.6076626257102057,16.118251146963207,1.822987877130617,0.7215993680308692,0.0,0.0,31.3096,30.7027,55.3044,60.0777,0.0190333333333333,0.5885599999999992,29.4315,29.59124,57.1219,62.68715999999999,0.7215993680308692,0.46545522909274467
2025,Kashmore,42,0.0,26.5768,51.0454,1316520,60.0,2.0,2592.0,0.35,2122,240,95,16.118251146963207,1.822987877130617,0.7215993680308692,15.82201561692948,1.747030048916841,0.478534318,0.0571,0.0,26.2822,31.3096,55.9836,55.3044,0.0190333333333333,0.01142,28.0562,29.1307,54.11113333333335,57.59772,0.478534318,0.4518684593480819
2025,Kashmore,43,0.0,26.3971,50.3348,1316520,60.0,2.0,2592.0,0.35,2083,230,63,15.82201561692948,1.747030048916841,0.478534318,14.842159632971772,1.7242427004527086,1.0861969434569927,0.0,0.0571,26.5768,26.2822,51.0454,55.9836,0.0190333333333333,0.01142,26.4187,28.25368,52.454600000000006,54.54918,1.0861969434569927,0.33749193871719124
2025,Keamari,37,14.2429,26.9409,85.6832,2215961,2.0,0.0,559.0,0.2,16,608,0,0.072203437,2.7437305981468083,0.0,0.076716152,3.0460824897189074,0.004512715,0.1857,14.5429,28.3832,28.6513,77.1336,85.8159,9.657166666666669,6.2828800000000005,27.9918,28.16764,82.87756666666667,81.27992,0.004512715,0.02344586277658703
2025,Keamari,38,0.4714,27.5177,82.1035,2215961,2.0,0.0,559.0,0.2,17,675,1,0.076716152,3.0460824897189074,0.004512715,0.072203437,3.2220783669026667,0.00902543,14.2429,0.1857,26.9409,28.3832,85.6832,77.1336,4.966666666666667,6.03144,27.613933333333332,28.04514,81.6401,81.8858,0.00902543,0.031241799298892314
2025,Keamari,39,0.5,27.9835,78.6696,2215961,2.0,0.0,559.0,0.2,16,714,2,0.072203437,3.2220783669026667,0.00902543,0.049639863,2.879112042134316,0.0,0.4714,14.2429,27.5177,26.9409,82.1035,85.6832,5.071433333333334,5.988580000000001,27.4807,27.89532,82.1521,81.88116,0.0,0.026735160392657803
2025,Keamari,40,2.3857,29.7683,71.2507,2215961,2.0,0.0,559.0,0.2,11,638,0,0.049639863,2.879112042134316,0.0,0.076716152,3.0190062009214063,0.0,0.5,0.4714,27.9835,27.5177,78.6696,82.1035,1.119033333333333,3.5571400000000004,28.423166666666663,28.11872,77.34126666666667,78.96812,0.0,0.0342580282164984
2025,Keamari,41,0.1429,27.9138,64.5391,2215961,2.0,0.0,559.0,0.2,17,669,0,0.076716152,3.0190062009214063,0.0,0.0586652923945863,2.7888577461426443,0.0,2.3857,0.5,29.7683,27.9835,71.2507,78.6696,1.0095333333333334,3.54858,28.5552,28.02484,71.48646666666667,76.44922,0.0,0.033541725901743896
2025,Keamari,42,0.0,28.3778,52.2199,2215961,2.0,0.0,559.0,0.2,13,618,0,0.0586652923945863,2.7888577461426443,0.0,0.040614433,2.779832316543477,0.0,0.1429,2.3857,27.9138,29.7683,64.5391,71.2507,0.8428666666666667,0.7,28.686633333333333,28.312220000000003,62.669900000000005,69.75656000000001,0.0,0.04765829765364124
2025,Keamari,43,0.0,29.7796,36.4843,2215961,2.0,0.0,559.0,0.2,9,616,0,0.040614433,2.779832316543477,0.0,0.072203437,2.459429565773044,0.004512715,0.0,0.1429,28.3778,27.9138,52.2199,64.5391,0.047633333,0.60572,28.6904,28.7646,51.0811,60.63271999999999,0.004512715,0.050567623506254045
2024,Kech (Turbat),39,0.0,0.0,0.0,1060931,620.9389128094725,0.6689989235737352,6279.964208826696,0.3396259418729817,75,118,0,0.7069262751300509,1.112230673,0.0,12.5267335953045,9.680177127447497,0.0,0.0,0.0,0.0,0.0,0.0,0.0,0.0,0.0,0.0,0.0,0.0,0.0,0.0,0.1645572926229215
2024,Kech (Turbat),41,0.0,0.0,0.0,1060931,620.9389128094725,0.6689989235737352,6279.964208826696,0.3396259418729817,1329,1027,0,12.5267335953045,9.680177127447497,0.0,2.5072318557945805,5.495173578677595,0.0,0.0,0.0,0.0,0.0,0.0,0.0,0.0,0.0,0.0,0.0,0.0,0.0,0.0,0.11471734007503365
2024,Kech (Turbat),44,0.0,0.0,0.0,1060931,620.9389128094725,0.6689989235737352,6279.964208826696,0.3396259418729817,266,583,0,2.5072318557945805,5.495173578677595,0.0,0.009099893,1.3649839750881323,0.0,0.0,0.0,0.0,0.0,0.0,0.0,0.0,0.0,0.0,0.0,0.0,0.0,0.0,0.05031036767718311
2025,Kech (Turbat),37,0.0,0.0,0.0,1098914,620.9389128094725,0.6689989235737352,6279.964208826696,0.3396259418729817,843,585,1,7.671209939995304,5.323437502843716,0.009099893,7.252614854301611,5.223338678003921,0.0,0.0,0.0,0.0,0.0,0.0,0.0,0.0,0.0,0.0,0.0,0.0,0.0,0.0,0.1424525707129705
2025,Kech (Turbat),38,0.0,0.0,0.0,1098914,620.9389128094725,0.6689989235737352,6279.964208826696,0.3396259418729817,797,574,0,7.252614854301611,5.223338678003921,0.0,5.214238784836666,5.469035793519785,0.009099893,0.0,0.0,0.0,0.0,0.0,0.0,0.0,0.0,0.0,0.0,0.0,0.0,0.009099893,0.13164058938287715
2025,Kech (Turbat),39,0.0,0.0,0.0,1098914,620.9389128094725,0.6689989235737352,6279.964208826696,0.3396259418729817,573,601,1,5.214238784836666,5.469035793519785,0.009099893,6.369925217077952,5.314337609676462,0.0,0.0,0.0,0.0,0.0,0.0,0.0,0.0,0.0,0.0,0.0,0.0,0.0,0.0,0.14253591988198347
2025,Kech (Turbat),42,0.0,0.0,0.0,1098914,620.9389128094725,0.6689989235737352,6279.964208826696,0.3396259418729817,700,584,0,6.369925217077952,5.314337609676462,0.0,2.5206704073294177,1.810878740283589,0.0,0.0,0.0,0.0,0.0,0.0,0.0,0.0,0.0,0.0,0.0,0.0,0.0,0.0,0.09834382420681734
2025,Kech (Turbat),43,0.0,0.0,0.0,1098914,620.9389128094725,0.6689989235737352,6279.964208826696,0.3396259418729817,277,199,0,2.5206704073294177,1.810878740283589,0.0,7.370913465475915,4.986741456,0.0,0.0,0.0,0.0,0.0,0.0,0.0,0.0,0.0,0.0,0.0,0.0,0.0,0.0,0.16001442613072384
2024,Khairpur,37,0.6846,31.2409,66.1485,2597535,53.0,2.0,15910.0,0.5,12353,4388,229,47.55662580099979,16.89293888244047,0.8816050601820573,39.78002221336767,14.309720561994352,0.9701505465758884,1.2714,4.9667,30.742,29.9704,71.8915,75.242,2.3075666666666668,5.5217,30.6511,30.7226,71.094,72.82228,0.9701505465758884,0.8289040525212337
2024,Khairpur,38,0.0286,32.2129,55.9453,2597535,53.0,2.0,15910.0,0.5,10333,3717,252,39.78002221336767,14.309720561994352,0.9701505465758884,41.11975392,13.616755885868718,0.9316525090133532,0.6846,1.2714,31.2409,30.742,66.1485,71.8915,0.6615333333333334,2.05884,31.3986,30.86904,64.66176666666667,69.84747999999999,0.9316525090133532,0.9221005552318615
2024,Khairpur,39,0.1,33.8864,50.925,2597535,53.0,2.0,15910.0,0.5,10681,3537,242,41.11975392,13.616755885868718,0.9316525090133532,27.49529842716268,10.925743060247504,0.7276129099319162,0.0286,0.6846,32.2129,31.2409,55.9453,66.1485,0.2710666666666667,1.41026,32.446733333333334,31.61052,57.67293333333333,64.03046,0.7276129099319162,0.9245998211666788
2024,Khairpur,40,0.0,32.2735,53.4443,2597535,53.0,2.0,15910.0,0.5,7142,2838,189,27.49529842716268,10.925743060247504,0.7276129099319162,30.25175792,11.718802634035727,0.8123085925694937,0.1,0.0286,33.8864,32.2129,50.925,55.9453,0.0428666666666666,0.41692,32.790933333333335,32.07114,53.4382,59.67092,0.8123085925694937,0.7489989073411952
2024,Khairpur,41,0.0,29.4641,49.2018,2597535,53.0,2.0,15910.0,0.5,7858,3044,211,30.25175792,11.718802634035727,0.8123085925694937,27.853330176494254,10.771750909997362,0.7930595737882261,0.0,0.1,32.2735,33.8864,53.4443,50.925,0.033333333,0.16264,31.874666666666663,31.81556,51.19036666666667,55.13298,0.7930595737882261,0.7654563650722478
2024,Khairpur,42,0.0,29.5947,45.1958,2597535,53.0,2.0,15910.0,0.5,7235,2798,206,27.853330176494254,10.771750909997362,0.7930595737882261,24.39235659962233,10.098035252652997,0.6737156573443669,0.0,0.0,29.4641,32.2735,49.2018,53.4443,0.0,0.02572,30.4441,31.48632,49.28063333333333,50.94244,0.6737156573443669,0.7029638867252326
2024,Khairpur,43,0.0,30.1998,36.5906,2597535,53.0,2.0,15910.0,0.5,6336,2623,175,24.39235659962233,10.098035252652997,0.6737156573443669,20.581050880931347,8.392572188632684,0.6467670310505922,0.0,0.0,29.5947,29.4641,45.1958,49.2018,0.0,0.02,29.752866666666662,31.0837,43.662733333333335,47.0715,0.6467670310505922,0.6429735194849109
2024,Khairpur,44,0.0,28.823,44.242,2597535,53.0,2.0,15910.0,0.5,5346,2180,168,20.581050880931347,8.392572188632684,0.6467670310505922,12.204865718973169,10.410234759732608,0.6360282135239539,0.0,0.0,30.1998,29.5947,36.5906,45.1958,0.0,0.0,29.539166666666663,30.07102,42.00946666666667,45.7349,0.6360282135239539,0.649476108357022
2025,Khairpur,37,8.7714,28.5352,77.9599,2908676,53.0,2.0,15910.0,0.5,5594,3008,195,19.232117980827013,10.341474952865152,0.670408117,21.91375044865774,11.00844507947946,0.7322919431383901,0.2,2.3857,34.0337,33.451,52.7299,61.4459,3.7857,2.3257,32.00663333333333,33.0005,64.04523333333333,58.44926,0.7322919431383901,0.7145352275783386
2025,Khairpur,38,0.0,30.5587,67.2348,2908676,53.0,2.0,15910.0,0.5,6374,3202,213,21.91375044865774,11.00844507947946,0.7322919431383901,24.660704733012544,10.434300692136215,1.1517267650298624,8.7714,0.2,28.5352,34.0337,77.9599,52.7299,2.9904666666666664,2.3257,31.04253333333334,32.25836,65.97486666666667,61.83326000000001,1.1517267650298624,0.6849276841878669
2025,Khairpur,39,0.0,31.8298,53.3914,2908676,53.0,2.0,15910.0,0.5,7173,3035,335,24.660704733012544,10.434300692136215,1.1517267650298624,23.00015539716352,9.591993058,0.4641286963553176,0.0,8.7714,30.5587,28.5352,67.2348,77.9599,2.9238,2.27142,30.307900000000004,31.68168,66.19536666666667,62.55238000000001,0.4641286963553176,1.0054088205374003
2025,Khairpur,40,0.3571,32.8983,50.1066,2908676,53.0,2.0,15910.0,0.5,6690,2790,135,23.00015539716352,9.591993058,0.4641286963553176,33.47571197342021,11.393499997937203,1.0142071512949535,0.0,0.0,31.8298,30.5587,53.3914,67.2348,0.1190333333333333,1.8657,31.762266666666665,31.571140000000003,56.91093333333333,60.28452,1.0142071512949535,0.5988127599667608
2025,Khairpur,41,0.0,28.2138,42.9493,2908676,53.0,2.0,15910.0,0.5,9737,3314,295,33.47571197342021,11.393499997937203,1.0142071512949535,31.43010771911344,11.228476461455315,0.8113657210359627,0.3571,0.0,32.8983,31.8298,50.1066,53.3914,0.1190333333333333,1.8257,30.980633333333333,30.40716,48.81576666666666,58.32840000000001,0.8113657210359627,0.9120437594065236
2025,Khairpur,42,0.0,28.5703,32.3531,2908676,53.0,2.0,15910.0,0.5,9142,3266,236,31.43010771911344,11.228476461455315,0.8113657210359627,28.885994865017626,10.37585485629888,0.7872997886323536,0.0,0.3571,28.2138,32.8983,42.9493,50.1066,0.1190333333333333,0.07142,29.894133333333333,30.41418,41.803,49.207040000000006,0.7872997886323536,0.7284741741448452
2025,Khairpur,43,0.0,28.4712,33.5037,2908676,53.0,2.0,15910.0,0.5,8402,3018,229,28.885994865017626,10.37585485629888,0.7872997886323536,27.56236858281913,9.567927125606287,0.8113657210359627,0.0,0.0,28.5703,28.2138,32.3531,42.9493,0.0,0.07142,28.418433333333336,29.99668,36.2687,42.46082,0.8113657210359627,0.6921556820846917
2024,Kharan,37,0.0,30.3891,15.474,260352,700.0,0.0,14958.0,0.2,73,154,20,2.8038962635201576,5.915068829891839,0.7681907571288101,4.071411012782694,4.109820550639134,0.1920476892822025,0.0,0.6667,32.4187,32.4314,20.2318,29.1121,0.2222333333333333,0.2190599999999999,31.7464,32.39144,21.60596666666667,28.0956,0.1920476892822025,0.4331923793791903
2024,Kharan,38,0.0,32.2354,15.8199,260352,700.0,0.0,14958.0,0.2,106,107,5,4.071411012782694,4.109820550639134,0.1920476892822025,8.066002949852507,5.838249754178958,0.0,0.0,0.0,30.3891,32.4187,15.474,20.2318,0.0,0.17048,31.681066666666663,31.85068,17.175233333333335,23.14654,0.0,0.2552679191297108
2024,Kharan,39,0.0,31.5285,17.7172,260352,700.0,0.0,14958.0,0.2,210,152,0,8.066002949852507,5.838249754178958,0.0,14.672443461160274,6.836897738,0.1152286135693215,0.0,0.0,32.2354,30.3891,15.8199,15.474,0.0,0.13334,31.38433333333333,31.80062,16.337033333333334,19.671,0.1152286135693215,0.24206099160038308
2024,Kharan,40,0.0,30.0593,23.1261,260352,700.0,0.0,14958.0,0.2,382,178,3,14.672443461160274,6.836897738,0.1152286135693215,15.402224680432644,3.1495821042281222,0.153638151425762,0.0,0.0,31.5285,32.2354,17.7172,15.8199,0.0,0.0,31.2744,31.3262,18.887733333333333,18.4738,0.153638151425762,0.24960983658591562
2024,Kharan,41,0.0,27.0291,21.8984,260352,700.0,0.0,14958.0,0.2,401,82,4,15.402224680432644,3.1495821042281222,0.153638151425762,17.553158800393316,3.9561823992133727,0.1152286135693215,0.0,0.0,30.0593,31.5285,23.1261,17.7172,0.0,0.0,29.538966666666667,30.24828,20.9139,18.80712,0.1152286135693215,0.23624922639505375
2024,Kharan,43,0.0,26.5318,24.7973,260352,700.0,0.0,14958.0,0.2,563,1016,0,21.62456981317601,39.02409046214356,0.0,3.687315634218289,15.901548672566372,0.0,0.0,0.0,26.8166,27.0291,18.4406,21.8984,0.0,0.0,26.7925,28.39306,21.712100000000003,21.19592,0.0,0.2121063580919692
2024,Kharan,44,0.0,23.9541,26.1224,260352,700.0,0.0,14958.0,0.2,96,414,0,3.687315634218289,15.901548672566372,0.0,0.1060490370747433,2.492152371256469,0.0,0.0,0.0,26.5318,26.8166,24.7973,18.4406,0.0,0.0,25.7675,26.87818,23.1201,22.87696,0.0,0.11319094512734287
2025,Kharan,37,0.0,32.9684,37.5639,188592,700.0,0.0,14958.0,0.2,46,226,5,2.439127852719097,11.98354119,0.2651225926868584,2.9163485195554424,11.824467633833883,0.0,0.0,0.0286,32.6401,34.8056,16.7232,33.1203,0.009533333,0.00572,33.47136666666666,34.15722,29.1358,27.253300000000003,0.0,0.2656923728291563
2025,Kharan,38,0.0,31.8943,17.1644,188592,700.0,0.0,14958.0,0.2,55,223,0,2.9163485195554424,11.824467633833883,0.0,2.333078815644354,11.34724696699754,0.0,0.0,0.0,32.9684,32.6401,37.5639,16.7232,0.0,0.00572,32.50093333333333,33.54102,23.817166666666665,25.905359999999995,0.0,0.23084661468641632
2025,Kharan,39,0.0,31.8964,14.415,188592,700.0,0.0,14958.0,0.2,44,214,0,2.333078815644354,11.34724696699754,0.0,2.067956222957496,10.233732077712734,0.0,0.0,0.0,31.8943,32.9684,17.1644,37.5639,0.0,0.00572,32.253033333333335,32.84096,23.047766666666664,23.79736,0.0,0.20230577969612457
2025,Kharan,40,0.0,29.0738,12.1348,188592,700.0,0.0,14958.0,0.2,39,193,0,2.067956222957496,10.233732077712734,0.0,2.174005260032239,9.491388818189533,0.0,0.0,0.0,31.8964,31.8943,14.415,17.1644,0.0,0.0,30.95483333333333,31.6946,14.5714,19.60026,0.0,0.2068393501252809
2025,Kharan,41,0.0,23.45,17.098,188592,700.0,0.0,14958.0,0.2,41,179,0,2.174005260032239,9.491388818189533,0.0,3.181471112242301,10.39280563332485,0.0,0.0,0.0,29.0738,31.8964,12.1348,14.415,0.0,0.0,28.140066666666662,29.85658,14.549266666666666,19.67522,0.0,0.24176308497878718
2025,Kharan,42,0.0,25.1684,16.6599,188592,700.0,0.0,14958.0,0.2,60,196,0,3.181471112242301,10.39280563332485,0.0,2.8102994824806995,10.39280563332485,0.0,0.0,0.0,23.45,29.0738,17.098,12.1348,0.0,0.0,25.8974,28.29658,15.297566666666668,15.49442,0.0,0.2276625091948644
2025,Kharan,43,0.0,24.339,15.7096,188592,700.0,0.0,14958.0,0.2,53,196,0,2.8102994824806995,10.39280563332485,0.0,2.6512259268685843,11.08212437431068,0.0,0.0,0.0,25.1684,23.45,16.6599,17.098,0.0,0.0,24.31913333333333,26.78552,16.489166666666666,15.203459999999998,0.0,0.22717700523945647
2024,Khuzdar,37,0.0231,26.407,41.4333,997214,1237.0,0.0,35380.0,0.2,266,313,39,2.6674314640588683,3.138744542294833,0.3910895755575032,3.1888842314688723,3.5097782421827213,0.1604470053569244,0.0429,1.7333,25.5824,24.0526,64.5482,75.4804,0.5997666666666667,5.28558,25.34733333333333,25.33622,60.4873,68.0537,0.1604470053569244,0.3138201016311185
2024,Khuzdar,38,0.0,27.71,41.7643,997214,1237.0,0.0,35380.0,0.2,318,350,16,3.1888842314688723,3.5097782421827213,0.1604470053569244,2.436788893858289,2.125922820979248,0.0,0.0231,0.0429,26.407,25.5824,41.4333,64.5482,0.022,2.67986,26.566466666666667,25.70014,49.2486,60.40122,0.0,0.21490710834228333
2024,Khuzdar,39,0.0,28.5413,40.8259,997214,1237.0,0.0,35380.0,0.2,243,212,0,2.436788893858289,2.125922820979248,0.0,4.622879341846384,3.4796944286782976,0.1103073161828855,0.0,0.0231,27.71,26.407,41.7643,41.4333,0.0077,0.35986,27.552766666666667,26.45866,41.341166666666666,52.81042,0.1103073161828855,0.22778173349669414
2024,Khuzdar,40,0.8625,26.2743,35.3151,997214,1237.0,0.0,35380.0,0.2,461,347,11,4.622879341846384,3.4796944286782976,0.1103073161828855,6.919277106017365,2.5771800235455977,0.050139689,0.0,0.0,28.5413,27.71,40.8259,41.7643,0.2875,0.1857,27.50853333333333,26.903,39.301766666666666,44.77736,0.050139689,0.24084246877509616
2024,Khuzdar,41,1.0,22.3821,44.7209,997214,1237.0,0.0,35380.0,0.2,690,257,5,6.919277106017365,2.5771800235455977,0.050139689,4.502544088,2.6874873397284835,0.1103073161828855,0.8625,0.0,26.2743,28.5413,35.3151,40.8259,0.6208333333333333,0.37712,25.732566666666667,26.26294,40.2873,40.8119,0.1103073161828855,0.24336943072287892
2024,Khuzdar,42,0.0143,23.7725,22.405,997214,1237.0,0.0,35380.0,0.2,449,268,11,4.502544088,2.6874873397284835,0.1103073161828855,0.8323188402890452,4.312013268967343,0.0,1.0,0.8625,22.3821,26.2743,44.7209,35.3151,0.6256,0.37536,24.142966666666663,25.736040000000003,34.147,37.006240000000005,0.0,0.1816067617834636
2024,Khuzdar,43,0.0,23.9127,32.5101,997214,1237.0,0.0,35380.0,0.2,83,430,0,0.8323188402890452,4.312013268967343,0.0,2.547096210041175,3.8005884393921465,0.0,0.0143,1.0,23.7725,22.3821,22.405,44.7209,0.3381,0.37536,23.355766666666668,24.97658,33.212,35.1554,0.0,0.21369745138860607
2024,Khuzdar,44,0.0,22.9133,27.2139,997214,1237.0,0.0,35380.0,0.2,254,379,0,2.547096210041175,3.8005884393921465,0.0,0.051569837,1.5264671876595444,0.0,0.0,0.0143,23.9127,23.7725,32.5101,22.405,0.004766667,0.37536,23.53283333333333,23.85098,27.37633333333333,32.433,0.0,0.11046650745408437
2025,Khuzdar,37,0.4857,25.8243,64.6882,969559,1237.0,0.0,35380.0,0.2,77,229,35,0.7941754962823304,2.361898553878619,0.3609888619465138,0.1753374472311638,0.3713028294306999,0.0,0.1571,2.1143,28.1842,28.2964,47.2622,58.4946,0.9190333333333336,0.8628399999999999,27.434966666666668,28.46868,56.815,52.89618,0.0,0.17054343841004338
2025,Khuzdar,38,0.0,27.8949,33.6503,969559,1237.0,0.0,35380.0,0.2,17,36,0,0.1753374472311638,0.3713028294306999,0.0,0.845745334,1.9080839845744304,0.0,0.4857,0.1571,25.8243,28.1842,64.6882,47.2622,0.2142666666666667,0.8628399999999999,27.301133333333336,27.949580000000005,48.53356666666667,50.94686,0.0,0.12155281598708256
2025,Khuzdar,39,0.5143,27.9464,42.5644,969559,1237.0,0.0,35380.0,0.2,82,185,0,0.845745334,1.9080839845744304,0.0,0.5053844067251194,0.9179431060925636,0.010313967,0.0,0.4857,27.8949,25.8243,33.6503,64.6882,0.3333333333333333,0.65428,27.221866666666667,27.62924,46.96763333333333,49.33194,0.010313967,0.1038740890959935
2025,Khuzdar,40,0.0,25.5916,40.0289,969559,1237.0,0.0,35380.0,0.2,49,89,1,0.5053844067251194,0.9179431060925636,0.010313967,0.7838615287981443,0.92825707357675,0.0,0.5143,0.0,27.9464,27.8949,42.5644,33.6503,0.1714333333333333,0.2314199999999999,27.1443,27.08828,38.74786666666667,45.6388,0.0,0.10678069952016286
2025,Khuzdar,41,0.0,20.4934,34.6959,969559,1237.0,0.0,35380.0,0.2,76,90,0,0.7838615287981443,0.92825707357675,0.0,0.0618838049051166,0.1753374472311638,0.0,0.0,0.5143,25.5916,27.9464,40.0289,42.5644,0.1714333333333333,0.1999999999999999,24.67713333333333,25.55012,39.0964,43.12554,0.0,0.08307688597026353
2025,Khuzdar,42,0.0,21.9672,28.6122,969559,1237.0,0.0,35380.0,0.2,6,17,0,0.0618838049051166,0.1753374472311638,0.0,0.4125586993674444,2.980736602929785,0.0,0.0,0.0,20.4934,25.5916,34.6959,40.0289,0.0,0.1028599999999999,22.684066666666663,24.7787,34.44566666666666,35.910340000000005,0.0,0.1394265389256138
2025,Khuzdar,43,0.0,21.2434,28.9656,969559,1237.0,0.0,35380.0,0.2,40,289,0,0.4125586993674444,2.980736602929785,0.0,0.5878961465986082,1.021082780934425,0.0,0.0,0.0,21.9672,20.4934,28.6122,34.6959,0.0,0.1028599999999999,21.234666666666666,23.4484,30.757900000000003,34.973400000000005,0.0,0.11336145930483948
2024,Khyber,37,1.8538,25.8326,70.1548,1146267,1000.0,0.0,2576.0,0.2,344,316,43,3.001046004115969,2.756774817734437,0.3751307505144962,2.9835980622315748,4.117714284717261,0.078515738,3.3714,3.2778,25.3519,25.7753,76.3436,74.6256,2.8343333333333334,4.05774,25.653266666666667,25.97792,73.708,75.50757999999999,0.078515738,0.3678357062252504
2024,Khyber,38,0.0,27.1112,47.5495,1146267,1000.0,0.0,2576.0,0.2,342,472,9,2.9835980622315748,4.117714284717261,0.078515738,3.4808644059368365,3.9257869239889134,0.078515738,1.8538,3.3714,25.8326,25.3519,70.1548,76.3436,1.7417333333333334,2.66632,26.09856666666667,26.07918,64.68263333333333,68.7898,0.078515738,0.2797525216918952
2024,Khyber,39,0.6143,26.9472,61.7565,1146267,1000.0,0.0,2576.0,0.2,399,450,9,3.4808644059368365,3.9257869239889134,0.078515738,2.259508474029175,2.5822953988904853,0.1744794188439517,0.0,1.8538,27.1112,25.8326,47.5495,70.1548,0.8226999999999999,1.82346,26.630333333333336,26.20364,59.82026666666667,66.08599999999998,0.1744794188439517,0.24404409518421372
2024,Khyber,40,1.1,25.6903,44.0899,1146267,1000.0,0.0,2576.0,0.2,259,296,20,2.259508474029175,2.5822953988904853,0.1744794188439517,2.8614624690408084,2.756774817734437,0.1308595641329638,0.6143,0.0,26.9472,27.1112,61.7565,47.5495,0.5714333333333333,1.3879,26.5829,26.18664,51.13196666666667,59.97886,0.1308595641329638,0.31380103582429303
2024,Khyber,41,0.6,23.2436,42.2388,1146267,1000.0,0.0,2576.0,0.2,328,316,15,2.8614624690408084,2.756774817734437,0.1308595641329638,3.027217916942562,2.992322033173772,0.078515738,1.1,0.6143,25.6903,26.9472,44.0899,61.7565,0.7714333333333333,0.83362,25.2937,25.76498,49.36173333333334,53.1579,0.078515738,0.2789713713959859
2024,Khyber,42,0.0,23.4388,42.464,1146267,1000.0,0.0,2576.0,0.2,347,343,9,3.027217916942562,2.992322033173772,0.078515738,2.4950556894685096,3.5681041153588127,0.087239709,0.6,1.1,23.2436,25.6903,42.2388,44.0899,0.5666666666666665,0.46286,24.124233333333336,25.28622,42.9309,47.61974,0.087239709,0.26039415980982994
2024,Khyber,43,0.6143,22.2118,47.7302,1146267,1000.0,0.0,2576.0,0.2,286,409,10,2.4950556894685096,3.5681041153588127,0.087239709,0.8287772395087707,2.076305084243025,0.0,0.0,0.6,23.4388,23.2436,42.464,42.2388,0.4047666666666665,0.58572,22.96473333333333,24.30634,44.14433333333333,47.65588,0.0,0.1999163496514308
2024,Khyber,44,0.0,21.0005,56.846,1146267,1000.0,0.0,2576.0,0.2,95,238,0,0.8287772395087707,2.076305084243025,0.0,0.0,0.9554060056486284,0.0,0.6143,0.0,22.2118,23.4388,47.7302,42.464,0.2047666666666665,0.46286,22.217033333333333,23.117,49.0134,46.67378,0.0,0.13350861786169482
2025,Khyber,37,0.2714,28.1353,62.8539,1193210,1000.0,0.0,2576.0,0.2,48,855,28,0.4022762129046857,7.165545042364713,0.2346611241943999,6.0341431935702845,6.528607705265628,1.299016937504714,4.4429,7.9714,25.7502,25.7386,69.5805,77.14,4.228566666666667,4.53142,26.541366666666665,26.90654,69.85813333333333,72.50514000000001,1.299016937504714,0.35781761838737886
2025,Khyber,38,1.2,27.1716,59.4637,1193210,1000.0,0.0,2576.0,0.2,720,779,155,6.0341431935702845,6.528607705265628,1.299016937504714,6.486703933088056,7.006310708089942,1.11464034,0.2714,4.4429,28.1353,25.7502,62.8539,69.5805,1.9714333333333331,3.97142,27.01903333333333,26.74244,63.96603333333332,70.10097999999999,1.11464034,0.8582808312390071
2025,Khyber,39,0.0143,26.4034,51.4882,1193210,1000.0,0.0,2576.0,0.2,774,836,133,6.486703933088056,7.006310708089942,1.11464034,4.978168134695485,5.422348119777743,0.0,1.2,0.2714,27.1716,28.1353,59.4637,62.8539,0.4952333333333333,2.78,27.236766666666668,26.639820000000004,57.93526666666666,64.10526,0.0,0.7860095735406326
2025,Khyber,40,2.4143,23.6305,58.6334,1193210,1000.0,0.0,2576.0,0.2,594,647,0,4.978168134695485,5.422348119777743,0.0,5.757578297198314,6.377754125426371,0.561510547,0.0143,1.2,26.4034,27.1716,51.4882,59.4637,1.2095333333333331,1.66858,25.735166666666668,26.218200000000003,56.52843333333333,60.40394,0.561510547,0.28109591218376395
2025,Khyber,41,0.7,19.2906,54.6953,1193210,1000.0,0.0,2576.0,0.2,687,761,67,5.757578297198314,6.377754125426371,0.561510547,6.067666211312343,6.310708089942256,0.1005690532261714,2.4143,0.0143,23.6305,26.4034,58.6334,51.4882,1.0428666666666666,0.92,23.108166666666666,24.92628,54.938966666666666,57.4269,0.1005690532261714,0.5095006152550758
2025,Khyber,42,0.0,22.3243,49.042,1193210,1000.0,0.0,2576.0,0.2,724,753,12,6.067666211312343,6.310708089942256,0.1005690532261714,4.525607395177714,5.849766595988971,0.7710294080673142,0.7,2.4143,19.2906,23.6305,54.6953,58.6334,1.0381,0.8657199999999999,21.74846666666667,23.76408,54.12356666666667,54.66452,0.7710294080673142,0.279649342139287
2025,Khyber,43,0.0,21.0308,38.5252,1193210,1000.0,0.0,2576.0,0.2,540,698,92,4.525607395177714,5.849766595988971,0.7710294080673142,4.651318711710428,3.3439210197702,0.4609414939532857,0.0,0.7,22.3243,19.2906,49.042,54.6953,0.2333333333333333,0.6257199999999999,20.8819,22.53592,47.42083333333333,50.47682,0.4609414939532857,0.5368886409514007
2024,Killa Abdullah,37,0.0,27.0697,10.82,361971,1500.0,0.0,3553.0,0.2,28,183,15,0.7735426318682987,5.055653629710667,0.4143978385008744,0.4143978385008744,3.204676617740095,0.0,0.5111,0.0,29.038,29.7418,30.0147,19.8352,0.1703666666666666,0.16222,28.6165,30.319939999999995,20.2233,24.18564,0.0,0.28584145203483263
2024,Killa Abdullah,38,0.0,27.9826,15.0052,361971,1500.0,0.0,3553.0,0.2,15,116,0,0.4143978385008744,3.204676617740095,0.0,3.840086636774769,0.5249039287677743,0.0276265225667249,0.0,0.5111,27.0697,29.038,10.82,30.0147,0.1703666666666666,0.10222,28.030100000000004,29.40116,18.6133,20.90048,0.0276265225667249,0.23832007760382623
2024,Killa Abdullah,39,0.0,28.0365,15.1924,361971,1500.0,0.0,3553.0,0.2,139,19,1,3.840086636774769,0.5249039287677743,0.0276265225667249,1.8786035345372971,3.5361948885407943,0.055253045,0.0,0.0,27.9826,27.0697,15.0052,10.82,0.0,0.10222,27.69626666666667,28.37372,13.672533333333334,18.1735,0.055253045,0.21932244052801447
2024,Killa Abdullah,40,0.1125,25.3666,20.8466,361971,1500.0,0.0,3553.0,0.2,68,128,2,1.8786035345372971,3.5361948885407943,0.055253045,2.569266598705421,0.5249039287677743,0.0,0.0,0.0,28.0365,27.9826,15.1924,15.0052,0.0375,0.12472,27.128566666666668,27.49868,17.014733333333332,18.37578,0.0,0.18957072765218747
2024,Killa Abdullah,41,0.1286,21.39,23.5854,361971,1500.0,0.0,3553.0,0.2,93,19,0,2.569266598705421,0.5249039287677743,0.0,2.9284113920728454,0.4143978385008744,0.1105060902668998,0.1125,0.0,25.3666,28.0365,20.8466,15.1924,0.080366667,0.04822,24.93103333333333,25.96908,19.8748,17.08992,0.1105060902668998,0.22963377750151828
2024,Killa Abdullah,42,0.0,22.3109,14.951,361971,1500.0,0.0,3553.0,0.2,106,15,4,2.9284113920728454,0.4143978385008744,0.1105060902668998,7.127642822215039,12.87395951609383,0.0,0.1286,0.1125,21.39,25.3666,23.5854,20.8466,0.080366667,0.04822,23.0225,25.01732,19.79433333333333,17.91612,0.0,0.3345361428662024
2024,Killa Abdullah,43,0.0,22.6856,23.3539,361971,1500.0,0.0,3553.0,0.2,258,466,0,7.127642822215039,12.87395951609383,0.0,0.2622500838653914,0.120197955104971,0.0,0.0,0.1286,22.3109,21.39,14.951,23.5854,0.0428666666666666,0.04822,22.128833333333336,23.95792,20.6301,19.58586,0.0,0.13092835198700492
2025,Killa Abdullah,37,0.0,29.4275,23.9032,915157,1500.0,0.0,3553.0,0.2,13,227,33,0.1420521287604203,2.4804487098934938,0.3605938653149131,0.1529792155881449,2.546011230859841,0.0109270868277246,0.0,0.0,27.51,30.6838,9.3396,20.1531,0.0,0.0,29.2071,30.046100000000003,17.79863333333333,16.13732,0.0109270868277246,0.21483676125197262
2025,Killa Abdullah,38,0.0,26.2147,13.1129,915157,1500.0,0.0,3553.0,0.2,14,233,1,0.1529792155881449,2.546011230859841,0.0109270868277246,0.2513229970376667,2.7317717069311604,0.1420521287604203,0.0,0.0,29.4275,27.51,23.9032,9.3396,0.0,0.0,27.7174,29.08616,15.4519,16.6695,0.1420521287604203,0.1599023162093663
2025,Killa Abdullah,39,0.0,26.7204,13.2692,915157,1500.0,0.0,3553.0,0.2,23,250,13,0.2513229970376667,2.7317717069311604,0.1420521287604203,0.098343781,2.513229970376668,0.0218541736554492,0.0,0.0,26.2147,29.4275,13.1129,23.9032,0.0,0.0,27.4542,28.11128,16.761766666666666,15.9556,0.0218541736554492,0.1527012388658457
2025,Killa Abdullah,40,0.0,24.0585,10.6517,915157,1500.0,0.0,3553.0,0.2,9,230,2,0.098343781,2.513229970376668,0.0218541736554492,0.2076146497267681,2.6880633596202617,0.1529792155881449,0.0,0.0,26.7204,26.2147,13.2692,13.1129,0.0,0.0,25.66453333333333,26.786220000000004,12.3446,14.05532,0.1529792155881449,0.15595366566562313
2025,Killa Abdullah,41,0.0,18.6201,12.2732,915157,1500.0,0.0,3553.0,0.2,19,246,14,0.2076146497267681,2.6880633596202617,0.1529792155881449,0.2076146497267681,2.283761147,0.1529792155881449,0.0,0.0,24.0585,26.7204,10.6517,13.2692,0.0,0.0,23.133,25.00824,12.0647,14.64204,0.1529792155881449,0.16072956425311946
2025,Killa Abdullah,42,0.0,20.8811,12.3911,915157,1500.0,0.0,3553.0,0.2,19,209,14,0.2076146497267681,2.283761147,0.1529792155881449,0.1966875628990435,2.382104928443972,0.087416695,0.0,0.0,18.6201,24.0585,12.2732,10.6517,0.0,0.0,21.186566666666668,23.29896,11.772,12.33962,0.087416695,0.15587750130557054
2025,Killa Abdullah,43,0.0,19.8439,15.717,915157,1500.0,0.0,3553.0,0.2,18,218,8,0.1966875628990435,2.382104928443972,0.087416695,0.1966875628990435,2.1635631918894798,0.087416695,0.0,0.0,20.8811,18.6201,12.3911,12.2732,0.0,0.0,19.7817,22.0248,13.460433333333333,12.86044,0.087416695,0.14226043705266872
2024,Killa Saifullah,37,0.0538,24.0936,48.7529,380200,1500.0,0.0,6831.0,0.2,208,150,0,5.470804839558127,3.9452919516044185,0.0,4.602840610205155,4.944765912677538,0.0,1.5714,3.1333,23.4894,23.9328,66.932,66.7359,1.586166666666667,1.3859800000000002,23.8386,24.353340000000003,60.806933333333326,64.82320000000001,0.0,0.2375751935416168
2024,Killa Saifullah,39,0.0,26.3621,35.9054,380200,1500.0,0.0,6831.0,0.2,175,188,0,4.602840610205155,4.944765912677538,0.0,0.0,3.208837453971594,0.0,0.0538,1.5714,24.0936,23.4894,48.7529,66.932,0.5417333333333333,0.9717,24.648366666666664,24.39752,50.5301,58.21718,0.0,0.1386891092258521
2024,Killa Saifullah,40,0.9125,23.6509,30.401,380200,1500.0,0.0,6831.0,0.2,0,122,0,0.0,3.208837453971594,0.0,0.0,3.7085744345081535,0.0,0.0,0.0538,26.3621,24.0936,35.9054,48.7529,0.3221,1.1342,24.7022,24.30576,38.35309999999999,49.74544,0.0,0.1356626471704227
2024,Killa Saifullah,41,1.0429,18.7094,42.5106,380200,1500.0,0.0,6831.0,0.2,0,141,0,0.0,3.7085744345081535,0.0,0.0,2.682798527091005,0.0,0.9125,0.0,23.6509,26.3621,30.401,35.9054,0.6518,0.7161199999999999,22.907466666666664,23.26108,36.27233333333333,44.90038,0.0,0.12859014741086405
2024,Killa Saifullah,42,0.0,20.9496,18.1387,380200,1500.0,0.0,6831.0,0.2,0,102,0,0.0,2.682798527091005,0.0,0.1841136244082062,2.077853761178327,0.0263019463440294,1.0429,0.9125,18.7094,23.6509,42.5106,30.401,0.6518,0.40184,21.1033,22.753120000000003,30.350099999999998,35.14172,0.0263019463440294,0.14729229326525117
2024,Killa Saifullah,43,0.0,20.86,31.4638,380200,1500.0,0.0,6831.0,0.2,7,79,1,0.1841136244082062,2.077853761178327,0.0263019463440294,4.497632824829037,0.0,0.0,0.0,1.0429,20.9496,18.7094,18.1387,42.5106,0.3476333333333333,0.39108,20.173,22.1064,30.704366666666655,31.6839,0.0,0.2198152200434648
2024,Killa Saifullah,44,0.0,20.4502,24.0571,380200,1500.0,0.0,6831.0,0.2,171,0,0,4.497632824829037,0.0,0.0,0.0,4.377764824538702,0.0,0.0,0.0,20.86,20.9496,31.4638,18.1387,0.0,0.39108,20.753266666666665,20.92402,24.553199999999997,29.314239999999995,0.0,0.16092158213346308
2025,Killa Saifullah,37,0.0286,25.232,56.8286,413453,1500.0,0.0,6831.0,0.2,331,336,53,8.005746723327682,8.126679453287315,1.2818869375721065,7.836440901384196,7.401083073529518,0.1209327299596326,0.0143,0.1571,25.0743,26.6752,51.5898,60.1088,0.066666667,0.08572,25.6605,26.62398,56.17573333333333,54.70194,0.1209327299596326,0.7286248200770109
2025,Killa Saifullah,38,0.0,25.6868,19.9387,413453,1500.0,0.0,6831.0,0.2,324,306,5,7.836440901384196,7.401083073529518,0.1209327299596326,6.385248141868604,6.457807779844384,0.2418654599192653,0.0286,0.0143,25.232,25.0743,56.8286,51.5898,0.0142999999999999,0.04572,25.33103333333333,26.27822,42.78569999999999,48.69636,0.2418654599192653,0.27652117469351045
2025,Killa Saifullah,39,0.0,25.4793,16.5323,413453,1500.0,0.0,6831.0,0.2,264,267,10,6.385248141868604,6.457807779844384,0.2418654599192653,4.643816830449894,3.1200644329585225,0.0,0.0,0.0286,25.6868,25.232,19.9387,56.8286,0.009533333,0.0399999999999999,25.46603333333333,25.629520000000003,31.09986666666666,40.99964,0.0,0.29857179267733114
2025,Killa Saifullah,40,0.0,23.5755,27.7245,413453,1500.0,0.0,6831.0,0.2,192,129,0,4.643816830449894,3.1200644329585225,0.0,4.6680033764418205,3.361929892877788,0.0,0.0,0.0,25.4793,25.6868,16.5323,19.9387,0.0,0.00858,24.913866666666667,25.00958,21.398499999999995,34.52278,0.0,0.26228715206013653
2025,Killa Saifullah,41,0.0,17.9773,23.2689,413453,1500.0,0.0,6831.0,0.2,193,139,0,4.6680033764418205,3.361929892877788,0.0,5.683838308102734,6.143382681949339,0.0,0.0,0.0,23.5755,25.4793,27.7245,16.5323,0.0,0.00572,22.34403333333333,23.59018,22.508566666666663,28.858600000000003,0.0,0.2698187513109076
2025,Killa Saifullah,43,0.0,18.671,23.9609,413453,1500.0,0.0,6831.0,0.2,235,254,0,5.683838308102734,6.143382681949339,0.0,5.538719032151176,8.368544913206579,0.0,0.0,0.0,17.9773,23.5755,23.2689,27.7245,0.0,0.0,20.0746,22.27798,24.98476666666666,22.28506,0.0,0.26491729202492775
2024,Kohat,38,0.0,29.007,50.557,1234661,500.0,0.0,2545.0,0.65,11,118,0,0.089093281,0.9557279285569076,0.0,0.1376896168259951,0.6560505272297416,0.0,4.5444,4.3286,27.4214,28.0153,73.5129,74.5217,2.957666666666667,4.81102,28.147900000000003,28.186380000000003,66.19720000000001,71.6553,0.0,0.05348186237728117
2024,Kohat,39,3.4571,28.4665,63.0571,1234661,500.0,0.0,2545.0,0.65,17,81,0,0.1376896168259951,0.6560505272297416,0.0,2.4460155459676787,3.1425630193227128,0.016198778450117,0.0,4.5444,29.007,27.4214,50.557,73.5129,2.6671666666666667,3.87744,28.2983,28.23104,62.37566666666667,68.08104,0.016198778450117,0.11866243836478307
2024,Kohat,41,0.3286,25.2272,42.4674,1234661,500.0,0.0,2545.0,0.65,302,388,2,2.4460155459676787,3.1425630193227128,0.016198778450117,2.0653442523899272,3.4989361452252883,0.008099389,3.4571,0.0,28.4665,29.007,63.0571,50.557,1.2619,2.53174,27.5669,27.62748,52.027166666666666,60.82321999999999,0.008099389,0.12987437616642825
2024,Kohat,42,0.0,25.6754,44.0555,1234661,500.0,0.0,2545.0,0.65,255,432,1,2.0653442523899272,3.4989361452252883,0.008099389,2.138238755415454,3.247855079248474,0.0,0.3286,3.4571,25.2272,28.4665,42.4674,63.0571,1.2619,1.6660199999999996,26.456366666666668,27.1595,49.86000000000001,54.72998,0.0,0.1292654822514852
2024,Kohat,43,2.0571,24.5745,47.9657,1234661,500.0,0.0,2545.0,0.65,264,401,0,2.138238755415454,3.247855079248474,0.0,1.3444986113597177,2.518910048993205,0.0,0.0,0.3286,25.6754,25.2272,44.0555,42.4674,0.7952333333333335,1.1685599999999998,25.159033333333337,26.59012,44.82953333333334,49.620540000000005,0.0,0.11576336633013312
2024,Kohat,44,0.0571,22.3385,64.9644,1234661,500.0,0.0,2545.0,0.65,166,311,0,1.3444986113597177,2.518910048993205,0.0,0.0,0.2915541753473451,0.0,2.0571,0.0,24.5745,25.6754,47.9657,44.0555,0.7047333333333334,1.1799799999999998,24.196133333333336,25.25642,52.32853333333335,52.50202,0.0,0.052518730450891865
2025,Kohat,37,0.2286,29.57,61.4204,1200463,500.0,0.0,2545.0,0.65,0,989,9,0.0,8.238487983,0.074971074,4.190050005706132,7.713690467761189,0.116621670138938,2.5,10.3286,27.4534,28.1885,68.9679,71.5604,4.3524,3.6771599999999993,28.403966666666676,29.42534,67.31623333333333,65.6516,0.116621670138938,0.13894442284194053
2025,Kohat,38,1.0857,29.2897,56.9021,1200463,500.0,0.0,2545.0,0.65,503,926,14,4.190050005706132,7.713690467761189,0.116621670138938,3.565291058533249,7.205553190727244,0.1499421473214917,0.2286,2.5,29.57,27.4534,61.4204,68.9679,1.2714333333333334,3.3514399999999998,28.77103333333333,29.14416,62.43013333333334,64.4847,0.1499421473214917,0.1472134287816228
2025,Kohat,39,0.2,29.0796,48.1121,1200463,500.0,0.0,2545.0,0.65,428,865,18,3.565291058533249,7.205553190727244,0.1499421473214917,2.8405706798127057,6.555803885667446,0.024990358,1.0857,0.2286,29.2897,29.57,56.9021,61.4204,0.5047666666666667,2.86858,29.3131,28.71624,55.47820000000001,61.39258,0.024990358,0.16380180660678872
2025,Kohat,40,2.4714,26.4215,54.2221,1200463,500.0,0.0,2545.0,0.65,341,787,3,2.8405706798127057,6.555803885667446,0.024990358,2.274122567709292,5.664481121034135,0.099961432,0.2,1.0857,29.0796,29.2897,48.1121,56.9021,1.2523666666666669,1.2971399999999995,28.2636,28.36284,53.07876666666667,57.92492,0.099961432,0.14287524255292122
2025,Kohat,41,0.2429,22.0876,48.5468,1200463,500.0,0.0,2545.0,0.65,273,680,12,2.274122567709292,5.664481121034135,0.099961432,2.257462329118016,3.8568452338805934,0.2249132209822377,2.4714,0.2,26.4215,29.0796,54.2221,48.1121,0.9714333333333336,0.8457199999999997,25.862900000000007,27.28968,50.293666666666674,53.840700000000005,0.2249132209822377,0.1269486343025356
2025,Kohat,42,0.0,24.6111,47.3398,1200463,500.0,0.0,2545.0,0.65,271,463,27,2.257462329118016,3.8568452338805934,0.2249132209822377,2.349093641370038,3.423679030507396,0.0,0.2429,2.4714,22.0876,26.4215,48.5468,54.2221,0.9047666666666668,0.7999999999999996,24.373400000000004,26.2979,50.036233333333335,51.02457999999999,0.0,0.21169605307998557
2025,Kohat,43,0.0,23.7433,37.6934,1200463,500.0,0.0,2545.0,0.65,282,411,0,2.349093641370038,3.423679030507396,0.0,2.407404476439507,4.306671675845069,0.091631312,0.0,0.2429,24.6111,22.0876,47.3398,48.5468,0.080966667,0.5828599999999996,23.480666666666668,25.18862,44.52666666666666,47.18284,0.091631312,0.15540221497579576
2024,Kohistan Lower,37,0.8308,5.2734,76.1085,340017,1500.0,2.0,1200.0,0.2,19,111,1,0.55879559,3.264542655,0.0294102941911727,0.4999750012499375,3.6468764797054263,0.0588205883823455,1.2714,6.4889,6.3582,7.0084,81.0759,84.2407,2.8637,3.0982200000000004,6.213333333333332,7.2363,80.47503333333333,81.26986000000001,0.0588205883823455,0.07363417252163493
2024,Kohistan Lower,38,0.6714,5.4154,64.8228,340017,1500.0,2.0,1200.0,0.2,17,124,2,0.4999750012499375,3.6468764797054263,0.0588205883823455,0.2352823535293823,2.970439713308452,0.0,0.8308,1.2714,5.2734,6.3582,76.1085,81.0759,0.9245333333333332,2.26108,5.682333333333332,6.26338,74.00240000000001,77.57826,0.0,0.06692974433549481
2024,Kohistan Lower,39,0.6714,6.4318,68.6352,340017,1500.0,2.0,1200.0,0.2,8,101,0,0.2352823535293823,2.970439713308452,0.0,0.2058720593382095,2.793977948161415,0.0,0.6714,0.8308,5.4154,5.2734,64.8228,76.1085,0.7245333333333334,1.98678,5.706866666666666,6.097440000000001,69.8555,74.97662,0.0,0.05676813136715045
2024,Kohistan Lower,40,0.1625,2.4393,70.512,340017,1500.0,2.0,1200.0,0.2,7,95,0,0.2058720593382095,2.793977948161415,0.0,0.2058720593382095,2.9116191249261067,0.0,0.6714,0.6714,6.4318,5.4154,68.6352,64.8228,0.5017666666666667,0.7215000000000004,4.762166666666666,5.18362,67.99000000000001,72.23088,0.0,0.05754641887322534
2024,Kohistan Lower,41,0.0286,-0.9334,80.7041,340017,1500.0,2.0,1200.0,0.2,7,99,0,0.2058720593382095,2.9116191249261067,0.0,0.1764617651470367,3.529235302940735,0.0,0.1625,0.6714,2.4393,6.4318,70.512,68.6352,0.2875,0.4729400000000003,2.6459,3.7253,73.28376666666666,72.15652,0.0,0.0661757374888503
2024,Kohistan Lower,42,0.0,-0.6549,72.9941,340017,1500.0,2.0,1200.0,0.2,6,120,0,0.1764617651470367,3.529235302940735,0.0,0.1176411767646911,3.558645597131908,0.0,0.0286,0.1625,-0.9334,2.4393,80.7041,70.512,0.0637,0.3067800000000004,0.283666667,2.5396399999999995,74.73673333333333,71.53364,0.0,0.061450151041258116
2024,Kohistan Lower,43,0.0,-0.6337,73.1153,340017,1500.0,2.0,1200.0,0.2,4,121,0,0.1176411767646911,3.558645597131908,0.0,0.1470514709558639,2.7645676539702424,0.0,0.0,0.0286,-0.6549,-0.9334,72.9941,80.7041,0.009533333,0.1725000000000003,-0.740666667,1.32982,75.60449999999999,73.19214,0.0,0.05226562628240641
2024,Kohistan Lower,44,0.0143,-0.6233,71.0678,340017,1500.0,2.0,1200.0,0.2,5,94,0,0.1470514709558639,2.7645676539702424,0.0,0.0,0.0,0.0,0.0,0.0,-0.6337,-0.6549,73.1153,72.9941,0.004766667,0.04108,-0.6373,-0.0812,72.39240000000001,73.67866000000001,0.0,0.01488720642259625
2025,Kohistan Lower,37,1.2571,7.9859,70.8962,244203,1500.0,2.0,1200.0,0.2,1,164,0,0.0409495378844649,6.715724213052256,0.0,0.081899076,8.926999258813364,0.0,2.2429,1.7286,6.6243,8.0663,80.1492,80.3784,1.7428666666666668,2.0914400000000004,7.558833333333333,8.393299999999998,77.14126666666665,78.57077999999998,0.0,0.09959204034127969
2025,Kohistan Lower,38,0.6,5.0579,73.0253,244203,1500.0,2.0,1200.0,0.2,2,218,0,0.081899076,8.926999258813364,0.0,0.0409495378844649,4.913944546135797,0.0,1.2571,2.2429,7.9859,6.6243,70.8962,80.1492,1.3666666666666665,1.8514400000000009,6.556033333333333,7.63668,74.69023333333332,77.85794,0.0,0.08568036747498908
2025,Kohistan Lower,39,0.2714,4.5184,64.9711,244203,1500.0,2.0,1200.0,0.2,1,120,0,0.0409495378844649,4.913944546135797,0.0,0.2456972273067898,7.657563584,0.0409495378844649,0.6,1.2571,5.0579,7.9859,73.0253,70.8962,0.7094999999999999,1.2200000000000002,5.854066666666667,6.450559999999999,69.63086666666666,73.88404,0.0409495378844649,0.10829176750400041
2025,Kohistan Lower,40,0.0429,1.3841,71.873,244203,1500.0,2.0,1200.0,0.2,6,187,1,0.2456972273067898,7.657563584,0.0409495378844649,0.4913944546135797,5.364389462864912,0.0,0.2714,0.6,4.5184,5.0579,64.9711,73.0253,0.3047666666666667,0.8828600000000003,3.653466666666666,5.11412,69.95646666666666,72.18296000000001,0.0,0.09592945777515949
2025,Kohistan Lower,41,0.0,-4.8376,79.5008,244203,1500.0,2.0,1200.0,0.2,12,131,0,0.4913944546135797,5.364389462864912,0.0,0.1637981515378599,6.347178372092071,0.0,0.0429,0.2714,1.3841,4.5184,71.873,64.9711,0.1047666666666666,0.4342800000000004,0.3549666666666666,2.8217399999999992,72.11496666666666,72.05328,0.0,0.10664430215372475
2025,Kohistan Lower,42,0.0,-0.3974,55.9147,244203,1500.0,2.0,1200.0,0.2,4,155,0,0.1637981515378599,6.347178372092071,0.0,0.081899076,5.569137152287236,0.0,0.0,0.0429,-4.8376,1.3841,79.5008,71.873,0.0143,0.1828600000000003,-1.283633333,1.1450799999999992,69.09616666666666,69.05698000000001,0.0,0.07340039425579492
2025,Kohistan Lower,43,0.0,-2.3802,64.477,244203,1500.0,2.0,1200.0,0.2,2,136,0,0.081899076,5.569137152287236,0.0,0.3685458409601848,3.562609795948453,0.0,0.0,0.0,-0.3974,-4.8376,55.9147,79.5008,0.0,0.06286,-2.5384,-0.34254,66.63083333333334,67.34732,0.0,0.07531656989030111
2024,Kohistan Upper,37,0.8308,5.2734,76.1085,422947,2500.0,2.0,4000.0,0.2,11,418,19,0.2600798681631505,9.883034990199716,0.4492288631908963,0.1655053706492775,10.876067214095382,0.3546543656770233,1.2714,6.4889,6.3582,7.0084,81.0759,84.2407,2.8637,3.0982200000000004,6.213333333333332,7.2363,80.47503333333333,81.26986000000001,0.3546543656770233,0.25628564947147525
2024,Kohistan Upper,38,0.6714,5.4154,64.8228,422947,2500.0,2.0,4000.0,0.2,7,460,15,0.1655053706492775,10.876067214095382,0.3546543656770233,0.3073671169200869,7.305879932946681,0.4019416144339598,0.8308,1.2714,5.2734,6.3582,76.1085,81.0759,0.9245333333333332,2.26108,5.682333333333332,6.26338,74.00240000000001,77.57826,0.4019416144339598,0.21921960684766423
2024,Kohistan Upper,39,0.6714,6.4318,68.6352,422947,2500.0,2.0,4000.0,0.2,13,309,17,0.3073671169200869,7.305879932946681,0.4019416144339598,0.1655053706492775,8.157050410571538,0.023643624,0.6714,0.8308,5.4154,5.2734,64.8228,76.1085,0.7245333333333334,1.98678,5.706866666666666,6.097440000000001,69.8555,74.97662,0.023643624,0.24526450723358265
2024,Kohistan Upper,40,0.1625,2.4393,70.512,422947,2500.0,2.0,4000.0,0.2,7,345,1,0.1655053706492775,8.157050410571538,0.023643624,0.7802396044894514,7.967901415543792,0.3546543656770233,0.6714,0.6714,6.4318,5.4154,68.6352,64.8228,0.5017666666666667,0.7215000000000004,4.762166666666666,5.18362,67.99000000000001,72.23088,0.3546543656770233,0.13310641123534198
2024,Kohistan Upper,41,0.0286,-0.9334,80.7041,422947,2500.0,2.0,4000.0,0.2,33,337,15,0.7802396044894514,7.967901415543792,0.3546543656770233,1.7259845796281803,8.700853771276305,0.1182181218923411,0.1625,0.6714,2.4393,6.4318,70.512,68.6352,0.2875,0.4729400000000003,2.6459,3.7253,73.28376666666666,72.15652,0.1182181218923411,0.24497116134895142
2024,Kohistan Upper,42,0.0,-0.6549,72.9941,422947,2500.0,2.0,4000.0,0.2,73,368,5,1.7259845796281803,8.700853771276305,0.1182181218923411,0.6620214825971102,9.977609487713591,0.0,0.0286,0.1625,-0.9334,2.4393,80.7041,70.512,0.0637,0.3067800000000004,0.283666667,2.5396399999999995,74.73673333333333,71.53364,0.0,0.1505611144333841
2024,Kohistan Upper,43,0.0,-0.6337,73.1153,422947,2500.0,2.0,4000.0,0.2,28,422,0,0.6620214825971102,9.977609487713591,0.0,0.520159736,7.471385304,0.0,0.0,0.0286,-0.6549,-0.9334,72.9941,80.7041,0.009533333,0.1725000000000003,-0.740666667,1.32982,75.60449999999999,73.19214,0.0,0.13074912786152373
2024,Kohistan Upper,44,0.0143,-0.6233,71.0678,422947,2500.0,2.0,4000.0,0.2,22,316,0,0.520159736,7.471385304,0.0,0.0,0.2703206814243737,0.0,0.0,0.0,-0.6337,-0.6549,73.1153,72.9941,0.004766667,0.04108,-0.6373,-0.0812,72.39240000000001,73.67866000000001,0.0,0.05322527931430368
2025,Kohistan Upper,37,1.2571,7.9859,70.8962,369931,2500.0,2.0,4000.0,0.2,0,336,3,0.0,9.082774895858956,0.081096204,1.4326996115491806,8.839486283,0.054064136,2.2429,1.7286,6.6243,8.0663,80.1492,80.3784,1.7428666666666668,2.0914400000000004,7.558833333333333,8.393299999999998,77.14126666666665,78.57077999999998,0.054064136,0.1378870554060748
2025,Kohistan Upper,38,0.6,5.0579,73.0253,369931,2500.0,2.0,4000.0,0.2,53,327,2,1.4326996115491806,8.839486283,0.054064136,2.108501315110115,10.677666916262762,0.1892244769970616,1.2571,2.2429,7.9859,6.6243,70.8962,80.1492,1.3666666666666665,1.8514400000000009,6.556033333333333,7.63668,74.69023333333332,77.85794,0.1892244769970616,0.1647329388091196
2025,Kohistan Upper,39,0.2714,4.5184,64.9711,369931,2500.0,2.0,4000.0,0.2,78,395,7,2.108501315110115,10.677666916262762,0.1892244769970616,1.297539270836994,6.352536013472783,0.0,0.6,1.2571,5.0579,7.9859,73.0253,70.8962,0.7094999999999999,1.2200000000000002,5.854066666666667,6.450559999999999,69.63086666666666,73.88404,0.0,0.18990397362903305
2025,Kohistan Upper,40,0.0429,1.3841,71.873,369931,2500.0,2.0,4000.0,0.2,48,235,0,1.297539270836994,6.352536013472783,0.0,0.3784489539941232,8.406973192298024,0.1081282725697495,0.2714,0.6,4.5184,5.0579,64.9711,73.0253,0.3047666666666667,0.8828600000000003,3.653466666666666,5.11412,69.95646666666666,72.18296000000001,0.1081282725697495,0.13912341384777543
2025,Kohistan Upper,41,0.0,-4.8376,79.5008,369931,2500.0,2.0,4000.0,0.2,14,311,4,0.3784489539941232,8.406973192298024,0.1081282725697495,0.2703206814243737,7.596011148024901,0.5136092947063101,0.0429,0.2714,1.3841,4.5184,71.873,64.9711,0.1047666666666666,0.4342800000000004,0.3549666666666666,2.8217399999999992,72.11496666666666,72.05328,0.5136092947063101,0.14794330179471163
2025,Kohistan Upper,42,0.0,-0.3974,55.9147,369931,2500.0,2.0,4000.0,0.2,10,281,19,0.2703206814243737,7.596011148024901,0.5136092947063101,2.595078541673988,8.082588374588775,0.0,0.0,0.0429,-4.8376,1.3841,79.5008,71.873,0.0143,0.1828600000000003,-1.283633333,1.1450799999999992,69.09616666666666,69.05698000000001,0.0,0.3395681933611632
2025,Kohistan Upper,43,0.0,-2.3802,64.477,369931,2500.0,2.0,4000.0,0.2,96,299,0,2.595078541673988,8.082588374588775,0.0,0.8109620442731212,9.46122385,0.081096204,0.0,0.0,-0.3974,-4.8376,55.9147,79.5008,0.0,0.06286,-2.5384,-0.34254,66.63083333333334,67.34732,0.081096204,0.13544174944206183
2024,Kohlu,37,1.7308,25.2123,70.8325,260220,1000.0,0.0,7610.0,0.2,180,194,76,6.917223887479825,7.455230189839367,2.9206056413803703,5.495350088,5.7259242179694105,0.076858043,3.3143,4.4333,24.7734,24.6022,80.4038,76.8906,3.159466666666667,5.1214,24.86263333333333,24.96762,76.0423,79.02204,0.076858043,0.8201462187341333
2024,Kohlu,38,0.0429,26.9713,53.0405,260220,1000.0,0.0,7610.0,0.2,143,149,2,5.495350088,5.7259242179694105,0.076858043,8.800245946,7.378372146645146,0.1537160863884405,1.7308,3.3143,25.2123,24.7734,70.8325,80.4038,1.696,3.13284,25.65233333333333,25.25528,68.09226666666666,72.91850000000001,0.1537160863884405,0.2755476437408678
2024,Kohlu,39,1.2714,28.1836,53.3978,260220,1000.0,0.0,7610.0,0.2,229,192,4,8.800245946,7.378372146645146,0.1537160863884405,8.377526708,4.265621397279226,0.076858043,0.0429,1.7308,26.9713,25.2123,53.0405,70.8325,1.0150333333333332,2.15854,26.789066666666667,25.94856,59.09026666666667,66.91304,0.076858043,0.3214980608255157
2024,Kohlu,40,1.5375,25.5971,47.2078,260220,1000.0,0.0,7610.0,0.2,218,111,2,8.377526708,4.265621397279226,0.076858043,16.486050265160248,9.376681269694874,0.076858043,1.2714,0.0429,28.1836,26.9713,53.3978,53.0405,0.9506,1.57938,26.917333333333332,26.14754,51.21536666666666,60.97648,0.076858043,0.29896942571977775
2024,Kohlu,41,2.0286,22.696,45.9407,260220,1000.0,0.0,7610.0,0.2,429,244,2,16.486050265160248,9.376681269694874,0.076858043,15.755898854815156,7.263085081853816,0.1537160863884405,1.5375,1.2714,25.5971,28.1836,47.2078,53.3978,1.6125,1.32224,25.49223333333333,25.73206,48.848766666666656,54.08386,0.1537160863884405,0.3002349982946224
2024,Kohlu,42,0.0,24.0088,31.9931,260220,1000.0,0.0,7610.0,0.2,410,189,4,15.755898854815156,7.263085081853816,0.1537160863884405,5.6106371531780805,0.0,0.0,2.0286,1.5375,22.696,25.5971,45.9407,47.2078,1.1887,0.97608,24.100633333333334,25.49136,41.71386666666667,46.31598,0.0,0.25129276283766616
2024,Kohlu,43,0.0,24.2199,32.8995,260220,1000.0,0.0,7610.0,0.2,146,0,0,5.6106371531780805,0.0,0.0,4.035047267696564,10.529551917608178,0.038429022,0.0,2.0286,24.0088,22.696,31.9931,45.9407,0.6762,0.9675,23.641566666666677,24.941080000000003,36.94443333333333,42.28778,0.038429022,0.3248627050390469
2024,Kohlu,44,0.0,22.3303,43.8312,260220,1000.0,0.0,7610.0,0.2,105,274,1,4.035047267696564,10.529551917608178,0.038429022,0.0,2.319199103243013,0.0,0.0,0.0,24.2199,24.0088,32.8995,31.9931,0.0,0.71322,23.51966666666667,23.77042,36.24126666666667,40.37446,0.0,0.13717379867912666
2025,Kohlu,37,0.2714,26.4202,62.9397,258710,1000.0,0.0,7610.0,0.2,67,117,32,2.5897723319546984,4.522438251323877,1.2369061883962738,3.749371883576205,5.488771211008465,0.077306637,1.1286,1.5286,25.5746,27.1901,70.3711,68.7193,0.9762,0.92286,26.394966666666665,27.45444,67.34336666666667,63.57536,0.077306637,0.8172811850122392
2025,Kohlu,38,0.1429,27.4633,55.4864,258710,1000.0,0.0,7610.0,0.2,97,142,2,3.749371883576205,5.488771211008465,0.077306637,3.47879865486452,6.339144215530904,0.1159599551621506,0.2714,1.1286,26.4202,25.5746,62.9397,70.3711,0.5143,0.90858,26.48603333333333,27.05254,62.9324,63.77624000000001,0.1159599551621506,0.28092520332338594
2025,Kohlu,39,0.0,27.2047,53.3399,258710,1000.0,0.0,7610.0,0.2,90,164,3,3.47879865486452,6.339144215530904,0.1159599551621506,3.6334119284140542,6.377797533918288,1.0049862780719725,0.1429,0.2714,27.4633,26.4202,55.4864,62.9397,0.1381,0.6143,27.0294,26.77058,57.25533333333334,62.17128,1.0049862780719725,0.29093378884030907
2025,Kohlu,40,0.8143,25.9401,43.4581,258710,1000.0,0.0,7610.0,0.2,94,165,26,3.6334119284140542,6.377797533918288,1.0049862780719725,3.672065246801438,5.527424529395849,0.0386533183873835,0.0,0.1429,27.2047,27.4633,53.3399,55.4864,0.3190666666666666,0.47144,26.869366666666668,26.52058,50.76146666666667,57.11904,0.0386533183873835,0.7682832038961209
2025,Kohlu,41,0.0571,20.4038,49.8314,258710,1000.0,0.0,7610.0,0.2,95,143,1,3.672065246801438,5.527424529395849,0.0386533183873835,3.053612152603301,5.063584708747245,0.0,0.8143,0.0,25.9401,27.2047,43.4581,53.3399,0.2904666666666667,0.25714,24.5162,25.486420000000003,48.876466666666666,53.0111,0.0,0.27020037240240974
2025,Kohlu,42,0.0,22.1136,39.3831,258710,1000.0,0.0,7610.0,0.2,79,131,0,3.053612152603301,5.063584708747245,0.0,1.3528661435584244,1.5461327354953425,0.0,0.0571,0.8143,20.4038,25.9401,49.8314,43.4581,0.2904666666666667,0.2028599999999999,22.81916666666667,24.6251,44.2242,48.29978,0.0,0.16486598782036838
2025,Kohlu,43,0.0,21.2776,39.0719,258710,1000.0,0.0,7610.0,0.2,35,40,0,1.3528661435584244,1.5461327354953425,0.0,1.3915194619458082,1.4301727803331916,0.0,0.0,0.0571,22.1136,20.4038,39.3831,49.8314,0.0190333333333333,0.17428,21.265000000000004,23.38796,42.76213333333334,45.01688,0.0,0.15755171652009015
2024,Kolai Palas,37,0.8308,5.2734,76.1085,280162,620.9389128094725,0.6689989235737352,6279.964208826696,0.3396259418729817,8,84,5,0.2855490751779327,2.9982652893682937,0.1784681719862079,0.0356936343972415,2.6056353109986365,0.071387269,1.2714,6.4889,6.3582,7.0084,81.0759,84.2407,2.8637,3.0982200000000004,6.213333333333332,7.2363,80.47503333333333,81.26986000000001,0.071387269,0.09838402749474517
2024,Kolai Palas,38,0.6714,5.4154,64.8228,280162,620.9389128094725,0.6689989235737352,6279.964208826696,0.3396259418729817,1,73,2,0.0356936343972415,2.6056353109986365,0.071387269,0.1427745375889663,3.8549125149020926,0.071387269,0.8308,1.2714,5.2734,6.3582,76.1085,81.0759,0.9245333333333332,2.26108,5.682333333333332,6.26338,74.00240000000001,77.57826,0.071387269,0.0742418420470603
2024,Kolai Palas,39,0.6714,6.4318,68.6352,280162,620.9389128094725,0.6689989235737352,6279.964208826696,0.3396259418729817,4,108,2,0.1427745375889663,3.8549125149020926,0.071387269,0.1784681719862079,2.5342480422041533,0.071387269,0.6714,0.8308,5.4154,5.2734,64.8228,76.1085,0.7245333333333334,1.98678,5.706866666666666,6.097440000000001,69.8555,74.97662,0.071387269,0.06430279197498293
2024,Kolai Palas,40,0.1625,2.4393,70.512,280162,620.9389128094725,0.6689989235737352,6279.964208826696,0.3396259418729817,5,71,2,0.1784681719862079,2.5342480422041533,0.071387269,0.1784681719862079,2.4271671390124285,0.071387269,0.6714,0.6714,6.4318,5.4154,68.6352,64.8228,0.5017666666666667,0.7215000000000004,4.762166666666666,5.18362,67.99000000000001,72.23088,0.071387269,0.06273462090506957
2024,Kolai Palas,41,0.0286,-0.9334,80.7041,280162,620.9389128094725,0.6689989235737352,6279.964208826696,0.3396259418729817,5,68,2,0.1784681719862079,2.4271671390124285,0.071387269,0.1427745375889663,2.4271671390124285,0.071387269,0.1625,0.6714,2.4393,6.4318,70.512,68.6352,0.2875,0.4729400000000003,2.6459,3.7253,73.28376666666666,72.15652,0.071387269,0.06547782889330106
2024,Kolai Palas,42,0.0,-0.6549,72.9941,280162,620.9389128094725,0.6689989235737352,6279.964208826696,0.3396259418729817,4,68,2,0.1427745375889663,2.4271671390124285,0.071387269,0.3212427095751743,2.926878020573811,0.071387269,0.0286,0.1625,-0.9334,2.4393,80.7041,70.512,0.0637,0.3067800000000004,0.283666667,2.5396399999999995,74.73673333333333,71.53364,0.071387269,0.07124460771309793
2024,Kolai Palas,43,0.0,-0.6337,73.1153,280162,620.9389128094725,0.6689989235737352,6279.964208826696,0.3396259418729817,9,82,2,0.3212427095751743,2.926878020573811,0.071387269,0.1070809031917247,1.9988435262455293,0.0,0.0,0.0286,-0.6549,-0.9334,72.9941,80.7041,0.009533333,0.1725000000000003,-0.740666667,1.32982,75.60449999999999,73.19214,0.0,0.04801013586562841
2024,Kolai Palas,44,0.0143,-0.6233,71.0678,280162,620.9389128094725,0.6689989235737352,6279.964208826696,0.3396259418729817,3,56,0,0.1070809031917247,1.9988435262455293,0.0,0.0,0.0,0.0,0.0,0.0,-0.6337,-0.6549,73.1153,72.9941,0.004766667,0.04108,-0.6373,-0.0812,72.39240000000001,73.67866000000001,0.0,0.018901558248595435
2025,Kolai Palas,37,1.2571,7.9859,70.8962,331246,620.9389128094725,0.6689989235737352,6279.964208826696,0.3396259418729817,6,81,2,0.1811342627533615,2.445312547170381,0.060378088,0.1811342627533615,2.052854977871431,0.060378088,2.2429,1.7286,6.6243,8.0663,80.1492,80.3784,1.7428666666666668,2.8457200000000005,7.558833333333333,8.16354,77.14126666666665,78.79129999999999,0.060378088,0.0570244778100269
2025,Kolai Palas,38,0.6,5.0579,73.0253,331246,620.9389128094725,0.6689989235737352,6279.964208826696,0.3396259418729817,6,68,2,0.1811342627533615,2.052854977871431,0.060378088,0.3622685255067231,3.501929079898324,0.1207561751689077,1.2571,2.2429,7.9859,6.6243,70.8962,80.1492,1.366666666666667,1.5257200000000004,6.556033333333333,7.315079999999999,74.69023333333332,76.20772,0.1207561751689077,0.07556722285949827
2025,Kolai Palas,39,0.2714,4.5184,64.9711,331246,620.9389128094725,0.6689989235737352,6279.964208826696,0.3396259418729817,12,116,4,0.3622685255067231,3.501929079898324,0.1207561751689077,0.0,1.6000193209880271,0.0,0.6,1.2571,5.0579,7.9859,73.0253,70.8962,0.7094999999999999,1.2200000000000004,5.854066666666667,6.450559999999999,69.63086666666666,73.88404,0.0,0.0445972923353814
2025,Kolai Palas,40,0.0429,1.3841,71.873,331246,620.9389128094725,0.6689989235737352,6279.964208826696,0.3396259418729817,0,53,0,0.0,1.6000193209880271,0.0,0.1811342627533615,2.747202985,0.090567131,0.2714,0.6,4.5184,5.0579,64.9711,73.0253,0.3047666666666667,0.8828600000000003,3.653466666666666,5.114119999999999,69.95646666666666,72.18296000000001,0.090567131,0.06890197081463167
2025,Kolai Palas,41,0.0,-4.8376,79.5008,331246,620.9389128094725,0.6689989235737352,6279.964208826696,0.3396259418729817,6,91,3,0.1811342627533615,2.747202985,0.090567131,0.060378088,3.1396605543916003,0.0,0.0429,0.2714,1.3841,4.5184,71.873,64.9711,0.1047666666666666,0.4342800000000004,0.3549666666666666,2.8217399999999992,72.11496666666666,72.05328,0.0,0.07023434846945742
2025,Kolai Palas,42,0.0,-0.3974,55.9147,331246,620.9389128094725,0.6689989235737352,6279.964208826696,0.3396259418729817,2,104,0,0.060378088,3.1396605543916003,0.0,0.2113233065455884,2.1736111530403384,0.090567131,0.0,0.0429,-4.8376,1.3841,79.5008,71.873,0.0143,0.1828600000000003,-1.283633333,1.1450799999999992,69.09616666666666,69.05698000000001,0.090567131,0.050596171724168276
2025,Kolai Palas,43,0.0,-2.3802,64.477,331246,620.9389128094725,0.6689989235737352,6279.964208826696,0.3396259418729817,7,72,3,0.2113233065455884,2.1736111530403384,0.090567131,0.0301890437922269,2.113233065455885,0.0301890437922269,0.0,0.0,-0.3974,-4.8376,55.9147,79.5008,0.0,0.06286,-2.5384,-0.34254,66.63083333333334,67.34732,0.0301890437922269,0.04053707808930021
2025,Korangi,37,17.8143,26.8835,86.3352,2970331,8.0,0.0,95.0,0.2,65,323,0,0.2188308306380669,1.0874208968630097,0.0,0.2120975743107418,1.2995184711737513,0.0,0.0714,15.7429,28.6552,28.6564,75.576,85.9388,11.209533333333331,7.13144,28.06503333333333,28.2545,82.61666666666666,80.8057,0.0,0.011128426502096972
2025,Korangi,38,0.4143,27.4145,82.9867,2970331,8.0,0.0,95.0,0.2,63,386,0,0.2120975743107418,1.2995184711737513,0.0,0.3669624698392199,1.3365513809740397,0.0,17.8143,0.0714,26.8835,28.6552,86.3352,75.576,6.1000000000000005,6.954299999999999,27.651066666666665,28.0916,81.63263333333333,81.74164,0.0,0.02276205470210202
2025,Korangi,39,0.3714,28.0698,78.3287,2970331,8.0,0.0,95.0,0.2,109,397,0,0.3669624698392199,1.3365513809740397,0.0,0.3871622388211954,1.2995184711737513,0.0,0.4143,17.8143,27.4145,26.8835,82.9867,86.3352,6.199999999999999,6.882859999999999,27.45593333333333,27.935880000000004,82.5502,81.83308,0.0,0.025636083598633924
2025,Korangi,40,2.9,29.632,71.7966,2970331,8.0,0.0,95.0,0.2,115,386,0,0.3871622388211954,1.2995184711737513,0.0,0.3534959571845696,1.3937840597563032,0.0,0.3714,0.4143,28.0698,27.4145,78.3287,82.9867,1.2285666666666666,4.314279999999999,28.3721,28.131,77.70400000000001,79.00464,0.0,0.02948032797814082
2025,Korangi,41,0.0286,28.0915,62.5448,2970331,8.0,0.0,95.0,0.2,105,414,0,0.3534959571845696,1.3937840597563032,0.0,0.3770623543302076,1.124453806663298,0.0,2.9,0.3714,29.632,28.0698,71.7966,78.3287,1.1,4.305719999999999,28.59776666666667,28.01826,70.89003333333334,76.39840000000001,0.0,0.02687977205211095
2025,Korangi,42,0.0,29.0844,46.91,2970331,8.0,0.0,95.0,0.2,112,334,0,0.3770623543302076,1.124453806663298,0.0,0.3837956106575327,1.3432846373013647,0.0,0.0286,2.9,28.0915,29.632,62.5448,71.7966,0.9762,0.7428599999999992,28.935966666666666,28.458440000000003,60.41713333333333,68.51336,0.0,0.04224187672467586
2025,Korangi,43,0.0,30.4877,32.0779,2970331,8.0,0.0,95.0,0.2,114,399,0,0.3837956106575327,1.3432846373013647,0.0,0.6194595821139126,1.3096183556647392,0.0,0.0,0.0286,29.0844,28.0915,46.91,62.5448,0.009533333,0.6599999999999993,29.2212,29.07308,47.17756666666667,58.3316,0.0,0.05069423308386356
2025,L & C Kurram,37,0.7286,16.9485,78.4512,604463,620.9389128094725,0.6689989235737352,6279.964208826696,0.3396259418729817,0,52,1,0.0,0.8602677086935016,0.0165436097825673,0.4466774641293181,0.6286571717375588,0.1158052684779713,3.2143,4.4143,16.2848,17.616,80.7043,84.5674,2.7857333333333334,2.39144,16.949766666666665,17.974800000000002,81.24096666666667,80.4153,0.1158052684779713,0.04495425186834501
2025,L & C Kurram,38,1.0571,15.9958,75.5352,604463,620.9389128094725,0.6689989235737352,6279.964208826696,0.3396259418729817,27,38,7,0.4466774641293181,0.6286571717375588,0.1158052684779713,0.24815414673851,0.6121135619549914,0.0,0.7286,3.2143,16.9485,16.2848,78.4512,80.7043,1.6666666666666667,2.22,16.4097,17.319380000000002,78.23023333333335,80.03312,0.0,0.03988859834088826
2025,L & C Kurram,39,0.5286,15.0762,66.3635,604463,620.9389128094725,0.6689989235737352,6279.964208826696,0.3396259418729817,15,37,0,0.24815414673851,0.6121135619549914,0.0,0.0165436097825673,0.2812413663036447,0.0,1.0571,0.7286,15.9958,16.9485,75.5352,78.4512,0.7714333333333333,1.98858,16.006833333333333,16.38426,73.44996666666667,77.12432000000001,0.0,0.02467186044999467
2025,L & C Kurram,40,0.9143,13.1086,68.1837,604463,620.9389128094725,0.6689989235737352,6279.964208826696,0.3396259418729817,1,17,0,0.0165436097825673,0.2812413663036447,0.0,0.0,0.3308721956513467,0.049630829347702,0.5286,1.0571,15.0762,15.9958,66.3635,75.5352,0.8333333333333331,1.28858,14.726866666666666,15.48278,70.02746666666667,73.84758000000001,0.049630829347702,0.023323976521821027
2025,L & C Kurram,41,1.2857,8.7395,68.6757,604463,620.9389128094725,0.6689989235737352,6279.964208826696,0.3396259418729817,0,20,3,0.0,0.3308721956513467,0.049630829347702,0.1323488782605387,0.2150669271733754,0.0,0.9143,0.5286,13.1086,15.0762,68.1837,66.3635,0.9095333333333334,0.90286,12.3081,13.97372,67.74096666666667,71.44186,0.0,0.033630064716639096
2025,L & C Kurram,42,0.0286,11.0562,62.8353,604463,620.9389128094725,0.6689989235737352,6279.964208826696,0.3396259418729817,8,13,0,0.1323488782605387,0.2150669271733754,0.0,0.0,0.1158052684779713,0.049630829347702,1.2857,0.9143,8.7395,13.1086,68.6757,68.1837,0.7428666666666667,0.76286,10.9681,12.79526,66.5649,68.31868,0.049630829347702,0.025817479489612244
2025,L & C Kurram,43,0.4,9.1592,56.0956,604463,620.9389128094725,0.6689989235737352,6279.964208826696,0.3396259418729817,0,7,3,0.0,0.1158052684779713,0.049630829347702,0.3143285858687794,0.6948316108678282,0.148892488043106,0.0286,1.2857,11.0562,8.7395,62.8353,68.6757,0.5714333333333335,0.63144,9.651633333333336,11.42794,62.53553333333334,64.43076,0.148892488043106,0.04551698734051601
2024,Lakki Marwat,37,2.8615,28.6302,74.0996,1040856,250.0,1.0,3164.0,0.2,395,755,5,3.7949533845219694,7.253645076744525,0.048037385,4.140822553744226,7.388149753664292,0.028822431,7.6143,3.6,28.4956,28.5336,77.1594,75.6881,4.691933333333333,4.94944,28.55313333333333,28.84574,75.64903333333335,76.58504,0.028822431,0.14476780495830396
2024,Lakki Marwat,38,0.0571,29.6254,58.743,1040856,250.0,1.0,3164.0,0.2,431,769,3,4.140822553744226,7.388149753664292,0.028822431,4.265719753741151,7.023065630596356,0.0384299076913617,2.8615,7.6143,28.6302,28.4956,74.0996,77.1594,3.5109666666666666,4.14658,28.91706666666667,28.85192,70.00066666666667,72.6883,0.0384299076913617,0.1414114860974038
2024,Lakki Marwat,39,3.0286,29.9971,63.4177,1040856,250.0,1.0,3164.0,0.2,444,731,4,4.265719753741151,7.023065630596356,0.0384299076913617,4.957458092185664,6.936598338290791,0.2401869230710107,0.0571,2.8615,29.6254,28.6302,58.743,74.0996,1.9824,3.4323,29.41756666666667,29.05638,65.4201,69.82156,0.2401869230710107,0.1543001186163696
2024,Lakki Marwat,40,2.0375,27.9583,60.8086,1040856,250.0,1.0,3164.0,0.2,516,722,25,4.957458092185664,6.936598338290791,0.2401869230710107,6.782878707525345,6.802093661371025,0.0384299076913617,3.0286,0.0571,29.9971,29.6254,63.4177,58.743,1.7077333333333335,3.1198,29.193600000000004,28.94132,60.98976666666667,66.84566000000001,0.0384299076913617,0.23815849254436797
2024,Lakki Marwat,41,0.9143,25.6459,53.1195,1040856,250.0,1.0,3164.0,0.2,706,708,4,6.782878707525345,6.802093661371025,0.0384299076913617,5.437831938327685,6.600336645991376,0.5668411384475854,2.0375,3.0286,27.9583,29.9971,60.8086,63.4177,1.9934666666666667,1.7798000000000005,27.867100000000004,28.37138,59.11526666666666,62.03768,0.5668411384475854,0.1532346743129023
2024,Lakki Marwat,42,0.0,25.8552,47.824,1040856,250.0,1.0,3164.0,0.2,566,687,59,5.437831938327685,6.600336645991376,0.5668411384475854,5.149607630642472,5.985458122929589,0.048037385,0.9143,2.0375,25.6459,27.9583,53.1195,60.8086,0.9839333333333332,1.2075,26.486466666666672,27.81638,53.91736666666666,56.78256,0.048037385,0.4165591040321619
2024,Lakki Marwat,43,0.0714,25.2317,58.254,1040856,250.0,1.0,3164.0,0.2,536,623,5,5.149607630642472,5.985458122929589,0.048037385,4.515514153735003,6.629159076759898,0.057644862,0.0,0.9143,25.8552,25.6459,47.824,53.1195,0.3285666666666667,1.21036,25.577600000000004,26.93764,53.06583333333333,56.68476,0.057644862,0.1763079489387907
2024,Lakki Marwat,44,0.0,23.1049,67.6811,1040856,250.0,1.0,3164.0,0.2,470,690,6,4.515514153735003,6.629159076759898,0.057644862,0.0,1.5297175971347066,0.0,0.0714,0.0,25.2317,25.8552,58.254,47.824,0.0238,0.6046400000000001,24.73060000000001,25.5592,57.9197,57.53743999999999,0.0,0.06707112343350735
2025,Lakki Marwat,37,0.1,31.3927,61.8723,1059019,250.0,1.0,3164.0,0.2,0,980,1,0.0,9.253847192543288,0.009442701,8.111280345300699,8.791154832916122,0.1699686219038563,1.3143,11.0143,29.4263,30.2364,65.3691,68.9929,4.1428666666666665,3.22,30.3518,31.56718,65.41143333333333,62.15712,0.1699686219038563,0.16416451977292024
2025,Lakki Marwat,38,2.2286,31.4123,57.6717,1059019,250.0,1.0,3164.0,0.2,859,931,18,8.111280345300699,8.791154832916122,0.1699686219038563,11.18015824078699,9.112206674290071,0.1321978170363326,0.1,1.3143,31.3927,29.4263,61.8723,65.3691,1.2142999999999995,3.2143,30.74376666666667,31.20052,61.6377,62.09740000000001,0.1321978170363326,0.20332192327083265
2025,Lakki Marwat,39,0.3714,29.5992,59.0626,1059019,250.0,1.0,3164.0,0.2,1184,965,14,11.18015824078699,9.112206674290071,0.1321978170363326,9.197190985242004,9.461586619314668,0.1321978170363326,2.2286,0.1,31.4123,31.3927,57.6717,61.8723,0.8999999999999994,3.00572,30.8014,30.41338,59.53553333333334,62.593720000000005,0.1321978170363326,0.15477236725800098
2025,Lakki Marwat,40,1.7143,27.7653,59.4387,1059019,250.0,1.0,3164.0,0.2,974,1002,14,9.197190985242004,9.461586619314668,0.1321978170363326,8.045181436782531,9.310503399844574,0.1133124146025708,0.3714,2.2286,29.5992,31.4123,59.0626,57.6717,1.4380999999999995,1.14572,29.59226666666667,29.91916,58.72433333333333,60.68288,0.1133124146025708,0.16182714221149452
2025,Lakki Marwat,41,0.4857,22.4787,60.0243,1059019,250.0,1.0,3164.0,0.2,852,986,12,8.045181436782531,9.310503399844574,0.1133124146025708,7.7713431014929855,7.355864247950226,0.1038697133856899,1.7143,0.3714,27.7653,29.5992,59.4387,59.0626,0.8571333333333326,0.98,26.614400000000003,28.52964,59.50853333333333,59.61391999999999,0.1038697133856899,0.17018900732624956
2025,Lakki Marwat,42,0.0,24.2656,59.4776,1059019,250.0,1.0,3164.0,0.2,823,779,11,7.7713431014929855,7.355864247950226,0.1038697133856899,6.024443376370018,6.506021138430944,0.0,0.4857,1.7143,22.4787,27.7653,60.0243,59.4387,0.7333333333333328,0.96,24.836533333333332,27.10422,59.64686666666666,59.13498,0.0,0.16494416972095105
2025,Lakki Marwat,43,0.0,22.7343,57.4578,1059019,250.0,1.0,3164.0,0.2,638,689,0,6.024443376370018,6.506021138430944,0.0,6.071656882454422,6.5154638396478255,0.094427012,0.0,0.4857,24.2656,22.4787,59.4776,60.0243,0.1618999999999994,0.51428,23.15953333333333,25.36862,58.98656666666667,59.092200000000005,0.094427012,0.1750109757702054
2024,Larkana,43,0.0,29.8554,41.7302,1784453,48.0,2.0,1906.0,0.5,8214,1784,11,46.03091255415525,9.997461407,0.06164354,41.26754809457016,9.812530786745294,0.089663331,0.0,0.0,29.2057,29.8676,48.5274,50.1264,0.0,0.01142,29.6429,30.7109,46.79466666666667,50.80912,0.089663331,0.1550370576700631
2024,Larkana,44,0.0,28.9062,46.2792,1784453,48.0,2.0,1906.0,0.5,7364,1751,16,41.26754809457016,9.812530786745294,0.089663331,22.318678378183275,8.885135336839985,0.010855388316237,0.0,0.0,29.8554,29.2057,41.7302,48.5274,0.0,0.0,29.322433333333333,29.91542,45.51226666666668,48.76052,0.010855388316237,0.16468935981602992
2025,Larkana,37,6.8286,28.6967,78.3998,1842403,48.0,2.0,1906.0,0.5,7126,1950,46,38.67774857075244,10.584003608331075,0.249673931273451,38.78630245391481,10.589431302489194,0.184541601,0.1857,3.1571,34.6827,33.7161,49.7399,60.121,3.3904666666666667,2.0457,32.36516666666666,33.322799999999994,62.75356666666666,57.50424,0.184541601,0.2609207398400992
2025,Larkana,38,0.0,31.1973,66.2391,1842403,48.0,2.0,1906.0,0.5,7146,1951,34,38.78630245391481,10.589431302489194,0.184541601,37.48365585596637,9.579880189079152,0.119409271478607,6.8286,0.1857,28.6967,34.6827,78.3998,49.7399,2.3381000000000003,2.0457,31.525566666666663,32.66106,64.79293333333332,60.69298,0.119409271478607,0.23414554984732472
2025,Larkana,39,0.0,32.4664,52.8564,1842403,48.0,2.0,1906.0,0.5,6906,1765,22,37.48365585596637,9.579880189079152,0.119409271478607,29.89573942,7.604199515524018,0.070560024,0.0,6.8286,31.1973,28.6967,66.2391,78.3998,2.2762,2.03428,30.7868,32.15184,65.83176666666667,61.47124,0.070560024,0.17729040806831223
2025,Larkana,41,0.0,28.8339,40.7802,1842403,48.0,2.0,1906.0,0.5,8084,1889,38,43.87747957422996,10.252914264685849,0.206252378008503,43.128457780409605,9.330206257805704,0.227963154640977,0.0429,0.0,33.519,32.4664,45.7695,52.8564,0.0143000000000002,1.3743000000000003,31.60643333333333,30.94266,46.468700000000005,56.809000000000005,0.227963154640977,0.27525063745558154
2025,Larkana,42,0.0,29.4146,28.4133,1842403,48.0,2.0,1906.0,0.5,7946,1719,42,43.128457780409605,9.330206257805704,0.227963154640977,42.55854989380716,8.662599876357127,0.2442462371153325,0.0,0.0429,28.8339,33.519,40.7802,45.7695,0.0143000000000002,0.00858,30.58916666666667,31.08624,38.321,46.8117,0.2442462371153325,0.26951916468883086
2025,Larkana,43,0.0,29.0812,29.9232,1842403,48.0,2.0,1906.0,0.5,7841,1596,45,42.55854989380716,8.662599876357127,0.2442462371153325,36.718350979671655,8.195818178758936,0.2659570137478065,0.0,0.0,29.4146,28.8339,28.4133,40.7802,0.0,0.00858,29.1099,30.66302,33.038900000000005,39.54852,0.2659570137478065,0.25899145754033914
2024,Lasbella,37,0.5692,26.6161,84.2922,680977,620.9389128094725,0.6689989235737352,6279.964208826696,0.3396259418729817,527,395,1,7.738881048845996,5.800489590691022,0.0146847837739013,9.882859479835588,6.402565725420976,0.0,0.4,6.0,26.5654,27.3564,86.8871,82.1621,2.3230666666666666,2.0624200000000004,26.84596666666667,27.0192,84.44713333333333,84.99719999999999,0.0,0.16407115295332364
2024,Lasbella,38,0.0571,27.0189,81.6119,680977,620.9389128094725,0.6689989235737352,6279.964208826696,0.3396259418729817,673,436,0,9.882859479835588,6.402565725420976,0.0,5.888598293334431,10.499620398339443,0.1468478377390132,0.5692,0.4,26.6161,26.5654,84.2922,86.8871,0.3421,1.6738400000000002,26.73346666666667,26.95312,84.26373333333332,83.93162,0.1468478377390132,0.15734921844584804
2024,Lasbella,39,0.1714,27.4728,81.3978,680977,620.9389128094725,0.6689989235737352,6279.964208826696,0.3396259418729817,401,715,10,5.888598293334431,10.499620398339443,0.1468478377390132,0.8076631075645726,5.110304753,0.0,0.0571,0.5692,27.0189,26.6161,81.6119,84.2922,0.2659,1.43954,27.03593333333333,27.00592,82.43396666666666,83.27022000000001,0.0,0.12204822949331467
2024,Lasbella,40,0.2625,27.6037,80.3387,680977,620.9389128094725,0.6689989235737352,6279.964208826696,0.3396259418729817,55,348,0,0.8076631075645726,5.110304753,0.0,1.1600979181382045,11.24854437080841,0.0,0.1714,0.0571,27.4728,27.0189,81.3978,81.6119,0.1636666666666666,0.2920399999999999,27.365133333333333,27.05538,81.11613333333334,82.90554,0.0,0.12227066979874135
2024,Lasbella,41,0.0,30.4963,45.7284,680977,620.9389128094725,0.6689989235737352,6279.964208826696,0.3396259418729817,79,766,0,1.1600979181382045,11.24854437080841,0.0,1.1600979181382045,10.55835953343505,0.0,0.2625,0.1714,27.6037,27.4728,80.3387,81.3978,0.1446333333333333,0.21204,28.524266666666666,27.84156,69.15496666666665,74.6738,0.0,0.13425738109746443
2024,Lasbella,42,0.0,30.1097,53.2915,680977,620.9389128094725,0.6689989235737352,6279.964208826696,0.3396259418729817,79,719,0,1.1600979181382045,10.55835953343505,0.0,2.364250187598113,4.390750348396495,0.0,0.0,0.2625,30.4963,27.6037,45.7284,80.3387,0.0875,0.0982,29.403233333333333,28.540280000000003,59.7862,68.47366,0.0,0.1448093146916727
2024,Lasbella,43,0.0143,29.4323,56.6685,680977,620.9389128094725,0.6689989235737352,6279.964208826696,0.3396259418729817,161,299,0,2.364250187598113,4.390750348396495,0.0,7.650772346202588,0.8223478913384741,0.0,0.0,0.0,30.1097,30.4963,53.2915,45.7284,0.004766667,0.08964,30.012766666666668,29.02296,51.89613333333333,63.48497999999999,0.0,0.14315164978342867
2024,Lasbella,44,0.0,26.4413,76.6693,680977,620.9389128094725,0.6689989235737352,6279.964208826696,0.3396259418729817,521,56,0,7.650772346202588,0.8223478913384741,0.0,0.0,4.687835997,0.0,0.0143,0.0,29.4323,30.1097,56.6685,53.2915,0.004766667,0.05536,28.6611,28.81666,62.20976666666667,62.53928,0.0,0.0873084828596763
2025,Lasbella,37,14.2143,26.0365,87.4427,697550,620.9389128094725,0.6689989235737352,6279.964208826696,0.3396259418729817,342,441,6,4.902874345925024,6.322127446061214,0.086015339,7.3829832986882655,7.813059995699233,0.07167945,0.7143,12.4286,26.5892,28.1175,85.6714,84.718,9.119066666666669,6.0143,26.9144,26.99282,85.94403333333332,84.61554,0.07167945,0.14849182812883932
2025,Lasbella,38,1.7857,26.166,87.159,697550,620.9389128094725,0.6689989235737352,6279.964208826696,0.3396259418729817,515,545,5,7.3829832986882655,7.813059995699233,0.07167945,6.594509354168159,7.368647409,0.1003512293025589,14.2143,0.7143,26.0365,26.5892,87.4427,85.6714,5.571433333333332,5.9743,26.263900000000003,26.89444,86.7577,85.39048,0.1003512293025589,0.14999867698438865
2025,Lasbella,39,0.9286,26.274,85.9094,697550,620.9389128094725,0.6689989235737352,6279.964208826696,0.3396259418729817,460,514,7,6.594509354168159,7.368647409,0.1003512293025589,7.798724105798867,5.820371299548419,0.05734356,1.7857,14.2143,26.166,26.0365,87.159,87.4427,5.6428666666666665,6.0143,26.15883333333333,26.63664,86.83703333333334,86.1801,0.05734356,0.15078271764185786
2025,Lasbella,40,0.1714,29.5424,65.4988,697550,620.9389128094725,0.6689989235737352,6279.964208826696,0.3396259418729817,544,406,4,7.798724105798867,5.820371299548419,0.05734356,9.83442047165078,5.590997061142571,0.1863665687047523,0.9286,1.7857,26.274,26.166,85.9094,87.159,0.9619,3.56286,27.327466666666663,26.92162,79.52239999999999,82.33626000000001,0.1863665687047523,0.16044163063388067
2025,Lasbella,41,0.0429,25.6707,68.1699,697550,620.9389128094725,0.6689989235737352,6279.964208826696,0.3396259418729817,686,390,13,9.83442047165078,5.590997061142571,0.1863665687047523,9.748405132248584,6.107089097555732,0.1576947889040212,0.1714,0.9286,29.5424,26.274,65.4988,85.9094,0.3809666666666667,3.42858,27.162366666666667,26.737919999999995,73.1927,78.83596,0.1576947889040212,0.2285503550857825
2025,Lasbella,42,0.0,26.3445,52.021,697550,620.9389128094725,0.6689989235737352,6279.964208826696,0.3396259418729817,680,426,11,9.748405132248584,6.107089097555732,0.1576947889040212,10.035122930255897,5.246935703533796,0.2007024586051179,0.0429,0.1714,25.6707,29.5424,68.1699,65.4988,0.071433333,0.58572,27.18586666666667,26.79952,61.896566666666665,71.75161999999999,0.2007024586051179,0.21207552116353712
2025,Lasbella,43,0.0,27.8124,35.9829,697550,620.9389128094725,0.6689989235737352,6279.964208826696,0.3396259418729817,700,366,14,10.035122930255897,5.246935703533796,0.2007024586051179,10.393520177765035,5.046233244928678,0.1433588990036556,0.0,0.0429,26.3445,25.6707,52.021,68.1699,0.0143,0.22858,26.6092,27.1288,52.05793333333333,61.5164,0.1433588990036556,0.2587888851933235
2024,Loralai,37,0.3615,23.3587,64.5364,272432,1400.0,0.0,3785.0,0.2,69,244,81,2.532742115463676,8.956363422799084,2.973219005109532,3.009925413,10.461326129089093,0.5873025195278088,1.6571,2.9889,22.6927,23.1524,81.2684,74.8812,1.669166666666667,2.22722,23.067933333333333,23.5716,73.56200000000001,75.79314000000001,0.5873025195278088,0.7198557299480688
2024,Loralai,38,0.0,25.6514,39.4614,272432,1400.0,0.0,3785.0,0.2,82,285,16,3.009925413,10.461326129089093,0.5873025195278088,10.1309684618547,2.6795677453456275,0.0,0.3615,1.6571,23.3587,22.6927,64.5364,81.2684,0.6728666666666667,1.52722,23.90093333333333,23.6209,61.75539999999999,68.67627999999999,0.0,0.4672643541134166
2024,Loralai,39,0.0,26.16,48.97,272432,1400.0,0.0,3785.0,0.2,276,73,0,10.1309684618547,2.6795677453456275,0.0,11.635931168144712,7.377987901568098,0.3303576672343924,0.0,0.3615,25.6514,23.3587,39.4614,64.5364,0.1205,1.0015,25.0567,24.20304,50.98926666666667,61.82348,0.3303576672343924,0.31758919766252225
2024,Loralai,40,0.8875,24.3556,34.8562,272432,1400.0,0.0,3785.0,0.2,317,201,9,11.635931168144712,7.377987901568098,0.3303576672343924,13.801609208903503,2.202384448229283,0.036706407,0.0,0.0,26.16,25.6514,48.97,39.4614,0.2958333333333333,0.58122,25.389,24.44368,41.095866666666666,53.81848,0.036706407,0.3563406938082908
2024,Loralai,41,1.0,19.9868,40.3518,272432,1400.0,0.0,3785.0,0.2,376,60,1,13.801609208903503,2.202384448229283,0.036706407,8.919657015328596,0.9176601867622012,0.0,0.8875,0.0,24.3556,26.16,34.8562,48.97,0.6291666666666667,0.4497999999999999,23.5008,23.9025,41.39266666666666,45.63516,0.0,0.2568527230763699
2024,Loralai,42,0.0,21.7374,20.1146,272432,1400.0,0.0,3785.0,0.2,243,25,0,8.919657015328596,0.9176601867622012,0.0,23.969284078228696,1.504962706,0.8809537792917131,1.0,0.8875,19.9868,24.3556,40.3518,34.8562,0.6291666666666667,0.3775,22.0266,23.57824,31.7742,36.7508,0.8809537792917131,0.26430515974764646
2024,Loralai,43,0.0,21.5808,33.0026,272432,1400.0,0.0,3785.0,0.2,653,41,24,23.969284078228696,1.504962706,0.8809537792917131,2.349210078111235,10.534738944030073,0.0,0.0,1.0,21.7374,19.9868,20.1146,40.3518,0.3333333333333333,0.3775,21.101666666666667,22.76412,31.156333333333333,35.459039999999995,0.0,0.5654422629649554
2024,Loralai,44,0.0,20.8847,26.8243,272432,1400.0,0.0,3785.0,0.2,64,287,0,2.349210078111235,10.534738944030073,0.0,0.020835764,0.7500875102095245,0.0,0.0,0.0,21.5808,21.7374,33.0026,20.1146,0.0,0.3775,21.400966666666665,21.70906,26.647166666666664,31.029900000000005,0.0,0.10816938910536131
2025,Loralai,37,0.0857,24.5094,64.7079,479944,1400.0,0.0,3785.0,0.2,58,289,22,1.2084743220042338,6.021535845848683,0.4583868117947094,1.6460253696264564,5.813178204123814,0.020835764,0.0429,0.9143,25.477,25.9189,58.228,67.2769,0.3476333333333333,0.22572,25.30176666666667,26.24946,63.404266666666665,59.49416,0.020835764,0.32116667607240057
2025,Loralai,38,0.0,25.4165,36.0449,479944,1400.0,0.0,3785.0,0.2,79,279,1,1.6460253696264564,5.813178204123814,0.020835764,1.1668027936592602,5.458970213191538,0.0,0.0857,0.0429,24.5094,25.477,64.7079,58.228,0.0428666666666666,0.22572,25.1343,25.7676,52.9936,56.61608,0.0,0.19379396520845021
2025,Loralai,39,0.0,25.4594,30.8717,479944,1400.0,0.0,3785.0,0.2,56,262,0,1.1668027936592602,5.458970213191538,0.0,1.083459736969313,5.104762222259264,0.041671528,0.0,0.0857,25.4165,24.5094,36.0449,64.7079,0.0285666666666666,0.20858,25.128433333333334,25.35624,43.87483333333333,51.42587999999999,0.041671528,0.18687050018224344
2025,Loralai,40,0.0143,23.9124,37.0343,479944,1400.0,0.0,3785.0,0.2,52,245,2,1.083459736969313,5.104762222259264,0.041671528,1.2084743220042338,5.250612571466671,0.0,0.0,0.0,25.4594,25.4165,30.8717,36.0449,0.004766667,0.02858,24.92943333333333,24.95494,34.650299999999994,45.37736,0.0,0.18116103429657632
2025,Loralai,41,0.0,18.2627,35.4362,479944,1400.0,0.0,3785.0,0.2,58,252,0,1.2084743220042338,5.250612571466671,0.0,1.6043538412814828,5.104762222259264,0.0,0.0143,0.0,23.9124,25.4594,37.0343,30.8717,0.004766667,0.02,22.544833333333333,23.51208,34.447399999999995,40.819,0.0,0.19418159011894498
2025,Loralai,42,0.0,20.1427,24.2206,479944,1400.0,0.0,3785.0,0.2,77,245,0,1.6043538412814828,5.104762222259264,0.0,1.4585034920740754,5.479805977364026,0.0,0.0,0.0143,18.2627,23.9124,35.4362,37.0343,0.004766667,0.00286,20.7726,22.63874,32.23036666666666,32.72154,0.0,0.19609164448047414
2025,Loralai,43,0.0,19.0627,29.2803,479944,1400.0,0.0,3785.0,0.2,70,263,0,1.4585034920740754,5.479805977364026,0.0,1.0417882086243395,4.708882702982015,0.062507293,0.0,0.0,20.1427,18.2627,24.2206,35.4362,0.0,0.00286,19.156033333333333,21.36798,29.645699999999994,31.36862,0.062507293,0.18882625352000693
2025,Malakand,37,0.9286,27.2358,69.9752,870427,700.0,1.0,952.0,0.2,40,817,0,0.4595445683555312,9.386197808661729,0.0,0.5974079388621906,12.269839975092683,0.1033975278799945,4.7143,7.6857,25.654,26.2543,74.9762,76.0212,4.442866666666666,7.385720000000001,26.38136666666667,26.7847,73.65753333333333,75.15812,0.1033975278799945,0.07998904806619764
2025,Malakand,38,5.8857,26.0849,65.9642,870427,700.0,1.0,952.0,0.2,52,1068,9,0.5974079388621906,12.269839975092683,0.1033975278799945,1.1603500350977165,17.600556968016846,0.068931685,0.9286,4.7143,27.2358,25.654,69.9752,74.9762,3.842866666666667,7.314279999999999,26.3249,26.440520000000003,70.3052,73.67112,0.068931685,0.0866012604123631
2025,Malakand,39,0.9714,26.4165,54.5215,870427,700.0,1.0,952.0,0.2,101,1532,6,1.1603500350977165,17.600556968016846,0.068931685,1.1029069640532752,12.005601848288254,0.0,5.8857,0.9286,26.0849,27.2358,65.9642,69.9752,2.5952333333333333,4.03714,26.579066666666662,26.3291,63.48696666666667,68.29166000000001,0.0,0.09608070686014605
2025,Malakand,40,4.2571,24.0269,56.6419,870427,700.0,1.0,952.0,0.2,96,1045,0,1.1029069640532752,12.005601848288254,0.0,0.528476254,10.535059229550557,0.057443071,0.9714,5.8857,26.4165,26.0849,54.5215,65.9642,3.704733333333333,3.35142,25.50943333333333,25.88362,59.04253333333333,64.4158,0.057443071,0.08598716297325423
2025,Malakand,41,1.7143,19.9584,53.763,870427,700.0,1.0,952.0,0.2,46,917,5,0.528476254,10.535059229550557,0.057443071,0.3331698120577602,9.259823052363956,0.0,4.2571,0.9714,24.0269,26.4165,56.6419,54.5215,2.3142666666666667,2.7514200000000004,23.467266666666664,24.7445,54.97546666666667,60.17316000000001,0.0,0.08747898579079388
2025,Malakand,42,0.0,22.7448,52.9454,870427,700.0,1.0,952.0,0.2,29,806,0,0.3331698120577602,9.259823052363956,0.0,0.4710331825644195,7.019543282,0.0,1.7143,4.2571,19.9584,24.0269,53.763,56.6419,1.9904666666666664,2.5657,22.243366666666663,23.846300000000003,54.4501,56.7672,0.0,0.09139353866542396
2025,Malakand,43,0.0,21.9977,39.5671,870427,700.0,1.0,952.0,0.2,41,611,0,0.4710331825644195,7.019543282,0.0,0.5974079388621906,6.985077439004075,0.080420299,0.0,1.7143,22.7448,19.9584,52.9454,53.763,0.5714333333333333,1.38856,21.56696666666667,23.02886,48.758500000000005,51.48778,0.080420299,0.09435112354743733
2025,Malir,37,17.0857,26.6916,86.8396,2428732,20.0,0.0,2268.0,0.75,198,1450,67,0.815240216,5.970193500147403,0.2758641134550868,0.7452448438115032,7.160114825349194,0.1564602434521388,0.0286,14.5,29.0895,28.7991,73.1818,84.8921,10.5381,6.50858,28.1934,28.50048,81.63783333333333,78.96268,0.1564602434521388,0.2669051653592469
2025,Malir,38,0.4429,27.2035,83.736,2428732,20.0,0.0,2268.0,0.75,181,1739,38,0.7452448438115032,7.160114825349194,0.1564602434521388,0.7699490927776305,6.834842213961853,0.1729297427628902,17.0857,0.0286,26.6916,29.0895,86.8396,73.1818,5.8524,6.500019999999999,27.66153333333333,28.228160000000003,81.25246666666668,80.59360000000001,0.1729297427628902,0.19286464513597035
2025,Malir,39,0.0571,27.9208,78.8545,2428732,20.0,0.0,2268.0,0.75,187,1660,42,0.7699490927776305,6.834842213961853,0.1729297427628902,0.5887846003593645,5.257887654957401,0.00823475,0.4429,17.0857,27.2035,26.6916,83.736,86.8396,5.8619,6.42286,27.271966666666668,27.9409,83.14336666666667,81.5008,0.00823475,0.22818338089306875
2025,Malir,40,2.7286,29.1735,73.7716,2428732,20.0,0.0,2268.0,0.75,143,1277,2,0.5887846003593645,5.257887654957401,0.00823475,0.4899676044948557,4.846150172188615,0.1441081189690752,0.0571,0.4429,27.9208,27.2035,78.8545,83.736,1.0762,4.06858,28.099266666666665,28.01578,78.78736666666667,79.2767,0.1441081189690752,0.16767559467229198
2025,Malir,41,0.0,27.5193,63.6568,2428732,20.0,0.0,2268.0,0.75,119,1177,35,0.4899676044948557,4.846150172188615,0.1441081189690752,0.7905359669160698,5.970193500147403,0.2593946141443354,2.7286,0.0571,29.1735,27.9208,73.7716,78.8545,0.9285666666666668,4.06286,28.20453333333333,27.70174,72.0943,77.3717,0.2593946141443354,0.18866079115462903
2025,Malir,42,0.0,28.655,46.5167,2428732,20.0,0.0,2268.0,0.75,192,1450,63,0.7905359669160698,5.970193500147403,0.2593946141443354,0.6258409738085552,5.299061403234281,0.1770471175905781,0.0,2.7286,27.5193,29.1735,63.6568,73.7716,0.9095333333333334,0.6457200000000001,28.449266666666663,28.094420000000003,61.31503333333334,69.30712000000001,0.1770471175905781,0.2735474906744583
2025,Malir,43,0.0,29.4062,33.6802,2428732,20.0,0.0,2268.0,0.75,152,1287,43,0.6258409738085552,5.299061403234281,0.1770471175905781,0.3664463596642198,4.125609577,0.1564602434521388,0.0,0.0,28.655,27.5193,46.5167,63.6568,0.0,0.5571400000000001,28.52683333333333,28.53496,47.95123333333333,59.29596,0.1564602434521388,0.20852319132350042
2024,Mansehra,37,3.6231,23.3981,75.0005,1797177,1000.0,0.0,4579.0,0.2,4,628,22,0.0222571288192537,3.4943692246228397,0.1224142085058956,0.0278214110240671,2.898991028707801,0.0166928466144403,8.3,9.9667,23.2157,23.6389,80.7639,79.3015,7.296600000000001,6.96652,23.41756666666667,23.91774,78.3553,79.18878,0.0166928466144403,0.06131546441182151
2024,Mansehra,38,0.0,24.0162,63.0372,1797177,1000.0,0.0,4579.0,0.2,5,521,3,0.0278214110240671,2.898991028707801,0.0166928466144403,0.033385693,3.249540807611048,0.0278214110240671,3.6231,8.3,23.3981,23.2157,75.0005,80.7639,3.974366666666667,4.9151,23.543333333333333,23.73262,72.93386666666667,75.38456000000001,0.0278214110240671,0.06902142646037604
2024,Mansehra,39,4.9429,23.9353,71.7159,1797177,1000.0,0.0,4579.0,0.2,6,584,5,0.033385693,3.249540807611048,0.0278214110240671,0.0166928466144403,2.5261841209853007,0.0278214110240671,0.0,3.6231,24.0162,23.3981,63.0372,75.0005,2.855333333333333,5.3665400000000005,23.783200000000004,23.64084,69.91786666666667,73.9638,0.0278214110240671,0.06596659145716399
2024,Mansehra,40,0.1125,22.1821,59.2088,1797177,1000.0,0.0,4579.0,0.2,3,454,5,0.0166928466144403,2.5261841209853007,0.0278214110240671,0.0445142576385075,2.4148984768890323,0.0166928466144403,4.9429,0.0,23.9353,24.0162,71.7159,63.0372,1.6851333333333331,3.3957,23.377866666666662,23.34948,64.65396666666668,69.94526,0.0166928466144403,0.06849105532320657
2024,Mansehra,41,0.6,19.4073,57.1669,1797177,1000.0,0.0,4579.0,0.2,8,434,3,0.0445142576385075,2.4148984768890323,0.0166928466144403,0.0222571288192537,2.264662857359069,0.005564282,0.1125,4.9429,22.1821,23.9353,59.2088,71.7159,1.885133333333333,1.8557,21.841566666666665,22.5878,62.6972,65.22586,0.005564282,0.06534445187510723
2024,Mansehra,42,0.0143,19.7282,53.4558,1797177,1000.0,0.0,4579.0,0.2,4,407,1,0.0222571288192537,2.264662857359069,0.005564282,0.066771386,2.1032986734194794,0.0166928466144403,0.6,0.1125,19.4073,22.1821,57.1669,59.2088,0.2422666666666666,1.13394,20.4392,21.85382,56.6105,60.916920000000005,0.0166928466144403,0.07269129912298936
2024,Mansehra,43,0.0,18.7936,59.2287,1797177,1000.0,0.0,4579.0,0.2,12,378,3,0.066771386,2.1032986734194794,0.0166928466144403,0.0,1.3298634469504118,0.005564282,0.0143,0.6,19.7282,19.4073,53.4558,57.1669,0.2047666666666666,1.13394,19.309700000000003,20.8093,56.617133333333335,60.15522,0.005564282,0.059199969445894174
2024,Mansehra,44,0.1286,16.9073,72.4758,1797177,1000.0,0.0,4579.0,0.2,0,239,1,0.0,1.3298634469504118,0.005564282,0.0,0.0159482087237764,0.0,0.0,0.0143,18.7936,19.7282,59.2287,53.4558,0.047633333,0.17108,18.476366666666667,19.4037,61.7201,60.3072,0.0,0.04343847082020369
2025,Mansehra,37,2.0571,23.8421,79.2301,1881089,1000.0,0.0,4579.0,0.2,271,1025,5,1.4406548547144766,5.448971313956968,0.0265803478729608,0.063792835,5.874256879924342,0.1275856697902119,9.2857,15.8429,22.3561,23.1326,81.5973,84.2687,9.0619,8.111419999999999,23.110266666666664,23.78116,81.69869999999999,82.42573999999999,0.1275856697902119,0.08178753208320574
2025,Mansehra,38,1.5714,23.207,72.6392,1881089,1000.0,0.0,4579.0,0.2,12,1105,24,0.063792835,5.874256879924342,0.1275856697902119,0.085057113,6.070951454184252,0.1647981568123571,2.0571,9.2857,23.8421,22.3561,79.2301,81.5973,4.304733333333334,7.72856,23.13506666666667,23.49086,77.8222,80.69521999999999,0.1647981568123571,0.08772523810378585
2025,Mansehra,39,0.5571,22.8722,63.2341,1881089,1000.0,0.0,4579.0,0.2,16,1142,31,0.085057113,6.070951454184252,0.1647981568123571,0.1275856697902119,4.189062824778626,0.2392231308566474,1.5714,2.0571,23.207,23.8421,72.6392,79.2301,1.3952,5.86284,23.3071,23.082,71.70113333333335,76.19388000000001,0.2392231308566474,0.11671063656382402
2025,Mansehra,40,1.8429,20.671,63.8696,1881089,1000.0,0.0,4579.0,0.2,24,788,45,0.1275856697902119,4.189062824778626,0.2392231308566474,0.058476765,3.806305815,0.0531606957459216,0.5571,1.5714,22.8722,23.207,63.2341,72.6392,1.3238,3.06284,22.250066666666665,22.58968,66.58096666666667,72.11406,0.0531606957459216,0.1534928626177826
2025,Mansehra,41,5.2571,15.8901,67.9589,1881089,1000.0,0.0,4579.0,0.2,11,716,10,0.058476765,3.806305815,0.0531606957459216,0.0318964174475529,4.539923416701709,0.1382178089393962,1.8429,0.5571,20.671,22.8722,63.8696,63.2341,2.552366666666667,2.25712,19.8111,21.296479999999995,65.02086666666666,69.38638,0.1382178089393962,0.06880548198461792
2025,Mansehra,42,0.0,18.0689,65.0519,1881089,1000.0,0.0,4579.0,0.2,6,854,26,0.0318964174475529,4.539923416701709,0.1382178089393962,0.0318964174475529,4.880151869475607,0.0,5.2571,1.8429,15.8901,20.671,67.9589,63.8696,2.3666666666666667,1.8457,18.21,20.14184,65.6268,66.55074,0.0,0.08489282146148172
2025,Mansehra,43,0.1571,16.9353,54.0046,1881089,1000.0,0.0,4579.0,0.2,6,918,0,0.0318964174475529,4.880151869475607,0.0,0.0212642782983686,3.870098650303096,0.00531607,0.0,5.2571,18.0689,15.8901,65.0519,67.9589,1.8047333333333333,1.56284,16.964766666666666,18.8875,62.33846666666667,62.82382,0.00531607,0.08496117263335815
2024,Mardan,37,5.7538,27.3811,75.0878,2744898,300.0,0.0,1632.0,0.65,78,697,5,0.2841635645477536,2.539256467817748,0.018215613,0.2003717442323904,1.0965799093445368,0.018215613,9.7143,3.6222,27.2779,27.5328,79.5706,78.5197,6.363433333333333,6.06376,27.397266666666667,27.75184,77.72603333333335,78.62152,0.018215613,0.019355384472969667
2024,Mardan,38,0.0,26.9308,70.5089,2744898,300.0,0.0,1632.0,0.65,55,301,5,0.2003717442323904,1.0965799093445368,0.018215613,0.2185873573444259,2.797918174008652,0.025501858,5.7538,9.7143,27.3811,27.2779,75.0878,79.5706,5.156033333333332,4.53234,27.1966,27.45016,75.05576666666667,76.43884,0.025501858,0.042915035534820706
2024,Mardan,39,6.6,27.4779,72.8084,2744898,300.0,0.0,1632.0,0.65,60,768,7,0.2185873573444259,2.797918174008652,0.025501858,0.3023791776597891,2.251449780647587,0.018215613,0.0,5.7538,26.9308,27.3811,70.5089,75.0878,4.117933333333332,5.13806,27.263266666666667,27.320100000000004,72.8017,75.29908,0.018215613,0.04132443146772788
2024,Mardan,40,1.95,24.7998,70.7195,2744898,300.0,0.0,1632.0,0.65,83,618,5,0.3023791776597891,2.251449780647587,0.018215613,0.1712267632531336,2.029219300680754,0.018215613,6.6,0.0,27.4779,26.9308,72.8084,70.5089,2.849999999999999,4.80362,26.402833333333334,26.7735,71.34559999999999,73.73904,0.018215613,0.040625450356637144
2024,Mardan,41,0.2,22.4005,65.0721,2744898,300.0,0.0,1632.0,0.65,47,557,5,0.1712267632531336,2.029219300680754,0.018215613,0.094721188,1.8252044338259563,0.018215613,1.95,6.6,24.7998,27.4779,70.7195,72.8084,2.916666666666666,2.90076,24.892733333333336,25.79802,69.53333333333335,70.83934,0.018215613,0.032307734774470964
2024,Mardan,42,0.0,22.5368,65.6165,2744898,300.0,0.0,1632.0,0.65,26,501,5,0.094721188,1.8252044338259563,0.018215613,0.2040148668547975,1.5046096430541318,0.018215613,0.2,1.95,22.4005,24.7998,65.0721,70.7195,0.716666667,1.75,23.2457,24.82916,67.13603333333333,68.94508,0.018215613,0.03670947522160614
2024,Mardan,43,0.4571,21.6642,70.1178,2744898,300.0,0.0,1632.0,0.65,56,413,5,0.2040148668547975,1.5046096430541318,0.018215613,0.072862452,1.3807434738922904,0.018215613,0.0,0.2,22.5368,22.4005,65.6165,65.0721,0.2190333333333327,1.84142,22.2005,23.77584,66.93546666666667,68.86686,0.018215613,0.02942393041766861
2024,Mardan,44,1.2143,19.5535,80.9968,2744898,300.0,0.0,1632.0,0.65,20,379,5,0.072862452,1.3807434738922904,0.018215613,0.0,0.3276653045317854,0.0,0.4571,0.0,21.6642,22.5368,70.1178,65.6165,0.5571333333333327,0.76428,21.2515,22.19096,72.2437,70.50453999999999,0.0,0.013177225200652204
2025,Mardan,37,0.4286,28.6136,75.9501,2868781,300.0,0.0,1632.0,0.65,17,1220,20,0.059258619,4.252677356689131,0.069716022,1.2060871847659338,3.384712879791103,0.034858011,3.7714,18.3286,27.1493,27.377,78.375,81.913,7.509533333333334,8.83144,27.7133,28.206560000000003,78.74603333333334,79.39472,0.034858011,0.05842301161677302
2025,Mardan,38,2.6143,27.2948,74.5329,2868781,300.0,0.0,1632.0,0.65,346,971,10,1.2060871847659338,3.384712879791103,0.034858011,1.505866080401397,5.061383214682474,0.066230221,0.4286,3.7714,28.6136,27.1493,75.9501,78.375,2.271433333333333,8.13716,27.685900000000004,27.851440000000004,76.286,78.6266,0.066230221,0.07237967466502462
2025,Mardan,39,1.5429,26.1005,73.086,2868781,300.0,0.0,1632.0,0.65,432,1452,19,1.505866080401397,5.061383214682474,0.066230221,1.3385476270234635,4.447882218963385,0.1115456355852886,2.6143,0.4286,27.2948,28.6136,74.5329,75.9501,1.5286,5.33716,27.3363,27.30704,74.52300000000001,76.7714,0.1115456355852886,0.07270266960169525
2025,Mardan,40,4.5143,23.9719,72.6425,2868781,300.0,0.0,1632.0,0.65,384,1276,32,1.3385476270234635,4.447882218963385,0.1115456355852886,1.084084145844524,4.779033324607211,0.052287016680604,1.5429,2.6143,26.1005,27.2948,73.086,74.5329,2.8905,2.5743,25.789066666666667,26.62602,73.42046666666666,74.9173,0.052287016680604,0.07584723615287309
2025,Mardan,41,1.1,19.5806,73.9256,2868781,300.0,0.0,1632.0,0.65,311,1371,15,1.084084145844524,4.779033324607211,0.052287016680604,0.7738478468729402,3.618261554297801,0.052287016680604,4.5143,1.5429,23.9719,26.1005,72.6425,73.086,2.385733333333333,2.04002,23.21766666666667,25.11228,73.21803333333334,74.02742,0.052287016680604,0.0624231206355052
2025,Mardan,42,0.0,21.7877,72.7964,2868781,300.0,0.0,1632.0,0.65,222,1038,15,0.7738478468729402,3.618261554297801,0.052287016680604,0.6100151946070473,4.291021168921573,0.2230912711705773,1.1,4.5143,19.5806,23.9719,73.9256,72.6425,1.8714333333333333,1.9543000000000004,21.78006666666667,23.7471,73.12150000000001,73.39667999999999,0.2230912711705773,0.0699746153167666
2025,Mardan,43,0.0,20.1841,70.0025,2868781,300.0,0.0,1632.0,0.65,175,1231,64,0.6100151946070473,4.291021168921573,0.2230912711705773,0.5507565757023628,4.095816306647318,0.1742900556020135,0.0,1.1,21.7877,19.5806,72.7964,73.9256,0.3666666666666667,1.4314400000000005,20.517466666666667,22.32496,72.2415,72.4906,0.1742900556020135,0.16670573192521582
2024,Mastung,37,0.0,23.2113,25.871,313271,1700.0,0.0,3308.0,0.2,180,205,32,5.745823903265863,6.543855000941677,1.0214798050250422,5.522375195916634,6.735382464383871,0.031921244,0.3,2.8667,23.8232,23.8065,41.3803,60.278,1.0555666666666663,0.7676399999999999,23.61366666666667,24.54052,42.50976666666666,48.11072,0.031921244,0.7199142960269791
2024,Mastung,38,0.0,24.3,24.6983,313271,1700.0,0.0,3308.0,0.2,173,211,1,5.522375195916634,6.735382464383871,0.031921244,7.150358635175295,5.3946902202885045,1.6918259270727265,0.0,0.3,23.2113,23.8232,25.871,41.3803,0.1,0.70192,23.778166666666667,24.078560000000003,30.649866666666657,40.36018,1.6918259270727265,0.3405390542056479
2024,Mastung,39,0.0,24.8494,26.786,313271,1700.0,0.0,3308.0,0.2,224,169,53,7.150358635175295,5.3946902202885045,1.6918259270727265,5.554296439823667,7.597256049873751,0.063842488,0.0,0.0,24.3,23.2113,24.6983,25.871,0.0,0.6333399999999999,24.12023333333333,23.99808,25.7851,35.80272,0.063842488,0.7539318377221642
2024,Mastung,40,0.6375,21.8973,33.4896,313271,1700.0,0.0,3308.0,0.2,174,238,2,5.554296439823667,7.597256049873751,0.063842488,5.490453952009602,6.735382464383871,0.095763732,0.0,0.0,24.8494,24.3,26.786,24.6983,0.2125,0.1875,23.682233333333333,23.61624,28.32463333333333,30.44504,0.095763732,0.32415858283118815
2024,Mastung,41,0.7286,18.3756,32.5839,313271,1700.0,0.0,3308.0,0.2,172,211,3,5.490453952009602,6.735382464383871,0.095763732,4.468974147,9.09755451350428,0.1276849756281302,0.6375,0.0,21.8973,24.8494,33.4896,26.786,0.4553666666666666,0.2732199999999999,21.70743333333333,22.52672,30.953166666666664,28.68576,0.1276849756281302,0.3338794586007314
2024,Mastung,42,0.0,19.1587,19.5185,313271,1700.0,0.0,3308.0,0.2,140,285,4,4.468974147,9.09755451350428,0.1276849756281302,1.5960621953516283,11.140514123554366,0.0,0.7286,0.6375,18.3756,21.8973,32.5839,33.4896,0.4553666666666666,0.2732199999999999,19.810533333333336,21.7162,28.530666666666665,27.41526,0.0,0.2689364969672409
2024,Mastung,43,0.0,19.0902,35.5176,313271,1700.0,0.0,3308.0,0.2,50,349,0,1.5960621953516283,11.140514123554366,0.0,4.373210415263462,6.128878830150254,0.063842488,0.0,0.7286,19.1587,18.3756,19.5185,32.5839,0.2428666666666666,0.2732199999999999,18.87483333333333,20.67424,29.206666666666667,29.57912,0.063842488,0.3279962571055941
2024,Mastung,44,0.0,18.0033,31.1454,313271,1700.0,0.0,3308.0,0.2,137,192,2,4.373210415263462,6.128878830150254,0.063842488,0.031097041,2.581054438480723,0.0,0.0,0.0,19.0902,19.1587,35.5176,19.5185,0.0,0.2732199999999999,18.750733333333333,19.30502,28.727166666666665,30.451000000000004,0.0,0.18132066725626067
2025,Mastung,37,0.0,23.9959,57.4386,321574,1700.0,0.0,3308.0,0.2,76,139,20,2.363375148488373,4.322488758419524,0.6219408285495718,2.363375148488373,5.566370415518668,0.0,0.0,0.1429,24.2259,26.0822,30.0471,53.9664,0.047633333,0.02858,24.768,25.79824,47.1507,41.79812,0.0,0.4838224256958251
2025,Mastung,38,0.0,23.3402,18.6759,321574,1700.0,0.0,3308.0,0.2,76,179,0,2.363375148488373,5.566370415518668,0.0,2.6743455627631585,5.504176332663711,0.062194083,0.0,0.0,23.9959,24.2259,57.4386,30.0471,0.0,0.02858,23.854,24.9864,35.3872,40.04348,0.062194083,0.26658466192165725
2025,Mastung,39,0.0,23.9161,17.6893,321574,1700.0,0.0,3308.0,0.2,86,177,2,2.6743455627631585,5.504176332663711,0.062194083,1.492657988518972,3.109704142747859,0.0,0.0,0.0,23.3402,23.9959,18.6759,57.4386,0.0,0.02858,23.750733333333333,24.31206,31.26793333333333,35.563460000000006,0.0,0.23945428838035385
2025,Mastung,40,0.0,21.353,29.905,321574,1700.0,0.0,3308.0,0.2,48,100,0,1.492657988518972,3.109704142747859,0.0,2.3944721899158514,3.700547929869952,0.0,0.0,0.0,23.9161,23.3402,17.6893,18.6759,0.0,0.0,22.869766666666667,23.36622,22.09006666666666,30.75118,0.0,0.2649340209281827
2025,Mastung,41,0.0,15.7956,20.3217,321574,1700.0,0.0,3308.0,0.2,77,119,0,2.3944721899158514,3.700547929869952,0.0,2.270084024205937,4.229197634137089,0.031097041,0.0,0.0,21.353,23.9161,29.905,17.6893,0.0,0.0,20.3549,21.68016,22.638666666666666,28.8061,0.031097041,0.27609913223044036
2025,Mastung,42,0.0,18.1828,19.8205,321574,1700.0,0.0,3308.0,0.2,73,136,1,2.270084024205937,4.229197634137089,0.031097041,1.3060757399541008,3.234092308457773,0.031097041,0.0,0.0,15.7956,21.353,20.3217,29.905,0.0,0.0,18.4438,20.51754,23.349066666666666,21.28248,0.031097041,0.227779781856328
2025,Mastung,43,0.0,17.1872,21.5166,321574,1700.0,0.0,3308.0,0.2,42,104,1,1.3060757399541008,3.234092308457773,0.031097041,1.6481431956563657,4.073712426999695,0.0,0.0,0.0,18.1828,15.7956,19.8205,20.3217,0.0,0.0,17.0552,19.28694,20.55293333333333,21.85062,0.0,0.23437351166163967
2024,Matiari,37,1.9077,29.2635,73.2341,849383,25.0,2.0,1417.0,0.2,3502,2559,7,41.22992807720428,30.127751556129567,0.082412763,33.27120980758974,23.534730504377887,0.094186015,3.5429,13.7778,29.1645,28.9521,76.3988,77.8458,6.409466666666667,4.84284,29.1267,29.700620000000004,75.82623333333333,74.02871999999999,0.094186015,0.1313123884370911
2024,Matiari,38,0.0,30.8862,63.6378,849383,25.0,2.0,1417.0,0.2,2826,1999,8,33.27120980758974,23.534730504377887,0.094186015,34.271936217230625,21.921794997074347,0.2236917856844321,1.9077,3.5429,29.2635,29.1645,73.2341,76.3988,1.816866666666667,4.054259999999999,29.7714,29.72276,71.09023333333333,72.51804,0.2236917856844321,0.13723353489682583
2024,Matiari,39,0.0,32.0871,59.8298,849383,25.0,2.0,1417.0,0.2,2911,1862,19,34.271936217230625,21.921794997074347,0.2236917856844321,27.34926411289136,18.23676715922028,0.164825526293792,0.0,1.9077,30.8862,29.2635,63.6378,73.2341,0.6359000000000006,3.8456799999999993,30.7456,30.070680000000003,65.56723333333333,70.18925999999999,0.164825526293792,0.2576012851725959
2024,Matiari,40,0.0,31.8681,57.7962,849383,25.0,2.0,1417.0,0.2,2323,1549,14,27.34926411289136,18.23676715922028,0.164825526293792,33.75391313459299,18.35449967800156,0.047093007512512,0.0,0.0,32.0871,30.8862,59.8298,63.6378,0.0,1.0901199999999995,31.6138,30.653880000000004,60.42126666666666,66.17934,0.047093007512512,0.20879320754407532
2024,Matiari,41,0.0,31.9305,37.9023,849383,25.0,2.0,1417.0,0.2,2867,1559,4,33.75391313459299,18.35449967800156,0.047093007512512,28.149845240604066,17.47150578714196,0.129505770659408,0.0,0.0,31.8681,32.0871,57.7962,59.8298,0.0,0.3815399999999996,31.9619,31.20708,51.842766666666655,58.48004,0.129505770659408,0.16263448480567044
2024,Matiari,42,0.0,32.304,40.2287,849383,25.0,2.0,1417.0,0.2,2391,1484,11,28.149845240604066,17.47150578714196,0.129505770659408,29.29185067278248,16.612058400038617,0.105959266903152,0.0,0.0,31.9305,31.8681,37.9023,57.7962,0.0,0.0,32.034200000000006,31.81518,45.30906666666666,51.87895999999999,0.105959266903152,0.17384838442347433
2024,Matiari,43,0.0,32.0365,33.9214,849383,25.0,2.0,1417.0,0.2,2488,1411,9,29.29185067278248,16.612058400038617,0.105959266903152,23.00493416986212,14.539966069488086,0.094186015,0.0,0.0,32.304,31.9305,40.2287,37.9023,0.0,0.0,32.09033333333334,32.04524,37.35079999999999,45.93568,0.094186015,0.17186270875297072
2024,Matiari,44,0.0,29.5398,47.1855,849383,25.0,2.0,1417.0,0.2,1954,1235,8,23.00493416986212,14.539966069488086,0.094186015,22.731350033785493,18.4235658355114,0.075198228,0.0,0.0,32.0365,32.304,33.9214,40.2287,0.0,0.0,31.293433333333336,31.535779999999995,40.44519999999999,43.40682,0.075198228,0.16329323348466823
2025,Matiari,39,0.0,30.1148,63.9783,930873,25.0,2.0,1417.0,0.2,4089,1515,62,43.92650769761288,16.27504503836721,0.6660414471146976,34.20445109053544,13.009293426708046,0.6552988431289768,0.0,13.8714,29.0883,27.5412,73.1031,81.2152,4.6238,5.55714,28.91476666666667,29.76708,72.76553333333332,71.44255999999999,0.6552988431289768,0.5076116126419613
2024,Mirpurkhas,37,1.6846,29.3673,72.5709,1681386,16.0,0.0,2925.0,0.5,8184,3633,22,48.67412955740086,21.607174081382865,0.1308444342940883,42.17948764,16.985986561087103,0.04163232,3.1286,11.3444,29.2405,28.9907,76.1959,77.3038,5.385866666666666,5.040080000000001,29.1995,29.715,75.35686666666665,73.91932,0.04163232,0.1901948036298359
2024,Mirpurkhas,38,0.0,30.6679,64.1908,1681386,16.0,0.0,2925.0,0.5,7092,2856,7,42.17948764,16.985986561087103,0.04163232,43.00023909,18.157639,0.047579794,1.6846,3.1286,29.3673,29.2405,72.5709,76.1959,1.6043999999999994,3.402940000000001,29.758566666666667,29.765,70.98586666666667,72.16479999999999,0.047579794,0.17974147597385826
2024,Mirpurkhas,39,0.0,31.7164,62.3097,1681386,16.0,0.0,2925.0,0.5,7230,3053,8,43.00023909,18.157639,0.047579794,28.89283008184914,16.04033814959801,0.1962666514411325,0.0,1.6846,30.6679,29.3673,64.1908,72.5709,0.5615333333333328,3.2315200000000006,30.583866666666665,29.99656,66.35713333333334,70.51422,0.1962666514411325,0.19321200726119092
2024,Mirpurkhas,40,0.0,31.2885,60.7813,1681386,16.0,0.0,2925.0,0.5,4858,2697,33,28.89283008184914,16.04033814959801,0.1962666514411325,33.632967087866795,16.331764389616662,0.047579794,0.0,0.0,31.7164,30.6679,62.3097,64.1908,0.0,0.9626400000000008,31.224266666666665,30.45612,62.42726666666667,67.20971999999999,0.047579794,0.28232691642523833
2024,Mirpurkhas,41,0.0,31.6521,40.0844,1681386,16.0,0.0,2925.0,0.5,5655,2746,8,33.632967087866795,16.331764389616662,0.047579794,28.886882607563045,13.893299932317744,0.08326464,0.0,0.0,31.2885,31.7164,60.7813,62.3097,0.0,0.3369200000000007,31.552333333333333,30.938440000000003,54.3918,59.98742,0.08326464,0.19826981178363712
2024,Mirpurkhas,42,0.0,32.0494,42.9353,1681386,16.0,0.0,2925.0,0.5,4857,2336,14,28.886882607563045,13.893299932317744,0.08326464,21.416854904227822,12.406431360794013,0.047579794,0.0,0.0,31.6521,31.2885,40.0844,60.7813,0.0,0.0,31.663333333333338,31.47486,47.933666666666674,54.0603,0.047579794,0.20996625956999848
2024,Mirpurkhas,43,0.0,31.692,36.4316,1681386,16.0,0.0,2925.0,0.5,3601,2086,8,21.416854904227822,12.406431360794013,0.047579794,16.37934418390542,10.961195109272946,0.2260040228716071,0.0,0.0,32.0494,31.6521,42.9353,40.0844,0.0,0.0,31.797833333333333,31.67968,39.8171,48.50846,0.2260040228716071,0.2067045992817096
2024,Mirpurkhas,44,0.0,29.6384,42.8928,1681386,16.0,0.0,2925.0,0.5,2754,1843,38,16.37934418390542,10.961195109272946,0.2260040228716071,9.694382530997308,14.85739645685423,0.05492568,0.0,0.0,31.692,32.0494,36.4316,42.9353,0.0,0.0,31.1266,31.26408,40.75323333333333,44.62508,0.05492568,0.28713556077345764
2025,Mirpurkhas,37,7.3714,27.561,81.0322,1820642,16.0,0.0,2925.0,0.5,5292,3582,124,29.06666988897323,19.67437859831861,0.6810784327726154,34.482341943116765,18.378132548848157,0.5437642326168461,4.2857,15.1714,30.3911,30.3744,69.252,78.0299,8.942833333333333,5.488560000000001,29.44216666666667,30.30428,76.1047,70.50748,0.5437642326168461,0.5645293488967355
2025,Mirpurkhas,38,0.0143,28.8039,74.3047,1820642,16.0,0.0,2925.0,0.5,6278,3346,99,34.482341943116765,18.378132548848157,0.5437642326168461,36.06420152891123,16.47221145068608,0.6261527527103077,7.3714,4.2857,27.561,30.3911,81.0322,69.252,3.8904666666666654,5.491420000000001,28.91866666666667,29.82846,74.86296666666668,72.84264,0.6261527527103077,0.49525323322800285
2025,Mirpurkhas,39,0.0143,29.6438,65.9514,1820642,16.0,0.0,2925.0,0.5,6566,2999,114,36.06420152891123,16.47221145068608,0.6261527527103077,32.790630997197695,13.692972039533307,0.1537919041744615,0.0143,7.3714,28.8039,27.561,74.3047,81.0322,2.4666666666666663,5.371420000000001,28.669566666666668,29.354840000000003,73.76276666666666,73.71404,0.1537919041744615,0.5583788123391256
2025,Mirpurkhas,40,1.8857,29.975,67.0224,1820642,16.0,0.0,2925.0,0.5,5970,2493,28,32.790630997197695,13.692972039533307,0.1537919041744615,33.867174326418926,16.571077674798232,0.5272865285981538,0.0143,0.0143,29.6438,28.8039,65.9514,74.3047,0.6380999999999993,2.7142800000000005,29.47423333333334,29.27496,69.09283333333333,71.51254,0.5272865285981538,0.24244469328013774
2025,Mirpurkhas,41,0.0,27.7482,50.888,1820642,16.0,0.0,2925.0,0.5,6166,3017,96,33.867174326418926,16.571077674798232,0.5272865285981538,28.105470487882847,14.291661952212465,0.8568406089720001,1.8857,0.0143,29.975,29.6438,67.0224,65.9514,0.6333333333333327,1.8571400000000005,29.12233333333334,28.74638,61.28726666666668,67.83973999999999,0.8568406089720001,0.5094791324474194
2025,Mirpurkhas,42,0.0,28.5128,34.6562,1820642,16.0,0.0,2925.0,0.5,5117,2602,156,28.105470487882847,14.291661952212465,0.8568406089720001,26.331371021870307,12.98992333473577,0.8513480409657692,0.0,1.8857,27.7482,29.975,50.888,67.0224,0.628566667,0.3828600000000003,28.74533333333334,28.93674,50.85553333333334,58.56454,0.8513480409657692,0.6483138795161527
2025,Mirpurkhas,43,0.0,28.9304,31.2484,1820642,16.0,0.0,2925.0,0.5,4794,2365,155,26.331371021870307,12.98992333473577,0.8513480409657692,21.734091600655155,10.92471776,0.7579743848598461,0.0,0.0,28.5128,27.7482,34.6562,50.888,0.0,0.3800000000000003,28.39713333333334,28.962039999999995,38.93086666666667,49.95328,0.7579743848598461,0.609751799013611
2024,Mohmand,37,3.5154,26.0753,68.6732,553933,600.0,0.0,2296.0,0.2,312,182,13,5.632450133860954,3.285595911,0.2346854222442064,7.672408034906749,2.3288014976540485,0.072210899,7.4143,4.4,25.5451,26.3287,76.4775,73.8359,5.1099000000000006,5.00308,25.98303333333333,26.32248,72.99553333333333,74.12958,0.072210899,0.26429545973653035
2024,Mohmand,38,0.0,27.5096,49.7752,553933,600.0,0.0,2296.0,0.2,425,129,4,7.672408034906749,2.3288014976540485,0.072210899,8.954151494855877,2.419065121594128,0.072210899,3.5154,7.4143,26.0753,25.5451,68.6732,76.4775,3.643233333333333,3.66308,26.376666666666665,26.4561,64.9753,68.26285999999999,0.072210899,0.20885976205209444
2024,Mohmand,39,4.6286,26.6254,62.8239,553933,600.0,0.0,2296.0,0.2,496,134,4,8.954151494855877,2.419065121594128,0.072210899,7.419669887874527,2.3107487728660328,0.2346854222442064,0.0,3.5154,27.5096,26.0753,49.7752,68.6732,2.7146666666666674,3.99166,26.736766666666664,26.41682,60.4241,66.31714000000001,0.2346854222442064,0.20153586986171848
2024,Mohmand,40,2.2375,25.5244,49.8792,553933,600.0,0.0,2296.0,0.2,411,128,13,7.419669887874527,2.3107487728660328,0.2346854222442064,7.527986236602621,2.382959672018096,0.054158174,4.6286,0.0,26.6254,27.5096,62.8239,49.7752,2.2887000000000004,3.55916,26.55313333333333,26.25596,54.15943333333333,61.5258,0.054158174,0.2895712613924684
2024,Mohmand,41,0.7429,23.1394,45.5127,553933,600.0,0.0,2296.0,0.2,417,132,3,7.527986236602621,2.382959672018096,0.054158174,5.090868390220478,2.1843796993499214,0.2527381470322223,2.2375,4.6286,25.5244,26.6254,49.8792,62.8239,2.5363333333333338,2.22488,25.0964,25.77482,52.7386,55.33284,0.2527381470322223,0.2089598131521949
2024,Mohmand,42,0.0714,24.0436,42.1304,553933,600.0,0.0,2296.0,0.2,282,121,14,5.090868390220478,2.1843796993499214,0.2527381470322223,5.758819207377066,2.419065121594128,0.1263690735161111,0.7429,2.2375,23.1394,25.5244,45.5127,49.8792,1.0172666666666668,1.5360799999999997,24.2358,25.36848,45.84076666666667,50.02428,0.1263690735161111,0.2894162448638928
2024,Mohmand,43,0.0857,22.7361,48.041,553933,600.0,0.0,2296.0,0.2,319,134,7,5.758819207377066,2.419065121594128,0.1263690735161111,5.235290188524605,2.1663269745619056,0.018052725,0.0714,0.7429,24.0436,23.1394,42.1304,45.5127,0.3000000000000003,1.5532199999999998,23.306366666666666,24.41378,45.228033333333336,49.67744,0.018052725,0.20980986849318187
2024,Mohmand,44,0.0,21.1808,57.9369,553933,600.0,0.0,2296.0,0.2,290,120,1,5.235290188524605,2.1663269745619056,0.018052725,0.0,2.6270992386737406,0.0,0.0857,0.0714,22.7361,24.0436,48.041,42.1304,0.052366667,0.6275,22.653500000000005,23.32486,49.369433333333326,48.70004,0.0,0.12537582847459763
2025,Mohmand,37,0.9286,27.2358,69.9752,563359,600.0,0.0,2296.0,0.2,67,163,7,1.1892949256158152,2.893359296647431,0.1242546937210553,6.638750778810669,2.857857955584272,0.1065040231894759,4.7143,7.6857,25.654,26.2543,74.9762,76.0212,4.442866666666666,7.385720000000001,26.38136666666667,26.7847,73.65753333333333,75.15812,0.1065040231894759,0.213150003328824
2025,Mohmand,38,5.8857,26.0849,65.9642,563359,600.0,0.0,2296.0,0.2,374,161,6,6.638750778810669,2.857857955584272,0.1065040231894759,6.940512177847518,2.343088510168472,0.088753353,0.9286,4.7143,27.2358,25.654,69.9752,74.9762,3.842866666666667,7.314279999999999,26.324900000000003,26.440520000000003,70.3052,73.67112,0.088753353,0.19321543579895267
2025,Mohmand,39,0.9714,26.4165,54.5215,563359,600.0,0.0,2296.0,0.2,391,132,5,6.940512177847518,2.343088510168472,0.088753353,5.254198477347481,2.076828452194781,0.0177506705315793,5.8857,0.9286,26.0849,27.2358,65.9642,69.9752,2.5952333333333333,4.03714,26.579066666666677,26.3291,63.48696666666667,68.29166000000001,0.0177506705315793,0.20518136784070434
2025,Mohmand,40,4.2571,24.0269,56.6419,563359,600.0,0.0,2296.0,0.2,296,117,1,5.254198477347481,2.076828452194781,0.0177506705315793,5.129943783626427,1.7040643710316157,0.071002682,0.9714,5.8857,26.4165,26.0849,54.5215,65.9642,3.704733333333333,3.35142,25.50943333333333,25.88362,59.04253333333333,64.4158,0.071002682,0.17965413217271256
2025,Mohmand,41,1.7143,19.9584,53.763,563359,600.0,0.0,2296.0,0.2,289,96,4,5.129943783626427,1.7040643710316157,0.071002682,5.058941102,2.183332475384258,0.159756035,4.2571,0.9714,24.0269,26.4165,56.6419,54.5215,2.3142666666666667,2.7514200000000004,23.46726666666667,24.7445,54.97546666666667,60.17316000000001,0.159756035,0.21682314899385097
2025,Mohmand,43,0.0,21.9977,39.5671,563359,600.0,0.0,2296.0,0.2,285,97,169,5.058941102,1.7218150415631952,2.9998633198369067,4.402166291831674,1.7573163826263536,0.0355013410631586,0.0,1.7143,22.7448,19.9584,52.9454,53.763,0.5714333333333333,1.38856,21.56696666666667,23.02886,48.758500000000005,51.48778,0.0355013410631586,0.5565367528440627
2025,MusaKhel,37,0.2571,25.2493,61.2327,201891,620.9389128094725,0.6689989235737352,6279.964208826696,0.3396259418729817,274,129,27,13.571679767795494,6.389586460020506,1.3373553055856873,15.156693463304457,7.380220019713607,0.1485950339539652,0.6571,2.8143,24.812,25.8326,64.4239,68.0501,1.2428333333333332,2.2057,25.297966666666667,25.477120000000003,64.5689,64.2547,0.1485950339539652,0.8067395543874715
2025,MusaKhel,38,0.0,26.0966,49.7795,201891,620.9389128094725,0.6689989235737352,6279.964208826696,0.3396259418729817,306,149,3,15.156693463304457,7.380220019713607,0.1485950339539652,11.838071038332563,6.884903239867056,0.049531678,0.2571,0.6571,25.2493,24.812,61.2327,64.4239,0.3047333333333333,1.39428,25.385966666666665,25.54462,58.4787,61.82392,0.049531678,0.3623265355962204
2025,MusaKhel,40,0.1143,24.365,42.9771,201891,620.9389128094725,0.6689989235737352,6279.964208826696,0.3396259418729817,239,139,1,11.838071038332563,6.884903239867056,0.049531678,7.826005121575504,3.3681541029565456,0.049531678,0.0,0.2571,26.0966,25.2493,49.7795,61.2327,0.1238,0.76856,25.23696666666667,25.2711,51.32976666666666,57.29266,0.049531678,0.3256149607134147
2025,MusaKhel,42,0.0,20.2722,37.8436,201891,620.9389128094725,0.6689989235737352,6279.964208826696,0.3396259418729817,158,68,1,7.826005121575504,3.3681541029565456,0.049531678,7.033498273821022,3.021432357,0.0,0.1143,0.0,24.365,26.0966,42.9771,49.7795,0.0381,0.2057,23.57793333333333,24.15902,43.5334,51.25136,0.0,0.3161326167910116
2025,MusaKhel,43,0.0,19.0641,44.1594,201891,620.9389128094725,0.6689989235737352,6279.964208826696,0.3396259418729817,142,61,0,7.033498273821022,3.021432357,0.0,10.748374122670151,4.655977730557578,0.0,0.0,0.1143,20.2722,24.365,37.8436,42.9771,0.0381,0.07428,21.233766666666668,23.00944,41.66003333333333,47.19846,0.0,0.3373449290251949
2024,Musakhel,37,0.0,0.0,0.0,196756,1200.0,0.0,5728.0,0.2,266,44,2,13.51928276647218,2.2362723373111875,0.1016487426050539,11.181361686555936,2.9986379068490923,1.2197849112606478,0.0,0.0,0.0,0.0,0.0,0.0,0.0,0.0,0.0,0.0,0.0,0.0,1.2197849112606478,0.25756827899376517
2024,Musakhel,38,0.0,0.0,0.0,196756,1200.0,0.0,5728.0,0.2,220,59,24,11.181361686555936,2.9986379068490923,1.2197849112606478,3.913476590294578,12.80774157,0.2032974852101079,0.0,0.0,0.0,0.0,0.0,0.0,0.0,0.0,0.0,0.0,0.0,0.0,0.2032974852101079,0.4766730255362487
2024,Musakhel,39,0.0,0.0,0.0,196756,1200.0,0.0,5728.0,0.2,77,252,4,3.913476590294578,12.80774157,0.2032974852101079,2.439569822521296,2.8461647929415115,0.6607168269328508,0.0,0.0,0.0,0.0,0.0,0.0,0.0,0.0,0.0,0.0,0.0,0.0,0.6607168269328508,0.24585436025930524
2024,Musakhel,40,0.0,0.0,0.0,196756,1200.0,0.0,5728.0,0.2,48,56,13,2.439569822521296,2.8461647929415115,0.6607168269328508,3.608530362479416,13.061863424749436,0.6607168269328508,0.0,0.0,0.0,0.0,0.0,0.0,0.0,0.0,0.0,0.0,0.0,0.0,0.6607168269328508,0.40159501120848273
2024,Musakhel,41,0.0,0.0,0.0,196756,1200.0,0.0,5728.0,0.2,71,257,13,3.608530362479416,13.061863424749436,0.6607168269328508,2.490394193823822,11.130537315253411,0.9148386834454856,0.0,0.0,0.0,0.0,0.0,0.0,0.0,0.0,0.0,0.0,0.0,0.0,0.9148386834454856,0.3987387666628347
2024,Musakhel,42,0.0,0.0,0.0,196756,1200.0,0.0,5728.0,0.2,49,219,18,2.490394193823822,11.130537315253411,0.9148386834454856,7.267885096261359,14.99318953424546,0.1524731139075809,0.0,0.0,0.0,0.0,0.0,0.0,0.0,0.0,0.0,0.0,0.0,0.0,0.1524731139075809,0.47650486823457605
2024,Musakhel,43,0.0,0.0,0.0,196756,1200.0,0.0,5728.0,0.2,143,295,3,7.267885096261359,14.99318953424546,0.1524731139075809,5.031612758950171,1.9313261094960257,0.050824371,0.0,0.0,0.0,0.0,0.0,0.0,0.0,0.0,0.0,0.0,0.0,0.0,0.050824371,0.2306898930828836
2024,Naseerabad,37,0.3923,30.9827,71.0468,563315,620.9389128094725,0.6689989235737352,6279.964208826696,0.3396259418729817,167,334,5,2.9645935222743933,5.929187044548787,0.088760285,5.254608877803715,5.236856820784109,0.0,0.7286,15.9333,30.7768,29.8892,74.4758,76.7998,5.684733333333333,8.1337,30.549566666666664,30.75756,74.10746666666667,74.78672,0.0,0.174196583756157
2024,Naseerabad,38,0.0,31.5364,64.2905,563315,620.9389128094725,0.6689989235737352,6279.964208826696,0.3396259418729817,296,295,0,5.254608877803715,5.236856820784109,0.0,5.378873276940966,5.8226747024311445,0.3372890833725357,0.3923,0.7286,30.9827,30.7768,71.0468,74.4758,0.3736333333333333,5.11656,31.098633333333336,30.69406,69.9377,73.44346,0.3372890833725357,0.17738465844355777
2024,Naseerabad,39,0.0286,32.4956,59.3086,563315,620.9389128094725,0.6689989235737352,6279.964208826696,0.3396259418729817,303,328,19,5.378873276940966,5.8226747024311445,0.3372890833725357,0.5858178816470359,5.964691158588002,0.1065123421176428,0.0,0.3923,31.5364,30.9827,64.2905,71.0468,0.1403,3.41656,31.671566666666667,31.13614,64.88196666666667,69.18430000000001,0.1065123421176428,0.23408237156516687
2024,Naseerabad,40,0.0875,32.0473,54.5488,563315,620.9389128094725,0.6689989235737352,6279.964208826696,0.3396259418729817,33,336,6,0.5858178816470359,5.964691158588002,0.1065123421176428,0.1952726272156786,8.663003825568287,0.0177520570196071,0.0286,0.0,32.4956,31.5364,59.3086,64.2905,0.0387,0.2474,32.02643333333334,31.567760000000003,59.38263333333333,64.7341,0.0177520570196071,0.13857833743161602
2024,Naseerabad,41,0.1,30.2971,45.8101,563315,620.9389128094725,0.6689989235737352,6279.964208826696,0.3396259418729817,11,488,1,0.1952726272156786,8.663003825568287,0.0177520570196071,1.0473713641568216,8.041681829882037,0.2307767412548929,0.0875,0.0286,32.0473,32.4956,54.5488,59.3086,0.072033333,0.1216799999999999,31.613333333333333,31.47182,53.2225,59.00096,0.2307767412548929,0.15182673189629084
2024,Naseerabad,42,0.0,29.5179,46.1759,563315,620.9389128094725,0.6689989235737352,6279.964208826696,0.3396259418729817,59,453,13,1.0473713641568216,8.041681829882037,0.2307767412548929,7.580128347372252,0.5325617105882143,1.5799330747450362,0.1,0.0875,30.2971,32.0473,45.8101,54.5488,0.0625,0.04322,30.62076666666667,31.178860000000004,48.84493333333333,54.02678,1.5799330747450362,0.217967410655471
2024,Naseerabad,43,0.0,29.9986,38.3708,563315,620.9389128094725,0.6689989235737352,6279.964208826696,0.3396259418729817,427,30,89,7.580128347372252,0.5325617105882143,1.5799330747450362,3.585915517960644,0.6568261097254644,0.0,0.0,0.1,29.5179,30.2971,46.1759,45.8101,0.033333333,0.04322,29.937866666666668,30.8713,43.45226666666667,48.84284,0.0,0.5524118301756897
2024,Naseerabad,44,0.0,28.6265,46.4646,563315,620.9389128094725,0.6689989235737352,6279.964208826696,0.3396259418729817,202,37,0,3.585915517960644,0.6568261097254644,0.0,0.0,3.578820137278138,0.0,0.0,0.0,29.9986,29.5179,38.3708,46.1759,0.0,0.0375,29.381,30.09748,43.670433333333335,46.27404,0.0,0.10898409340208912
2025,Naseerabad,37,5.1429,29.3757,75.1884,592374,620.9389128094725,0.6689989235737352,6279.964208826696,0.3396259418729817,109,337,52,1.840053749826968,5.688973520107229,0.8778238072569019,2.194559518142255,6.212291559048844,0.9622299425700654,0.0286,3.0286,33.8953,33.6274,54.712,61.4196,2.7333666666666665,1.70288,32.29946666666667,33.361900000000006,63.77333333333333,58.13969999999999,0.9622299425700654,0.5916023258520865
2025,Naseerabad,38,0.0,33.1096,56.4138,592374,620.9389128094725,0.6689989235737352,6279.964208826696,0.3396259418729817,130,368,57,2.194559518142255,6.212291559048844,0.9622299425700654,2.5997089676454403,5.638329838919331,1.0128736237579636,5.1429,0.0286,29.3757,33.8953,75.1884,54.712,1.723833333333333,1.70288,32.126866666666665,33.0209,62.104733333333336,59.44272,1.0128736237579636,0.6703848579280018
2025,Naseerabad,39,0.0,33.592,47.5181,592374,620.9389128094725,0.6689989235737352,6279.964208826696,0.3396259418729817,154,334,60,2.5997089676454403,5.638329838919331,1.0128736237579636,2.059509701641193,4.709862350474531,1.5868353438874765,0.0,5.1429,33.1096,29.3757,56.4138,75.1884,1.7143,1.6400200000000005,32.02576666666667,32.72,59.70676666666666,59.05038,1.5868353438874765,0.6639870498242377
2025,Naseerabad,40,0.0143,33.764,42.5086,592374,620.9389128094725,0.6689989235737352,6279.964208826696,0.3396259418729817,122,279,94,2.059509701641193,4.709862350474531,1.5868353438874765,2.5997089676454403,5.266942843541411,1.6881227062632729,0.0,0.0,33.592,33.1096,47.5181,56.4138,0.004766667,1.03716,33.488533333333336,32.74732,48.8135,55.26818,1.6881227062632729,0.8613745651970416
2025,Naseerabad,41,0.0,28.912,39.3751,592374,620.9389128094725,0.6689989235737352,6279.964208826696,0.3396259418729817,154,312,100,2.5997089676454403,5.266942843541411,1.6881227062632729,2.6503526488333384,5.503280022418269,1.3504981650106185,0.0143,0.0,33.764,33.592,42.5086,47.5181,0.004766667,1.03144,32.089333333333336,31.750659999999996,43.13393333333333,52.2008,1.3504981650106185,0.8135986840261656
2025,Naseerabad,42,0.0,29.4337,28.9064,592374,620.9389128094725,0.6689989235737352,6279.964208826696,0.3396259418729817,157,326,80,2.6503526488333384,5.503280022418269,1.3504981650106185,2.684115102958604,5.469517568293004,0.6583678554426764,0.0,0.0143,28.912,33.764,39.3751,42.5086,0.004766667,0.00286,30.703233333333333,31.76226,36.93003333333333,42.9444,0.6583678554426764,0.6305606745657703
2025,Naseerabad,43,0.0,28.67,33.3553,592374,620.9389128094725,0.6689989235737352,6279.964208826696,0.3396259418729817,159,324,39,2.684115102958604,5.469517568293004,0.6583678554426764,3.004858417148625,5.655211065981964,0.9453487155074328,0.0,0.0,29.4337,28.912,28.9064,39.3751,0.0,0.00286,29.005233333333337,30.87434,33.878933333333336,38.3327,0.9453487155074328,0.41206977581961846
2024,Naushero Feroze,37,0.0462,30.2172,72.4486,1777082,38.0,2.0,2945.0,0.2,3852,2289,208,21.67598343801805,12.880666170722566,1.1704580880342044,19.605172974572923,10.792974100238482,0.6189922580950119,0.0857,16.6556,30.0316,29.0834,76.1635,80.5919,5.595833333333334,11.2832,29.7774,30.06402,76.40133333333334,76.95334,0.6189922580950119,0.8979481994404723
2024,Naushero Feroze,38,0.0,30.9165,64.0628,1777082,38.0,2.0,2945.0,0.2,3484,1918,110,19.605172974572923,10.792974100238482,0.6189922580950119,25.828858769600952,11.400711953640856,0.9622516012204276,0.0462,0.0857,30.2172,30.0316,72.4486,76.1635,0.043966667,7.248920000000001,30.38843333333333,30.0182,70.89163333333333,74.87433999999999,0.9622516012204276,0.6248504146238967
2024,Naushero Feroze,39,0.0,32.3162,60.7775,1777082,38.0,2.0,2945.0,0.2,4590,2026,171,25.828858769600952,11.400711953640856,0.9622516012204276,16.740926980296916,10.309034698455108,0.6527554721729216,0.0,0.0462,30.9165,30.2172,64.0628,72.4486,0.0153999999999999,3.3575000000000004,31.149966666666668,30.51298,65.76296666666666,70.80886000000001,0.6527554721729216,0.8349216490500373
2024,Naushero Feroze,40,0.0,31.0826,61.3046,1777082,38.0,2.0,2945.0,0.2,2975,1832,116,16.740926980296916,10.309034698455108,0.6527554721729216,20.719359039143946,8.907861314221854,0.7934355308308789,0.0,0.0,32.3162,30.9165,60.7775,64.0628,0.0,0.0263799999999999,31.43843333333333,30.91282,62.048300000000005,66.9514,0.7934355308308789,0.6419500305967505
2024,Naushero Feroze,41,0.0,28.9456,55.0485,1777082,38.0,2.0,2945.0,0.2,3682,1583,141,20.719359039143946,8.907861314221854,0.7934355308308789,15.463552047682663,8.423921912,0.6415010674802851,0.0,0.0,31.0826,32.3162,61.3046,60.7775,0.0,0.00924,30.781466666666663,30.69562,59.043533333333336,62.7284,0.6415010674802851,0.696119791956691
2024,Naushero Feroze,42,0.0,28.8745,53.8362,1777082,38.0,2.0,2945.0,0.2,2748,1497,114,15.463552047682663,8.423921912,0.6415010674802851,15.80118418846176,7.951236915347744,0.5964834487097388,0.0,0.0,28.9456,31.0826,55.0485,61.3046,0.0,0.0,29.63423333333333,30.42708,56.72976666666667,59.00592,0.5964834487097388,0.5976612874853733
2024,Naushero Feroze,43,0.0,29.1605,45.2352,1777082,38.0,2.0,2945.0,0.2,2808,1413,106,15.80118418846176,7.951236915347744,0.5964834487097388,14.270585150263184,6.966476504742044,0.4783121994370547,0.0,0.0,28.8745,28.9456,53.8362,55.0485,0.0,0.0,28.99353333333333,30.07588,51.3733,55.2404,0.4783121994370547,0.5416925112225714
2024,Naushero Feroze,44,0.0,28.2429,51.6823,1777082,38.0,2.0,2945.0,0.2,2536,1238,85,14.270585150263184,6.966476504742044,0.4783121994370547,6.306483824818298,5.475197917885373,0.2001243850023707,0.0,0.0,29.1605,28.8745,45.2352,53.8362,0.0,0.0,28.7593,29.26122,50.251233333333325,53.42135999999999,0.2001243850023707,0.45574650501921843
2025,Naushero Feroze,37,14.3143,28.1292,79.5362,1948788,38.0,2.0,2945.0,0.2,1888,1420,185,9.688072791909638,7.286580172,0.9493079801394508,9.400714700624183,6.439900081486545,1.267454438348348,0.2,4.9429,33.6423,32.384,53.2212,66.9103,6.485733333333333,3.91144,31.385166666666667,32.45476000000001,66.5559,60.80096,1.267454438348348,0.8005703246776612
2025,Naushero Feroze,38,0.0,29.9935,72.0366,1948788,38.0,2.0,2945.0,0.2,1832,1255,247,9.400714700624183,6.439900081486545,1.267454438348348,9.097962425877006,7.343025511240833,0.9441765856522104,14.3143,0.2,28.1292,33.6423,79.5362,53.2212,4.8381,3.91144,30.58833333333333,31.68088,68.26466666666666,64.74954,0.9441765856522104,0.9394402212169943
2025,Naushero Feroze,39,0.0,31.0548,59.9504,1948788,38.0,2.0,2945.0,0.2,1773,1431,184,9.097962425877006,7.343025511240833,0.9441765856522104,10.64251216653633,6.850411640465766,0.1077592842320457,0.0,14.3143,29.9935,28.1292,72.0366,79.5362,4.771433333333333,3.8914399999999993,29.725833333333338,31.04076,70.50773333333332,66.33094,0.1077592842320457,0.7893111304755295
2025,Naushero Feroze,40,0.0429,32.017,55.5074,1948788,38.0,2.0,2945.0,0.2,2074,1335,21,10.64251216653633,6.850411640465766,0.1077592842320457,12.489814181942828,7.830507987528659,1.1237753927056202,0.0,0.0,31.0548,29.9935,59.9504,72.0366,0.0143000000000005,2.91144,31.021766666666668,30.967360000000003,62.498133333333335,64.05036,1.1237753927056202,0.2629439251100454
2025,Naushero Feroze,41,0.0,27.756,46.1347,1948788,38.0,2.0,2945.0,0.2,2434,1526,219,12.489814181942828,7.830507987528659,1.1237753927056202,12.782303667715524,8.015238189069308,0.990359136,0.0429,0.0,32.017,31.0548,55.5074,59.9504,0.0143000000000005,2.87144,30.27593333333333,29.7901,53.86416666666667,62.63306,0.990359136,0.954035660731737
2025,Naushero Feroze,42,0.0,28.5501,33.564,1948788,38.0,2.0,2945.0,0.2,2491,1562,193,12.782303667715524,8.015238189069308,0.990359136,11.258279505005165,7.378945272651515,0.9800963470628924,0.0,0.0429,27.756,32.017,46.1347,55.5074,0.0143000000000005,0.00858,29.441033333333337,29.87428,45.0687,53.43862,0.9800963470628924,0.758190921322429
2025,Naushero Feroze,43,0.0,27.3804,38.8921,1948788,38.0,2.0,2945.0,0.2,2194,1438,191,11.258279505005165,7.378945272651515,0.9800963470628924,9.698335581,6.706732594823039,0.969833558088412,0.0,0.0,28.5501,27.756,33.564,46.1347,0.0,0.00858,27.8955,29.351660000000003,39.53026666666667,46.80972,0.969833558088412,0.7123196231765533
2024,North Waziristan,37,0.7769,14.186,63.0802,693332,1000.0,1.0,4707.0,0.2,15,16,4,0.2163465698972498,0.2307696745570664,0.0576924186392666,0.375000721155233,0.1586541512579831,0.0,0.8429,3.6778,14.9458,14.4015,64.0615,79.9039,1.7658666666666667,2.0481000000000003,14.5111,15.13998,69.0152,73.03858,0.0,0.06087795762995357
2024,North Waziristan,38,0.0857,14.9134,47.8136,693332,1000.0,1.0,4707.0,0.2,26,11,0,0.375000721155233,0.1586541512579831,0.0,0.4615393491141329,0.5336548724132162,0.0,0.7769,0.8429,14.186,14.9458,63.0802,64.0615,0.5685,1.46524,14.681733333333334,14.70564,58.31843333333333,66.74942,0.0,0.06878441502580085
2024,North Waziristan,39,0.7286,14.9083,65.4575,693332,1000.0,1.0,4707.0,0.2,32,37,0,0.4615393491141329,0.5336548724132162,0.0,0.3894238258150496,0.0,0.0,0.0857,0.7769,14.9134,14.186,47.8136,63.0802,0.5304000000000001,1.22238,14.669233333333333,14.671,58.78376666666666,64.06334,0.0,0.07018637946204492
2024,North Waziristan,40,3.2625,12.064,53.7296,693332,1000.0,1.0,4707.0,0.2,27,0,0,0.3894238258150496,0.0,0.0,0.2163465698972498,0.2307696745570664,0.0,0.7286,0.0857,14.9083,14.9134,65.4575,47.8136,1.3589333333333335,1.13932,13.9619,14.2035,55.6669,58.82847999999999,0.0,0.0602905862116227
2024,North Waziristan,41,4.0,8.6018,65.7314,693332,1000.0,1.0,4707.0,0.2,15,16,0,0.2163465698972498,0.2307696745570664,0.0,0.086538628,0.4326931397944996,0.0,3.2625,0.7286,12.064,14.9083,53.7296,65.4575,2.6637,1.77074,11.858033333333331,12.9347,61.6395,59.16246,0.0,0.04935104840707244
2024,North Waziristan,42,1.7286,9.6702,55.813,693332,1000.0,1.0,4707.0,0.2,6,30,0,0.086538628,0.4326931397944996,0.0,0.5480779770730329,0.8509631749291825,0.0,4.0,3.2625,8.6018,12.064,65.7314,53.7296,2.997033333333333,1.96108,10.112,12.03154,58.42466666666667,57.70902,0.0,0.0710024444652009
2024,North Waziristan,43,0.5857,8.889,65.2555,693332,1000.0,1.0,4707.0,0.2,38,59,0,0.5480779770730329,0.8509631749291825,0.0,0.1009617326187165,0.7355783376506494,0.0144231046598166,1.7286,4.0,9.6702,8.6018,55.813,65.7314,2.104766666666667,2.06108,9.053666666666668,10.82666,62.26663333333333,61.1974,0.0144231046598166,0.05237749019842139
2024,North Waziristan,44,0.1,10.0154,53.6065,693332,1000.0,1.0,4707.0,0.2,7,51,1,0.1009617326187165,0.7355783376506494,0.0144231046598166,0.0,0.2894369233159722,0.0,0.5857,1.7286,8.889,9.6702,65.2555,55.813,0.8047666666666666,1.93536,9.524866666666666,9.84808,58.225,58.82719999999999,0.0,0.046244150666496564
2025,North Waziristan,37,0.9143,15.0259,75.4609,656447,1000.0,1.0,4707.0,0.2,0,46,16,0.0,0.7007420248702485,0.2437363564766081,1.2948493937819807,0.5179397575127924,0.5179397575127924,2.5571,4.8429,13.9065,15.511,79.2088,82.7543,2.771433333333333,2.72858,14.814466666666666,15.7777,79.14133333333334,78.6564,0.5179397575127924,0.14739094951007037
2025,North Waziristan,38,0.3571,13.7648,71.5011,656447,1000.0,1.0,4707.0,0.2,85,34,34,1.2948493937819807,0.5179397575127924,0.5179397575127924,1.218681782383041,0.5331732797925803,0.2894369233159722,0.9143,2.5571,15.0259,13.9065,75.4609,79.2088,1.2761666666666664,2.29142,14.232399999999998,15.19496,75.39026666666666,77.57274,0.2894369233159722,0.21610611562940413
2025,North Waziristan,39,1.1714,13.5166,59.2119,656447,1000.0,1.0,4707.0,0.2,80,35,19,1.218681782383041,0.5331732797925803,0.2894369233159722,1.416717572020285,0.6398079357510964,0.2132693119170321,0.3571,0.9143,13.7648,15.0259,71.5011,75.4609,0.8142666666666664,1.96856,14.102433333333332,14.34496,68.72463333333333,73.6274,0.2132693119170321,0.1714115369604812
2025,North Waziristan,40,3.1429,11.1687,61.4109,656447,1000.0,1.0,4707.0,0.2,93,42,14,1.416717572020285,0.6398079357510964,0.2132693119170321,1.7975556290149852,0.5941073689117324,0.3199039678755482,1.1714,0.3571,13.5166,13.7648,59.2119,71.5011,1.557133333333333,1.6285600000000002,12.8167,13.476499999999998,64.0413,69.35871999999999,0.3199039678755482,0.13866760969944003
2025,North Waziristan,41,1.3286,6.1029,68.1418,656447,1000.0,1.0,4707.0,0.2,118,39,21,1.7975556290149852,0.5941073689117324,0.3199039678755482,1.6452204062171052,0.3656045347149122,0.4265386238340642,3.1429,1.1714,11.1687,13.5166,61.4109,59.2119,1.8809666666666665,1.38286,10.262733333333331,11.91578,62.92153333333334,67.14532,0.4265386238340642,0.18164149879448593
2025,North Waziristan,42,0.5,10.1309,52.5082,656447,1000.0,1.0,4707.0,0.2,108,24,28,1.6452204062171052,0.3656045347149122,0.4265386238340642,1.7975556290149852,0.3656045347149122,0.1980357896372441,1.3286,3.1429,6.1029,11.1687,68.1418,61.4109,1.6571666666666662,1.3,9.134166666666667,10.93678,60.68696666666667,62.55478000000001,0.1980357896372441,0.2163642797831047
2025,North Waziristan,43,1.6571,7.2756,52.8147,656447,1000.0,1.0,4707.0,0.2,118,24,13,1.7975556290149852,0.3656045347149122,0.1980357896372441,1.8432561958543487,1.4624181388596489,0.3808380569947002,0.5,1.3286,10.1309,6.1029,52.5082,68.1418,1.1618999999999997,1.56,7.836466666666667,9.638940000000002,57.82156666666668,58.81750000000001,0.3808380569947002,0.17076414117893995
2024,Nowshera,37,6.3923,27.8239,76.5358,1740705,280.0,2.0,1748.0,0.65,216,1743,9,1.2408765414013287,10.01318431325239,0.051703189,1.8383356168908571,9.289339664101616,0.057447988,9.5714,8.3333,27.6782,28.1419,79.7942,76.0824,8.099,7.696540000000001,27.88133333333333,28.33768,77.4708,77.90208,0.057447988,0.10899217676719059
2024,Nowshera,38,0.0,28.4371,63.8286,1740705,280.0,2.0,1748.0,0.65,320,1617,10,1.8383356168908571,9.289339664101616,0.057447988,1.9302523977354005,8.990610126,0.0459583904222714,6.3923,9.5714,27.8239,27.6782,76.5358,79.7942,5.321233333333333,6.27654,27.97973333333333,28.1915,73.38619999999999,74.57834,0.0459583904222714,0.11973885888461291
2024,Nowshera,39,13.3,28.1359,73.0862,1740705,280.0,2.0,1748.0,0.65,336,1565,8,1.9302523977354005,8.990610126,0.0459583904222714,1.9130180013270488,8.186338294,0.0459583904222714,0.0,6.3923,28.4371,27.8239,63.8286,76.5358,6.5641,7.519399999999999,28.1323,28.0434,71.1502,73.86544,0.0459583904222714,0.11591667548796272
2024,Nowshera,40,1.025,26.4459,65.3166,1740705,280.0,2.0,1748.0,0.65,333,1425,8,1.9130180013270488,8.186338294,0.0459583904222714,1.8268460192852896,7.163764107,0.0459583904222714,13.3,0.0,28.1359,28.4371,73.0862,63.8286,4.775,6.05774,27.672966666666667,27.704200000000004,67.41046666666666,71.71227999999999,0.0459583904222714,0.11621556130803781
2024,Nowshera,41,0.4429,24.1648,56.3268,1740705,280.0,2.0,1748.0,0.65,318,1247,8,1.8268460192852896,7.163764107,0.0459583904222714,2.125575557030054,7.772712780166656,0.063192787,1.025,13.3,26.4459,28.1359,65.3166,73.0862,4.922633333333333,4.23204,26.248866666666668,27.00152,64.90986666666666,67.0188,0.063192787,0.1326961900064561
2024,Nowshera,42,0.0,24.2496,63.2351,1740705,280.0,2.0,1748.0,0.65,370,1353,11,2.125575557030054,7.772712780166656,0.063192787,1.8498252144964251,7.272915284324455,0.068937586,0.4429,1.025,24.1648,26.4459,56.3268,65.3166,0.4892999999999994,2.95358,24.953433333333333,26.28666,61.626166666666656,64.35866,0.068937586,0.13925735466564698
2024,Nowshera,43,0.5,23.724,61.6993,1740705,280.0,2.0,1748.0,0.65,322,1266,12,1.8498252144964251,7.272915284324455,0.068937586,1.125980565,6.905248160946284,0.063192787,0.0,0.4429,24.2496,24.1648,63.2351,56.3268,0.3142999999999994,3.05358,24.046133333333334,25.34404,60.4204,63.9328,0.063192787,0.12959531698598048
2024,Nowshera,44,0.3857,21.3511,79.0452,1740705,280.0,2.0,1748.0,0.65,196,1202,11,1.125980565,6.905248160946284,0.063192787,0.0,0.2016185061812419,0.0,0.5,0.0,23.724,24.2496,61.6993,63.2351,0.2952333333333327,0.47072,23.10823333333333,23.98708,67.99319999999999,65.1246,0.0,0.04778756816318569
2025,Nowshera,37,1.1,29.699,70.8899,1835149,280.0,2.0,1748.0,0.65,53,2805,16,0.2888048872325898,15.284862428064423,0.087186381,4.239437778621791,14.712701802414951,0.070838935,1.4571,21.3286,28.1311,28.1374,74.2469,79.6345,7.9619,7.562840000000001,28.655833333333337,29.195,74.92376666666667,75.93482,0.070838935,0.14227777853149987
2025,Nowshera,38,1.4857,29.0448,67.9318,1835149,280.0,2.0,1748.0,0.65,778,2700,13,4.239437778621791,14.712701802414951,0.070838935,4.6917171303256575,15.050549028988929,0.098084679,1.1,1.4571,29.699,28.1311,70.8899,74.2469,1.3476,6.788560000000001,28.958300000000005,28.99446,71.02286666666666,74.45863999999999,0.098084679,0.1381154895908754
2025,Nowshera,39,0.5857,28.696,61.682,1835149,280.0,2.0,1748.0,0.65,861,2762,18,4.6917171303256575,15.050549028988929,0.098084679,4.026920975,12.58208461547264,0.076288083,1.4857,1.1,29.0448,29.699,67.9318,70.8899,1.0571333333333337,5.19142,29.146600000000003,28.741660000000003,66.83456666666666,70.87701999999999,0.076288083,0.15700067057162415
2025,Nowshera,40,3.4714,25.7329,69.3424,1835149,280.0,2.0,1748.0,0.65,739,2309,14,4.026920975,12.58208461547264,0.076288083,3.443862051528241,12.783703121653884,0.1035338274984756,0.5857,1.4857,28.696,29.0448,61.682,67.9318,1.8476,1.61998,27.82456666666667,28.26076,66.31873333333333,68.81859999999999,0.1035338274984756,0.14260253104125303
2025,Nowshera,41,1.8714,21.577,60.7371,1835149,280.0,2.0,1748.0,0.65,632,2346,19,3.443862051528241,12.783703121653884,0.1035338274984756,2.6264897291718547,13.753651610850126,0.043593191,3.4714,0.5857,25.7329,28.696,69.3424,61.682,1.9761666666666668,1.7028399999999997,25.335300000000004,26.949940000000005,63.92049999999998,66.11663999999999,0.043593191,0.1376344823729796
2025,Nowshera,42,0.0,23.9302,63.5221,1835149,280.0,2.0,1748.0,0.65,482,2524,8,2.6264897291718547,13.753651610850126,0.043593191,2.6264897291718547,13.753651610850126,0.0599406369728016,1.8714,3.4714,21.577,25.7329,60.7371,69.3424,1.7809333333333337,1.48284,23.746700000000004,25.796180000000003,64.53386666666665,64.64308,0.0599406369728016,0.13829103140899396
2025,Nowshera,43,0.0,22.7686,55.0062,1835149,280.0,2.0,1748.0,0.65,482,2524,11,2.6264897291718547,13.753651610850126,0.0599406369728016,1.999837615365292,12.859991205073811,0.1253304227613125,0.0,1.8714,23.9302,21.577,63.5221,60.7371,0.6238,1.1857,22.7586,24.54094,59.755133333333326,62.05796,0.1253304227613125,0.1433123089474589
2024,Nushki,37,0.0,28.9427,12.3892,207834,900.0,0.0,5797.0,0.2,24,183,0,1.1547677473368168,8.805104073443228,0.0,9.815525852362944,0.3849225824456057,0.0,0.0,0.6778,30.7729,30.555,15.978,31.5602,0.2259333333333333,0.55556,30.0902,30.97512,19.9758,25.75394,0.0,0.2246586913283375
2024,Nushki,39,0.0,30.1208,15.8257,207834,900.0,0.0,5797.0,0.2,204,8,0,9.815525852362944,0.3849225824456057,0.0,0.5292685508627077,0.5773838736684084,0.3368072596399049,0.0,0.0,28.9427,30.7729,12.3892,15.978,0.0,0.16698,29.945466666666665,30.15464,14.730966666666667,21.42512,0.3368072596399049,0.10425981322428929
2024,Nushki,41,0.0143,23.7979,22.7966,207834,900.0,0.0,5797.0,0.2,11,12,7,0.5292685508627077,0.5773838736684084,0.3368072596399049,1.3953443613653205,0.817960488,0.0,0.0,0.0,30.1208,28.9427,15.8257,12.3892,0.004766667,0.13842,27.62046666666667,28.83786,17.003833333333333,19.70994,0.0,0.19498026441719693
2024,Nushki,42,0.0,24.3964,15.2869,207834,900.0,0.0,5797.0,0.2,29,17,0,1.3953443613653205,0.817960488,0.0,2.935034691147743,1.635920975393824,0.0,0.0143,0.0,23.7979,30.1208,22.7966,15.8257,0.004766667,0.00286,26.10503333333333,27.60614,17.969733333333334,16.45528,0.0,0.19899103252145917
2024,Orakzai,37,1.5385,24.0084,73.1869,387561,1200.0,0.0,1538.0,0.2,3,4,1,0.077407169,0.1032095592693795,0.02580239,1.109502762,0.4644430167122079,0.0,3.9,3.3111,23.8421,24.1121,79.159,77.1597,2.9165333333333323,4.04706,23.98753333333333,24.41276,76.50186666666666,77.99137999999999,0.0,0.04631217364683771
2024,Orakzai,38,0.0143,25.2808,48.5298,387561,1200.0,0.0,1538.0,0.2,43,18,0,1.109502762,0.4644430167122079,0.0,0.3096286778081386,0.6192573556162773,0.0,1.5385,3.9,24.0084,23.8421,73.1869,79.159,1.8176,2.3642,24.3771,24.37002,66.95856666666667,71.14232000000001,0.0,0.045873090878680384
2024,Orakzai,39,1.4714,25.4876,62.986,387561,1200.0,0.0,1538.0,0.2,12,24,0,0.3096286778081386,0.6192573556162773,0.0,0.6966645250683118,0.7224669148856566,0.3870358472601732,0.0143,1.5385,25.2808,24.0084,48.5298,73.1869,1.008066666666666,2.04706,24.925600000000003,24.5462,61.56756666666666,68.20428000000001,0.3870358472601732,0.053845510158873344
2024,Orakzai,40,0.8,24.1349,46.904,387561,1200.0,0.0,1538.0,0.2,27,28,15,0.6966645250683118,0.7224669148856566,0.3870358472601732,0.4128382370775181,0.2580238981734488,0.0,1.4714,0.0143,25.4876,25.2808,62.986,48.5298,0.7618999999999995,1.5448400000000002,24.967766666666662,24.55076,52.8066,62.15314000000001,0.0,0.14540874883735477
2024,Orakzai,41,0.7571,21.1224,46.668,387561,1200.0,0.0,1538.0,0.2,16,10,0,0.4128382370775181,0.2580238981734488,0.0,0.5676525759815875,1.9093768464835212,0.0,0.8,1.4714,24.1349,25.4876,46.904,62.986,1.0094999999999994,0.91626,23.581633333333333,24.00682,52.186,55.65494,0.0,0.06748941478263559
2024,Orakzai,42,0.0,21.8683,42.5263,387561,1200.0,0.0,1538.0,0.2,22,74,0,0.5676525759815875,1.9093768464835212,0.0,0.9030836436070708,3.947765642053767,0.02580239,0.7571,0.8,21.1224,24.1349,46.668,46.904,0.5190333333333328,0.60856,22.3752,23.5788,45.3661,49.52282,0.02580239,0.09530153330861235
2024,Orakzai,43,0.5286,20.4489,53.0769,387561,1200.0,0.0,1538.0,0.2,35,153,1,0.9030836436070708,3.947765642053767,0.02580239,0.5676525759815875,3.3543106762548347,0.02580239,0.0,0.7571,21.8683,21.1224,42.5263,46.668,0.428566666666666,0.71142,21.14653333333333,22.61242,47.42373333333334,50.43224,0.02580239,0.08919643772165325
2024,Orakzai,44,0.0286,18.6132,64.8508,387561,1200.0,0.0,1538.0,0.2,22,130,1,0.5676525759815875,3.3543106762548347,0.02580239,0.0,0.423360374,0.0,0.5286,0.0,20.4489,21.8683,53.0769,42.5263,0.1857333333333327,0.42286,20.31013333333333,21.23754,53.48466666666667,50.8052,0.0,0.033846543269058754
2025,Orakzai,37,0.3571,26.6543,61.7902,307067,1200.0,0.0,1538.0,0.2,6,101,0,0.1953970957478335,3.289184445088531,0.0,0.9769854787391676,2.4424636968479194,0.0,3.7429,10.4714,24.4126,25.0733,70.6997,77.0366,4.857133333333333,4.66286,25.380066666666664,26.54552,69.84216666666667,67.81548000000001,0.0,0.06083188205019863
2025,Orakzai,38,1.3,25.6537,60.7526,307067,1200.0,0.0,1538.0,0.2,30,75,0,0.9769854787391676,2.4424636968479194,0.0,0.6838898351174174,3.549713906085642,0.0,0.3571,3.7429,26.6543,24.4126,61.7902,70.6997,1.7999999999999996,3.96286,25.57353333333333,26.07278,64.41416666666667,67.1163,0.0,0.07975153046726333
2025,Orakzai,39,0.6714,24.8439,52.8297,307067,1200.0,0.0,1538.0,0.2,21,109,0,0.6838898351174174,3.549713906085642,0.0,1.628309131231946,2.6704269752203915,0.0,1.3,0.3571,25.6537,26.6543,60.7526,61.7902,0.7761666666666661,3.30856,25.7173,25.32756,58.4575,64.62176000000001,0.0,0.0989249186590094
2025,Orakzai,40,2.5429,22.4903,58.0011,307067,1200.0,0.0,1538.0,0.2,50,82,0,1.628309131231946,2.6704269752203915,0.0,0.7815883829913342,1.726007679105863,0.0,0.6714,1.3,24.8439,25.6537,52.8297,60.7526,1.504766666666666,1.72286,24.3293,24.81096,57.19446666666667,60.81466,0.0,0.06834103747221243
2025,Orakzai,41,0.8286,17.5921,57.1428,307067,1200.0,0.0,1538.0,0.2,24,53,0,0.7815883829913342,1.726007679105863,0.0,0.6513236524927785,1.4003458528594737,0.0,2.5429,0.6714,22.4903,24.8439,58.0011,52.8297,1.3476333333333328,1.14,21.6421,23.44686,55.9912,58.10328,0.0,0.05728886194349894
2025,Orakzai,42,0.0,20.5403,49.4958,307067,1200.0,0.0,1538.0,0.2,20,43,0,0.6513236524927785,1.4003458528594737,0.0,0.423360374,1.4003458528594737,0.0,0.8286,2.5429,17.5921,22.4903,57.1428,58.0011,1.1238333333333328,1.06858,20.207566666666665,22.22406,54.8799,55.644400000000005,0.0,0.060909674387759905
2025,Orakzai,43,0.0143,19.3686,40.0982,307067,1200.0,0.0,1538.0,0.2,13,43,0,0.423360374,1.4003458528594737,0.0,0.5536251046188617,2.865824070968225,0.0,0.0,0.8286,20.5403,17.5921,49.4958,57.1428,0.2809666666666661,0.8114399999999999,19.167,20.96704,48.91226666666666,51.51351999999999,0.0,0.08985818902049428
2024,Panjgur,37,0.0,28.3089,29.9373,509781,900.0,0.0,16891.0,0.2,316,248,27,6.198740243359404,4.864834115041557,0.5296391980085566,6.081042643801946,5.355240779864295,0.7061855973447422,0.0,0.1333,28.9504,29.2317,46.0558,39.1735,0.044433333,0.39238,28.83033333333334,28.31366,38.388866666666665,48.4021,0.7061855973447422,0.37547700705782117
2024,Panjgur,38,0.0,29.5362,40.5762,509781,900.0,0.0,16891.0,0.2,310,273,36,6.081042643801946,5.355240779864295,0.7061855973447422,5.590635978979209,6.983390907075783,0.0588488,0.0,0.0,28.3089,28.9504,29.9373,46.0558,0.0,0.34666,28.931833333333334,28.60076,38.856433333333335,43.51134,0.0588488,0.47621178595978686
2024,Panjgur,39,0.0,28.8385,37.9466,509781,900.0,0.0,16891.0,0.2,285,356,3,5.590635978979209,6.983390907075783,0.0588488,2.550114657078236,4.962915448006105,0.4904066648227376,0.0,0.0,29.5362,28.3089,40.5762,29.9373,0.0,0.02666,28.89453333333334,28.97314,36.15336666666666,38.73788,0.4904066648227376,0.15581765804084816
2024,Panjgur,40,0.0125,28.4438,41.3822,509781,900.0,0.0,16891.0,0.2,130,253,25,2.550114657078236,4.962915448006105,0.4904066648227376,2.7070447898215115,5.217926913713929,0.5492554646014661,0.0,0.0,28.8385,29.5362,37.9466,40.5762,0.004166667,0.0025,28.9395,28.81556,39.96833333333333,39.17961999999999,0.5492554646014661,0.307635297337935
2024,Panjgur,41,0.0143,25.9329,27.8778,509781,900.0,0.0,16891.0,0.2,138,266,28,2.7070447898215115,5.217926913713929,0.5492554646014661,2.726661056414421,4.531357582962095,0.4511741316369186,0.0125,0.0,28.4438,28.8385,41.3822,37.9466,0.008933333,0.00536,27.7384,28.21206,35.73553333333333,35.54402,0.4511741316369186,0.3396345703336424
2024,Panjgur,42,0.0571,25.2888,27.7807,509781,900.0,0.0,16891.0,0.2,139,231,23,2.726661056414421,4.531357582962095,0.4511741316369186,4.217497317475544,2.1577893252200453,0.0,0.0143,0.0125,25.9329,28.4438,27.8778,41.3822,0.0279666666666666,0.01678,26.55516666666667,27.60804,32.3469,35.112700000000004,0.0,0.3118667630578277
2024,Panjgur,43,0.0,25.3394,36.5472,509781,900.0,0.0,16891.0,0.2,215,110,0,4.217497317475544,2.1577893252200453,0.0,3.766323185838625,2.962056255529335,0.0,0.0571,0.0143,25.2888,25.9329,27.7807,27.8778,0.0238,0.01678,25.52036666666667,26.76868,30.735233333333337,34.3069,0.0,0.19596844026074026
2024,Panjgur,44,0.0,23.1644,34.6049,509781,900.0,0.0,16891.0,0.2,192,151,0,3.766323185838625,2.962056255529335,0.0,0.1832360001151769,1.6753005724816177,0.0,0.0,0.0571,25.3394,25.2888,36.5472,27.7807,0.0190333333333333,0.01678,24.59753333333333,25.63386,32.977599999999995,33.63856,0.0,0.08962359413230087
2025,Panjgur,37,0.2571,27.3918,59.2945,382021,900.0,0.0,16891.0,0.2,149,41,0,3.9003091453087655,1.073239429246036,0.0,0.4711782860104549,1.4135348580313647,0.0,0.0,0.0,30.9954,31.0838,51.8453,40.8899,0.0857,0.0657,29.82366666666667,30.35996,50.676566666666666,48.45682,0.0,0.08035839773129094
2025,Panjgur,38,0.0,28.8135,38.0776,382021,900.0,0.0,16891.0,0.2,18,54,0,0.4711782860104549,1.4135348580313647,0.0,6.727378861371495,2.6700102873925777,0.0,0.2571,0.0,27.3918,30.9954,59.2945,51.8453,0.0857,0.05142,29.066900000000004,29.93204,49.739133333333335,45.97288,0.0,0.18382749588393363
2025,Panjgur,39,0.0,28.7412,40.1992,382021,900.0,0.0,16891.0,0.2,257,102,0,6.727378861371495,2.6700102873925777,0.0,3.952662288198817,2.4344211443873505,0.0,0.0,0.2571,28.8135,27.3918,38.0776,59.2945,0.0857,0.05142,28.315500000000004,29.40514,45.8571,46.0613,0.0,0.18320463535175774
2025,Panjgur,40,0.0,27.1537,23.7377,382021,900.0,0.0,16891.0,0.2,151,93,0,3.952662288198817,2.4344211443873505,0.0,2.277361715717199,1.6229474295915671,0.0,0.0,0.0,28.7412,28.8135,40.1992,38.0776,0.0,0.05142,28.23613333333334,28.61912,34.00483333333333,42.63086,0.0,0.1426556090842796
2025,Panjgur,41,0.0,22.468,40.7853,382021,900.0,0.0,16891.0,0.2,87,62,0,2.277361715717199,1.6229474295915671,0.0,2.3558914300522744,1.4658880009214152,0.0,0.0,0.0,27.1537,28.7412,23.7377,40.1992,0.0,0.05142,26.12096666666667,26.91364,34.9074,40.41886,0.0,0.13880889497241736
2024,Peshawar,37,4.0846,27.4626,74.0347,4758762,330.0,0.0,1257.0,0.75,104,3557,58,0.2185442348240992,7.474633108358854,0.1218804386519014,0.166009562991383,6.919866973805372,0.03362219,7.5571,5.8889,27.1207,27.6253,79.4233,76.0556,5.843533333333333,6.48326,27.402866666666664,27.80916,76.50453333333333,77.2994,0.03362219,0.0981809136256325
2024,Peshawar,38,0.0,28.0421,61.8818,4758762,330.0,0.0,1257.0,0.75,79,3293,16,0.166009562991383,6.919866973805372,0.03362219,0.1996317529643214,6.7454518633207545,0.023115256,4.0846,7.5571,27.4626,27.1207,74.0347,79.4233,3.8805666666666663,4.431839999999999,27.5418,27.70964,71.77993333333333,73.56356,0.023115256,0.09034758253084596
2024,Peshawar,39,3.9714,28.3076,68.4044,4758762,330.0,0.0,1257.0,0.75,95,3210,11,0.1996317529643214,6.7454518633207545,0.023115256,0.1534012417515311,6.241119013726679,0.010506934,0.0,4.0846,28.0421,27.4626,61.8818,74.0347,2.6853333333333325,4.3004,27.93743333333333,27.71166,68.10696666666666,71.95996,0.010506934,0.08924841881777457
2024,Peshawar,40,1.0125,26.5851,60.9389,4758762,330.0,0.0,1257.0,0.75,73,2970,5,0.1534012417515311,6.241119013726679,0.010506934,0.1975303660910127,5.749394485372457,0.03362219,3.9714,0.0,28.3076,28.0421,68.4044,61.8818,1.6612999999999996,3.32512,27.64493333333333,27.50362,63.7417,68.93661999999999,0.03362219,0.08018555625044413
2024,Peshawar,41,0.4571,24.1046,55.162,4758762,330.0,0.0,1257.0,0.75,94,2736,16,0.1975303660910127,5.749394485372457,0.03362219,0.1597054023714571,5.991053976,0.008405547,1.0125,3.9714,26.5851,28.3076,60.9389,68.4044,1.813666666666666,1.90512,26.33243333333333,26.9004,61.50176666666666,64.08435999999999,0.008405547,0.09417407349511045
2024,Peshawar,42,0.0,24.4201,57.8721,4758762,330.0,0.0,1257.0,0.75,76,2851,4,0.1597054023714571,5.991053976,0.008405547,0.1996317529643214,5.768306967232234,0.0441291243394815,0.4571,1.0125,24.1046,26.5851,55.162,60.9389,0.489866666666666,1.0882,25.036600000000004,26.2919,57.99100000000001,60.85184,0.0441291243394815,0.09438211842821445
2024,Peshawar,43,0.2714,23.6505,58.5717,4758762,330.0,0.0,1257.0,0.75,95,2745,21,0.1996317529643214,5.768306967232234,0.0441291243394815,0.1386915336383706,4.858406451,0.048331898,0.0,0.4571,24.4201,24.1046,57.8721,55.162,0.2428333333333327,1.14248,24.0584,25.413580000000003,57.201933333333336,60.18982,0.048331898,0.09447898661541476
2024,Peshawar,44,0.3429,22.0186,69.0439,4758762,330.0,0.0,1257.0,0.75,66,2312,23,0.1386915336383706,4.858406451,0.048331898,0.0,0.071692866,0.0,0.2714,0.0,23.6505,24.4201,58.5717,57.8721,0.204766666666666,0.41678,23.36306666666667,24.15578,61.82923333333333,60.31772,0.0,0.04499351562898446
2025,Peshawar,37,0.0714,30.0722,66.6531,5160904,330.0,0.0,1257.0,0.75,461,5069,15,0.8932543600888526,9.82192267091192,0.0290646754909604,0.1569492476511866,9.550652366,0.3933419416443321,2.2429,9.5571,27.4344,27.3002,77.2184,82.2839,3.9571333333333327,4.43142,28.268933333333333,28.63832,75.38513333333333,76.91936000000001,0.3933419416443321,0.09245922350959168
2025,Peshawar,38,0.6429,29.6374,61.3572,5160904,330.0,0.0,1257.0,0.75,81,4929,203,0.1569492476511866,9.550652366,0.3933419416443321,0.1569492476511866,9.779294480191842,0.2422056290913375,0.0714,2.2429,30.0722,27.4344,66.6531,77.2184,0.9857333333333336,3.87714,29.048,28.66446,68.40956666666666,74.02068,0.2422056290913375,0.2790672278319627
2025,Peshawar,39,0.3,28.5564,64.0743,5160904,330.0,0.0,1257.0,0.75,81,5047,125,0.1569492476511866,9.779294480191842,0.2422056290913375,0.1259469271274955,8.746529677746379,0.2092656635349156,0.6429,0.0714,29.6374,30.0722,61.3572,66.6531,0.3381,2.56286,29.422,28.60012,64.02819999999998,70.31738,0.2092656635349156,0.19080305241549866
2025,Peshawar,40,1.8143,25.8743,67.073,5160904,330.0,0.0,1257.0,0.75,65,4514,108,0.1259469271274955,8.746529677746379,0.2092656635349156,0.1278845721602262,8.634146265847999,0.1511363125529946,0.3,0.6429,28.5564,29.6374,64.0743,61.3572,0.9190666666666668,1.0143,28.0227,28.31494,64.16816666666666,67.2752,0.1511363125529946,0.17724810897212154
2025,Peshawar,41,0.9857,21.5763,60.5702,5160904,330.0,0.0,1257.0,0.75,66,4456,78,0.1278845721602262,8.634146265847999,0.1511363125529946,0.1705127628803016,8.822097834022877,0.193764503,1.8143,0.3,25.8743,28.5564,67.073,64.0743,1.0333333333333332,0.7628600000000001,25.33566666666667,27.14332,63.90583333333333,63.94556,0.193764503,0.11998590995595065
2025,Peshawar,42,0.0,24.4252,61.1154,5160904,330.0,0.0,1257.0,0.75,88,4553,100,0.1705127628803016,8.822097834022877,0.193764503,0.1143210569311112,8.634146265847999,0.001937645,0.9857,1.8143,21.5763,25.8743,60.5702,67.073,0.9333333333333332,0.7485799999999999,23.9586,26.01392,62.91953333333333,62.83801999999999,0.001937645,0.17774119740470845
2025,Peshawar,43,0.0,23.1731,53.866,5160904,330.0,0.0,1257.0,0.75,59,4456,1,0.1143210569311112,8.634146265847999,0.001937645,0.1569492476511866,9.550652366,0.083318736,0.0,0.9857,24.4252,21.5763,61.1154,60.5702,0.3285666666666666,0.6199999999999999,23.0582,24.72106,58.5172,61.33978,0.083318736,0.11273652968356482
2024,Pishin,37,0.0,25.0023,17.2304,835482,1550.0,0.0,6218.0,0.2,38,202,27,0.4548272733583728,2.4177660320629286,0.3231667468598965,2.465642587153284,0.7899631589908579,0.0,0.0714,1.1444,26.5617,26.711,25.0998,42.3134,0.4052666666666666,0.24888,26.09166666666667,27.058119999999995,28.21453333333333,32.40774,0.0,0.25133886817923456
2024,Pishin,39,0.0,26.0051,21.1735,835482,1550.0,0.0,6218.0,0.2,206,66,0,2.465642587153284,0.7899631589908579,0.0,5.733217472070015,0.6942100488101479,0.4667964121309615,0.0,0.0714,25.0023,26.5617,17.2304,25.0998,0.0238,0.2431599999999999,25.856366666666663,26.298119999999997,21.1679,28.072040000000005,0.4667964121309615,0.2513378686974596
2024,Pishin,41,0.0429,18.9888,27.9753,835482,1550.0,0.0,6218.0,0.2,479,58,39,5.733217472070015,0.6942100488101479,0.4667964121309615,4.021630627589822,0.6343643549472041,0.7779940202182692,0.0,0.0,26.0051,25.0023,21.1735,17.2304,0.0143,0.2517399999999999,23.332066666666663,24.65378,22.1264,26.75848,0.7779940202182692,0.33074611081937566
2024,Pishin,42,0.0,19.4215,19.5741,835482,1550.0,0.0,6218.0,0.2,336,53,65,4.021630627589822,0.6343643549472041,0.7779940202182692,0.4787655509035503,4.045568905,0.0,0.0429,0.0,18.9888,26.0051,27.9753,21.1735,0.0143,0.0228599999999999,21.4718,23.19588,22.907633333333337,22.21062,0.0,0.43028044047567526
2024,Pishin,43,0.0,19.795,31.4899,835482,1550.0,0.0,6218.0,0.2,40,338,0,0.4787655509035503,4.045568905,0.0,2.5135191422436387,5.529742112936006,0.0119691387725887,0.0,0.0429,19.4215,18.9888,19.5741,27.9753,0.0143,0.00858,19.401766666666663,21.84254,26.346433333333334,23.48864,0.0119691387725887,0.2455054396860724
2024,Pishin,44,0.0,18.6117,28.7438,835482,1550.0,0.0,6218.0,0.2,210,462,1,2.5135191422436387,5.529742112936006,0.0119691387725887,0.4383160123582638,0.4270771402465134,0.0,0.0,0.0,19.795,19.4215,31.4899,19.5741,0.0,0.00858,19.276066666666665,20.56442,26.6026,25.791319999999995,0.0,0.15474071715351714
2025,Pishin,37,0.0,26.4188,41.7497,889769,1550.0,0.0,6218.0,0.2,59,497,38,0.6630934545932708,5.585719439539925,0.4270771402465134,0.4832715008052651,5.967841091339438,0.033716616,0.0,0.0,24.8825,28.1617,27.0435,39.1176,0.0,0.00286,26.487666666666662,27.71246,35.97026666666667,35.75332,0.033716616,0.30981501271878875
2025,Pishin,38,0.0,23.8313,17.7026,889769,1550.0,0.0,6218.0,0.2,43,531,3,0.4832715008052651,5.967841091339438,0.033716616,0.5282269892522666,5.169881171405163,0.089910977,0.0,0.0,26.4188,24.8825,41.7497,27.0435,0.0,0.0,25.0442,26.6965,28.83193333333333,32.30698,0.089910977,0.2092729915557503
2025,Pishin,39,0.0,24.1307,16.6026,889769,1550.0,0.0,6218.0,0.2,47,460,8,0.5282269892522666,5.169881171405163,0.089910977,0.3484050354642609,4.675370798488147,0.0,0.0,0.0,23.8313,26.4188,17.7026,41.7497,0.0,0.0,24.7936,25.485000000000003,25.351633333333336,28.4432,0.0,0.19809971001094376
2025,Pishin,40,0.0,21.7242,25.0349,889769,1550.0,0.0,6218.0,0.2,31,416,0,0.3484050354642609,4.675370798488147,0.0,0.3484050354642609,4.304488018800385,0.1236275932292538,0.0,0.0,24.1307,23.8313,16.6026,17.7026,0.0,0.0,23.22873333333333,24.1975,19.78003333333333,25.62666,0.1236275932292538,0.19763804272301583
2025,Pishin,41,0.0,15.9706,20.4331,889769,1550.0,0.0,6218.0,0.2,31,383,11,0.3484050354642609,4.304488018800385,0.1236275932292538,0.4945103729170155,5.035014706064159,0.089910977,0.0,0.0,21.7242,24.1307,25.0349,16.6026,0.0,0.0,20.6085,22.41512,20.6902,24.30458,0.089910977,0.2057233388116731
2025,Pishin,42,0.0,18.1715,17.8847,889769,1550.0,0.0,6218.0,0.2,44,448,8,0.4945103729170155,5.035014706064159,0.089910977,0.5507047334757673,4.270771402465134,0.0112388721117503,0.0,0.0,15.9706,21.7242,20.4331,25.0349,0.0,0.0,18.6221,20.76566,21.117566666666665,19.53158,0.0112388721117503,0.2026626271829797
2025,Pishin,43,0.0,17.0956,20.9359,889769,1550.0,0.0,6218.0,0.2,49,380,1,0.5507047334757673,4.270771402465134,0.0112388721117503,0.3371661633525106,2.708568178931835,0.067433233,0.0,0.0,18.1715,15.9706,17.8847,20.4331,0.0,0.0,17.079233333333335,19.41852,19.75123333333333,20.17824,0.067433233,0.179563446032047
2024,Quetta,37,0.0,24.2275,24.8055,2595492,1680.0,0.0,3447.0,0.75,13,332,23,0.050086843,1.2791409104709242,0.088615184,0.1232906901658722,0.6858044640476643,0.030822672541468,0.0857,2.3222,24.9587,24.3681,39.6609,58.5464,0.8026333333333334,0.61016,24.5181,25.29066,41.004266666666666,46.34006,0.030822672541468,0.07838271617207085
2024,Quetta,38,0.0,24.8679,27.8751,2595492,1680.0,0.0,3447.0,0.75,32,178,8,0.1232906901658722,0.6858044640476643,0.030822672541468,1.3677560940276448,0.2696983847378454,0.023117004,0.0,0.0857,24.2275,24.9587,24.8055,39.6609,0.0285666666666666,0.50444,24.684700000000003,24.80482,30.7805,40.2103,0.023117004,0.10758355551434617
2024,Quetta,39,0.0,25.292,30.2853,2595492,1680.0,0.0,3447.0,0.75,355,70,6,1.3677560940276448,0.2696983847378454,0.023117004,3.005210572793135,2.138322907564346,0.061645345,0.0,0.0,24.8679,24.2275,27.8751,24.8055,0.0,0.48158,24.7958,24.74284,27.6553,36.23464,0.061645345,0.19178216424335381
2024,Quetta,40,0.3,22.5451,33.3204,2595492,1680.0,0.0,3447.0,0.75,780,555,16,3.005210572793135,2.138322907564346,0.061645345,2.6353385022955185,0.1579661967750237,0.1155850220305051,0.0,0.0,25.292,24.8679,30.2853,27.8751,0.1,0.07714,24.235,24.37824,30.4936,31.18944,0.1155850220305051,0.12873789535733415
2024,Quetta,41,0.3429,19.0099,30.662,2595492,1680.0,0.0,3447.0,0.75,684,41,30,2.6353385022955185,0.1579661967750237,0.1155850220305051,3.5792828488779778,0.2311700440610103,0.023117004,0.3,0.0,22.5451,25.292,33.3204,30.2853,0.2143,0.12858,22.282333333333337,23.18848,31.422566666666665,29.38966,0.023117004,0.16754261165234688
2024,Quetta,42,0.0,19.981,19.2714,2595492,1680.0,0.0,3447.0,0.75,929,60,6,3.5792828488779778,0.2311700440610103,0.023117004,0.1232906901658722,2.3926099560314573,0.0,0.3429,0.3,19.0099,22.5451,30.662,33.3204,0.2143,0.12858,20.512,22.33918,27.751266666666663,28.28284,0.0,0.11591747118515658
2024,Quetta,43,0.0143,19.8304,34.0682,2595492,1680.0,0.0,3447.0,0.75,32,621,0,0.1232906901658722,2.3926099560314573,0.0,0.1078793538951381,3.298025961937081,0.0,0.0,0.3429,19.981,19.0099,19.2714,30.662,0.1190666666666666,0.13144,19.6071,21.33168,28.000533333333333,29.52146,0.0,0.1190434611862213
2024,Quetta,44,0.0,19.4367,27.0639,2595492,1680.0,0.0,3447.0,0.75,28,856,0,0.1078793538951381,3.298025961937081,0.0,0.029074891,0.072687229,0.0,0.0143,0.0,19.8304,19.981,34.0682,19.2714,0.004766667,0.13144,19.749366666666667,20.16062,26.801166666666663,28.87718,0.0,0.06265296235536946
2025,Quetta,37,0.1429,24.6757,55.8224,2751515,1680.0,0.0,3447.0,0.75,31,573,19,0.1126652044419165,2.082489101458651,0.069052867,0.090859036,2.122467077228363,0.0,0.0,0.1571,24.4548,26.5278,33.8071,52.1671,0.1,0.06572,25.21943333333333,26.15354,47.26553333333333,43.08216,0.0,0.08361960765725002
2025,Quetta,38,0.0,23.4944,20.1374,2751515,1680.0,0.0,3447.0,0.75,25,584,0,0.090859036,2.122467077228363,0.0,0.094493397,1.962555174149514,0.0,0.1429,0.0,24.6757,24.4548,55.8224,33.8071,0.047633333,0.06572,24.2083,25.3602,36.58896666666666,40.4252,0.0,0.0944753828611126
2025,Quetta,39,0.0,24.1212,18.1929,2751515,1680.0,0.0,3447.0,0.75,26,540,0,0.094493397,1.962555174149514,0.0,0.05088106,1.7299560423984603,0.0,0.0,0.1429,23.4944,24.6757,20.1374,55.8224,0.047633333,0.06,24.0971,24.65478,31.384233333333334,36.02538,0.0,0.08549360906069228
2025,Quetta,40,0.0,21.667,30.6473,2751515,1680.0,0.0,3447.0,0.75,14,476,0,0.05088106,1.7299560423984603,0.0,0.069052867,1.5264318021162888,0.0,0.0,0.0,24.1212,23.4944,18.1929,20.1374,0.0,0.02858,23.0942,23.682620000000004,22.99253333333333,31.72142,0.0,0.07923315338706502
2025,Quetta,41,0.0,16.09,22.4936,2751515,1680.0,0.0,3447.0,0.75,19,420,0,0.069052867,1.5264318021162888,0.0,0.094493397,1.908039752645361,0.0,0.0,0.0,21.667,24.1212,30.6473,18.1929,0.0,0.02858,20.62606666666667,22.00966,23.777933333333333,29.45872,0.0,0.09100639759377266
2025,Quetta,42,0.0,18.7179,20.1734,2751515,1680.0,0.0,3447.0,0.75,26,525,0,0.094493397,1.908039752645361,0.0,0.098127759,1.6427313679918154,0.003634361,0.0,0.0,16.09,21.667,22.4936,30.6473,0.0,0.0,18.82496666666667,20.8181,24.4381,22.32892,0.003634361,0.0819516584594982
2025,Quetta,43,0.0,17.3108,23.6004,2751515,1680.0,0.0,3447.0,0.75,27,452,1,0.098127759,1.6427313679918154,0.003634361,0.098127759,1.635462645124595,0.0,0.0,0.0,18.7179,16.09,20.1734,22.4936,0.0,0.0,17.3729,19.581380000000003,22.089133333333336,23.02152,0.0,0.08273779428267905
2025,SD Tank,38,0.6286,31.4267,58.0939,604463,620.9389128094725,0.6689989235737352,6279.964208826696,0.3396259418729817,13,22,0,0.2150669271733754,0.3639594152164814,0.0,0.2150669271733754,0.3639594152164814,0.049630829347702,4.0429,10.7857,29.4857,30.3309,66.625,70.0088,5.1524,3.18286,30.41443333333333,31.74726,64.90923333333333,61.55445999999999,0.049630829347702,0.02545598124175738
2025,SD Tank,41,0.3,23.3002,56.0402,604463,620.9389128094725,0.6689989235737352,6279.964208826696,0.3396259418729817,13,22,3,0.2150669271733754,0.3639594152164814,0.049630829347702,0.2150669271733754,0.3639594152164814,0.0,0.6286,4.0429,31.4267,29.4857,58.0939,66.625,1.657166666666667,3.2114400000000005,28.07086666666667,29.65416,60.25303333333333,61.57528,0.0,0.02587264008465226
2024,Sanghar,37,1.3846,29.524,72.7137,2308465,16.0,1.0,10608.0,0.2,4072,1284,18,17.639427065171013,5.562137610923275,0.077973892,19.56711494434613,6.016985312751114,0.1429521348601776,2.5714,13.4889,28.9897,28.6804,78.8068,79.9196,5.814966666666667,4.9547,29.0647,29.49332,77.14670000000001,76.17188000000002,0.1429521348601776,0.1405341767367336
2024,Sanghar,38,0.0,31.334,59.8996,2308465,16.0,1.0,10608.0,0.2,4517,1389,33,19.56711494434613,6.016985312751114,0.1429521348601776,24.704728033563427,7.498489256,0.1689434321074827,1.3846,2.5714,29.524,28.9897,72.7137,78.8068,1.318666666666667,3.78612,29.949233333333336,29.69564,70.47336666666668,73.40026,0.1689434321074827,0.17595924018281
2024,Sanghar,39,0.0,32.3447,59.3159,2308465,16.0,1.0,10608.0,0.2,5703,1731,39,24.704728033563427,7.498489256,0.1689434321074827,20.53312482537097,6.861702473288528,0.2512492067239486,0.0,1.3846,31.334,29.524,59.8996,72.7137,0.4615333333333339,3.4889799999999997,31.067566666666664,30.174560000000003,63.976400000000005,70.13112,0.2512492067239486,0.2303825531609424
2024,Sanghar,40,0.0,31.4337,59.9741,2308465,16.0,1.0,10608.0,0.2,4740,1584,58,20.53312482537097,6.861702473288528,0.2512492067239486,23.77337322,8.312883236263058,0.2425854409748469,0.0,0.0,32.3447,31.334,59.3159,59.8996,0.0,0.7912000000000001,31.70413333333333,30.72522,59.72986666666666,66.14202,0.2425854409748469,0.2846868500340021
2024,Sanghar,41,0.0,31.4498,43.2931,2308465,16.0,1.0,10608.0,0.2,5488,1919,56,23.77337322,8.312883236263058,0.2425854409748469,19.467481638231465,8.966997550320235,0.1689434321074827,0.0,0.0,31.4337,32.3447,59.9741,59.3159,0.0,0.27692,31.742733333333334,31.21724,54.19436666666667,59.03928,0.1689434321074827,0.28654387624461386
2024,Sanghar,42,0.0,31.579,44.9652,2308465,16.0,1.0,10608.0,0.2,4494,2070,39,19.467481638231465,8.966997550320235,0.1689434321074827,20.20390172690511,8.195922398650186,0.3552143957131687,0.0,0.0,31.4498,31.4337,43.2931,59.9741,0.0,0.0,31.4875,31.62824,49.4108,53.48958,0.3552143957131687,0.2284846052074847
2024,Sanghar,43,0.0,31.0281,41.3838,2308465,16.0,1.0,10608.0,0.2,4664,1892,82,20.20390172690511,8.195922398650186,0.3552143957131687,15.187581358175237,6.736077869926553,0.1342883691110759,0.0,0.0,31.579,31.4498,44.9652,43.2931,0.0,0.0,31.3523,31.56706,43.21403333333333,49.78642,0.1342883691110759,0.31246332758998374
2024,Sanghar,44,0.0,29.1465,41.6294,2308465,16.0,1.0,10608.0,0.2,3506,1555,31,15.187581358175237,6.736077869926553,0.1342883691110759,14.452540655310523,7.5801444449806175,0.1568305747237369,0.0,0.0,31.0281,31.579,41.3838,44.9652,0.0,0.0,30.584533333333336,30.92742,42.65946666666667,46.24912,0.1568305747237369,0.18578821001529955
2025,Sanghar,37,3.6714,27.5153,81.6858,2486760,16.0,1.0,10608.0,0.2,5840,2272,189,23.48437324068265,9.136386301854625,0.7600250928919559,32.45186507745018,9.433962264150944,0.9088130740401164,8.6429,5.0143,30.8778,30.0409,67.1992,81.4084,5.7762,3.61144,29.478,30.418560000000003,76.76446666666668,70.51928000000001,0.9088130740401164,0.6183677900491447
2025,Sanghar,38,0.0,29.204,72.1334,2486760,16.0,1.0,10608.0,0.2,8070,2346,226,32.45186507745018,9.433962264150944,0.9088130740401164,30.288407405620163,8.529170486898614,0.542875066,3.6714,8.6429,27.5153,30.8778,81.6858,67.1992,4.104766666666667,3.61144,29.199033333333333,29.93816,73.67280000000001,72.89766,0.542875066,0.6744654406134266
2025,Sanghar,40,1.3429,29.9572,68.7766,2486760,16.0,1.0,10608.0,0.2,6261,1898,973,25.177339188341456,7.632421303221863,3.912721774517847,32.56848268429604,9.277131689427206,0.7720889832553202,0.0,0.0,30.4876,29.204,61.2962,72.1334,0.4476333333333339,2.73144,29.88293333333333,29.60838,67.40206666666667,70.21824000000001,0.7720889832553202,0.9160211656439707
2025,Sanghar,41,0.0,28.1733,50.6758,2486760,16.0,1.0,10608.0,0.2,8099,2307,192,32.56848268429604,9.277131689427206,0.7720889832553202,33.77487172063247,8.509064002959674,0.8565362157988707,1.3429,0.0,29.9572,30.4876,68.7766,61.2962,0.4476333333333339,1.00286,29.539366666666663,29.06748,60.24953333333335,66.91355999999999,0.8565362157988707,0.6232489929251939
2025,Sanghar,42,0.0,28.2757,39.2011,2486760,16.0,1.0,10608.0,0.2,8399,2116,213,33.77487172063247,8.509064002959674,0.8565362157988707,28.072672875548903,7.676655567887533,0.8042593575576251,0.0,1.3429,28.1733,29.9572,50.6758,68.7766,0.4476333333333339,0.26858,28.80206666666666,29.21956,52.88450000000001,58.41662,0.8042593575576251,0.6673542020284415
2025,Sanghar,43,0.0,26.9034,47.0666,2486760,16.0,1.0,10608.0,0.2,6981,1909,200,28.072672875548903,7.676655567887533,0.8042593575576251,25.523170712091236,7.286589779472084,0.9208769644034808,0.0,0.0,28.2757,28.1733,39.2011,50.6758,0.0,0.26858,27.78413333333333,28.75944,45.64783333333335,53.40326,0.9208769644034808,0.5765056328064982
2024,Shaheed Benazirabad,37,0.4692,30.1355,71.7337,1845102,30.0,2.0,4502.0,0.5,3053,2532,82,16.546510707809105,13.72281857588361,0.4444198748903855,15.451720284298649,12.703904716378824,0.5148766843242271,0.8714,14.7778,29.9644,28.8632,76.1947,81.4524,5.372799999999999,5.083679999999999,29.654366666666665,30.02094,76.46026666666667,76.19685999999999,0.5148766843242271,0.49185568674365276
2024,Shaheed Benazirabad,38,0.0,31.476,61.2952,1845102,30.0,2.0,4502.0,0.5,2851,2344,95,15.451720284298649,12.703904716378824,0.5148766843242271,16.26468347007374,12.61718864322948,0.3793828200283778,0.4692,0.8714,30.1355,29.9644,71.7337,76.1947,0.4468666666666661,3.9694,30.5253,30.11986,69.7412,73.60208,0.3793828200283778,0.541462284924408
2024,Shaheed Benazirabad,39,0.0857,32.8096,57.9212,1845102,30.0,2.0,4502.0,0.5,3001,2328,70,16.26468347007374,12.61718864322948,0.3793828200283778,14.600818816520713,10.801570861665102,0.5744939846144007,0.0,0.4692,31.476,30.1355,61.2952,71.7337,0.184966666666666,3.2408200000000003,31.4737,30.64974,63.65003333333333,69.71943999999999,0.5744939846144007,0.4423702513592193
2024,Shaheed Benazirabad,40,0.0,31.6601,58.246,1845102,30.0,2.0,4502.0,0.5,2694,1993,106,14.600818816520713,10.801570861665102,0.5744939846144007,13.87457170389496,9.939829885,0.4444198748903855,0.0857,0.0,32.8096,31.476,57.9212,61.2952,0.028566666666666,0.2852599999999999,31.9819,31.20912,59.15413333333333,65.07816,0.4444198748903855,0.5913144585456076
2024,Shaheed Benazirabad,41,0.0,29.9971,48.8068,1845102,30.0,2.0,4502.0,0.5,2560,1834,82,13.87457170389496,9.939829885,0.4444198748903855,13.034509745260696,9.901891602740662,0.531135948,0.0,0.0857,31.6601,32.8096,58.246,57.9212,0.028566666666666,0.11098,31.48893333333333,31.21566,54.99133333333334,59.60058,0.531135948,0.49911978383748373
2024,Shaheed Benazirabad,42,0.0,30.4269,45.4397,1845102,30.0,2.0,4502.0,0.5,2405,1827,98,13.034509745260696,9.901891602740662,0.531135948,10.99126227167929,9.099767926109235,0.525716193,0.0,0.0,29.9971,31.6601,48.8068,58.246,0.0,0.01714,30.6947,31.27394,50.83083333333334,54.34178000000001,0.525716193,0.5231846330122966
2024,Shaheed Benazirabad,43,0.0,30.4415,37.4996,1845102,30.0,2.0,4502.0,0.5,2028,1679,97,10.99126227167929,9.099767926109235,0.525716193,8.861298725,7.609335418854893,0.4552593840340533,0.0,0.0,30.4269,29.9971,45.4397,48.8068,0.0,0.01714,30.2885,31.06704,43.91536666666667,49.58266,0.4552593840340533,0.5070915555117471
2024,Shaheed Benazirabad,44,0.0,29.3843,47.8921,1845102,30.0,2.0,4502.0,0.5,1635,1404,84,8.861298725,7.609335418854893,0.4552593840340533,9.912835763337071,9.133347384637002,0.4769238106520164,0.0,0.0,30.4415,30.4269,37.4996,45.4397,0.0,0.0,30.084233333333334,30.38198,43.61046666666667,47.57684,0.4769238106520164,0.4575294684824204
2025,Shaheed Benazirabad,37,17.3429,27.9248,79.8123,1949997,30.0,2.0,4502.0,0.5,3021,2063,142,15.492331526663888,10.579503455646345,0.7282062485224337,17.77951453258646,10.830785893516758,0.7333344615401972,1.5429,6.6429,33.0558,31.2698,55.7252,73.7824,8.509566666666666,5.18288,30.750133333333338,31.71138,69.7733,64.0026,0.7333344615401972,0.6565704937311034
2025,Shaheed Benazirabad,38,0.0,29.671,72.8371,1949997,30.0,2.0,4502.0,0.5,3467,2112,143,17.77951453258646,10.830785893516758,0.7333344615401972,14.082072946778892,9.143603810672529,0.7333344615401972,17.3429,1.5429,27.9248,33.0558,79.8123,55.7252,6.295266666666667,5.18288,30.2172,31.10888,69.4582,67.34532,0.7333344615401972,0.6444012860423634
2025,Shaheed Benazirabad,39,0.0,30.3659,64.1912,1949997,30.0,2.0,4502.0,0.5,2746,1783,143,14.082072946778892,9.143603810672529,0.7333344615401972,12.923096804764317,8.071807289959933,0.241026012,0.0,17.3429,29.671,27.9248,72.8371,79.8123,5.780966666666667,5.10574,29.320566666666668,30.45746,72.2802,69.26964,0.241026012,0.6631458213199722
2025,Shaheed Benazirabad,40,0.4714,30.8641,62.33,1949997,30.0,2.0,4502.0,0.5,2520,1574,47,12.923096804764317,8.071807289959933,0.241026012,24.035934414258072,9.410270887596235,0.5846162840250524,0.0,0.0,30.3659,29.671,64.1912,72.8371,0.1571333333333333,3.87144,30.30033333333333,30.37632,66.45276666666668,66.97916000000001,0.5846162840250524,0.36538344061862926
2025,Shaheed Benazirabad,41,0.0,27.3013,49.4816,1949997,30.0,2.0,4502.0,0.5,4687,1835,114,24.035934414258072,9.410270887596235,0.5846162840250524,22.025674911294733,8.948731716,0.6205137751493977,0.4714,0.0,30.8641,30.3659,62.33,64.1912,0.1571333333333333,3.56286,29.51043333333333,29.225420000000003,58.66759999999999,65.73044,0.6205137751493977,0.5998298470133037
2025,Shaheed Benazirabad,42,0.0,27.9683,38.95,1949997,30.0,2.0,4502.0,0.5,4295,1745,121,22.025674911294733,8.948731716,0.6205137751493977,20.97951945567096,8.497448970434313,0.6871805443803246,0.0,0.4714,27.3013,30.8641,49.4816,62.33,0.1571333333333333,0.09428,28.711233333333336,29.23412,50.25386666666666,57.55798,0.6871805443803246,0.6090408584304817
2025,Shaheed Benazirabad,43,0.0,27.932,37.1743,1949997,30.0,2.0,4502.0,0.5,4091,1657,134,20.97951945567096,8.497448970434313,0.6871805443803246,18.03079697045688,7.815396639071753,0.6256419881671613,0.0,0.0,27.9683,27.3013,38.95,49.4816,0.0,0.09428,27.733866666666668,28.88632,41.868633333333335,50.42542,0.6256419881671613,0.5755363329589214
2025,Shangla,37,3.3143,18.1631,80.1396,915157,2000.0,2.0,1586.0,0.35,0,1399,15,0.0,15.286994471986771,0.1639063024158696,12.653566546505136,18.4449225651992,1.1473441169110874,6.0143,7.4,16.9857,17.9827,81.0142,81.9614,5.5762,7.228579999999999,17.7105,18.2932,81.03840000000001,83.52746,1.1473441169110874,0.23145231619009415
2025,Shangla,38,2.5714,17.4869,68.5831,915157,2000.0,2.0,1586.0,0.35,1158,1688,105,12.653566546505136,18.4449225651992,1.1473441169110874,12.314826854845672,13.44031679810131,0.0218541736554492,3.3143,6.0143,18.1631,16.9857,80.1396,81.0142,3.966666666666667,6.87714,17.545233333333332,18.0069,76.57896666666669,80.44876000000001,0.0218541736554492,0.5474768985222944
2025,Shangla,39,0.7286,17.9982,57.2778,915157,2000.0,2.0,1586.0,0.35,1127,1230,2,12.314826854845672,13.44031679810131,0.0218541736554492,8.249950554932104,12.008868423669382,0.0546354341386232,2.5714,3.3143,17.4869,18.1631,68.5831,80.1396,2.2047666666666665,4.00572,17.882733333333334,17.72332,68.66683333333334,73.79522,0.0546354341386232,0.2010115848070053
2025,Shangla,40,5.8429,14.8428,61.0113,915157,2000.0,2.0,1586.0,0.35,755,1099,5,8.249950554932104,12.008868423669382,0.0546354341386232,7.124460611676466,12.085358031463452,0.2622500838653914,0.7286,2.5714,17.9982,17.4869,57.2778,68.5831,3.0476333333333336,3.6943,16.775966666666665,17.09534,62.29073333333334,69.6052,0.2622500838653914,0.21822970708562026
2025,Shangla,41,4.6,10.9672,59.7681,915157,2000.0,2.0,1586.0,0.35,652,1106,24,7.124460611676466,12.085358031463452,0.2622500838653914,5.933408147,13.243629235202263,0.065562521,5.8429,0.7286,14.8428,17.9982,61.0113,57.2778,3.723833333333333,3.41144,14.602733333333331,15.89164,59.35240000000001,65.35598,0.065562521,0.2890238967162188
2025,Shangla,42,0.0857,14.478,54.0226,915157,2000.0,2.0,1586.0,0.35,543,1212,6,5.933408147,13.243629235202263,0.065562521,5.933408147,13.243629235202263,0.0,4.6,5.8429,10.9672,14.8428,59.7681,61.0113,3.509533333333333,2.76572,13.429333333333332,15.15462,58.26733333333334,60.13258,0.0,0.2178160365939906
2025,Shangla,43,0.1143,12.817,42.8301,915157,2000.0,2.0,1586.0,0.35,543,1212,0,5.933408147,13.243629235202263,0.0,5.835064366004959,8.566836073,0.1966875628990435,0.0857,4.6,14.478,10.9672,54.0226,59.7681,1.6000000000000003,2.2743,12.754066666666668,14.22064,52.20693333333333,54.98198,0.1966875628990435,0.23495975460117527
2024,Sherani,37,0.0,0.0,0.0,191687,1500.0,0.0,2700.0,0.2,2,18,4,0.1043367573179193,0.9390308158612738,0.2086735146358386,0.3651786506127176,1.825893253063588,0.0,0.0,0.0,0.0,0.0,0.0,0.0,0.0,0.0,0.0,0.0,0.0,0.0,0.0,0.2892598458228399
2024,Sherani,38,0.0,0.0,0.0,191687,1500.0,0.0,2700.0,0.2,7,35,0,0.3651786506127176,1.825893253063588,0.0,0.9911991945202334,0.3130102719537579,0.0,0.0,0.0,0.0,0.0,0.0,0.0,0.0,0.0,0.0,0.0,0.0,0.0,0.0,0.20648158272997003
2024,Sherani,39,0.0,0.0,0.0,191687,1500.0,0.0,2700.0,0.2,19,6,0,0.9911991945202334,0.3130102719537579,0.0,1.9302300103815075,0.8346940585433544,0.0,0.0,0.0,0.0,0.0,0.0,0.0,0.0,0.0,0.0,0.0,0.0,0.0,0.0,0.22541939161807206
2024,Sherani,40,0.0,0.0,0.0,191687,1500.0,0.0,2700.0,0.2,37,16,0,1.9302300103815075,0.8346940585433544,0.0,3.234439476855499,0.5738521652485562,0.2608418932947983,0.0,0.0,0.0,0.0,0.0,0.0,0.0,0.0,0.0,0.0,0.0,0.0,0.2608418932947983,0.25912187016620836
2024,Sherani,41,0.0,0.0,0.0,191687,1500.0,0.0,2700.0,0.2,62,11,5,3.234439476855499,0.5738521652485562,0.2608418932947983,3.756123263445095,0.4695154079306369,0.3130102719537579,0.0,0.0,0.0,0.0,0.0,0.0,0.0,0.0,0.0,0.0,0.0,0.0,0.3130102719537579,0.3018395097396301
2024,Sherani,42,0.0,0.0,0.0,191687,1500.0,0.0,2700.0,0.2,72,9,6,3.756123263445095,0.4695154079306369,0.3130102719537579,0.4173470292716772,2.295408660994225,0.0,0.0,0.0,0.0,0.0,0.0,0.0,0.0,0.0,0.0,0.0,0.0,0.0,0.0,0.35518126328867344
2024,Sherani,43,0.0,0.0,0.0,191687,1500.0,0.0,2700.0,0.2,8,44,0,0.4173470292716772,2.295408660994225,0.0,0.5738521652485562,2.3475770396531845,0.0,0.0,0.0,0.0,0.0,0.0,0.0,0.0,0.0,0.0,0.0,0.0,0.0,0.0,0.23941250817447157
2024,Shikarpur,37,0.4538,31.2539,67.9542,1386330,52.0,1.0,2512.0,0.35,3618,1832,2,26.097682369998488,13.214746849595697,0.0144265795301263,24.83535666111243,11.404211118564843,0.043279739,0.8429,6.5667,31.0046,29.9961,72.3438,75.2456,2.6211333333333333,6.30124,30.751533333333334,30.764700000000005,71.84786666666668,73.66290000000001,0.043279739,0.11903673941744772
2024,Shikarpur,38,0.0,31.9933,59.8382,1386330,52.0,1.0,2512.0,0.35,3443,1581,6,24.83535666111243,11.404211118564843,0.043279739,28.63676036730072,11.764875606818002,0.0216398692951894,0.4538,0.8429,31.2539,31.0046,67.9542,72.3438,0.4322333333333333,2.8441,31.417266666666663,30.869360000000007,66.71206666666667,71.23906000000001,0.0216398692951894,0.13707871137235955
2024,Shikarpur,39,0.0,32.9864,56.1981,1386330,52.0,1.0,2512.0,0.35,3970,1631,3,28.63676036730072,11.764875606818002,0.0216398692951894,23.54417779316613,9.139238132335016,0.028853159,0.0,0.4538,31.9933,31.2539,59.8382,67.9542,0.1512666666666666,1.57268,32.07786666666667,31.446860000000004,61.33016666666666,66.31598,0.028853159,0.1313867596510737
2024,Shikarpur,40,0.05,31.4778,58.1584,1386330,52.0,1.0,2512.0,0.35,3264,1267,4,23.54417779316613,9.139238132335016,0.028853159,30.19483095655436,10.358284102630687,0.064919608,0.0,0.0,32.9864,31.9933,56.1981,59.8382,0.0166666666666666,0.26934,32.1525,31.7432,58.0649,62.89854,0.064919608,0.14113076173847658
2024,Shikarpur,41,0.0143,29.148,51.8558,1386330,52.0,1.0,2512.0,0.35,4186,1436,9,30.19483095655436,10.358284102630687,0.064919608,25.830790648691146,9.572035518238804,0.036066449,0.05,0.0,31.4778,32.9864,58.1584,56.1981,0.0214333333333333,0.10362,31.204066666666662,31.37188,55.40410000000001,58.80094,0.036066449,0.15605661177045765
2024,Shikarpur,42,0.0,28.9462,46.9204,1386330,52.0,1.0,2512.0,0.35,3581,1327,5,25.830790648691146,9.572035518238804,0.036066449,24.05632136648561,9.348423535521846,0.064919608,0.0143,0.05,29.148,31.4778,51.8558,58.1584,0.0214333333333333,0.01286,29.857333333333333,30.91034,52.31153333333334,54.59418,0.064919608,0.1544411918425147
2024,Shikarpur,43,0.0,29.4674,40.3853,1386330,52.0,1.0,2512.0,0.35,3335,1296,9,24.05632136648561,9.348423535521846,0.064919608,22.238572345689697,8.504468633009456,0.064919608,0.0,0.0143,28.9462,29.148,46.9204,51.8558,0.004766667,0.01286,29.1872,30.40516,46.38716666666667,50.70360000000001,0.064919608,0.155819756939095
2024,Shikarpur,44,0.0,28.3721,46.9562,1386330,52.0,1.0,2512.0,0.35,3083,1179,9,22.238572345689697,8.504468633009456,0.064919608,14.729321832994218,8.298682693315628,0.0268783245127631,0.0,0.0,29.4674,28.9462,40.3853,46.9204,0.0,0.01286,28.92856666666667,29.4823,44.75396666666668,48.85522,0.0268783245127631,0.15116316664931828
2025,Shikarpur,37,1.7143,29.4995,72.7346,1488188,52.0,1.0,2512.0,0.35,2574,1277,212,17.296201823963102,8.580905100699642,1.424551199176448,19.278478256779383,8.957201643878326,1.7269323499450338,0.1286,1.5714,33.3189,32.8986,56.6515,64.679,1.1381,0.76286,31.905666666666672,32.969939999999994,64.68836666666667,58.86782000000001,1.7269323499450338,0.9741164722825882
2025,Shikarpur,38,0.0,32.2635,58.4509,1488188,52.0,1.0,2512.0,0.35,2869,1333,257,19.278478256779383,8.957201643878326,1.7269323499450338,11.544240378231782,6.094660083,1.0952917238950992,1.7143,0.1286,29.4995,33.3189,72.7346,56.6515,0.6143,0.76286,31.69396666666667,32.552620000000005,62.61233333333333,60.44748,1.0952917238950992,0.9970928263978073
2025,Shikarpur,39,0.0,32.7686,49.3546,1488188,52.0,1.0,2512.0,0.35,1718,907,163,11.544240378231782,6.094660083,1.0952917238950992,8.977360387,4.959050872604806,0.6047623015371714,0.0,1.7143,32.2635,29.4995,58.4509,72.7346,0.5714333333333332,0.68286,31.510533333333345,32.14982,60.18003333333333,60.37411999999999,0.6047623015371714,0.8845039061017025
2025,Shikarpur,40,0.0,33.4433,44.757,1488188,52.0,1.0,2512.0,0.35,1336,738,90,8.977360387,4.959050872604806,0.6047623015371714,27.516684719941296,9.057995360801188,1.787408580098751,0.0,0.0,32.7686,32.2635,49.3546,58.4509,0.0,0.36858,32.82513333333334,32.25876,50.85416666666666,56.38972,1.787408580098751,0.4941110013983302
2025,Shikarpur,41,0.0,28.7248,39.4689,1488188,52.0,1.0,2512.0,0.35,4095,1348,266,27.516684719941296,9.057995360801188,1.787408580098751,22.255252696567908,7.70735955403484,1.1087308861514809,0.0,0.0,33.4433,32.7686,44.757,49.3546,0.0,0.34286,31.64556666666667,31.33994,44.526833333333336,52.9532,1.1087308861514809,0.9822600997352041
2025,Shikarpur,42,0.0,29.5331,28.4134,1488188,52.0,1.0,2512.0,0.35,3312,1147,165,22.255252696567908,7.70735955403484,1.1087308861514809,25.1043550949208,7.814872852085893,1.4178316180482573,0.0,0.0,28.7248,33.4433,39.4689,44.757,0.0,0.0,30.567066666666676,31.346660000000004,37.54643333333333,44.08896,1.4178316180482573,0.7468143933725712
2025,Shikarpur,43,0.0,29.0593,31.5548,1488188,52.0,1.0,2512.0,0.35,3736,1163,211,25.1043550949208,7.814872852085893,1.4178316180482573,23.98218504651294,7.572967931471024,1.1624875351770072,0.0,0.0,29.5331,28.7248,28.4134,39.4689,0.0,0.0,29.105733333333337,30.70582,33.1457,38.70974,1.1624875351770072,0.749338577897091
2024,Sibi,37,0.3462,30.7116,71.4697,224148,130.0,0.0,7121.0,0.2,171,174,46,7.6288880561057875,7.762728197440976,2.052215500472902,3.658297196495173,12.670200046397916,0.044613380445063,0.6429,7.5889,30.3328,29.625,78.109,79.7,2.8593333333333337,4.6956,30.223133333333333,30.40474,76.42623333333334,77.67193999999999,0.044613380445063,0.903800183235806
2024,Sibi,38,0.0,32.8644,54.6235,224148,130.0,0.0,7121.0,0.2,82,284,1,3.658297196495173,12.670200046397916,0.044613380445063,6.513553545,11.019504969930582,0.044613380445063,0.3462,0.6429,30.7116,30.3328,71.4697,78.109,0.3297,2.7784600000000004,31.30293333333333,30.66314,68.0674,73.39608,0.044613380445063,0.3830198163523204
2024,Sibi,39,0.0286,33.9858,49.5457,224148,130.0,0.0,7121.0,0.2,146,247,1,6.513553545,11.019504969930582,0.044613380445063,6.602780305869336,6.379713403644021,0.8030408480111355,0.0,0.3462,32.8644,30.7116,54.6235,71.4697,0.1249333333333333,1.7213200000000004,32.520599999999995,31.50392,58.5463,66.68958,0.8030408480111355,0.35083681637205105
2024,Sibi,40,1.9,31.9447,45.462,224148,130.0,0.0,7121.0,0.2,148,143,18,6.602780305869336,6.379713403644021,0.8030408480111355,5.710512696968075,12.00099933972197,1.4276281742420187,0.0286,0.0,33.9858,32.8644,49.5457,54.6235,0.6428666666666666,0.5835400000000004,32.93163333333333,31.96786,49.87706666666667,59.84198,1.4276281742420187,0.6129585081503225
2024,Sibi,41,2.1714,27.2385,58.6196,224148,130.0,0.0,7121.0,0.2,128,269,32,5.710512696968075,12.00099933972197,1.4276281742420187,6.736620447204526,2.676802826703785,0.2676802826703784,1.9,0.0286,31.9447,33.9858,45.462,49.5457,1.3666666666666665,0.8892400000000004,31.05633333333333,31.349,51.2091,55.944100000000006,0.2676802826703784,0.8696284162417546
2024,Sibi,42,0.0,28.512,36.7705,224148,130.0,0.0,7121.0,0.2,151,60,6,6.736620447204526,2.676802826703785,0.2676802826703784,2.542962685368596,7.4504345343255345,0.0,2.1714,1.9,27.2385,31.9447,58.6196,45.462,1.3571333333333335,0.8200000000000005,29.23173333333333,30.90908,46.950700000000005,49.00426,0.0,0.39091106827677613
2024,Sibi,44,0.0,27.0135,45.8527,224148,130.0,0.0,7121.0,0.2,160,712,7,7.138140871210093,31.76472687688492,0.3122936631154415,0.4901810606292699,14.460341288563464,0.0,0.0,0.0,29.0977,28.512,36.2989,36.7705,0.0,0.8142800000000004,28.207733333333334,28.76128,39.6407,44.60074,0.0,0.3080858690055214
2025,Sibi,37,1.7857,31.3358,62.8993,163205,130.0,0.0,7121.0,0.2,191,464,18,11.70307282252382,28.430501516497657,1.1029073864158574,9.864893845164058,25.24432462,0.1225452651573174,0.1,4.6857,33.5566,33.5593,53.4611,60.3981,2.1904666666666666,1.3142800000000003,32.81723333333333,33.97126,58.919500000000006,54.14312,0.1225452651573174,0.71295391764271
2025,Sibi,39,0.0,33.2123,46.3164,163205,130.0,0.0,7121.0,0.2,228,542,2,13.970160227934194,33.20976685763304,0.1225452651573174,15.379430777243345,25.734505683036677,0.1225452651573174,0.0,1.7857,33.7102,31.3358,49.0047,62.8993,0.5952333333333334,1.3142800000000003,32.752766666666666,33.07484,52.740133333333326,54.41591999999999,0.1225452651573174,0.357533307711107
2025,Sibi,40,0.0,32.6891,37.4057,163205,130.0,0.0,7121.0,0.2,251,420,2,15.379430777243345,25.734505683036677,0.1225452651573174,14.15397812567017,22.303238258631783,0.0,0.0,0.0,33.2123,33.7102,46.3164,49.0047,0.0,0.3771400000000003,33.20386666666666,32.900800000000004,44.24226666666667,49.81744,0.0,0.35710431855079233
2025,Sibi,41,0.0,27.2563,35.4467,163205,130.0,0.0,7121.0,0.2,231,364,0,14.15397812567017,22.303238258631783,0.0,11.212891761894548,22.11942036089581,0.0,0.0,0.0,32.6891,33.2123,37.4057,46.3164,0.0,0.3571400000000003,31.052566666666664,31.640740000000005,39.72293333333334,46.21456,0.0,0.3657301450924783
2025,Sibi,42,0.0,27.2236,27.5807,163205,130.0,0.0,7121.0,0.2,183,361,0,11.212891761894548,22.11942036089581,0.0,13.970160227934194,14.766704451456755,0.0,0.0,0.0,27.2563,32.6891,35.4467,37.4057,0.0,0.0,29.056333333333328,30.8183,33.477700000000006,39.15084,0.0,0.3447096894364655
2025,Sibi,43,0.0,26.5105,31.1199,163205,130.0,0.0,7121.0,0.2,228,241,0,13.970160227934194,14.766704451456755,0.0,16.54361079623786,22.854691951839712,0.0,0.0,0.0,27.2236,27.2563,27.5807,35.4467,0.0,0.0,26.9968,29.37836,31.38243333333333,35.57388,0.0,0.34768737885123135
2024,Sohbat pur,37,0.2462,31.204,69.1413,240106,620.9389128094725,0.6689989235737352,6279.964208826696,0.3396259418729817,283,238,11,11.78646097973395,9.912288739140212,0.4581309921451358,17.49227424554155,10.57866109135132,0.0,0.4571,9.9111,30.8952,30.0568,73.6775,75.1908,3.538133333333334,6.08572,30.718666666666667,30.87166,72.66986666666666,73.77116,0.0,0.4988127998825956
2024,Sohbat pur,38,0.0,31.9354,61.579,240106,620.9389128094725,0.6689989235737352,6279.964208826696,0.3396259418729817,420,254,0,17.49227424554155,10.57866109135132,0.0,10.703605907390903,26.821487176497044,0.2082413600659708,0.2462,0.4571,31.204,30.8952,69.1413,73.6775,0.2344333333333345,3.5143,31.34486666666667,30.87256,68.13260000000001,72.00198,0.2082413600659708,0.36178154361149284
2024,Sohbat pur,39,0.0,32.8565,57.1664,240106,620.9389128094725,0.6689989235737352,6279.964208826696,0.3396259418729817,257,644,5,10.703605907390903,26.821487176497044,0.2082413600659708,0.2915379040923592,11.245033443562429,0.0416482720131941,0.0,0.2462,31.9354,31.204,61.579,69.1413,0.082066667,2.1228800000000003,31.99863333333333,31.38958,62.62890000000001,67.351,0.0416482720131941,0.3159033226289395
2024,Sohbat pur,40,0.05,31.8015,55.8773,240106,620.9389128094725,0.6689989235737352,6279.964208826696,0.3396259418729817,7,270,1,0.2915379040923592,11.245033443562429,0.0416482720131941,0.5414275361715243,22.78160479121721,0.0,0.0,0.0,32.8565,31.9354,57.1664,61.579,0.0166666666666678,0.1506600000000007,32.197799999999994,31.73852,58.20756666666667,63.4883,0.0,0.2908332914552559
2024,Sohbat pur,41,0.0571,30.0836,45.7444,240106,620.9389128094725,0.6689989235737352,6279.964208826696,0.3396259418729817,13,547,0,0.5414275361715243,22.78160479121721,0.0,1.457689520461796,18.116998325739463,0.0,0.05,0.0,31.8015,32.8565,55.8773,57.1664,0.0357,0.07066,31.58053333333333,31.5762,52.92936666666666,57.90168,0.0,0.30247560548658725
2024,Sohbat pur,42,0.0,29.68,42.8143,240106,620.9389128094725,0.6689989235737352,6279.964208826696,0.3396259418729817,35,435,0,1.457689520461796,18.116998325739463,0.0,22.281825527058885,0.5414275361715243,0.3331861761055534,0.0571,0.05,30.0836,31.8015,45.7444,55.8773,0.0357,0.02142,30.5217,31.2714,48.14533333333333,52.63628,0.3331861761055534,0.30756319846609015
2024,Sohbat pur,43,0.0,30.0723,36.7901,240106,620.9389128094725,0.6689989235737352,6279.964208826696,0.3396259418729817,535,13,8,22.281825527058885,0.5414275361715243,0.3331861761055534,14.701840020657542,0.5414275361715243,0.249889632079165,0.0,0.0571,29.68,30.0836,42.8143,45.7444,0.0190333333333345,0.02142,29.9453,30.89878,41.78293333333334,47.6785,0.249889632079165,0.3359275846616854
2024,Sohbat pur,44,0.0,28.5256,46.0622,240106,620.9389128094725,0.6689989235737352,6279.964208826696,0.3396259418729817,353,13,6,14.701840020657542,0.5414275361715243,0.249889632079165,0.2067952933391236,14.392952416403004,0.0,0.0,0.0,30.0723,29.68,36.7901,42.8143,0.0,0.02142,29.425966666666667,30.0326,41.888866666666665,45.45766,0.0,0.2936967027032349
2025,Sohbat pur,37,2.6857,29.6723,72.9825,241785,620.9389128094725,0.6689989235737352,6279.964208826696,0.3396259418729817,97,316,24,4.011828690778998,13.06946253903261,0.9926174080277932,0.7858221146886697,2.812415989412081,0.7444630560208451,0.0714,2.4857,32.9592,33.0181,59.7663,65.2983,1.7476000000000014,1.0857000000000008,31.8832,32.99192,66.0157,59.899440000000006,0.7444630560208451,0.5365684991532178
2025,Sohbat pur,38,0.0,32.9116,56.7961,241785,620.9389128094725,0.6689989235737352,6279.964208826696,0.3396259418729817,19,68,18,0.7858221146886697,2.812415989412081,0.7444630560208451,4.011828690778998,9.926174080277931,0.5790268213495461,2.6857,0.0714,29.6723,32.9592,72.9825,59.7663,0.9190333333333346,1.0857000000000008,31.8477,32.68056,63.18163333333334,61.082820000000005,0.5790268213495461,0.5564368967511848
2025,Sohbat pur,39,0.0,33.0648,48.8492,241785,620.9389128094725,0.6689989235737352,6279.964208826696,0.3396259418729817,97,240,14,4.011828690778998,9.926174080277931,0.5790268213495461,4.549496453460719,12.407717600347416,0.5376677626817213,0.0,2.6857,32.9116,29.6723,56.7961,72.9825,0.8952333333333345,1.0485600000000008,31.8829,32.3252,59.5426,60.73848,0.5376677626817213,0.5357988822933946
2025,Sohbat pur,40,0.0,33.2967,44.1758,241785,620.9389128094725,0.6689989235737352,6279.964208826696,0.3396259418729817,110,300,13,4.549496453460719,12.407717600347416,0.5376677626817213,5.376677626817214,10.96015054697355,0.2481543520069483,0.0,0.0,33.0648,32.9116,48.8492,56.7961,0.0,0.5514200000000008,33.09103333333333,32.38092,49.94036666666667,56.51398,0.2481543520069483,0.5196344823397087
2025,Sohbat pur,41,0.0,28.5166,40.5254,241785,620.9389128094725,0.6689989235737352,6279.964208826696,0.3396259418729817,130,265,6,5.376677626817214,10.96015054697355,0.2481543520069483,5.335318568,10.50520090162748,0.3722315280104225,0.0,0.0,33.2967,33.0648,44.1758,48.8492,0.0,0.5371400000000007,31.62603333333333,31.492400000000004,44.51680000000001,52.6658,0.3722315280104225,0.4182776423072514
2025,Sohbat pur,42,0.0,29.0863,30.8847,241785,620.9389128094725,0.6689989235737352,6279.964208826696,0.3396259418729817,129,254,9,5.335318568,10.50520090162748,0.3722315280104225,4.714932688132018,7.4446305602084495,0.082718117,0.0,0.0,28.5166,33.2967,40.5254,44.1758,0.0,0.0,30.299866666666663,31.3752,38.52863333333333,44.24624,0.082718117,0.4013912185242653
2025,Sohbat pur,43,0.0,28.3012,34.7885,241785,620.9389128094725,0.6689989235737352,6279.964208826696,0.3396259418729817,114,180,2,4.714932688132018,7.4446305602084495,0.082718117,7.899580205554522,10.17432843228488,0.0413590586678247,0.0,0.0,29.0863,28.5166,30.8847,40.5254,0.0,0.0,28.6347,30.45312,35.39953333333333,39.84472,0.0413590586678247,0.36473103546607766
2025,South,37,10.1429,26.2804,87.2259,2166395,4.0,0.0,122.0,0.95,2,101,0,0.009231927,0.4662123020040205,0.0,0.0138478901585352,0.5308357894105183,0.0,0.8286,14.2143,27.7197,28.8057,80.7671,83.1844,8.395266666666666,5.502879999999999,27.60193333333333,27.83372,83.72579999999998,81.69676,0.0,0.01601047196483099
2025,South,38,1.1286,26.8777,84.4227,2166395,4.0,0.0,122.0,0.95,3,115,0,0.0138478901585352,0.5308357894105183,0.0,0.0276957803170705,0.4615963386178421,0.0,10.1429,0.8286,26.2804,27.7197,87.2259,80.7671,4.033366666666667,5.4486,26.959266666666664,27.6601,84.13856666666665,82.68328,0.0,0.020775986264411045
2025,South,39,0.7857,27.0286,82.9566,2166395,4.0,0.0,122.0,0.95,6,100,0,0.0276957803170705,0.4615963386178421,0.0,0.0276957803170705,0.3877409244389873,0.0,1.1286,10.1429,26.8777,26.2804,84.4227,87.2259,4.019066666666666,5.420019999999999,26.7289,27.342420000000004,84.8684,83.71133999999999,0.0,0.020350411244718397
2025,South,40,0.6857,29.0917,70.3919,2166395,4.0,0.0,122.0,0.95,6,84,0,0.0276957803170705,0.3877409244389873,0.0,0.04154367,0.493908082,0.0,0.7857,1.1286,27.0286,26.8777,82.9566,84.4227,0.8666666666666667,2.7142999999999997,27.666,27.39962000000001,79.25706666666666,81.15284,0.0,0.023164990299711447
2025,South,41,0.1571,26.336,64.6932,2166395,4.0,0.0,122.0,0.95,9,107,0,0.04154367,0.493908082,0.0,0.0230798169308921,0.4523644118454852,0.0,0.6857,0.7857,29.0917,27.0286,70.3919,82.9566,0.5428333333333333,2.579999999999999,27.485433333333333,27.12288,72.68056666666665,77.93806000000001,0.0,0.02606267672475887
2025,South,42,0.0,27.1464,45.1837,2166395,4.0,0.0,122.0,0.95,5,98,0,0.0230798169308921,0.4523644118454852,0.0,0.055391561,0.3692770708942737,0.0,0.1571,0.6857,26.336,29.0917,64.6932,70.3919,0.2809333333333333,0.5514199999999996,27.5247,27.29608,60.0896,69.52962,0.0,0.034190235898751004
2025,South,43,0.0,28.4417,32.2497,2166395,4.0,0.0,122.0,0.95,12,80,0,0.055391561,0.3692770708942737,0.0,0.064623487,0.4292845949145931,0.0,0.0,0.1571,27.1464,26.336,45.1837,64.6932,0.0523666666666666,0.3256999999999996,27.30803333333333,27.60888,47.37553333333332,59.09502,0.0,0.041341544770182675
2025,South Waziristan (Lower),37,0.2143,27.0096,64.0144,820861,620.9389128094725,0.6689989235737352,6279.964208826696,0.3396259418729817,76,72,10,0.9258571183184486,0.8771277963016881,0.1218233050419011,0.8649454657974981,0.8527631352933078,0.1827349575628516,0.9857,3.0714,25.9429,26.695,65.7561,71.1139,1.4238000000000002,0.8828400000000001,26.549166666666668,27.84712,66.96146666666667,63.28314,0.1827349575628516,0.08870660941100642
2025,South Waziristan (Lower),38,0.3,27.1798,56.7394,820861,620.9389128094725,0.6689989235737352,6279.964208826696,0.3396259418729817,71,70,15,0.8649454657974981,0.8527631352933078,0.1827349575628516,0.8040338132765473,0.9502217793268288,0.1949172880670417,0.2143,0.9857,27.0096,25.9429,64.0144,65.7561,0.5000000000000001,0.92856,26.710766666666668,27.30784,62.169966666666674,63.53362,0.1949172880670417,0.12897405315206067
2025,South Waziristan (Lower),39,0.0,26.5262,48.3966,820861,620.9389128094725,0.6689989235737352,6279.964208826696,0.3396259418729817,66,78,16,0.8040338132765473,0.9502217793268288,0.1949172880670417,0.6943928387388364,1.6202499570572848,0.0243646610083802,0.3,0.2143,27.1798,27.0096,56.7394,64.0144,0.1714333333333334,0.91428,26.9052,26.6707,56.38346666666666,61.20408000000001,0.0243646610083802,0.15136349783196573
2025,South Waziristan (Lower),40,0.0143,24.7694,51.3844,820861,620.9389128094725,0.6689989235737352,6279.964208826696,0.3396259418729817,57,133,2,0.6943928387388364,1.6202499570572848,0.0243646610083802,0.4751108896634144,1.303509363948342,0.1949172880670417,0.0,0.3,26.5262,27.1798,48.3966,56.7394,0.1047666666666668,0.30286,26.158466666666666,26.28558,52.17346666666666,57.25818,0.1949172880670417,0.10088857663883996
2025,South Waziristan (Lower),41,0.0571,19.2274,54.5374,820861,620.9389128094725,0.6689989235737352,6279.964208826696,0.3396259418729817,39,107,16,0.4751108896634144,1.303509363948342,0.1949172880670417,0.8405808047891177,1.3887856774776728,0.0243646610083802,0.0143,0.0,24.7694,26.5262,51.3844,48.3966,0.0238000000000001,0.11714,23.507666666666665,24.94248,51.43946666666667,55.01444,0.0243646610083802,0.14823139424762083
2025,South Waziristan (Lower),42,0.0,21.6491,46.8314,820861,620.9389128094725,0.6689989235737352,6279.964208826696,0.3396259418729817,69,114,2,0.8405808047891177,1.3887856774776728,0.0243646610083802,0.8405808047891177,1.3887856774776728,0.4141992371424638,0.0571,0.0143,19.2274,24.7694,54.5374,51.3844,0.0238000000000001,0.07428,21.881966666666667,23.87038,50.91773333333333,51.57784,0.4141992371424638,0.10066790481202822
2025,South Waziristan (Lower),43,0.0,20.3125,42.8066,820861,620.9389128094725,0.6689989235737352,6279.964208826696,0.3396259418729817,69,114,34,0.8405808047891177,1.3887856774776728,0.4141992371424638,0.8649454657974981,0.9136747878142584,0.2680112710921825,0.0,0.0571,21.6491,19.2274,46.8314,54.5374,0.0190333333333334,0.0142799999999999,20.39633333333333,22.49692,48.05846666666667,48.79128000000001,0.2680112710921825,0.21608109441193055
2024,Sujawal,38,0.0,28.8393,73.0587,839292,620.9389128094725,0.6689989235737352,6279.964208826696,0.3396259418729817,1161,2458,6,13.833087888363048,29.286589172778964,0.071488826,20.898566887328844,29.27467436839622,0.1906368701238663,0.1462,0.2714,28.5445,28.4783,74.8234,78.0559,0.1392,4.34892,28.6207,28.760340000000003,75.31266666666666,75.96512,0.1906368701238663,0.1360435207900048
2024,Sujawal,39,0.0,29.5179,72.1973,839292,620.9389128094725,0.6689989235737352,6279.964208826696,0.3396259418729817,1754,2457,16,20.898566887328844,29.27467436839622,0.1906368701238663,18.32496914065665,24.389604571472145,0.083403631,0.0,0.1462,28.8393,28.5445,73.0587,74.8234,0.048733333,4.174639999999999,28.967233333333336,28.6673,73.3598,76.02868,0.083403631,0.21273157369139112
2024,Sujawal,40,0.0,29.3461,71.8882,839292,620.9389128094725,0.6689989235737352,6279.964208826696,0.3396259418729817,1538,2047,7,18.32496914065665,24.389604571472145,0.083403631,19.92155292794403,23.746205134804097,0.095318435,0.0,0.0,29.5179,28.8393,72.1973,73.0587,0.0,0.08352,29.23443333333333,28.94522,72.3814,74.0047,0.095318435,0.1319933426119142
2024,Sujawal,41,0.0,30.8197,49.5356,839292,620.9389128094725,0.6689989235737352,6279.964208826696,0.3396259418729817,1672,1993,8,19.92155292794403,23.746205134804097,0.095318435,15.882434242194613,24.73513389857165,0.071488826,0.0,0.0,29.3461,29.5179,71.8882,72.1973,0.0,0.02924,29.894566666666663,29.4135,64.54036666666667,68.30064,0.071488826,0.1455288300329487
2024,Sujawal,42,0.0571,31.0697,56.7823,839292,620.9389128094725,0.6689989235737352,6279.964208826696,0.3396259418729817,1333,2076,6,15.882434242194613,24.73513389857165,0.071488826,17.56242166016118,17.431358811951025,0.1787220657411246,0.0,0.0,30.8197,29.3461,49.5356,71.8882,0.0190333333333333,0.01142,30.41183333333333,29.91854,59.40203333333333,64.69242,0.1787220657411246,0.13446933583976742
2024,Sujawal,43,0.0,30.1239,56.5094,839292,620.9389128094725,0.6689989235737352,6279.964208826696,0.3396259418729817,1474,1463,15,17.56242166016118,17.431358811951025,0.1787220657411246,16.776044570900236,19.26623868689324,0.095318435,0.0571,0.0,31.0697,30.8197,56.7823,49.5356,0.0190333333333333,0.01142,30.6711,30.17546,54.27576666666667,61.38256,0.095318435,0.19901893063658943
2024,Sujawal,44,0.0,27.5887,67.0171,839292,620.9389128094725,0.6689989235737352,6279.964208826696,0.3396259418729817,1408,1617,8,16.776044570900236,19.26623868689324,0.095318435,10.260424379614546,20.605470815968182,0.0,0.0,0.0571,30.1239,31.0697,56.5094,56.7823,0.0190333333333333,0.01142,29.5941,29.789620000000003,60.10293333333334,60.34652,0.0,0.13207844382663692
2025,Sujawal,38,0.0571,28.1087,77.5918,945380,620.9389128094725,0.6689989235737352,6279.964208826696,0.3396259418729817,1916,3704,75,20.266982589011825,39.18001227019823,0.7933317819289598,27.44927965474201,18.4581861262138,0.6663986968203262,18.3429,2.5714,27.0465,28.8509,83.933,76.4291,6.990466666666666,7.611420000000001,28.002033333333333,28.597320000000003,79.31796666666668,78.90628000000001,0.6663986968203262,0.4941494426784432
2025,Sujawal,40,4.7857,28.6637,77.4017,945380,620.9389128094725,0.6689989235737352,6279.964208826696,0.3396259418729817,1200,2838,50,12.693308510863355,30.01967462819184,0.5288878546193065,16.057035266242146,16.279168165182256,0.3913770124182869,0.0429,0.0571,28.456,28.1087,75.2305,77.5918,1.6285666666666667,5.16,28.409466666666663,28.22516,76.74133333333334,78.11722,0.3913770124182869,0.3823459675769465
2025,Sujawal,41,0.0,26.9227,65.8683,945380,620.9389128094725,0.6689989235737352,6279.964208826696,0.3396259418729817,1518,1539,37,16.057035266242146,16.279168165182256,0.3913770124182869,14.766548900971038,21.769024096130657,0.6558209397279401,4.7857,0.0429,28.6637,28.456,77.4017,75.2305,1.6095333333333333,4.64572,28.01413333333333,27.83952,72.83350000000002,76.00506,0.6558209397279401,0.2797075559119428
2025,Sujawal,42,0.0,26.8301,49.0806,945380,620.9389128094725,0.6689989235737352,6279.964208826696,0.3396259418729817,1396,2058,62,14.766548900971038,21.769024096130657,0.6558209397279401,11.18068924665214,20.10831623262603,0.5923543971736234,0.0,4.7857,26.9227,28.6637,65.8683,77.4017,1.5952333333333335,0.97714,27.472166666666663,27.79624,64.11686666666667,69.03458,0.5923543971736234,0.48292526111120027
2025,Sujawal,43,0.0,27.2503,43.709,945380,620.9389128094725,0.6689989235737352,6279.964208826696,0.3396259418729817,1057,1901,56,11.18068924665214,20.10831623262603,0.5923543971736234,15.263703484313186,15.834902367302035,0.6981319680974846,0.0,0.0,26.8301,26.9227,49.0806,65.8683,0.0,0.96572,27.001033333333336,27.62456,52.88596666666667,62.25802,0.6981319680974846,0.45595173491751867
2024,Sukkur,37,0.5769,31.3177,65.5857,1639897,65.0,2.0,5165.0,0.75,4393,1875,2,26.78826779974596,11.433644917943017,0.0121958879124725,23.72100198975911,8.67737425,0.0548814956061264,1.0714,8.1556,30.9288,30.063,70.9788,74.4935,3.2679666666666662,7.512220000000001,30.76983333333333,30.80874,70.35266666666668,72.18806000000001,0.0548814956061264,0.11103796947723266
2024,Sukkur,38,0.0,32.2553,55.8313,1639897,65.0,2.0,5165.0,0.75,3890,1423,9,23.72100198975911,8.67737425,0.0548814956061264,28.495692107492115,9.738416498109332,0.0365876637374176,0.5769,1.0714,31.3177,30.9288,65.5857,70.9788,0.5494333333333333,3.1665000000000005,31.500599999999995,30.963379999999997,64.13193333333334,69.24628,0.0365876637374176,0.12624760564084367
2024,Sukkur,39,0.0,33.1809,55.2708,1639897,65.0,2.0,5165.0,0.75,4673,1597,6,28.495692107492115,9.738416498109332,0.0365876637374176,24.03199713152716,8.183440789269083,0.3170930857242863,0.0,0.5769,32.2553,31.3177,55.8313,65.5857,0.1923,1.9607800000000004,32.25129999999999,31.54914,58.89593333333334,64.43202,0.3170930857242863,0.13217217596849
2024,Sukkur,40,0.0,31.678,57.4588,1639897,65.0,2.0,5165.0,0.75,3941,1342,52,24.03199713152716,8.183440789269083,0.3170930857242863,25.91016387004793,7.335826579,0.0243917758249451,0.0,0.0,33.1809,32.2553,55.2708,55.8313,0.0,0.3296600000000007,32.3714,31.87214,56.18696666666667,61.02508,0.0243917758249451,0.30473397880195846
2024,Sukkur,41,0.0429,29.3586,52.0343,1639897,65.0,2.0,5165.0,0.75,4249,1203,4,25.91016387004793,7.335826579,0.0243917758249451,22.257495440262407,7.610234057382873,0.1890362626433245,0.0,0.0,31.678,33.1809,57.4588,55.2708,0.0143,0.1239600000000007,31.405833333333334,31.558100000000003,54.9213,57.23618,0.1890362626433245,0.1454580742606701
2024,Sukkur,42,0.0,29.2419,46.7556,1639897,65.0,2.0,5165.0,0.75,3650,1248,31,22.257495440262407,7.610234057382873,0.1890362626433245,20.726911507247102,6.695542463947431,0.091469159,0.0429,0.0,29.3586,31.678,52.0343,57.4588,0.0143,0.00858,30.09283333333333,31.14294,52.0829,53.47016,0.091469159,0.22540171337499615
2024,Sukkur,43,0.0,29.6357,40.3424,1639897,65.0,2.0,5165.0,0.75,3399,1098,15,20.726911507247102,6.695542463947431,0.091469159,22.800212452367436,5.908907693592951,0.097567103,0.0,0.0429,29.2419,29.3586,46.7556,52.0343,0.0143,0.00858,29.412066666666664,30.61902,46.37743333333333,50.37238,0.097567103,0.14837309531986184
2024,Sukkur,44,0.0,28.089,48.3511,1639897,65.0,2.0,5165.0,0.75,3739,969,16,22.800212452367436,5.908907693592951,0.097567103,8.894413308,8.321835451130202,0.050031075,0.0,0.0,29.6357,29.2419,40.3424,46.7556,0.0,0.00858,28.988866666666667,29.60064,45.1497,48.98844,0.050031075,0.1514711890851934
2025,Sukkur,37,6.5143,28.8152,75.9727,1798882,65.0,2.0,5165.0,0.75,2446,1361,64,13.597334344331648,7.565810319965401,0.3557765323128476,14.203266250926966,8.143947184973777,0.4058076071693418,0.0714,1.5714,32.8485,33.1634,58.8595,62.742,2.7190333333333334,1.7171400000000006,31.609033333333333,32.6503,65.85806666666667,59.80416,0.4058076071693418,0.29040109571205264
2025,Sukkur,38,0.0,31.1324,63.1637,1798882,65.0,2.0,5165.0,0.75,2555,1465,73,14.203266250926966,8.143947184973777,0.4058076071693418,17.588702316216406,7.676990486313166,0.5559008317388244,6.5143,0.0714,28.8152,32.8485,75.9727,58.8595,2.195233333333333,1.7171400000000006,30.932033333333333,32.08874000000001,65.99863333333333,62.20405999999999,0.5559008317388244,0.3497598098788371
2025,Sukkur,39,0.0,31.6571,53.714,1798882,65.0,2.0,5165.0,0.75,3164,1381,100,17.588702316216406,7.676990486313166,0.5559008317388244,16.037738995665084,7.349008995587259,0.3502175239954594,0.0,6.5143,31.1324,28.8152,63.1637,75.9727,2.1714333333333333,1.6314200000000008,30.534900000000004,31.52332,64.28346666666667,62.89037999999999,0.3502175239954594,0.4483331162018855
2025,Sukkur,40,0.0143,32.5509,50.6831,1798882,65.0,2.0,5165.0,0.75,2885,1322,63,16.037738995665084,7.349008995587259,0.3502175239954594,27.111283563902468,8.205096276,0.4002485988519536,0.0,0.0,31.6571,31.1324,53.714,63.1637,0.004766667,1.3200000000000007,31.78013333333333,31.40082,55.85360000000001,60.47860000000001,0.4002485988519536,0.3230252756914528
2025,Sukkur,41,0.0,28.1678,44.0514,1798882,65.0,2.0,5165.0,0.75,4877,1476,72,27.111283563902468,8.205096276,0.4002485988519536,25.17674866945136,7.738139577804437,0.3168634740911299,0.0143,0.0,32.5509,31.6571,50.6831,53.714,0.004766667,1.3057200000000009,30.791933333333333,30.46468,49.48283333333334,57.51698,0.3168634740911299,0.3813655723301166
2025,Sukkur,42,0.0,28.9202,32.2306,1798882,65.0,2.0,5165.0,0.75,4529,1392,57,25.17674866945136,7.738139577804437,0.3168634740911299,26.794420089811336,6.776431139,0.4613976903432243,0.0,0.0143,28.1678,32.5509,44.0514,50.6831,0.004766667,0.00286,29.87963333333333,30.48568,42.3217,48.76856,0.4613976903432243,0.29652645647783604
2025,Sukkur,43,0.0,28.6884,34.7294,1798882,65.0,2.0,5165.0,0.75,4820,1219,83,26.794420089811336,6.776431139,0.4613976903432243,20.562771766019114,6.804226180483211,0.7393481062126365,0.0,0.0,28.9202,28.1678,32.2306,44.0514,0.0,0.00286,28.592133333333333,29.99688,37.003800000000005,43.0817,0.7393481062126365,0.3656491203715715
2024,Surab,37,0.0692,20.6717,39.3366,279038,620.9389128094725,0.6689989235737352,6279.964208826696,0.3396259418729817,54,44,2,1.9352202925766384,1.576846164321705,0.071674826,1.7201958156236783,1.8277080541001585,0.071674826,0.8571,5.4444,20.8351,20.2868,57.6555,69.4432,2.1235666666666666,3.62842,20.597866666666665,20.95924,55.478433333333335,64.21598,0.071674826,0.10281574620160613
2024,Surab,38,0.0,21.9946,35.4613,279038,620.9389128094725,0.6689989235737352,6279.964208826696,0.3396259418729817,48,51,2,1.7201958156236783,1.8277080541001585,0.071674826,1.7560332284491718,2.0427325310531184,0.2150244769529598,0.0692,0.8571,20.6717,20.8351,39.3366,57.6555,0.3087666666666663,2.37128,21.16713333333333,20.93442,44.15113333333333,54.75808000000001,0.2150244769529598,0.11355030656217704
2024,Surab,39,0.0,23.2886,32.356,279038,620.9389128094725,0.6689989235737352,6279.964208826696,0.3396259418729817,49,57,6,1.7560332284491718,2.0427325310531184,0.2150244769529598,3.5120664568983435,2.723643374737491,0.0,0.0,0.0692,21.9946,20.6717,35.4613,39.3366,0.023066667,1.27414,21.984966666666665,21.41536,35.71796666666666,46.85052,0.0,0.20485449759413862
2024,Surab,40,0.45,20.9581,34.3028,279038,620.9389128094725,0.6689989235737352,6279.964208826696,0.3396259418729817,98,76,0,3.5120664568983435,2.723643374737491,0.0,4.945562969918076,1.5051713386707186,0.0,0.0,0.0,23.2886,21.9946,32.356,35.4613,0.1499999999999997,0.27526,22.08043333333333,21.54962,34.040033333333334,39.82244,0.0,0.16858615772087
2024,Surab,41,0.5143,16.8333,38.9033,279038,620.9389128094725,0.6689989235737352,6279.964208826696,0.3396259418729817,138,42,0,4.945562969918076,1.5051713386707186,0.0,5.483124162300475,1.397659100194239,0.0,0.45,0.0,20.9581,23.2886,34.3028,32.356,0.321433333,0.2067,20.36,20.74926,35.18736666666667,36.072,0.0,0.16343909940256357
2024,Surab,42,0.0,18.1779,21.9481,279038,620.9389128094725,0.6689989235737352,6279.964208826696,0.3396259418729817,153,39,0,5.483124162300475,1.397659100194239,0.0,1.0034475591138126,4.300489539059196,0.0,0.5143,0.45,16.8333,20.9581,38.9033,34.3028,0.321433333,0.1928599999999999,18.656433333333336,20.2505,31.71806666666666,32.594300000000004,0.0,0.13878588083139837
2024,Surab,43,0.0,18.2919,34.8776,279038,620.9389128094725,0.6689989235737352,6279.964208826696,0.3396259418729817,28,120,0,1.0034475591138126,4.300489539059196,0.0,1.0392849719393058,4.013790236,0.0,0.0,0.5143,18.1779,16.8333,21.9481,38.9033,0.171433333333333,0.1928599999999999,17.7677,19.50996,31.909666666666663,32.47756,0.0,0.11267750772501728
2024,Swabi,37,4.4308,26.8595,76.7451,1894600,340.0,2.0,1543.0,0.65,114,1538,46,0.6017101235089201,8.117808508392272,0.2427953129948274,0.5805974875963263,8.302544072627468,0.3325240156233506,8.5143,3.0333,26.9179,26.9207,80.1965,81.0058,5.326133333333334,6.0214,26.89936666666667,27.35052,79.31580000000001,79.75211999999999,0.3325240156233506,0.2822368724759983
2024,Swabi,38,0.0,27.0947,69.1998,1894600,340.0,2.0,1543.0,0.65,110,1573,63,0.5805974875963263,8.302544072627468,0.3325240156233506,0.4328090362081705,7.109680143565924,0.2058482001477884,4.4308,8.5143,26.8595,26.9179,76.7451,80.1965,4.315033333333333,3.681399999999999,26.95736666666667,27.135,75.38046666666666,77.29668000000001,0.2058482001477884,0.30576430616483774
2024,Swabi,39,7.2286,27.0107,74.6644,1894600,340.0,2.0,1543.0,0.65,82,1347,39,0.4328090362081705,7.109680143565924,0.2058482001477884,0.7231077800063338,7.178296210281854,0.6439353953341075,0.0,4.4308,27.0947,26.8595,69.1998,76.7451,3.8864666666666663,4.6414,26.9883,26.960700000000003,73.53643333333333,76.36232,0.6439353953341075,0.27901954644087035
2024,Swabi,40,1.5,24.9111,71.7053,1894600,340.0,2.0,1543.0,0.65,137,1360,122,0.7231077800063338,7.178296210281854,0.6439353953341075,0.5647630106618812,6.7665998099862765,0.30085506175446,7.2286,0.0,27.0107,27.0947,74.6644,69.1998,2.909533333333333,4.33474,26.338833333333337,26.55878,71.8565,74.50222,0.30085506175446,0.44980101678641826
2024,Swabi,41,0.4571,22.1813,67.6614,1894600,340.0,2.0,1543.0,0.65,107,1282,57,0.5647630106618812,6.7665998099862765,0.30085506175446,0.5647630106618812,6.544917132904042,0.6386572363559591,1.5,7.2286,24.9111,27.0107,71.7053,74.6644,3.0619,2.7233,24.70103333333333,25.61146,71.34370000000001,71.9952,0.6386572363559591,0.3135181979104382
2024,Swabi,42,0.0,22.4786,67.1094,1894600,340.0,2.0,1543.0,0.65,107,1240,121,0.5647630106618812,6.544917132904042,0.6386572363559591,0.3800274464266864,5.288715296104719,0.2164045181040852,0.4571,1.5,22.1813,24.9111,67.6614,71.7053,0.6523666666666667,1.83714,23.19033333333333,24.73528,68.82536666666668,70.06806,0.2164045181040852,0.42334842031608666
2024,Swabi,43,0.1714,21.4301,71.5441,1894600,340.0,2.0,1543.0,0.65,72,1002,41,0.3800274464266864,5.288715296104719,0.2164045181040852,0.5225377388366937,4.8136809880713605,0.1530666103663042,0.0,0.4571,22.4786,22.1813,67.1094,67.6614,0.2095,1.87142,22.03,23.60236,68.77163333333333,70.53692,0.1530666103663042,0.27580589778142217
2024,Swabi,44,0.2429,19.4316,80.2676,1894600,340.0,2.0,1543.0,0.65,99,912,29,0.5225377388366937,4.8136809880713605,0.1530666103663042,0.0,0.264860724,0.0,0.1714,0.0,21.4301,22.4786,71.5441,67.1094,0.1381,0.47428,21.113433333333333,22.086540000000003,72.97370000000001,71.65755999999999,0.0,0.13892501193017914
2025,Swabi,37,0.8714,28.1613,77.2495,1963296,340.0,2.0,1543.0,0.65,641,1659,46,3.264917770932147,8.450075791,0.2342998712369403,0.7894886965592555,6.67754633,0.2954215767770117,3.8286,25.5429,26.836,27.1173,77.6345,81.3508,10.080966666666669,11.117160000000002,27.37153333333333,27.9621,78.74493333333334,78.91141999999999,0.2954215767770117,0.26208503079797424
2025,Swabi,38,6.8429,26.8069,75.9852,1963296,340.0,2.0,1543.0,0.65,155,1311,58,0.7894886965592555,6.67754633,0.2954215767770117,0.8913582057927077,7.472128502273727,0.3259824295470474,0.8714,3.8286,28.1613,26.836,77.2495,77.6345,3.847633333333333,11.40002,27.26806666666667,27.5533,76.95640000000002,78.65812000000001,0.3259824295470474,0.2969821121974409
2025,Swabi,39,0.6,25.8313,72.5947,1963296,340.0,2.0,1543.0,0.65,175,1467,64,0.8913582057927077,7.472128502273727,0.3259824295470474,0.8709843039460172,6.886378824181377,0.2852346258536665,6.8429,0.8714,26.8069,28.1613,75.9852,77.2495,2.771433333333333,7.53716,26.933166666666665,26.95056,75.27646666666668,76.96294,0.2852346258536665,0.298614946281648
2025,Swabi,40,4.9429,23.8616,71.7846,1963296,340.0,2.0,1543.0,0.65,171,1352,56,0.8709843039460172,6.886378824181377,0.2852346258536665,0.6672452854791127,6.392311704399132,0.2597672485453034,0.6,6.8429,25.8313,26.8069,72.5947,75.9852,4.1286,3.41716,25.49993333333333,26.29942,73.45483333333334,75.0497,0.2597672485453034,0.2977460232642939
2025,Swabi,41,4.3143,19.5042,71.8377,1963296,340.0,2.0,1543.0,0.65,131,1255,51,0.6672452854791127,6.392311704399132,0.2597672485453034,0.7130865646341663,5.979740192003651,0.2699541994686486,4.9429,0.6,23.8616,25.8313,71.7846,72.5947,3.285733333333333,3.5143,23.065700000000003,24.83306,72.07233333333333,73.89034000000001,0.2699541994686486,0.27583902522674997
2025,Swabi,42,0.0,21.4077,68.7796,1963296,340.0,2.0,1543.0,0.65,140,1174,53,0.7130865646341663,5.979740192003651,0.2699541994686486,0.7130865646341663,5.979740192003651,0.2342998712369403,4.3143,4.9429,19.5042,23.8616,71.8377,71.7846,3.0857333333333337,3.34002,21.591166666666663,23.48234,70.80063333333334,72.19636,0.2342998712369403,0.28906869039472666
2025,Swabi,43,0.0,20.2631,64.4381,1963296,340.0,2.0,1543.0,0.65,140,1174,46,0.7130865646341663,5.979740192003651,0.2342998712369403,0.6774322364024579,4.782773458510586,0.2037390184669046,0.0,4.3143,21.4077,19.5042,68.7796,71.8377,1.4381000000000002,1.97144,20.39166666666667,22.17358,68.35180000000001,69.88694000000001,0.2037390184669046,0.2928445305570547
2025,Swat,37,1.6,24.5581,80.1007,2791410,980.0,1.0,5337.0,0.35,416,3898,57,1.4902862710959697,13.964268953682907,0.204197878491515,0.5552749327400848,12.62086185834399,0.2615165812259754,6.8143,10.5857,23.4042,24.287,81.1948,82.6717,6.333333333333333,7.77714,24.0831,24.71668,81.3224,82.70784,0.2615165812259754,0.20694910642193068
2025,Swat,38,8.8286,23.3846,74.2828,2791410,980.0,1.0,5337.0,0.35,155,3523,73,0.5552749327400848,12.62086185834399,0.2615165812259754,0.3976485002203187,11.71809229027624,0.125384662231632,1.6,6.8143,24.5581,23.4042,80.1007,81.1948,5.747633333333333,8.66572,23.782300000000003,24.25412,78.5261,81.15382000000001,0.125384662231632,0.20538134674701877
2025,Swat,39,0.3571,23.159,65.3212,2791410,980.0,1.0,5337.0,0.35,111,3271,35,0.3976485002203187,11.71809229027624,0.125384662231632,0.5122859056892395,9.482662883632289,0.3367473785649546,8.8286,1.6,23.3846,24.5581,74.2828,80.1007,3.595233333333334,5.6371400000000005,23.700566666666663,23.75858,73.2349,76.71423999999999,0.3367473785649546,0.15177681420111738
2025,Swat,40,1.4857,20.9796,63.7842,2791410,980.0,1.0,5337.0,0.35,143,2647,94,0.5122859056892395,9.482662883632289,0.3367473785649546,0.4800441354011055,8.594222991,0.1970330406497075,0.3571,8.8286,23.159,23.3846,65.3212,74.2828,3.5571333333333333,3.8171400000000006,22.50773333333333,23.0971,67.79606666666666,72.93674,0.1970330406497075,0.2706063008819718
2025,Swat,41,6.3143,17.0459,63.7779,2791410,980.0,1.0,5337.0,0.35,134,2399,55,0.4800441354011055,8.594222991,0.1970330406497075,0.4585496218756829,7.738024869,0.089560473,1.4857,0.3571,20.9796,23.159,63.7842,65.3212,2.7190333333333334,3.71714,20.39483333333333,21.82544,64.29443333333334,69.45336,0.089560473,0.19901124330306283
2025,Swat,42,0.0,19.1825,60.8635,2791410,980.0,1.0,5337.0,0.35,128,2160,25,0.4585496218756829,7.738024869,0.089560473,0.4585496218756829,7.738024869,0.007164838,6.3143,1.4857,17.0459,20.9796,63.7779,63.7842,2.6,3.3971400000000003,19.069333333333333,20.75032,62.80853333333334,65.60592,0.007164838,0.14659218536072627
2025,Swat,43,0.0143,18.0331,52.4166,2791410,980.0,1.0,5337.0,0.35,128,2160,2,0.4585496218756829,7.738024869,0.007164838,0.3582418920903772,7.139760909361219,0.2006154595706112,0.0,6.3143,19.1825,17.0459,60.8635,63.7779,2.1095333333333333,1.63428,18.087166666666665,19.680020000000003,59.01933333333333,61.23268,0.2006154595706112,0.1510923765081565
2024,Tando Allahyar,39,0.0,31.3593,63.5895,922012,18.0,0.0,2343.0,0.2,4809,1354,7,52.157672568252906,14.685275245875326,0.075920921,40.37908400324508,14.793733704116647,0.075920921,0.0,1.5154,30.2262,28.9353,66.439,74.4423,0.5051333333333328,3.5015,30.173600000000004,29.65026,68.15693333333333,71.93773999999999,0.075920921,0.21238859175108768
2024,Tando Allahyar,41,0.0,31.7816,38.743,922012,18.0,0.0,2343.0,0.2,4130,1344,12,44.793343253666976,14.57681679,0.1301501498895892,36.45288781490913,13.156010984672651,0.2169169164826488,0.0,0.0,31.1337,31.3593,61.7561,63.5895,0.0,0.30308,31.424866666666663,30.687220000000003,54.696200000000005,60.99398,0.2169169164826488,0.22166634148399342
2024,Tando Allahyar,42,0.0,32.2304,42.3237,922012,18.0,0.0,2343.0,0.2,3361,1213,20,36.45288781490913,13.156010984672651,0.2169169164826488,33.14490483854874,13.101781755551988,0.1518418415378541,0.0,0.0,31.7816,31.1337,38.743,61.7561,0.0,0.0,31.71523333333333,31.34624,47.6076,54.570260000000005,0.1518418415378541,0.3023192238304628
2024,Tando Allahyar,43,0.0,31.9069,35.4573,922012,18.0,0.0,2343.0,0.2,3056,1208,14,33.14490483854874,13.101781755551988,0.1518418415378541,22.70035531,10.553007986880864,0.086766767,0.0,0.0,32.2304,31.7816,42.3237,38.743,0.0,0.0,31.972966666666668,31.68238,38.84133333333333,48.37392,0.086766767,0.2600538605884889
2024,Tando Allahyar,44,0.0,29.5069,46.0799,922012,18.0,0.0,2343.0,0.2,2093,973,8,22.70035531,10.553007986880864,0.086766767,15.397219606056504,16.513962748215928,0.1087095094137493,0.0,0.0,31.9069,32.2304,35.4573,42.3237,0.0,0.0,31.21473333333334,31.3119,41.28696666666667,44.872,0.1087095094137493,0.2215061464486021
2025,Tando Allahyar,39,0.0286,29.484,66.918,1011871,18.0,0.0,2343.0,0.2,5058,1085,31,49.98660896497676,10.72271070126528,0.3063631628932937,36.80311027789116,13.084671860345834,2.0259499481653296,0.0,10.9571,28.4816,27.2429,75.9561,83.1094,3.6619,5.59144,28.402833333333334,29.16214,75.32783333333333,74.56222,2.0259499481653296,0.36806788355271913
2025,Tando Allahyar,42,0.0,28.6736,33.2672,1011871,18.0,0.0,2343.0,0.2,4405,1085,38,43.533217178869634,10.72271070126528,0.3755419416111342,36.971115883348766,8.993241233319267,0.55343023,0.0,0.9571,27.8697,29.6119,49.3578,69.6877,0.3190333333333327,0.1971399999999999,28.718400000000003,28.82416,50.770900000000005,59.03736,0.55343023,0.36700491111046085
2025,Tando Allahyar,43,0.0,28.0575,35.0501,1011871,18.0,0.0,2343.0,0.2,3741,910,56,36.971115883348766,8.993241233319267,0.55343023,30.49795873189369,8.795587579839722,0.3360112109152253,0.0,0.0,28.6736,27.8697,33.2672,49.3578,0.0,0.1971399999999999,28.200266666666664,28.73934000000001,39.225033333333336,50.85616,0.3360112109152253,0.4512413353923459
2024,Tando Muhammad Khan,37,1.7538,28.8133,74.5564,726119,14.0,2.0,1733.0,0.2,2565,1585,1,35.32478836,21.82837799313887,0.0137718473142831,30.50464180113728,21.002067154281875,0.041315542,3.2429,17.7,28.7782,28.5802,77.7014,79.0264,7.565566666666666,5.24792,28.723900000000004,29.28406,77.09473333333334,75.33272,0.041315542,0.106425525326164
2024,Tando Muhammad Khan,38,0.0,29.6564,69.524,726119,14.0,2.0,1733.0,0.2,2215,1525,3,30.50464180113728,21.002067154281875,0.041315542,27.92930635336632,20.630227276796223,0.0137718473142831,1.7538,3.2429,28.8133,28.7782,74.5564,77.7014,1.6655666666666669,4.72792,29.082633333333337,29.24232,73.92726666666667,74.2438,0.0137718473142831,0.11182972802684193
2024,Tando Muhammad Khan,39,0.0,30.3073,69.3592,726119,14.0,2.0,1733.0,0.2,2028,1498,1,27.92930635336632,20.630227276796223,0.0137718473142831,19.8314601325678,16.71902264,0.0,0.0,1.7538,29.6564,28.8133,69.524,74.5564,0.5846,4.53934,29.59233333333334,29.22708,71.14653333333332,74.03348,0.0,0.11914176451151842
2024,Tando Muhammad Khan,40,0.0,30.0441,67.8429,726119,14.0,2.0,1733.0,0.2,1440,1214,0,19.8314601325678,16.71902264,0.0,20.106897078853468,14.625701847768754,0.0,0.0,0.0,30.3073,29.6564,69.3592,69.524,0.0,0.99934,30.002600000000005,29.51986,68.9087,71.79678,0.0,0.13279008773691223
2024,Tando Muhammad Khan,41,0.0,31.2966,43.8017,726119,14.0,2.0,1733.0,0.2,1460,1062,0,20.106897078853468,14.625701847768754,0.0,17.917173355882436,13.262288963654717,0.0275436946285663,0.0,0.0,30.0441,30.3073,67.8429,69.3592,0.0,0.35076,30.549333333333337,30.023540000000004,60.3346,65.01684,0.0275436946285663,0.1414390354961642
2024,Tando Muhammad Khan,42,0.0,31.6466,48.9487,726119,14.0,2.0,1733.0,0.2,1301,963,2,17.917173355882436,13.262288963654717,0.0275436946285663,16.966915891196898,13.31737635291185,0.0,0.0,0.0,31.2966,30.0441,43.8017,67.8429,0.0,0.0,30.99576666666667,30.590200000000003,53.5311,59.8953,0.0,0.14094185667063674
2024,Tando Muhammad Khan,43,0.0,31.1186,43.287,726119,14.0,2.0,1733.0,0.2,1232,967,0,16.966915891196898,13.31737635291185,0.0,12.601240292569123,11.348002186969351,0.0,0.0,0.0,31.6466,31.2966,48.9487,43.8017,0.0,0.0,31.35393333333333,30.88264,45.3458,54.64790000000001,0.0,0.13295555626759448
2024,Tando Muhammad Khan,44,0.0,28.8493,54.0048,726119,14.0,2.0,1733.0,0.2,915,824,0,12.601240292569123,11.348002186969351,0.0,6.744513668025752,12.474906621475167,0.0,0.0,0.0,31.1186,31.6466,43.287,48.9487,0.0,0.0,30.53816666666667,30.591040000000003,48.746833333333335,51.577020000000005,0.0,0.13355422824317764
2025,Tando Muhammad Khan,37,12.5714,27.2002,83.3366,818443,14.0,2.0,1733.0,0.2,2604,1668,121,31.81651012959974,20.38016086642564,1.4784169453462246,34.981055491952404,21.272098362378323,1.7716566700429963,2.8,13.0286,30.0761,29.7362,69.761,80.8638,9.466666666666669,5.851440000000001,29.004166666666663,29.71198,77.98713333333333,73.21202,1.7716566700429963,0.6288783452753655
2025,Tando Muhammad Khan,38,0.0429,28.5076,75.8615,818443,14.0,2.0,1733.0,0.2,2863,1741,145,34.981055491952404,21.272098362378323,1.7716566700429963,34.59006919235671,16.80019256075255,1.270705473686011,12.5714,2.8,27.2002,30.0761,83.3366,69.761,5.1381,5.85144,28.594633333333334,29.35066,76.3197,75.02996,1.270705473686011,0.6595689844973662
2025,Tando Muhammad Khan,39,0.0,29.1892,69.4328,818443,14.0,2.0,1733.0,0.2,2831,1375,104,34.59006919235671,16.80019256075255,1.270705473686011,25.52407437048151,15.749416880589118,0.6597893805677365,0.0429,12.5714,28.5076,27.2002,75.8615,83.3366,4.204766666666667,5.68858,28.299000000000003,28.94186,76.2103,75.85114,0.6597893805677365,0.663595932612075
2025,Tando Muhammad Khan,40,2.8,29.3618,72.1852,818443,14.0,2.0,1733.0,0.2,2089,1289,54,25.52407437048151,15.749416880589118,0.6597893805677365,24.47329869031808,19.06058210529017,0.9896840708516048,0.0,0.0429,29.1892,28.5076,69.4328,75.8615,0.9476333333333332,3.64286,29.01953333333334,28.86698,72.49316666666667,74.11542,0.9896840708516048,0.49736745776471986
2025,Tando Muhammad Khan,41,0.0,27.5764,55.3799,818443,14.0,2.0,1733.0,0.2,2003,1560,81,24.47329869031808,19.06058210529017,0.9896840708516048,25.548511014206245,14.319873222692356,1.0874306457505287,2.8,0.0,29.3618,29.1892,72.1852,69.4328,0.9333333333333332,3.08286,28.709133333333337,28.367040000000003,65.66596666666666,71.23920000000001,1.0874306457505287,0.5709039729157008
2025,Tando Muhammad Khan,42,0.0,28.1038,37.2375,818443,14.0,2.0,1733.0,0.2,2091,1172,89,25.548511014206245,14.319873222692356,1.0874306457505287,17.411108653870823,9.408107834021427,1.0019023927139703,0.0,2.8,27.5764,29.3618,55.3799,72.1852,0.9333333333333332,0.56858,28.34733333333333,28.54776,54.9342,62.01938,1.0019023927139703,0.6479202170289158
2025,Tando Muhammad Khan,43,0.0,28.866,31.2365,818443,14.0,2.0,1733.0,0.2,1425,770,82,17.411108653870823,9.408107834021427,1.0019023927139703,16.250368076946106,11.082017929165502,1.0629940020257975,0.0,0.0,28.1038,27.5764,37.2375,55.3799,0.0,0.5599999999999999,28.182066666666667,28.619440000000004,41.28463333333333,53.09438,1.0629940020257975,0.5669728884911523
2024,Tank,37,2.6615,28.9096,72.8749,470293,250.0,0.0,1679.0,0.2,274,366,24,5.826155184108631,7.782382472203499,0.5103201621117048,7.144482269563867,7.293325650179781,0.2976867612318278,6.6571,15.0111,28.6999,28.7525,77.0942,74.6533,8.109900000000001,7.188799999999999,28.787333333333333,29.0928,74.87413333333333,75.6955,0.2976867612318278,0.39221980983209526
2024,Tank,38,0.0,30.3086,52.1088,470293,250.0,0.0,1679.0,0.2,336,343,14,7.144482269563867,7.293325650179781,0.2976867612318278,10.504090003465926,8.930602836954835,0.2551600810558524,2.6615,6.6571,28.9096,28.6999,72.8749,77.0942,3.1062,5.485939999999999,29.306033333333332,29.180060000000005,67.35929999999999,70.72038,0.2551600810558524,0.30983482913487986
2024,Tank,39,0.9143,30.5005,61.8538,470293,250.0,0.0,1679.0,0.2,494,420,12,10.504090003465926,8.930602836954835,0.2551600810558524,10.54661668,8.080069233435326,0.0,0.0,2.6615,30.3086,28.9096,52.1088,72.8749,1.1919333333333333,5.0488,29.906233333333333,29.43422,62.27916666666666,67.717,0.0,0.27968386140522666
2024,Tank,40,0.1875,29.5412,48.7088,470293,250.0,0.0,1679.0,0.2,496,380,0,10.54661668,8.080069233435326,0.0,11.312096926809458,7.463432370883684,0.3827401215837786,0.9143,0.0,30.5005,30.3086,61.8538,52.1088,0.3672666666666666,2.08408,30.116766666666667,29.59196,54.22379999999999,62.5281,0.3827401215837786,0.21371629925693947
2024,Tank,41,0.2286,27.0529,42.4688,470293,250.0,0.0,1679.0,0.2,532,351,18,11.312096926809458,7.463432370883684,0.3827401215837786,13.927487757631944,9.823663120650318,0.0212633400879877,0.1875,0.9143,29.5412,30.5005,48.7088,61.8538,0.4434666666666667,0.7983800000000001,29.03153333333333,29.26256,51.010466666666666,55.60302,0.0212633400879877,0.3300517413499824
2024,Tank,42,0.0,27.1836,37.9048,470293,250.0,0.0,1679.0,0.2,655,462,1,13.927487757631944,9.823663120650318,0.0212633400879877,14.395281239567677,7.229535629915818,0.3189501013198155,0.2286,0.1875,27.0529,29.5412,42.4688,48.7088,0.1387,0.26608,27.9259,28.917359999999995,43.02746666666666,48.609,0.3189501013198155,0.21063859239718002
2024,Tank,43,0.0,26.7711,47.2517,470293,250.0,0.0,1679.0,0.2,677,340,15,14.395281239567677,7.229535629915818,0.3189501013198155,12.843057413144573,6.953112208771978,0.3402134414078032,0.0,0.2286,27.1836,27.0529,37.9048,42.4688,0.0762,0.26608,27.00253333333333,28.20986,42.54176666666666,47.63758,0.3402134414078032,0.311049930263343
2024,Tank,44,0.0,24.1407,58.7149,470293,250.0,0.0,1679.0,0.2,604,327,16,12.843057413144573,6.953112208771978,0.3402134414078032,0.0,1.1847087943472467,0.0,0.0,0.0,26.7711,27.1836,47.2517,37.9048,0.0,0.08322,26.0318,26.937900000000003,47.95713333333333,47.0098,0.0,0.14397090274172059
2025,Tank,37,0.1714,30.9931,65.0947,472690,250.0,0.0,1679.0,0.2,54,565,5,1.142397765977702,11.952865514396327,0.1057775709238613,5.013856861791026,12.375975798091773,0.042311028,4.0429,10.7857,29.4857,30.3309,66.625,70.0088,5.0,3.0914200000000003,30.2699,31.660540000000005,67.24283333333334,62.95462,0.042311028,0.18624672218637567
2025,Tank,38,0.6286,31.4267,58.0939,472690,250.0,0.0,1679.0,0.2,237,585,2,5.013856861791026,12.375975798091773,0.042311028,7.065941737713935,14.068416932873554,0.0211555141847722,0.1714,4.0429,30.9931,29.4857,65.0947,66.625,1.6143,3.1857200000000003,30.635166666666667,31.19274,63.27119999999999,63.38618,0.0211555141847722,0.19665989395093167
2025,Tank,39,0.0,30.2904,54.7517,472690,250.0,0.0,1679.0,0.2,334,665,1,7.065941737713935,14.068416932873554,0.0211555141847722,8.737227358310944,13.94148384776492,0.0,0.6286,0.1714,31.4267,30.9931,58.0939,65.0947,0.2666666666666666,3.1257200000000003,30.9034,30.505360000000003,59.31343333333333,62.91482,0.0,0.18304592939872188
2025,Tank,40,1.3286,28.4999,54.7621,472690,250.0,0.0,1679.0,0.2,413,659,0,8.737227358310944,13.94148384776492,0.0,5.013856861791026,14.343438617275591,0.0,0.0,0.6286,30.2904,31.4267,54.7517,58.0939,0.6524,1.2343,30.072333333333333,30.13916,55.86923333333332,59.865480000000005,0.0,0.19496873763899703
2025,Tank,41,0.3,23.3002,56.0402,472690,250.0,0.0,1679.0,0.2,237,678,0,5.013856861791026,14.343438617275591,0.0,7.467896507224608,13.58184010662379,0.0,1.3286,0.0,28.4999,30.2904,54.7621,54.7517,0.5428666666666667,0.48572,27.3635,28.90206,55.18466666666666,57.74852,0.0,0.20022208316651963
2025,Tank,42,0.0,24.8636,53.2352,472690,250.0,0.0,1679.0,0.2,353,642,0,7.467896507224608,13.58184010662379,0.0,7.467896507224608,13.58184010662379,0.0,0.3,1.3286,23.3002,28.4999,56.0402,54.7621,0.5428666666666667,0.45144,25.55456666666667,27.67616,54.67916666666667,55.37662,0.0,0.1954639282703425
2025,Tank,43,0.0,23.8598,48.7791,472690,250.0,0.0,1679.0,0.2,353,642,0,7.467896507224608,13.58184010662379,0.0,6.621675939833718,13.666462163362882,0.0,0.0,0.3,24.8636,23.3002,53.2352,56.0402,0.1,0.32572,24.00786666666667,26.162780000000005,52.68483333333333,53.51366,0.0,0.20412526760583805
2024,Tharparkar,37,3.7154,28.2678,77.9919,1778407,56.0,0.0,19638.0,0.35,4635,3989,67,26.06265045065612,22.430186116001565,0.3767416569997756,25.29792111704464,20.771398223241363,0.1574442745670704,6.9,19.3222,27.887,27.8313,82.903,82.6859,9.9792,6.55324,27.99536666666667,28.914480000000005,81.1936,77.18064000000001,0.1574442745670704,0.318640061259575
2024,Tharparkar,38,0.0714,30.6579,62.2928,1778407,56.0,0.0,19638.0,0.35,4499,3694,28,25.29792111704464,20.771398223241363,0.1574442745670704,28.82354826538582,18.73586867348138,0.2586584510744728,3.7154,6.9,28.2678,27.887,77.9919,82.903,3.5622666666666656,6.29894,28.93756666666667,29.18174,74.3959,74.14096,0.2586584510744728,0.20210788939531754
2024,Tharparkar,39,0.4143,31.3528,63.1361,1778407,56.0,0.0,19638.0,0.35,5126,3332,46,28.82354826538582,18.73586867348138,0.2586584510744728,22.334594949300133,14.265575877737772,0.1743133039849708,0.0714,3.7154,30.6579,28.2678,62.2928,77.9919,1.4003666666666656,6.084659999999999,30.09283333333333,29.19936,67.80693333333333,73.80194,0.1743133039849708,0.27213643963207906
2024,Tharparkar,40,0.0,30.9964,60.3767,1778407,56.0,0.0,19638.0,0.35,3972,2537,31,22.334594949300133,14.265575877737772,0.1743133039849708,23.048717194657915,13.967556358021533,0.2305434020446388,0.4143,0.0714,31.3528,30.6579,63.1361,62.2928,0.1618999999999988,2.2202199999999994,31.00236666666667,29.83238,61.9352,69.34009999999999,0.2305434020446388,0.22353674246557925
2024,Tharparkar,41,0.3714,31.6281,46.2548,1778407,56.0,0.0,19638.0,0.35,4099,2484,41,23.048717194657915,13.967556358021533,0.2305434020446388,20.24845831128645,11.420332915918571,0.2417894216565724,0.0,0.4143,30.9964,31.3528,60.3767,63.1361,0.2618999999999988,0.9144999999999992,31.32576666666667,30.5806,56.589200000000005,62.01046000000001,0.2417894216565724,0.2829445796690367
2024,Tharparkar,42,0.0571,31.4299,53.5634,1778407,56.0,0.0,19638.0,0.35,3601,2031,43,20.24845831128645,11.420332915918571,0.2417894216565724,19.275677614854192,10.762440768620456,0.1180832059253028,0.3714,0.0,31.6281,30.9964,46.2548,60.3767,0.1428333333333321,0.1828399999999992,31.35146666666667,31.21302,53.398300000000006,57.12476,0.1180832059253028,0.2816351404673165
2024,Tharparkar,43,0.0,31.1222,42.4608,1778407,56.0,0.0,19638.0,0.35,3428,1914,21,19.275677614854192,10.762440768620456,0.1180832059253028,11.403463886500672,8.271447424577163,0.1180832059253028,0.0571,0.3714,31.4299,31.6281,53.5634,46.2548,0.1428333333333321,0.1685599999999993,31.393400000000003,31.30588,47.42633333333333,53.15836,0.1180832059253028,0.18328969742290946
2024,Tharparkar,44,0.0,29.1662,40.7142,1778407,56.0,0.0,19638.0,0.35,2028,1471,21,11.403463886500672,8.271447424577163,0.1180832059253028,10.312182914161731,8.131434461239827,0.1153039411889741,0.0,0.0571,31.1222,31.4299,42.4608,53.5634,0.019033333,0.0857,30.572766666666663,30.86856,45.57946666666667,48.67397999999999,0.1153039411889741,0.18229625709716957
2025,Tharparkar,37,5.6429,27.1492,83.1617,1994728,56.0,0.0,19638.0,0.35,3146,2447,0,15.77157386871794,12.267336699539989,0.0,20.43887687945424,12.41271992973478,0.005013215,15.0571,14.0143,29.6091,28.9823,72.7079,84.9886,11.571433333333331,7.311439999999999,28.580200000000005,29.262580000000003,80.28606666666667,75.87368,0.005013215,0.13371037912868217
2025,Tharparkar,38,0.0714,28.9123,72.8259,1994728,56.0,0.0,19638.0,0.35,4077,2476,1,20.43887687945424,12.41271992973478,0.005013215,21.4665859204864,11.04411228,0.0,5.6429,15.0571,27.1492,29.6091,83.1617,72.7079,6.923799999999999,7.3,28.556866666666675,29.00686,76.23183333333333,76.93028,0.0,0.13548014074398862
2025,Tharparkar,39,0.0,29.9611,62.2472,1994728,56.0,0.0,19638.0,0.35,4282,2203,0,21.4665859204864,11.04411228,0.0,17.801925876610746,9.635398911530794,0.1905021637035224,0.0714,5.6429,28.9123,27.1492,72.8259,83.1617,1.9047666666666652,6.95714,28.674200000000003,28.922799999999995,72.74493333333334,75.18625999999999,0.1905021637035224,0.1449371812555263
2025,Tharparkar,40,2.7,28.6811,75.499,1994728,56.0,0.0,19638.0,0.35,3551,1922,38,17.801925876610746,9.635398911530794,0.1905021637035224,19.601670002125605,10.5778833003798,0.0100264296686064,0.0,0.0714,29.9611,28.9123,62.2472,72.8259,0.9238,4.69428,29.18483333333334,28.862559999999995,70.1907,73.28833999999999,0.0100264296686064,0.23704875897692373
2025,Tharparkar,41,0.1,27.0963,59.5271,1994728,56.0,0.0,19638.0,0.35,3910,2110,2,19.601670002125605,10.5778833003798,0.0100264296686064,18.56894774625914,8.081302312896796,0.0100264296686064,2.7,0.0,28.6811,29.9611,75.499,62.2472,0.9333333333333322,1.7028599999999998,28.579500000000007,28.360000000000003,65.75776666666665,70.65218,0.0100264296686064,0.14548384154751093
2025,Tharparkar,42,0.0,27.9528,39.4158,1994728,56.0,0.0,19638.0,0.35,3704,1612,2,18.56894774625914,8.081302312896796,0.0100264296686064,15.80165315772376,8.753073100693427,0.015039645,0.1,2.7,27.0963,28.6811,59.5271,75.499,0.9333333333333322,0.5742799999999997,27.91006666666667,28.52072,58.1473,61.903,0.015039645,0.1714484823353368
2025,Tharparkar,43,0.0,28.6695,34.4992,1994728,56.0,0.0,19638.0,0.35,3152,1746,3,15.80165315772376,8.753073100693427,0.015039645,14.438058722793285,7.434597599271679,0.005013215,0.0,0.1,27.9528,27.0963,39.4158,59.5271,0.033333333,0.5599999999999997,27.9062,28.47216,44.48069999999999,54.23765999999999,0.005013215,0.19279651998690767
2024,Thatta,37,0.2231,28.2686,77.0179,1083191,10.0,2.0,17355.0,0.35,2911,1331,10,26.874300100351647,12.287768269861918,0.092319822,5.409941552320874,4.126696030524625,0.092319822,0.3857,19.4111,28.0468,28.1668,81.4728,80.7467,6.673300000000001,4.24398,28.16073333333333,28.79158,79.74579999999999,77.51737999999999,0.092319822,0.20521020309568935
2024,Thatta,38,0.0,28.9959,72.6609,1083191,10.0,2.0,17355.0,0.35,586,447,10,5.409941552320874,4.126696030524625,0.092319822,16.94068728414472,19.119435076546974,0.092319822,0.2231,0.3857,28.2686,28.0468,77.0179,81.4728,0.2029333333333345,4.11256,28.4371,28.67926,77.05053333333332,76.83655999999999,0.092319822,0.23529679942370746
2024,Thatta,39,0.0,29.6241,71.7022,1083191,10.0,2.0,17355.0,0.35,1835,2071,10,16.94068728414472,19.119435076546974,0.092319822,9.555101547187892,14.143396686272318,0.073855857,0.0,0.2231,28.9959,28.2686,72.6609,77.0179,0.074366667,4.00398,28.962866666666667,28.62044,73.79366666666665,76.7201,0.073855857,0.20275797827620098
2024,Thatta,40,0.0,29.6936,70.276,1083191,10.0,2.0,17355.0,0.35,1035,1532,8,9.555101547187892,14.143396686272318,0.073855857,13.894133167650024,16.063648977881094,0.1107837860543523,0.0,0.0,29.6241,28.9959,71.7022,72.6609,0.0,0.12176,29.437866666666668,28.9258,71.54636666666666,74.62595999999999,0.1107837860543523,0.20062056928324123
2024,Thatta,41,0.0,31.8798,43.4347,1083191,10.0,2.0,17355.0,0.35,1505,1740,12,13.894133167650024,16.063648977881094,0.1107837860543523,14.743475527400062,15.685137708862056,0.1569436969103325,0.0,0.0,29.6936,29.6241,70.276,71.7022,0.0,0.04462,30.399166666666662,29.6924,61.80429999999999,67.01834,0.1569436969103325,0.22908045644968794
2024,Thatta,42,0.0,31.6209,53.1191,1083191,10.0,2.0,17355.0,0.35,1597,1699,17,14.743475527400062,15.685137708862056,0.1569436969103325,13.97722100719079,16.045185013538703,0.092319822,0.0,0.0,31.8798,29.6936,43.4347,70.276,0.0,0.0,31.064766666666667,30.36286,55.60993333333332,62.23858,0.092319822,0.272188491549973
2024,Thatta,43,0.0,31.1131,51.8547,1083191,10.0,2.0,17355.0,0.35,1514,1738,10,13.97722100719079,16.045185013538703,0.092319822,5.363781641464894,6.360835715954065,0.1200157682255484,0.0,0.0,31.6209,31.8798,53.1191,43.4347,0.0,0.0,31.53793333333333,30.7863,49.46949999999999,58.07733999999999,0.1200157682255484,0.19829680415114107
2024,Thatta,44,0.0,28.0902,65.9934,1083191,10.0,2.0,17355.0,0.35,581,689,13,5.363781641464894,6.360835715954065,0.1200157682255484,8.423739414,10.432607130467517,0.016881241,0.0,0.0,31.1131,31.6209,51.8547,53.1191,0.0,0.0,30.27473333333333,30.47952,56.989066666666666,56.93558,0.016881241,0.23221444258982207
2025,Thatta,37,15.1429,27.0512,83.596,1184747,10.0,2.0,17355.0,0.35,2312,1517,102,19.514714956020143,12.804421534724291,0.8609433068832417,28.883803883867188,15.184676559636785,0.920027651,3.1143,16.0,28.6732,29.2676,77.1403,82.3565,11.419066666666668,6.997159999999999,28.33066666666667,28.76234,81.03093333333332,78.04223999999999,0.920027651,0.615991776579291
2025,Thatta,38,0.0857,27.9843,78.7473,1184747,10.0,2.0,17355.0,0.35,3422,1799,109,28.883803883867188,15.184676559636785,0.920027651,15.8936886947171,8.913295412438266,0.6921308937688806,15.1429,3.1143,27.0512,28.6732,83.596,77.1403,6.114300000000001,6.96858,27.9029,28.558660000000003,79.82786666666665,79.01982,0.6921308937688806,0.6143049014670459
2025,Thatta,39,0.1286,28.2855,76.4434,1184747,10.0,2.0,17355.0,0.35,1883,1056,82,15.8936886947171,8.913295412438266,0.6921308937688806,11.833750159316716,9.436613893092789,0.9284682721289862,0.0857,15.1429,27.9843,27.0512,78.7473,83.596,5.119066666666668,6.894299999999999,27.773666666666667,28.25236,79.59556666666666,79.65669999999999,0.9284682721289862,0.5625154880617077
2025,Thatta,40,3.7286,28.8018,76.1334,1184747,10.0,2.0,17355.0,0.35,1402,1118,110,11.833750159316716,9.436613893092789,0.9284682721289862,19.312140060282918,11.901275124562458,0.8018589622932153,0.1286,0.0857,28.2855,27.9843,76.4434,78.7473,1.3143000000000014,4.44002,28.3572,28.15920000000001,77.10803333333332,78.41207999999999,0.8018589622932153,0.679914906264005
2025,Thatta,41,0.0,27.009,65.2366,1184747,10.0,2.0,17355.0,0.35,2288,1410,95,19.312140060282918,11.901275124562458,0.8018589622932153,18.873227786185574,11.867512641939587,0.5655215839331098,3.7286,0.1286,28.8018,28.2855,76.1334,76.4434,1.2857333333333345,3.81716,28.0321,27.82636,72.60446666666665,76.03133999999999,0.5655215839331098,0.5995181194854406
2025,Thatta,42,0.0,27.1664,46.2227,1184747,10.0,2.0,17355.0,0.35,2236,1406,67,18.873227786185574,11.867512641939587,0.5655215839331098,25.929586654365867,12.525881053085596,0.9453495134404224,0.0,3.7286,27.009,28.8018,65.2366,76.1334,1.242866666666668,0.7885800000000001,27.659066666666664,27.849400000000003,62.5309,68.55668,0.9453495134404224,0.5056992882956648
2025,Thatta,43,0.0,27.3033,42.1825,1184747,10.0,2.0,17355.0,0.35,3072,1484,112,25.929586654365867,12.525881053085596,0.9453495134404224,17.396119171434915,11.740903332103816,0.7934183416374972,0.0,0.0,27.1664,27.009,46.2227,65.2366,0.0,0.77144,27.159566666666667,27.7132,51.21393333333332,61.24371999999998,0.7934183416374972,0.6394121616973933
2024,Tor Ghar,37,3.0846,26.3549,77.9791,200445,620.9389128094725,0.6689989235737352,6279.964208826696,0.3396259418729817,113,107,6,5.637456658933872,5.338122677043578,0.2993339818902941,7.682905535184216,6.0365686347875975,0.0,4.5714,5.5556,26.4177,26.6568,81.2021,80.1452,4.403866666666667,4.10518,26.476466666666667,26.9639,79.77546666666667,80.15512,0.0,0.3939989216382281
2024,Tor Ghar,38,0.0,26.7624,68.6055,200445,620.9389128094725,0.6689989235737352,6279.964208826696,0.3396259418729817,154,121,0,7.682905535184216,6.0365686347875975,0.0,5.737234652897303,3.641896779665245,0.0498889969817156,3.0846,4.5714,26.3549,26.4177,77.9791,81.2021,2.552,3.2423199999999994,26.511666666666667,26.74606,75.9289,77.42438,0.0498889969817156,0.264486876703479
2024,Tor Ghar,39,4.3857,27.0058,72.2162,200445,620.9389128094725,0.6689989235737352,6279.964208826696,0.3396259418729817,115,73,1,5.737234652897303,3.641896779665245,0.0498889969817156,3.3924517947566666,2.6940058370126465,0.0498889969817156,0.0,3.0846,26.7624,26.3549,68.6055,77.9791,2.4901,3.51946,26.7077,26.63952,72.9336,76.02962,0.0498889969817156,0.2700656827501948
2024,Tor Ghar,40,0.3625,24.8031,68.5344,200445,620.9389128094725,0.6689989235737352,6279.964208826696,0.3396259418729817,68,54,1,3.3924517947566666,2.6940058370126465,0.0498889969817156,5.038788695153284,3.143006809848088,0.0498889969817156,4.3857,0.0,27.0058,26.7624,72.2162,68.6055,1.582733333333333,2.48084,26.19043333333333,26.26878,69.78536666666668,73.70746,0.0498889969817156,0.29616368112785973
2024,Tor Ghar,41,1.7714,22.2115,64.7156,200445,620.9389128094725,0.6689989235737352,6279.964208826696,0.3396259418729817,101,63,1,5.038788695153284,3.143006809848088,0.0498889969817156,5.338122677043578,1.9456708822869115,0.3991119758537255,0.3625,4.3857,24.8031,27.0058,68.5344,72.2162,2.1732,1.92084,24.673466666666663,25.42754,68.48873333333334,70.41015999999999,0.3991119758537255,0.2770100032207228
2024,Tor Ghar,42,0.0,22.4903,60.4931,200445,620.9389128094725,0.6689989235737352,6279.964208826696,0.3396259418729817,107,39,8,5.338122677043578,1.9456708822869115,0.3991119758537255,3.741674773628676,1.4467809124697546,0.0,1.7714,0.3625,22.2115,24.8031,64.7156,68.5344,0.7113,1.3039200000000002,23.1683,24.65462,64.58103333333334,66.91296,0.0,0.35659524196680004
2024,Tor Ghar,43,0.0429,21.6618,64.8871,200445,620.9389128094725,0.6689989235737352,6279.964208826696,0.3396259418729817,75,29,0,3.741674773628676,1.4467809124697546,0.0,2.7937838309760785,1.5465589064331862,0.0498889969817156,0.0,1.7714,22.4903,22.2115,60.4931,64.7156,0.6047666666666667,1.3125,22.1212,23.6345,63.36526666666666,66.16928,0.0498889969817156,0.24991838971404143
2024,Tor Ghar,44,0.0143,19.4582,75.6763,200445,620.9389128094725,0.6689989235737352,6279.964208826696,0.3396259418729817,56,31,1,2.7937838309760785,1.5465589064331862,0.0498889969817156,0.0,1.741435523349748,0.0,0.0429,0.0,21.6618,22.4903,64.8871,60.4931,0.0190666666666666,0.43822,21.203433333333333,22.12498,67.01883333333333,66.8613,0.0,0.1503366094842241
2025,Tor Ghar,37,0.7714,27.679,77.0435,206726,620.9389128094725,0.6689989235737352,6279.964208826696,0.3396259418729817,0,100,1,0.0,4.837320898193744,0.048373209,3.869856718554996,4.305215599392432,0.2902392538916247,1.9286,13.6429,26.1781,26.646,79.4175,82.9643,5.447633333333333,6.2,26.834366666666664,27.45156,79.80843333333333,80.19394,0.2902392538916247,0.2825874118763089
2025,Tor Ghar,38,5.2857,26.7525,76.3553,206726,620.9389128094725,0.6689989235737352,6279.964208826696,0.3396259418729817,80,89,6,3.869856718554996,4.305215599392432,0.2902392538916247,4.934067316,5.272679779031182,1.2577034335303736,0.7714,1.9286,27.679,26.1781,77.0435,79.4175,2.6619000000000006,6.60572,26.869866666666667,27.13924,77.60543333333334,79.64208,1.2577034335303736,0.3862246899265712
2025,Tor Ghar,39,0.6143,25.8951,71.0508,206726,620.9389128094725,0.6689989235737352,6279.964208826696,0.3396259418729817,102,109,26,4.934067316,5.272679779031182,1.2577034335303736,4.353588808,4.2084691814285575,0.0,5.2857,0.7714,26.7525,27.679,76.3553,77.0435,2.2238000000000007,4.44858,26.77553333333333,26.63014,74.81653333333333,77.36628,0.0,0.7272041461300567
2025,Tor Ghar,40,1.9714,23.8412,72.8066,206726,620.9389128094725,0.6689989235737352,6279.964208826696,0.3396259418729817,90,87,0,4.353588808,4.2084691814285575,0.0,4.353588808,3.4344978377175583,0.096746418,0.6143,5.2857,25.8951,26.7525,71.0508,76.3553,2.623800000000001,2.11428,25.496266666666667,26.06918,73.40423333333332,75.33474,0.096746418,0.295683159701293
2025,Tor Ghar,41,5.2571,19.4823,70.5666,206726,620.9389128094725,0.6689989235737352,6279.964208826696,0.3396259418729817,90,71,2,4.353588808,3.4344978377175583,0.096746418,4.450335226338245,3.773110300591121,0.0,1.9714,0.6143,23.8412,25.8951,72.8066,71.0508,2.6142666666666674,2.779980000000001,23.072866666666663,24.73002,71.47466666666666,73.56456,0.0,0.2901521631243319
2025,Tor Ghar,42,0.0,21.3659,70.0358,206726,620.9389128094725,0.6689989235737352,6279.964208826696,0.3396259418729817,92,78,0,4.450335226338245,3.773110300591121,0.0,4.450335226338245,3.773110300591121,1.0642105976026237,5.2571,1.9714,19.4823,23.8412,70.5666,72.8066,2.409500000000001,2.6257000000000006,21.56313333333333,23.4674,71.13633333333333,72.16302,1.0642105976026237,0.28490360007084853
2025,Tor Ghar,43,0.0,20.4284,62.2582,206726,620.9389128094725,0.6689989235737352,6279.964208826696,0.3396259418729817,92,78,22,4.450335226338245,3.773110300591121,1.0642105976026237,4.353588808,4.305215599392432,0.0,0.0,5.2571,21.3659,19.4823,70.0358,70.5666,1.7523666666666673,1.5685600000000002,20.42553333333333,22.20258,67.6202,69.3436,0.0,0.7351486855353584
2024,Umerkot,37,3.5077,29.0458,74.1211,1159831,12.0,0.0,5608.0,0.35,3642,2300,34,31.40112654343607,19.830475302005205,0.2931461566383378,29.20253036864853,18.209549494710867,0.2500364277209352,6.5,11.2111,28.8485,28.4457,77.9368,79.2778,7.072933333333334,5.0009,28.78,29.409119999999994,77.1119,74.78486000000001,0.2500364277209352,0.2867770279349767
2024,Umerkot,38,0.0,30.039,66.0977,1159831,12.0,0.0,5608.0,0.35,3387,2112,29,29.20253036864853,18.209549494710867,0.2500364277209352,30.573419748221937,18.442342030864843,0.2586583735044157,3.5077,6.5,29.0458,28.8485,74.1211,77.9368,3.3359,4.526619999999999,29.3111,29.37776,72.71853333333334,73.44892,0.2586583735044157,0.24326785835177417
2024,Umerkot,39,0.0143,31.0027,65.998,1159831,12.0,0.0,5608.0,0.35,3546,2139,30,30.573419748221937,18.442342030864843,0.2586583735044157,23.15854637442869,17.347354916362814,0.3017681024218183,0.0,3.5077,30.039,29.0458,66.0977,74.1211,1.174,4.24662,30.02916666666667,29.47634,68.73893333333335,72.68628000000001,0.3017681024218183,0.26749647797564824
2024,Umerkot,40,0.0,30.1678,64.4807,1159831,12.0,0.0,5608.0,0.35,2686,2012,35,23.15854637442869,17.347354916362814,0.3017681024218183,23.149924428645207,15.666075488584111,0.051731675,0.0143,0.0,31.0027,30.039,65.998,66.0977,0.004766667,2.0043999999999995,30.403166666666667,29.82076,65.52546666666667,69.72686000000002,0.051731675,0.30588666888878596
2024,Umerkot,41,0.0,30.1155,50.2642,1159831,12.0,0.0,5608.0,0.35,2685,1817,6,23.149924428645207,15.666075488584111,0.051731675,20.804755175538507,14.062393572856736,0.2500364277209352,0.0,0.0143,30.1678,31.0027,64.4807,65.998,0.004766667,0.7043999999999996,30.42866666666667,30.07416,60.24763333333334,64.19234,0.2500364277209352,0.16464646329298752
2024,Umerkot,42,0.0,30.5928,53.0878,1159831,12.0,0.0,5608.0,0.35,2413,1631,29,20.804755175538507,14.062393572856736,0.2500364277209352,17.44219632,12.794967542685098,0.1120852951852468,0.0,0.0,30.1155,30.1678,50.2642,64.4807,0.0,0.00286,30.29203333333333,30.38356,55.94423333333335,59.98568,0.1120852951852468,0.2577136129947743
2024,Umerkot,43,0.0,29.7199,47.0617,1159831,12.0,0.0,5608.0,0.35,2023,1484,13,17.44219632,12.794967542685098,0.1120852951852468,13.527832934280942,10.742944446216734,0.2500364277209352,0.0,0.0,30.5928,30.1155,53.0878,50.2642,0.0,0.00286,30.142733333333336,30.319740000000003,50.13790000000001,56.178480000000015,0.2500364277209352,0.15944505995289926
2024,Umerkot,44,0.0,27.8914,44.9469,1159831,12.0,0.0,5608.0,0.35,1569,1246,29,13.527832934280942,10.742944446216734,0.2500364277209352,9.335657354393424,10.530559823370288,0.12334477099116,0.0,0.0,29.7199,30.5928,47.0617,53.0878,0.0,0.0,29.401366666666664,29.69748,48.36546666666667,51.96826000000001,0.12334477099116,0.25698503057799954
2025,Umerkot,37,1.8714,27.9872,77.3007,1297177,12.0,0.0,5608.0,0.35,2575,1749,0,19.85079908138982,13.483125278971182,0.0,22.38707593489555,13.02829143594128,0.0,10.1286,11.5714,30.1863,30.0137,69.2372,78.9866,7.857133333333333,4.82572,29.39573333333333,30.08892,75.17483333333335,70.70142000000001,0.0,0.12940427551799502
2025,Umerkot,38,0.0286,29.0152,71.7523,1297177,12.0,0.0,5608.0,0.35,2904,1690,0,22.38707593489555,13.02829143594128,0.0,25.917820004517505,13.783778158262132,0.0,1.8714,10.1286,27.9872,30.1863,77.3007,69.2372,4.009533333333334,4.82572,29.0629,29.69756,72.7634,72.5625,0.0,0.13232589000129616
2025,Umerkot,39,0.0,29.9687,62.0819,1297177,12.0,0.0,5608.0,0.35,3362,1788,0,25.917820004517505,13.783778158262132,0.0,23.57426935568546,13.005164291380437,0.33919812022569,0.0286,1.8714,29.0152,27.9872,71.7523,77.3007,0.6333333333333333,4.72,28.990366666666663,29.43422,70.37830000000001,71.87174,0.33919812022569,0.14304345556844575
2025,Umerkot,40,0.9,29.7589,68.7958,1297177,12.0,0.0,5608.0,0.35,3058,1687,44,23.57426935568546,13.005164291380437,0.33919812022569,22.703146910560395,13.390616700727811,0.0,0.0,0.0286,29.9687,29.0152,62.0819,71.7523,0.3095333333333333,2.58572,29.58093333333333,29.38326,67.54333333333334,69.83358000000001,0.0,0.3250147631627062
2025,Umerkot,41,0.0286,27.7845,52.1506,1297177,12.0,0.0,5608.0,0.35,2945,1737,0,22.703146910560395,13.390616700727811,0.0,18.97967663626475,11.54044513586041,0.0,0.9,0.0,29.7589,29.9687,68.7958,62.0819,0.3095333333333333,0.5657199999999996,29.1707,28.9029,61.00943333333333,66.41626000000001,0.0,0.15992575887755422
2025,Umerkot,42,0.0,28.0812,36.0497,1297177,12.0,0.0,5608.0,0.35,2462,1497,0,18.97967663626475,11.54044513586041,0.0,20.876102490253835,10.916012232717662,0.0,0.0286,0.9,27.7845,29.7589,52.1506,68.7958,0.3095333333333333,0.1914399999999996,28.54153333333333,28.9217,52.332033333333335,58.16606,0.0,0.18461730026193438
2025,Umerkot,43,0.0,27.7155,37.47,1297177,12.0,0.0,5608.0,0.35,2708,1416,0,20.876102490253835,10.916012232717662,0.0,19.04905806994728,10.09114407671428,0.0,0.0,0.0286,28.0812,27.7845,36.0497,52.1506,0.009533333,0.1857199999999996,27.8604,28.66176,41.89010000000001,51.3096,0.0,0.18654076403429415
2024,Upper Kurram,37,1.1308,15.7139,76.0918,785434,620.9389128094725,0.6689989235737352,6279.964208826696,0.3396259418729817,33,174,31,0.420149878920444,2.215335725216886,0.3946862498949625,0.3564908063567404,1.7060631447072574,0.0254636290254814,1.9429,2.5111,16.1985,16.3774,80.2681,82.7495,1.8616,2.1341,16.0966,16.7789,79.70313333333334,81.81624,0.0254636290254814,0.18596909518436344
2024,Upper Kurram,38,0.0857,16.1497,56.8005,785434,620.9389128094725,0.6689989235737352,6279.964208826696,0.3396259418729817,28,134,2,0.3564908063567404,1.7060631447072574,0.0254636290254814,0.3310271773312589,1.4132314109142208,0.0381954435382221,1.1308,1.9429,15.7139,16.1985,76.0918,80.2681,1.053133333333333,1.32552,16.0207,16.268259999999998,71.05346666666667,75.76318,0.0381954435382221,0.09345429892181903
2024,Upper Kurram,39,0.6,16.3259,75.5305,785434,620.9389128094725,0.6689989235737352,6279.964208826696,0.3396259418729817,26,111,3,0.3310271773312589,1.4132314109142208,0.0381954435382221,0.3564908063567404,2.126213023627701,0.2419044757420738,0.0857,1.1308,16.1497,15.7139,56.8005,76.0918,0.6054999999999997,1.2541,16.063166666666667,16.15308,69.47426666666667,74.28808000000001,0.2419044757420738,0.11190606023700084
2024,Upper Kurram,40,0.725,14.0398,57.8355,785434,620.9389128094725,0.6689989235737352,6279.964208826696,0.3396259418729817,28,167,19,0.3564908063567404,2.126213023627701,0.2419044757420738,0.3055635483057775,2.100749395,0.063659073,0.6,0.0857,16.3259,16.1497,75.5305,56.8005,0.470233333,0.89688,15.505133333333331,15.68556,63.38883333333334,69.30528000000001,0.063659073,0.17547477935351619
2024,Upper Kurram,41,2.9143,10.9253,66.1588,785434,620.9389128094725,0.6689989235737352,6279.964208826696,0.3396259418729817,24,165,5,0.3055635483057775,2.100749395,0.063659073,0.3055635483057775,1.8843085478856276,0.229172661229333,0.725,0.6,14.0398,16.3259,57.8355,75.5305,1.4130999999999994,1.09116,13.763666666666667,14.63092,66.50826666666667,66.48342,0.229172661229333,0.1060911918773913
2024,Upper Kurram,42,0.1,11.4407,59.3059,785434,620.9389128094725,0.6689989235737352,6279.964208826696,0.3396259418729817,24,148,18,0.3055635483057775,1.8843085478856276,0.229172661229333,0.4838089514841476,2.6482174186500718,0.063659073,2.9143,0.725,10.9253,14.0398,66.1588,57.8355,1.246433333333333,0.8849999999999998,12.135266666666666,13.77628,61.10006666666666,63.12624,0.063659073,0.18624364185704767
2024,Upper Kurram,43,0.3857,10.5666,68.8967,785434,620.9389128094725,0.6689989235737352,6279.964208826696,0.3396259418729817,38,208,5,0.4838089514841476,2.6482174186500718,0.063659073,0.3564908063567404,2.291726612293331,0.0,0.1,2.9143,11.4407,10.9253,59.3059,66.1588,1.133333333333333,0.945,10.977533333333334,12.65966,64.78713333333333,65.54548,0.0,0.12167072680718055
2024,Upper Kurram,44,0.0429,9.8473,71.5614,785434,620.9389128094725,0.6689989235737352,6279.964208826696,0.3396259418729817,28,180,0,0.3564908063567404,2.291726612293331,0.0,0.0,0.1870844886914108,0.0,0.3857,0.1,10.5666,11.4407,68.8967,59.3059,0.1761999999999997,0.8335799999999999,10.618200000000002,11.36394,66.58800000000001,64.75166,0.0,0.06695561083229257
2025,Upper Kurram,37,0.7286,16.9485,78.4512,748325,620.9389128094725,0.6689989235737352,6279.964208826696,0.3396259418729817,106,204,15,1.4164968429492537,2.726088263789129,0.200447666,0.3073530885644606,2.204924331005913,0.200447666,3.2143,4.4143,16.2848,17.616,80.7043,84.5674,2.785733333333333,2.39144,16.949766666666665,17.974800000000002,81.24096666666667,80.4153,0.200447666,0.17459536266383707
2025,Upper Kurram,38,1.0571,15.9958,75.5352,748325,620.9389128094725,0.6689989235737352,6279.964208826696,0.3396259418729817,23,165,15,0.3073530885644606,2.204924331005913,0.200447666,0.3608057996191494,2.832993685898507,0.133631777636722,0.7286,3.2143,16.9485,16.2848,78.4512,80.7043,1.6666666666666663,2.22,16.4097,17.319380000000002,78.23023333333335,80.03312,0.133631777636722,0.17180292222309795
2025,Upper Kurram,39,0.5286,15.0762,66.3635,748325,620.9389128094725,0.6689989235737352,6279.964208826696,0.3396259418729817,27,212,10,0.3608057996191494,2.832993685898507,0.133631777636722,0.2405371997460996,1.951023953496141,0.013363178,1.0571,0.7286,15.9958,16.9485,75.5352,78.4512,0.771433333,1.98858,16.006833333333336,16.38426,73.44996666666667,77.12432000000001,0.013363178,0.1147720637252958
2025,Upper Kurram,40,0.9143,13.1086,68.1837,748325,620.9389128094725,0.6689989235737352,6279.964208826696,0.3396259418729817,18,146,1,0.2405371997460996,1.951023953496141,0.013363178,0.2539003775097718,2.4320983529883407,0.133631777636722,0.5286,1.0571,15.0762,15.9958,66.3635,75.5352,0.8333333333333329,1.28858,14.726866666666668,15.48278,70.02746666666667,73.84758000000001,0.133631777636722,0.1110405886342481
2025,Upper Kurram,41,1.2857,8.7395,68.6757,748325,620.9389128094725,0.6689989235737352,6279.964208826696,0.3396259418729817,19,182,10,0.2539003775097718,2.4320983529883407,0.133631777636722,0.2539003775097718,1.9777503090234856,0.0,0.9143,0.5286,13.1086,15.0762,68.1837,66.3635,0.9095333333333332,0.90286,12.3081,13.97372,67.74096666666667,71.44186,0.0,0.11569679399873628
2025,Upper Kurram,42,0.0286,11.0562,62.8353,748325,620.9389128094725,0.6689989235737352,6279.964208826696,0.3396259418729817,19,148,0,0.2539003775097718,1.9777503090234856,0.0,0.2539003775097718,1.9777503090234856,0.5078007550195437,1.2857,0.9143,8.7395,13.1086,68.6757,68.1837,0.7428666666666665,0.76286,10.968100000000002,12.79526,66.5649,68.31868,0.5078007550195437,0.10989864880908407
2025,Upper Kurram,43,0.4,9.1592,56.0956,748325,620.9389128094725,0.6689989235737352,6279.964208826696,0.3396259418729817,19,148,38,0.2539003775097718,1.9777503090234856,0.5078007550195437,0.3073530885644606,2.458824708515685,0.200447666,0.0286,1.2857,11.0562,8.7395,62.8353,68.6757,0.5714333333333331,0.63144,9.651633333333336,11.42794,62.53553333333334,64.43076,0.200447666,0.2852546210773033
2025,Usta Muhammad,37,7.3571,28.7627,79.5734,314321,620.9389128094725,0.6689989235737352,6279.964208826696,0.3396259418729817,186,704,4,5.917517442,22.397485373233096,0.1272584396206426,5.917517442,18.38884452518285,0.6681068080083735,0.0,1.0286,32.5859,32.5713,62.0021,68.2086,2.795233333333333,1.6828600000000002,31.30663333333333,32.1747,69.92803333333335,64.91374,0.6681068080083735,0.1914753009956381
2025,Usta Muhammad,38,0.0,30.7392,70.6847,314321,620.9389128094725,0.6689989235737352,6279.964208826696,0.3396259418729817,186,578,21,5.917517442,18.38884452518285,0.6681068080083735,6.108405101790844,22.492929202948577,0.98625290705998,7.3571,0.0,28.7627,32.5859,79.5734,62.0021,2.452366666666667,1.6828600000000002,30.695933333333333,31.66304,70.7534,67.54192,0.98625290705998,0.46304363327716397
2025,Usta Muhammad,39,0.0,31.1695,60.8593,314321,620.9389128094725,0.6689989235737352,6279.964208826696,0.3396259418729817,192,707,31,6.108405101790844,22.492929202948577,0.98625290705998,5.440298293782471,25.960721682611087,0.5090337584825704,0.0,7.3571,30.7392,28.7627,70.6847,79.5734,2.452366666666667,1.67714,30.2238,31.16572,70.37246666666668,68.26562,0.5090337584825704,0.6508826411633732
2025,Usta Muhammad,40,0.0,31.649,50.2418,314321,620.9389128094725,0.6689989235737352,6279.964208826696,0.3396259418729817,171,816,16,5.440298293782471,25.960721682611087,0.5090337584825704,7.667320987143716,25.101727215171756,0.6362921981032129,0.0,0.0,31.1695,30.7392,60.8593,70.6847,0.0,1.47142,31.185900000000004,30.98126,60.59526666666667,64.67226000000001,0.6362921981032129,0.3984230025444626
2025,Usta Muhammad,41,0.0,27.2002,47.883,314321,620.9389128094725,0.6689989235737352,6279.964208826696,0.3396259418729817,241,789,20,7.667320987143716,25.101727215171756,0.6362921981032129,7.062843398945664,24.24273274773241,0.8589944674393376,0.0,0.0,31.649,31.1695,50.2418,60.8593,0.0,1.47142,30.00623333333333,29.90412,52.9947,61.84844,0.8589944674393376,0.47795541876017034
2025,Usta Muhammad,42,0.0,27.2395,36.6805,314321,620.9389128094725,0.6689989235737352,6279.964208826696,0.3396259418729817,222,762,27,7.062843398945664,24.24273274773241,0.8589944674393376,6.935584959325022,23.224665230767272,0.8589944674393376,0.0,0.0,27.2002,31.649,47.883,50.2418,0.0,0.0,28.696233333333332,29.59948,44.935100000000006,53.26986000000001,0.8589944674393376,0.5614619031932653
2025,Usta Muhammad,43,0.0,26.7651,40.2498,314321,620.9389128094725,0.6689989235737352,6279.964208826696,0.3396259418729817,218,730,27,6.935584959325022,23.224665230767272,0.8589944674393376,6.394736591,20.99764253740603,0.7635506377238555,0.0,0.0,27.2395,27.2002,36.6805,47.883,0.0,0.0,27.06826666666667,28.80466,41.60443333333333,47.18288,0.7635506377238555,0.5499258973965218
2024,Washuk,38,0.0,26.1795,33.3791,302623,700.0,0.0,33093.0,0.2,163,191,1,5.386239645,6.311483264656024,0.033044415,7.963704014565978,6.1462611896650285,0.0,0.0,0.7222,25.7723,24.78,36.8615,42.5489,0.2407333333333333,2.20802,25.57726666666667,24.7555,37.5965,50.16968,0.0,0.24082454851971108
2024,Washuk,39,0.0,25.7515,35.2964,302623,700.0,0.0,33093.0,0.2,241,186,0,7.963704014565978,6.1462611896650285,0.0,12.58992211431385,7.1375936396110005,0.1982664899891945,0.0,0.0,26.1795,25.7723,33.3791,36.8615,0.0,1.41302,25.901100000000003,25.09898,35.178999999999995,42.027,0.1982664899891945,0.2425278029950307
2024,Washuk,40,0.375,24.6843,33.9561,302623,700.0,0.0,33093.0,0.2,381,216,6,12.58992211431385,7.1375936396110005,0.1982664899891945,11.895989399351668,8.492414654537162,0.099133245,0.0,0.0,25.7515,26.1795,35.2964,33.3791,0.125,0.21944,25.538433333333334,25.43352,34.21053333333333,36.4084,0.099133245,0.27521167453219997
2024,Washuk,41,0.3857,22.0524,26.1323,302623,700.0,0.0,33093.0,0.2,360,257,3,11.895989399351668,8.492414654537162,0.099133245,10.77247929,6.311483264656024,0.033044415,0.375,0.0,24.6843,25.7515,33.9561,35.2964,0.2535666666666666,0.15214,24.162733333333332,24.888,31.794933333333336,33.12508,0.033044415,0.25281472616381645
2024,Washuk,42,0.3,21.897,25.0011,302623,700.0,0.0,33093.0,0.2,326,191,1,10.77247929,6.311483264656024,0.033044415,5.947994699675834,9.351569444,0.0,0.3857,0.375,22.0524,24.6843,26.1323,33.9561,0.3535666666666666,0.21214,22.8779,24.11294,28.363166666666668,30.753,0.0,0.24635028528276945
2024,Washuk,44,0.0,20.1509,31.7173,302623,700.0,0.0,33093.0,0.2,180,283,0,5.947994699675834,9.351569444,0.0,1.1749721531599702,4.5118930681342855,0.0,0.3,0.3857,21.897,22.0524,25.0011,26.1323,0.2285666666666666,0.21214,21.366766666666667,22.90722,27.6169,30.42064,0.0,0.1769041981490111
2025,Washuk,37,1.3143,24.153,62.7285,212771,700.0,0.0,33093.0,0.2,136,92,10,6.391848513190237,4.323897523628689,0.4699888612639881,2.9609298259631243,2.913930939836726,0.093997772,0.0,3.5286,26.4905,26.2304,30.0201,55.3061,1.6143,0.96858,25.62463333333333,26.7283,49.35156666666666,45.90422,0.093997772,0.3621650994004159
2025,West,37,11.6,26.9064,85.6258,4732945,15.0,0.0,929.0,0.75,326,804,51,0.6887889041600948,1.698730917008332,0.1077553193624688,0.7035788499549435,1.762116398986255,0.1331095121536379,0.1286,15.6857,28.5278,28.8001,76.2371,84.7731,9.1381,5.84,28.078100000000003,28.340360000000004,82.212,79.99652,0.1331095121536379,0.09836452010443866
2025,West,38,0.6857,27.5174,81.9526,4732945,15.0,0.0,929.0,0.75,333,834,63,0.7035788499549435,1.762116398986255,0.1331095121536379,0.8176727175152047,1.6881666700120117,0.1500123073477507,11.6,0.1286,26.9064,28.5278,85.6258,76.2371,4.1381000000000006,5.731420000000001,27.65053333333333,28.17256,81.27183333333333,80.9512,0.1500123073477507,0.09433195681321696
2025,West,39,0.3714,27.9525,78.8954,4732945,15.0,0.0,929.0,0.75,387,799,71,0.8176727175152047,1.6881666700120117,0.1500123073477507,0.6359676691784925,1.694505218209804,0.044369837,0.6857,11.6,27.5174,26.9064,81.9526,85.6258,4.219033333333333,5.69428,27.458766666666666,27.94084,82.15793333333333,81.4968,0.044369837,0.11179121817406562
2025,West,40,2.5143,29.7281,71.3935,4732945,15.0,0.0,929.0,0.75,301,802,21,0.6359676691784925,1.694505218209804,0.044369837,0.6063877775887951,1.7261979591987653,0.1521251567470148,0.3714,0.6857,27.9525,27.5174,78.8954,81.9526,1.1904666666666668,3.06,28.39933333333333,28.126439999999995,77.41383333333333,78.82088,0.1521251567470148,0.07919833570204335
2025,West,41,0.1429,27.5965,65.2716,4732945,15.0,0.0,929.0,0.75,287,817,72,0.6063877775887951,1.7261979591987653,0.1521251567470148,0.6613218619696616,1.7156337122024448,0.1288838133551097,2.5143,0.3714,29.7281,27.9525,71.3935,78.8954,1.0095333333333334,3.06286,28.425700000000003,27.940180000000005,71.85350000000001,76.62778,0.1288838133551097,0.10769221468528833
2025,West,42,0.0,27.8921,54.9485,4732945,15.0,0.0,929.0,0.75,313,812,61,0.6613218619696616,1.7156337122024448,0.1288838133551097,0.557792241,1.806486236370801,0.1035296205639406,0.1429,2.5143,27.5965,29.7281,65.2716,71.3935,0.8857333333333334,0.7428600000000001,28.40556666666667,28.13732,63.8712,70.49231999999999,0.1035296205639406,0.11262256292736916
2025,West,43,0.0,29.1096,38.4841,4732945,15.0,0.0,929.0,0.75,264,855,49,0.557792241,1.806486236370801,0.1035296205639406,0.5620179402042492,1.7367622061950858,0.1415609097506943,0.0,0.1429,27.8921,27.5965,54.9485,65.2716,0.047633333,0.60572,28.1994,28.45576,52.9014,61.79862000000001,0.1415609097506943,0.126929326582566
2024,Zhob,37,0.2846,25.4265,52.4388,355692,1400.0,0.0,20297.0,0.2,130,146,74,3.654847452290184,4.104674831033591,2.0804516266882582,4.076560619862128,3.795418508147498,0.0,1.6111,0.7143,24.8885,25.2429,64.2314,69.6989,0.87,1.14164,25.18596666666667,26.28474,62.12303333333333,62.54732,0.0,0.8991901517989971
2024,Zhob,38,0.0,26.9447,38.7447,355692,1400.0,0.0,20297.0,0.2,145,135,0,4.076560619862128,3.795418508147498,0.0,3.711075874633109,4.329588520405294,0.0,0.2846,1.6111,25.4265,24.8885,52.4388,64.2314,0.6319,0.91914,25.753233333333338,25.99784,51.804966666666665,57.91058,0.0,0.24740248282659852
2024,Zhob,39,0.0,27.3396,47.3949,355692,1400.0,0.0,20297.0,0.2,132,154,0,3.711075874633109,4.329588520405294,0.0,5.960212768350145,2.9801063841750723,0.0,0.0,0.2846,26.9447,25.4265,38.7447,52.4388,0.094866667,0.522,26.57026666666667,25.96844,46.1928,54.50174,0.0,0.26106900179837644
2024,Zhob,40,0.8,24.3798,38.2274,355692,1400.0,0.0,20297.0,0.2,212,106,0,5.960212768350145,2.9801063841750723,0.0,6.972324370522812,3.120677440032388,0.0,0.0,0.0,27.3396,26.9447,47.3949,38.7447,0.2666666666666666,0.53914,26.221366666666665,25.795820000000003,41.455666666666666,48.20744,0.0,0.25246267706117637
2024,Zhob,41,0.9143,19.92,43.487,355692,1400.0,0.0,20297.0,0.2,248,111,0,6.972324370522812,3.120677440032388,0.0,5.932098557178683,3.2893627070611653,0.0,0.8,0.0,24.3798,27.3396,38.2274,47.3949,0.5714333333333333,0.3997799999999999,23.8798,24.80212,43.03643333333333,44.05856,0.0,0.26541590325679665
2024,Zhob,42,0.0,21.8411,24.2529,355692,1400.0,0.0,20297.0,0.2,211,117,0,5.932098557178683,3.2893627070611653,0.0,3.008220595346536,6.859867525836959,0.0,0.9143,0.8,19.92,24.3798,43.487,38.2274,0.5714333333333333,0.34286,22.046966666666663,24.08504,35.322433333333336,38.42138,0.0,0.25798746204939677
2024,Zhob,43,0.0,21.8569,34.6213,355692,1400.0,0.0,20297.0,0.2,107,244,0,3.008220595346536,6.859867525836959,0.0,2.333479527231425,4.807530110320164,1.2932537138872957,0.0,0.9143,21.8411,19.92,24.2529,43.487,0.3047666666666667,0.34286,21.206,23.06748,34.1204,37.5967,1.2932537138872957,0.23305740942063324
2024,Zhob,44,0.0,20.8572,27.49,355692,1400.0,0.0,20297.0,0.2,83,171,46,2.333479527231425,4.807530110320164,1.2932537138872957,0.0,0.9872800967000832,0.0,0.0,0.0,21.8569,21.8411,34.6213,24.2529,0.0,0.34286,21.5184,21.771,28.788066666666666,33.61572,0.0,0.36817843000878825
2025,Zhob,37,1.1429,26.4917,56.1172,374767,1400.0,0.0,20297.0,0.2,79,83,2,2.107976422683961,2.214709406110997,0.053366492,1.4408952762649858,1.06732983427036,0.0,0.1429,0.7714,25.8432,27.8551,55.6837,55.5908,0.6857333333333333,0.4743,26.73,27.90848,55.79723333333332,52.62382,0.0,0.12392139748853268
2025,Zhob,38,0.0,26.2599,45.7482,374767,1400.0,0.0,20297.0,0.2,54,40,0,1.4408952762649858,1.06732983427036,0.0,1.147379571840637,1.360845538694709,0.0,1.1429,0.1429,26.4917,25.8432,56.1172,55.6837,0.4286,0.4743,26.198266666666665,27.24242,52.51636666666665,52.68934,0.0,0.11425744403291671
2025,Zhob,39,0.0,25.7646,40.6245,374767,1400.0,0.0,20297.0,0.2,43,51,0,1.147379571840637,1.360845538694709,0.0,1.254112555267673,2.027926685113684,0.0,0.0,1.1429,26.2599,26.4917,45.7482,56.1172,0.3809666666666667,0.41144,26.172066666666662,26.4429,47.49663333333333,50.75288,0.0,0.14653072254854496
2025,Zhob,40,0.0,24.2861,36.8871,374767,1400.0,0.0,20297.0,0.2,47,76,0,1.254112555267673,2.027926685113684,0.0,0.2668324585675899,0.880547113,0.0,0.0,0.0,25.7646,26.2599,40.6245,45.7482,0.0,0.25716,25.436866666666663,25.7291,41.0866,47.01214,0.0,0.10527040359570977
2025,Zhob,41,0.0,18.3087,42.4814,374767,1400.0,0.0,20297.0,0.2,10,33,0,0.2668324585675899,0.880547113,0.0,0.373565442,0.7204476381324929,0.0,0.0,0.0,24.2861,25.7646,36.8871,40.6245,0.0,0.22858,22.78646666666667,24.2222,39.99766666666666,44.37168,0.0,0.0977047716834141
2025,Zhob,42,0.0,20.4048,38.695,374767,1400.0,0.0,20297.0,0.2,14,27,0,0.373565442,0.7204476381324929,0.0,0.587031409,0.853863867,0.0,0.0,0.0,18.3087,24.2861,42.4814,36.8871,0.0,0.0,20.999866666666662,23.00482,39.3545,40.88724,0.0,0.09947246613900126
2025,Zhob,43,0.0,18.8819,41.7243,374767,1400.0,0.0,20297.0,0.2,22,32,0,0.587031409,0.853863867,0.0,0.480298425,2.107976422683961,0.0,0.0,0.0,20.4048,18.3087,38.695,42.4814,0.0,0.0,19.198466666666665,21.52922,40.96689999999999,40.08246,0.0,0.1264930579911118
