Year,District,week_index,Avg_rainfall,Avg_Temperature,Avg_Humidity,Population,Elevation_m_y,River_Status_y,Area_sq_km_y,Sanitation_Index_y,Malaria_cases,AD_cases,Typhoid_cases,Flood_Inundation,Mean_NDVI,Stagnant_Water,Malaria_Risk,AD_Risk,Typhoid_Risk,Malaria_Risk_next_week,AD_Risk_next_week,Typhoid_Risk_next_week,Avg_rainfall_lag1,Avg_rainfall_lag2,Avg_Temperature_lag1,Avg_Temperature_lag2,Avg_Humidity_lag1,Avg_Humidity_lag2,Flood_Inundation_lag1,Flood_Inundation_lag2,Stagnant_Water_lag1,Stagnant_Water_lag2,Mean_NDVI_lag1,Mean_NDVI_lag2,Avg_rainfall_roll3,Avg_rainfall_roll5,Avg_Temperature_roll3,Avg_Temperature_roll5,Avg_Humidity_roll3,Avg_Humidity_roll5,Flood_Inundation_roll3,Flood_Inundation_roll5,Stagnant_Water_roll3,Stagnant_Water_roll5,Mean_NDVI_roll3,Mean_NDVI_roll5,y_true,y_pred
2025,Abbottabad,36,6.3143,22.0524,82.8205,1611498.0,1256.0,0.0,1967.0,0.75,1.0,864.0,0.0,0.0001267020266178,0.0,0.0,0.0062054063982704,5.361471128105651,0.0,0.8377298637665079,8.569666236011463,0.0992865023723268,15.7571,4.8714,22.8968,24.4271,85.0062,86.7134,0.0009663393373389,0.0754203144349827,0.0,0.0201952657306214,0.0,0.2835995539316954,8.980933333333335,8.52856,23.125433333333334,23.56426,84.8467,84.52808,0.0255044519329798,0.0261591437659114,0.0067317552435404,0.0040390531461242,0.0945331846438984,0.056719910786339,8.569666236011463,5.521945602438738
2025,Badin,36,3.6429,29.2401,74.8412,2182111.0,9.0,1.0,6726.0,0.35,5209.0,2400.0,136.0,0.0,0.0,0.0,23.871379595263488,10.99852390643739,0.6232496880314521,26.1306597143775,14.765518344392197,0.9257090954584803,16.9143,1.4714,29.1689,30.1273,83.393,71.5068,0.4124311076670328,0.449013713997712,0.3776720585067853,0.5279620056011758,0.0,0.0,7.342866666666667,4.44,29.512100000000004,29.80252,76.58033333333333,74.19744,0.2871482738882483,0.4827213158464783,0.3018780213693203,0.4486566530464918,0.0,0.0355564753642928,14.765518344392197,11.24238206548832
2025,Bajaur,36,2.6286,22.3967,71.6065,1321356.0,900.0,0.0,1290.0,0.2,428.0,806.0,7.0,0.1361993848629705,0.262538599490046,0.0054393571235726,3.239096806613812,6.099794453576478,0.0529758823511604,0.401103109230215,5.570035630064873,0.0302719327720916,2.0714,6.9714,22.7336,24.0717,72.6607,82.3622,0.0,0.0295291793237743,0.0,0.0,0.258659064239468,0.2794544904554203,3.8904666666666663,3.87428,23.06733333333333,23.73178,75.54313333333334,74.23662,0.0552428547289149,0.0552411867558418,0.0018131190411908,0.0010878714247145,0.2668840513949781,0.1789678744100693,5.570035630064873,6.059346651612473
2025,Bannu,36,4.5429,29.0871,65.0313,1410816.0,312.0,1.0,1227.0,0.2,1288.0,926.0,0.0,0.4482745209883586,0.1870287282202462,0.3157000517026017,9.129468336055162,6.563577390673199,0.0,0.0212642896026129,6.875453638178189,0.0567047722736345,14.8286,2.2,29.3788,32.6723,71.3118,59.4343,0.5112223714568173,0.4873791458130176,0.437312860476904,0.4388825364954934,0.1569141997098904,0.1630325048107109,7.190500000000001,4.88574,30.379400000000004,31.31952,65.25913333333334,62.4721,0.4822920127527312,0.5028772251211946,0.3972984828916663,0.4145098143493531,0.1689918109136158,0.1013950865481695,6.875453638178189,6.956721269114116
2025,Barkhan,36,1.0857,27.1572,68.5679,206726.0,1100.0,0.0,3514.0,0.2,90.0,69.0,31.0,0.2065411061251529,0.0,0.1137524438853608,4.35358880837437,3.337751419753684,1.4995694784400608,5.417799405976994,3.96660313651887,0.967464179638749,4.7,1.0286,28.3458,29.7771,68.3198,60.3928,0.1444126129780465,0.2117841625801557,0.123322122780261,0.1212504370421644,0.0547657477357119,0.1670370866322285,2.2714333333333334,1.57714,28.4267,29.45054,65.76016666666668,61.616600000000005,0.1875792938944517,0.1754696655087886,0.1194416679025954,0.1275029476217452,0.0739342781226468,0.0740381587824791,3.96660313651887,4.1152444903820955
2025,Battagram,36,5.2143,22.5189,82.2829,575449.0,1036.0,0.0,1301.0,0.2,74.0,481.0,0.0,0.0,0.0,0.0,1.2859523606783574,8.358690344409322,0.0,0.0,0.0,0.0868886730188079,13.2286,11.1,23.6906,25.3171,83.4119,87.0909,0.0,0.0,0.0,0.0,0.0,0.0,9.847633333333334,7.785719999999999,23.8422,24.34382,84.2619,83.51978,0.0,0.0,0.0,0.0,0.0,0.0,0.0,6.831847509856536
2025,Buner,36,5.0143,24.3464,82.4012,1084406.0,700.0,0.0,1865.0,0.35,101.0,262.0,0.0,0.0453518363081507,0.402780018489331,0.0004900898096524,0.9313854773949978,2.4160692581929646,0.0,0.0,4.564711003074494,0.0368865535601979,20.2429,9.1714,25.2866,26.6148,82.6173,85.7261,0.013187694596846,0.0008870718199285,2.333852337638896e-05,0.0002269850510315,0.4110021273708127,0.3820824559923139,11.4762,9.86286,25.41593333333333,26.01002,83.58153333333334,82.4934,0.019808867574975,0.0334036993641303,0.0002468044613534,0.0012440070041619,0.3986215339508192,0.2852739646097494,4.564711003074494,2.5042783204237375
2025,Central,36,0.1,28.8029,74.1435,3591719.0,10.0,0.0,69.0,0.95,29.0,928.0,12.0,0.0,0.0,0.0,0.0807412829344389,2.583721053902045,0.0334101860418367,0.0612520077433674,2.87884436393827,0.0389785503821429,16.1429,0.5857,28.652,29.1895,85.3103,74.7689,0.0,0.0,0.0,0.0,0.0111216258866775,0.0,5.609533333333334,3.76572,28.881466666666665,29.01284,78.07423333333334,76.77736,0.0,0.0,0.0,0.0,0.0037072086288925,0.0022243251773355,2.87884436393827,1.8927103550945104
2025,Chagai,36,0.0,32.1182,10.1846,273217.0,919.0,0.0,44748.0,0.2,28.0,105.0,0.0,0.7629912375133269,0.0314241778307685,0.7366473803797232,1.0248264200251085,3.843099075094156,0.0,2.1228547271948672,5.856150971572047,0.3294084921509276,0.0,0.0,34.3804,35.2923,24.1779,16.4807,0.7759043879049411,0.8331077941815388,0.8288187783276547,0.7630582622516308,0.035038982941616,0.0269719011928909,0.0,0.0,33.930299999999995,34.65354,16.947733333333332,15.472460000000002,0.790667806533269,0.7688307735022455,0.7761748069863362,0.7533554982565024,0.0311450206550918,0.0321317842515728,5.856150971572047,4.485134521562588
2025,Charsadda,36,3.1857,27.1844,78.7252,1953624.0,300.0,2.0,996.0,0.2,454.0,2560.0,1.0,0.0395246981820227,0.3446280348537761,0.0157662220186353,2.323886274943387,13.10385212302879,0.0051186922355581,8.45096088090646,20.73070355401039,1.238723521005065,15.4429,13.9429,27.4757,28.7748,81.438,82.2458,0.0,0.0260471746397656,0.0,0.0,0.381542077987661,0.3726622529782035,10.857166666666666,8.2,27.811633333333333,28.32912,80.80300000000001,80.00422,0.0218572909405961,0.0196154440427455,0.0052554073395451,0.003153244403727,0.3662774552732135,0.3063178674445293,20.73070355401039,12.086168728031122
2025,Chitral Lower,36,0.0857,23.3449,60.9889,336081.0,1500.0,1.0,6458.0,0.35,30.0,797.0,5.0,0.1941395023841753,0.0549374324265226,0.0346703758093445,0.8926419523864783,23.714521201734108,0.1487736587310797,0.5950946349243188,23.23844549379465,0.2975473174621594,0.1143,1.3714,23.6232,26.2702,64.943,68.1837,0.1782356730484822,0.0838026613265376,0.0505124289779899,0.0483119376643353,0.0621923905913532,0.0587638604620286,0.5237999999999999,0.31714,24.412766666666663,25.42836,64.7052,60.05424000000001,0.1520592789197317,0.1936723106259443,0.0444982474838899,0.0705432733254313,0.0586312278266348,0.054042703680005,23.23844549379465,20.26194826970859
2025,Chitral Upper,36,0.0857,23.3449,60.9889,204308.0,2500.0,1.0,8392.0,0.2,13.0,263.0,0.0,0.1941395023841753,0.0549374324265226,0.0346703758093445,0.6362942224484602,12.87272157722654,0.0,1.419425573154257,11.79591597000607,0.5873485130293479,0.1143,1.3714,23.6232,26.2702,64.943,68.1837,0.1782356730484822,0.0838026613265376,0.0505124289779899,0.0483119376643353,0.0621923905913532,0.0587638604620286,0.5237999999999999,0.31714,24.412766666666663,25.42836,64.7052,60.05424000000001,0.1520592789197317,0.1936723106259443,0.0444982474838899,0.0705432733254313,0.0586312278266348,0.054042703680005,11.79591597000607,12.1727738994396
2025,D.I. Khan,36,1.3857,29.5198,70.8674,2050338.0,0.0,0.0,0.0,0.0,485.0,1553.0,0.0,0.0,0.0,0.0,2.365463645506253,7.57436091024992,0.0,0.0,9.808138950748608,0.0146317338897294,11.2571,0.0857,30.3758,33.5948,74.439,58.3545,0.0,0.0,0.0,0.0,0.0,0.0,4.2428333333333335,2.79428,31.163466666666665,32.01496,67.88696666666667,65.8776,0.0,0.0,0.0,0.0,0.0,0.0,9.808138950748608,8.17653530383806
2025,Dera Bugti,36,0.7429,29.4309,67.7814,378394.0,250.0,0.0,10160.0,0.2,99.0,113.0,0.0,0.2616936169020104,0.0,0.3424686172436795,2.616320554765667,2.9863052796820244,0.0,2.722030476170341,2.219908349498142,0.1057099214046734,1.5857,0.5,30.6142,31.3493,67.9367,60.9219,0.457679068903864,0.5093214869629021,0.4366444312940503,0.4256760509092098,0.0152570938242015,0.0784844938878331,0.9428666666666669,0.7828600000000001,30.4648,30.91032,65.54666666666667,64.51156,0.4095647242562588,0.4470773908450383,0.4015963664823131,0.4311244463746488,0.0312471959040115,0.0470341537131976,2.219908349498142,3.2187129247028494
2025,Dir Lower,36,1.4571,28.0726,74.2379,1734809.0,800.0,1.0,1583.0,0.35,221.0,1897.0,0.0,0.0,0.0,0.0,1.2739154569753788,10.934921365983229,0.0,0.0057643233347302,11.649697459489776,0.1729297000419066,21.3286,8.5714,28.0789,29.9015,79.6271,79.5826,0.0,0.0,0.0,0.0,0.0,0.0,10.452366666666668,7.75426,28.68433333333333,29.25,77.81586666666666,76.69946,0.0,0.0,0.0,0.0,0.0,0.0,11.649697459489776,10.92033261426066
2025,Dir Upper,36,3.5286,21.008,73.6706,1143644.0,1200.0,1.0,3699.0,0.35,13.0,1789.0,2.0,0.0,0.0,0.0,0.1136717370090692,15.642979808401916,0.0174879595398568,0.2798073526377089,19.525306826250127,0.0699518381594272,4.0429,10.2286,21.9928,23.7756,72.2894,80.3908,0.0,0.0,0.0,0.0,0.0,0.0,5.933366666666667,4.26002,22.2588,22.79688,75.45026666666666,74.32518,0.0,0.0,0.0,0.0,0.0,0.0,19.525306826250127,15.747988082285083
2025,East,36,0.0286,28.7004,75.2554,3514347.0,10.0,0.0,165.0,0.95,36.0,218.0,1.0,0.0,0.0,0.0,0.1024372379847522,0.6203143855743329,0.0028454788329097,0.1394284628125794,0.5890141184123252,0.0,15.6143,0.7,28.6765,28.917,85.4821,77.4377,0.0281403076079882,0.0,0.0,0.0,0.0055440257843817,0.0,5.447633333333333,3.57714,28.76463333333333,28.88124,79.39173333333333,78.20634,0.009380102535996,0.0271983009625594,0.0,0.0080852715833704,0.0018480085947939,0.0011088051568763,0.5890141184123252,0.8621647311996758
2025,Ghotki,36,0.1429,32.0924,64.2004,1989892.0,72.0,1.0,6083.0,0.35,3429.0,1145.0,138.0,0.0,0.0,0.0,17.232090987852608,5.754081126010859,0.6935049741393,26.96126221925612,6.3521035312469225,1.0603590546622632,0.9571,0.2714,32.7085,33.7251,66.0683,55.0415,0.5388162283308575,0.632282223087512,0.5271491974002499,0.5524652197473617,0.2166361100215454,0.0,0.4571333333333333,0.29428,32.84199999999999,33.08776,61.77006666666667,60.290560000000006,0.3903661504727898,0.4899589671301424,0.3598714723825373,0.4576026603283725,0.0722120366738484,0.0759734087075554,6.3521035312469225,7.32268389699284
2025,Gwadar,36,0.0143,27.1333,87.4442,317947.0,12.0,0.0,12637.0,0.35,4.0,29.0,2.0,0.6557885246954652,0.0217342470360096,0.6456119802252943,0.1258071313772421,0.9121017024850052,0.062903565688621,0.2201624799101737,0.534680308353279,0.1572589142215526,0.0,0.0,27.4857,28.3012,92.677,85.1864,0.7138646896303573,0.677947525586976,0.6179544178586328,0.654360555562928,0.0046053297491426,0.0229402601786571,0.0047666666666666,0.00286,27.640066666666662,28.047360000000005,88.43586666666666,87.72764,0.6825335799709329,0.686023782173084,0.6393089845489518,0.6292499180319429,0.0164266123212697,0.0132083531987935,0.534680308353279,11.270036255666684
2025,Hangu,36,6.1857,25.3774,70.9377,627433.0,900.0,0.0,1097.0,0.2,80.0,167.0,0.0,0.1049548274451222,0.2565239119188426,0.026794889483049,1.2750365377657853,2.661638772586077,0.0,2.119748244035618,3.5860402624662715,0.0637518268882892,11.5286,4.2,26.1354,29.9765,76.0144,63.0703,0.1739663839070475,0.1091461935164658,0.0820526009270442,0.0831371861122398,0.213216589416318,0.1187380748780746,7.304766666666667,5.33428,27.1631,28.0015,70.00746666666667,67.50062,0.1293558016228785,0.138301835842196,0.063994892174111,0.0740518181363317,0.1961595254044117,0.117695715242647,3.5860402624662715,2.6795631606215515
2025,Haripur,36,2.5571,25.7149,81.0783,1212553.0,605.0,2.0,1725.0,0.65,6.0,1336.0,0.0,0.1187505324483514,0.0,0.1027211016439056,0.0494823731416276,11.01807508620242,0.0,3.290577813918237,13.731358546801667,0.0082470621902712,13.7143,6.8143,26.3687,28.2003,83.5104,84.13,0.1071720476635111,0.1242383924875402,0.0995466750048421,0.1024831812333663,0.2350787831866649,0.286084573041186,7.695233333333332,8.05428,26.7613,27.23302,82.90623333333333,82.15075999999999,0.1167203241998009,0.1327399641508457,0.1015836526273713,0.1114424820353655,0.1737211187426169,0.1658006539964338,13.731358546801667,10.08611830901172
2025,Hub,36,0.4143,28.5716,75.4284,461810.0,0.0,0.0,0.0,0.0,21.0,58.0,0.0,0.0,0.0,0.0,0.4547324657326606,1.2559277624997294,0.0,6.647755570472706,5.0020571230592665,0.0216539269396505,13.2286,0.5143,28.9802,29.1412,81.7757,74.3977,0.0,0.0,0.0,0.0,0.0,0.0,4.719066666666667,2.94002,28.89766666666667,29.03104,77.20060000000001,75.81718000000001,0.0,0.0,0.0,0.0,0.0,0.0,5.0020571230592665,2.470405008884933
2025,Hyderabad,36,0.9571,30.8283,65.397,2659637.0,20.0,2.0,993.0,0.75,1072.0,2027.0,47.0,0.0,0.0,0.0,4.030625231939546,7.621340807034945,0.176715845057051,6.20009422338462,9.380979434411538,0.1541563754752998,13.1714,0.0143,30.5229,31.4735,76.3602,63.6128,0.2087835209432136,0.2247507502731583,0.1658578168953885,0.2054944197934972,0.0,0.0,4.714266666666667,2.834280000000001,30.941566666666663,30.97464,68.45666666666665,67.54264,0.1445114237387905,0.2312772985976306,0.1237840788962952,0.1783848881688689,0.0,0.0413505511308575,9.380979434411538,8.24708410246787
2025,Jacobabad,36,0.1143,32.8884,60.6083,1216179.0,55.0,0.0,2686.0,0.35,1415.0,681.0,143.0,0.0,0.2183263752002309,0.0,11.634800469338806,5.599504678176486,1.1758137576787626,12.818836700847491,8.247141251411183,1.381375603426798,2.1286,0.1143,33.025,34.3423,65.1297,53.092,0.4707587087506486,0.6882046508646159,0.4484518574677788,0.5544954304751619,0.2734408394335234,0.0,0.7857333333333334,0.4800200000000004,33.41856666666666,33.64038,59.60999999999999,58.66552,0.3863211198717549,0.5329456013159788,0.3343157626476469,0.4759031357790381,0.1639224048779181,0.1274508931148683,8.247141251411183,6.531734421173352
2025,Jaffarabad,36,0.0,0.0,0.0,621388.0,55.0,1.0,1643.0,0.2,608.0,416.0,78.0,0.0,0.0,0.0,9.784546853173865,6.69468995217159,1.255254366032173,12.906589763561575,7.531526196193039,0.1448370422344815,0.0,0.0,0.0,0.0,0.0,0.0,0.7181201979367016,0.803841633575129,0.6607472998616286,0.7508978842760057,0.2078004995328722,0.0,0.0,0.0,0.0,0.0,0.0,0.0,0.5073206105039435,0.6670925123082745,0.4705483947125446,0.6276606784437958,0.069266833177624,0.062608268385601,7.531526196193039,7.260336151177147
2025,Jamshoro,36,0.7857,30.893,65.0641,1200463.0,33.0,2.0,11204.0,0.35,2701.0,1620.0,77.0,0.0,0.0,0.0,22.499652217519408,13.494793258934262,0.6414191857641593,26.339837212808725,15.602313440730784,0.7163902594249052,13.9286,0.0714,30.7757,31.5683,74.4739,63.3229,0.0,0.0,0.0,0.0,0.0,0.0,4.928566666666667,2.96286,31.079,31.12548,67.6203,66.82293999999999,0.0,0.0,0.0,0.0,0.0,0.0,15.602313440730784,15.013630477767297
2025,Jhal Magsi,36,0.0,0.0,0.0,180130.0,60.0,0.0,3615.0,0.2,86.0,130.0,0.0,0.4600349936701154,0.0,0.4420644597414338,4.77432965080775,7.217009937267529,0.0,19.263864986398712,21.262421584411257,1.49891744850941,0.0,0.0,0.0,0.0,0.0,0.0,0.7971862886943061,0.6789738118020258,0.6688808234657417,0.666447147713627,0.0775718792929886,0.0,0.0,0.0,0.0,0.0,0.0,0.0,0.6453983647221492,0.7027226255453409,0.5924641436402676,0.6664305219407447,0.0258572930976628,0.0311391172777718,21.262421584411257,9.425529895506791
2025,Kachhi (Bolan),36,0.5429,29.5066,53.8891,417079.0,0.0,0.0,0.0,0.0,131.0,258.0,14.0,0.0,0.0,0.0,3.140891773500943,6.185878454681247,0.3356678231222382,1.8701493002524705,2.6853425849779056,0.2397627308015987,4.6857,0.0,29.6807,31.2578,61.5848,52.3579,0.0,0.0,0.0,0.0,0.0,0.0,1.7428666666666668,1.5657200000000002,30.148366666666664,30.59802,55.94393333333333,55.38256,0.0,0.0,0.0,0.0,0.0,0.0,2.6853425849779056,5.31495289245117
2025,Kalat,36,0.0,23.0342,23.5236,498077.0,2000.0,0.0,7654.0,0.2,0.0,0.0,0.0,0.229922631699585,0.0627132323448648,0.167084990583011,0.0,0.0,0.0,0.3011582546473738,0.7428570281301887,0.4015443395298317,2.4857,0.1286,24.3562,25.8592,48.5055,34.9637,0.2071256659405569,0.3180319050382832,0.1364532019704434,0.1329404666949779,0.0644009365787279,0.01067565648287,0.8714333333333334,0.52572,24.416533333333334,25.1239,35.66426666666666,33.246179999999995,0.2516934008928084,0.2144010943960329,0.145492886416144,0.1333004206182952,0.0459299418021542,0.0419312581433806,0.7428570281301887,1.418781721065919
2025,Kamber,36,0.0143,34.9333,48.6302,1621170.0,50.0,0.0,5599.0,0.2,2792.0,1586.0,167.0,0.0,0.0,0.0,17.222129696453795,9.78305791496265,1.0301202218151089,30.05853796949117,13.046133348137456,1.2706872197240264,1.6857,0.3429,33.3985,34.3518,62.2391,52.4964,0.0,0.0,0.0,0.0,0.0,0.0,0.6809666666666666,0.4085799999999993,34.22786666666667,34.26748,54.45523333333333,54.71436,0.0,0.0,0.0,0.0,0.0,0.0,13.046133348137456,11.246622425311847
2025,Karak,36,2.7571,27.5958,67.3323,853502.0,500.0,0.0,3372.0,0.2,281.0,683.0,0.0,0.2538709205552433,0.1924564070073433,0.1531479955962399,3.292318002769765,8.002324540540034,0.0,0.5623888403307784,9.818371837441504,0.0820150392149051,10.1286,1.7714,28.2572,31.7051,71.9657,59.1294,0.5191426516844398,0.3021444464119364,0.3319004286590027,0.3428047142076015,0.1677302738687022,0.1442494665846155,4.8857,3.70858,29.186033333333334,29.86364,66.14246666666668,64.67454000000001,0.3583860062172066,0.4089897996005456,0.2759510461542814,0.2484637432548977,0.168145382486887,0.1008872294921321,9.818371837441504,6.953662644800069
2025,Kashmore,36,0.2429,31.5349,67.4025,1316520.0,60.0,2.0,2592.0,0.35,1829.0,319.0,75.0,0.0,0.0,0.0,13.89268678029958,2.423054720019445,0.5696837116033179,14.864946981435908,2.5749703764469967,0.9266855042080636,1.7,0.3429,32.3131,33.0739,68.3192,59.0741,0.0,0.0,0.0,0.0,0.0,0.0,0.7619333333333334,0.4685799999999992,32.3073,32.720180000000006,64.93193333333333,62.499,0.0,0.0,0.0,0.0,0.0,0.0,2.5749703764469967,3.6246676234630146
2025,Keamari,36,0.1857,28.3832,77.1336,2215961.0,2.0,0.0,559.0,0.2,13.0,519.0,0.0,0.1392538559564091,0.0,0.1191281803401151,0.0586652923945863,2.342098980983871,0.0,0.072203436793337,2.7437305981468083,0.0,14.5429,0.7143,28.6513,28.7326,85.8159,78.6928,0.4360360753330028,0.5627607460061345,0.5197767214687541,0.5244865029872227,0.0449145909844101,0.0,5.147633333333333,3.66288,28.589033333333333,28.72568,80.54743333333333,79.38424,0.3793502257651821,0.422329192195334,0.3877971349320306,0.429045551903087,0.0149715303281367,0.004824477498017,2.7437305981468083,1.9170424635432566
2025,Kech (Turbat),36,0.0,0.0,0.0,1098914.0,0.0,0.0,0.0,0.0,481.0,551.0,0.0,0.0,0.0,0.0,4.377048613449278,5.014041135157074,0.0,7.671209939995304,5.323437502843716,0.0090998931672542,0.0,0.0,0.0,0.0,0.0,0.0,0.0,0.0,0.0,0.0,0.0,0.0,0.0,0.0,0.0,0.0,0.0,0.0,0.0,0.0,0.0,0.0,0.0,0.0,5.323437502843716,4.080654341417677
2025,Khairpur,36,0.2,34.0337,52.7299,2908676.0,53.0,2.0,15910.0,0.5,4337.0,2269.0,190.0,0.0,0.0,0.0,14.910564119207503,7.80080008911271,0.6532181652408175,19.232117980827013,10.341474952865152,0.670408116957681,2.3857,0.2714,33.451,34.7132,61.4459,49.7958,0.6032162443125318,0.6892564370061556,0.5236597412244843,0.5294195840264543,0.1309030714445641,0.0,0.9523666666666668,0.6799999999999999,34.065966666666675,34.17414,54.65720000000001,54.36355999999999,0.4308242271062291,0.561794898484305,0.3510264417503128,0.4953367891573693,0.043634357148188,0.0663950824043788,10.341474952865152,9.52007115911682
2025,Kharan,36,0.0,32.6401,16.7232,188592.0,700.0,0.0,14958.0,0.2,25.0,165.0,0.0,0.6614600006853202,0.0199046678557445,0.6051673208365717,1.325612963434292,8.749045558666326,0.0,2.439127852719097,11.983541189446,0.2651225926868584,0.0286,0.0,34.8056,35.3967,33.1203,24.955,0.6554740825899856,0.7084087096425113,0.6202628869996907,0.6094098638351796,0.0352510848499015,0.0226598266699335,0.0095333333333333,0.00572,34.2808,34.83568,24.93283333333333,24.88914,0.675114264305939,0.6572863964381523,0.6116133572238139,0.610598037994527,0.0259385264585264,0.029687632090182,11.983541189446,9.098941253243979
2025,Khuzdar,36,0.1571,28.1842,47.2622,969559.0,1237.0,0.0,35380.0,0.2,88.0,78.0,2.0,0.1422894140759605,0.0677225025145349,0.0710340922402551,0.9076291386083776,0.8044894637665166,0.0206279349683722,0.7941754962823304,2.361898553878619,0.3609888619465138,2.1143,1.5571,28.2964,29.5481,58.4946,50.639,0.2342583793904457,0.1593548754491411,0.0952577178574265,0.0546577986231216,0.0927657645787289,0.0219258681300335,1.2761666666666664,0.8599799999999999,28.67623333333333,29.44648,52.131933333333336,49.9071,0.178634222971849,0.1482035448352391,0.073649869573601,0.0718290670670465,0.0608047117410991,0.0693859722651704,2.361898553878619,1.629873878489871
2025,Khyber,36,4.4429,25.7502,69.5805,1193210.0,1000.0,0.0,2576.0,0.2,802.0,508.0,13.0,0.1454730523337953,0.1957352489653468,0.034272240966753,6.721365057282457,4.257423253241257,0.1089498076616857,0.4022762129046857,7.165545042364713,0.2346611241943999,7.9714,5.9714,25.7386,26.9165,77.14,81.4668,0.091876560193522,0.0838637488239779,0.0224220717493047,0.0203529993139004,0.1682877654369123,0.079148686856428,6.128566666666667,4.9057200000000005,26.1351,26.85546,76.06243333333333,74.59216,0.1070711204504317,0.0999282087498274,0.0256824373433193,0.0224316498268386,0.1477239004195623,0.0909547069878329,7.165545042364713,4.124194615523672
2025,Killa Abdullah,36,0.0,27.51,9.3396,915157.0,1500.0,0.0,3553.0,0.2,7.0,188.0,0.0,0.5917361756785939,0.0483044794534605,0.4573855447657103,0.0764896077940724,2.0542923236122324,0.0,0.1420521287604203,2.4804487098934938,0.3605938653149131,0.0,0.0,30.6838,31.5948,20.1531,16.8387,0.0,0.5922794400371133,0.0,0.4398711580220176,0.0503138090786312,0.0282175007366002,0.0,0.0,29.92953333333333,30.78504,15.4438,14.868259999999998,0.3946718719052358,0.4492235859144772,0.2990855675959092,0.3205232871640581,0.0422785964228973,0.0443835861654452,2.4804487098934938,2.6446882920629458
2025,Killa Saifullah,36,0.0143,25.0743,51.5898,413453.0,1500.0,0.0,6831.0,0.2,220.0,317.0,11.0,0.5182567595678247,0.0548439331804401,0.3933191824032339,5.321040118223837,7.667135079440711,0.2660520059111918,8.005746723327682,8.126679453287315,1.2818869375721065,0.1571,0.0286,26.6752,28.7228,60.1088,55.0159,0.5977819997552993,0.5515070281682318,0.4953239430493876,0.4853748819378855,0.0549465879919118,0.0537439035139958,0.0666666666666666,0.14572,26.8241,26.96,55.57149999999999,53.72506,0.5558485958304519,0.5662915274994254,0.4580060024635023,0.5015947396492282,0.0545114748954492,0.0513305556804225,8.126679453287315,5.980695029115415
2025,Kohat,36,2.5,27.4534,68.9679,1200463.0,500.0,0.0,2545.0,0.65,283.0,915.0,1.0,0.2187535627159671,0.216374639629351,0.1339326943660628,2.3574237606656765,7.622059155509167,0.0083301192956384,0.0,8.23848798338641,0.0749710736607458,10.3286,2.6143,28.1885,31.2192,71.5604,63.5727,0.1062506900338769,0.1814549851777345,0.0300593283863957,0.0253719601082907,0.200074279352087,0.1398980041968184,5.147633333333333,4.22286,28.9537,29.6219,68.03366666666666,66.38474,0.1688197459758595,0.1613188658901529,0.0631213276202497,0.0483449487344933,0.1854489743927521,0.1327988493219893,8.23848798338641,6.997761237011249
2025,Kohistan Lower,36,2.2429,6.6243,80.1492,244203.0,1500.0,2.0,1200.0,0.2,2.0,176.0,1.0,0.1228921155762205,0.0801057782166187,0.1180728101040547,0.0818990757689299,7.207118667665835,0.0409495378844649,0.0409495378844649,6.715724213052256,0.0,1.7286,3.4286,8.0663,10.449,80.3784,84.8406,0.0511520690800398,0.1589775948006551,0.0222069446144863,0.0177393310098168,0.1848788709827431,0.2020084992005412,2.4667,3.2800200000000004,8.379866666666667,8.65616,81.7894,81.58018000000001,0.1110072598189718,0.1594893092779656,0.0526730285761192,0.0404619251302738,0.1556643827999676,0.1503718288496358,6.715724213052256,6.617635001806122
2025,Kohistan Upper,36,2.2429,6.6243,80.1492,369931.0,2500.0,2.0,4000.0,0.2,26.0,290.0,0.0,0.1228921155762205,0.0801057782166187,0.1180728101040547,0.7028337717033718,7.8392997613068385,0.0,0.0,9.082774895858956,0.0810962044273121,1.7286,3.4286,8.0663,10.449,80.3784,84.8406,0.0511520690800398,0.1589775948006551,0.0222069446144863,0.0177393310098168,0.1848788709827431,0.2020084992005412,2.4667,3.2800200000000004,8.379866666666667,8.65616,81.7894,81.58018000000001,0.1110072598189718,0.1594893092779656,0.0526730285761192,0.0404619251302738,0.1556643827999676,0.1503718288496358,9.082774895858956,8.19363452230204
2025,Kohlu,36,1.1286,25.5746,70.3711,258710.0,1000.0,0.0,7610.0,0.2,36.0,59.0,0.0,0.1875959777727352,0.1039321340308837,0.2135781251272693,1.3915194619458082,2.28054578485563,0.0,2.5897723319546984,4.522438251323877,1.2369061883962738,1.5286,1.4714,27.1901,28.6145,68.7193,61.3647,0.1917719526504769,0.2156069753083162,0.1566695065813371,0.1512482258855271,0.0792510814046731,0.098820432190542,1.3762,1.1371600000000002,27.126400000000004,28.00544,66.81836666666668,63.80638,0.1983249685771761,0.2122834930881753,0.1738319525313778,0.1787971786035933,0.0940012158753662,0.0717876515729284,4.522438251323877,4.265459996233061
2025,Kolai Palas,36,2.2429,6.6243,80.1492,331246.0,0.0,0.0,0.0,0.0,3.0,0.0,0.0,0.0,0.0,0.0,0.0905671313766807,0.0,0.0,0.1811342627533615,2.445312547170381,0.0603780875844538,1.7286,1.8,8.0663,8.841,80.3784,76.5895,0.0,0.0,0.0,0.0,0.0,0.0,1.9238333333333333,3.8143,7.843866666666666,8.31616,79.03903333333334,82.33406,0.0,0.0,0.0,0.0,0.0,0.0,2.445312547170381,0.8316234388491681
2025,Korangi,36,0.0714,28.6552,75.576,2970331.0,8.0,0.0,95.0,0.2,48.0,264.0,0.0,0.0,0.0,0.0,0.1615981518558032,0.8887898352069181,0.0,0.2188308306380669,1.0874208968630097,0.0,15.7429,0.7286,28.6564,28.8484,85.9388,77.8715,0.0281403076079882,0.0,0.0,0.0,0.0055440257843817,0.0,5.5143,3.78572,28.72,28.83748,79.79543333333332,78.69453999999999,0.009380102535996,0.0271983009625594,0.0,0.0080852715833704,0.0018480085947939,0.0011088051568763,1.0874208968630097,0.798731158250221
2025,L & C Kurram,36,3.2143,16.2848,80.7043,604463.0,0.0,0.0,0.0,0.0,4.0,18.0,0.0,0.0,0.0,0.0,0.0661744391302693,0.297784976086212,0.0,0.0,0.8602677086935016,0.0165436097825673,4.4143,1.6857,17.616,19.7518,84.5674,80.9075,0.0,0.0,0.0,0.0,0.0,0.0,3.1047666666666665,2.49144,17.8842,18.57104,82.05973333333334,79.86662,0.0,0.0,0.0,0.0,0.0,0.0,0.8602677086935016,0.5964747513683406
2025,Lakki Marwat,36,1.3143,29.4263,65.3691,1059019.0,250.0,1.0,3164.0,0.2,459.0,799.0,0.0,0.6385461779150001,0.1181666909293078,0.4910255081953623,4.334199858548336,7.544718272287843,0.0,0.0,9.253847192543288,0.0094427012168809,11.0143,1.4143,30.2364,33.5349,68.9929,56.581,0.790281569485021,0.7448011750993063,0.7063630026951864,0.7284512270454429,0.0575353988788166,0.107145100999944,4.580966666666666,3.32858,31.06586666666667,31.90724,63.64766666666667,61.77398000000001,0.7245429741664425,0.7750570436820193,0.6419465793119971,0.5798201974265702,0.0942823969360228,0.0565694381616136,9.253847192543288,7.893186565498647
2025,Larkana,36,0.1857,34.6827,49.7399,1842403.0,48.0,2.0,1906.0,0.5,5251.0,1351.0,26.0,0.0411831728229251,0.2829067591138233,0.0037667250258782,28.500822024280247,7.332814807618094,0.141120048111081,38.67774857075244,10.584003608331075,0.249673931273451,3.1571,0.0571,33.7161,35.0125,60.121,48.9651,0.7064809008872828,0.7957586264284443,0.7165238632559174,0.7744005144324388,0.1646467781948273,0.0,1.1333,0.68284,34.47043333333333,34.52542,52.942,53.20602,0.5144742333795507,0.6112979099273855,0.4982303675714115,0.5556792074910925,0.1491845124362168,0.107388312085136,10.584003608331075,8.36055251042923
2025,Lasbella,36,0.7143,26.5892,85.6714,697550.0,0.0,0.0,0.0,0.0,275.0,420.0,6.0,0.0,0.0,0.0,3.9423697226005294,6.021073758153537,0.0860153394021933,4.902874345925024,6.322127446061214,0.0860153394021933,12.4286,0.7286,28.1175,27.563,84.718,81.9613,0.0,0.0,0.0,0.0,0.0,0.0,4.623833333333333,3.61144,27.42323333333333,27.46936,84.1169,83.3822,0.0,0.0,0.0,0.0,0.0,0.0,6.322127446061214,5.9834444879641175
2025,Loralai,36,0.0429,25.477,58.228,479944.0,1400.0,0.0,3785.0,0.2,42.0,220.0,2.0,0.255864733725034,0.0793274817524099,0.1899017954423218,0.8751020952444452,4.583868117947094,0.0416715283449735,1.2084743220042338,6.021535845848683,0.4583868117947094,0.9143,0.0857,25.9189,27.5162,67.2769,56.8227,0.2648685995880704,0.2890521516921152,0.2299335861890983,0.2071593737504479,0.0712254773733619,0.0837576521389788,0.3476333333333333,0.3085799999999999,26.304033333333336,26.940880000000003,60.775866666666666,58.87692,0.2699284950017398,0.2690931147376195,0.208998251793956,0.2204129796067271,0.0781035370882502,0.0788636442325369,6.021535845848683,4.976905209066766
2025,Malakand,36,4.7143,25.654,74.9762,870427.0,700.0,1.0,952.0,0.2,40.0,497.0,2.0,0.0971487336564036,0.3334489340344881,0.0002174456194087,0.4595445683555312,5.709841261817475,0.0229772284177765,0.4595445683555312,9.386197808661729,0.0,7.6857,17.3571,26.2543,26.9736,76.0212,81.4188,0.0,0.0050044972270652,0.0,0.0,0.3293938182906581,0.3269328000476436,9.919033333333331,8.20858,26.293966666666662,26.92918,77.47206666666666,75.7517,0.0340510769611562,0.0400213345721428,7.248187313623333e-05,4.348912388174e-05,0.3299251841242632,0.2481324670588134,9.386197808661729,6.5553565487607885
2025,Malir,36,0.0286,29.0895,73.1818,2428732.0,20.0,0.0,2268.0,0.75,161.0,1305.0,43.0,0.0,0.0,0.0,0.6628973472577461,5.373174150132662,0.1770471175905781,0.815240215882197,5.970193500147403,0.2758641134550868,14.5,0.4429,28.7991,29.3571,84.8921,74.3185,0.4002612694483174,0.0,0.0,0.0,0.0978865403957527,0.0,4.9905,3.1857200000000003,29.0819,29.18756,77.46413333333334,76.27816,0.1334204231494391,0.2433109311879747,0.0,0.0677240238898237,0.0326288467985842,0.0309678115620326,5.970193500147403,5.714561320643689
2025,Mansehra,36,9.2857,22.3561,81.5973,1881089.0,1000.0,0.0,4579.0,0.2,7.0,642.0,0.0,0.1137014200344472,0.0,0.0286774190388175,0.0372124870221451,3.4129166668881696,0.0,1.4406548547144766,5.448971313956968,0.0265803478729608,15.8429,9.8857,23.1326,24.9165,84.2687,85.7408,0.0927910360651789,0.0969483265751085,0.0293107911741098,0.0478503592552068,0.1896975723753366,0.2656645959641971,11.671433333333333,11.12572,23.468400000000003,23.97826,83.86893333333335,83.20576,0.1011469275582448,0.1406668351929622,0.0352795231560447,0.0368355586557683,0.1517873894465112,0.1861902248313132,5.448971313956968,3.389086895237289
2025,Mardan,36,3.7714,27.1493,78.375,2868781.0,300.0,0.0,1632.0,0.65,180.0,986.0,0.0,0.040041658269799,0.3522296280555529,0.0028252701339723,0.6274442001672487,3.436999896471707,0.0,0.0592586189046846,4.252677356689131,0.0697160222408054,18.3286,15.5429,27.377,28.8225,81.913,82.362,0.0682492666034991,0.0029625619835926,0.0011751416287519,0.0,0.3783007796660539,0.3575902687092405,12.547633333333332,9.897139999999998,27.78293333333333,28.3,80.88333333333333,80.02462,0.0370844956189636,0.0299057581978492,0.0013334705875747,0.0048171967524887,0.3627068921436158,0.2864321759467201,4.252677356689131,2.670544975780496
2025,Mastung,36,0.0,24.2259,30.0471,321574.0,1700.0,0.0,3308.0,0.2,74.0,132.0,0.0,0.2793421340892998,0.0600378773789824,0.2185137842990757,2.301181065633416,4.104809468427174,0.0,2.363375148488373,4.322488758419524,0.6219408285495718,0.1429,0.0,26.0822,27.2878,53.9664,40.0894,0.1752873295190623,0.3233287741324381,0.0200778181071725,0.1940791741644806,0.0672491332381332,0.0344932686038577,0.0476333333333333,0.03716,25.8653,26.64888,41.36763333333332,39.7984,0.2593194125802667,0.2429294784841728,0.1442235921902429,0.1278800980966757,0.0539267597403244,0.0588848155609966,4.322488758419524,4.584945615256563
2025,Mirpurkhas,36,4.2857,30.3911,69.252,1820642.0,16.0,0.0,2925.0,0.5,3085.0,2185.0,122.0,0.0,0.0,0.0,16.944572299221925,12.00126109361423,0.6700932967601537,29.06666988897323,19.67437859831861,0.6810784327726154,15.1714,0.6143,30.3744,32.0119,78.0299,61.5944,0.0,0.0,0.0,0.0,0.0,0.0,6.690466666666666,4.031420000000001,30.92580000000001,31.14398,69.62543333333333,67.55406,0.0,0.0,0.0,0.0,0.0,0.0,19.67437859831861,13.360143656326589
2025,Mohmand,36,4.7143,25.654,74.9762,563359.0,600.0,0.0,2296.0,0.2,282.0,152.0,46.0,0.3619819013508836,0.1748683917964824,0.0980848905441228,5.0056890899053705,2.6981019208000583,0.8165308444526492,1.1892949256158152,2.893359296647431,0.1242546937210553,7.6857,17.3571,26.2543,26.9736,76.0212,81.4188,0.6561933212418646,0.2064759131922523,0.3908567160994344,0.3700868314237269,0.1422833216638966,0.1514584363002699,9.919033333333331,8.20858,26.293966666666662,26.92918,77.47206666666666,75.7517,0.4082170452616668,0.4337770197976461,0.2863428126890947,0.2486900322674155,0.1562033832535496,0.1059899953221132,2.893359296647431,2.750637405402875
2025,MusaKhel,36,0.6571,24.812,64.4239,201891.0,0.0,0.0,0.0,0.0,162.0,88.0,0.0,0.4207425571694468,0.0,0.2579117031777194,8.024131833514124,4.358787662649648,0.0,13.571679767795494,6.389586460020506,1.3373553055856873,2.8143,3.2429,25.8326,25.7326,68.0501,65.6334,0.184766950734727,0.2238069742789136,0.1491671223604797,0.2092397034786211,0.0,0.1134638416058084,2.2381,2.15428,25.45906666666667,26.49116,66.0358,59.17216,0.2764388273943625,0.2743413588423168,0.2054395096722734,0.2096878727144703,0.0378212805352694,0.0471436097577772,6.389586460020506,4.074517549831084
2025,Naseerabad,36,0.0286,33.8953,54.712,592374.0,0.0,0.0,0.0,0.0,111.0,260.0,105.0,0.0,0.0,0.0,1.8738162039522328,4.38911903628451,1.7725288415764364,1.840053749826968,5.688973520107229,0.8778238072569019,3.0286,0.3143,33.6274,35.0965,61.4196,49.4798,0.0,0.0,0.0,0.0,0.0,0.0,1.1238333333333337,0.6743,34.2064,34.41386,55.2038,54.73388,0.0,0.0,0.0,0.0,0.0,0.0,5.688973520107229,4.230478249340724
2025,Naushero Feroze,36,0.2,33.6423,53.2212,1948788.0,38.0,2.0,2945.0,0.2,1947.0,1505.0,226.0,0.0,0.1543106894365492,0.0,9.990825066656814,7.722748703296613,1.159695154116302,9.688072791909638,7.28658017188119,0.9493079801394508,4.9429,0.1,32.384,34.2554,66.9103,52.0434,0.2628150695574046,0.1153116734510119,0.1006212209320502,0.1053371225621689,0.2819651348285507,0.0,1.7476333333333331,1.05144,33.427233333333334,33.64144,57.39163333333334,56.56454,0.1260422476694721,0.2191458420926935,0.0686527811647397,0.1240801040547523,0.1454252747550332,0.1215249001664299,7.28658017188119,8.012344619556885
2025,North Waziristan,36,2.5571,13.9065,79.2088,656447.0,1000.0,1.0,4707.0,0.2,135.0,93.0,0.0,0.1985285666873272,0.1555567304275645,0.1384847363000135,2.056525507771381,1.416717572020285,0.0,0.0,0.7007420248702485,0.2437363564766081,4.8429,2.7857,15.511,17.7666,82.7543,78.9386,0.122200701458759,0.2448388317487928,0.0937472629799743,0.0760123463758449,0.1180880702008184,0.0775781117036952,3.395233333333333,2.75714,15.728033333333334,16.263759999999998,80.30056666666667,77.72652,0.1885226999649596,0.1596706246264275,0.1027481152186109,0.0767199506964524,0.1170743041106927,0.140959400914879,0.7007420248702485,1.5977488962897226
2025,Nowshera,36,1.4571,28.1311,74.2469,1835149.0,280.0,2.0,1748.0,0.65,543.0,2640.0,5.0,0.2481554989151927,0.2625009774803491,0.1521396024860228,2.9588878069301185,14.3857528734724,0.0272457440785462,0.2888048872325898,15.284862428064423,0.0871863810513478,21.3286,8.5714,28.1374,29.96,79.6345,79.5901,0.2488222242047675,0.1371752206807513,0.1023204413529528,0.0,0.290095698073986,0.211626703825696,10.452366666666668,7.75426,28.742833333333333,29.3085,77.82383333333333,76.70778,0.2113843146002371,0.1672145847275827,0.0848200146129918,0.062334136161397,0.2547411264600103,0.2074786616424933,15.284862428064423,12.876983649501588
2025,Orakzai,36,3.7429,24.4126,70.6997,307067.0,1200.0,0.0,1538.0,0.2,46.0,152.0,0.0,0.0729240703230646,0.2958901336501808,0.0191293014251224,1.4980444007333904,4.950059758945117,0.0,0.1953970957478335,3.289184445088531,0.0,10.4714,3.9429,25.0733,28.57,77.0366,65.3024,0.0939326762870295,0.0158118281926154,0.005867605483544,0.0123413224929189,0.2497842352798599,0.0404713973905922,6.052399999999999,5.048579999999999,26.018633333333337,26.796640000000004,71.0129,68.83238000000001,0.0608895249342364,0.0633009463085244,0.0124460764671951,0.021109414499548,0.1953819221068776,0.1172291532641265,3.289184445088531,4.225064728704011
2025,Peshawar,36,2.2429,27.4344,77.2184,5160904.0,330.0,0.0,1257.0,0.75,75.0,4486.0,1.0,0.1269202883098051,0.2494629779946536,0.0379226096546009,0.1453233774548024,8.69227561682992,0.0019376450327306,0.8932543600888526,9.82192267091192,0.0290646754909604,9.5571,6.8714,27.3002,28.8781,82.2839,82.5908,0.0,0.1021342968031243,0.0,0.0,0.2537949882458879,0.2242516150955553,6.2238,4.81142,27.8709,28.61898,80.6977,78.43436,0.0763515283709764,0.0779703435150723,0.0126408698848669,0.0075845219309201,0.2425031937786989,0.1906805567668383,9.82192267091192,8.060654855974363
2025,Pishin,36,0.0,24.8825,27.0435,889769.0,1550.0,0.0,6218.0,0.2,16.0,225.0,0.0,0.4259066101163423,0.0513669092300149,0.3978885854926816,0.1798219537880056,2.5287462251438297,0.0,0.6630934545932708,5.585719439539925,0.4270771402465134,0.0,0.0,28.1617,30.1882,39.1176,35.9215,0.6542277579936759,0.4944435326791517,0.4392085296093199,0.3692128878296377,0.0539006175386784,0.0582910155075387,0.0,0.0028599999999999,27.744133333333327,28.14204,34.02753333333333,34.258320000000005,0.5248593002630565,0.4949299809594657,0.4021033343105464,0.4054752152996233,0.0545195140920773,0.050540246667409,5.585719439539925,2.8829662694648386
2025,Quetta,36,0.0,24.4548,33.8071,2751515.0,1680.0,0.0,3447.0,0.75,18.0,459.0,1.0,0.3833607051945664,0.0507290129696636,0.3088104283706565,0.0654185058049837,1.668171898027087,0.0036343614336102,0.1126652044419165,2.082489101458651,0.069052867238594,0.1571,0.0286,26.5278,27.6483,52.1671,40.192,0.0,0.3896696004530854,0.0,0.2918959137163254,0.0578084649095872,0.0342036322411702,0.0619,0.03714,26.2103,26.94478,42.0554,41.4228,0.2576767685492172,0.2808447355335291,0.2002354473623272,0.1805740699449735,0.0475803700401403,0.0534488703891116,2.082489101458651,1.2459736828512344
2025,SD Tank,36,4.0429,29.4857,66.625,604463.0,0.0,0.0,0.0,0.0,13.0,6.0,0.0,0.0,0.0,0.0,0.2150669271733754,0.099261658695404,0.0,0.2150669271733754,0.3639594152164814,0.0,10.7857,0.3,30.3309,33.7273,70.0088,57.1085,0.0,0.0,0.0,0.0,0.0,0.0,5.042866666666668,4.385720000000001,31.1813,32.00286,64.58076666666666,62.6131,0.0,0.0,0.0,0.0,0.0,0.0,0.3639594152164814,1.143194726444051
2025,Sanghar,36,8.6429,30.8778,67.1992,2486760.0,16.0,1.0,10608.0,0.2,3839.0,1648.0,185.0,0.0,0.0,0.0,15.437758368318615,6.627097106274831,0.7439399057408033,23.48437324068265,9.136386301854625,0.7600250928919559,5.0143,0.7286,30.0409,32.0528,81.4084,62.0615,0.1779428114650598,0.3288128564395515,0.1262646107112197,0.1429932889925378,0.2069793160399529,0.0,4.795266666666668,2.87716,30.9905,31.21634,70.22303333333333,67.84356,0.1689185559682038,0.2689315994518358,0.0897526332345858,0.1938084414668829,0.0689931053466509,0.0955445002406026,9.136386301854625,7.45400074665072
2025,Shaheed Benazirabad,36,1.5429,33.0558,55.7252,1949997.0,30.0,2.0,4502.0,0.5,2423.0,1625.0,113.0,0.0,0.0,0.0,12.425660142041243,8.333346153865877,0.5794880710072887,15.492331526663888,10.579503455646345,0.7282062485224337,6.6429,0.3857,31.2698,33.623,73.7824,54.5696,0.3871061359786525,0.3252853997222851,0.292353862545437,0.3070606268671472,0.2328688437607803,0.0,2.857166666666666,1.73144,32.64953333333333,32.899179999999994,61.35906666666667,59.7184,0.2374638452336458,0.3352142804708757,0.1998048298041947,0.2678614137736283,0.07762294792026,0.1441349627392813,10.579503455646345,9.62211794264148
2025,Shangla,36,6.0143,16.9857,81.0142,915157.0,2000.0,2.0,1586.0,0.35,1146.0,1821.0,0.0,0.0751154650921717,0.3817021204282135,0.0027195927405515,12.52244150457244,19.89822511328657,0.0,0.0,15.286994471986771,0.1639063024158696,7.4,15.0857,17.9827,19.4161,81.9614,90.5455,0.0053236187599052,0.0041940847260865,0.0027474681305892,0.0025228764627423,0.375555991708567,0.3747924542761658,9.5,8.40858,18.12816666666667,18.52118,84.50703333333333,84.70706,0.0282110561927211,0.061680216487332,0.0026633124446276,0.0028081513690927,0.3773501888043154,0.2403447253694797,15.286994471986771,16.6683822633384
2025,Shikarpur,36,0.1286,33.3189,56.6515,1488188.0,52.0,1.0,2512.0,0.35,1355.0,888.0,161.0,0.0,0.0,0.0,9.105032428698523,5.9669880418334245,1.0818525616387176,17.296201823963102,8.580905100699642,1.424551199176448,1.5714,0.4,32.8986,34.7826,64.679,49.7214,0.585210747854102,0.6971831056975264,0.5284114461343512,0.6224479135071004,0.2469973941495082,0.0,0.6999999999999998,0.4342799999999999,33.666700000000006,33.987919999999995,57.017300000000006,55.77656,0.4274646178505428,0.5764671855245471,0.3836197865471504,0.4654521313469367,0.0823324647165027,0.076364710011988,8.580905100699642,7.653481646053359
2025,Sibi,36,0.1,33.5566,53.4611,163205.0,130.0,0.0,7121.0,0.2,150.0,404.0,2.0,0.179542763741926,0.098171675154769,0.1069991065334209,9.190894886798812,24.75414356177813,0.1225452651573174,11.70307282252382,28.430501516497657,1.1029073864158574,4.6857,0.0,33.5593,35.8188,60.3981,46.5136,0.2592199618448208,0.1722544288017509,0.1388531455269681,0.1398996431837371,0.0721113687165176,0.0561372900733029,1.595233333333333,1.1114200000000003,34.311566666666664,34.97686,53.457600000000006,51.72124,0.2036723847961659,0.2080543452311783,0.1285839650813753,0.130279833439753,0.0754734446481965,0.0758614475449627,28.430501516497657,21.897070236907823
2025,Sohbat pur,36,0.0714,32.9592,59.7663,241785.0,0.0,0.0,0.0,0.0,75.0,233.0,2.0,0.0,0.0,0.0,3.101929400086854,9.63666066960316,0.0827181173356494,4.011828690778998,13.06946253903261,0.9926174080277932,2.4857,0.1857,33.0181,34.8416,65.2983,50.5709,0.0,0.0,0.0,0.0,0.0,0.0,0.914266666666668,0.5485600000000008,33.6063,33.90924,58.54516666666667,57.27062000000001,0.0,0.0,0.0,0.0,0.0,0.0,13.06946253903261,11.410971435334284
2025,South,36,0.8286,27.7197,80.7671,2166395.0,4.0,0.0,122.0,0.95,3.0,87.0,0.0,0.0,0.0,0.0,0.0138478901585352,0.4015888145975226,0.0,0.0092319267723568,0.4662123020040205,0.0,14.2143,0.9286,28.8057,28.617,83.1844,77.8163,0.1000482003048343,0.0,0.0,0.0,-0.0322233815405758,0.0,5.323833333333333,3.74572,28.3808,28.463480000000004,80.58926666666666,79.62010000000001,0.0333494001016114,0.0658207730286726,0.0,0.0182327423368028,-0.0107411271801919,-0.0064446763081151,0.4662123020040205,2.9627532588114462
2025,South Waziristan (Lower),36,0.9857,25.9429,65.7561,820861.0,0.0,0.0,0.0,0.0,99.0,118.0,13.0,0.0,0.0,0.0,1.2060507199148212,1.4375149994944332,0.1583702965544714,0.9258571183184486,0.8771277963016881,0.1218233050419011,3.0714,0.0714,26.695,29.7119,71.1139,60.0443,0.0,0.0,0.0,0.0,0.0,0.0,1.376166666666667,0.95712,27.44993333333333,28.32992,65.63810000000001,62.9453,0.0,0.0,0.0,0.0,0.0,0.0,0.8771277963016881,2.365445678016755
2025,Sujawal,36,2.5714,28.8509,76.4291,945380.0,0.0,0.0,0.0,0.0,2399.0,3589.0,70.0,0.0,0.0,0.0,25.37603926463433,37.96357020457382,0.7404429964670292,21.832490638684973,10.35562419344602,0.4548435549726036,16.6,0.4857,29.0995,29.881,83.4665,73.111,0.0,0.0,0.0,0.0,0.0,0.0,6.552366666666667,3.98572,29.27713333333333,29.49088,77.66886666666667,75.80976000000001,0.0,0.0,0.0,0.0,0.0,0.0,10.35562419344602,19.079045752977905
2025,Sukkur,36,0.0714,32.8485,58.8595,1798882.0,65.0,2.0,5165.0,0.75,1730.0,1085.0,82.0,0.0,0.0,0.0,9.617084389081665,6.031524024366245,0.455838682025836,13.597334344331648,7.565810319965401,0.3557765323128476,1.5714,0.4286,33.1634,34.4842,62.742,50.2824,0.5511109628570156,0.6916245476410817,0.5160664304219281,0.4912614926987567,0.1122208358736411,0.0,0.6904666666666666,0.4828600000000007,33.49870000000001,33.74296,57.29463333333334,56.14242,0.4142451701660324,0.5029409713119831,0.3357759743735615,0.4282380838972749,0.0374069452912137,0.044414684711024,7.565810319965401,7.866053115645727
2025,Swabi,36,3.8286,26.836,77.6345,1963296.0,340.0,2.0,1543.0,0.65,120.0,1380.0,0.0,0.1201551045204155,0.3067088256851501,0.0612766842440843,0.6112170554007139,7.0289961371082095,0.0,3.264917770932147,8.45007579091487,0.2342998712369403,25.5429,19.9143,27.1173,28.845,81.3508,81.0706,0.0669461539935035,0.0450208110423034,0.0360221218232717,0.0371912824440361,0.3287093601641009,0.3073740204319974,16.4286,13.1886,27.599433333333334,28.15086,80.01863333333334,78.89084,0.0773740231854074,0.0742857780332494,0.0448300295037973,0.0436496062174775,0.3142640687604161,0.2464816296895038,8.45007579091487,7.194553607975232
2025,Swat,36,6.8143,23.4042,81.1948,2791410.0,980.0,1.0,5337.0,0.35,101.0,3663.0,0.0,0.1780904978533899,0.2246105248577197,0.0475980976834828,0.361824311011281,13.12240050727052,0.0,1.4902862710959697,13.964268953682907,0.204197878491515,10.5857,15.5,24.287,25.6367,82.6717,87.5191,0.1216729470353781,0.0676219568445517,0.0437823501478463,0.0377088680916891,0.246038856457256,0.2652446295753237,10.966666666666669,9.76856,24.442633333333333,25.00062,83.7952,83.1895,0.1224618005777732,0.1552010181636203,0.0430297719743394,0.0517474473874352,0.2452980036300998,0.2051000134590455,13.964268953682907,12.43601886588694
2025,Tando Allahyar,36,3.7429,30.4203,68.0621,1011871.0,18.0,0.0,2343.0,0.2,2247.0,1144.0,35.0,0.0,0.0,0.0,22.206387968426803,11.305788979029936,0.3458938935892026,39.08600997557989,14.73507986690003,0.4941341336988608,13.2286,0.5571,30.1819,31.8039,78.7655,62.0567,0.0,0.0,0.0,0.0,0.0,0.0,5.842866666666666,3.51716,30.80203333333333,30.95576,69.6281,67.89764,0.0,0.0,0.0,0.0,0.0,0.0,14.73507986690003,11.999754125413954
2025,Tando Muhammad Khan,36,2.8,30.0761,69.761,818443.0,14.0,2.0,1733.0,0.2,1940.0,1438.0,33.0,0.0,0.0,0.0,23.703544412989054,17.569946838081577,0.4032046214580612,31.81651012959974,20.38016086642564,1.4784169453462246,13.0286,0.8143,29.7362,31.2332,80.8638,65.3269,0.0,0.0,0.0,0.0,0.0,0.0,5.547633333333334,3.3543000000000007,30.3485,30.54096,71.98389999999999,70.10282,0.0,0.0,0.0,0.0,0.0,0.0,20.38016086642564,18.633559179765008
2025,Tank,36,4.0429,29.4857,66.625,472690.0,250.0,0.0,1679.0,0.2,146.0,549.0,0.0,0.0,0.1419697967297793,0.0,3.08870507097675,11.614377287439972,0.0,1.142397765977702,11.952865514396327,0.1057775709238613,10.7857,0.3,30.3309,33.7273,70.0088,57.1085,0.5188315519121556,0.552152795950786,0.488338163464346,0.4982847937581191,0.1291314286373144,0.1082705290743919,5.042866666666668,4.385720000000001,31.1813,32.00286,64.58076666666666,62.61310000000001,0.3569947826209805,0.4407735072296922,0.328874319074155,0.2441177751283389,0.1264572514804952,0.0758743508882971,11.952865514396327,10.068804289451418
2025,Tharparkar,36,15.0571,29.6091,72.7079,1994728.0,56.0,0.0,19638.0,0.35,2491.0,1636.0,0.0,0.0642586119509403,0.0,0.0101602340790793,12.487918152249328,8.201619468920073,0.0,15.77157386871794,12.267336699539989,0.0,14.0143,1.7143,28.9823,30.3814,84.9886,70.9673,0.4549050918556732,0.2712899727223731,0.3053136862812733,0.3641460008463819,0.1903800015300968,0.0,10.2619,6.274279999999999,29.6576,29.80396,76.22126666666666,74.69352,0.2634845588429955,0.4295435278407604,0.2265399737355782,0.3898516105266946,0.0634600005100322,0.0686222633455914,12.267336699539989,8.769288015327453
2025,Thatta,36,3.1143,28.6732,77.1403,1184747.0,10.0,2.0,17355.0,0.35,1886.0,1277.0,97.0,0.0,0.0,0.0,15.919010556684253,10.778672577351957,0.8187402036046514,19.514714956020143,12.804421534724291,0.8609433068832417,16.0,0.5,29.2676,29.817,82.3565,73.259,0.5858607979051454,0.7930273478740296,0.6802779686151631,0.7614434338773716,-0.0572923996926947,0.0,6.538100000000001,4.00572,29.2526,29.45014,77.58526666666666,75.72984,0.4596293819263917,0.5655201617230189,0.4805738008308449,0.5596342374042698,-0.0190974665642315,0.0365088615601366,12.804421534724291,10.98316774406311
2025,Tor Ghar,36,1.9286,26.1781,79.4175,206726.0,0.0,0.0,0.0,0.0,101.0,94.0,26.0,0.0,0.0,0.0,4.885694107175682,4.54708164430212,1.2577034335303736,0.0,4.837320898193744,0.0483732089819374,13.6429,11.4,26.646,28.4406,82.9643,82.4298,0.0,0.0,0.0,0.0,0.0,0.0,8.990499999999999,8.8,27.08823333333333,27.56662,81.60386666666666,80.91306,0.0,0.0,0.0,0.0,0.0,0.0,4.837320898193744,4.439031725041086
2025,Umerkot,36,10.1286,30.1863,69.2372,1297177.0,12.0,0.0,5608.0,0.35,2036.0,1254.0,0.0,0.0,0.0,0.0,15.695622108625114,9.667146426432168,0.0,19.85079908138982,13.483125278971182,0.0,11.5714,0.5286,30.0137,31.2854,78.9866,65.5357,0.394839506952368,0.4382470753129505,0.3127911853979962,0.5993634627625712,0.170198065345983,0.0,7.409533333333333,4.45716,30.49513333333333,30.79386,71.25316666666667,68.68932000000001,0.2776955274217728,0.473617042483124,0.3040515493868558,0.46717744397736,0.056732688448661,0.0340396130691966,13.483125278971182,10.134936974338824
2025,Upper Kurram,36,3.2143,16.2848,80.7043,748325.0,0.0,0.0,0.0,0.0,15.0,124.0,0.0,0.0,0.0,0.0,0.200447666455083,1.657034042695353,0.0,1.4164968429492537,2.726088263789129,0.200447666455083,4.4143,1.6857,17.616,19.7518,84.5674,80.9075,0.0,0.0,0.0,0.0,0.0,0.0,3.1047666666666665,2.49144,17.884200000000003,18.57104,82.05973333333334,79.86662,0.0,0.0,0.0,0.0,0.0,0.0,2.726088263789129,1.6767073968626178
2025,Usta Muhammad,36,0.0,32.5859,62.0021,314321.0,0.0,0.0,0.0,0.0,132.0,468.0,18.0,0.0,0.0,0.0,4.199528507481205,14.889237435615184,0.5726629782928917,5.91751744235988,22.397485373233096,0.1272584396206426,1.0286,0.0286,32.5713,33.6561,68.2086,57.2408,0.0,0.0,0.0,0.0,0.0,0.0,0.3524,0.2143,32.93776666666667,33.28546,62.48383333333334,61.06708,0.0,0.0,0.0,0.0,0.0,0.0,22.397485373233096,15.08074588527855
2025,Washuk,36,0.0,26.4905,30.0201,212771.0,700.0,0.0,33093.0,0.2,72.0,89.0,2.0,0.0,0.0,0.0,3.383919801100714,4.182900865249493,0.0939977722527976,6.391848513190237,4.323897523628689,0.4699888612639881,3.5286,0.0,26.2304,27.9476,55.3061,39.6781,0.0,0.0,0.0,0.0,0.0,0.0,1.1762,0.70572,26.8895,27.4783,41.6681,40.2967,0.0,0.0,0.0,0.0,0.0,0.0,4.323897523628689,5.190247753173604
2025,West,36,0.1286,28.5278,76.2371,4732945.0,15.0,0.0,929.0,0.75,254.0,735.0,98.0,0.1392538559564091,0.0,0.1191281803401151,0.53666374741308,1.5529443084591097,0.2070592411278812,0.6887889041600948,1.698730917008332,0.1077553193624688,15.6857,0.5571,28.8001,29.1111,84.7731,76.1674,0.4360360753330028,0.5627607460061345,0.5197767214687541,0.5244865029872227,0.0449145909844101,0.0,5.457133333333334,3.72286,28.813,28.9763,79.05919999999999,77.62415999999999,0.3793502257651821,0.422329192195334,0.3877971349320306,0.429045551903087,0.0149715303281367,0.004824477498017,1.698730917008332,1.4481054618414895
2025,Zhob,36,0.1429,25.8432,55.6837,374767.0,1400.0,0.0,20297.0,0.2,63.0,124.0,0.0,0.6161681911749172,0.0396547666413212,0.3998135891779112,1.6810444889758172,3.308722486238116,0.0,2.107976422683961,2.214709406110997,0.053366491713518,0.7714,0.3143,27.8551,29.7622,55.5908,50.3068,0.4798229801275327,0.621509574450749,0.4482353097653074,0.4180971905486332,0.0406677458576767,0.0547219535421295,0.4095333333333333,0.26858,27.820166666666665,28.57246,53.86043333333333,51.5706,0.5725002485843996,0.5008780850413135,0.4220486964972839,0.4029758831414803,0.0450148220137091,0.0462847947102507,2.214709406110997,3.79037682172398
2025,Abbottabad,37,1.0714,23.572,79.8149,1611498.0,1256.0,0.0,1967.0,0.75,135.0,1381.0,16.0,0.0,0.3640503212282939,0.0,0.8377298637665079,8.569666236011463,0.0992865023723268,0.0062054063982704,7.657471495465709,0.1365189407619494,6.3143,15.7571,22.0524,22.8968,82.8205,85.0062,0.0001267020266178,0.0009663393373389,0.0,0.0,0.0,0.0,7.714266666666667,6.182840000000001,22.8404,23.42996,82.54719999999999,83.37986,0.0003643471213188,0.0261591437659114,0.0,0.0040390531461242,0.1213501070760979,0.1295299750319978,7.657471495465709,7.930281470060087
2025,Badin,37,16.7857,27.2097,82.9644,2182111.0,9.0,1.0,6726.0,0.35,5702.0,3222.0,202.0,0.36620672031269,0.2266938474745364,0.0,26.1306597143775,14.765518344392197,0.9257090954584803,29.242325436240414,15.819543552092446,0.7515658002732216,3.6429,16.9143,29.2401,29.1689,74.8412,83.393,0.0,0.4124311076670328,0.0,0.3776720585067853,0.0,0.0,12.447633333333334,7.77714,28.53956666666667,29.0824,80.39953333333334,76.58524,0.2595459426599076,0.394181340743149,0.1258906861689284,0.3162649838737464,0.0755646158248454,0.0808952448592001,15.819543552092446,14.283229961693689
2025,Bajaur,37,0.2429,24.0655,65.3823,1321356.0,900.0,0.0,1290.0,0.2,53.0,736.0,4.0,0.0,0.2219763582743239,0.0,0.401103109230215,5.570035630064873,0.0302719327720916,3.223960840227766,5.259748319150932,0.0378399159651146,2.6286,2.0714,22.3967,22.7336,71.6065,72.6607,0.1361993848629705,0.0,0.0054393571235726,0.0,0.262538599490046,0.258659064239468,1.6476333333333333,2.56,23.06526666666667,23.61172,69.88316666666667,72.37992,0.0453997949543235,0.0331457128373489,0.0018131190411908,0.0010878714247145,0.2477246740012793,0.2045257024918516,5.259748319150932,6.188176850355571
2025,Bannu,37,0.1,31.0973,58.966,1410816.0,312.0,1.0,1227.0,0.2,3.0,970.0,8.0,0.34917742311791,0.169258185140673,0.3045580647670409,0.0212642896026129,6.875453638178189,0.0567047722736345,9.512225548902196,6.684075031754672,0.6804572672836147,4.5429,14.8286,29.0871,29.3788,65.0313,71.3118,0.4482745209883586,0.5112223714568173,0.3157000517026017,0.437312860476904,0.1870287282202462,0.1569141997098904,6.490500000000001,4.78002,29.8544,30.948519999999995,65.10303333333333,62.59478,0.4362247718543619,0.4689180173116711,0.3525236589821822,0.4248480623894108,0.1710670376902698,0.1352467235763041,6.684075031754672,7.002258364710656
2025,Barkhan,37,0.3714,27.2851,65.0878,206726.0,1100.0,0.0,3514.0,0.2,112.0,82.0,20.0,0.151863387795571,0.1378656862447469,0.138233826916674,5.417799405976994,3.96660313651887,0.967464179638749,5.756411868850556,4.788947689211807,1.3544498514942485,1.0857,4.7,27.1572,28.3458,68.5679,68.3198,0.2065411061251529,0.1444126129780465,0.1137524438853608,0.123322122780261,0.0,0.0547657477357119,2.052366666666667,1.4914200000000002,27.59603333333333,28.69262,67.32516666666666,62.97986000000001,0.1676057022995901,0.1708110025307784,0.1251027978607652,0.1258574412863114,0.0642104779934862,0.0719337041225374,4.788947689211807,4.444536273487886
2025,Battagram,37,1.1714,23.8347,81.052,575449.0,1036.0,0.0,1301.0,0.2,0.0,0.0,5.0,0.0,0.0,0.0,0.0,0.0,0.0868886730188079,2.8499484750169,8.237046202182992,0.0,5.2143,13.2286,22.5189,23.6906,82.2829,83.4119,0.0,0.0,0.0,0.0,0.0,0.0,6.5381,6.842859999999999,23.348066666666668,24.0933,82.24893333333334,82.9164,0.0,0.0,0.0,0.0,0.0,0.0,8.237046202182992,2.6400994162585247
2025,Buner,37,1.2,25.6446,79.987,1084406.0,700.0,0.0,1865.0,0.35,0.0,495.0,4.0,0.0,0.3545409038879076,0.0,0.0,4.564711003074494,0.0368865535601979,1.7797762092795504,2.803378070575043,0.0553298303402969,5.0143,20.2429,24.3464,25.2866,82.4012,82.6173,0.0453518363081507,0.013187694596846,0.0004900898096524,2.333852337638896e-05,0.402780018489331,0.4110021273708127,8.819066666666666,7.928579999999999,25.09253333333333,25.74418,81.66850000000001,82.13124,0.0195131769683322,0.0193276529899611,0.0001711427776762,0.0002622695095427,0.3894410165826837,0.310081101148073,2.803378070575043,3.7417718161808695
2025,Central,37,15.1286,26.735,86.0135,3591719.0,10.0,0.0,69.0,0.95,22.0,1034.0,14.0,0.0,0.0,0.0,0.0612520077433674,2.87884436393827,0.0389785503821429,0.1531300193584186,2.965154011213015,0.0417627325522959,0.1,16.1429,28.8029,28.652,74.1435,85.3103,0.0,0.0,0.0,0.0,0.0,0.0111216258866775,10.457166666666668,6.6143,28.0633,28.3505,81.82243333333332,79.3059,0.0,0.0,0.0,0.0,0.0037072086288925,0.0022243251773355,2.965154011213015,2.290429157836101
2025,Chagai,37,0.0,32.6863,30.1753,273217.0,919.0,0.0,44748.0,0.2,58.0,160.0,9.0,0.7156398166640133,0.0340746731857973,0.6875341168917868,2.1228547271948672,5.856150971572047,0.3294084921509276,2.269258501484168,5.563343422993444,0.0,0.0,0.0,32.1182,34.3804,10.1846,24.1779,0.7629912375133269,0.7759043879049411,0.7366473803797232,0.8288187783276547,0.0314241778307685,0.035038982941616,0.0,0.0,33.06163333333334,33.92044,21.512600000000003,18.42944,0.7515118140274271,0.7610326200665493,0.7510000918663883,0.7406956900547953,0.0335126113193939,0.0323014571418371,5.563343422993444,5.318655979538332
2025,Charsadda,37,0.9,28.4757,76.6427,1953624.0,300.0,2.0,996.0,0.2,1651.0,4050.0,242.0,0.0,0.2923691253747109,0.0,8.45096088090646,20.73070355401039,1.238723521005065,2.77944988390806,12.474252978055144,0.7831599120403927,3.1857,15.4429,27.1844,27.4757,78.7252,81.438,0.0395246981820227,0.0,0.0157662220186353,0.0,0.3446280348537761,0.381542077987661,6.509533333333333,8.02572,27.71193333333333,28.19858,78.9353,79.46268,0.0131748993940075,0.0131143745643576,0.0052554073395451,0.003153244403727,0.3395130794053826,0.2782402982388703,12.474252978055144,17.69301255909449
2025,Chitral Lower,37,0.0429,23.8431,57.3782,336081.0,1500.0,1.0,6458.0,0.35,20.0,781.0,10.0,0.0239837398373983,0.0282051819868572,0.0235772357723577,0.5950946349243188,23.23844549379465,0.2975473174621594,2.0530764904889,20.23321758742684,0.2975473174621594,0.0857,0.1143,23.3449,23.6232,60.9889,64.943,0.1941395023841753,0.1782356730484822,0.0346703758093445,0.0505124289779899,0.0549374324265226,0.0621923905913532,0.0809666666666666,0.32286,23.60373333333333,24.6658,61.103366666666666,61.194500000000005,0.1321196384233519,0.1440193664507003,0.0362533468532307,0.0634402359795148,0.0484450016682443,0.0480082968126738,20.23321758742684,20.131869252065265
2025,Chitral Upper,37,0.0429,23.8431,57.3782,204308.0,2500.0,1.0,8392.0,0.2,29.0,241.0,12.0,0.0239837398373983,0.0282051819868572,0.0235772357723577,1.419425573154257,11.79591597000607,0.5873485130293479,0.4894570941911232,10.914893200462048,1.027859897801359,0.0857,0.1143,23.3449,23.6232,60.9889,64.943,0.1941395023841753,0.1782356730484822,0.0346703758093445,0.0505124289779899,0.0549374324265226,0.0621923905913532,0.0809666666666666,0.32286,23.60373333333333,24.6658,61.103366666666666,61.194500000000005,0.1321196384233519,0.1440193664507003,0.0362533468532307,0.0634402359795148,0.0484450016682443,0.0480082968126738,10.914893200462048,11.522244934564235
2025,D.I. Khan,37,2.1,30.4999,71.0754,2050338.0,0.0,0.0,0.0,0.0,0.0,2011.0,3.0,0.0,0.0,0.0,0.0,9.808138950748608,0.0146317338897294,4.862612896020071,10.23245923355076,0.0,1.3857,11.2571,29.5198,30.3758,70.8674,74.439,0.0,0.0,0.0,0.0,0.0,0.0,4.914266666666666,2.99428,30.131833333333333,31.64418,72.12726666666667,66.29472,0.0,0.0,0.0,0.0,0.0,0.0,10.23245923355076,10.624798892989617
2025,Dera Bugti,37,0.4,28.1443,71.6208,378394.0,250.0,0.0,10160.0,0.2,103.0,84.0,4.0,0.4462557999389221,0.0836421230821025,0.2029032448933526,2.722030476170341,2.219908349498142,0.1057099214046734,2.167053388795805,2.2463358298493104,0.0,0.7429,1.5857,29.4309,30.6142,67.7814,67.9367,0.2616936169020104,0.457679068903864,0.3424686172436795,0.4366444312940503,0.0,0.0152570938242015,0.9095333333333334,0.6857200000000001,29.39646666666667,30.33754,69.11296666666668,66.34642,0.3885428285815988,0.4431972901056014,0.3273387644770274,0.3770880809704235,0.0329664056354346,0.0490385836579954,2.2463358298493104,2.5117722234154103
2025,Dir Lower,37,1.1,29.6405,70.8798,1734809.0,800.0,1.0,1583.0,0.35,1.0,2021.0,30.0,0.0,0.0,0.0,0.0057643233347302,11.649697459489776,0.1729297000419066,1.412259217008904,10.035686925765315,0.1902226700460972,1.4571,21.3286,28.0726,28.0789,74.2379,79.6271,0.0,0.0,0.0,0.0,0.0,0.0,7.9619,7.562840000000001,28.59733333333333,29.1365,74.91493333333334,75.92626,0.0,0.0,0.0,0.0,0.0,0.0,10.035686925765315,12.336660108630326
2025,Dir Upper,37,0.2286,21.7979,69.328,1143644.0,1200.0,1.0,3699.0,0.35,32.0,2233.0,8.0,0.0,0.0,0.0,0.2798073526377089,19.525306826250127,0.0699518381594272,0.2185994942482101,14.30515090360287,0.1486476560887828,3.5286,4.0429,21.008,21.9928,73.6706,72.2894,0.0,0.0,0.0,0.0,0.0,0.0,2.6000333333333336,3.722879999999999,21.599566666666664,22.38212,71.76266666666665,73.3726,0.0,0.0,0.0,0.0,0.0,0.0,14.30515090360287,18.574081996400317
2025,East,37,20.0429,26.7655,86.664,3514347.0,10.0,0.0,165.0,0.95,49.0,207.0,0.0,0.0247205380285228,0.0,0.0,0.1394284628125794,0.5890141184123252,0.0,0.1764196876404066,0.7938885943818297,0.0085364364987293,0.0286,15.6143,28.7004,28.6765,75.2554,85.4821,0.0,0.0281403076079882,0.0,0.0,0.0,0.0055440257843817,11.895266666666666,7.4143,28.047466666666665,28.26748,82.46716666666667,80.49996000000002,0.017620281878837,0.0203313579739434,0.0,0.0,0.0018480085947939,0.0011088051568763,0.7938885943818297,1.8236183626014473
2025,Ghotki,37,3.6714,29.0234,75.3092,1989892.0,72.0,1.0,6083.0,0.35,5365.0,1264.0,211.0,0.5076022315091473,0.2406812363830644,0.0,26.96126221925612,6.3521035312469225,1.0603590546622632,27.383395681775696,6.583271855960022,1.1960448104721262,0.1429,0.9571,32.0924,32.7085,64.2004,66.0683,0.0,0.5388162283308575,0.0,0.5271491974002499,0.0,0.2166361100215454,1.5904666666666667,1.00856,31.274766666666665,32.16848,68.52596666666666,63.0268,0.3488061532800016,0.4519834747181286,0.1757163991334166,0.3295188981867215,0.1524391154682032,0.0914634692809219,6.583271855960022,7.225217623535476
2025,Gwadar,37,2.9714,27.2762,84.6519,317947.0,12.0,0.0,12637.0,0.35,7.0,17.0,5.0,0.7520955737243875,0.0109346146757252,0.7017052609548,0.2201624799101737,0.534680308353279,0.1572589142215526,0.0943553485329316,0.534680308353279,0.062903565688621,0.0143,0.0,27.1333,27.4857,87.4442,92.677,0.6557885246954652,0.7138646896303573,0.6456119802252943,0.6179544178586328,0.0217342470360096,0.0046053297491426,0.9952333333333332,0.59714,27.2984,27.76148,88.2577,87.20266,0.7072495960167368,0.7007844498289657,0.6550905530129091,0.6453154711393208,0.0124247304869591,0.0120428903279069,0.534680308353279,8.892096695274722
2025,Hangu,37,0.4429,27.8696,60.9273,627433.0,900.0,0.0,1097.0,0.2,133.0,225.0,4.0,0.0543445758381146,0.2363099986904065,0.0207758241482771,2.119748244035618,3.5860402624662715,0.0637518268882892,4.606069492678899,4.685759276289262,0.1912554806648678,6.1857,11.5286,25.3774,26.1354,70.9377,76.0144,0.1049548274451222,0.1739663839070475,0.026794889483049,0.0820526009270442,0.2565239119188426,0.213216589416318,6.0524,5.13144,26.460800000000003,27.7325,69.29313333333333,66.77594,0.1110885957300947,0.1226119529470768,0.0432077715194567,0.0576011981157969,0.235350166675189,0.1649577149807283,4.685759276289262,3.457540795521169
2025,Haripur,37,0.9857,27.047,78.9655,1212553.0,605.0,2.0,1725.0,0.65,399.0,1665.0,1.0,0.0,0.3063582888769315,0.0,3.290577813918237,13.731358546801667,0.0082470621902712,0.0742235597124414,11.8840166161809,0.0247411865708138,2.5571,13.7143,25.7149,26.3687,81.0783,83.5104,0.1187505324483514,0.1071720476635111,0.1027211016439056,0.0995466750048421,0.0,0.2350787831866649,5.752366666666666,5.61142,26.37686666666667,27.04564,81.18473333333334,81.60458,0.0753075267039541,0.0955157419712558,0.0674225922162492,0.0806958647218788,0.1804790240211987,0.1655043290209565,11.8840166161809,12.473198170206807
2025,Hub,37,13.4286,26.5847,85.3701,461810.0,0.0,0.0,0.0,0.0,307.0,231.0,1.0,0.0,0.0,0.0,6.647755570472706,5.0020571230592665,0.0216539269396505,1.0826963469825253,3.291396894826877,0.043307853879301,0.4143,13.2286,28.5716,28.9802,75.4284,81.7757,0.0,0.0,0.0,0.0,0.0,0.0,9.023833333333334,5.54574,28.0455,28.34706,80.85806666666667,78.32982000000001,0.0,0.0,0.0,0.0,0.0,0.0,3.291396894826877,4.297995653575338
2025,Hyderabad,37,10.4,27.6512,80.4945,2659637.0,20.0,2.0,993.0,0.75,1649.0,2495.0,41.0,0.1867027827008759,0.2422520224096085,0.0,6.20009422338462,9.380979434411538,0.1541563754752998,5.357874025665908,9.907367057985732,0.1579162870722583,0.9571,13.1714,30.8283,30.5229,65.397,76.3602,0.0,0.2087835209432136,0.0,0.1658578168953885,0.0,0.0,8.176166666666667,4.90856,29.667466666666662,30.15678,74.08389999999999,70.4538,0.1318287678813631,0.1852529187251891,0.0552859389651295,0.1218516481484253,0.0807506741365361,0.0898009556127792,9.907367057985732,9.668014386466778
2025,Jacobabad,37,2.3143,29.5816,73.8828,1216179.0,55.0,0.0,2686.0,0.35,1559.0,1003.0,168.0,0.3642859319466894,0.2951558858148678,0.0,12.818836700847491,8.247141251411183,1.381375603426798,12.391268061691576,7.729125400126132,1.4964902370456978,0.1143,2.1286,32.8884,33.025,60.6083,65.1297,0.0,0.4707587087506486,0.0,0.4484518574677788,0.2183263752002309,0.2734408394335234,1.5190666666666666,0.9343000000000004,31.831666666666667,32.726099999999995,66.54026666666668,61.32372,0.2783482135657793,0.431071282533107,0.1494839524892596,0.3217406049817818,0.2623077001495407,0.1573846200897244,7.729125400126132,8.116365677808197
2025,Jaffarabad,37,0.0,0.0,0.0,621388.0,55.0,1.0,1643.0,0.2,802.0,468.0,9.0,0.603494778024983,0.2642774667423947,0.0,12.906589763561575,7.531526196193039,0.1448370422344815,12.50426464624357,8.931617604459694,0.5793481689379261,0.0,0.0,0.0,0.0,0.0,0.0,0.0,0.7181201979367016,0.0,0.6607472998616286,0.0,0.2078004995328722,0.0,0.0,0.0,0.0,0.0,0.0,0.4405383253205615,0.5919421899440376,0.2202490999538762,0.4383982466724243,0.1573593220917556,0.0944155932550533,8.931617604459694,7.55934971306959
2025,Jamshoro,37,9.7571,27.8343,79.285,1200463.0,33.0,2.0,11204.0,0.35,3162.0,1873.0,86.0,0.0,0.0,0.0,26.339837212808725,15.602313440730784,0.7163902594249052,27.8725791632062,15.618973679322062,0.7247203787205436,0.7857,13.9286,30.893,30.7757,65.0641,74.4739,0.0,0.0,0.0,0.0,0.0,0.0,8.157133333333332,4.90856,29.83433333333333,30.3022,72.941,69.62154,0.0,0.0,0.0,0.0,0.0,0.0,15.618973679322062,16.328465864355405
2025,Jhal Magsi,37,0.0,0.0,0.0,180130.0,60.0,0.0,3615.0,0.2,347.0,383.0,27.0,0.7635332733184071,0.1002638092066315,0.4442044444296181,19.263864986398712,21.262421584411257,1.49891744850941,19.04180314217509,17.20979292733026,0.0,0.0,0.0,0.0,0.0,0.0,0.0,0.4600349936701154,0.7971862886943061,0.4420644597414338,0.6688808234657417,0.0,0.0775718792929886,0.0,0.0,0.0,0.0,0.0,0.0,0.6735848518942763,0.6976087322379672,0.5183832425455979,0.5996762206765045,0.0592785628332067,0.035567137699924,17.20979292733026,14.198639387661832
2025,Kachhi (Bolan),37,1.8143,27.4738,66.4015,417079.0,0.0,0.0,0.0,0.0,78.0,112.0,10.0,0.0,0.0,0.0,1.8701493002524705,2.6853425849779056,0.2397627308015987,2.9251053157795046,4.723325796791495,0.6953119193246364,0.5429,4.6857,29.5066,29.6807,53.8891,61.5848,0.0,0.0,0.0,0.0,0.0,0.0,2.347633333333333,1.5085799999999998,28.88703333333333,29.95534,60.62513333333334,58.23706,0.0,0.0,0.0,0.0,0.0,0.0,4.723325796791495,2.7090840019327516
2025,Kalat,37,0.0286,23.2675,46.9229,498077.0,2000.0,0.0,7654.0,0.2,15.0,37.0,20.0,0.1718200031336948,0.0771043099457253,0.1589288147115487,0.3011582546473738,0.7428570281301887,0.4015443395298317,0.0200772169764915,0.0401544339529831,0.0,0.0,2.4857,23.0342,24.3562,23.5236,48.5055,0.229922631699585,0.2071256659405569,0.167084990583011,0.1364532019704434,0.0627132323448648,0.0644009365787279,0.8381,0.52858,23.552633333333333,24.4314,39.65066666666666,35.768860000000004,0.2029561002579455,0.2141496494256996,0.1541556690883343,0.1457988006455363,0.0680728262897726,0.0429788270704376,0.0401544339529831,1.5117558986534432
2025,Kamber,37,9.7286,28.389,81.5887,1621170.0,50.0,0.0,5599.0,0.2,4873.0,2115.0,206.0,0.0,0.0,0.0,30.05853796949117,13.046133348137456,1.2706872197240264,28.65831467397004,13.329879037978744,1.1658246821739855,0.0143,1.6857,34.9333,33.3985,48.6302,62.2391,0.0,0.0,0.0,0.0,0.0,0.0,3.809533333333333,2.3542999999999994,32.24026666666667,33.04392,64.15266666666668,59.44528,0.0,0.0,0.0,0.0,0.0,0.0,13.329879037978744,14.289037408080047
2025,Karak,37,0.2,29.8336,60.0725,853502.0,500.0,0.0,3372.0,0.2,48.0,838.0,7.0,0.2524025745854928,0.1496112844696998,0.1649134177614828,0.5623888403307784,9.818371837441504,0.0820150392149051,3.468064515373133,8.388966868267444,0.1054479075620209,2.7571,10.1286,27.5958,28.2572,67.3323,71.9657,0.2538709205552433,0.5191426516844398,0.1531479955962399,0.3319004286590027,0.1924564070073433,0.1677302738687022,4.3619,3.5800000000000005,28.562200000000004,29.61804,66.45683333333334,64.21258,0.3418053822750587,0.380139809240061,0.2166539473389085,0.2814464268071943,0.1699326551152484,0.1308094863860721,8.388966868267444,8.141303931760497
2025,Kashmore,37,2.8857,28.8795,76.4926,1316520.0,60.0,2.0,2592.0,0.35,1957.0,339.0,122.0,0.0,0.0,0.0,14.864946981435908,2.5749703764469967,0.9266855042080636,16.14103849542734,2.833226992373834,0.919089721386686,0.2429,1.7,31.5349,32.3131,67.4025,68.3192,0.0,0.0,0.0,0.0,0.0,0.0,1.6095333333333333,1.034299999999999,30.909166666666664,31.755060000000004,70.73809999999999,65.50082,0.0,0.0,0.0,0.0,0.0,0.0,2.833226992373834,3.5132172673082454
2025,Keamari,37,14.2429,26.9409,85.6832,2215961.0,2.0,0.0,559.0,0.2,16.0,608.0,0.0,0.1821908373588084,0.0178389154780897,0.1352111438238784,0.072203436793337,2.7437305981468083,0.0,0.0767161515929206,3.0460824897189074,0.0045127147995835,0.1857,14.5429,28.3832,28.6513,77.1336,85.8159,0.1392538559564091,0.4360360753330028,0.1191281803401151,0.5197767214687541,0.0,0.0449145909844101,9.657166666666669,6.2828800000000005,27.9918,28.16764,82.87756666666667,81.27992,0.2524935895494067,0.3660323513445701,0.2580386818775825,0.373519213441494,0.0209178354874999,0.0168798132671463,3.0460824897189074,2.497890197993515
2025,Kech (Turbat),37,0.0,0.0,0.0,1098914.0,0.0,0.0,0.0,0.0,843.0,585.0,1.0,0.0,0.0,0.0,7.671209939995304,5.323437502843716,0.0090998931672542,7.252614854301611,5.223338678003921,0.0,0.0,0.0,0.0,0.0,0.0,0.0,0.0,0.0,0.0,0.0,0.0,0.0,0.0,0.0,0.0,0.0,0.0,0.0,0.0,0.0,0.0,0.0,0.0,0.0,5.223338678003921,4.39974584620915
2025,Khairpur,37,8.7714,28.5352,77.9599,2908676.0,53.0,2.0,15910.0,0.5,5594.0,3008.0,195.0,0.6019249949430431,0.1527430411050763,0.0,19.232117980827013,10.341474952865152,0.670408116957681,21.91375044865774,11.00844507947946,0.7322919431383901,0.2,2.3857,34.0337,33.451,52.7299,61.4459,0.0,0.6032162443125318,0.0,0.5236597412244843,0.0,0.1309030714445641,3.7857,2.3257,32.00663333333333,33.0005,64.04523333333333,58.44926,0.401713746418525,0.503917814303267,0.1745532470748281,0.3284396710365998,0.0945487041832134,0.056729222509928,11.00844507947946,10.715182487228422
2025,Kharan,37,0.0,32.9684,37.5639,188592.0,700.0,0.0,14958.0,0.2,46.0,226.0,5.0,0.6535629295227191,0.0340548082463187,0.6107844888442762,2.439127852719097,11.983541189446,0.2651225926868584,2.9163485195554424,11.824467633833883,0.0,0.0,0.0286,32.6401,34.8056,16.7232,33.1203,0.6614600006853202,0.6554740825899856,0.6051673208365717,0.6202628869996907,0.0199046678557445,0.0352510848499015,0.0095333333333333,0.00572,33.47136666666666,34.15722,29.1358,27.253300000000003,0.6568323375993416,0.6621971805813001,0.6120715655601795,0.6092047211228913,0.0297368536506549,0.0295192483317151,11.824467633833883,11.354476090870332
2025,Khuzdar,37,0.4857,25.8243,64.6882,969559.0,1237.0,0.0,35380.0,0.2,77.0,229.0,35.0,0.1088671306298113,0.1106916872503519,0.0682907051390344,0.7941754962823304,2.361898553878619,0.3609888619465138,0.1753374472311638,0.3713028294306999,0.0,0.1571,2.1143,28.1842,28.2964,47.2622,58.4946,0.1422894140759605,0.2342583793904457,0.0710340922402551,0.0952577178574265,0.0677225025145349,0.0927657645787289,0.9190333333333336,0.8628399999999999,27.434966666666668,28.46868,56.815,52.89618,0.1618049746987391,0.1477794726349167,0.0781941717455719,0.0710288537054256,0.0903933181145385,0.0712027801067724,0.3713028294306999,2.167962604657168
2025,Khyber,37,0.2714,28.1353,62.8539,1193210.0,1000.0,0.0,2576.0,0.2,48.0,855.0,28.0,0.088552949211783,0.190456854868418,0.0273255926490229,0.4022762129046857,7.165545042364713,0.2346611241943999,6.0341431935702845,6.528607705265628,1.299016937504714,4.4429,7.9714,25.7502,25.7386,69.5805,77.14,0.1454730523337953,0.091876560193522,0.034272240966753,0.0224220717493047,0.1957352489653468,0.1682877654369123,4.228566666666667,4.53142,26.541366666666665,26.90654,69.85813333333333,72.50514000000001,0.1086341872463667,0.0976971506423991,0.0280066351216935,0.0277528576369968,0.1848266230902257,0.126725711225421,6.528607705265628,6.541885928672644
2025,Killa Abdullah,37,0.0,29.4275,23.9032,915157.0,1500.0,0.0,3553.0,0.2,13.0,227.0,33.0,0.5800864720295196,0.0559080327750599,0.4670854323695803,0.1420521287604203,2.4804487098934938,0.3605938653149131,0.1529792155881449,2.546011230859841,0.0109270868277246,0.0,0.0,27.51,30.6838,9.3396,20.1531,0.5917361756785939,0.0,0.4573855447657103,0.0,0.0483044794534605,0.0503138090786312,0.0,0.0,29.2071,30.046100000000003,17.79863333333333,16.13732,0.3906075492360378,0.4556409949469364,0.3081569923784302,0.3573128832958913,0.0515087737690505,0.045295826997806,2.546011230859841,3.0855835736095427
2025,Killa Saifullah,37,0.0286,25.232,56.8286,413453.0,1500.0,0.0,6831.0,0.2,331.0,336.0,53.0,0.5290781239079523,0.0617435066382934,0.4511642883212839,8.005746723327682,8.126679453287315,1.2818869375721065,7.836440901384196,7.401083073529518,0.1209327299596326,0.0143,0.1571,25.0743,26.6752,51.5898,60.1088,0.5182567595678247,0.5977819997552993,0.3933191824032339,0.4953239430493876,0.0548439331804401,0.0549465879919118,0.0666666666666666,0.0857199999999999,25.6605,26.62398,56.17573333333333,54.70194,0.5483722944103587,0.5553579711778684,0.4466024712579684,0.4761382811599953,0.0571780092702151,0.0539645788045511,7.401083073529518,6.328967884735857
2025,Kohat,37,0.2286,29.57,61.4204,1200463.0,500.0,0.0,2545.0,0.65,0.0,989.0,9.0,0.0344183368631931,0.1914305452614104,0.0071439272212414,0.0,8.23848798338641,0.0749710736607458,4.190050005706132,7.713690467761189,0.116621670138938,2.5,10.3286,27.4534,28.1885,68.9679,71.5604,0.2187535627159671,0.1062506900338769,0.1339326943660628,0.0300593283863957,0.216374639629351,0.200074279352087,4.3524,3.6771599999999993,28.403966666666676,29.42534,67.31623333333333,65.6516,0.1198075298710123,0.1263720579852038,0.0570453166578999,0.0497737341787416,0.2026264880809495,0.1495554936879333,7.713690467761189,7.509950960870561
2025,Kohistan Lower,37,1.2571,7.9859,70.8962,244203.0,1500.0,2.0,1200.0,0.2,1.0,164.0,0.0,0.0,0.2217856031942564,0.0,0.0409495378844649,6.715724213052256,0.0,0.0818990757689299,8.926999258813364,0.0,2.2429,1.7286,6.6243,8.0663,80.1492,80.3784,0.1228921155762205,0.0511520690800398,0.1180728101040547,0.0222069446144863,0.0801057782166187,0.1848788709827431,1.7428666666666668,2.0914400000000004,7.558833333333333,8.393299999999998,77.14126666666665,78.57077999999998,0.0580147282187534,0.1171361712351227,0.0467599182395136,0.036163319357895,0.1622567507978727,0.1607834954003516,8.926999258813364,6.310010750285439
2025,Kohistan Upper,37,1.2571,7.9859,70.8962,369931.0,2500.0,2.0,4000.0,0.2,0.0,336.0,3.0,0.0,0.2217856031942564,0.0,0.0,9.082774895858956,0.0810962044273121,1.4326996115491806,8.83948628257702,0.0540641362848747,2.2429,1.7286,6.6243,8.0663,80.1492,80.3784,0.1228921155762205,0.0511520690800398,0.1180728101040547,0.0222069446144863,0.0801057782166187,0.1848788709827431,1.7428666666666668,2.0914400000000004,7.558833333333333,8.393299999999998,77.14126666666665,78.57077999999998,0.0580147282187534,0.1171361712351227,0.0467599182395136,0.036163319357895,0.1622567507978727,0.1607834954003516,8.83948628257702,8.719479978331707
2025,Kohlu,37,0.2714,26.4202,62.9397,258710.0,1000.0,0.0,7610.0,0.2,67.0,117.0,32.0,0.1831846799464768,0.1132446010693528,0.1547660299748983,2.5897723319546984,4.522438251323877,1.2369061883962738,3.749371883576205,5.488771211008465,0.0773066367747671,1.1286,1.5286,25.5746,27.1901,70.3711,68.7193,0.1875959777727352,0.1917719526504769,0.2135781251272693,0.1566695065813371,0.1039321340308837,0.0792510814046731,0.9762,0.92286,26.394966666666665,27.45444,67.34336666666667,63.57536,0.1875175367898963,0.1896728121941019,0.1750045538945015,0.1648617233958464,0.0988092721683032,0.0790496497390903,5.488771211008465,5.379005783456807
2025,Kolai Palas,37,1.2571,7.9859,70.8962,331246.0,0.0,0.0,0.0,0.0,6.0,81.0,2.0,0.0,0.0,0.0,0.1811342627533615,2.445312547170381,0.0603780875844538,0.1811342627533615,2.052854977871431,0.0603780875844538,2.2429,1.7286,6.6243,8.0663,80.1492,80.3784,0.0,0.0,0.0,0.0,0.0,0.0,1.7428666666666668,2.8457200000000005,7.558833333333333,8.16354,77.14126666666665,78.79129999999999,0.0,0.0,0.0,0.0,0.0,0.0,2.052854977871431,2.057378149652882
2025,Korangi,37,17.8143,26.8835,86.3352,2970331.0,8.0,0.0,95.0,0.2,65.0,323.0,0.0,0.0247205380285228,0.0,0.0,0.2188308306380669,1.0874208968630097,0.0,0.2120975743107418,1.2995184711737513,0.0,0.0714,15.7429,28.6552,28.6564,75.576,85.9388,0.0,0.0281403076079882,0.0,0.0,0.0,0.0055440257843817,11.209533333333331,7.13144,28.06503333333333,28.2545,82.61666666666666,80.8057,0.017620281878837,0.0203313579739434,0.0,0.0,0.0018480085947939,0.0011088051568763,1.2995184711737513,1.8202877806142856
2025,L & C Kurram,37,0.7286,16.9485,78.4512,604463.0,0.0,0.0,0.0,0.0,0.0,52.0,1.0,0.0,0.0,0.0,0.0,0.8602677086935016,0.0165436097825673,0.4466774641293181,0.6286571717375588,0.1158052684779713,3.2143,4.4143,16.2848,17.616,80.7043,84.5674,0.0,0.0,0.0,0.0,0.0,0.0,2.7857333333333334,2.39144,16.949766666666665,17.974800000000002,81.24096666666667,80.4153,0.0,0.0,0.0,0.0,0.0,0.0,0.6286571717375588,0.9007484856219552
2025,Lakki Marwat,37,0.1,31.3927,61.8723,1059019.0,250.0,1.0,3164.0,0.2,0.0,980.0,1.0,0.7209248645944628,0.0989564105534893,0.5446983982262374,0.0,9.253847192543288,0.0094427012168809,8.111280345300699,8.791154832916122,0.1699686219038563,1.3143,11.0143,29.4263,30.2364,65.3691,68.9929,0.6385461779150001,0.790281569485021,0.4910255081953623,0.7063630026951864,0.1181666909293078,0.0575353988788166,4.1428666666666665,3.22,30.3518,31.56718,65.41143333333333,62.15712,0.7165842039981613,0.750621687168671,0.5806956363722621,0.6485443933584522,0.0915528334538712,0.0763607202723115,8.791154832916122,9.222837934488245
2025,Larkana,37,6.8286,28.6967,78.3998,1842403.0,48.0,2.0,1906.0,0.5,7126.0,1950.0,46.0,0.5658799094404106,0.2459689286155736,0.0055568639682246,38.67774857075244,10.584003608331075,0.249673931273451,38.78630245391481,10.589431302489194,0.184541601376029,0.1857,3.1571,34.6827,33.7161,49.7399,60.121,0.0411831728229251,0.7064809008872828,0.0037667250258782,0.7165238632559174,0.2829067591138233,0.1646467781948273,3.3904666666666667,2.0457,32.36516666666666,33.322799999999994,62.75356666666666,57.50424,0.4378479943835394,0.5711435617439278,0.2419491507500067,0.4548994036752501,0.2311741553080747,0.1387044931848448,10.589431302489194,10.694300202599269
2025,Lasbella,37,14.2143,26.0365,87.4427,697550.0,0.0,0.0,0.0,0.0,342.0,441.0,6.0,0.0,0.0,0.0,4.902874345925024,6.322127446061214,0.0860153394021933,7.3829832986882655,7.813059995699233,0.0716794495018278,0.7143,12.4286,26.5892,28.1175,85.6714,84.718,0.0,0.0,0.0,0.0,0.0,0.0,9.119066666666669,6.0143,26.9144,26.99282,85.94403333333332,84.61554,0.0,0.0,0.0,0.0,0.0,0.0,7.813059995699233,6.2240085590120815
2025,Loralai,37,0.0857,24.5094,64.7079,479944.0,1400.0,0.0,3785.0,0.2,58.0,289.0,22.0,0.2202577840058761,0.0967230276238896,0.206173043725804,1.2084743220042338,6.021535845848683,0.4583868117947094,1.6460253696264564,5.813178204123814,0.0208357641724867,0.0429,0.9143,25.477,25.9189,58.228,67.2769,0.255864733725034,0.2648685995880704,0.1899017954423218,0.2299335861890983,0.0793274817524099,0.0712254773733619,0.3476333333333333,0.22572,25.30176666666667,26.24946,63.404266666666665,59.49416,0.2469970391063268,0.2513768945925478,0.2086694751190746,0.2074606484740511,0.0824253289165538,0.082767766072991,5.813178204123814,6.046596331817725
2025,Malakand,37,0.9286,27.2358,69.9752,870427.0,700.0,1.0,952.0,0.2,40.0,817.0,0.0,0.0,0.2607826352001889,0.0,0.4595445683555312,9.386197808661729,0.0,0.5974079388621906,12.269839975092683,0.1033975278799945,4.7143,7.6857,25.654,26.2543,74.9762,76.0212,0.0971487336564036,0.0,0.0002174456194087,0.0,0.3334489340344881,0.3293938182906581,4.442866666666666,7.385720000000001,26.38136666666667,26.7847,73.65753333333333,75.15812,0.0323829112188012,0.0204306461766937,7.248187313623333e-05,4.348912388174e-05,0.3078751291751117,0.2501116375145957,12.269839975092683,9.329146060717934
2025,Malir,37,17.0857,26.6916,86.8396,2428732.0,20.0,0.0,2268.0,0.75,198.0,1450.0,67.0,0.2445329111944963,0.1107972477825746,0.0,0.815240215882197,5.970193500147403,0.2758641134550868,0.7452448438115032,7.160114825349194,0.1564602434521388,0.0286,14.5,29.0895,28.7991,73.1818,84.8921,0.0,0.4002612694483174,0.0,0.0,0.0,0.0978865403957527,10.5381,6.50858,28.1934,28.50048,81.63783333333333,78.96268,0.2149313935476045,0.2134052088615207,0.0,0.0,0.0695612627261091,0.0476406725569131,7.160114825349194,6.084201714646825
2025,Mansehra,37,2.0571,23.8421,79.2301,1881089.0,1000.0,0.0,4579.0,0.2,271.0,1025.0,5.0,0.0,0.3754306571516964,0.0,1.4406548547144766,5.448971313956968,0.0265803478729608,0.0637928348951059,5.874256879924342,0.1275856697902119,9.2857,15.8429,22.3561,23.1326,81.5973,84.2687,0.1137014200344472,0.0927910360651789,0.0286774190388175,0.0293107911741098,0.0,0.1896975723753366,9.0619,8.111419999999999,23.110266666666664,23.78116,81.69869999999999,82.42573999999999,0.0688308186998753,0.0984203006277315,0.0193294034043091,0.0283317167886174,0.188376076509011,0.2011815326569127,5.874256879924342,5.007865473614393
2025,Mardan,37,0.4286,28.6136,75.9501,2868781.0,300.0,0.0,1632.0,0.65,17.0,1220.0,20.0,0.0,0.3058669384422387,0.0,0.0592586189046846,4.252677356689131,0.0697160222408054,1.2060871847659338,3.384712879791103,0.0348580111204027,3.7714,18.3286,27.1493,27.377,78.375,81.913,0.040041658269799,0.0682492666034991,0.0028252701339723,0.0011751416287519,0.3522296280555529,0.3783007796660539,7.509533333333334,8.83144,27.7133,28.206560000000003,78.74603333333334,79.39472,0.036096974957766,0.0243316110376576,0.0013334705875747,0.0008000823525448,0.3454657820546152,0.2787975229746172,3.384712879791103,3.64286322929743
2025,Mastung,37,0.0,23.9959,57.4386,321574.0,1700.0,0.0,3308.0,0.2,76.0,139.0,20.0,0.2343684698493834,0.0712752759593097,0.2147700308315402,2.363375148488373,4.322488758419524,0.6219408285495718,2.363375148488373,5.566370415518668,0.0,0.0,0.1429,24.2259,26.0822,30.0471,53.9664,0.2793421340892998,0.1752873295190623,0.2185137842990757,0.0200778181071725,0.0600378773789824,0.0672491332381332,0.0476333333333333,0.02858,24.768,25.79824,47.1507,41.79812,0.2296659778192484,0.2435573193143416,0.1511205444125961,0.1674260944295957,0.0661874288588084,0.0591853062401725,5.566370415518668,5.142695572499262
2025,Mirpurkhas,37,7.3714,27.561,81.0322,1820642.0,16.0,0.0,2925.0,0.5,5292.0,3582.0,124.0,0.0,0.0,0.0,29.06666988897323,19.67437859831861,0.6810784327726154,34.482341943116765,18.378132548848157,0.5437642326168461,4.2857,15.1714,30.3911,30.3744,69.252,78.0299,0.0,0.0,0.0,0.0,0.0,0.0,8.942833333333333,5.488560000000001,29.44216666666667,30.30428,76.1047,70.50748,0.0,0.0,0.0,0.0,0.0,0.0,18.378132548848157,18.703150762128843
2025,Mohmand,37,0.9286,27.2358,69.9752,563359.0,600.0,0.0,2296.0,0.2,67.0,163.0,7.0,0.697029377974725,0.1507002798150584,0.503419224246403,1.1892949256158152,2.893359296647431,0.1242546937210553,6.638750778810669,2.857857955584272,0.1065040231894759,4.7143,7.6857,25.654,26.2543,74.9762,76.0212,0.3619819013508836,0.6561933212418646,0.0980848905441228,0.3908567160994344,0.1748683917964824,0.1422833216638966,4.442866666666666,7.385720000000001,26.38136666666667,26.7847,73.65753333333333,75.15812,0.5717348668558244,0.5138536488650828,0.3307869436299867,0.3493738771166962,0.1559506644251458,0.1238620859151414,2.857857955584272,3.1790998586143973
2025,MusaKhel,37,0.2571,25.2493,61.2327,201891.0,0.0,0.0,0.0,0.0,274.0,129.0,27.0,0.1468534626444822,0.1084281006214002,0.2428258118655145,13.571679767795494,6.389586460020506,1.3373553055856873,15.156693463304457,7.380220019713607,0.1485950339539652,0.6571,2.8143,24.812,25.8326,64.4239,68.0501,0.4207425571694468,0.184766950734727,0.2579117031777194,0.1491671223604797,0.0,0.0,1.2428333333333332,2.2057,25.297966666666667,25.477120000000003,64.5689,64.2547,0.250787656849552,0.2670236379989842,0.2166348791345712,0.2049087346028731,0.0361427002071334,0.0688292298820573,7.380220019713607,5.6007895561132255
2025,Naseerabad,37,5.1429,29.3757,75.1884,592374.0,0.0,0.0,0.0,0.0,109.0,337.0,52.0,0.0,0.0,0.0,1.840053749826968,5.688973520107229,0.8778238072569019,2.194559518142255,6.212291559048844,0.9622299425700654,0.0286,3.0286,33.8953,33.6274,54.712,61.4196,0.0,0.0,0.0,0.0,0.0,0.0,2.7333666666666665,1.70288,32.29946666666667,33.361900000000006,63.77333333333333,58.13969999999999,0.0,0.0,0.0,0.0,0.0,0.0,6.212291559048844,5.2642215810309985
2025,Naushero Feroze,37,14.3143,28.1292,79.5362,1948788.0,38.0,2.0,2945.0,0.2,1888.0,1420.0,185.0,0.3113146100078034,0.2779585088958626,0.0,9.688072791909638,7.28658017188119,0.9493079801394508,9.400714700624183,6.439900081486545,1.267454438348348,0.2,4.9429,33.6423,32.384,53.2212,66.9103,0.0,0.2628150695574046,0.0,0.1006212209320502,0.1543106894365492,0.2819651348285507,6.485733333333333,3.91144,31.385166666666667,32.45476000000001,66.5559,60.80096,0.1913765598550693,0.1970511392248072,0.0335404069773501,0.0808770702333194,0.2380781110536541,0.1292357914690545,6.439900081486545,7.487291189329074
2025,North Waziristan,37,0.9143,15.0259,75.4609,656447.0,1000.0,1.0,4707.0,0.2,0.0,46.0,16.0,0.0903725976820566,0.1176347133692644,0.0642522116060471,0.0,0.7007420248702485,0.2437363564766081,1.2948493937819807,0.5179397575127924,0.5179397575127924,2.5571,4.8429,13.9065,15.511,79.2088,82.7543,0.1985285666873272,0.122200701458759,0.1384847363000135,0.0937472629799743,0.1555567304275645,0.1180880702008184,2.771433333333333,2.72858,14.814466666666666,15.7777,79.14133333333334,78.6564,0.1370339552760476,0.1503573239891756,0.0988280702953449,0.0744993114523759,0.1304265046658824,0.1271280187228473,0.5179397575127924,1.2015249050419916
2025,Nowshera,37,1.1,29.699,70.8899,1835149.0,280.0,2.0,1748.0,0.65,53.0,2805.0,16.0,0.0,0.2484976721195763,0.0,0.2888048872325898,15.284862428064423,0.0871863810513478,4.239437778621791,14.712701802414951,0.0708389346042201,1.4571,21.3286,28.1311,28.1374,74.2469,79.6345,0.2481554989151927,0.2488222242047675,0.1521396024860228,0.1023204413529528,0.2625009774803491,0.290095698073986,7.9619,7.562840000000001,28.655833333333337,29.195,74.92376666666667,75.93482,0.1656592410399867,0.1268305887601423,0.0848200146129918,0.0508920087677951,0.2670314492246371,0.2025442102999214,14.712701802414951,13.84655420842719
2025,Orakzai,37,0.3571,26.6543,61.7902,307067.0,1200.0,0.0,1538.0,0.2,6.0,101.0,0.0,0.1206363821341003,0.2189879307542191,0.0332732859186586,0.1953970957478335,3.289184445088531,0.0,0.9769854787391676,2.4424636968479194,0.0,3.7429,10.4714,24.4126,25.0733,70.6997,77.0366,0.0729240703230646,0.0939326762870295,0.0191293014251224,0.005867605483544,0.2958901336501808,0.2497842352798599,4.857133333333333,4.66286,25.380066666666664,26.54552,69.84216666666667,67.81548000000001,0.0958310429147314,0.0815381992278422,0.0194233976091083,0.0206215330056749,0.2548874332280866,0.1610267394149704,2.4424636968479194,3.6155241351372878
2025,Panjgur,37,0.2571,27.3918,59.2945,382021.0,900.0,0.0,16891.0,0.2,149.0,41.0,0.0,0.3944921656044941,0.0392048465189892,0.326648489443135,3.9003091453087655,1.073239429246036,0.0,0.4711782860104549,1.4135348580313647,0.0,0.0,0.0,30.9954,31.0838,51.8453,40.8899,0.3828201977692921,0.3508619244946812,0.3089335668442277,0.3389816358945428,0.0360286046651539,0.0306272032506128,0.0857,0.0657,29.82366666666667,30.35996,50.676566666666666,48.45682,0.3760580959561557,0.4065410461433053,0.3248545640606351,0.3599302091717143,0.0352868848115852,0.0300125795757769,1.4135348580313647,2.4135873268396493
2025,Peshawar,37,0.0714,30.0722,66.6531,5160904.0,330.0,0.0,1257.0,0.75,461.0,5069.0,15.0,0.0,0.2361670187920145,0.0,0.8932543600888526,9.82192267091192,0.0290646754909604,0.1569492476511866,9.55065236632962,0.3933419416443321,2.2429,9.5571,27.4344,27.3002,77.2184,82.2839,0.1269202883098051,0.0,0.0379226096546009,0.0,0.2494629779946536,0.2537949882458879,3.9571333333333327,4.43142,28.268933333333333,28.63832,75.38513333333333,76.91936000000001,0.042306762769935,0.0458109170225858,0.0126408698848669,0.0075845219309201,0.246474995010852,0.1927353200256222,9.55065236632962,8.928165934375055
2025,Pishin,37,0.0,26.4188,41.7497,889769.0,1550.0,0.0,6218.0,0.2,59.0,497.0,38.0,0.5105934105855237,0.0578166451075216,0.395016779629131,0.6630934545932708,5.585719439539925,0.4270771402465134,0.4832715008052651,5.967841091339438,0.033716616335251,0.0,0.0,24.8825,28.1617,27.0435,39.1176,0.4259066101163423,0.6542277579936759,0.3978885854926816,0.4392085296093199,0.0513669092300149,0.0539006175386784,0.0,0.0028599999999999,26.487666666666662,27.71246,35.97026666666667,35.75332,0.5302425928985138,0.5011469884985923,0.4107046315770442,0.393606055007798,0.0543613906254049,0.0543026727307258,5.967841091339438,5.0700349057413625
2025,Quetta,37,0.1429,24.6757,55.8224,2751515.0,1680.0,0.0,3447.0,0.75,31.0,573.0,19.0,0.3495285911532334,0.0608504691886401,0.3182466256109312,0.1126652044419165,2.082489101458651,0.069052867238594,0.0908590358402552,2.122467077228363,0.0,0.0,0.1571,24.4548,26.5278,33.8071,52.1671,0.3833607051945664,0.0,0.3088104283706565,0.0,0.0507290129696636,0.0578084649095872,0.1,0.06572,25.21943333333333,26.15354,47.26553333333333,43.08216,0.2442964321159332,0.2859418861042663,0.2090190179938625,0.2408189718462617,0.0564626490226303,0.053598035774827,2.122467077228363,1.953928644996961
2025,Sanghar,37,3.6714,27.5153,81.6858,2486760.0,16.0,1.0,10608.0,0.2,5840.0,2272.0,189.0,0.1687068542825597,0.25670403602321,0.0,23.48437324068265,9.136386301854625,0.7600250928919559,32.45186507745018,9.433962264150944,0.9088130740401164,8.6429,5.0143,30.8778,30.0409,67.1992,81.4084,0.0,0.1779428114650598,0.0,0.1262646107112197,0.0,0.2069793160399529,5.7762,3.61144,29.478,30.418560000000003,76.76446666666668,70.51928000000001,0.1155498885825398,0.1851249177359858,0.0420882035704065,0.0957501905551335,0.1545611173543876,0.1468853074452447,9.433962264150944,9.011591561049046
2025,Shaheed Benazirabad,37,17.3429,27.9248,79.8123,1949997.0,30.0,2.0,4502.0,0.5,3021.0,2063.0,142.0,0.4031889294814302,0.2618043286004781,0.0,15.492331526663888,10.579503455646345,0.7282062485224337,17.77951453258646,10.830785893516758,0.7333344615401972,1.5429,6.6429,33.0558,31.2698,55.7252,73.7824,0.0,0.3871061359786525,0.0,0.292353862545437,0.0,0.2328688437607803,8.509566666666666,5.18288,30.750133333333338,31.71138,69.7733,64.0026,0.2634316884866942,0.313038014392505,0.0974512875151457,0.1978277106363457,0.1648910574537527,0.1582378839341121,10.830785893516758,11.158611137229231
2025,Shangla,37,3.3143,18.1631,80.1396,915157.0,2000.0,2.0,1586.0,0.35,0.0,1399.0,15.0,0.0,0.3356447943149762,0.0,0.0,15.286994471986771,0.1639063024158696,12.653566546505136,18.4449225651992,1.1473441169110874,6.0143,7.4,16.9857,17.9827,81.0142,81.9614,0.0751154650921717,0.0053236187599052,0.0027195927405515,0.0027474681305892,0.3817021204282135,0.375555991708567,5.5762,7.228579999999999,17.7105,18.2932,81.03840000000001,83.52746,0.0268130279506922,0.0433463401646303,0.0018223536237135,0.0024020998542104,0.3643009688172522,0.2935390721455845,18.4449225651992,14.650603069061347
2025,Shikarpur,37,1.7143,29.4995,72.7346,1488188.0,52.0,1.0,2512.0,0.35,2574.0,1277.0,212.0,0.3506714468826749,0.3186464018479679,0.0,17.296201823963102,8.580905100699642,1.424551199176448,19.278478256779383,8.957201643878326,1.7269323499450338,0.1286,1.5714,33.3189,32.8986,56.6515,64.679,0.0,0.585210747854102,0.0,0.5284114461343512,0.0,0.2469973941495082,1.1381,0.76286,31.905666666666672,32.969939999999994,64.68836666666667,58.86782000000001,0.3119607315789256,0.4723976771306529,0.1761371487114503,0.3637850669484777,0.1885479319991586,0.1131287591994952,8.957201643878326,8.950091422036117
2025,Sibi,37,1.7857,31.3358,62.8993,163205.0,130.0,0.0,7121.0,0.2,191.0,464.0,18.0,0.1992521051294784,0.1084596037825124,0.1458297917647356,11.70307282252382,28.430501516497657,1.1029073864158574,9.864893845164058,25.2443246224074,0.1225452651573174,0.1,4.6857,33.5566,33.5593,53.4611,60.3981,0.179542763741926,0.2592199618448208,0.1069991065334209,0.1388531455269681,0.098171675154769,0.0721113687165176,2.1904666666666666,1.3142800000000003,32.81723333333333,33.97126,58.919500000000006,54.14312,0.2126716102387417,0.2027422812599055,0.1305606812750415,0.1377223732885357,0.0929142158845996,0.0817568955581187,25.2443246224074,21.3731767133852
2025,Sohbat pur,37,2.6857,29.6723,72.9825,241785.0,0.0,0.0,0.0,0.0,97.0,316.0,24.0,0.0,0.0,0.0,4.011828690778998,13.06946253903261,0.9926174080277932,0.7858221146886697,2.812415989412081,0.7444630560208451,0.0714,2.4857,32.9592,33.0181,59.7663,65.2983,0.0,0.0,0.0,0.0,0.0,0.0,1.7476000000000014,1.0857000000000008,31.8832,32.99192,66.0157,59.899440000000006,0.0,0.0,0.0,0.0,0.0,0.0,2.812415989412081,13.452664848443925
2025,South,37,10.1429,26.2804,87.2259,2166395.0,4.0,0.0,122.0,0.95,2.0,101.0,0.0,0.0354597918267915,0.0,0.0,0.0092319267723568,0.4662123020040205,0.0,0.0138478901585352,0.5308357894105183,0.0,0.8286,14.2143,27.7197,28.8057,80.7671,83.1844,0.0,0.1000482003048343,0.0,0.0,0.0,-0.0322233815405758,8.395266666666666,5.502879999999999,27.60193333333333,27.83372,83.72579999999998,81.69676,0.0451693307105419,0.0507379857483422,0.0,0.0,-0.0107411271801919,-0.0064446763081151,0.5308357894105183,3.28503392690597
2025,South Waziristan (Lower),37,0.2143,27.0096,64.0144,820861.0,0.0,0.0,0.0,0.0,76.0,72.0,10.0,0.0,0.0,0.0,0.9258571183184486,0.8771277963016881,0.1218233050419011,0.8649454657974981,0.8527631352933078,0.1827349575628516,0.9857,3.0714,25.9429,26.695,65.7561,71.1139,0.0,0.0,0.0,0.0,0.0,0.0,1.4238000000000002,0.8828400000000001,26.549166666666668,27.84712,66.96146666666667,63.28314,0.0,0.0,0.0,0.0,0.0,0.0,0.8527631352933078,1.5269627199207498
2025,Sukkur,37,6.5143,28.8152,75.9727,1798882.0,65.0,2.0,5165.0,0.75,2446.0,1361.0,64.0,0.52529881159697,0.1437250781582944,0.0,13.597334344331648,7.565810319965401,0.3557765323128476,14.203266250926966,8.143947184973777,0.4058076071693418,0.0714,1.5714,32.8485,33.1634,58.8595,62.742,0.0,0.5511109628570156,0.0,0.5160664304219281,0.0,0.1122208358736411,2.7190333333333334,1.7171400000000006,31.609033333333333,32.6503,65.85806666666667,59.80416,0.3588032581513285,0.4569646881982187,0.172022143473976,0.2972675854673144,0.0853153046773118,0.0511891828063871,8.143947184973777,8.365232947468028
2025,Swabi,37,0.8714,28.1613,77.2495,1963296.0,340.0,2.0,1543.0,0.65,641.0,1659.0,46.0,0.0,0.3149706758337373,0.0,3.264917770932147,8.45007579091487,0.2342998712369403,0.7894886965592555,6.6775463302528,0.2954215767770117,3.8286,25.5429,26.836,27.1173,77.6345,81.3508,0.1201551045204155,0.0669461539935035,0.0612766842440843,0.0360221218232717,0.3067088256851501,0.3287093601641009,10.080966666666669,11.117160000000002,27.37153333333333,27.9621,78.74493333333334,78.91141999999999,0.0623670861713063,0.0602751644971518,0.0324329353557853,0.0360520869505529,0.3167962872276628,0.2515525764229971,6.6775463302528,8.17201669786387
2025,Swat,37,1.6,24.5581,80.1007,2791410.0,980.0,1.0,5337.0,0.35,416.0,3898.0,57.0,0.0,0.2753643526027702,0.0,1.4902862710959697,13.964268953682907,0.204197878491515,0.5552749327400848,12.62086185834399,0.2615165812259754,6.8143,10.5857,23.4042,24.287,81.1948,82.6717,0.1780904978533899,0.1216729470353781,0.0475980976834828,0.0437823501478463,0.2246105248577197,0.246038856457256,6.333333333333333,7.77714,24.0831,24.71668,81.3224,82.70784,0.099921148296256,0.1115340096901268,0.0304601492771097,0.0451894261269679,0.2486712446392486,0.2187005456925911,12.62086185834399,12.773098871478865
2025,Tando Muhammad Khan,37,12.5714,27.2002,83.3366,818443.0,14.0,2.0,1733.0,0.2,2604.0,1668.0,121.0,0.0,0.0,0.0,31.81651012959974,20.38016086642564,1.4784169453462246,34.981055491952404,21.272098362378323,1.7716566700429963,2.8,13.0286,30.0761,29.7362,69.761,80.8638,0.0,0.0,0.0,0.0,0.0,0.0,9.466666666666669,5.851440000000001,29.004166666666663,29.71198,77.98713333333333,73.21202,0.0,0.0,0.0,0.0,0.0,0.0,21.272098362378323,20.80514524824462
2025,Tank,37,0.1714,30.9931,65.0947,472690.0,250.0,0.0,1679.0,0.2,54.0,565.0,5.0,0.5159534662221917,0.1316834388895097,0.0,1.142397765977702,11.952865514396327,0.1057775709238613,5.013856861791026,12.375975798091773,0.0423110283695445,4.0429,10.7857,29.4857,30.3309,66.625,70.0088,0.0,0.5188315519121556,0.0,0.488338163464346,0.1419697967297793,0.1291314286373144,5.0,3.0914200000000003,30.2699,31.660540000000005,67.24283333333334,62.95462,0.3449283393781157,0.4306858239733159,0.1627793878214486,0.197324591444493,0.1342615547522011,0.102211038666199,12.375975798091773,10.71221688461043
2025,Tharparkar,37,5.6429,27.1492,83.1617,1994728.0,56.0,0.0,19638.0,0.35,3146.0,2447.0,0.0,0.1432053721946085,0.290747753996453,0.0210042452630053,15.77157386871794,12.267336699539989,0.0,20.43887687945424,12.41271992973478,0.0050132148343032,15.0571,14.0143,29.6091,28.9823,72.7079,84.9886,0.0642586119509403,0.4549050918556732,0.0101602340790793,0.3053136862812733,0.0,0.1903800015300968,11.571433333333331,7.311439999999999,28.580200000000005,29.262580000000003,80.28606666666667,75.87368,0.2207896920004073,0.3273084630551331,0.1121593885411193,0.2728329404214021,0.1603759185088499,0.126771814144882,12.41271992973478,11.940436335310746
2025,Thatta,37,15.1429,27.0512,83.596,1184747.0,10.0,2.0,17355.0,0.35,2312.0,1517.0,102.0,0.5101529368824379,0.1447552394757582,0.0,19.514714956020143,12.804421534724291,0.8609433068832417,28.883803883867188,15.184676559636785,0.920027651473268,3.1143,16.0,28.6732,29.2676,77.1403,82.3565,0.0,0.5858607979051454,0.0,0.6802779686151631,0.0,-0.0572923996926947,11.419066666666668,6.997159999999999,28.33066666666667,28.76234,81.03093333333332,78.04223999999999,0.3653379115958611,0.5189863902917973,0.226759322871721,0.4409140298708879,0.0291542799276878,0.0466885660699155,15.184676559636785,12.577015611869825
2025,Tor Ghar,37,0.7714,27.679,77.0435,206726.0,0.0,0.0,0.0,0.0,0.0,100.0,1.0,0.0,0.0,0.0,0.0,4.837320898193744,0.0483732089819374,3.869856718554996,4.305215599392432,0.2902392538916247,1.9286,13.6429,26.1781,26.646,79.4175,82.9643,0.0,0.0,0.0,0.0,0.0,0.0,5.447633333333333,6.2,26.834366666666664,27.45156,79.80843333333333,80.19394,0.0,0.0,0.0,0.0,0.0,0.0,4.305215599392432,4.514727264345817
2025,Umerkot,37,1.8714,27.9872,77.3007,1297177.0,12.0,0.0,5608.0,0.35,2575.0,1749.0,0.0,0.1810185491519441,0.2523678971642779,0.0,19.85079908138982,13.483125278971182,0.0,22.38707593489555,13.02829143594128,0.0,10.1286,11.5714,30.1863,30.0137,69.2372,78.9866,0.0,0.394839506952368,0.0,0.3127911853979962,0.0,0.170198065345983,7.857133333333333,4.82572,29.39573333333333,30.08892,75.17483333333335,70.70142000000001,0.191952685368104,0.371854399021472,0.1042637284659987,0.3428910551208832,0.1408553208367536,0.0845131925020521,13.02829143594128,13.012439300063994
2025,Upper Kurram,37,0.7286,16.9485,78.4512,748325.0,0.0,0.0,0.0,0.0,106.0,204.0,15.0,0.0,0.0,0.0,1.4164968429492537,2.726088263789129,0.200447666455083,0.3073530885644606,2.204924331005913,0.200447666455083,3.2143,4.4143,16.2848,17.616,80.7043,84.5674,0.0,0.0,0.0,0.0,0.0,0.0,2.785733333333333,2.39144,16.949766666666665,17.974800000000002,81.24096666666667,80.4153,0.0,0.0,0.0,0.0,0.0,0.0,2.204924331005913,2.1852193061386025
2025,Usta Muhammad,37,7.3571,28.7627,79.5734,314321.0,0.0,0.0,0.0,0.0,186.0,704.0,4.0,0.0,0.0,0.0,5.91751744235988,22.397485373233096,0.1272584396206426,5.91751744235988,18.38884452518285,0.6681068080083735,0.0,1.0286,32.5859,32.5713,62.0021,68.2086,0.0,0.0,0.0,0.0,0.0,0.0,2.795233333333333,1.6828600000000002,31.30663333333333,32.1747,69.92803333333335,64.91374,0.0,0.0,0.0,0.0,0.0,0.0,18.38884452518285,19.67949500172572
2025,Washuk,37,1.3143,24.153,62.7285,212771.0,700.0,0.0,33093.0,0.2,136.0,92.0,10.0,0.0,0.0,0.0,6.391848513190237,4.323897523628689,0.4699888612639881,2.9609298259631243,2.913930939836726,0.0939977722527976,0.0,3.5286,26.4905,26.2304,30.0201,55.3061,0.0,0.0,0.0,0.0,0.0,0.0,1.6143,0.96858,25.62463333333333,26.7283,49.35156666666666,45.90422,0.0,0.0,0.0,0.0,0.0,0.0,2.913930939836726,5.105358410696093
2025,West,37,11.6,26.9064,85.6258,4732945.0,15.0,0.0,929.0,0.75,326.0,804.0,51.0,0.1821908373588084,0.0178389154780897,0.1352111438238784,0.6887889041600948,1.698730917008332,0.1077553193624688,0.7035788499549435,1.762116398986255,0.1331095121536379,0.1286,15.6857,28.5278,28.8001,76.2371,84.7731,0.1392538559564091,0.4360360753330028,0.1191281803401151,0.5197767214687541,0.0,0.0449145909844101,9.1381,5.84,28.078100000000003,28.340360000000004,82.212,79.99652,0.2524935895494067,0.3660323513445701,0.2580386818775825,0.373519213441494,0.0209178354874999,0.0168798132671463,1.762116398986255,2.086304620543107
2025,Zhob,37,1.1429,26.4917,56.1172,374767.0,1400.0,0.0,20297.0,0.2,79.0,83.0,2.0,0.4164869634468272,0.0650081816878449,0.4544119341153332,2.107976422683961,2.214709406110997,0.053366491713518,1.4408952762649858,1.06732983427036,0.0,0.1429,0.7714,25.8432,27.8551,55.6837,55.5908,0.6161681911749172,0.4798229801275327,0.3998135891779112,0.4482353097653074,0.0396547666413212,0.0406677458576767,0.6857333333333333,0.4743,26.73,27.90848,55.79723333333332,52.62382,0.504159378249759,0.5141763738081763,0.4341536110195172,0.4377374644079125,0.0484435647289476,0.0489333385675912,1.06732983427036,3.212514508884375
2025,Abbottabad,38,1.8571,23.2765,71.7492,1611498.0,1256.0,0.0,1967.0,0.75,1.0,1234.0,22.0,0.0938594588477172,0.3225836082923744,0.0,0.0062054063982704,7.657471495465709,0.1365189407619494,0.7570595805889923,7.980152628175771,0.130313534363679,1.0714,6.3143,23.572,22.0524,79.8149,82.8205,0.0,0.0001267020266178,0.0,0.0,0.3640503212282939,0.0,3.0809333333333337,5.974259999999999,22.966966666666668,23.24496,78.12819999999999,81.22084,0.031328720291445,0.0340745629293313,0.0,0.0040390531461242,0.2288779765068894,0.1940466966904727,7.980152628175771,7.156306355496728
2025,Badin,38,0.0429,28.3002,76.7926,2182111.0,9.0,1.0,6726.0,0.35,6381.0,3452.0,164.0,0.2645034045841233,0.084115666028801,0.2582382820063673,29.242325436240414,15.819543552092446,0.7515658002732216,25.599064392233025,12.497072788689485,0.5453434770275206,16.7857,3.6429,27.2097,29.2401,82.9644,74.8412,0.36620672031269,0.0,0.0,0.0,0.2266938474745364,0.0,6.823833333333333,7.771440000000001,28.25,28.80924,78.1994,77.89959999999999,0.2102367082989378,0.2984309893123116,0.0860794273354557,0.2327744692228656,0.1036031711677791,0.0621619027006674,12.497072788689485,14.453213624331383
2025,Bajaur,38,1.0429,22.8006,59.1479,1321356.0,900.0,0.0,1290.0,0.2,426.0,695.0,5.0,0.0137901615452067,0.1932897635594327,0.0,3.223960840227766,5.259748319150932,0.0378399159651146,3.6477678990370497,4.692149579674213,0.0075679831930229,0.2429,2.6286,24.0655,22.3967,65.3823,71.6065,0.0,0.1361993848629705,0.0,0.0054393571235726,0.2219763582743239,0.262538599490046,1.3048,2.59144,23.0876,23.21362,65.3789,70.23192,0.0499965154693924,0.0359037451463903,0.0018131190411908,0.0010878714247145,0.2259349071079341,0.2431836552037381,4.692149579674213,5.335095765968987
2025,Bannu,38,1.4857,31.0229,54.9392,1410816.0,312.0,1.0,1227.0,0.2,1342.0,943.0,96.0,0.427383765364147,0.166470578220964,0.3108539415654076,9.512225548902196,6.684075031754672,0.6804572672836147,12.170261749228814,7.357444202504082,0.489078660860098,0.1,4.5429,31.0973,29.0871,58.966,65.0313,0.34917742311791,0.4482745209883586,0.3045580647670409,0.3157000517026017,0.169258185140673,0.1870287282202462,2.0428666666666677,4.63144,30.40243333333333,30.65168,59.6455,61.93652,0.4082785698234719,0.4446874453480501,0.3103706860116833,0.3614614910014895,0.174252497193961,0.1685408392204969,7.357444202504082,6.6469593045750734
2025,Barkhan,38,0.1,28.8164,55.0045,206726.0,1100.0,0.0,3514.0,0.2,119.0,99.0,28.0,0.1909374277968698,0.1543332530215907,0.1281897019454787,5.756411868850556,4.788947689211807,1.3544498514942485,7.110861720344804,3.1442585838259336,1.209330224548436,0.3714,1.0857,27.2851,27.1572,65.0878,68.5679,0.151863387795571,0.2065411061251529,0.138233826916674,0.1137524438853608,0.1378656862447469,0.0,0.5190333333333333,1.45714,27.7529,28.27632,62.88673333333333,63.47456,0.1831139739058645,0.1811077394551591,0.1267253242491711,0.1249497065139877,0.0973996464221125,0.1028003547268556,3.1442585838259336,4.472325890741145
2025,Battagram,38,2.9143,22.8385,72.8941,575449.0,1036.0,0.0,1301.0,0.2,164.0,474.0,0.0,0.0,0.0,0.0,2.8499484750169,8.237046202182992,0.0,3.423413716941032,8.202290732975468,0.0,1.1714,5.2143,23.8347,22.5189,81.052,82.2829,0.0,0.0,0.0,0.0,0.0,0.0,3.1,6.72572,23.06403333333333,23.63996,78.743,81.34636,0.0,0.0,0.0,0.0,0.0,0.0,8.202290732975468,6.561016588107407
2025,Buner,38,2.2571,24.7321,75.3136,1084406.0,700.0,0.0,1865.0,0.35,193.0,304.0,6.0,0.0038484557075544,0.2799939549460177,0.0,1.7797762092795504,2.803378070575043,0.0553298303402969,1.9549873386904904,3.2644599900775173,0.0737731071203958,1.2,5.0143,25.6446,24.3464,79.987,82.4012,0.0,0.0453518363081507,0.0,0.0004900898096524,0.3545409038879076,0.402780018489331,2.8237999999999985,7.57714,24.9077,25.324900000000003,79.23393333333333,81.20903999999999,0.0164000973385683,0.0126550116864959,0.0001633632698841,0.000148082676812,0.3457716257744188,0.3660798921372765,3.2644599900775173,2.474988595714467
2025,Central,38,0.4571,27.3583,82.2235,3591719.0,10.0,0.0,69.0,0.95,55.0,1065.0,15.0,0.0,0.0,0.0,0.1531300193584186,2.965154011213015,0.0417627325522959,0.1503458371882655,3.371644608055363,0.0807412829344389,15.1286,0.1,26.735,28.8029,86.0135,74.1435,0.0,0.0,0.0,0.0,0.0,0.0,5.228566666666667,6.48286,27.632066666666663,28.147540000000003,80.7935,80.49194,0.0,0.0,0.0,0.0,0.0,0.0022243251773355,3.371644608055363,1.9849386327205432
2025,Chagai,38,0.0,31.5244,13.8046,273217.0,919.0,0.0,44748.0,0.2,62.0,152.0,0.0,0.8302416417170754,0.0329406935928637,0.7696698087373479,2.269258501484168,5.563343422993444,0.0,2.0862537836225417,5.563343422993444,0.0,0.0,0.0,32.6863,32.1182,30.1753,10.1846,0.7156398166640133,0.7629912375133269,0.6875341168917868,0.7366473803797232,0.0340746731857973,0.0314241778307685,0.0,0.0,32.109633333333335,33.20032,18.05483333333333,18.964620000000004,0.7696242319648051,0.7835769755961791,0.7312837686696193,0.7571456693176287,0.0328131815364765,0.0320900857487872,5.563343422993444,5.290059113095481
2025,Charsadda,38,2.9286,27.4001,73.5859,1953624.0,300.0,2.0,996.0,0.2,543.0,2437.0,153.0,0.0352358690646185,0.2711538913571179,0.0,2.77944988390806,12.474252978055144,0.7831599120403927,2.922773266503688,11.435158454236843,0.1893916127156505,0.9,3.1857,28.4757,27.1844,76.6427,78.7252,0.0,0.0395246981820227,0.0,0.0157662220186353,0.2923691253747109,0.3446280348537761,2.338099999999999,7.280019999999999,27.686733333333336,27.86214,76.31793333333333,78.52752000000001,0.0249201890822137,0.0201615483772813,0.0052554073395451,0.003153244403727,0.3027170171952016,0.3324710765102939,11.435158454236843,11.563412418848445
2025,Chitral Lower,38,0.4,21.4235,60.5885,336081.0,1500.0,1.0,6458.0,0.35,69.0,680.0,10.0,0.1020466065103868,0.0555383284620093,0.0,2.0530764904889,20.23321758742684,0.2975473174621594,1.1306798063562058,20.64978383187386,0.2082831222235116,0.0429,0.0857,23.8431,23.3449,57.3782,60.9889,0.0239837398373983,0.1941395023841753,0.0235772357723577,0.0346703758093445,0.0282051819868572,0.0549374324265226,0.1762,0.40286,22.870500000000003,23.70098,59.65186666666667,62.41646000000001,0.1067232829106534,0.116441636621396,0.019415870527234,0.0314143956448054,0.046226980958463,0.0519274387857541,20.64978383187386,17.1678861011423
2025,Chitral Upper,38,0.4,21.4235,60.5885,204308.0,2500.0,1.0,8392.0,0.2,10.0,223.0,21.0,0.1020466065103868,0.0555383284620093,0.0,0.4894570941911232,10.914893200462048,1.027859897801359,0.5384028036102355,9.935979012079802,0.6852399318675725,0.0429,0.0857,23.8431,23.3449,57.3782,60.9889,0.0239837398373983,0.1941395023841753,0.0235772357723577,0.0346703758093445,0.0282051819868572,0.0549374324265226,0.1762,0.40286,22.870500000000003,23.70098,59.65186666666667,62.41646000000001,0.1067232829106534,0.116441636621396,0.019415870527234,0.0314143956448054,0.046226980958463,0.0519274387857541,9.935979012079802,9.736136103766317
2025,D.I. Khan,38,0.7286,31.7109,62.8198,2050338.0,0.0,0.0,0.0,0.0,997.0,2098.0,0.0,0.0,0.0,0.0,4.862612896020071,10.23245923355076,0.0,7.150040627447767,10.97867766192696,0.0,2.1,1.3857,30.4999,29.5198,71.0754,70.8674,0.0,0.0,0.0,0.0,0.0,0.0,1.4047666666666665,3.11142,30.57686666666667,31.14024,68.25420000000001,67.51122000000001,0.0,0.0,0.0,0.0,0.0,0.0,10.97867766192696,10.576195340710754
2025,Dera Bugti,38,0.1571,29.7452,62.5358,378394.0,250.0,0.0,10160.0,0.2,82.0,85.0,0.0,0.4698220557304416,0.0970401007031831,0.4244377261352392,2.167053388795805,2.2463358298493104,0.0,1.7970686638794482,2.1406259084446373,0.0,0.4,0.7429,28.1443,29.4309,71.6208,67.7814,0.4462557999389221,0.2616936169020104,0.2029032448933526,0.3424686172436795,0.0836421230821025,0.0,0.4333333333333334,0.67714,29.106800000000003,29.856780000000004,67.31266666666667,66.15932000000001,0.3925904908571247,0.4289544056876281,0.3232698627574237,0.3664260140951063,0.0602274079284285,0.054884762299464,2.1406259084446373,2.8970163136970166
2025,Dir Lower,38,1.4857,28.9863,67.921,1734809.0,800.0,1.0,1583.0,0.35,245.0,1741.0,33.0,0.0,0.0,0.0,1.412259217008904,10.035686925765315,0.1902226700460972,1.164393313615505,10.531418732552115,0.0345859400083813,1.1,1.4571,29.6405,28.0726,70.8798,74.2379,0.0,0.0,0.0,0.0,0.0,0.0,1.3476,6.788560000000001,28.8998,28.93596,71.0129,74.44968,0.0,0.0,0.0,0.0,0.0,0.0,10.531418732552115,10.212556296868371
2025,Dir Upper,38,0.3143,20.0024,66.9182,1143644.0,1200.0,1.0,3699.0,0.35,25.0,1636.0,17.0,0.0,0.0,0.0,0.2185994942482101,14.30515090360287,0.1486476560887828,0.1836235751684965,13.946647733035803,0.0961837774692124,0.2286,3.5286,21.7979,21.008,69.328,73.6706,0.0,0.0,0.0,0.0,0.0,0.0,1.3571666666666669,3.6686,20.9361,21.71534,69.97226666666666,72.5194,0.0,0.0,0.0,0.0,0.0,0.0,13.946647733035803,15.219834904925763
2025,East,38,0.4143,27.2518,83.7523,3514347.0,10.0,0.0,165.0,0.95,62.0,279.0,3.0,0.0,0.0,0.0,0.1764196876404066,0.7938885943818297,0.0085364364987293,0.1252010686480305,0.9333170571944092,0.0056909576658195,20.0429,0.0286,26.7655,28.7004,86.664,75.2554,0.0247205380285228,0.0,0.0,0.0,0.0,0.0,6.828600000000001,7.360019999999999,27.572566666666663,28.06224,81.89056666666667,81.7183,0.0082401793428409,0.0105721691273022,0.0,0.0,0.0,0.0011088051568763,0.9333170571944092,0.7120522744502438
2025,Ghotki,38,0.0,30.8731,64.7864,1989892.0,72.0,1.0,6083.0,0.35,5449.0,1310.0,238.0,0.5581099120292534,0.2415853269487571,0.4974804662233684,27.383395681775696,6.583271855960022,1.1960448104721262,26.488874773103262,6.342052734520265,1.0603590546622632,3.6714,0.1429,29.0234,32.0924,75.3092,64.2004,0.5076022315091473,0.0,0.0,0.0,0.2406812363830644,0.0,1.2714333333333334,1.00856,30.662966666666662,31.684500000000003,68.09866666666666,65.08116,0.3552373811794669,0.447362118991354,0.1658268220744561,0.315418976674196,0.1607555211106071,0.1397805346706733,6.342052734520265,7.77459323930275
2025,Gwadar,38,0.0,27.3494,87.8252,317947.0,12.0,0.0,12637.0,0.35,3.0,17.0,2.0,0.7144229670783641,0.0182872488293812,0.6936980805001801,0.0943553485329316,0.534680308353279,0.062903565688621,0.0,0.4088731769760368,0.062903565688621,2.9714,0.0143,27.2762,27.1333,84.6519,87.4442,0.7520955737243875,0.6557885246954652,0.7017052609548,0.6456119802252943,0.0109346146757252,0.0217342470360096,0.9952333333333332,0.59714,27.252966666666666,27.50916,86.64043333333332,87.55694000000001,0.7074356884994056,0.70282385614311,0.6803384405600915,0.6626660590203671,0.0169853701803719,0.0157003400937831,0.4088731769760368,8.460341449926224
2025,Hangu,38,1.7429,26.4809,61.914,627433.0,900.0,0.0,1097.0,0.2,289.0,294.0,12.0,0.1169925164371962,0.2173203675041686,0.0276831933018872,4.606069492678899,4.685759276289262,0.1912554806648678,2.4863212486432813,6.088299467831625,0.1912554806648678,0.4429,6.1857,27.8696,25.3774,60.9273,70.9377,0.0543445758381146,0.1049548274451222,0.0207758241482771,0.026794889483049,0.2363099986904065,0.2565239119188426,2.7905,4.82002,26.575966666666663,27.16796,64.593,66.57274,0.0920973065734776,0.1118808994287892,0.0250846356444044,0.0480887387944994,0.2367180927044726,0.208421788481562,6.088299467831625,3.359555957059059
2025,Haripur,38,3.1429,26.2152,76.5695,1212553.0,605.0,2.0,1725.0,0.65,9.0,1441.0,3.0,0.1661279806554118,0.3000861224948515,0.0,0.0742235597124414,11.8840166161809,0.0247411865708138,0.0164941243805425,10.853133842396993,0.0824706219027127,0.9857,2.5571,27.047,25.7149,78.9655,81.0783,0.0,0.1187505324483514,0.0,0.1027211016439056,0.3063582888769315,0.0,2.228566666666666,5.4428600000000005,26.3257,26.70922,78.87110000000001,80.85074,0.094959504367921,0.1032577906509629,0.0342403672146352,0.0609501915764228,0.2021481371239276,0.2255215535199267,10.853133842396993,11.463877424810978
2025,Hub,38,0.4286,27.2183,81.6077,461810.0,0.0,0.0,0.0,0.0,50.0,152.0,2.0,0.0,0.0,0.0,1.0826963469825253,3.291396894826877,0.043307853879301,3.03154977155107,5.348519954093675,0.043307853879301,13.4286,0.4143,26.5847,28.5716,85.3701,75.4284,0.0,0.0,0.0,0.0,0.0,0.0,4.7571666666666665,5.60288,27.4582,28.099200000000003,80.80206666666668,79.71592000000001,0.0,0.0,0.0,0.0,0.0,0.0,5.348519954093675,3.3617274648240363
2025,Hyderabad,38,0.0,28.8554,74.1076,2659637.0,20.0,2.0,993.0,0.75,1425.0,2635.0,42.0,0.179959946965008,0.1952903993154193,0.1543988041911899,5.357874025665908,9.907367057985732,0.1579162870722583,5.6737065998104255,7.30174832129347,0.1503964638783413,10.4,0.9571,27.6512,30.8283,80.4945,65.397,0.1867027827008759,0.0,0.0,0.0,0.2422520224096085,0.0,3.7857,4.90856,29.111633333333334,29.86626,73.33303333333333,71.99442,0.1222209098886279,0.1600394001764511,0.0514662680637299,0.1051502081760151,0.1458474739083426,0.0875084843450055,7.30174832129347,9.727933670970412
2025,Jacobabad,38,0.0,32.2601,59.7912,1216179.0,55.0,0.0,2686.0,0.35,1507.0,940.0,182.0,0.3687120167709929,0.3178028059242759,0.3089380735836772,12.391268061691576,7.729125400126132,1.4964902370456978,12.917506386806547,6.742428540535563,1.1511463361889984,2.3143,0.1143,29.5816,32.8884,73.8828,60.6083,0.3642859319466894,0.0,0.0,0.0,0.2951558858148678,0.2183263752002309,0.8095333333333333,0.9343000000000004,31.5767,32.41948,64.76076666666667,62.500800000000005,0.2443326495725607,0.3783922616665894,0.1029793578612257,0.2623770723053236,0.2770950223131249,0.2209451812745795,6.742428540535563,7.976521533011378
2025,Jaffarabad,38,0.0,0.0,0.0,621388.0,55.0,1.0,1643.0,0.2,777.0,555.0,36.0,0.5041242879856458,0.2755073944113583,0.4652102663551131,12.50426464624357,8.931617604459694,0.5793481689379261,13.598588965348542,9.68798882501754,0.94948727687049,0.0,0.0,0.0,0.0,0.0,0.0,0.603494778024983,0.0,0.0,0.0,0.2642774667423947,0.0,0.0,0.0,0.0,0.0,0.0,0.0,0.3692063553368762,0.5259161795044919,0.1550700887850377,0.3753710900985495,0.179928287051251,0.149517072137325,9.68798882501754,8.660062457037746
2025,Jamshoro,38,0.0,28.97,73.5318,1200463.0,33.0,2.0,11204.0,0.35,3346.0,1875.0,87.0,0.0,0.0,0.0,27.8725791632062,15.618973679322062,0.7247203787205436,27.77261773165853,15.9521784511476,0.6913999015379899,9.7571,0.7857,27.8343,30.893,79.285,65.0641,0.0,0.0,0.0,0.0,0.0,0.0,3.5142666666666664,4.90856,29.23243333333333,30.00826,72.62696666666666,71.13553999999999,0.0,0.0,0.0,0.0,0.0,0.0,15.9521784511476,16.39512840833673
2025,Jhal Magsi,38,0.0,0.0,0.0,180130.0,60.0,0.0,3615.0,0.2,343.0,310.0,0.0,0.739042040078918,0.0980686652094734,0.728438962846388,19.04180314217509,17.20979292733026,0.0,20.818297895964022,19.430411369566425,0.5551546105590407,0.0,0.0,0.0,0.0,0.0,0.0,0.7635332733184071,0.4600349936701154,0.4442044444296181,0.4420644597414338,0.1002638092066315,0.0,0.0,0.0,0.0,0.0,0.0,0.0,0.6542034356891469,0.6877540815127545,0.53823595567248,0.5900071676393617,0.0661108248053683,0.0551808707418187,19.430411369566425,12.60557046340072
2025,Kachhi (Bolan),38,0.0,29.2831,46.7153,417079.0,0.0,0.0,0.0,0.0,122.0,197.0,29.0,0.0,0.0,0.0,2.9251053157795046,4.723325796791495,0.6953119193246364,0.7912170116452758,1.9660543925731095,0.6953119193246364,1.8143,0.5429,27.4738,29.5066,66.4015,53.8891,0.0,0.0,0.0,0.0,0.0,0.0,0.7857333333333334,1.40858,28.7545,29.4404,55.66863333333333,56.18972,0.0,0.0,0.0,0.0,0.0,0.0,1.9660543925731095,3.8029457390526913
2025,Kalat,38,0.0,21.8425,18.4266,498077.0,2000.0,0.0,7654.0,0.2,1.0,2.0,0.0,0.1715430807747693,0.0782212039868629,0.1445095516361985,0.0200772169764915,0.0401544339529831,0.0,0.1003860848824579,0.0401544339529831,0.0,0.0286,0.0,23.2675,23.0342,46.9229,23.5236,0.1718200031336948,0.229922631699585,0.1589288147115487,0.167084990583011,0.0771043099457253,0.0627132323448648,0.0095333333333333,0.52858,22.71473333333333,23.67192,29.624366666666663,34.46846,0.1910952385360163,0.2196886573173778,0.1568411189769194,0.1479834051192359,0.0726795820924843,0.0586230678678101,0.0401544339529831,1.3267763598203217
2025,Kamber,38,0.0,30.8375,69.3457,1621170.0,50.0,0.0,5599.0,0.2,4646.0,2161.0,189.0,0.0,0.0,0.0,28.65831467397004,13.329879037978744,1.1658246821739855,25.4384179327276,10.97972451994547,1.141151143926917,9.7286,0.0143,28.389,34.9333,81.5887,48.6302,0.0,0.0,0.0,0.0,0.0,0.0,3.247633333333333,2.3542999999999994,31.3866,32.38202,66.52153333333332,62.86002,0.0,0.0,0.0,0.0,0.0,0.0,10.97972451994547,14.498708755590705
2025,Karak,38,0.8857,29.9357,53.6195,853502.0,500.0,0.0,3372.0,0.2,296.0,716.0,9.0,0.3578969735697403,0.1699156274130787,0.2225585114093359,3.468064515373133,8.388966868267444,0.1054479075620209,4.370229946737091,7.955458803845802,0.0820150392149051,0.2,2.7571,29.8336,27.5958,60.0725,67.3323,0.2524025745854928,0.2538709205552433,0.1649134177614828,0.1531479955962399,0.1496112844696998,0.1924564070073433,1.2809333333333333,3.1485600000000007,29.121700000000004,29.465480000000003,60.341433333333335,62.42388,0.2880568229034922,0.3370915133613705,0.1802066415890195,0.2430650135267325,0.1706611062967072,0.1647926118686879,7.955458803845802,6.96817515821675
2025,Kashmore,38,0.0,30.7822,65.5775,1316520.0,60.0,2.0,2592.0,0.35,2125.0,373.0,121.0,0.0,0.0,0.0,16.14103849542734,2.833226992373834,0.919089721386686,15.009266855042082,2.7496733813386807,0.2050861361771944,2.8857,0.2429,28.8795,31.5349,76.4926,67.4025,0.0,0.0,0.0,0.0,0.0,0.0,1.0428666666666666,1.034299999999999,30.398866666666663,31.31672,69.8242,67.37318,0.0,0.0,0.0,0.0,0.0,0.0,2.7496733813386807,3.561150785536314
2025,Keamari,38,0.4714,27.5177,82.1035,2215961.0,2.0,0.0,559.0,0.2,17.0,675.0,1.0,0.2763429160462721,0.083295930543954,0.2319465124269844,0.0767161515929206,3.0460824897189074,0.0045127147995835,0.072203436793337,3.2220783669026667,0.0090254295991671,14.2429,0.1857,26.9409,28.3832,85.6832,77.1336,0.1821908373588084,0.1392538559564091,0.1352111438238784,0.1191281803401151,0.0178389154780897,0.0,4.966666666666667,6.03144,27.613933333333332,28.04514,81.6401,81.8858,0.1992625364538298,0.3193168861401253,0.1620952788636593,0.3061098122093909,0.0337116153406812,0.0292098874012907,3.2220783669026667,2.232867470342941
2025,Kech (Turbat),38,0.0,0.0,0.0,1098914.0,0.0,0.0,0.0,0.0,797.0,574.0,0.0,0.0,0.0,0.0,7.252614854301611,5.223338678003921,0.0,5.214238784836666,5.469035793519785,0.0090998931672542,0.0,0.0,0.0,0.0,0.0,0.0,0.0,0.0,0.0,0.0,0.0,0.0,0.0,0.0,0.0,0.0,0.0,0.0,0.0,0.0,0.0,0.0,0.0,0.0,5.469035793519785,4.39974584620915
2025,Khairpur,38,0.0,30.5587,67.2348,2908676.0,53.0,2.0,15910.0,0.5,6374.0,3202.0,213.0,0.7482217263928532,0.1576272008757697,0.5735918504300784,21.91375044865774,11.00844507947946,0.7322919431383901,24.660704733012544,10.434300692136215,1.1517267650298624,8.7714,0.2,28.5352,34.0337,77.9599,52.7299,0.6019249949430431,0.0,0.0,0.0,0.1527430411050763,0.0,2.9904666666666664,2.3257,31.04253333333334,32.25836,65.97486666666667,61.83326000000001,0.4500489071119655,0.5285238805309167,0.1911972834766928,0.3253342351362034,0.1034567473269486,0.088254662685082,10.434300692136215,11.78325320595238
2025,Kharan,38,0.0,31.8943,17.1644,188592.0,700.0,0.0,14958.0,0.2,55.0,223.0,0.0,0.6429793066581485,0.035863867661397,0.6264897075979372,2.9163485195554424,11.824467633833883,0.0,2.333078815644354,11.34724696699754,0.0,0.0,0.0,32.9684,32.6401,37.5639,16.7232,0.6535629295227191,0.6614600006853202,0.6107844888442762,0.6051673208365717,0.0340548082463187,0.0199046678557445,0.0,0.00572,32.50093333333333,33.54102,23.817166666666665,25.905359999999995,0.6526674122887294,0.6643770058197369,0.6141471724262617,0.6144228536227311,0.02994111458782,0.029546851056659,11.34724696699754,10.778083322717546
2025,Khuzdar,38,0.0,27.8949,33.6503,969559.0,1237.0,0.0,35380.0,0.2,17.0,36.0,0.0,0.1108406815881147,0.1058819430955144,0.0637087935472168,0.1753374472311638,0.3713028294306999,0.0,0.845745333703261,1.9080839845744304,0.0,0.4857,0.1571,25.8243,28.1842,64.6882,47.2622,0.1088671306298113,0.1422894140759605,0.0682907051390344,0.0710340922402551,0.1106916872503519,0.0677225025145349,0.2142666666666667,0.8628399999999999,27.301133333333336,27.949580000000005,48.53356666666667,50.94686,0.1206657420979621,0.1511220962266946,0.0676778636421687,0.0705898214814108,0.0947653776201337,0.0797975531138327,1.9080839845744304,1.4104837034980369
2025,Khyber,38,1.2,27.1716,59.4637,1193210.0,1000.0,0.0,2576.0,0.2,720.0,779.0,155.0,0.0595419321566855,0.1529009316421648,0.0205381609837434,6.0341431935702845,6.528607705265628,1.299016937504714,6.486703933088056,7.006310708089942,1.1146403399234,0.2714,4.4429,28.1353,25.7502,62.8539,69.5805,0.088552949211783,0.1454730523337953,0.0273255926490229,0.034272240966753,0.190456854868418,0.1957352489653468,1.9714333333333331,3.97142,27.01903333333333,26.74244,63.96603333333332,70.10097999999999,0.0978559779007545,0.0938616485439527,0.0273786648665064,0.0249822131325448,0.1796976784919765,0.157305897553854,7.006310708089942,5.829297321818923
2025,Killa Abdullah,38,0.0,26.2147,13.1129,915157.0,1500.0,0.0,3553.0,0.2,14.0,233.0,1.0,0.5394291309759133,0.0562996533233267,0.4492431817214823,0.1529792155881449,2.546011230859841,0.0109270868277246,0.2513229970376667,2.7317717069311604,0.1420521287604203,0.0,0.0,29.4275,27.51,23.9032,9.3396,0.5800864720295196,0.5917361756785939,0.4670854323695803,0.4573855447657103,0.0559080327750599,0.0483044794534605,0.0,0.0,27.7174,29.08616,15.4519,16.6695,0.5704172595613423,0.4607062437442281,0.4579047196189243,0.3627170633757581,0.053504055183949,0.0478086950734157,2.7317717069311604,3.047793435668231
2025,Killa Saifullah,38,0.0,25.6868,19.9387,413453.0,1500.0,0.0,6831.0,0.2,324.0,306.0,5.0,0.4628453720442898,0.0647970101686513,0.4249987248452371,7.836440901384196,7.401083073529518,0.1209327299596326,6.385248141868604,6.457807779844384,0.2418654599192653,0.0286,0.0143,25.232,25.0743,56.8286,51.5898,0.5290781239079523,0.5182567595678247,0.4511642883212839,0.3933191824032339,0.0617435066382934,0.0548439331804401,0.0142999999999999,0.04572,25.33103333333333,26.27822,42.78569999999999,48.69636,0.503393418506689,0.5318938566887195,0.4231607318565849,0.4500362041114056,0.0604614833291282,0.0580149882986584,6.457807779844384,5.538313939195677
2025,Kohat,38,1.0857,29.2897,56.9021,1200463.0,500.0,0.0,2545.0,0.65,503.0,926.0,14.0,0.2076577102436439,0.1814648221193915,0.0056869420642777,4.190050005706132,7.713690467761189,0.116621670138938,3.565291058533249,7.205553190727244,0.1499421473214917,0.2286,2.5,29.57,27.4534,61.4204,68.9679,0.0344183368631931,0.2187535627159671,0.0071439272212414,0.1339326943660628,0.1914305452614104,0.216374639629351,1.2714333333333334,3.3514399999999998,28.77103333333333,29.14416,62.43013333333334,64.4847,0.1536098699409347,0.149707057006883,0.0489211878838606,0.0404389704292536,0.1964233356700509,0.1858484581118116,7.205553190727244,7.020785528246831
2025,Kohistan Lower,38,0.6,5.0579,73.0253,244203.0,1500.0,2.0,1200.0,0.2,2.0,218.0,0.0,0.1525022045192345,0.1600538696896798,0.0,0.0818990757689299,8.926999258813364,0.0,0.0409495378844649,4.913944546135797,0.0,1.2571,2.2429,7.9859,6.6243,70.8962,80.1492,0.0,0.1228921155762205,0.0,0.1180728101040547,0.2217856031942564,0.0801057782166187,1.3666666666666665,1.8514400000000009,6.556033333333333,7.63668,74.69023333333332,77.85794,0.0917981066984849,0.0971047967952299,0.0393576033680182,0.0316038171456715,0.1539817503668516,0.1697665242567678,4.913944546135797,7.377062506770257
2025,Kohistan Upper,38,0.6,5.0579,73.0253,369931.0,2500.0,2.0,4000.0,0.2,53.0,327.0,2.0,0.1525022045192345,0.1600538696896798,0.0,1.4326996115491806,8.83948628257702,0.0540641362848747,2.108501315110115,10.677666916262762,0.1892244769970616,1.2571,2.2429,7.9859,6.6243,70.8962,80.1492,0.0,0.1228921155762205,0.0,0.1180728101040547,0.2217856031942564,0.0801057782166187,1.3666666666666665,1.8514400000000009,6.556033333333333,7.63668,74.69023333333332,77.85794,0.0917981066984849,0.0971047967952299,0.0393576033680182,0.0316038171456715,0.1539817503668516,0.1697665242567678,10.677666916262762,8.713990832976732
2025,Kohlu,38,0.1429,27.4633,55.4864,258710.0,1000.0,0.0,7610.0,0.2,97.0,142.0,2.0,0.1732331734363429,0.1155146761027877,0.1466229696010905,3.749371883576205,5.488771211008465,0.0773066367747671,3.47879865486452,6.339144215530904,0.1159599551621506,0.2714,1.1286,26.4202,25.5746,62.9397,70.3711,0.1831846799464768,0.1875959777727352,0.1547660299748983,0.2135781251272693,0.1132446010693528,0.1039321340308837,0.5143,0.90858,26.48603333333333,27.05254,62.9324,63.77624000000001,0.1813379437185183,0.1902785518228696,0.1716557082344193,0.1645769714340244,0.1108971370676747,0.1021525849596478,6.339144215530904,5.82768220043125
2025,Kolai Palas,38,0.6,5.0579,73.0253,331246.0,0.0,0.0,0.0,0.0,6.0,68.0,2.0,0.0,0.0,0.0,0.1811342627533615,2.052854977871431,0.0603780875844538,0.3622685255067231,3.501929079898324,0.1207561751689077,1.2571,2.2429,7.9859,6.6243,70.8962,80.1492,0.0,0.0,0.0,0.0,0.0,0.0,1.366666666666667,1.5257200000000004,6.556033333333333,7.315079999999999,74.69023333333332,76.20772,0.0,0.0,0.0,0.0,0.0,0.0,3.501929079898324,1.8816470530310179
2025,Korangi,38,0.4143,27.4145,82.9867,2970331.0,8.0,0.0,95.0,0.2,63.0,386.0,0.0,0.0,0.0,0.0,0.2120975743107418,1.2995184711737513,0.0,0.3669624698392199,1.3365513809740397,0.0,17.8143,0.0714,26.8835,28.6552,86.3352,75.576,0.0247205380285228,0.0,0.0,0.0,0.0,0.0,6.1000000000000005,6.954299999999999,27.651066666666665,28.0916,81.63263333333333,81.74164,0.0082401793428409,0.0105721691273022,0.0,0.0,0.0,0.0011088051568763,1.3365513809740397,1.0045539378722195
2025,L & C Kurram,38,1.0571,15.9958,75.5352,604463.0,0.0,0.0,0.0,0.0,27.0,38.0,7.0,0.0,0.0,0.0,0.4466774641293181,0.6286571717375588,0.1158052684779713,0.24815414673851,0.6121135619549914,0.0,0.7286,3.2143,16.9485,16.2848,78.4512,80.7043,0.0,0.0,0.0,0.0,0.0,0.0,1.6666666666666667,2.22,16.4097,17.319380000000002,78.23023333333335,80.03312,0.0,0.0,0.0,0.0,0.0,0.0,0.6121135619549914,0.6468206897391395
2025,Lakki Marwat,38,2.2286,31.4123,57.6717,1059019.0,250.0,1.0,3164.0,0.2,859.0,931.0,18.0,0.7555255179305601,0.119484132744309,0.6720547986827676,8.111280345300699,8.791154832916122,0.1699686219038563,11.18015824078699,9.112206674290071,0.1321978170363326,0.1,1.3143,31.3927,29.4263,61.8723,65.3691,0.7209248645944628,0.6385461779150001,0.5446983982262374,0.4910255081953623,0.0989564105534893,0.1181666909293078,1.2142999999999995,3.2143,30.74376666666667,31.20052,61.6377,62.09740000000001,0.7049988534800077,0.7300158610048701,0.5692595683681224,0.6285185869689993,0.1122024114090353,0.1002575468211733,9.112206674290071,8.616178000503314
2025,Larkana,38,0.0,31.1973,66.2391,1842403.0,48.0,2.0,1906.0,0.5,7146.0,1951.0,34.0,0.3494118725283331,0.2590468593968497,0.3343044801498437,38.78630245391481,10.589431302489194,0.184541601376029,37.48365585596637,9.579880189079152,0.119409271478607,6.8286,0.1857,28.6967,34.6827,78.3998,49.7399,0.5658799094404106,0.0411831728229251,0.0055568639682246,0.0037667250258782,0.2459689286155736,0.2829067591138233,2.3381000000000003,2.0457,31.525566666666663,32.66106,64.79293333333332,60.69298,0.3188249849305562,0.4917428964214791,0.1145426897146488,0.3669104893664605,0.2626408490420822,0.1905138650642147,9.579880189079152,10.82265160412867
2025,Lasbella,38,1.7857,26.166,87.159,697550.0,0.0,0.0,0.0,0.0,515.0,545.0,5.0,0.0,0.0,0.0,7.3829832986882655,7.813059995699233,0.0716794495018278,6.594509354168159,7.3686474087879,0.1003512293025589,14.2143,0.7143,26.0365,26.5892,87.4427,85.6714,0.0,0.0,0.0,0.0,0.0,0.0,5.571433333333332,5.9743,26.263900000000003,26.89444,86.7577,85.39048,0.0,0.0,0.0,0.0,0.0,0.0,7.3686474087879,7.151197049523511
2025,Loralai,38,0.0,25.4165,36.0449,479944.0,1400.0,0.0,3785.0,0.2,79.0,279.0,1.0,0.2186016729512445,0.0969116420640914,0.188227935372179,1.6460253696264564,5.813178204123814,0.0208357641724867,1.1668027936592602,5.458970213191538,0.0,0.0857,0.0429,24.5094,25.477,64.7079,58.228,0.2202577840058761,0.255864733725034,0.206173043725804,0.1899017954423218,0.0967230276238896,0.0793274817524099,0.0428666666666666,0.22572,25.1343,25.7676,52.9936,56.61608,0.2315747302273848,0.249728988392468,0.1947675915134349,0.2042791468959702,0.0909873838134636,0.0855890561905463,5.458970213191538,5.732244752236228
2025,Malakand,38,5.8857,26.0849,65.9642,870427.0,700.0,1.0,952.0,0.2,52.0,1068.0,9.0,0.0064308215645234,0.2855624997156814,0.0,0.5974079388621906,12.269839975092683,0.1033975278799945,1.1603500350977165,17.600556968016846,0.0689316852533297,0.9286,4.7143,27.2358,25.654,69.9752,74.9762,0.0,0.0971487336564036,0.0,0.0002174456194087,0.2607826352001889,0.3334489340344881,3.842866666666667,7.314279999999999,26.3249,26.440520000000003,70.3052,73.67112,0.0345265184069756,0.0217168104895984,7.248187313623333e-05,4.348912388174e-05,0.2932646896501194,0.307224137457732,17.600556968016846,12.070083272199373
2025,Malir,38,0.4429,27.2035,83.736,2428732.0,20.0,0.0,2268.0,0.75,181.0,1739.0,38.0,0.0,0.1162016071925066,0.0,0.7452448438115032,7.160114825349194,0.1564602434521388,0.7699490927776305,6.834842213961853,0.1729297427628902,17.0857,0.0286,26.6916,29.0895,86.8396,73.1818,0.2445329111944963,0.0,0.0,0.0,0.1107972477825746,0.0,5.8524,6.500019999999999,27.66153333333333,28.228160000000003,81.25246666666668,80.59360000000001,0.0815109703981654,0.1289588361285627,0.0,0.0,0.0756662849916937,0.0649770790741667,6.834842213961853,6.48440153710376
2025,Mansehra,38,1.5714,23.207,72.6392,1881089.0,1000.0,0.0,4579.0,0.2,12.0,1105.0,24.0,0.1085971463713995,0.2681422008533182,0.0,0.0637928348951059,5.874256879924342,0.1275856697902119,0.0850571131934746,6.070951454184252,0.1647981568123571,2.0571,9.2857,23.8421,22.3561,79.2301,81.5973,0.0,0.1137014200344472,0.0,0.0286774190388175,0.3754306571516964,0.0,4.304733333333334,7.72856,23.13506666666667,23.49086,77.8222,80.69521999999999,0.0740995221352822,0.0824075858092268,0.0095591396796058,0.0211677138936268,0.2145242860016715,0.2197870052689096,6.070951454184252,5.497103646820443
2025,Mardan,38,2.6143,27.2948,74.5329,2868781.0,300.0,0.0,1632.0,0.65,346.0,971.0,10.0,0.0165549454240381,0.2842313561961475,0.0,1.2060871847659338,3.384712879791103,0.0348580111204027,1.505866080401397,5.061383214682474,0.0662302211287651,0.4286,3.7714,28.6136,27.1493,75.9501,78.375,0.0,0.040041658269799,0.0,0.0028252701339723,0.3058669384422387,0.3522296280555529,2.271433333333333,8.13716,27.685900000000004,27.851440000000004,76.286,78.6266,0.0188655345646124,0.0255616864561857,0.000941756711324,0.0008000823525448,0.3141093075646464,0.3356437942138467,5.061383214682474,2.514394802895934
2025,Mastung,38,0.0,23.3402,18.6759,321574.0,1700.0,0.0,3308.0,0.2,76.0,179.0,0.0,0.2347873080421637,0.0707928463094036,0.2066991278292042,2.363375148488373,5.566370415518668,0.0,2.6743455627631585,5.504176332663711,0.0621940828549571,0.0,0.0,23.9959,24.2259,57.4386,30.0471,0.2343684698493834,0.2793421340892998,0.2147700308315402,0.2185137842990757,0.0712752759593097,0.0600378773789824,0.0,0.02858,23.854,24.9864,35.3872,40.04348,0.2494993039936155,0.2494228031264694,0.2133276476532733,0.1708279870462946,0.0673686665492318,0.0607696802979373,5.504176332663711,5.9902151194555655
2025,Mirpurkhas,38,0.0143,28.8039,74.3047,1820642.0,16.0,0.0,2925.0,0.5,6278.0,3346.0,99.0,0.0,0.0,0.0,34.482341943116765,18.378132548848157,0.5437642326168461,36.06420152891123,16.47221145068608,0.6261527527103077,7.3714,4.2857,27.561,30.3911,81.0322,69.252,0.0,0.0,0.0,0.0,0.0,0.0,3.8904666666666654,5.491420000000001,28.91866666666667,29.82846,74.86296666666668,72.84264,0.0,0.0,0.0,0.0,0.0,0.0,16.47221145068608,18.16094720425951
2025,Mohmand,38,5.8857,26.0849,65.9642,563359.0,600.0,0.0,2296.0,0.2,374.0,161.0,6.0,0.1039993702389834,0.1390146321022482,0.2345861370972153,6.638750778810669,2.857857955584272,0.1065040231894759,6.940512177847518,2.343088510168472,0.0887533526578966,0.9286,4.7143,27.2358,25.654,69.9752,74.9762,0.697029377974725,0.3619819013508836,0.503419224246403,0.0980848905441228,0.1507002798150584,0.1748683917964824,3.842866666666667,7.314279999999999,26.324900000000003,26.440520000000003,70.3052,73.67112,0.3876702165215306,0.4051359767997417,0.278696750629247,0.3194067598821805,0.1548611012379296,0.1516650123355911,2.343088510168472,2.9112552410691093
2025,MusaKhel,38,0.0,26.0966,49.7795,201891.0,0.0,0.0,0.0,0.0,306.0,149.0,3.0,0.2608065521856822,0.1462491088224824,0.1227083606637214,15.156693463304457,7.380220019713607,0.1485950339539652,11.838071038332563,6.884903239867056,0.049531677984655,0.2571,0.6571,25.2493,24.812,61.2327,64.4239,0.1468534626444822,0.4207425571694468,0.2428258118655145,0.2579117031777194,0.1084281006214002,0.0,0.3047333333333333,1.39428,25.385966666666665,25.54462,58.4787,61.82392,0.276134190666537,0.2473952994026503,0.2078152919023184,0.1963705403092112,0.0848924031479608,0.0736282102099382,6.884903239867056,5.92885187362608
2025,Naseerabad,38,0.0,33.1096,56.4138,592374.0,0.0,0.0,0.0,0.0,130.0,368.0,57.0,0.0,0.0,0.0,2.194559518142255,6.212291559048844,0.9622299425700654,2.5997089676454403,5.638329838919331,1.0128736237579636,5.1429,0.0286,29.3757,33.8953,75.1884,54.712,0.0,0.0,0.0,0.0,0.0,0.0,1.723833333333333,1.70288,32.126866666666665,33.0209,62.104733333333336,59.44272,0.0,0.0,0.0,0.0,0.0,0.0,5.638329838919331,5.846029026298311
2025,Naushero Feroze,38,0.0,29.9935,72.0366,1948788.0,38.0,2.0,2945.0,0.2,1832.0,1255.0,247.0,0.2477131310579594,0.2679230223392875,0.2200912433976409,9.400714700624183,6.439900081486545,1.267454438348348,9.097962425877006,7.343025511240833,0.9441765856522104,14.3143,0.2,28.1292,33.6423,79.5362,53.2212,0.3113146100078034,0.0,0.0,0.0,0.2779585088958626,0.1543106894365492,4.8381,3.91144,30.58833333333333,31.68088,68.26466666666666,64.74954,0.1863425803552542,0.1874308968148358,0.0733637477992136,0.085209917378372,0.2333974068905664,0.19643147110005,7.343025511240833,7.104827238459561
2025,North Waziristan,38,0.3571,13.7648,71.5011,656447.0,1000.0,1.0,4707.0,0.2,85.0,34.0,34.0,0.1729472187333878,0.1482017558831095,0.0597248210478688,1.2948493937819807,0.5179397575127924,0.5179397575127924,1.218681782383041,0.5331732797925803,0.2894369233159722,0.9143,2.5571,15.0259,13.9065,75.4609,79.2088,0.0903725976820566,0.1985285666873272,0.0642522116060471,0.1384847363000135,0.1176347133692644,0.1555567304275645,1.2761666666666664,2.29142,14.232399999999998,15.19496,75.39026666666666,77.57274,0.1539494610342572,0.1657775832620647,0.0874872563179764,0.0864442756619497,0.1404643998933128,0.1234118763168903,0.5331732797925803,1.0159987820036172
2025,Nowshera,38,1.4857,29.0448,67.9318,1835149.0,280.0,2.0,1748.0,0.65,778.0,2700.0,13.0,0.1338206010626091,0.2051678686265625,0.0,4.239437778621791,14.712701802414951,0.0708389346042201,4.6917171303256575,15.050549028988929,0.0980846786827663,1.1,1.4571,29.699,28.1311,70.8899,74.2469,0.0,0.2481554989151927,0.0,0.1521396024860228,0.2484976721195763,0.2625009774803491,1.3476,6.788560000000001,28.958300000000005,28.99446,71.02286666666666,74.45863999999999,0.1273253666592672,0.1535947089726641,0.0507132008286742,0.0508920087677951,0.2387221727421626,0.2435777840252339,15.050549028988929,13.820766314912703
2025,Orakzai,38,1.3,25.6537,60.7526,307067.0,1200.0,0.0,1538.0,0.2,30.0,75.0,0.0,0.0237215532863183,0.2510134012273007,0.0227043648159336,0.9769854787391676,2.4424636968479194,0.0,0.6838898351174174,3.549713906085642,0.0,0.3571,3.7429,26.6543,24.4126,61.7902,70.6997,0.1206363821341003,0.0729240703230646,0.0332732859186586,0.0191293014251224,0.2189879307542191,0.2958901336501808,1.7999999999999996,3.96286,25.57353333333333,26.07278,64.41416666666667,67.1163,0.0724273352478277,0.0654053020446256,0.0250356507199048,0.0186631760272355,0.2552971552105669,0.2112294196604305,3.549713906085642,2.6949710622368412
2025,Panjgur,38,0.0,28.8135,38.0776,382021.0,900.0,0.0,16891.0,0.2,18.0,54.0,0.0,0.4549620610090441,0.0371169265409247,0.3886754307880924,0.4711782860104549,1.4135348580313647,0.0,6.727378861371495,2.6700102873925777,0.0,0.2571,0.0,27.3918,30.9954,59.2945,51.8453,0.3944921656044941,0.3828201977692921,0.326648489443135,0.3089335668442277,0.0392048465189892,0.0360286046651539,0.0857,0.05142,29.066900000000004,29.93204,49.739133333333335,45.97288,0.4107581414609435,0.4107090176795761,0.341419162358485,0.3544456084009648,0.0374501259083559,0.0374359648839618,2.6700102873925777,2.4723833433184836
2025,Peshawar,38,0.6429,29.6374,61.3572,5160904.0,330.0,0.0,1257.0,0.75,81.0,4929.0,203.0,0.0405351887844317,0.1892586574797596,0.0,0.1569492476511866,9.55065236632962,0.3933419416443321,0.1569492476511866,9.779294480191842,0.2422056290913375,0.0714,2.2429,30.0722,27.4344,66.6531,77.2184,0.0,0.1269202883098051,0.0,0.0379226096546009,0.2361670187920145,0.2494629779946536,0.9857333333333336,3.87714,29.048,28.66446,68.40956666666666,74.02068,0.0558184923647456,0.0539179547794722,0.0126408698848669,0.0075845219309201,0.2249628847554758,0.2305870515215741,9.779294480191842,8.900527153974068
2025,Pishin,38,0.0,23.8313,17.7026,889769.0,1550.0,0.0,6218.0,0.2,43.0,531.0,3.0,0.3907393131328427,0.0596015193226175,0.3702468102657391,0.4832715008052651,5.967841091339438,0.033716616335251,0.5282269892522666,5.169881171405163,0.0899109768940028,0.0,0.0,26.4188,24.8825,41.7497,27.0435,0.5105934105855237,0.4259066101163423,0.395016779629131,0.3978885854926816,0.0578166451075216,0.0513669092300149,0.0,0.0,25.0442,26.6965,28.83193333333333,32.30698,0.4424131112782361,0.4951821249015072,0.3877173917958506,0.3943147185653018,0.0562616912200513,0.0561953413412742,5.169881171405163,4.637734050853329
2025,Quetta,38,0.0,23.4944,20.1374,2751515.0,1680.0,0.0,3447.0,0.75,25.0,584.0,0.0,0.3395019760797489,0.0615907690941005,0.3077539074308742,0.0908590358402552,2.122467077228363,0.0,0.0944933972738654,1.962555174149514,0.0,0.1429,0.0,24.6757,24.4548,55.8224,33.8071,0.3495285911532334,0.3833607051945664,0.3182466256109312,0.3088104283706565,0.0608504691886401,0.0507290129696636,0.0476333333333333,0.06572,24.2083,25.3602,36.58896666666666,40.4252,0.3574637574758495,0.2924121745761268,0.3116036538041539,0.2453413750257574,0.0577234170841347,0.0530364696806323,1.962555174149514,1.9754528291700684
2025,SD Tank,38,0.6286,31.4267,58.0939,604463.0,0.0,0.0,0.0,0.0,13.0,22.0,0.0,0.0,0.0,0.0,0.2150669271733754,0.3639594152164814,0.0,0.2150669271733754,0.3639594152164814,0.049630829347702,4.0429,10.7857,29.4857,30.3309,66.625,70.0088,0.0,0.0,0.0,0.0,0.0,0.0,5.1524,3.18286,30.41443333333333,31.74726,64.90923333333333,61.55445999999999,0.0,0.0,0.0,0.0,0.0,0.0,0.3639594152164814,1.2285483766822454
2025,Sanghar,38,0.0,29.204,72.1334,2486760.0,16.0,1.0,10608.0,0.2,8070.0,2346.0,226.0,0.409818766956489,0.2377252746300836,0.149258442633092,32.45186507745018,9.433962264150944,0.9088130740401164,30.288407405620163,8.529170486898614,0.542875066351397,3.6714,8.6429,27.5153,30.8778,81.6858,67.1992,0.1687068542825597,0.0,0.0,0.0,0.25670403602321,0.0,4.104766666666667,3.61144,29.199033333333333,29.93816,73.67280000000001,72.89766,0.1928418737463496,0.2170562578287319,0.0497528142110306,0.0837032684673698,0.1648097702177645,0.1402817253386493,8.529170486898614,9.010332146880971
2025,Shaheed Benazirabad,38,0.0,29.671,72.8371,1949997.0,30.0,2.0,4502.0,0.5,3467.0,2112.0,143.0,0.3767186341191571,0.2488157563363458,0.3453506726958863,17.77951453258646,10.830785893516758,0.7333344615401972,14.082072946778892,9.143603810672529,0.7333344615401972,17.3429,1.5429,27.9248,33.0558,79.8123,55.7252,0.4031889294814302,0.0,0.0,0.0,0.2618043286004781,0.0,6.295266666666667,5.18288,30.2172,31.10888,69.4582,67.34532,0.2599691878668624,0.2984598198603049,0.1151168908986288,0.1889530324216941,0.1702066949789412,0.1486977857395208,9.143603810672529,11.157231538563206
2025,Shangla,38,2.5714,17.4869,68.5831,915157.0,2000.0,2.0,1586.0,0.35,1158.0,1688.0,105.0,0.0051685619028205,0.2296199790637229,0.0,12.653566546505136,18.4449225651992,1.1473441169110874,12.314826854845672,13.44031679810131,0.0218541736554492,3.3143,6.0143,18.1631,16.9857,80.1396,81.0142,0.0,0.0751154650921717,0.0,0.0027195927405515,0.3356447943149762,0.3817021204282135,3.966666666666667,6.87714,17.545233333333332,18.0069,76.57896666666669,80.44876000000001,0.026761342331664,0.0179603460961967,0.0009065309135171,0.0015979874667766,0.3156556312689708,0.3394630679583291,13.44031679810131,16.55870841127685
2025,Shikarpur,38,0.0,32.2635,58.4509,1488188.0,52.0,1.0,2512.0,0.35,2869.0,1333.0,257.0,0.3246725552513085,0.3435694081895546,0.2840896260167422,19.278478256779383,8.957201643878326,1.7269323499450338,11.544240378231782,6.09466008326905,1.0952917238950992,1.7143,0.1286,29.4995,33.3189,72.7346,56.6515,0.3506714468826749,0.0,0.0,0.0,0.3186464018479679,0.0,0.6143,0.76286,31.69396666666667,32.552620000000005,62.61233333333333,60.44748,0.2251146673779944,0.3915475711371223,0.0946965420055807,0.2869897971316387,0.2207386033458408,0.1818426408374061,6.09466008326905,9.475032512563436
2025,Sohbat pur,38,0.0,32.9116,56.7961,241785.0,0.0,0.0,0.0,0.0,19.0,68.0,18.0,0.0,0.0,0.0,0.7858221146886697,2.812415989412081,0.7444630560208451,4.011828690778998,9.926174080277931,0.5790268213495461,2.6857,0.0714,29.6723,32.9592,72.9825,59.7663,0.0,0.0,0.0,0.0,0.0,0.0,0.9190333333333346,1.0857000000000008,31.8477,32.68056,63.18163333333334,61.082820000000005,0.0,0.0,0.0,0.0,0.0,0.0,9.926174080277931,7.634938048449345
2025,South,38,1.1286,26.8777,84.4227,2166395.0,4.0,0.0,122.0,0.95,3.0,115.0,0.0,0.0,0.0,0.0,0.0138478901585352,0.5308357894105183,0.0,0.0276957803170705,0.4615963386178421,0.0,10.1429,0.8286,26.2804,27.7197,87.2259,80.7671,0.0354597918267915,0.0,0.0,0.0,0.0,0.0,4.033366666666667,5.4486,26.959266666666664,27.6601,84.13856666666665,82.68328,0.0118199306089305,0.0271015984263251,0.0,0.0,0.0,-0.0064446763081151,0.4615963386178421,2.7849087570162006
2025,South Waziristan (Lower),38,0.3,27.1798,56.7394,820861.0,0.0,0.0,0.0,0.0,71.0,70.0,15.0,0.0,0.0,0.0,0.8649454657974981,0.8527631352933078,0.1827349575628516,0.8040338132765473,0.9502217793268288,0.1949172880670417,0.2143,0.9857,27.0096,25.9429,64.0144,65.7561,0.0,0.0,0.0,0.0,0.0,0.0,0.5000000000000001,0.92856,26.710766666666668,27.30784,62.169966666666674,63.53362,0.0,0.0,0.0,0.0,0.0,0.0,0.9502217793268288,1.1747544888512191
2025,Sujawal,38,0.0571,28.1087,77.5918,945380.0,0.0,0.0,0.0,0.0,1916.0,3704.0,75.0,0.0,0.0,0.0,20.266982589011825,39.18001227019823,0.7933317819289598,27.44927965474201,18.4581861262138,0.6663986968203262,18.3429,2.5714,27.0465,28.8509,83.933,76.4291,0.0,0.0,0.0,0.0,0.0,0.0,6.990466666666666,7.611420000000001,28.002033333333333,28.597320000000003,79.31796666666668,78.90628000000001,0.0,0.0,0.0,0.0,0.0,0.0,18.4581861262138,17.86167651349678
2025,Sukkur,38,0.0,31.1324,63.1637,1798882.0,65.0,2.0,5165.0,0.75,2555.0,1465.0,73.0,0.641163334458657,0.156515185463248,0.4664155828075848,14.203266250926966,8.143947184973777,0.4058076071693418,17.588702316216406,7.676990486313166,0.5559008317388244,6.5143,0.0714,28.8152,32.8485,75.9727,58.8595,0.52529881159697,0.0,0.0,0.0,0.1437250781582944,0.0,2.195233333333333,1.7171400000000006,30.932033333333333,32.08874000000001,65.99863333333333,62.20405999999999,0.3888207153518757,0.4818395313107448,0.1554718609358615,0.2947487011856539,0.1000800878738474,0.0824922198990367,7.676990486313166,9.037914141805345
2025,Swabi,38,6.8429,26.8069,75.9852,1963296.0,340.0,2.0,1543.0,0.65,155.0,1311.0,58.0,0.1378339549737159,0.2680783608887374,0.0,0.7894886965592555,6.6775463302528,0.2954215767770117,0.8913582057927077,7.472128502273727,0.3259824295470474,0.8714,3.8286,28.1613,26.836,77.2495,77.6345,0.0,0.1201551045204155,0.0,0.0612766842440843,0.3149706758337373,0.3067088256851501,3.847633333333333,11.40002,27.26806666666667,27.5533,76.95640000000002,78.65812000000001,0.0859963531647104,0.0739912049059876,0.0204255614146947,0.0268980177022784,0.2965859541358749,0.3051682486007446,7.472128502273727,7.072539450323887
2025,Swat,38,8.8286,23.3846,74.2828,2791410.0,980.0,1.0,5337.0,0.35,155.0,3523.0,73.0,0.0756668085144372,0.1729474159136851,0.0,0.5552749327400848,12.62086185834399,0.2615165812259754,0.3976485002203187,11.71809229027624,0.125384662231632,1.6,6.8143,24.5581,23.4042,80.1007,81.1948,0.0,0.1780904978533899,0.0,0.0475980976834828,0.2753643526027702,0.2246105248577197,5.747633333333333,8.66572,23.782300000000003,24.25412,78.5261,81.15382000000001,0.0845857687892757,0.0886104420495513,0.0158660325611609,0.0258178631846036,0.224307431124725,0.2368411558813509,11.71809229027624,12.069389229898995
2025,Tando Muhammad Khan,38,0.0429,28.5076,75.8615,818443.0,14.0,2.0,1733.0,0.2,2863.0,1741.0,145.0,0.0,0.0,0.0,34.981055491952404,21.272098362378323,1.7716566700429963,34.59006919235671,16.80019256075255,1.270705473686011,12.5714,2.8,27.2002,30.0761,83.3366,69.761,0.0,0.0,0.0,0.0,0.0,0.0,5.1381,5.85144,28.594633333333334,29.35066,76.3197,75.02996,0.0,0.0,0.0,0.0,0.0,0.0,16.80019256075255,21.046580326257754
2025,Tank,38,0.6286,31.4267,58.0939,472690.0,250.0,0.0,1679.0,0.2,237.0,585.0,2.0,0.5813872420763891,0.1517556006270748,0.4929289097078452,5.013856861791026,12.375975798091773,0.0423110283695445,7.065941737713935,14.068416932873554,0.0211555141847722,0.1714,4.0429,30.9931,29.4857,65.0947,66.625,0.5159534662221917,0.0,0.0,0.0,0.1316834388895097,0.1419697967297793,1.6143,3.1857200000000003,30.635166666666667,31.19274,63.27119999999999,63.38618,0.365780236099527,0.4336650112323045,0.1643096365692817,0.2959103733860621,0.1418029454154546,0.132562158791614,14.068416932873554,11.09320185315402
2025,Tharparkar,38,0.0714,28.9123,72.8259,1994728.0,56.0,0.0,19638.0,0.35,4077.0,2476.0,1.0,0.1776658037030579,0.2218203092913981,0.1163711478791099,20.43887687945424,12.41271992973478,0.0050132148343032,21.4665859204864,11.04411227997,0.0,5.6429,15.0571,27.1492,29.6091,83.1617,72.7079,0.1432053721946085,0.0642586119509403,0.0210042452630053,0.0101602340790793,0.290747753996453,0.0,6.923799999999999,7.3,28.556866666666675,29.00686,76.23183333333333,76.93028,0.1283765959495355,0.2222649704853306,0.0491785424070648,0.1633990628697699,0.1708560210959503,0.1405896129635895,11.04411227997,11.839601782980807
2025,Thatta,38,0.0857,27.9843,78.7473,1184747.0,10.0,2.0,17355.0,0.35,3422.0,1799.0,109.0,0.6636853560442284,0.1327574090111197,0.6329723992951138,28.883803883867188,15.184676559636785,0.920027651473268,15.8936886947171,8.913295412438266,0.6921308937688806,15.1429,3.1143,27.0512,28.6732,83.596,77.1403,0.5101529368824379,0.0,0.0,0.0,0.1447552394757582,0.0,6.114300000000001,6.96858,27.9029,28.558660000000003,79.82786666666665,79.01982,0.3912794309755554,0.5105452877411683,0.2109907997650379,0.4149387603575297,0.0925042161622926,0.0440440497588366,8.913295412438266,12.911728304780658
2025,Tor Ghar,38,5.2857,26.7525,76.3553,206726.0,0.0,0.0,0.0,0.0,80.0,89.0,6.0,0.0,0.0,0.0,3.869856718554996,4.305215599392432,0.2902392538916247,4.93406731615762,5.272679779031182,1.2577034335303736,0.7714,1.9286,27.679,26.1781,77.0435,79.4175,0.0,0.0,0.0,0.0,0.0,0.0,2.6619000000000006,6.60572,26.869866666666667,27.13924,77.60543333333334,79.64208,0.0,0.0,0.0,0.0,0.0,0.0,5.272679779031182,4.288811635147217
2025,Umerkot,38,0.0286,29.0152,71.7523,1297177.0,12.0,0.0,5608.0,0.35,2904.0,1690.0,0.0,0.2663372436255275,0.2286136586563526,0.1745340655947417,22.38707593489555,13.02829143594128,0.0,25.917820004517505,13.783778158262132,0.0,1.8714,10.1286,27.9872,30.1863,77.3007,69.2372,0.1810185491519441,0.0,0.0,0.0,0.2523678971642779,0.0,4.009533333333334,4.82572,29.0629,29.69756,72.7634,72.5625,0.1491185975924905,0.256088475008558,0.0581780218649138,0.2173377427510618,0.1603271852735435,0.1302359242333227,13.783778158262132,12.425031211822047
2025,Upper Kurram,38,1.0571,15.9958,75.5352,748325.0,0.0,0.0,0.0,0.0,23.0,165.0,15.0,0.0,0.0,0.0,0.3073530885644606,2.204924331005913,0.200447666455083,0.3608057996191494,2.832993685898507,0.133631777636722,0.7286,3.2143,16.9485,16.2848,78.4512,80.7043,0.0,0.0,0.0,0.0,0.0,0.0,1.6666666666666663,2.22,16.4097,17.319380000000002,78.23023333333335,80.03312,0.0,0.0,0.0,0.0,0.0,0.0,2.832993685898507,1.9283827059018694
2025,Usta Muhammad,38,0.0,30.7392,70.6847,314321.0,0.0,0.0,0.0,0.0,186.0,578.0,21.0,0.0,0.0,0.0,5.91751744235988,18.38884452518285,0.6681068080083735,6.108405101790844,22.492929202948577,0.98625290705998,7.3571,0.0,28.7627,32.5859,79.5734,62.0021,0.0,0.0,0.0,0.0,0.0,0.0,2.452366666666667,1.6828600000000002,30.695933333333333,31.66304,70.7534,67.54192,0.0,0.0,0.0,0.0,0.0,0.0,22.492929202948577,16.241229933906546
2025,West,38,0.6857,27.5174,81.9526,4732945.0,15.0,0.0,929.0,0.75,333.0,834.0,63.0,0.2763429160462721,0.083295930543954,0.2319465124269844,0.7035788499549435,1.762116398986255,0.1331095121536379,0.8176727175152047,1.6881666700120117,0.1500123073477507,11.6,0.1286,26.9064,28.5278,85.6258,76.2371,0.1821908373588084,0.1392538559564091,0.1352111438238784,0.1191281803401151,0.0178389154780897,0.0,4.1381000000000006,5.731420000000001,27.65053333333333,28.17256,81.27183333333333,80.9512,0.1992625364538298,0.3193168861401253,0.1620952788636593,0.3061098122093909,0.0337116153406812,0.0292098874012907,1.6881666700120117,1.6697394508370333
2025,Zhob,38,0.0,26.2599,45.7482,374767.0,1400.0,0.0,20297.0,0.2,54.0,40.0,0.0,0.51911825884085,0.0684246817666673,0.3898290515291134,1.4408952762649858,1.06732983427036,0.0,1.147379571840637,1.360845538694709,0.0,1.1429,0.1429,26.4917,25.8432,56.1172,55.6837,0.4164869634468272,0.6161681911749172,0.4544119341153332,0.3998135891779112,0.0650081816878449,0.0396547666413212,0.4286,0.4743,26.198266666666665,27.24242,52.51636666666665,52.68934,0.5172578044875314,0.5306211936081752,0.4146848582741192,0.4220774150272596,0.0576958766986111,0.0536954658991279,1.360845538694709,2.600968624366753
2025,Abbottabad,39,0.4714,23.77,57.4104,1611498.0,1256.0,0.0,1967.0,0.75,122.0,1286.0,21.0,0.0023610071676471,0.0,0.0036177416464685,0.7570595805889923,7.980152628175771,0.130313534363679,0.0186162191948112,6.422595622209895,0.0558486575844338,1.8571,1.0714,23.2765,23.572,71.7492,79.8149,0.0938594588477172,0.0,0.0,0.0,0.3225836082923744,0.3640503212282939,1.1333,5.09426,23.5395,23.11354,69.65816666666667,75.36024,0.0320734886717881,0.0194627014758642,0.0012059138821561,0.0007235483292937,0.2288779765068894,0.1373267859041336,6.422595622209895,7.466882162481531
2025,Badin,39,0.0143,28.73,71.7396,2182111.0,9.0,1.0,6726.0,0.35,5586.0,2727.0,119.0,0.1962580129945419,0.0,0.1781014068788541,25.599064392233025,12.497072788689485,0.5453434770275206,19.829422059647744,10.78771886489734,1.154845010175926,0.0429,16.7857,28.3002,27.2097,76.7926,82.9644,0.2645034045841233,0.36620672031269,0.2582382820063673,0.0,0.084115666028801,0.2266938474745364,5.6143,7.480020000000001,28.079966666666667,28.52978,77.16553333333333,77.94615999999999,0.2756560459637851,0.2478798491116776,0.1454465629617404,0.1628023494784013,0.1036031711677791,0.0621619027006674,10.78771886489734,11.752210788415226
2025,Bajaur,39,0.0286,22.7732,46.9179,1321356.0,900.0,0.0,1290.0,0.2,482.0,620.0,1.0,0.0,0.2563553234397718,0.0,3.6477678990370497,4.692149579674213,0.0075679831930229,2.580682268820817,4.245638571285861,0.0227039495790687,1.0429,0.2429,22.8006,24.0655,59.1479,65.3823,0.0137901615452067,0.0,0.0,0.0,0.1932897635594327,0.2219763582743239,0.4381333333333333,1.20288,23.2131,22.95392,57.14936666666667,63.143060000000006,0.0045967205150689,0.0299979092816354,0.0,0.0010878714247145,0.2238738150911761,0.2385638218006084,4.245638571285861,5.020634723662509
2025,Bannu,39,0.2143,29.8806,50.9607,1410816.0,312.0,1.0,1227.0,0.2,1717.0,1038.0,69.0,0.4692986604618709,0.1650078280814466,0.3850330596475975,12.170261749228814,7.357444202504082,0.489078660860098,10.185594719651606,6.960510796588641,0.0354404826710215,1.4857,0.1,31.0229,31.0973,54.9392,58.966,0.427383765364147,0.34917742311791,0.3108539415654076,0.3045580647670409,0.166470578220964,0.169258185140673,0.6000000000000006,4.2343,30.666933333333336,30.09334,54.9553,60.2418,0.4152866163146427,0.4410713482778208,0.3334816886600153,0.3506915956319103,0.1669121971476945,0.168935903874644,6.960510796588641,7.189226604789602
2025,Barkhan,39,0.0,28.7795,51.276,206726.0,1100.0,0.0,3514.0,0.2,147.0,65.0,25.0,0.1557008740334273,0.142871776815644,0.1285843688785002,7.110861720344804,3.1442585838259336,1.209330224548436,5.466172614958931,4.063349554482746,1.5963158964039357,0.1,0.3714,28.8164,27.2851,55.0045,65.0878,0.1909374277968698,0.151863387795571,0.1281897019454787,0.138233826916674,0.1543332530215907,0.1378656862447469,0.1571333333333333,1.25142,28.293666666666667,28.0768,57.12276666666667,61.6512,0.1661672298752893,0.1698910817458135,0.1316692992468843,0.1264164928812549,0.1450235720273272,0.0979672927635387,4.063349554482746,3.631833173090827
2025,Battagram,39,0.3714,22.4445,65.2962,575449.0,1036.0,0.0,1301.0,0.2,197.0,472.0,0.0,0.0,0.0,0.0,3.423413716941032,8.202290732975468,0.0,2.74568206739433,6.881582903089588,0.0347554692075231,2.9143,1.1714,22.8385,23.8347,72.8941,81.052,0.0,0.0,0.0,0.0,0.0,0.0,1.485700000000001,4.579999999999999,23.03923333333333,23.06544,73.08076666666666,76.98742,0.0,0.0,0.0,0.0,0.0,0.0,6.881582903089588,6.803232218253247
2025,Buner,39,0.3714,24.4797,66.9912,1084406.0,700.0,0.0,1865.0,0.35,212.0,354.0,8.0,0.0157790889375073,0.3740051309650065,0.0023462495556345,1.9549873386904904,3.2644599900775173,0.0737731071203958,2.1578633832715792,2.794156432184993,0.0,2.2571,1.2,24.7321,25.6446,75.3136,79.987,0.0038484557075544,0.0,0.0,0.0,0.2799939549460177,0.3545409038879076,1.2761666666666651,5.81714,24.952133333333336,24.89788,74.09726666666667,77.46206,0.0065425148816872,0.0156334151100116,0.0007820831852115,0.0005719355777326,0.3361799965996439,0.3644644271318151,2.794156432184993,2.5718591429417934
2025,Central,39,0.3,28.1208,76.7817,3591719.0,10.0,0.0,69.0,0.95,54.0,1211.0,29.0,0.0,0.0674648565585158,0.0,0.1503458371882655,3.371644608055363,0.0807412829344389,0.1113672868061226,3.2741982321000056,0.0501152790627551,0.4571,15.1286,27.3583,26.735,82.2235,86.0135,0.0,0.0,0.0,0.0,0.0,0.0,5.295233333333333,6.42572,27.404699999999995,27.9338,81.67289999999998,80.89450000000001,0.0,0.0,0.0,0.0,0.0224882855195052,0.0157172964890386,3.2741982321000056,2.7241558033819553
2025,Chagai,39,0.0,31.3816,13.8498,273217.0,919.0,0.0,44748.0,0.2,57.0,152.0,0.0,0.7281032021702246,0.0456377266257911,0.805771355138395,2.0862537836225417,5.563343422993444,0.0,1.354234912176036,5.380338705131819,0.0,0.0,0.0,31.5244,32.6863,13.8046,30.1753,0.8302416417170754,0.7156398166640133,0.7696698087373479,0.6875341168917868,0.0329406935928637,0.0340746731857973,0.0,0.0,31.8641,32.41818,19.276566666666668,18.43844,0.7579948868504379,0.7625760571939162,0.7543250935891765,0.7656882878949814,0.0375510311348173,0.0358232508353673,5.380338705131819,5.068810797664327
2025,Charsadda,39,2.5857,26.6448,71.9088,1953624.0,300.0,2.0,996.0,0.2,571.0,2234.0,37.0,0.0,0.2585713552114894,0.0,2.922773266503688,11.435158454236843,0.1893916127156505,2.4518535808323403,11.199698611401171,0.506750531320254,2.9286,0.9,27.4001,28.4757,73.5859,76.6427,0.0352358690646185,0.0,0.0,0.0,0.2711538913571179,0.2923691253747109,2.138099999999999,5.00858,27.506866666666667,27.43614,74.0458,76.46012,0.0117452896882061,0.0149521134493282,0.0,0.003153244403727,0.2740314573144394,0.3096528969569511,11.199698611401171,10.661690900744514
2025,Chitral Lower,39,0.0143,20.9396,48.9268,336081.0,1500.0,1.0,6458.0,0.35,38.0,694.0,7.0,0.1681848987037423,0.0467272121629456,0.0492673283543538,1.1306798063562058,20.64978383187386,0.2082831222235116,1.011660879371342,15.055894263585268,0.0595094634924318,0.4,0.0429,21.4235,23.8431,60.5885,57.3782,0.1020466065103868,0.0239837398373983,0.0,0.0235772357723577,0.0555383284620093,0.0282051819868572,0.1524,0.13144,22.06873333333333,22.63486,55.63116666666667,58.56508,0.0980717483505091,0.133318084096837,0.0242815213755705,0.0316054737828091,0.043490240870604,0.0495201091259375,15.055894263585268,18.089860403946172
2025,Chitral Upper,39,0.0143,20.9396,48.9268,204308.0,2500.0,1.0,8392.0,0.2,11.0,203.0,14.0,0.1681848987037423,0.0467272121629456,0.0492673283543538,0.5384028036102355,9.935979012079802,0.6852399318675725,0.4405113847720109,8.320770601249095,0.0,0.4,0.0429,21.4235,23.8431,60.5885,57.3782,0.1020466065103868,0.0239837398373983,0.0,0.0235772357723577,0.0555383284620093,0.0282051819868572,0.1524,0.13144,22.06873333333333,22.63486,55.63116666666667,58.56508,0.0980717483505091,0.133318084096837,0.0242815213755705,0.0316054737828091,0.043490240870604,0.0495201091259375,8.320770601249095,9.287697970761446
2025,D.I. Khan,39,0.0,30.1201,67.2962,2050338.0,0.0,0.0,0.0,0.0,1466.0,2251.0,0.0,0.0,0.0,0.0,7.150040627447767,10.97867766192696,0.0,6.569648516488501,9.891052109457076,0.0,0.7286,2.1,31.7109,30.4999,62.8198,71.0754,0.0,0.0,0.0,0.0,0.0,0.0,0.9428666666666669,3.09428,30.776966666666667,30.445300000000003,67.0638,69.29956,0.0,0.0,0.0,0.0,0.0,0.0,9.891052109457076,11.50450614991314
2025,Dadu,39,0.0,30.406,65.3632,1873835.0,40.0,2.0,19070.0,0.35,3719.0,2535.0,402.0,0.3640179281307015,0.1497199076872531,0.2865212059398489,19.846998268257344,13.528405649376811,2.145332966883424,21.37327993126396,13.346959577550852,0.667081146418975,0.0,19.0714,30.8013,29.0024,68.0975,73.454,0.3965672933654576,0.466262757865431,0.369513610274183,0.0024117461230532,0.140550079821917,0.1287615303793741,6.357133333333334,4.460000000000001,30.0699,31.04518,68.97156666666667,66.52852,0.4089493264538633,0.3584826578006933,0.219482187445695,0.2193355153812812,0.1396771726295147,0.1760630575747835,13.346959577550852,13.0451722593461
2025,Dera Bugti,39,0.0,29.6609,56.155,378394.0,250.0,0.0,10160.0,0.2,68.0,81.0,0.0,0.4393712060118743,0.0944360595379599,0.4138255674744911,1.7970686638794482,2.1406259084446373,0.0,2.0877709477423005,2.272763310200479,0.0,0.1571,0.4,29.7452,28.1443,62.5358,71.6208,0.4698220557304416,0.4462557999389221,0.4244377261352392,0.2029032448933526,0.0970401007031831,0.0836421230821025,0.1857000000000001,0.57714,29.183466666666664,29.5191,63.43720000000001,65.20594,0.451816353893746,0.4149643494974224,0.347055512834361,0.3640559174081625,0.0917060944410818,0.0580750754294894,2.272763310200479,2.407224773160915
2025,Dir Lower,39,0.5857,28.6375,61.6696,1734809.0,800.0,1.0,1583.0,0.35,202.0,1827.0,6.0,0.0,0.0,0.0,1.164393313615505,10.531418732552115,0.0345859400083813,0.9049987635526446,9.3843183889408,0.1268151133640648,1.4857,1.1,28.9863,29.6405,67.921,70.8798,0.0,0.0,0.0,0.0,0.0,0.0,1.0571333333333337,5.19142,29.0881,28.68316,66.82346666666666,70.86708,0.0,0.0,0.0,0.0,0.0,0.0,9.3843183889408,10.647006812926046
2025,Dir Upper,39,0.0286,19.4827,56.7326,1143644.0,1200.0,1.0,3699.0,0.35,21.0,1595.0,11.0,0.0,0.0,0.0,0.1836235751684965,13.946647733035803,0.0961837774692124,0.131159696548926,13.177177513282103,0.0,0.3143,0.2286,20.0024,21.7979,66.9182,69.328,0.0,0.0,0.0,0.0,0.0,0.0,0.1905,1.6285999999999998,20.427666666666667,20.85676,64.32626666666665,67.78776,0.0,0.0,0.0,0.0,0.0,0.0,13.177177513282103,13.996282193864033
2025,East,39,0.1571,27.8905,79.3725,3514347.0,10.0,0.0,165.0,0.95,44.0,328.0,2.0,0.0103164000502403,0.1000591574589211,0.0,0.1252010686480305,0.9333170571944092,0.0056909576658195,0.1735742088074968,0.8451072133742058,0.0,0.4143,20.0429,27.2518,26.7655,83.7523,86.664,0.0,0.0247205380285228,0.0,0.0,0.0,0.0,6.871433333333333,7.25144,27.3026,27.85694,83.26293333333334,82.10526,0.0116789793595876,0.0126354491373502,0.0,0.0,0.033353052486307,0.0211206366486605,0.8451072133742058,1.0270565500385986
2025,Ghotki,39,0.0,30.693,59.9124,1989892.0,72.0,1.0,6083.0,0.35,5271.0,1262.0,211.0,0.1510642406430775,0.2065112663090891,0.1393562394985935,26.488874773103262,6.342052734520265,1.0603590546622632,29.17746289748388,6.085757417990524,0.3919810723396043,0.0,3.6714,30.8731,29.0234,64.7864,75.3092,0.5581099120292534,0.5076022315091473,0.4974804662233684,0.0,0.2415853269487571,0.2406812363830644,1.2238,0.95428,30.1965,31.07808,66.66933333333334,66.05533999999999,0.4055921280604928,0.3511185225024671,0.2122789019073206,0.2327971806244423,0.2295926098803035,0.1810827879324912,6.085757417990524,7.00833107792052
2025,Hangu,39,0.7429,25.8937,52.8677,627433.0,900.0,0.0,1097.0,0.2,156.0,382.0,12.0,0.1853488980125905,0.2203093584620408,0.0988541384369818,2.4863212486432813,6.088299467831625,0.1912554806648678,1.7850511528720996,4.462627882180248,0.2709452642752294,1.7429,0.4429,26.4809,27.8696,61.914,60.9273,0.1169925164371962,0.0543445758381146,0.0276831933018872,0.0207758241482771,0.2173203675041686,0.2363099986904065,0.9762333333333334,4.1286000000000005,26.74806666666667,26.3514,58.56966666666667,64.53222,0.1188953300959671,0.1271214403280142,0.0491043852957153,0.0512321292594478,0.2246465748855386,0.2287360451983552,4.462627882180248,4.880680078321208
2025,Haripur,39,0.7286,25.3372,70.7964,1212553.0,605.0,2.0,1725.0,0.65,2.0,1316.0,10.0,0.1433747398910726,0.0,0.1208260274174932,0.0164941243805425,10.853133842396993,0.0824706219027127,0.0824706219027127,8.873838916731886,0.3793648607524784,3.1429,0.9857,26.2152,27.047,76.5695,78.9655,0.1661279806554118,0.0,0.0,0.0,0.3000861224948515,0.3063582888769315,1.619066666666666,4.22572,26.1998,26.1366,75.44380000000001,78.18402,0.1031675735154948,0.1070850601316693,0.0402753424724977,0.0646187608132481,0.2021481371239276,0.1683046389116895,8.873838916731886,9.97670700533182
2025,Hub,39,0.2286,27.5511,79.2712,461810.0,0.0,0.0,0.0,0.0,140.0,247.0,2.0,0.0,0.0,0.0,3.03154977155107,5.348519954093675,0.043307853879301,4.135900045473247,4.439055022628353,0.043307853879301,0.4286,13.4286,27.2183,26.5847,81.6077,85.3701,0.0,0.0,0.0,0.0,0.0,0.0,4.695266666666666,5.54574,27.118033333333333,27.78118,82.083,80.69062,0.0,0.0,0.0,0.0,0.0,0.0,4.439055022628353,4.825165356778964
2025,Hyderabad,39,0.0286,29.7634,65.666,2659637.0,20.0,2.0,993.0,0.75,1509.0,1942.0,40.0,0.1136335246298653,0.0,0.1027525690704305,5.6737065998104255,7.30174832129347,0.1503964638783413,4.455495242395861,5.8391427100766,0.3120726625475582,0.0,10.4,28.8554,27.6512,74.1076,80.4945,0.179959946965008,0.1867027827008759,0.1543988041911899,0.0,0.1952903993154193,0.2422520224096085,3.4762000000000004,4.911420000000001,28.75666666666667,29.52424,73.4227,72.40506,0.1600987514319163,0.1378159550477925,0.0857171244205401,0.0846018380314017,0.1458474739083426,0.0875084843450055,5.8391427100766,7.627257863250094
2025,Jacobabad,39,0.0,32.4914,51.211,1216179.0,55.0,0.0,2686.0,0.35,1571.0,820.0,140.0,0.2492905430713643,0.3423442433035555,0.232219863993157,12.917506386806547,6.742428540535563,1.1511463361889984,8.65004246907733,6.076408160311928,1.356708181937034,0.0,2.3143,32.2601,29.5816,59.7912,73.8828,0.3687120167709929,0.3642859319466894,0.3089380735836772,0.0,0.3178028059242759,0.2951558858148678,0.7714333333333333,0.9114400000000004,31.444366666666667,32.0493,61.62833333333334,62.12460000000001,0.3274294972630155,0.290609440107939,0.180385979192278,0.1979219590089226,0.3184343116808997,0.2894140299352907,6.076408160311928,6.792752119503194
2025,Jaffarabad,39,0.0,0.0,0.0,621388.0,55.0,1.0,1643.0,0.2,845.0,602.0,59.0,0.4435718198409275,0.2851839031310532,0.4070324300431441,13.598588965348542,9.68798882501754,0.94948727687049,11.989288496076526,8.271804412058167,0.8368362440214487,0.0,0.0,0.0,0.0,0.0,0.0,0.5041242879856458,0.603494778024983,0.4652102663551131,0.0,0.2755073944113583,0.2642774667423947,0.0,0.0,0.0,0.0,0.0,0.0,0.5170636286171854,0.4538622167576515,0.2907475654660857,0.3065979992519771,0.2749895880949354,0.2065538527635357,8.271804412058167,8.290202472592327
2025,Jamshoro,39,0.0,29.6578,66.3616,1200463.0,33.0,2.0,11204.0,0.35,3334.0,1915.0,83.0,0.0,0.0,0.0,27.77261773165853,15.9521784511476,0.6913999015379899,26.814654012660117,14.93590389707971,1.191207059276296,0.0,9.7571,28.97,27.8343,73.5318,79.285,0.0,0.0,0.0,0.0,0.0,0.0,3.252366666666666,4.894279999999999,28.8207,29.62616,73.05946666666667,71.74328,0.0,0.0,0.0,0.0,0.0,0.0,14.93590389707971,16.976907838658118
2025,Jhal Magsi,39,0.0,0.0,0.0,180130.0,60.0,0.0,3615.0,0.2,375.0,350.0,10.0,0.7571539453328744,0.0976600571005173,0.7282348382521164,20.818297895964022,19.430411369566425,0.5551546105590407,11.43618497751624,14.04541164714373,0.4996391495031366,0.0,0.0,0.0,0.0,0.0,0.0,0.739042040078918,0.7635332733184071,0.728438962846388,0.4442044444296181,0.0980686652094734,0.1002638092066315,0.0,0.0,0.0,0.0,0.0,0.0,0.7532430862433999,0.7033901082189242,0.6336260818427075,0.6023647057470597,0.0986641771722073,0.0747128821619221,14.04541164714373,13.091748116127821
2025,Kachhi (Bolan),39,0.0,29.4372,43.7009,417079.0,0.0,0.0,0.0,0.0,33.0,82.0,29.0,0.0,0.0,0.0,0.7912170116452758,1.9660543925731095,0.6953119193246364,5.442613989196291,6.5934750970439655,0.6953119193246364,0.0,1.8143,29.2831,27.4738,46.7153,66.4015,0.0,0.0,0.0,0.0,0.0,0.0,0.6047666666666668,1.40858,28.73136666666667,29.076280000000004,52.272566666666656,54.45832,0.0,0.0,0.0,0.0,0.0,0.0,6.5934750970439655,2.04385774345398
2025,Kalat,39,0.0,21.9306,20.6621,498077.0,2000.0,0.0,7654.0,0.2,5.0,2.0,0.0,0.1562141699810928,0.0743970309695459,0.1035010881095327,0.1003860848824579,0.0401544339529831,0.0,0.2208493867414074,0.2208493867414074,0.0,0.0,0.0286,21.8425,23.2675,18.4266,46.9229,0.1715430807747693,0.1718200031336948,0.1445095516361985,0.1589288147115487,0.0782212039868629,0.0771043099457253,0.0095333333333333,0.50286,22.346866666666667,22.8862,28.670533333333328,31.60814,0.1665257512965189,0.1873251103059397,0.1356464848190932,0.1420955294021468,0.0765741816340447,0.0713673427651453,0.2208493867414074,1.2835975149889274
2025,Kamber,39,0.0,32.6678,53.6284,1621170.0,50.0,0.0,5599.0,0.2,4124.0,1780.0,185.0,0.0,0.0,0.0,25.4384179327276,10.97972451994547,1.141151143926917,19.9238821345078,9.542490917053732,0.1665463831677122,0.0,9.7286,30.8375,28.389,69.3457,81.5887,0.0,0.0,0.0,0.0,0.0,0.0,3.2428666666666666,2.285719999999999,30.631433333333334,32.04522,68.18759999999999,63.08642,0.0,0.0,0.0,0.0,0.0,0.0,9.542490917053732,12.172613827447309
2025,Karak,39,0.3571,29.7964,46.8238,853502.0,500.0,0.0,3372.0,0.2,373.0,679.0,7.0,0.5398867079976052,0.162153386679273,0.3804556117411436,4.370229946737091,7.955458803845802,0.0820150392149051,3.1985865293813016,7.486801436903487,0.0234328683471157,0.8857,0.2,29.9357,29.8336,53.6195,60.0725,0.3578969735697403,0.2524025745854928,0.2225585114093359,0.1649134177614828,0.1699156274130787,0.1496112844696998,0.4809333333333334,2.8657000000000004,29.85523333333333,29.08374,53.50526666666667,59.96276,0.3833954187176129,0.3846399656785043,0.2559758469706541,0.250595193033441,0.1605600995206838,0.1683733958876194,7.486801436903487,6.7183890210762485
2025,Kashmore,39,0.0,30.7027,60.0777,1316520.0,60.0,2.0,2592.0,0.35,1976.0,362.0,27.0,0.0,0.0,0.0,15.009266855042082,2.7496733813386807,0.2050861361771944,16.66514751010239,2.544587245161486,0.0227873484641327,0.0,2.8857,30.7822,28.8795,65.5775,76.4926,0.0,0.0,0.0,0.0,0.0,0.0,0.9619,0.9657199999999992,30.121466666666663,30.84248,67.38260000000001,67.57390000000001,0.0,0.0,0.0,0.0,0.0,0.0,2.544587245161486,3.2264357198242752
2025,Keamari,39,0.5,27.9835,78.6696,2215961.0,2.0,0.0,559.0,0.2,16.0,714.0,2.0,0.1668392455835917,0.1905545739540111,0.1789313938838621,0.072203436793337,3.2220783669026667,0.0090254295991671,0.0496398627954192,2.879112042134316,0.0,0.4714,14.2429,27.5177,26.9409,82.1035,85.6832,0.2763429160462721,0.1821908373588084,0.2319465124269844,0.1352111438238784,0.083295930543954,0.0178389154780897,5.071433333333334,5.988580000000001,27.4807,27.89532,82.1521,81.88116,0.2084576663295573,0.2401325860556168,0.1820296833782416,0.2369987903887188,0.0972298066586849,0.0673208021920929,2.879112042134316,2.834295505006522
2025,Kech (Turbat),39,0.0,0.0,0.0,1098914.0,0.0,0.0,0.0,0.0,573.0,601.0,1.0,0.0,0.0,0.0,5.214238784836666,5.469035793519785,0.0090998931672542,6.369925217077952,5.314337609676462,0.0,0.0,0.0,0.0,0.0,0.0,0.0,0.0,0.0,0.0,0.0,0.0,0.0,0.0,0.0,0.0,0.0,0.0,0.0,0.0,0.0,0.0,0.0,0.0,0.0,5.314337609676462,4.39974584620915
2025,Khairpur,39,0.0,31.8298,53.3914,2908676.0,53.0,2.0,15910.0,0.5,7173.0,3035.0,335.0,0.4096781881676365,0.1924128831128412,0.3957525199487699,24.660704733012544,10.434300692136215,1.1517267650298624,23.00015539716352,9.5919930580099,0.4641286963553176,0.0,8.7714,30.5587,28.5352,67.2348,77.9599,0.7482217263928532,0.6019249949430431,0.5735918504300784,0.0,0.1576272008757697,0.1527430411050763,2.9238,2.27142,30.307900000000004,31.68168,66.19536666666667,62.55238000000001,0.5866083031678443,0.4726082307632129,0.3231147901262828,0.2986008223206665,0.167594375031229,0.1267372393076502,9.5919930580099,10.282869150082178
2025,Kharan,39,0.0,31.8964,14.415,188592.0,700.0,0.0,14958.0,0.2,44.0,214.0,0.0,0.6425259603303164,0.0473658651475257,0.610839145448194,2.333078815644354,11.34724696699754,0.0,2.067956222957496,10.233732077712734,0.0,0.0,0.0,31.8943,32.9684,17.1644,37.5639,0.6429793066581485,0.6535629295227191,0.6264897075979372,0.6107844888442762,0.035863867661397,0.0340548082463187,0.0,0.00572,32.253033333333335,32.84096,23.047766666666664,23.79736,0.646356065503728,0.6512004559572979,0.6160377806301357,0.614708709945334,0.0390948470184138,0.0344880587521774,10.233732077712734,10.280933580553455
2025,Khuzdar,39,0.5143,27.9464,42.5644,969559.0,1237.0,0.0,35380.0,0.2,82.0,185.0,0.0,0.157048313670001,0.0996507821669327,0.0742340671909488,0.845745333703261,1.9080839845744304,0.0,0.5053844067251194,0.9179431060925636,0.0103139674841861,0.0,0.4857,27.8949,25.8243,33.6503,64.6882,0.1108406815881147,0.1088671306298113,0.0637087935472168,0.0682907051390344,0.1058819430955144,0.1106916872503519,0.3333333333333333,0.65428,27.221866666666667,27.62924,46.96763333333333,49.33194,0.1255853752959756,0.1506607838708666,0.0687445219590666,0.0745050751949763,0.1054081375042663,0.0953425359212125,0.9179431060925636,2.0162131855385823
2025,Khyber,39,0.0143,26.4034,51.4882,1193210.0,1000.0,0.0,2576.0,0.2,774.0,836.0,133.0,0.0824054831891752,0.2201349102590386,0.0200066045192833,6.486703933088056,7.006310708089942,1.1146403399234,4.978168134695485,5.422348119777743,0.0,1.2,0.2714,27.1716,28.1353,59.4637,62.8539,0.0595419321566855,0.088552949211783,0.0205381609837434,0.0273255926490229,0.1529009316421648,0.190456854868418,0.4952333333333333,2.78,27.236766666666668,26.639820000000004,57.93526666666666,64.10526,0.0768334548525479,0.0935699954169922,0.0226234527173498,0.0249129341736214,0.1878308989232071,0.1855031422343761,5.422348119777743,6.317629035117323
2025,Killa Abdullah,39,0.0,26.7204,13.2692,915157.0,1500.0,0.0,3553.0,0.2,23.0,250.0,13.0,0.0,0.0592634165393152,0.0,0.2513229970376667,2.7317717069311604,0.1420521287604203,0.0983437814495217,2.513229970376668,0.0218541736554492,0.0,0.0,26.2147,29.4275,13.1129,23.9032,0.5394291309759133,0.5800864720295196,0.4492431817214823,0.4670854323695803,0.0562996533233267,0.0559080327750599,0.0,0.0,27.4542,28.11128,16.761766666666666,15.9556,0.3731718676684776,0.3422503557368053,0.3054428713636876,0.2747428317713546,0.0571570342125672,0.0540178782339587,2.513229970376668,2.949561405850395
2025,Killa Saifullah,39,0.0,25.4793,16.5323,413453.0,1500.0,0.0,6831.0,0.2,264.0,267.0,10.0,0.5118562171037373,0.0620429712648292,0.4211079622682536,6.385248141868604,6.457807779844384,0.2418654599192653,4.643816830449894,3.1200644329585225,0.0,0.0,0.0286,25.6868,25.232,19.9387,56.8286,0.4628453720442898,0.5290781239079523,0.4249987248452371,0.4511642883212839,0.0647970101686513,0.0617435066382934,0.0095333333333333,0.0399999999999999,25.46603333333333,25.629520000000003,31.09986666666666,40.99964,0.5012599043519931,0.5239636944758207,0.4324236584782582,0.4371828201774793,0.0628611626905913,0.0596748018488251,3.1200644329585225,5.357283366097021
2025,Kohat,39,0.2,29.0796,48.1121,1200463.0,500.0,0.0,2545.0,0.65,428.0,865.0,18.0,0.0979321578416584,0.1634698882400941,0.0191406973564668,3.565291058533249,7.205553190727244,0.1499421473214917,2.8405706798127057,6.555803885667446,0.0249903578869153,1.0857,0.2286,29.2897,29.57,56.9021,61.4204,0.2076577102436439,0.0344183368631931,0.0056869420642777,0.0071439272212414,0.1814648221193915,0.1914305452614104,0.5047666666666667,2.86858,29.3131,28.71624,55.47820000000001,61.39258,0.1133360683161651,0.1330024915396679,0.0106571888806619,0.0391927178788888,0.1787884185402986,0.1905628349204668,6.555803885667446,6.68091462556331
2025,Kohistan Lower,39,0.2714,4.5184,64.9711,244203.0,1500.0,2.0,1200.0,0.2,1.0,120.0,0.0,0.0529727000996346,0.1345829402005384,0.0152219496732018,0.0409495378844649,4.913944546135797,0.0,0.2456972273067898,7.65756358439495,0.0409495378844649,0.6,1.2571,5.0579,7.9859,73.0253,70.8962,0.1525022045192345,0.0,0.0,0.0,0.1600538696896798,0.2217856031942564,0.7094999999999999,1.2200000000000002,5.854066666666667,6.450559999999999,69.63086666666666,73.88404,0.0684916348729563,0.0759038178550258,0.0050739832244006,0.0311003408783485,0.1721408043614915,0.1562814124567672,7.65756358439495,4.865983565910964
2025,Kohistan Upper,39,0.2714,4.5184,64.9711,369931.0,2500.0,2.0,4000.0,0.2,78.0,395.0,7.0,0.0529727000996346,0.1345829402005384,0.0152219496732018,2.108501315110115,10.677666916262762,0.1892244769970616,1.297539270836994,6.352536013472783,0.0,0.6,1.2571,5.0579,7.9859,73.0253,70.8962,0.1525022045192345,0.0,0.0,0.0,0.1600538696896798,0.2217856031942564,0.7094999999999999,1.2200000000000002,5.854066666666667,6.450559999999999,69.63086666666666,73.88404,0.0684916348729563,0.0759038178550258,0.0050739832244006,0.0311003408783485,0.1721408043614915,0.1562814124567672,6.352536013472783,10.027511189707601
2025,Kohlu,39,0.0,27.2047,53.3399,258710.0,1000.0,0.0,7610.0,0.2,90.0,164.0,3.0,0.1649531324043288,0.106223611711823,0.141657645023713,3.47879865486452,6.339144215530904,0.1159599551621506,3.6334119284140542,6.377797533918288,1.0049862780719725,0.1429,0.2714,27.4633,26.4202,55.4864,62.9397,0.1732331734363429,0.1831846799464768,0.1466229696010905,0.1547660299748983,0.1155146761027877,0.1132446010693528,0.1381,0.6143,27.0294,26.77058,57.25533333333334,62.17128,0.1737903285957161,0.1801477832420721,0.1476822148665672,0.1626588552616616,0.1116609629613211,0.103633220863904,6.377797533918288,6.1206391527368655
2025,Kolai Palas,39,0.2714,4.5184,64.9711,331246.0,0.0,0.0,0.0,0.0,12.0,116.0,4.0,0.0,0.0,0.0,0.3622685255067231,3.501929079898324,0.1207561751689077,0.0,1.6000193209880271,0.0,0.6,1.2571,5.0579,7.9859,73.0253,70.8962,0.0,0.0,0.0,0.0,0.0,0.0,0.7094999999999999,1.2200000000000004,5.854066666666667,6.450559999999999,69.63086666666666,73.88404,0.0,0.0,0.0,0.0,0.0,0.0,1.6000193209880271,2.89412173065004
2025,Korangi,39,0.3714,28.0698,78.3287,2970331.0,8.0,0.0,95.0,0.2,109.0,397.0,0.0,0.0103164000502403,0.1000591574589211,0.0,0.3669624698392199,1.3365513809740397,0.0,0.3871622388211954,1.2995184711737513,0.0,0.4143,17.8143,27.4145,26.8835,82.9867,86.3352,0.0,0.0247205380285228,0.0,0.0,0.0,0.0,6.199999999999999,6.882859999999999,27.45593333333333,27.935880000000004,82.5502,81.83308,0.0116789793595876,0.0126354491373502,0.0,0.0,0.033353052486307,0.0211206366486605,1.2995184711737513,1.2305198926371856
2025,L & C Kurram,39,0.5286,15.0762,66.3635,604463.0,0.0,0.0,0.0,0.0,15.0,37.0,0.0,0.0,0.0,0.0,0.24815414673851,0.6121135619549914,0.0,0.0165436097825673,0.2812413663036447,0.0,1.0571,0.7286,15.9958,16.9485,75.5352,78.4512,0.0,0.0,0.0,0.0,0.0,0.0,0.7714333333333333,1.98858,16.006833333333333,16.38426,73.44996666666667,77.12432000000001,0.0,0.0,0.0,0.0,0.0,0.0,0.2812413663036447,0.6800973298776327
2025,Lakki Marwat,39,0.3714,29.5992,59.0626,1059019.0,250.0,1.0,3164.0,0.2,1184.0,965.0,14.0,0.8199553584295064,0.1175974324175546,0.72766512761368,11.18015824078699,9.112206674290071,0.1321978170363326,9.197190985242004,9.461586619314668,0.1321978170363326,2.2286,0.1,31.4123,31.3927,57.6717,61.8723,0.7555255179305601,0.7209248645944628,0.6720547986827676,0.5446983982262374,0.119484132744309,0.0989564105534893,0.8999999999999994,3.00572,30.8014,30.41338,59.53553333333334,62.593720000000005,0.7654685803181764,0.74504669767091,0.6481394415075616,0.6283613670826467,0.1120126585717843,0.1023480131046954,9.461586619314668,8.806422672934435
2025,Larkana,39,0.0,32.4664,52.8564,1842403.0,48.0,2.0,1906.0,0.5,6906.0,1765.0,22.0,0.3357276405553284,0.2753809749294348,0.2268331115467696,37.48365585596637,9.579880189079152,0.119409271478607,29.8957394229167,7.604199515524018,0.0705600240555405,0.0,6.8286,31.1973,28.6967,66.2391,78.3998,0.3494118725283331,0.5658799094404106,0.3343044801498437,0.0055568639682246,0.2590468593968497,0.2459689286155736,2.2762,2.03428,30.7868,32.15184,65.83176666666667,61.47124,0.4170064741746906,0.3997366992468559,0.1888981518882793,0.2573970087893267,0.2601322543139527,0.2455900600501017,7.604199515524018,9.669854204882334
2025,Lasbella,39,0.9286,26.274,85.9094,697550.0,0.0,0.0,0.0,0.0,460.0,514.0,7.0,0.0,0.0,0.0,6.594509354168159,7.3686474087879,0.1003512293025589,7.798724105798867,5.820371299548419,0.0573435596014622,1.7857,14.2143,26.166,26.0365,87.159,87.4427,0.0,0.0,0.0,0.0,0.0,0.0,5.6428666666666665,6.0143,26.15883333333333,26.63664,86.83703333333334,86.1801,0.0,0.0,0.0,0.0,0.0,0.0,5.820371299548419,7.143920105482307
2025,Loralai,39,0.0,25.4594,30.8717,479944.0,1400.0,0.0,3785.0,0.2,56.0,262.0,0.0,0.2128409372347383,0.0919030505019803,0.1909159052333085,1.1668027936592602,5.458970213191538,0.0,1.083459736969313,5.104762222259264,0.0416715283449735,0.0,0.0857,25.4165,24.5094,36.0449,64.7079,0.2186016729512445,0.2202577840058761,0.188227935372179,0.206173043725804,0.0969116420640914,0.0967230276238896,0.0285666666666666,0.20858,25.128433333333334,25.35624,43.87483333333333,51.42587999999999,0.2172334647306196,0.2344867455009926,0.1951056281104305,0.2010304531925423,0.0951792400633204,0.0872181358631466,5.104762222259264,5.261026816713989
2025,Malakand,39,0.9714,26.4165,54.5215,870427.0,700.0,1.0,952.0,0.2,101.0,1532.0,6.0,0.0,0.3071425011226087,0.0,1.1603500350977165,17.600556968016846,0.0689316852533297,1.1029069640532752,12.005601848288254,0.0,5.8857,0.9286,26.0849,27.2358,65.9642,69.9752,0.0064308215645234,0.0,0.0,0.0,0.2855624997156814,0.2607826352001889,2.5952333333333333,4.03714,26.579066666666662,26.3291,63.48696666666667,68.29166000000001,0.0021436071881744,0.0207159110441854,0.0,4.348912388174e-05,0.284495878679493,0.303266077672725,12.005601848288254,15.519691296624107
2025,Malir,39,0.0571,27.9208,78.8545,2428732.0,20.0,0.0,2268.0,0.75,187.0,1660.0,42.0,0.2072100403099,0.1790643911217562,0.0,0.7699490927776305,6.834842213961853,0.1729297427628902,0.5887846003593645,5.257887654957401,0.0082347496553757,0.4429,17.0857,27.2035,26.6916,83.736,86.8396,0.0,0.2445329111944963,0.0,0.0,0.1162016071925066,0.1107972477825746,5.8619,6.42286,27.271966666666668,27.9409,83.14336666666667,81.5008,0.1505809838347987,0.1704008441905427,0.0,0.0,0.1353544153656124,0.100789957298518,5.257887654957401,6.348551846963176
2025,Mansehra,39,0.5571,22.8722,63.2341,1881089.0,1000.0,0.0,4579.0,0.2,16.0,1142.0,31.0,0.1034890604483011,0.1387265863988327,0.0290762815437611,0.0850571131934746,6.070951454184252,0.1647981568123571,0.1275856697902119,4.189062824778626,0.2392231308566474,1.5714,2.0571,23.207,23.8421,72.6392,79.2301,0.1085971463713995,0.0,0.0,0.0,0.2681422008533182,0.3754306571516964,1.3952,5.86284,23.3071,23.082,71.70113333333335,76.19388000000001,0.0706954022732335,0.0837157325838653,0.0096920938479203,0.0174128983513376,0.2607664814679491,0.1943994033558368,4.189062824778626,5.131963527487329
2025,Mardan,39,1.5429,26.1005,73.086,2868781.0,300.0,0.0,1632.0,0.65,432.0,1452.0,19.0,0.0525676902022462,0.292649649150519,0.000744088870473,1.505866080401397,5.061383214682474,0.0662302211287651,1.3385476270234635,4.447882218963385,0.1115456355852886,2.6143,0.4286,27.2948,28.6136,74.5329,75.9501,0.0165549454240381,0.0,0.0,0.0,0.2842313561961475,0.3058669384422387,1.5286,5.33716,27.3363,27.30704,74.52300000000001,76.7714,0.0230408785420948,0.0354827120999164,0.0002480296234909,0.0009489001266394,0.2942493145963017,0.3226556703021024,4.447882218963385,4.246658115181157
2025,Mastung,39,0.0,23.9161,17.6893,321574.0,1700.0,0.0,3308.0,0.2,86.0,177.0,2.0,0.0908779844398142,0.0691784570202694,0.0067117687327186,2.6743455627631585,5.504176332663711,0.0621940828549571,1.492657988518972,3.109704142747859,0.0,0.0,0.0,23.3402,23.9959,18.6759,57.4386,0.2347873080421637,0.2343684698493834,0.2066991278292042,0.2147700308315402,0.0707928463094036,0.0712752759593097,0.0,0.02858,23.750733333333333,24.31206,31.26793333333333,35.563460000000006,0.1866779207771204,0.2029326451879446,0.1427269757978209,0.1333545059599422,0.0704155264296609,0.0677067179812196,3.109704142747859,5.77995458729462
2025,Matiari,39,0.0,30.1148,63.9783,930873.0,25.0,2.0,1417.0,0.2,4089.0,1515.0,62.0,0.0,0.0,0.0,43.92650769761288,16.27504503836721,0.6660414471146976,34.20445109053544,13.009293426708046,0.6552988431289768,0.0,13.8714,29.0883,27.5412,73.1031,81.2152,0.0,0.0,0.0,0.0,0.0,0.0,4.6238,5.55714,28.91476666666667,29.76708,72.76553333333332,71.44255999999999,0.0,0.0,0.0,0.0,0.0,0.0,13.009293426708046,17.68898271664246
2025,Mirpurkhas,39,0.0143,29.6438,65.9514,1820642.0,16.0,0.0,2925.0,0.5,6566.0,2999.0,114.0,0.0,0.0,0.0,36.06420152891123,16.47221145068608,0.6261527527103077,32.790630997197695,13.692972039533307,0.1537919041744615,0.0143,7.3714,28.8039,27.561,74.3047,81.0322,0.0,0.0,0.0,0.0,0.0,0.0,2.4666666666666663,5.371420000000001,28.669566666666668,29.354840000000003,73.76276666666666,73.71404,0.0,0.0,0.0,0.0,0.0,0.0,13.692972039533307,16.56572016174303
2025,Mohmand,39,0.9714,26.4165,54.5215,563359.0,600.0,0.0,2296.0,0.2,391.0,132.0,5.0,0.0,0.170908431869567,0.0,6.940512177847518,2.343088510168472,0.0887533526578966,5.254198477347481,2.076828452194781,0.0177506705315793,5.8857,0.9286,26.0849,27.2358,65.9642,69.9752,0.1039993702389834,0.697029377974725,0.2345861370972153,0.503419224246403,0.1390146321022482,0.1507002798150584,2.5952333333333333,4.03714,26.579066666666677,26.3291,63.48696666666667,68.29166000000001,0.2670095827379028,0.3638407941612913,0.2460017871145394,0.245389393597435,0.1535411145956245,0.1555550114494505,2.076828452194781,2.5586974454036113
2025,Naseerabad,39,0.0,33.592,47.5181,592374.0,0.0,0.0,0.0,0.0,154.0,334.0,60.0,0.0,0.0,0.0,2.5997089676454403,5.638329838919331,1.0128736237579636,2.059509701641193,4.709862350474531,1.5868353438874765,0.0,5.1429,33.1096,29.3757,56.4138,75.1884,0.0,0.0,0.0,0.0,0.0,0.0,1.7143,1.6400200000000005,32.02576666666667,32.72,59.70676666666666,59.05038,0.0,0.0,0.0,0.0,0.0,0.0,4.709862350474531,5.062984778761484
2025,Naushero Feroze,39,0.0,31.0548,59.9504,1948788.0,38.0,2.0,2945.0,0.2,1773.0,1431.0,184.0,0.1522640056556422,0.189706642472445,0.108758290661996,9.097962425877006,7.343025511240833,0.9441765856522104,10.64251216653633,6.850411640465766,0.1077592842320457,0.0,14.3143,29.9935,28.1292,72.0366,79.5362,0.2477131310579594,0.3113146100078034,0.2200912433976409,0.0,0.2679230223392875,0.2779585088958626,4.771433333333333,3.8914399999999993,29.725833333333338,31.04076,70.50773333333332,66.33094,0.237097248907135,0.1948213632557619,0.1096165113532123,0.0858941509983374,0.2451960579025317,0.234372799594539,6.850411640465766,7.510278847394442
2025,North Waziristan,39,1.1714,13.5166,59.2119,656447.0,1000.0,1.0,4707.0,0.2,80.0,35.0,19.0,0.0926469144829887,0.147875267856171,0.071194975632643,1.218681782383041,0.5331732797925803,0.2894369233159722,1.416717572020285,0.6398079357510964,0.2132693119170321,0.3571,0.9143,13.7648,15.0259,71.5011,75.4609,0.1729472187333878,0.0903725976820566,0.0597248210478688,0.0642522116060471,0.1482017558831095,0.1176347133692644,0.8142666666666664,1.96856,14.102433333333332,14.34496,68.72463333333333,73.6274,0.1186555769661443,0.1353391998089038,0.0650573360955196,0.0854808015133093,0.1379039123695149,0.1374713075473855,0.6398079357510964,0.9921102057537468
2025,Nowshera,39,0.5857,28.696,61.682,1835149.0,280.0,2.0,1748.0,0.65,861.0,2762.0,18.0,0.4262936989097818,0.2009276821583716,0.1728275566740285,4.6917171303256575,15.050549028988929,0.0980846786827663,4.02692097480913,12.58208461547264,0.0762880834199293,1.4857,1.1,29.0448,29.699,67.9318,70.8899,0.1338206010626091,0.0,0.0,0.0,0.2051678686265625,0.2484976721195763,1.0571333333333337,5.19142,29.146600000000003,28.741660000000003,66.83456666666666,70.87701999999999,0.1867047666574636,0.2114184046184702,0.0576091855580095,0.0854575201026008,0.2181977409681701,0.241437979691769,12.58208461547264,14.061414759752385
2025,Orakzai,39,0.6714,24.8439,52.8297,307067.0,1200.0,0.0,1538.0,0.2,21.0,109.0,0.0,0.1145439790209846,0.2940230332387977,0.0227042221211399,0.6838898351174174,3.549713906085642,0.0,1.628309131231946,2.6704269752203915,0.0,1.3,0.3571,25.6537,26.6543,60.7526,61.7902,0.0237215532863183,0.1206363821341003,0.0227043648159336,0.0332732859186586,0.2510134012273007,0.2189879307542191,0.7761666666666661,3.30856,25.7173,25.32756,58.4575,64.62176000000001,0.0863006381471344,0.0851517322102994,0.0262272909519107,0.0207357559528797,0.2546747884067725,0.2619397468300716,2.6704269752203915,3.299111241859884
2025,Panjgur,39,0.0,28.7412,40.1992,382021.0,900.0,0.0,16891.0,0.2,257.0,102.0,0.0,0.3529170664919733,0.0495432775936419,0.3549126917054422,6.727378861371495,2.6700102873925777,0.0,3.952662288198817,2.4344211443873505,0.0,0.0,0.2571,28.8135,27.3918,38.0776,59.2945,0.4549620610090441,0.3944921656044941,0.3886754307880924,0.326648489443135,0.0371169265409247,0.0392048465189892,0.0857,0.05142,28.315500000000004,29.40514,45.8571,46.0613,0.4007904310351705,0.3872106830738969,0.3567455373122232,0.343630362935088,0.0419550168845186,0.0385041717138645,2.4344211443873505,3.1411817616918185
2025,Peshawar,39,0.3,28.5564,64.0743,5160904.0,330.0,0.0,1257.0,0.75,81.0,5047.0,125.0,0.0,0.1935038876625177,0.0,0.1569492476511866,9.779294480191842,0.2422056290913375,0.1259469271274955,8.746529677746379,0.2092656635349156,0.6429,0.0714,29.6374,30.0722,61.3572,66.6531,0.0405351887844317,0.0,0.0,0.0,0.1892586574797596,0.2361670187920145,0.3381,2.56286,29.422,28.60012,64.02819999999998,70.31738,0.0135117295948105,0.0334910954188473,0.0,0.0075845219309201,0.2063098546447639,0.2244375060349666,8.746529677746379,9.351812091214631
2025,Pishin,39,0.0,24.1307,16.6026,889769.0,1550.0,0.0,6218.0,0.2,47.0,460.0,8.0,0.5467544350383642,0.0604085577746621,0.3363218841951938,0.5282269892522666,5.169881171405163,0.0899109768940028,0.3484050354642609,4.675370798488147,0.0,0.0,0.0,23.8313,26.4188,17.7026,41.7497,0.3907393131328427,0.5105934105855237,0.3702468102657391,0.395016779629131,0.0596015193226175,0.0578166451075216,0.0,0.0,24.7936,25.485000000000003,25.351633333333336,28.4432,0.4826957195855767,0.5056443053733497,0.3671951580300213,0.387736517838413,0.059275574068267,0.0566188497946989,4.675370798488147,4.7494122753894334
2025,Quetta,39,0.0,24.1212,18.1929,2751515.0,1680.0,0.0,3447.0,0.75,26.0,540.0,0.0,0.0,0.0625631243171645,0.0,0.0944933972738654,1.962555174149514,0.0,0.0508810600705429,1.7299560423984603,0.0,0.0,0.1429,23.4944,24.6757,20.1374,55.8224,0.3395019760797489,0.3495285911532334,0.3077539074308742,0.3182466256109312,0.0615907690941005,0.0608504691886401,0.0476333333333333,0.06,24.0971,24.65478,31.384233333333334,36.02538,0.2296768557443274,0.2144782544855097,0.2086668443472684,0.1869621922824924,0.061668120866635,0.0587083680958311,1.7299560423984603,1.9349209684710624
2025,Shaheed Benazirabad,39,0.0,30.3659,64.1912,1949997.0,30.0,2.0,4502.0,0.5,2746.0,1783.0,143.0,0.1519153499293685,0.0,0.1283918290356101,14.082072946778892,9.143603810672529,0.7333344615401972,12.923096804764317,8.071807289959933,0.24102601183489,0.0,17.3429,29.671,27.9248,72.8371,79.8123,0.3767186341191571,0.4031889294814302,0.3453506726958863,0.0,0.2488157563363458,0.2618043286004781,5.780966666666667,5.10574,29.320566666666668,30.45746,72.2802,69.26964,0.3106076378433186,0.2637858099017217,0.1579141672438322,0.1532192728553866,0.1702066949789412,0.1486977857395208,8.071807289959933,9.438338074034176
2025,Shangla,39,0.7286,17.9982,57.2778,915157.0,2000.0,2.0,1586.0,0.35,1127.0,1230.0,2.0,0.0066366657781386,0.3850404799780627,0.0026789411300799,12.314826854845672,13.44031679810131,0.0218541736554492,8.249950554932104,12.008868423669382,0.0546354341386232,2.5714,3.3143,17.4869,18.1631,68.5831,80.1396,0.0051685619028205,0.0,0.0,0.0,0.2296199790637229,0.3356447943149762,2.2047666666666665,4.00572,17.882733333333334,17.72332,68.66683333333334,73.79522,0.003935075893653,0.0184488623066071,0.0008929803766933,0.0016292004002441,0.3167684177855872,0.3415126730987085,12.008868423669382,13.928561304435808
2025,Shikarpur,39,0.0,32.7686,49.3546,1488188.0,52.0,1.0,2512.0,0.35,1718.0,907.0,163.0,0.2160914085888832,0.3439287191702072,0.1917307486853593,11.544240378231782,6.09466008326905,1.0952917238950992,8.9773603872629,4.959050872604806,0.6047623015371714,0.0,1.7143,32.2635,29.4995,58.4509,72.7346,0.3246725552513085,0.3506714468826749,0.2840896260167422,0.0,0.3435694081895546,0.3186464018479679,0.5714333333333332,0.68286,31.510533333333345,32.14982,60.18003333333333,60.37411999999999,0.2971451369076222,0.2953292317153937,0.1586067915673671,0.2008463641672905,0.3353815097359098,0.2506283846714475,4.959050872604806,7.069013902272184
2025,Sibi,39,0.0,33.2123,46.3164,163205.0,130.0,0.0,7121.0,0.2,228.0,542.0,2.0,0.1940538302470313,0.1034736023589088,0.13490126223298,13.970160227934194,33.20976685763304,0.1225452651573174,15.379430777243345,25.734505683036677,0.1225452651573174,0.0,1.7857,33.7102,31.3358,49.0047,62.8993,0.1566120635826203,0.1992521051294784,0.1366188115672351,0.1458297917647356,0.1154455222654272,0.1084596037825124,0.5952333333333334,1.3142800000000003,32.752766666666666,33.07484,52.740133333333326,54.41591999999999,0.1833059996530433,0.1977361449091753,0.1391166218549835,0.1326404235250679,0.1091262428022828,0.099532354455627,25.734505683036677,19.809912598974755
2025,Sohbat pur,39,0.0,33.0648,48.8492,241785.0,0.0,0.0,0.0,0.0,97.0,240.0,14.0,0.0,0.0,0.0,4.011828690778998,9.926174080277931,0.5790268213495461,4.549496453460719,12.407717600347416,0.5376677626817213,0.0,2.6857,32.9116,29.6723,56.7961,72.9825,0.0,0.0,0.0,0.0,0.0,0.0,0.8952333333333345,1.0485600000000008,31.8829,32.3252,59.5426,60.73848,0.0,0.0,0.0,0.0,0.0,0.0,12.407717600347416,11.103227338263753
2025,South,39,0.7857,27.0286,82.9566,2166395.0,4.0,0.0,122.0,0.95,6.0,100.0,0.0,0.0139259799643057,0.0950809768426856,0.0,0.0276957803170705,0.4615963386178421,0.0,0.0276957803170705,0.3877409244389873,0.0,1.1286,10.1429,26.8777,26.2804,84.4227,87.2259,0.0,0.0354597918267915,0.0,0.0,0.0,0.0,4.019066666666666,5.420019999999999,26.7289,27.342420000000004,84.8684,83.71133999999999,0.0164619239303657,0.0298867944191862,0.0,0.0,0.0316936589475618,0.0125715190604219,0.3877409244389873,3.3984408227055525
2025,South Waziristan (Lower),39,0.0,26.5262,48.3966,820861.0,0.0,0.0,0.0,0.0,66.0,78.0,16.0,0.0,0.0,0.0,0.8040338132765473,0.9502217793268288,0.1949172880670417,0.6943928387388364,1.6202499570572848,0.0243646610083802,0.3,0.2143,27.1798,27.0096,56.7394,64.0144,0.0,0.0,0.0,0.0,0.0,0.0,0.1714333333333334,0.91428,26.9052,26.6707,56.38346666666666,61.20408000000001,0.0,0.0,0.0,0.0,0.0,0.0,1.6202499570572848,1.1392021151136023
2025,Sukkur,39,0.0,31.6571,53.714,1798882.0,65.0,2.0,5165.0,0.75,3164.0,1381.0,100.0,0.4337621394738937,0.1553751960796607,0.4123992150745258,17.588702316216406,7.676990486313166,0.5559008317388244,16.037738995665084,7.349008995587259,0.3502175239954594,0.0,6.5143,31.1324,28.8152,63.1637,75.9727,0.641163334458657,0.52529881159697,0.4664155828075848,0.0,0.156515185463248,0.1437250781582944,2.1714333333333333,1.6314200000000008,30.534900000000004,31.52332,64.28346666666667,62.89037999999999,0.5334080951765069,0.4302670496773072,0.2929382659607035,0.2789762456608077,0.151871819900401,0.1135672591149688,7.349008995587259,8.367039753405832
2025,Swabi,39,0.6,25.8313,72.5947,1963296.0,340.0,2.0,1543.0,0.65,175.0,1467.0,64.0,0.2054877665003789,0.2730235332145915,0.1260391154554484,0.8913582057927077,7.472128502273727,0.3259824295470474,0.8709843039460172,6.886378824181377,0.2852346258536665,6.8429,0.8714,26.8069,28.1613,75.9852,77.2495,0.1378339549737159,0.0,0.0,0.0,0.2680783608887374,0.3149706758337373,2.771433333333333,7.53716,26.933166666666665,26.95056,75.27646666666668,76.96294,0.1144405738246982,0.1060845959976027,0.0420130384851494,0.0446675843045608,0.2853575233123553,0.2982981511572634,6.886378824181377,7.285999286404102
2025,Swat,39,0.3571,23.159,65.3212,2791410.0,980.0,1.0,5337.0,0.35,111.0,3271.0,35.0,0.1348044689989863,0.2297901213136254,0.0432355758884076,0.3976485002203187,11.71809229027624,0.125384662231632,0.5122859056892395,9.482662883632289,0.3367473785649546,8.8286,1.6,23.3846,24.5581,74.2828,80.1007,0.0756668085144372,0.0,0.0,0.0,0.1729474159136851,0.2753643526027702,3.595233333333334,5.6371400000000005,23.700566666666663,23.75858,73.2349,76.71423999999999,0.0701570925044745,0.1020469444804383,0.0144118586294692,0.0269232047439473,0.2260339632766936,0.2297502542290113,9.482662883632289,11.670784403926376
2025,Tando Allahyar,39,0.0286,29.484,66.918,1011871.0,18.0,0.0,2343.0,0.2,5058.0,1085.0,31.0,0.0,0.0,0.0,49.98660896497676,10.72271070126528,0.3063631628932937,36.80311027789116,13.084671860345834,2.0259499481653296,0.0,10.9571,28.4816,27.2429,75.9561,83.1094,0.0,0.0,0.0,0.0,0.0,0.0,3.6619,5.59144,28.402833333333334,29.16214,75.32783333333333,74.56222,0.0,0.0,0.0,0.0,0.0,0.0,13.084671860345834,11.060376223368051
2025,Tando Muhammad Khan,39,0.0,29.1892,69.4328,818443.0,14.0,2.0,1733.0,0.2,2831.0,1375.0,104.0,0.0,0.0,0.0,34.59006919235671,16.80019256075255,1.270705473686011,25.52407437048151,15.749416880589118,0.6597893805677365,0.0429,12.5714,28.5076,27.2002,75.8615,83.3366,0.0,0.0,0.0,0.0,0.0,0.0,4.204766666666667,5.68858,28.299000000000003,28.94186,76.2103,75.85114,0.0,0.0,0.0,0.0,0.0,0.0,15.749416880589118,17.356417117909093
2025,Tank,39,0.0,30.2904,54.7517,472690.0,250.0,0.0,1679.0,0.2,334.0,665.0,1.0,0.5169754243545731,0.1515922130374327,0.4918714306073571,7.065941737713935,14.068416932873554,0.0211555141847722,8.737227358310944,13.94148384776492,0.0,0.6286,0.1714,31.4267,30.9931,58.0939,65.0947,0.5813872420763891,0.5159534662221917,0.4929289097078452,0.0,0.1517556006270748,0.1316834388895097,0.2666666666666666,3.1257200000000003,30.9034,30.505360000000003,59.31343333333333,62.91482,0.5381053775510513,0.4266295369130619,0.3282667801050674,0.2946277007559096,0.1450104175180057,0.1412264955842221,13.94148384776492,11.606324338499805
2025,Tharparkar,39,0.0,29.9611,62.2472,1994728.0,56.0,0.0,19638.0,0.35,4282.0,2203.0,0.0,0.1760082283204592,0.0,0.1047042804120089,21.4665859204864,11.04411227997,0.0,17.801925876610746,9.635398911530794,0.1905021637035224,0.0714,5.6429,28.9123,27.1492,72.8259,83.1617,0.1776658037030579,0.1432053721946085,0.1163711478791099,0.0210042452630053,0.2218203092913981,0.290747753996453,1.9047666666666652,6.95714,28.674200000000003,28.922799999999995,72.74493333333334,75.18625999999999,0.1656264680727085,0.2032086216049478,0.0806932245180413,0.1115107187828953,0.1708560210959503,0.1405896129635895,9.635398911530794,10.193148207225152
2025,Thatta,39,0.1286,28.2855,76.4434,1184747.0,10.0,2.0,17355.0,0.35,1883.0,1056.0,82.0,0.3970128333226922,0.0041030610684881,0.5632973013586993,15.8936886947171,8.913295412438266,0.6921308937688806,11.833750159316716,9.436613893092789,0.9284682721289862,0.0857,15.1429,27.9843,27.0512,78.7473,83.596,0.6636853560442284,0.5101529368824379,0.6329723992951138,0.0,0.1327574090111197,0.1447552394757582,5.119066666666668,6.894299999999999,27.773666666666667,28.25236,79.59556666666666,79.65669999999999,0.5236170420831195,0.4313423848309008,0.3987565668846044,0.3753095338537952,0.093871903185122,0.0448646619725342,9.436613893092789,9.271763169365554
2025,Tor Ghar,39,0.6143,25.8951,71.0508,206726.0,0.0,0.0,0.0,0.0,102.0,109.0,26.0,0.0,0.0,0.0,4.93406731615762,5.272679779031182,1.2577034335303736,4.35358880837437,4.2084691814285575,0.0,5.2857,0.7714,26.7525,27.679,76.3553,77.0435,0.0,0.0,0.0,0.0,0.0,0.0,2.2238000000000007,4.44858,26.77553333333333,26.63014,74.81653333333333,77.36628,0.0,0.0,0.0,0.0,0.0,0.0,4.2084691814285575,5.170578529674113
2025,Umerkot,39,0.0,29.9687,62.0819,1297177.0,12.0,0.0,5608.0,0.35,3362.0,1788.0,0.0,0.0,0.0,0.0,25.917820004517505,13.783778158262132,0.0,23.57426935568546,13.005164291380437,0.33919812022569,0.0286,1.8714,29.0152,27.9872,71.7523,77.3007,0.2663372436255275,0.1810185491519441,0.1745340655947417,0.0,0.2286136586563526,0.2523678971642779,0.6333333333333333,4.72,28.990366666666663,29.43422,70.37830000000001,71.87174,0.1491185975924905,0.1684390599459679,0.0581780218649138,0.0974650501985476,0.1603271852735435,0.1302359242333227,13.005164291380437,13.092558576047665
2025,Upper Kurram,39,0.5286,15.0762,66.3635,748325.0,0.0,0.0,0.0,0.0,27.0,212.0,10.0,0.0,0.0,0.0,0.3608057996191494,2.832993685898507,0.133631777636722,0.2405371997460996,1.951023953496141,0.0133631777636722,1.0571,0.7286,15.9958,16.9485,75.5352,78.4512,0.0,0.0,0.0,0.0,0.0,0.0,0.771433333333333,1.98858,16.006833333333336,16.38426,73.44996666666667,77.12432000000001,0.0,0.0,0.0,0.0,0.0,0.0,1.951023953496141,2.257086797946057
2025,Usta Muhammad,39,0.0,31.1695,60.8593,314321.0,0.0,0.0,0.0,0.0,192.0,707.0,31.0,0.0,0.0,0.0,6.108405101790844,22.492929202948577,0.98625290705998,5.440298293782471,25.960721682611087,0.5090337584825704,0.0,7.3571,30.7392,28.7627,70.6847,79.5734,0.0,0.0,0.0,0.0,0.0,0.0,2.452366666666667,1.67714,30.2238,31.16572,70.37246666666668,68.26562,0.0,0.0,0.0,0.0,0.0,0.0,25.960721682611087,18.739786365296556
2025,West,39,0.3714,27.9525,78.8954,4732945.0,15.0,0.0,929.0,0.75,387.0,799.0,71.0,0.1668392455835917,0.1905545739540111,0.1789313938838621,0.8176727175152047,1.6881666700120117,0.1500123073477507,0.6359676691784925,1.694505218209804,0.0443698373845459,0.6857,11.6,27.5174,26.9064,81.9526,85.6258,0.2763429160462721,0.1821908373588084,0.2319465124269844,0.1352111438238784,0.083295930543954,0.0178389154780897,4.219033333333333,5.69428,27.458766666666666,27.94084,82.15793333333333,81.4968,0.2084576663295573,0.2401325860556168,0.1820296833782416,0.2369987903887188,0.0972298066586849,0.0673208021920929,1.694505218209804,1.944187788011937
2025,Zhob,39,0.0,25.7646,40.6245,374767.0,1400.0,0.0,20297.0,0.2,43.0,51.0,0.0,0.3988874354328461,0.0667700717324385,0.3787925108288947,1.147379571840637,1.360845538694709,0.0,1.254112555267673,2.027926685113684,0.0,0.0,1.1429,26.2599,26.4917,45.7482,56.1172,0.51911825884085,0.4164869634468272,0.3898290515291134,0.4544119341153332,0.0684246817666673,0.0650081816878449,0.3809666666666667,0.41144,26.172066666666662,26.4429,47.49663333333333,50.75288,0.4448308859068411,0.4860967658045946,0.4076778321577803,0.4142164790833119,0.0667343117289835,0.0561050895371897,2.027926685113684,2.7964746602739874
2025,Abbottabad,40,2.6714,21.4087,58.7859,1611498.0,1256.0,0.0,1967.0,0.75,3.0,1035.0,9.0,0.1072280691064263,0.0,0.0039321274809058,0.0186162191948112,6.422595622209895,0.0558486575844338,1.2410812796540858,5.7462063247984165,0.0744648767792451,0.4714,1.8571,23.77,23.2765,57.4104,71.7492,0.0023610071676471,0.0938594588477172,0.0036177416464685,0.0,0.0,0.3225836082923744,1.6666333333333334,2.47712,22.8184,22.81592,62.648500000000006,70.11618,0.0678161783739302,0.0407150474296816,0.0025166230424581,0.0015099738254748,0.1075278694307914,0.1373267859041336,5.7462063247984165,6.227797249647615
2025,Badin,40,3.6857,28.435,78.2997,2182111.0,9.0,1.0,6726.0,0.35,4327.0,2354.0,252.0,0.2744305737194578,0.2684140945008034,0.1758560141940895,19.829422059647744,10.78771886489734,1.154845010175926,23.587251061013852,11.103926427207416,0.4353582379631466,0.0143,0.0429,28.73,28.3002,71.7396,76.7926,0.1962580129945419,0.2645034045841233,0.1781014068788541,0.2582382820063673,0.0,0.084115666028801,1.2476333333333334,4.8343,28.4884,28.383,75.61063333333333,76.9275,0.2450639970993743,0.2202797423221626,0.2040652343597702,0.1224391406158621,0.1175099201765347,0.1158447216008281,11.103926427207416,10.184482705716334
2025,Bajaur,40,1.7143,19.9884,52.1313,1321356.0,900.0,0.0,1290.0,0.2,341.0,561.0,3.0,0.0190382584312023,0.2463425467234845,0.0,2.580682268820817,4.245638571285861,0.0227039495790687,2.1568752100115334,4.238070588092838,0.0227039495790687,0.0286,1.0429,22.7732,22.8006,46.9179,59.1479,0.0,0.0137901615452067,0.0,0.0,0.2563553234397718,0.1932897635594327,0.9286,1.13146,21.854066666666668,22.40488,52.73236666666668,59.03718,0.010942806658803,0.0338055609678759,0.0,0.0010878714247145,0.2319958779075629,0.2361005182974117,4.238070588092838,4.47180854061437
2025,Bannu,40,3.0714,27.672,55.1417,1410816.0,312.0,1.0,1227.0,0.2,1437.0,982.0,5.0,0.5095235691510398,0.1547269013513432,0.415436258549759,10.185594719651606,6.960510796588641,0.0354404826710215,12.397080838323353,6.2375249500998,0.5812239158047541,0.2143,1.4857,29.8806,31.0229,50.9607,54.9392,0.4692986604618709,0.427383765364147,0.3850330596475975,0.3108539415654076,0.1650078280814466,0.166470578220964,1.5904666666666671,1.88286,29.525166666666667,29.751980000000003,53.68053333333333,57.00778,0.4687353316590193,0.4407315878166652,0.370441086587588,0.3463162752464813,0.1620684358845846,0.1684984442029345,6.2375249500998,6.765585743148494
2025,Barkhan,40,1.0714,27.9792,40.411,206726.0,1100.0,0.0,3514.0,0.2,113.0,84.0,33.0,0.3776418772896352,0.1465582611686516,0.1488664940833504,5.466172614958931,4.063349554482746,1.5963158964039357,5.272679779031182,4.2084691814285575,0.8223445526929366,0.0,0.1,28.7795,28.8164,51.276,55.0045,0.1557008740334273,0.1909374277968698,0.1285843688785002,0.1281897019454787,0.142871776815644,0.1543332530215907,0.3904666666666667,0.5257,28.525033333333337,28.003480000000003,48.89716666666667,56.06944,0.2414267263733107,0.2165369346081312,0.1352135216357764,0.1315253671418728,0.1479210970019621,0.1163257954501266,4.2084691814285575,4.558455431471318
2025,Battagram,40,2.3857,20.1144,66.3392,575449.0,1036.0,0.0,1301.0,0.2,158.0,396.0,2.0,0.0,0.0,0.0,2.74568206739433,6.881582903089588,0.0347554692075231,2.224350029281483,5.59563054241123,0.0347554692075231,0.3714,2.9143,22.4445,22.8385,65.2962,72.8941,0.0,0.0,0.0,0.0,0.0,0.0,1.8904666666666676,2.41142,21.799133333333334,22.3502,68.17649999999999,73.57288000000001,0.0,0.0,0.0,0.0,0.0,0.0,5.59563054241123,5.8954316830807825
2025,Buner,40,0.3286,22.3497,65.6715,1084406.0,700.0,0.0,1865.0,0.35,234.0,303.0,0.0,0.0019830571598508,0.3522215034488385,0.0002667385604229,2.1578633832715792,2.794156432184993,0.0,2.32385287429247,2.176306660051678,0.0461081919502474,0.3714,2.2571,24.4797,24.7321,66.9912,75.3136,0.0157790889375073,0.0038484557075544,0.0023462495556345,0.0,0.3740051309650065,0.2799939549460177,0.9856999999999988,1.83428,23.85383333333333,24.3105,69.32543333333332,74.0729,0.0072035339349708,0.0133924876226126,0.0008709960386858,0.0006206155851419,0.3354068631199542,0.3527083023474202,2.176306660051678,2.33205139141801
2025,Central,40,3.4857,29.6419,70.5615,3591719.0,10.0,0.0,69.0,0.95,40.0,1176.0,18.0,0.0,0.0839951384751387,0.0,0.1113672868061226,3.2741982321000056,0.0501152790627551,0.1503458371882655,3.082089662359444,0.0361943682119898,0.3,0.4571,28.1208,27.3583,76.7817,82.2235,0.0,0.0,0.0,0.0,0.0674648565585158,0.0,1.4142666666666666,3.8942799999999993,28.37366666666666,28.13178,76.52223333333335,77.94474,0.0,0.0,0.0,0.0,0.0504866650112181,0.0302919990067309,3.082089662359444,2.6709288627748364
2025,Chagai,40,0.0,28.0515,12.0817,273217.0,919.0,0.0,44748.0,0.2,37.0,147.0,0.0,0.8201815217644916,0.047157310540517,0.7957917005879784,1.354234912176036,5.380338705131819,0.0,2.269258501484168,6.185559463722975,0.0,0.0,0.0,31.3816,31.5244,13.8498,13.8046,0.7281032021702246,0.8302416417170754,0.805771355138395,0.7696698087373479,0.0456377266257911,0.0329406935928637,0.0,0.0,30.319166666666664,31.1524,13.245366666666664,16.0192,0.7928421218839304,0.7714314839658264,0.7904109548212405,0.7590828723470463,0.0419119102530572,0.0382469163551475,6.185559463722975,5.122499938619107
2025,Charsadda,40,4.0571,24.2412,72.289,1953624.0,300.0,2.0,996.0,0.2,479.0,2188.0,99.0,0.0319648823693321,0.2767328804922269,0.0,2.4518535808323403,11.199698611401171,0.506750531320254,2.34436104388562,9.745990016502663,0.7626851430981602,2.5857,2.9286,26.6448,27.4001,71.9088,73.5859,0.0,0.0352358690646185,0.0,0.0,0.2585713552114894,0.2711538913571179,3.1904666666666657,2.73142,26.095366666666667,26.78924,72.59456666666667,74.63032000000001,0.0224002504779835,0.0213450899231946,0.0,0.003153244403727,0.2688193756869447,0.2886910574578642,9.745990016502663,10.632001553611733
2025,Chitral Lower,40,1.1714,18.0577,52.8413,336081.0,1500.0,1.0,6458.0,0.35,34.0,506.0,2.0,0.1209830215455447,0.0329990816980385,0.053241172212437,1.011660879371342,15.055894263585268,0.0595094634924318,0.6248493666705348,14.133497579452571,0.1190189269848637,0.0143,0.4,20.9396,21.4235,48.9268,60.5885,0.1681848987037423,0.1020466065103868,0.0492673283543538,0.0,0.0467272121629456,0.0555383284620093,0.5285666666666667,0.34286,20.140266666666665,21.52176,54.11886666666667,56.14474,0.1304048422532246,0.1218675537962494,0.0341695001889302,0.0321512224296986,0.0450882074409978,0.0436814473472746,14.133497579452571,13.689197518731119
2025,Chitral Upper,40,1.1714,18.0577,52.8413,204308.0,2500.0,1.0,8392.0,0.2,9.0,170.0,0.0,0.1209830215455447,0.0329990816980385,0.053241172212437,0.4405113847720109,8.320770601249095,0.0,0.2936742565146739,7.097127865771287,0.5384028036102355,0.0143,0.4,20.9396,21.4235,48.9268,60.5885,0.1681848987037423,0.1020466065103868,0.0492673283543538,0.0,0.0467272121629456,0.0555383284620093,0.5285666666666667,0.34286,20.140266666666665,21.52176,54.11886666666667,56.14474,0.1304048422532246,0.1218675537962494,0.0341695001889302,0.0321512224296986,0.0450882074409978,0.0436814473472746,7.097127865771287,8.63950122633943
2025,D.I. Khan,40,1.0286,28.6743,62.2313,2050338.0,0.0,0.0,0.0,0.0,1347.0,2028.0,0.0,0.0,0.0,0.0,6.569648516488501,9.891052109457076,0.0,5.111352372145471,9.257010307568802,0.0,0.0,0.7286,30.1201,31.7109,67.2962,62.8198,0.0,0.0,0.0,0.0,0.0,0.0,0.5857333333333333,1.04858,30.168433333333336,30.105,64.11576666666666,66.85802000000001,0.0,0.0,0.0,0.0,0.0,0.0,9.257010307568802,10.344442625858235
2025,Dera Bugti,40,1.0857,29.7752,46.5951,378394.0,250.0,0.0,10160.0,0.2,79.0,86.0,0.0,0.6316358095514695,0.0960418637042039,0.4705020637285465,2.0877709477423005,2.272763310200479,0.0,1.321374017558418,1.109954174749071,0.0,0.0,0.1571,29.6609,29.7452,56.155,62.5358,0.4393712060118743,0.4698220557304416,0.4138255674744911,0.4244377261352392,0.0944360595379599,0.0970401007031831,0.4142666666666668,0.47714,29.7271,29.3513,55.0953,60.93762,0.5136096904312618,0.4497556976269435,0.436255119112759,0.3708274438950618,0.0958393413151156,0.0742320294054898,1.109954174749071,2.8995898414577645
2025,Dir Lower,40,3.4714,25.6744,69.3319,1734809.0,800.0,1.0,1583.0,0.35,157.0,1628.0,22.0,0.0,0.0,0.0,0.9049987635526446,9.3843183889408,0.1268151133640648,0.6744258301634358,10.17403068579884,0.1556367300377159,0.5857,1.4857,28.6375,28.9863,61.6696,67.921,0.0,0.0,0.0,0.0,0.0,0.0,1.8476,1.61998,27.766066666666664,28.202260000000003,66.3075,68.80804,0.0,0.0,0.0,0.0,0.0,0.0,10.17403068579884,10.007620184117584
2025,Dir Upper,40,0.8143,17.1899,59.925,1143644.0,1200.0,1.0,3699.0,0.35,15.0,1507.0,0.0,0.0,0.0,0.0,0.131159696548926,13.177177513282103,0.0,0.1573916358587112,10.4053359262148,0.1136717370090692,0.0286,0.3143,19.4827,20.0024,56.7326,66.9182,0.0,0.0,0.0,0.0,0.0,0.0,0.3857333333333333,0.9828799999999996,18.89166666666667,19.89618,61.19193333333333,65.31488,0.0,0.0,0.0,0.0,0.0,0.0,10.4053359262148,14.123558937742674
2025,East,40,3.9714,29.1492,74.598,3514347.0,10.0,0.0,165.0,0.95,61.0,297.0,0.0,0.0401009374393404,0.1220952130648976,0.0059603329565306,0.1735742088074968,0.8451072133742058,0.0,0.2304837854656925,0.8365707768754764,0.0056909576658195,0.1571,0.4143,27.8905,27.2518,79.3725,83.7523,0.0103164000502403,0.0,0.0,0.0,0.1000591574589211,0.0,1.5142666666666666,4.92286,28.097166666666663,27.95148,79.24093333333333,79.92844,0.0168057791631935,0.0150275751036207,0.0019867776521768,0.0011920665913061,0.0740514568412729,0.0444308741047637,0.8365707768754764,1.357777145592764
2025,Ghotki,40,0.0143,31.2454,56.7592,1989892.0,72.0,1.0,6083.0,0.35,5806.0,1211.0,78.0,0.5495179548633107,0.2167753109872805,0.1431919700023137,29.17746289748388,6.085757417990524,0.3919810723396043,35.1727631449345,6.497840083783442,1.1960448104721262,0.0,0.0,30.693,30.8731,59.9124,64.7864,0.1510642406430775,0.5581099120292534,0.1393562394985935,0.4974804662233684,0.2065112663090891,0.2415853269487571,0.0047666666666666,0.76572,30.93716666666667,30.78546,60.486,64.19352,0.4195640358452139,0.3532588678089577,0.2600095585747585,0.1560057351448551,0.2216239680817089,0.1811106281256382,6.497840083783442,6.670696659416685
2025,Gwadar,40,0.0,27.8375,85.0772,317947.0,12.0,0.0,12637.0,0.35,0.0,13.0,2.0,0.6798253811960773,0.0274741822118609,0.6199067893739313,0.0,0.4088731769760368,0.062903565688621,0.7548427882634527,0.3459696112874158,0.062903565688621,0.0,2.9714,27.3494,27.2762,87.8252,84.6519,0.7144229670783641,0.7520955737243875,0.6936980805001801,0.7017052609548,0.0182872488293812,0.0109346146757252,0.9904666666666668,0.59714,27.4877,27.41642,85.85143333333333,87.53509999999999,0.7154479739996097,0.7031994272649303,0.6717700436096372,0.6557753057825677,0.0188986819056557,0.0166071245004239,0.3459696112874158,12.005228988918338
2025,Hangu,40,3.0571,23.5836,58.2296,627433.0,900.0,0.0,1097.0,0.2,112.0,280.0,17.0,0.1318490299437663,0.2100583858527337,0.0909926064589917,1.7850511528720996,4.462627882180248,0.2709452642752294,2.326941681422558,5.307339588450082,0.0796897836103615,0.7429,1.7429,25.8937,26.4809,52.8677,61.914,0.1853488980125905,0.1169925164371962,0.0988541384369818,0.0276831933018872,0.2203093584620408,0.2173203675041686,1.8476333333333332,2.4343,25.3194,25.84104,57.670433333333335,60.975260000000006,0.1447301481311843,0.1186979695353579,0.0725099793992869,0.0530201303658373,0.2158960372729811,0.2281044044856384,5.307339588450082,3.509753775541784
2025,Haripur,40,2.3571,23.367,71.3602,1212553.0,605.0,2.0,1725.0,0.65,10.0,1076.0,46.0,0.1422106783276324,0.0,0.1011524617242644,0.0824706219027127,8.873838916731886,0.3793648607524784,0.0824706219027127,7.743991396664724,0.214423616947053,0.7286,3.1429,25.3372,26.2152,70.7964,76.5695,0.1433747398910726,0.1661279806554118,0.1208260274174932,0.0,0.0,0.3000861224948515,2.0762,1.95428,24.973133333333333,25.53626,72.9087,75.75398,0.1505711329580389,0.1140927862644936,0.0739928297139192,0.0649399181571326,0.1000287074982838,0.1212888822743566,7.743991396664724,8.582233244328254
2025,Hub,40,1.3429,29.1883,70.6579,461810.0,0.0,0.0,0.0,0.0,191.0,205.0,2.0,0.0,0.0,0.0,4.135900045473247,4.439055022628353,0.043307853879301,1.2775816894393797,3.3996665295251294,0.0216539269396505,0.2286,0.4286,27.5511,27.2183,79.2712,81.6077,0.0,0.0,0.0,0.0,0.0,0.0,0.6667,3.1686,27.9859,27.8228,77.17893333333335,78.46706,0.0,0.0,0.0,0.0,0.0,0.0,3.3996665295251294,4.3075668434954615
2025,Hyderabad,40,1.7714,30.1196,67.688,2659637.0,20.0,2.0,993.0,0.75,1185.0,1553.0,83.0,0.2052419915780056,0.2709423253832811,0.1039308381215947,4.455495242395861,5.8391427100766,0.3120726625475582,8.47484073954453,10.411195211978177,0.1879955798479266,0.0286,0.0,29.7634,28.8554,65.666,74.1076,0.1136335246298653,0.179959946965008,0.1027525690704305,0.1543988041911899,0.0,0.1952903993154193,0.6,2.6314200000000008,29.579466666666665,29.44358,69.15386666666666,70.67062000000001,0.1662784877242929,0.1371076491747509,0.1203607371277383,0.072216442276643,0.1554109082329001,0.1416969494216617,10.411195211978177,6.575214700502599
2025,Jacobabad,40,0.0,32.7765,45.2435,1216179.0,55.0,0.0,2686.0,0.35,1052.0,739.0,165.0,0.4481849749884515,0.2910523216867001,0.2759390543640813,8.65004246907733,6.076408160311928,1.356708181937034,14.520888783641224,6.298414953719806,1.5211576585354625,0.0,0.0,32.4914,32.2601,51.211,59.7912,0.2492905430713643,0.3687120167709929,0.232219863993157,0.3089380735836772,0.3423442433035555,0.3178028059242759,0.0,0.4857200000000003,32.50933333333333,31.9996,52.0819,58.147360000000006,0.3553958449436029,0.2860946933554996,0.2723656639803051,0.1634193983881831,0.3170664569715105,0.292936326385926,6.298414953719806,6.197858243754126
2025,Jaffarabad,40,0.0,0.0,0.0,621388.0,55.0,1.0,1643.0,0.2,745.0,514.0,52.0,0.6641309889070743,0.2737559964224912,0.5401319849284537,11.989288496076526,8.271804412058167,0.8368362440214487,14.660727275068073,8.336176430829047,1.528835445808416,0.0,0.0,0.0,0.0,0.0,0.0,0.4435718198409275,0.5041242879856458,0.4070324300431441,0.4652102663551131,0.2851839031310532,0.2755073944113583,0.0,0.0,0.0,0.0,0.0,0.0,0.5372756989112158,0.443064374951726,0.4707915604422369,0.2824749362653421,0.2781490979883009,0.2197449521414594,8.336176430829047,9.195986000194333
2025,Jhal Magsi,40,0.0,0.0,0.0,180130.0,60.0,0.0,3615.0,0.2,206.0,253.0,9.0,0.7558210963195158,0.0905112690343112,0.7373837406132786,11.43618497751624,14.04541164714373,0.4996391495031366,8.160772775217898,9.5486593016155,0.3330927663354244,0.0,0.0,0.0,0.0,0.0,0.0,0.7571539453328744,0.739042040078918,0.7282348382521164,0.728438962846388,0.0976600571005173,0.0980686652094734,0.0,0.0,0.0,0.0,0.0,0.0,0.7506723605771027,0.6951170697439661,0.7313525139039276,0.616065289176567,0.0954133304481006,0.0773007601101866,9.5486593016155,11.519053240319987
2025,Kachhi (Bolan),40,0.0,28.8164,31.6029,417079.0,0.0,0.0,0.0,0.0,227.0,275.0,29.0,0.0,0.0,0.0,5.442613989196291,6.5934750970439655,0.6953119193246364,3.980061331306539,4.483563065989896,0.959050923206395,0.0,0.0,29.4372,29.2831,43.7009,46.7153,0.0,0.0,0.0,0.0,0.0,0.0,0.0,0.4714400000000002,29.1789,28.90342,40.67303333333333,48.46194,0.0,0.0,0.0,0.0,0.0,0.0,4.483563065989896,5.089107257715103
2025,Kalat,40,0.0,20.0598,22.9905,498077.0,2000.0,0.0,7654.0,0.2,11.0,11.0,0.0,0.1585352408255337,0.0758399138993918,0.0972311804383702,0.2208493867414074,0.2208493867414074,0.0,0.0,0.0,0.0,0.0,0.0,21.9306,21.8425,20.6621,18.4266,0.1562141699810928,0.1715430807747693,0.1035010881095327,0.1445095516361985,0.0743970309695459,0.0782212039868629,0.0,0.00572,21.27763333333333,22.02692,20.693066666666663,26.50514,0.1620974971937986,0.1776070252829351,0.1150806067280337,0.1342511250957322,0.0761527162852668,0.0736551382292781,0.0,1.3026595810055683
2025,Kamber,40,0.0143,33.4988,45.1583,1621170.0,50.0,0.0,5599.0,0.2,3230.0,1547.0,27.0,0.0,0.0,0.0,19.9238821345078,9.542490917053732,0.1665463831677122,34.5367851613341,11.744604205604595,1.036288606376876,0.0,0.0,32.6678,30.8375,53.6284,69.3457,0.0,0.0,0.0,0.0,0.0,0.0,0.0047666666666666,1.9514399999999992,32.334700000000005,32.065279999999994,56.04413333333334,59.67026,0.0,0.0,0.0,0.0,0.0,0.0,11.744604205604595,10.25378676986897
2025,Karak,40,1.4,27.0301,52.7518,853502.0,500.0,0.0,3372.0,0.2,273.0,639.0,2.0,0.4267135785170415,0.1543778504323998,0.4307186923455802,3.1985865293813016,7.486801436903487,0.0234328683471157,2.9642578459101445,6.057396467729425,0.0468657366942315,0.3571,0.8857,29.7964,29.9357,46.8238,53.6195,0.5398867079976052,0.3578969735697403,0.3804556117411436,0.2225585114093359,0.162153386679273,0.1699156274130787,0.8809333333333335,1.1199800000000004,28.92073333333333,28.83832,51.06503333333334,56.11998,0.4414990866947958,0.3661541510450246,0.3445776051653532,0.2703588457707565,0.1621489548415838,0.1657029112003589,6.057396467729425,6.16185891917384
2025,Kashmore,40,0.0,31.3096,55.3044,1316520.0,60.0,2.0,2592.0,0.35,2194.0,335.0,3.0,0.0,0.0,0.0,16.66514751010239,2.544587245161486,0.0227873484641327,16.627168595995503,2.324309543341537,0.6076626257102057,0.0,0.0,30.7027,30.7822,60.0777,65.5775,0.0,0.0,0.0,0.0,0.0,0.0,0.0,0.6257199999999992,30.9315,30.64178,60.31986666666668,64.97094,0.0,0.0,0.0,0.0,0.0,0.0,2.324309543341537,3.0238271368051395
2025,Keamari,40,2.3857,29.7683,71.2507,2215961.0,2.0,0.0,559.0,0.2,11.0,638.0,0.0,0.2535485600657087,0.2092491365606341,0.1129187646383902,0.0496398627954192,2.879112042134316,0.0,0.0767161515929206,3.0190062009214063,0.0,0.5,0.4714,27.9835,27.5177,78.6696,82.1035,0.1668392455835917,0.2763429160462721,0.1789313938838621,0.2319465124269844,0.1905545739540111,0.083295930543954,1.119033333333333,3.5571400000000004,28.423166666666663,28.11872,77.34126666666667,78.96812,0.2322435738985241,0.203635083002158,0.1745988903164122,0.155627199022646,0.1610332136861997,0.1001877113073377,3.0190062009214063,2.899598878317824
2025,Khairpur,40,0.3571,32.8983,50.1066,2908676.0,53.0,2.0,15910.0,0.5,6690.0,2790.0,135.0,0.913187962592188,0.1439752466515079,0.5179101131603927,23.00015539716352,9.5919930580099,0.4641286963553176,33.47571197342021,11.393499997937203,1.0142071512949535,0.0,0.0,31.8298,30.5587,53.3914,67.2348,0.4096781881676365,0.7482217263928532,0.3957525199487699,0.5735918504300784,0.1924128831128412,0.1576272008757697,0.1190333333333333,1.8657,31.762266666666665,31.571140000000003,56.91093333333333,60.28452,0.6903626257175594,0.5346025744191442,0.4957514945130803,0.2974508967078482,0.1646717768800396,0.129351674349039,11.393499997937203,9.983781043136435
2025,Kharan,40,0.0,29.0738,12.1348,188592.0,700.0,0.0,14958.0,0.2,39.0,193.0,0.0,0.6162972410665649,0.0457836117478386,0.6023077528590309,2.067956222957496,10.233732077712734,0.0,2.174005260032239,9.491388818189533,0.0,0.0,0.0,31.8964,31.8943,14.415,17.1644,0.6425259603303164,0.6429793066581485,0.610839145448194,0.6264897075979372,0.0473658651475257,0.035863867661397,0.0,0.0,30.95483333333333,31.6946,14.5714,19.60026,0.6339341693516766,0.6433650876526139,0.6132122019683873,0.6111176831172019,0.0430044481855871,0.0365945641317649,9.491388818189533,9.159744767423687
2025,Khuzdar,40,0.0,25.5916,40.0289,969559.0,1237.0,0.0,35380.0,0.2,49.0,89.0,1.0,0.0785336329950974,0.1013365426760847,0.0582153640916914,0.5053844067251194,0.9179431060925636,0.0103139674841861,0.7838615287981443,0.92825707357675,0.0,0.5143,0.0,27.9464,27.8949,42.5644,33.6503,0.157048313670001,0.1108406815881147,0.0742340671909488,0.0637087935472168,0.0996507821669327,0.1058819430955144,0.1714333333333333,0.2314199999999999,27.1443,27.08828,38.74786666666667,45.6388,0.1154742094177376,0.1195158345917969,0.0653860749432856,0.0670966044418293,0.1022897559795106,0.0970566915406837,0.92825707357675,1.4212756102107145
2025,Khyber,40,2.4143,23.6305,58.6334,1193210.0,1000.0,0.0,2576.0,0.2,594.0,647.0,0.0,0.0740499449143201,0.2253405463338549,0.0220808882138094,4.978168134695485,5.422348119777743,0.0,5.757578297198314,6.377754125426371,0.561510547179457,0.0143,1.2,26.4034,27.1716,51.4882,59.4637,0.0824054831891752,0.0595419321566855,0.0200066045192833,0.0205381609837434,0.2201349102590386,0.1529009316421648,1.2095333333333331,1.66858,25.735166666666668,26.218200000000003,56.52843333333333,60.40394,0.0719991200867269,0.0900046723611518,0.020875217905612,0.0248446974665224,0.1994587960783528,0.1969136984137646,6.377754125426371,4.64305285647563
2025,Killa Abdullah,40,0.0,24.0585,10.6517,915157.0,1500.0,0.0,3553.0,0.2,9.0,230.0,2.0,0.5444816530271541,0.0563481758695506,0.0,0.0983437814495217,2.513229970376668,0.0218541736554492,0.2076146497267681,2.6880633596202617,0.1529792155881449,0.0,0.0,26.7204,26.2147,13.2692,13.1129,0.0,0.5394291309759133,0.0,0.4492431817214823,0.0592634165393152,0.0562996533233267,0.0,0.0,25.66453333333333,26.786220000000004,12.3446,14.05532,0.3613035946676891,0.4511466863422361,0.1497477272404941,0.2747428317713546,0.0573037485773975,0.0552247515921425,2.6880633596202617,2.3501673511671264
2025,Killa Saifullah,40,0.0,23.5755,27.7245,413453.0,1500.0,0.0,6831.0,0.2,192.0,129.0,0.0,0.5328997966952591,0.062282346983012,0.5174362603626749,4.643816830449894,3.1200644329585225,0.0,4.6680033764418205,3.361929892877788,0.0,0.0,0.0,25.4793,25.6868,16.5323,19.9387,0.5118562171037373,0.4628453720442898,0.4211079622682536,0.4249987248452371,0.0620429712648292,0.0647970101686513,0.0,0.00858,24.913866666666667,25.00958,21.398499999999995,34.52278,0.5025337952810954,0.5109872538638126,0.4545143158253885,0.4416052836401367,0.0630407761388308,0.0611419536470452,3.361929892877788,3.412835720458099
2025,Kohat,40,2.4714,26.4215,54.2221,1200463.0,500.0,0.0,2545.0,0.65,341.0,787.0,3.0,0.2513056798680471,0.1720140168401844,0.0251975078870845,2.8405706798127057,6.555803885667446,0.0249903578869153,2.274122567709292,5.664481121034135,0.0999614315476612,0.2,1.0857,29.0796,29.2897,48.1121,56.9021,0.0979321578416584,0.2076577102436439,0.0191406973564668,0.0056869420642777,0.1634698882400941,0.1814648221193915,1.2523666666666669,1.2971399999999995,28.2636,28.36284,53.07876666666667,57.92492,0.1856318493177831,0.1620134895065019,0.0166750491026096,0.0382203537790266,0.17231624239989,0.1849507824180862,5.664481121034135,6.186264600692001
2025,Kohistan Lower,40,0.0429,1.3841,71.873,244203.0,1500.0,2.0,1200.0,0.2,6.0,187.0,1.0,0.2027457928440556,0.0678820227455346,0.018031964105386,0.2456972273067898,7.65756358439495,0.0409495378844649,0.4913944546135797,5.364389462864912,0.0,0.2714,0.6,4.5184,5.0579,64.9711,73.0253,0.0529727000996346,0.1525022045192345,0.0152219496732018,0.0,0.1345829402005384,0.1600538696896798,0.3047666666666667,0.8828600000000003,3.653466666666666,5.11412,69.95646666666666,72.18296000000001,0.1360735658209748,0.106222562607829,0.0110846379261959,0.0302653447765285,0.1208396108785842,0.1328820428093255,5.364389462864912,6.383180330436968
2025,Kohistan Upper,40,0.0429,1.3841,71.873,369931.0,2500.0,2.0,4000.0,0.2,48.0,235.0,0.0,0.2027457928440556,0.0678820227455346,0.018031964105386,1.297539270836994,6.352536013472783,0.0,0.3784489539941232,8.406973192298024,0.1081282725697495,0.2714,0.6,4.5184,5.0579,64.9711,73.0253,0.0529727000996346,0.1525022045192345,0.0152219496732018,0.0,0.1345829402005384,0.1600538696896798,0.3047666666666667,0.8828600000000003,3.653466666666666,5.11412,69.95646666666666,72.18296000000001,0.1360735658209748,0.106222562607829,0.0110846379261959,0.0302653447765285,0.1208396108785842,0.1328820428093255,8.406973192298024,7.101383958786167
2025,Kohlu,40,0.8143,25.9401,43.4581,258710.0,1000.0,0.0,7610.0,0.2,94.0,165.0,26.0,0.4533155430930651,0.1089829235320317,0.2160516195679803,3.6334119284140542,6.377797533918288,1.0049862780719725,3.672065246801438,5.527424529395849,0.0386533183873835,0.0,0.1429,27.2047,27.4633,53.3399,55.4864,0.1649531324043288,0.1732331734363429,0.141657645023713,0.1466229696010905,0.106223611711823,0.1155146761027877,0.3190666666666666,0.47144,26.869366666666668,26.52058,50.76146666666667,57.11904,0.2638339496445789,0.2324565013305897,0.1681107447309279,0.1745352778589902,0.1102404037822141,0.1095795892893757,5.527424529395849,6.278202619452042
2025,Kolai Palas,40,0.0429,1.3841,71.873,331246.0,0.0,0.0,0.0,0.0,0.0,53.0,0.0,0.0,0.0,0.0,0.0,1.6000193209880271,0.0,0.1811342627533615,2.74720298509265,0.0905671313766807,0.2714,0.6,4.5184,5.0579,64.9711,73.0253,0.0,0.0,0.0,0.0,0.0,0.0,0.3047666666666667,0.8828600000000003,3.653466666666666,5.114119999999999,69.95646666666666,72.18296000000001,0.0,0.0,0.0,0.0,0.0,0.0,2.74720298509265,1.488223836251934
2025,Korangi,40,2.9,29.632,71.7966,2970331.0,8.0,0.0,95.0,0.2,115.0,386.0,0.0,0.0401009374393404,0.1220952130648976,0.0059603329565306,0.3871622388211954,1.2995184711737513,0.0,0.3534959571845696,1.3937840597563032,0.0,0.3714,0.4143,28.0698,27.4145,78.3287,82.9867,0.0103164000502403,0.0,0.0,0.0,0.1000591574589211,0.0,1.2285666666666666,4.314279999999999,28.3721,28.131,77.70400000000001,79.00464,0.0168057791631935,0.0150275751036207,0.0019867776521768,0.0011920665913061,0.0740514568412729,0.0444308741047637,1.3937840597563032,1.6120707048551548
2025,L & C Kurram,40,0.9143,13.1086,68.1837,604463.0,0.0,0.0,0.0,0.0,1.0,17.0,0.0,0.0,0.0,0.0,0.0165436097825673,0.2812413663036447,0.0,0.0,0.3308721956513467,0.049630829347702,0.5286,1.0571,15.0762,15.9958,66.3635,75.5352,0.0,0.0,0.0,0.0,0.0,0.0,0.8333333333333331,1.28858,14.726866666666666,15.48278,70.02746666666667,73.84758000000001,0.0,0.0,0.0,0.0,0.0,0.0,0.3308721956513467,0.8512679147451658
2025,Lakki Marwat,40,1.7143,27.7653,59.4387,1059019.0,250.0,1.0,3164.0,0.2,974.0,1002.0,14.0,0.7061891335470062,0.1117628566460842,0.6717026674676477,9.197190985242004,9.461586619314668,0.1321978170363326,8.045181436782531,9.310503399844574,0.1133124146025708,0.3714,2.2286,29.5992,31.4123,59.0626,57.6717,0.8199553584295064,0.7555255179305601,0.72766512761368,0.6720547986827676,0.1175974324175546,0.119484132744309,1.4380999999999995,1.14572,29.59226666666667,29.91916,58.72433333333333,60.68288,0.7605566699690242,0.7282282104833071,0.6904741979213651,0.6214293000371389,0.1162814739359826,0.113193504658149,9.310503399844574,8.878056273588081
2025,Lasbella,40,0.1714,29.5424,65.4988,697550.0,0.0,0.0,0.0,0.0,544.0,406.0,4.0,0.0,0.0,0.0,7.798724105798867,5.820371299548419,0.0573435596014622,9.83442047165078,5.590997061142571,0.1863665687047523,0.9286,1.7857,26.274,26.166,85.9094,87.159,0.0,0.0,0.0,0.0,0.0,0.0,0.9619,3.56286,27.327466666666663,26.92162,79.52239999999999,82.33626000000001,0.0,0.0,0.0,0.0,0.0,0.0,5.590997061142571,6.1036218188103195
2025,Loralai,40,0.0143,23.9124,37.0343,479944.0,1400.0,0.0,3785.0,0.2,52.0,245.0,2.0,0.3195288972435884,0.0918533535967665,0.1584025473308652,1.083459736969313,5.104762222259264,0.0416715283449735,1.2084743220042338,5.250612571466671,0.0,0.0,0.0,25.4594,25.4165,30.8717,36.0449,0.2128409372347383,0.2186016729512445,0.1909159052333085,0.188227935372179,0.0919030505019803,0.0969116420640914,0.0047666666666666,0.02858,24.92943333333333,24.95494,34.650299999999994,45.37736,0.2503238358098571,0.2454188050320963,0.1791821293121175,0.1867242454208957,0.0935560153876127,0.0913437111078275,5.250612571466671,5.040512719626204
2025,Malakand,40,4.2571,24.0269,56.6419,870427.0,700.0,1.0,952.0,0.2,96.0,1045.0,0.0,0.0096568892829587,0.3070258725876503,0.0,1.1029069640532752,12.005601848288254,0.0,0.528476253608861,10.535059229550557,0.0574430710444414,0.9714,5.8857,26.4165,26.0849,54.5215,65.9642,0.0,0.0064308215645234,0.0,0.0,0.3071425011226087,0.2855624997156814,3.704733333333333,3.35142,25.50943333333333,25.88362,59.04253333333333,64.4158,0.005362570282494,0.0226472889007771,0.0,4.348912388174e-05,0.2999102911419801,0.2987924885321235,10.535059229550557,12.37965471495114
2025,Malir,40,2.7286,29.1735,73.7716,2428732.0,20.0,0.0,2268.0,0.75,143.0,1277.0,2.0,0.2283958724202625,0.208001793840152,0.151817900916675,0.5887846003593645,5.257887654957401,0.0082347496553757,0.4899676044948557,4.846150172188615,0.1441081189690752,0.0571,0.4429,27.9208,27.2035,78.8545,83.736,0.2072100403099,0.0,0.0,0.0,0.1790643911217562,0.1162016071925066,1.0762,4.06858,28.099266666666665,28.01578,78.78736666666667,79.2767,0.1452019709100541,0.1360277647849317,0.050605966972225,0.0303635801833349,0.1677559307181383,0.1228130079873978,4.846150172188615,5.559774021311863
2025,Mansehra,40,1.8429,20.671,63.8696,1881089.0,1000.0,0.0,4579.0,0.2,24.0,788.0,45.0,0.1185470201125812,0.0,0.0294978424424035,0.1275856697902119,4.189062824778626,0.2392231308566474,0.0584767653205138,3.80630581540799,0.0531606957459216,0.5571,1.5714,22.8722,23.207,63.2341,72.6392,0.1034890604483011,0.1085971463713995,0.0290762815437611,0.0,0.1387265863988327,0.2681422008533182,1.3238,3.06284,22.250066666666665,22.58968,66.58096666666667,72.11406,0.1102110756440939,0.0888669293933458,0.0195247079953882,0.0174503086049964,0.1356229290840503,0.1564598888807694,3.80630581540799,3.8678586186510664
2025,Mardan,40,4.5143,23.9719,72.6425,2868781.0,300.0,0.0,1632.0,0.65,384.0,1276.0,32.0,0.0180901624996138,0.2927536735542536,0.0030638953490068,1.3385476270234635,4.447882218963385,0.1115456355852886,1.084084145844524,4.779033324607211,0.052287016680604,1.5429,2.6143,26.1005,27.2948,73.086,74.5329,0.0525676902022462,0.0165549454240381,0.000744088870473,0.0,0.292649649150519,0.2842313561961475,2.8905,2.5743,25.789066666666667,26.62602,73.42046666666666,74.9173,0.0290709327086327,0.0254508912791394,0.0012693280731599,0.0013266508706904,0.2898782263003066,0.3055462490797423,4.779033324607211,3.6710486594562513
2025,Mastung,40,0.0,21.353,29.905,321574.0,1700.0,0.0,3308.0,0.2,48.0,100.0,0.0,0.2299805139160801,0.06987422310727,0.0025519469347963,1.492657988518972,3.109704142747859,0.0,2.3944721899158514,3.700547929869952,0.0,0.0,0.0,23.9161,23.3402,17.6893,18.6759,0.0908779844398142,0.2347873080421637,0.0067117687327186,0.2066991278292042,0.0691784570202694,0.0707928463094036,0.0,0.0,22.869766666666667,23.36622,22.09006666666666,30.75118,0.1852152687993526,0.2138712820673482,0.0719876144989063,0.129849331725467,0.0699485088123143,0.068231735955047,3.700547929869952,4.55315680942208
2025,Mirpurkhas,40,1.8857,29.975,67.0224,1820642.0,16.0,0.0,2925.0,0.5,5970.0,2493.0,28.0,0.0,0.0,0.0,32.790630997197695,13.692972039533307,0.1537919041744615,33.867174326418926,16.571077674798232,0.5272865285981538,0.0143,0.0143,29.6438,28.8039,65.9514,74.3047,0.0,0.0,0.0,0.0,0.0,0.0,0.6380999999999993,2.7142800000000005,29.47423333333334,29.27496,69.09283333333333,71.51254,0.0,0.0,0.0,0.0,0.0,0.0,16.571077674798232,14.144042759982801
2025,Mohmand,40,4.2571,24.0269,56.6419,563359.0,600.0,0.0,2296.0,0.2,296.0,117.0,1.0,0.1896356227576397,0.1734967548809101,0.0,5.254198477347481,2.076828452194781,0.0177506705315793,5.129943783626427,1.7040643710316157,0.0710026821263173,0.9714,5.8857,26.4165,26.0849,54.5215,65.9642,0.0,0.1039993702389834,0.0,0.2345861370972153,0.170908431869567,0.1390146321022482,3.704733333333333,3.35142,25.50943333333333,25.88362,59.04253333333333,64.4158,0.0978783309988743,0.2705292544644463,0.0781953790324051,0.1672180503775482,0.1611399396175751,0.1617976980928532,1.7040643710316157,2.064969212893545
2025,MusaKhel,40,0.1143,24.365,42.9771,201891.0,0.0,0.0,0.0,0.0,239.0,139.0,1.0,0.4118043099783093,0.1459857532969505,0.1527325593877764,11.838071038332563,6.884903239867056,0.049531677984655,7.826005121575504,3.3681541029565456,0.049531677984655,0.0,0.2571,26.0966,25.2493,49.7795,61.2327,0.2608065521856822,0.1468534626444822,0.1227083606637214,0.2428258118655145,0.1462491088224824,0.1084281006214002,0.1238,0.76856,25.23696666666667,25.2711,51.32976666666666,57.29266,0.2731547749361579,0.2849947665425295,0.1727555773056708,0.1850691114910422,0.133554320913611,0.0801325925481666,3.3681541029565456,5.224083086795778
2025,Naseerabad,40,0.0143,33.764,42.5086,592374.0,0.0,0.0,0.0,0.0,122.0,279.0,94.0,0.0,0.0,0.0,2.059509701641193,4.709862350474531,1.5868353438874765,2.5997089676454403,5.266942843541411,1.6881227062632729,0.0,0.0,33.592,33.1096,47.5181,56.4138,0.0,0.0,0.0,0.0,0.0,0.0,0.0047666666666666,1.03716,33.488533333333336,32.74732,48.8135,55.26818,0.0,0.0,0.0,0.0,0.0,0.0,5.266942843541411,3.934333570352598
2025,Naushero Feroze,40,0.0429,32.017,55.5074,1948788.0,38.0,2.0,2945.0,0.2,2074.0,1335.0,21.0,0.3547503100165502,0.2648029015422072,0.1470564109492537,10.64251216653633,6.850411640465766,0.1077592842320457,12.489814181942828,7.830507987528659,1.1237753927056202,0.0,0.0,31.0548,29.9935,59.9504,72.0366,0.1522640056556422,0.2477131310579594,0.108758290661996,0.2200912433976409,0.189706642472445,0.2679230223392875,0.0143000000000005,2.91144,31.021766666666668,30.967360000000003,62.498133333333335,64.05036,0.2515758155767172,0.213208411347591,0.1586353150029635,0.0951811890017781,0.2408108554513132,0.2309403529372703,7.830507987528659,6.779035112918255
2025,North Waziristan,40,3.1429,11.1687,61.4109,656447.0,1000.0,1.0,4707.0,0.2,93.0,42.0,14.0,0.3007261481375529,0.1413023433207154,0.0688722831936075,1.416717572020285,0.6398079357510964,0.2132693119170321,1.7975556290149852,0.5941073689117324,0.3199039678755482,1.1714,0.3571,13.5166,13.7648,59.2119,71.5011,0.0926469144829887,0.1729472187333878,0.071194975632643,0.0597248210478688,0.147875267856171,0.1482017558831095,1.557133333333333,1.6285600000000002,12.8167,13.476499999999998,64.0413,69.35871999999999,0.1887734271179764,0.1710442891446626,0.0665973599580397,0.0805058055560359,0.1457931223533319,0.1421141621713649,0.5941073689117324,1.2746690128528044
2025,Nowshera,40,3.4714,25.7329,69.3424,1835149.0,280.0,2.0,1748.0,0.65,739.0,2309.0,14.0,0.1687066739941421,0.2277223071617127,0.2164362748980027,4.02692097480913,12.58208461547264,0.0762880834199293,3.443862051528241,12.783703121653884,0.1035338274984756,0.5857,1.4857,28.696,29.0448,61.682,67.9318,0.4262936989097818,0.1338206010626091,0.1728275566740285,0.0,0.2009276821583716,0.2051678686265625,1.8476,1.61998,27.82456666666667,28.26076,66.31873333333333,68.81859999999999,0.242940324655511,0.1953952945763451,0.1297546105240104,0.1082806868116108,0.2112726193155489,0.2289633015093144,12.783703121653884,11.710292837908199
2025,Orakzai,40,2.5429,22.4903,58.0011,307067.0,1200.0,0.0,1538.0,0.2,50.0,82.0,0.0,0.0171367849536741,0.2874572437745846,0.0158340344931341,1.628309131231946,2.6704269752203915,0.0,0.7815883829913342,1.726007679105863,0.0,0.6714,1.3,24.8439,25.6537,52.8297,60.7526,0.1145439790209846,0.0237215532863183,0.0227042221211399,0.0227043648159336,0.2940230332387977,0.2510134012273007,1.504766666666666,1.72286,24.3293,24.81096,57.19446666666667,60.81466,0.0518007724203256,0.0697925539436283,0.0204142071434025,0.0227290417547977,0.2774978927468943,0.2694743485290166,1.726007679105863,2.3474162892750083
2025,Panjgur,40,0.0,27.1537,23.7377,382021.0,900.0,0.0,16891.0,0.2,151.0,93.0,0.0,0.4451197243115659,0.038149393448056,0.3559313524548967,3.952662288198817,2.4344211443873505,0.0,2.277361715717199,1.6229474295915671,0.0,0.0,0.0,28.7412,28.8135,40.1992,38.0776,0.3529170664919733,0.4549620610090441,0.3549126917054422,0.3886754307880924,0.0495432775936419,0.0371169265409247,0.0,0.05142,28.23613333333334,28.61912,34.00483333333333,42.63086,0.4176662839375278,0.4060622430372739,0.3665064916494771,0.3470203062471588,0.0416031991942075,0.0400086097533531,1.6229474295915671,2.871537952887122
2025,Peshawar,40,1.8143,25.8743,67.073,5160904.0,330.0,0.0,1257.0,0.75,65.0,4514.0,108.0,0.0574779594099763,0.2112954962042282,0.0,0.1259469271274955,8.746529677746379,0.2092656635349156,0.1278845721602262,8.634146265847999,0.1511363125529946,0.3,0.6429,28.5564,29.6374,64.0743,61.3572,0.0,0.0405351887844317,0.0,0.0,0.1935038876625177,0.1892586574797596,0.9190666666666668,1.0143,28.0227,28.31494,64.16816666666666,67.2752,0.032671049398136,0.0449866873008426,0.0,0.0075845219309201,0.1980193471155018,0.2159376076266347,8.634146265847999,8.306348378879228
2025,Pishin,40,0.0,21.7242,25.0349,889769.0,1550.0,0.0,6218.0,0.2,31.0,416.0,0.0,0.4648060600043601,0.0589046642814411,0.3961145991601033,0.3484050354642609,4.675370798488147,0.0,0.3484050354642609,4.304488018800385,0.1236275932292538,0.0,0.0,24.1307,23.8313,16.6026,17.7026,0.5467544350383642,0.3907393131328427,0.3363218841951938,0.3702468102657391,0.0604085577746621,0.0596015193226175,0.0,0.0,23.22873333333333,24.1975,19.78003333333333,25.62666,0.4674332693918555,0.4677599657754865,0.3675610978736787,0.3791177317485698,0.0596382471262402,0.0576196591432514,4.304488018800385,3.9193668405925925
2025,Quetta,40,0.0,21.667,30.6473,2751515.0,1680.0,0.0,3447.0,0.75,14.0,476.0,0.0,0.3307916164369362,0.061417854757543,0.0,0.0508810600705429,1.7299560423984603,0.0,0.069052867238594,1.5264318021162888,0.0,0.0,0.0,24.1212,23.4944,18.1929,20.1374,0.0,0.3395019760797489,0.0,0.3077539074308742,0.0625631243171645,0.0615907690941005,0.0,0.02858,23.0942,23.682620000000004,22.99253333333333,31.72142,0.2234311975055617,0.2806365777728969,0.1025846358102913,0.1869621922824924,0.0618572493896026,0.0594302460654223,1.5264318021162888,1.4144686677578182
2025,Sanghar,40,1.3429,29.9572,68.7766,2486760.0,16.0,1.0,10608.0,0.2,6261.0,1898.0,973.0,0.5408026636336863,0.1956070809419455,0.0737532543991311,25.177339188341456,7.632421303221863,3.912721774517847,32.56848268429604,9.277131689427206,0.7720889832553202,0.0,0.0,30.4876,29.204,61.2962,72.1334,0.0766455356096694,0.409818766956489,0.0741773131648911,0.149258442633092,0.1006623434431016,0.2377252746300836,0.4476333333333339,2.73144,29.88293333333333,29.60838,67.40206666666667,70.21824000000001,0.3424223220666149,0.2391947640964808,0.099063003399038,0.0594378020394228,0.1779982330050435,0.1581397470076681,9.277131689427206,7.224978032695655
2025,Shaheed Benazirabad,40,0.4714,30.8641,62.33,1949997.0,30.0,2.0,4502.0,0.5,2520.0,1574.0,47.0,0.4393827385934556,0.2172838213477105,0.1287829107628021,12.923096804764317,8.071807289959933,0.24102601183489,24.035934414258072,9.410270887596235,0.5846162840250524,0.0,0.0,30.3659,29.671,64.1912,72.8371,0.1519153499293685,0.3767186341191571,0.1283918290356101,0.3453506726958863,0.0,0.2488157563363458,0.1571333333333333,3.87144,30.30033333333333,30.37632,66.45276666666668,66.97916000000001,0.3226722408806604,0.2742411304246823,0.2008418041647662,0.1205050824988596,0.1553665258946854,0.1455807812569068,9.410270887596235,8.67905461907491
2025,Shangla,40,5.8429,14.8428,61.0113,915157.0,2000.0,2.0,1586.0,0.35,755.0,1099.0,5.0,0.0159185899233949,0.31233910674269,0.0026266747737592,8.249950554932104,12.008868423669382,0.0546354341386232,7.124460611676466,12.085358031463452,0.2622500838653914,0.7286,2.5714,17.9982,17.4869,57.2778,68.5831,0.0066366657781386,0.0051685619028205,0.0026789411300799,0.0,0.3850404799780627,0.2296199790637229,3.0476333333333336,3.6943,16.775966666666665,17.09534,62.29073333333334,69.6052,0.0092412725347846,0.0205678565393051,0.001768538634613,0.0016050417288781,0.3089998552614919,0.328869296105533,12.085358031463452,12.723270089587096
2025,Shikarpur,40,0.0,33.4433,44.757,1488188.0,52.0,1.0,2512.0,0.35,1336.0,738.0,90.0,0.765360320586837,0.3368345775651901,0.4335529443727502,8.9773603872629,4.959050872604806,0.6047623015371714,27.516684719941296,9.057995360801188,1.787408580098751,0.0,0.0,32.7686,32.2635,49.3546,58.4509,0.2160914085888832,0.3246725552513085,0.1917307486853593,0.2840896260167422,0.3439287191702072,0.3435694081895546,0.0,0.36858,32.82513333333334,32.25876,50.85416666666666,56.38972,0.4353747614756762,0.3313591462619407,0.3031244396916172,0.1818746638149703,0.341444234974984,0.2685958213545839,9.057995360801188,7.039398616941305
2025,Sibi,40,0.0,32.6891,37.4057,163205.0,130.0,0.0,7121.0,0.2,251.0,420.0,2.0,0.1002092189570139,0.0901033114197128,0.0843595941245156,15.379430777243345,25.734505683036677,0.1225452651573174,14.15397812567017,22.303238258631783,0.0,0.0,0.0,33.2123,33.7102,46.3164,49.0047,0.1940538302470313,0.1566120635826203,0.13490126223298,0.1366188115672351,0.1034736023589088,0.1154455222654272,0.0,0.3771400000000003,33.20386666666666,32.900800000000004,44.24226666666667,49.81744,0.1502917042622218,0.165933996331614,0.1186265559749102,0.1217417132445774,0.1030074786813495,0.103130742996266,22.303238258631783,19.668601794493114
2025,Sohbat pur,40,0.0,33.2967,44.1758,241785.0,0.0,0.0,0.0,0.0,110.0,300.0,13.0,0.0,0.0,0.0,4.549496453460719,12.407717600347416,0.5376677626817213,5.376677626817214,10.96015054697355,0.2481543520069483,0.0,0.0,33.0648,32.9116,48.8492,56.7961,0.0,0.0,0.0,0.0,0.0,0.0,0.0,0.5514200000000008,33.09103333333333,32.38092,49.94036666666667,56.51398,0.0,0.0,0.0,0.0,0.0,0.0,10.96015054697355,12.538887093695626
2025,South,40,0.6857,29.0917,70.3919,2166395.0,4.0,0.0,122.0,0.95,6.0,84.0,0.0,0.0402667952008128,0.1161235979453836,0.0080377265088649,0.0276957803170705,0.3877409244389873,0.0,0.0415436704756057,0.493908082321091,0.0,0.7857,1.1286,27.0286,26.8777,82.9566,84.4227,0.0139259799643057,0.0,0.0,0.0,0.0950809768426856,0.0,0.8666666666666667,2.7142999999999997,27.666,27.39962000000001,79.25706666666666,81.15284,0.0180642583883728,0.017930513398382,0.0026792421696216,0.0016075453017729,0.0704015249293564,0.0422409149576138,0.493908082321091,3.994886490146886
2025,South Waziristan (Lower),40,0.0143,24.7694,51.3844,820861.0,0.0,0.0,0.0,0.0,57.0,133.0,2.0,0.0,0.0,0.0,0.6943928387388364,1.6202499570572848,0.0243646610083802,0.4751108896634144,1.303509363948342,0.1949172880670417,0.0,0.3,26.5262,27.1798,48.3966,56.7394,0.0,0.0,0.0,0.0,0.0,0.0,0.1047666666666668,0.30286,26.158466666666666,26.28558,52.17346666666666,57.25818,0.0,0.0,0.0,0.0,0.0,0.0,1.303509363948342,1.6355844453518236
2025,Sujawal,40,4.7857,28.6637,77.4017,945380.0,0.0,0.0,0.0,0.0,1200.0,2838.0,50.0,0.0,0.0,0.0,12.693308510863355,30.01967462819184,0.5288878546193065,16.057035266242146,16.279168165182256,0.3913770124182869,0.0429,0.0571,28.456,28.1087,75.2305,77.5918,0.0,0.0,0.0,0.0,0.0,0.0,1.6285666666666667,5.16,28.409466666666663,28.22516,76.74133333333334,78.11722,0.0,0.0,0.0,0.0,0.0,0.0,16.279168165182256,20.722095951923677
2025,Sukkur,40,0.0143,32.5509,50.6831,1798882.0,65.0,2.0,5165.0,0.75,2885.0,1322.0,63.0,0.6927544194840568,0.1540288389964156,0.4489535015812276,16.037738995665084,7.349008995587259,0.3502175239954594,27.111283563902468,8.20509627646505,0.4002485988519536,0.0,0.0,31.6571,31.1324,53.714,63.1637,0.4337621394738937,0.641163334458657,0.4123992150745258,0.4664155828075848,0.1553751960796607,0.156515185463248,0.0047666666666663,1.3200000000000007,31.78013333333333,31.40082,55.85360000000001,60.47860000000001,0.5892266311388692,0.4585957410027156,0.442589433154446,0.2655536598926676,0.1553064068464414,0.1219288597395237,8.20509627646505,7.833551208400579
2025,Swabi,40,4.9429,23.8616,71.7846,1963296.0,340.0,2.0,1543.0,0.65,171.0,1352.0,56.0,0.0579616945469869,0.2665130232223849,0.0548721920143611,0.8709843039460172,6.886378824181377,0.2852346258536665,0.6672452854791127,6.392311704399132,0.2597672485453034,0.6,6.8429,25.8313,26.8069,72.5947,75.9852,0.2054877665003789,0.1378339549737159,0.1260391154554484,0.0,0.2730235332145915,0.2680783608887374,4.1286,3.41716,25.49993333333333,26.29942,73.45483333333334,75.0497,0.1337611386736938,0.1042877041082994,0.0603037691566031,0.0484375983427787,0.2692049724419045,0.2858588837689202,6.392311704399132,7.070980177793095
2025,Swat,40,1.4857,20.9796,63.7842,2791410.0,980.0,1.0,5337.0,0.35,143.0,2647.0,94.0,0.149375076255576,0.2234016613321481,0.0665124743641729,0.5122859056892395,9.482662883632289,0.3367473785649546,0.4800441354011055,8.59422299124815,0.1970330406497075,0.3571,8.8286,23.159,23.3846,65.3212,74.2828,0.1348044689989863,0.0756668085144372,0.0432355758884076,0.0,0.2297901213136254,0.1729474159136851,3.5571333333333333,3.8171400000000006,22.50773333333333,23.0971,67.79606666666666,72.93674,0.1199487845896665,0.1075873703244778,0.0365826834175268,0.0314692295872126,0.2087130661864862,0.2252228152039897,8.59422299124815,8.92183342845041
2025,Tando Muhammad Khan,40,2.8,29.3618,72.1852,818443.0,14.0,2.0,1733.0,0.2,2089.0,1289.0,54.0,0.0,0.0,0.0,25.52407437048151,15.749416880589118,0.6597893805677365,24.47329869031808,19.06058210529017,0.9896840708516048,0.0,0.0429,29.1892,28.5076,69.4328,75.8615,0.0,0.0,0.0,0.0,0.0,0.0,0.9476333333333332,3.64286,29.01953333333334,28.86698,72.49316666666667,74.11542,0.0,0.0,0.0,0.0,0.0,0.0,19.06058210529017,16.534137023662446
2025,Tank,40,1.3286,28.4999,54.7621,472690.0,250.0,0.0,1679.0,0.2,413.0,659.0,0.0,0.612006119703668,0.1395888599209439,0.500750065919398,8.737227358310944,13.94148384776492,0.0,5.013856861791026,14.343438617275591,0.0,0.0,0.6286,30.2904,31.4267,54.7517,58.0939,0.5169754243545731,0.5813872420763891,0.4918714306073571,0.4929289097078452,0.1515922130374327,0.1517556006270748,0.6524,1.2343,30.072333333333333,30.13916,55.86923333333332,59.865480000000005,0.5701229287115435,0.4452644504713644,0.4951834687448668,0.29711008124692,0.1476455578618171,0.143317981840948,14.343438617275591,10.919135335242515
2025,Tharparkar,40,2.7,28.6811,75.499,1994728.0,56.0,0.0,19638.0,0.35,3551.0,1922.0,38.0,0.2534059804067451,0.2179028530060589,0.1169707690402681,17.801925876610746,9.635398911530794,0.1905021637035224,19.601670002125605,10.5778833003798,0.0100264296686064,0.0,0.0714,29.9611,28.9123,62.2472,72.8259,0.1760082283204592,0.1776658037030579,0.1047042804120089,0.1163711478791099,0.0,0.2218203092913981,0.923799999999999,4.69428,29.18483333333334,28.862559999999995,70.1907,73.28833999999999,0.2023600041434207,0.1629087993151622,0.1126820657771289,0.0738421353346943,0.1465743874324857,0.1460941832587819,10.5778833003798,8.926251968593652
2025,Thatta,40,3.7286,28.8018,76.1334,1184747.0,10.0,2.0,17355.0,0.35,1402.0,1118.0,110.0,0.4838116040204353,0.1886349382150594,0.3451983580967419,11.833750159316716,9.436613893092789,0.9284682721289862,19.312140060282918,11.901275124562458,0.8018589622932153,0.1286,0.0857,28.2855,27.9843,76.4434,78.7473,0.3970128333226922,0.6636853560442284,0.5632973013586993,0.6329723992951138,0.0041030610684881,0.1327574090111197,1.3143000000000014,4.44002,28.3572,28.15920000000001,77.10803333333332,78.41207999999999,0.5148365977957853,0.4109325460539588,0.513822686250185,0.308293611750111,0.1084984694315557,0.094050129554085,11.901275124562458,9.273952271075524
2025,Tor Ghar,40,1.9714,23.8412,72.8066,206726.0,0.0,0.0,0.0,0.0,90.0,87.0,0.0,0.0,0.0,0.0,4.35358880837437,4.2084691814285575,0.0,4.35358880837437,3.4344978377175583,0.0967464179638748,0.6143,5.2857,25.8951,26.7525,71.0508,76.3553,0.0,0.0,0.0,0.0,0.0,0.0,2.623800000000001,2.11428,25.496266666666667,26.06918,73.40423333333332,75.33474,0.0,0.0,0.0,0.0,0.0,0.0,3.4344978377175583,4.2829864882339805
2025,Umerkot,40,0.9,29.7589,68.7958,1297177.0,12.0,0.0,5608.0,0.35,3058.0,1687.0,44.0,0.433749294618787,0.2116986117178042,0.0,23.57426935568546,13.005164291380437,0.33919812022569,22.703146910560395,13.390616700727811,0.0,0.0,0.0286,29.9687,29.0152,62.0819,71.7523,0.0,0.2663372436255275,0.0,0.1745340655947417,0.0,0.2286136586563526,0.3095333333333333,2.58572,29.58093333333333,29.38326,67.54333333333334,69.83358000000001,0.2333621794147714,0.1762210174792517,0.0581780218649138,0.0349068131189483,0.1467707567913856,0.1385360335076869,13.390616700727811,12.279332157191572
2025,Upper Kurram,40,0.9143,13.1086,68.1837,748325.0,0.0,0.0,0.0,0.0,18.0,146.0,1.0,0.0,0.0,0.0,0.2405371997460996,1.951023953496141,0.0133631777636722,0.2539003775097718,2.4320983529883407,0.133631777636722,0.5286,1.0571,15.0762,15.9958,66.3635,75.5352,0.0,0.0,0.0,0.0,0.0,0.0,0.8333333333333329,1.28858,14.726866666666668,15.48278,70.02746666666667,73.84758000000001,0.0,0.0,0.0,0.0,0.0,0.0,2.4320983529883407,1.9824413033588462
2025,Usta Muhammad,40,0.0,31.649,50.2418,314321.0,0.0,0.0,0.0,0.0,171.0,816.0,16.0,0.0,0.0,0.0,5.440298293782471,25.960721682611087,0.5090337584825704,7.667320987143716,25.101727215171756,0.6362921981032129,0.0,0.0,31.1695,30.7392,60.8593,70.6847,0.0,0.0,0.0,0.0,0.0,0.0,0.0,1.47142,31.185900000000004,30.98126,60.59526666666667,64.67226000000001,0.0,0.0,0.0,0.0,0.0,0.0,25.101727215171756,18.088381675723333
2025,West,40,2.5143,29.7281,71.3935,4732945.0,15.0,0.0,929.0,0.75,301.0,802.0,21.0,0.2535485600657087,0.2092491365606341,0.1129187646383902,0.6359676691784925,1.694505218209804,0.0443698373845459,0.6063877775887951,1.7261979591987653,0.1521251567470148,0.3714,0.6857,27.9525,27.5174,78.8954,81.9526,0.1668392455835917,0.2763429160462721,0.1789313938838621,0.2319465124269844,0.1905545739540111,0.083295930543954,1.1904666666666668,3.06,28.39933333333333,28.126439999999995,77.41383333333333,78.82088,0.2322435738985241,0.203635083002158,0.1745988903164122,0.155627199022646,0.1610332136861997,0.1001877113073377,1.7261979591987653,2.215262639078503
2025,Zhob,40,0.0,24.2861,36.8871,374767.0,1400.0,0.0,20297.0,0.2,47.0,76.0,0.0,0.5670833898652992,0.069868088062094,0.331214469902511,1.254112555267673,2.027926685113684,0.0,0.2668324585675899,0.880547113273047,0.0,0.0,0.0,25.7646,26.2599,40.6245,45.7482,0.3988874354328461,0.51911825884085,0.3787925108288947,0.3898290515291134,0.0667700717324385,0.0684246817666673,0.0,0.25716,25.436866666666663,25.7291,41.0866,47.01214,0.4950296947129984,0.5035488477521479,0.3666120107535063,0.3908123111107527,0.0683542805203999,0.0619451579780731,0.880547113273047,2.945275020261935
2025,Abbottabad,41,7.3714,16.3718,65.1618,1611498.0,1256.0,0.0,1967.0,0.75,200.0,926.0,12.0,0.0046094953713574,0.3663228296543437,0.0049394376200822,1.2410812796540858,5.7462063247984165,0.0744648767792451,0.0124108127965408,4.517535857940873,0.4033514158875779,2.6714,0.4714,21.4087,23.77,58.7859,57.4104,0.1072280691064263,0.0023610071676471,0.0039321274809058,0.0036177416464685,0.0,0.0,3.5047333333333337,2.68854,20.51683333333333,21.6798,60.45269999999999,66.58444,0.0380661905484769,0.0416116060986296,0.0041631022491521,0.0024978613494913,0.1221076098847812,0.2105913518350023,4.517535857940873,6.225786470975455
2025,Badin,41,0.0286,26.5356,64.0312,2182111.0,9.0,1.0,6726.0,0.35,5147.0,2423.0,95.0,0.2080722162607378,0.2899907485073647,0.183269475510027,23.587251061013852,11.103926427207416,0.4353582379631466,21.969551503108686,10.572331105062942,0.6919904624466857,3.6857,0.0143,28.435,28.73,78.2997,71.7396,0.2744305737194578,0.1962580129945419,0.1758560141940895,0.1781014068788541,0.2684140945008034,0.0,1.2428666666666668,4.11144,27.9002,27.8421,71.35683333333333,74.7655,0.2262536009915792,0.2618941855743101,0.1790756321943235,0.1590930357178675,0.1861349476693893,0.173842871302301,10.572331105062942,10.640431548076737
2025,Bajaur,41,0.5714,15.8226,52.2083,1321356.0,900.0,0.0,1290.0,0.2,285.0,560.0,3.0,0.0,0.2327465655389753,0.0,2.1568752100115334,4.238070588092838,0.0227039495790687,1.710364201623181,4.790533361183512,0.098383781509298,1.7143,0.0286,19.9884,22.7732,52.1313,46.9179,0.0190382584312023,0.0,0.0,0.0,0.2463425467234845,0.2563553234397718,0.7714333333333333,0.72002,19.528066666666664,21.09006,50.41916666666668,55.15754,0.006346086143734,0.0065656839952818,0.0,0.0,0.2451481452340772,0.2301421115071976,4.790533361183512,5.067138276151328
2025,Bannu,41,0.2857,22.2285,54.7774,1410816.0,312.0,1.0,1227.0,0.2,1749.0,880.0,82.0,0.2172764154364594,0.1540475755363601,0.2104988036701615,12.397080838323353,6.2375249500998,0.5812239158047541,11.709535474505534,6.053234440210488,0.1842905098893123,3.0714,0.2143,27.672,29.8806,55.1417,50.9607,0.5095235691510398,0.4692986604618709,0.415436258549759,0.3850330596475975,0.1547269013513432,0.1650078280814466,1.1904666666666672,1.0314199999999998,26.5937,28.38026,53.6266,54.95700000000001,0.3986995483497901,0.3945319667062854,0.3369893739558393,0.3252760256399932,0.1579274349897166,0.1619022136661573,6.053234440210488,5.944223236532662
2025,Barkhan,41,0.0,21.7244,50.5286,206726.0,1100.0,0.0,3514.0,0.2,109.0,87.0,17.0,0.1946551681471615,0.1412192114886084,0.1837232360215246,5.272679779031182,4.2084691814285575,0.8223445526929366,4.35358880837437,3.724737091609183,1.4995694784400608,1.0714,0.0,27.9792,28.7795,40.411,51.276,0.3776418772896352,0.1557008740334273,0.1488664940833504,0.1285843688785002,0.1465582611686516,0.142871776815644,0.3571333333333333,0.30856,26.161033333333336,26.91692,47.4052,52.461580000000005,0.2426659731567413,0.2141597470125329,0.1537246996611251,0.1455195255691055,0.1435497498243013,0.1445696377478483,3.724737091609183,3.7013302144377036
2025,Battagram,41,7.8857,15.929,64.0462,575449.0,1036.0,0.0,1301.0,0.2,128.0,322.0,2.0,0.0,0.0,0.0,2.224350029281483,5.59563054241123,0.0347554692075231,2.6240379251679995,4.066389897280211,0.0347554692075231,2.3857,0.3714,20.1144,22.4445,66.3392,65.2962,0.0,0.0,0.0,0.0,0.0,0.0,3.5476000000000005,2.9456999999999995,19.495966666666668,21.03222,65.2272,69.92554,0.0,0.0,0.0,0.0,0.0,0.0,4.066389897280211,5.471947232937087
2025,Buner,41,3.8,17.9764,68.4406,1084406.0,700.0,0.0,1865.0,0.35,252.0,236.0,5.0,0.0286283515552036,0.3391124631002567,0.0002664987263839,2.32385287429247,2.176306660051678,0.0461081919502474,1.5861218030885111,1.623008356648709,0.0,0.3286,0.3714,22.3497,24.4797,65.6715,66.9912,0.0019830571598508,0.0157790889375073,0.0002667385604229,0.0023462495556345,0.3522215034488385,0.3740051309650065,1.499999999999999,1.5914199999999998,21.60193333333333,23.0365,67.03443333333333,71.28078,0.0154634992175205,0.0100477906720232,0.0009598289474804,0.0005758973684882,0.3551130325047005,0.3399747912696054,1.623008356648709,1.8786264756726494
2025,Central,41,0.0857,28.0309,60.9394,3591719.0,10.0,0.0,69.0,0.95,54.0,1107.0,13.0,0.0,0.0887988352480974,0.0,0.1503458371882655,3.082089662359444,0.0361943682119898,0.2227345736122452,3.343802786353832,0.0501152790627551,3.4857,0.3,29.6419,28.1208,70.5615,76.7817,0.0,0.0,0.0,0.0,0.0839951384751387,0.0674648565585158,1.2904666666666669,3.891419999999999,28.59786666666666,27.97738,69.42753333333333,75.30392,0.0,0.0,0.0,0.0,0.0800862767605839,0.0480517660563503,3.343802786353832,2.379397490541404
2025,Chagai,41,0.0,22.9003,12.1425,273217.0,919.0,0.0,44748.0,0.2,62.0,169.0,0.0,0.7741698976093188,0.0448740353675133,0.8247488625896702,2.269258501484168,6.185559463722975,0.0,1.4640377428930118,5.526742479421119,0.0,0.0,0.0,28.0515,31.3816,12.0817,13.8498,0.8201815217644916,0.7281032021702246,0.7957917005879784,0.805771355138395,0.047157310540517,0.0456377266257911,0.0,0.0,27.444466666666667,29.308820000000004,12.691333333333333,16.41078,0.7741515405146783,0.7736672159850247,0.8087706394386812,0.7767031687890357,0.0458896908446071,0.0409368878624964,5.526742479421119,5.388865676016218
2025,Charsadda,41,0.8571,20.187,71.6917,1953624.0,300.0,2.0,996.0,0.2,458.0,1904.0,149.0,0.0,0.2560799215192764,0.0,2.34436104388562,9.745990016502663,0.7626851430981602,2.595176963427968,10.012162012751688,0.2815280729556967,4.0571,2.5857,24.2412,26.6448,72.289,71.9088,0.0319648823693321,0.0,0.0,0.0,0.2767328804922269,0.2585713552114894,2.4999666666666656,2.2657,23.691000000000003,25.38976,71.96316666666667,73.22362000000001,0.0106549607897773,0.0134401502867901,0.0,0.0,0.2637947190743309,0.2709814347909643,10.012162012751688,8.845778862188212
2025,Chitral Lower,41,0.8143,14.5797,58.9457,336081.0,1500.0,1.0,6458.0,0.35,21.0,475.0,4.0,0.1663102484423728,0.0452965867262216,0.0541709768244811,0.6248493666705348,14.133497579452571,0.1190189269848637,0.4165662444470232,13.865704993736628,0.0595094634924318,1.1714,0.0143,18.0577,20.9396,52.8413,48.9268,0.1209830215455447,0.1681848987037423,0.053241172212437,0.0492673283543538,0.0329990816980385,0.0467272121629456,0.6666666666666666,0.4885799999999999,17.858999999999998,19.76872,53.571266666666666,55.7361,0.1518260562305532,0.1163017030078889,0.0522264924637573,0.0360513426327259,0.0416742935290685,0.0417532782072144,13.865704993736628,13.48173673654216
2025,Chitral Upper,41,0.8143,14.5797,58.9457,204308.0,2500.0,1.0,8392.0,0.2,6.0,145.0,11.0,0.1663102484423728,0.0452965867262216,0.0541709768244811,0.2936742565146739,7.097127865771287,0.5384028036102355,0.3915656753528985,6.705562190418388,0.0,1.1714,0.0143,18.0577,20.9396,52.8413,48.9268,0.1209830215455447,0.1681848987037423,0.053241172212437,0.0492673283543538,0.0329990816980385,0.0467272121629456,0.6666666666666666,0.4885799999999999,17.858999999999998,19.76872,53.571266666666666,55.7361,0.1518260562305532,0.1163017030078889,0.0522264924637573,0.0360513426327259,0.0416742935290685,0.0417532782072144,6.705562190418388,7.770248398058787
2025,D.I. Khan,41,0.7286,23.4939,65.5083,2050338.0,0.0,0.0,0.0,0.0,1048.0,1898.0,0.0,0.0,0.0,0.0,5.111352372145471,9.257010307568802,0.0,4.4139063900683695,10.130037096322654,0.0,1.0286,0.0,28.6743,30.1201,62.2313,67.2962,0.0,0.0,0.0,0.0,0.0,0.0,0.5857333333333333,0.91716,27.42943333333333,28.89982,65.01193333333333,65.78620000000001,0.0,0.0,0.0,0.0,0.0,0.0,10.130037096322654,9.305041780693855
2025,Dera Bugti,41,0.0,24.024,52.9749,378394.0,250.0,0.0,10160.0,0.2,50.0,42.0,0.0,0.4549406062318383,0.1042257726113179,0.4877430544317602,1.321374017558418,1.109954174749071,0.0,1.1363816551002397,0.8456793712373875,0.0,1.0857,0.0,29.7752,29.6609,46.5951,56.155,0.6316358095514695,0.4393712060118743,0.4705020637285465,0.4138255674744911,0.0960418637042039,0.0944360595379599,0.3619000000000001,0.32856,27.82003333333334,28.269920000000003,51.90833333333334,57.97632000000001,0.5086492072650607,0.4884050954929091,0.4573568952115993,0.3998823313326779,0.0982345652844939,0.0950771839277534,0.8456793712373875,1.6477365910022135
2025,Dir Lower,41,1.8714,21.5185,60.7246,1734809.0,800.0,1.0,1583.0,0.35,117.0,1765.0,27.0,0.0,0.0,0.0,0.6744258301634358,10.17403068579884,0.1556367300377159,0.9684063202346772,9.770528052367723,0.1441080833682555,3.4714,0.5857,25.6744,28.6375,69.3319,61.6696,0.0,0.0,0.0,0.0,0.0,0.0,1.9761666666666668,1.7028399999999997,25.2768,26.89144,63.9087,66.10538000000001,0.0,0.0,0.0,0.0,0.0,0.0,9.770528052367723,10.554595148495293
2025,Dir Upper,41,2.4143,13.597,60.223,1143644.0,1200.0,1.0,3699.0,0.35,18.0,1190.0,13.0,0.0,0.0,0.0,0.1573916358587112,10.4053359262148,0.1136717370090692,0.1836235751684965,9.504706009912177,0.0174879595398568,0.8143,0.0286,17.1899,19.4827,59.925,56.7326,0.0,0.0,0.0,0.0,0.0,0.0,1.0857333333333334,0.7600199999999997,16.756533333333334,18.41398,58.96019999999999,62.62536,0.0,0.0,0.0,0.0,0.0,0.0,9.504706009912177,10.964297792489663
2025,East,41,0.0,27.4825,65.1742,3514347.0,10.0,0.0,165.0,0.95,81.0,294.0,2.0,0.0393187864670754,0.1322213222075187,0.0231048539033329,0.2304837854656925,0.8365707768754764,0.0056909576658195,0.1565013358100381,0.7568973695540026,0.0085364364987293,3.9714,0.1571,29.1492,27.8905,74.598,79.3725,0.0401009374393404,0.0103164000502403,0.0059603329565306,0.0,0.1220952130648976,0.1000591574589211,1.376166666666667,4.91714,28.174066666666665,27.7079,73.04823333333333,77.9122,0.0299120413188853,0.0228913323970357,0.0096883956199545,0.0058130373719727,0.1181252309104458,0.0708751385462674,0.7568973695540026,1.008022029311764
2025,Ghotki,41,0.0,26.6525,53.9411,1989892.0,72.0,1.0,6083.0,0.35,6999.0,1293.0,238.0,0.5518955499612854,0.2237666442487378,0.5164625571901468,35.1727631449345,6.497840083783442,1.1960448104721262,30.815742763928892,5.563115988204386,1.0352320628456215,0.0143,0.0,31.2454,30.693,56.7592,59.9124,0.5495179548633107,0.1510642406430775,0.1431919700023137,0.1393562394985935,0.2167753109872805,0.2065112663090891,0.0047666666666666,0.7371399999999999,29.5303,29.697479999999995,56.8709,62.14166,0.4174925818225579,0.4636379778012148,0.2663369222303513,0.2592982465828845,0.2156844071817024,0.2258639569753858,5.563115988204386,7.022409947419492
2025,Hangu,41,1.7,18.8372,56.255,627433.0,900.0,0.0,1097.0,0.2,146.0,333.0,5.0,0.1615501134074579,0.2092494864349554,0.1121345979983186,2.326941681422558,5.307339588450082,0.0796897836103615,2.024120503703184,3.601978219188344,0.2709452642752294,3.0571,0.7429,23.5836,25.8937,58.2296,52.8677,0.1318490299437663,0.1853488980125905,0.0909926064589917,0.0988541384369818,0.2100583858527337,0.2203093584620408,1.8333333333333333,1.53716,22.771500000000003,24.533,55.7841,58.03872,0.1595826804546049,0.1300170267278251,0.1006604476314307,0.0700880720688912,0.2132057435832433,0.2186495193888609,3.601978219188344,3.8642614804794775
2025,Haripur,41,6.1857,19.0464,69.9846,1212553.0,605.0,2.0,1725.0,0.65,10.0,939.0,26.0,0.1556259019991379,0.3060676059086473,0.1025606930389218,0.0824706219027127,7.743991396664724,0.214423616947053,0.1484471194248828,8.1810856927491,0.4041060473232922,2.3571,0.7286,23.367,25.3372,71.3602,70.7964,0.1422106783276324,0.1433747398910726,0.1011524617242644,0.1208260274174932,0.0,0.0,3.090466666666666,2.68,22.58353333333333,24.20256,70.71373333333334,73.53524,0.1470704400726143,0.1214678601746509,0.1081797273935598,0.0649078364361358,0.1020225353028824,0.182502403456086,8.1810856927491,7.571019012099001
2025,Hub,41,0.0,26.6505,65.042,461810.0,0.0,0.0,0.0,0.0,59.0,157.0,1.0,0.0,0.0,0.0,1.2775816894393797,3.3996665295251294,0.0216539269396505,2.1653926939650505,3.7461293605595376,0.0,1.3429,0.2286,29.1883,27.5511,70.6579,79.2712,0.0,0.0,0.0,0.0,0.0,0.0,0.5238333333333334,3.0857399999999995,27.796633333333336,27.43858,71.65703333333335,76.38978,0.0,0.0,0.0,0.0,0.0,0.0,3.7461293605595376,3.7027745975617625
2025,Hyderabad,41,0.0,28.5253,46.303,2659637.0,20.0,2.0,993.0,0.75,2254.0,2769.0,50.0,0.1646928266468328,0.2919306132178833,0.1432803523107669,8.47484073954453,10.411195211978177,0.1879955798479266,8.320684364069232,9.53137589828988,0.184235668250968,1.7714,0.0286,30.1196,29.7634,67.688,65.666,0.2052419915780056,0.1136335246298653,0.1039308381215947,0.1027525690704305,0.2709423253832811,0.0,0.6,2.4400000000000004,29.46943333333333,28.98298,59.88566666666666,66.85182,0.1611894476182345,0.1700462145041175,0.1166545865009307,0.1008725127387964,0.1876243128670548,0.2000830720652384,9.53137589828988,9.418609908927875
2025,Jacobabad,41,0.0,27.9479,43.47,1216179.0,55.0,0.0,2686.0,0.35,1766.0,766.0,185.0,0.2563361816074044,0.2973029084139073,0.2947252262325924,14.520888783641224,6.298414953719806,1.5211576585354625,15.94337675621763,6.89865554330407,1.3073733389575053,0.0,0.0,32.7765,32.4914,45.2435,51.211,0.4481849749884515,0.2492905430713643,0.2759390543640813,0.232219863993157,0.2910523216867001,0.3423442433035555,0.0,0.4628600000000003,31.07193333333333,31.0115,46.6415,54.7197,0.3179372332224067,0.3373619296769805,0.2676280481966102,0.2223644436347015,0.3102331578013876,0.3087316330286613,6.89865554330407,6.088431213046525
2025,Jaffarabad,41,0.0,0.0,0.0,621388.0,55.0,1.0,1643.0,0.2,911.0,518.0,95.0,0.3489418330899111,0.2935685879915871,0.4255261289627821,14.660727275068073,8.336176430829047,1.528835445808416,4.843994412508771,5.262412534519496,0.0643720187708806,0.0,0.0,0.0,0.0,0.0,0.0,0.6641309889070743,0.4435718198409275,0.5401319849284537,0.4070324300431441,0.2737559964224912,0.2851839031310532,0.0,0.0,0.0,0.0,0.0,0.0,0.485548213945971,0.5128527415697083,0.4575635146447932,0.3675801620578986,0.2841694958483771,0.2784586697397769,5.262412534519496,7.762217728192295
2025,Jhal Magsi,41,0.0,0.0,0.0,180130.0,60.0,0.0,3615.0,0.2,147.0,172.0,6.0,0.7543218246089775,0.1140263079863964,0.7347250660718384,8.160772775217898,9.5486593016155,0.3330927663354244,9.326597457391884,9.27108199633598,0.0,0.0,0.0,0.0,0.0,0.0,0.0,0.7558210963195158,0.7571539453328744,0.7373837406132786,0.7282348382521164,0.0905112690343112,0.0976600571005173,0.0,0.0,0.0,0.0,0.0,0.0,0.7557656220871226,0.7539744359317385,0.7334478816457445,0.674597410442648,0.1007325447070749,0.1001060217074659,9.27108199633598,9.810025878102042
2025,Kachhi (Bolan),41,0.0,23.231,32.5409,417079.0,0.0,0.0,0.0,0.0,166.0,187.0,40.0,0.0,0.0,0.0,3.980061331306539,4.483563065989896,0.959050923206395,6.569498823963806,6.497570004723326,0.8151932847254357,0.0,0.0,28.8164,29.4372,31.6029,43.7009,0.0,0.0,0.0,0.0,0.0,0.0,0.0,0.3628600000000002,27.16153333333333,27.6483,35.94823333333333,44.1923,0.0,0.0,0.0,0.0,0.0,0.0,6.497570004723326,3.1036595511242817
2025,Kalat,41,0.0,14.4071,20.9176,498077.0,2000.0,0.0,7654.0,0.2,0.0,0.0,0.0,0.14595070456114,0.0743082851633865,0.0953231700987178,0.0,0.0,0.0,0.2610038206943906,0.3212354716238653,0.0,0.0,0.0,20.0598,21.9306,22.9905,20.6621,0.1585352408255337,0.1562141699810928,0.0972311804383702,0.1035010881095327,0.0758399138993918,0.0743970309695459,0.0,0.00572,18.799166666666665,20.3015,21.523399999999995,25.98394,0.1535667051225888,0.1608126398552461,0.0986851462155402,0.1198987609988735,0.0748484100107747,0.0759741487929824,0.3212354716238653,1.3414740302385928
2025,Kamber,41,0.0,28.4366,42.5419,1621170.0,50.0,0.0,5599.0,0.2,5599.0,1904.0,168.0,0.0,0.0,0.0,34.5367851613341,11.744604205604595,1.036288606376876,40.10683642060981,11.096923826619047,1.246013681476958,0.0143,0.0,33.4988,32.6678,45.1583,53.6284,0.0,0.0,0.0,0.0,0.0,0.0,0.0047666666666666,1.9485799999999995,31.5344,30.76594,47.10953333333333,58.4526,0.0,0.0,0.0,0.0,0.0,0.0,11.096923826619047,12.684732130627868
2025,Karak,41,0.4714,21.7622,52.852,853502.0,500.0,0.0,3372.0,0.2,253.0,517.0,4.0,0.0,0.1582795919925457,0.0,2.9642578459101445,6.057396467729425,0.0468657366942315,3.971871184836122,5.459858324877974,0.0234328683471157,1.4,0.3571,27.0301,29.7964,52.7518,46.8238,0.4267135785170415,0.5398867079976052,0.4307186923455802,0.3804556117411436,0.1543778504323998,0.162153386679273,0.7428333333333333,0.6628400000000003,26.19623333333334,27.6716,50.8092,53.22392,0.3222000955048823,0.3153799669339759,0.2703914346955746,0.2397292466515085,0.1582702763680728,0.1588675481973994,5.459858324877974,5.028057614606466
2025,Kashmore,41,0.0571,26.2822,55.9836,1316520.0,60.0,2.0,2592.0,0.35,2189.0,306.0,80.0,0.0,0.0,0.0,16.627168595995503,2.324309543341537,0.6076626257102057,16.118251146963207,1.822987877130617,0.7215993680308692,0.0,0.0,31.3096,30.7027,55.3044,60.0777,0.0,0.0,0.0,0.0,0.0,0.0,0.0190333333333333,0.5885599999999992,29.4315,29.59124,57.1219,62.68715999999999,0.0,0.0,0.0,0.0,0.0,0.0,1.822987877130617,2.852013908820373
2025,Keamari,41,0.1429,27.9138,64.5391,2215961.0,2.0,0.0,559.0,0.2,17.0,669.0,0.0,0.3574169186009022,0.1990022119331604,0.2095242520682632,0.0767161515929206,3.0190062009214063,0.0,0.0586652923945863,2.7888577461426443,0.0,2.3857,0.5,29.7683,27.9835,71.2507,78.6696,0.2535485600657087,0.1668392455835917,0.1129187646383902,0.1789313938838621,0.2092491365606341,0.1905545739540111,1.0095333333333334,3.54858,28.5552,28.02484,71.48646666666667,76.44922,0.2592682414167341,0.2472676955310566,0.1671248035301718,0.1737064133682756,0.1996019741492685,0.1399881536939698,2.7888577461426443,2.6284855230660327
2025,Khairpur,41,0.0,28.2138,42.9493,2908676.0,53.0,2.0,15910.0,0.5,9737.0,3314.0,295.0,0.7681891815922496,0.1484037582272683,0.8902326238037745,33.47571197342021,11.393499997937203,1.0142071512949535,31.43010771911344,11.228476461455315,0.8113657210359627,0.3571,0.0,32.8983,31.8298,50.1066,53.3914,0.913187962592188,0.4096781881676365,0.5179101131603927,0.3957525199487699,0.1439752466515079,0.1924128831128412,0.1190333333333333,1.8257,30.980633333333333,30.40716,48.81576666666666,58.32840000000001,0.697018444117358,0.6882404107375941,0.601298418970979,0.4754974214686031,0.1615972959972058,0.1590324259944927,11.228476461455315,11.033529322524423
2025,Kharan,41,0.0,23.45,17.098,188592.0,700.0,0.0,14958.0,0.2,41.0,179.0,0.0,0.6410723941086378,0.0475458569689403,0.5864576405715624,2.174005260032239,9.491388818189533,0.0,3.181471112242301,10.39280563332485,0.0,0.0,0.0,29.0738,31.8964,12.1348,14.415,0.6162972410665649,0.6425259603303164,0.6023077528590309,0.610839145448194,0.0457836117478386,0.0473658651475257,0.0,0.0,28.140066666666662,29.85658,14.549266666666666,19.67522,0.633298531835173,0.6392875663372773,0.5998681796262624,0.6073757470642001,0.0468984446214348,0.042122801954404,10.39280563332485,8.254889349488522
2025,Khuzdar,41,0.0,20.4934,34.6959,969559.0,1237.0,0.0,35380.0,0.2,76.0,90.0,0.0,0.153033680779806,0.1008622768297839,0.0584059202119247,0.7838615287981443,0.92825707357675,0.0,0.0618838049051166,0.1753374472311638,0.0,0.0,0.5143,25.5916,27.9464,40.0289,42.5644,0.0785336329950974,0.157048313670001,0.0582153640916914,0.0742340671909488,0.1013365426760847,0.0996507821669327,0.1714333333333333,0.1999999999999999,24.67713333333333,25.55012,39.0964,43.12554,0.1295385424816348,0.121664687932566,0.0636184504981883,0.0645709700361632,0.1006165338909337,0.1036846464037335,0.1753374472311638,1.2420649947406197
2025,Khyber,41,0.7,19.2906,54.6953,1193210.0,1000.0,0.0,2576.0,0.2,687.0,761.0,67.0,0.0637675330397152,0.2323832153372465,0.0033158687345815,5.757578297198314,6.377754125426371,0.561510547179457,6.067666211312343,6.310708089942256,0.1005690532261714,2.4143,0.0143,23.6305,26.4034,58.6334,51.4882,0.0740499449143201,0.0824054831891752,0.0220808882138094,0.0200066045192833,0.2253405463338549,0.2201349102590386,1.0428666666666666,0.92,23.108166666666666,24.92628,54.938966666666666,57.4269,0.0734076537144035,0.0736635685023358,0.015134453822558,0.0186534230200881,0.22595289064338,0.2042432916881445,6.310708089942256,5.4252390661211916
2025,Killa Abdullah,41,0.0,18.6201,12.2732,915157.0,1500.0,0.0,3553.0,0.2,19.0,246.0,14.0,0.29657604955265,0.0551422483017726,0.2658614361091996,0.2076146497267681,2.6880633596202617,0.1529792155881449,0.2076146497267681,2.28376114699445,0.1529792155881449,0.0,0.0,24.0585,26.7204,10.6517,13.2692,0.5444816530271541,0.0,0.0,0.0,0.0563481758695506,0.0592634165393152,0.0,0.0,23.133,25.00824,12.0647,14.64204,0.2803525675266013,0.3921146611170474,0.0886204787030665,0.2364380100400524,0.0569179469035461,0.056592305361805,2.28376114699445,2.703853323827599
2025,Killa Saifullah,41,0.0,17.9773,23.2689,413453.0,1500.0,0.0,6831.0,0.2,193.0,139.0,0.0,0.4776785260357087,0.0600378483301308,0.5015660232245717,4.6680033764418205,3.361929892877788,0.0,5.683838308102734,6.143382681949339,0.0,0.0,0.0,23.5755,25.4793,27.7245,16.5323,0.5328997966952591,0.5118562171037373,0.5174362603626749,0.4211079622682536,0.062282346983012,0.0620429712648292,0.0,0.00572,22.34403333333333,23.59018,22.508566666666663,28.858600000000003,0.5074781799449016,0.5028716071573894,0.4800367486185,0.4632546518044043,0.061454388859324,0.0621807366769833,6.143382681949339,3.5623626957425416
2025,Kohat,41,0.2429,22.0876,48.5468,1200463.0,500.0,0.0,2545.0,0.65,273.0,680.0,12.0,0.0,0.1785889273635541,0.0,2.274122567709292,5.664481121034135,0.0999614315476612,2.257462329118016,3.8568452338805934,0.2249132209822377,2.4714,0.2,26.4215,29.0796,54.2221,48.1121,0.2513056798680471,0.0979321578416584,0.0251975078870845,0.0191406973564668,0.1720140168401844,0.1634698882400941,0.9714333333333336,0.8457199999999997,25.862900000000007,27.28968,50.293666666666674,53.840700000000005,0.1164126125699018,0.1182627769633084,0.0147794017478504,0.011433814905814,0.1713576108146108,0.1773936399649269,3.8568452338805934,5.100726565709416
2025,Kohistan Lower,41,0.0,-4.8376,79.5008,244203.0,1500.0,2.0,1200.0,0.2,12.0,131.0,0.0,0.0792032414480239,0.1299553817112147,0.0276623148881619,0.4913944546135797,5.364389462864912,0.0,0.1637981515378599,6.347178372092071,0.0,0.0429,0.2714,1.3841,4.5184,71.873,64.9711,0.2027457928440556,0.0529727000996346,0.018031964105386,0.0152219496732018,0.0678820227455346,0.1345829402005384,0.1047666666666666,0.4342800000000004,0.3549666666666666,2.8217399999999992,72.11496666666666,72.05328,0.1116405781305713,0.0974847877821897,0.0203054095555832,0.0121832457333499,0.1108067815524292,0.1428519635082447,6.347178372092071,5.366234046673293
2025,Kohistan Upper,41,0.0,-4.8376,79.5008,369931.0,2500.0,2.0,4000.0,0.2,14.0,311.0,4.0,0.0792032414480239,0.1299553817112147,0.0276623148881619,0.3784489539941232,8.406973192298024,0.1081282725697495,0.2703206814243737,7.596011148024901,0.5136092947063101,0.0429,0.2714,1.3841,4.5184,71.873,64.9711,0.2027457928440556,0.0529727000996346,0.018031964105386,0.0152219496732018,0.0678820227455346,0.1345829402005384,0.1047666666666666,0.4342800000000004,0.3549666666666666,2.8217399999999992,72.11496666666666,72.05328,0.1116405781305713,0.0974847877821897,0.0203054095555832,0.0121832457333499,0.1108067815524292,0.1428519635082447,7.596011148024901,8.395384521412037
2025,Kohlu,41,0.0571,20.4038,49.8314,258710.0,1000.0,0.0,7610.0,0.2,95.0,143.0,1.0,0.1640968150771076,0.109004438229024,0.2295626682456309,3.672065246801438,5.527424529395849,0.0386533183873835,3.053612152603301,5.063584708747245,0.0,0.8143,0.0,25.9401,27.2047,43.4581,53.3399,0.4533155430930651,0.1649531324043288,0.2160516195679803,0.141657645023713,0.1089829235320317,0.106223611711823,0.2904666666666667,0.25714,24.5162,25.486420000000003,48.876466666666666,53.0111,0.2607884968581671,0.2277566687914642,0.1957573109457747,0.1777321864826626,0.1080703244909595,0.1105940501290038,5.063584708747245,5.33786149019535
2025,Kolai Palas,41,0.0,-4.8376,79.5008,331246.0,0.0,0.0,0.0,0.0,6.0,91.0,3.0,0.0,0.0,0.0,0.1811342627533615,2.74720298509265,0.0905671313766807,0.0603780875844538,3.1396605543916003,0.0,0.0429,0.2714,1.3841,4.5184,71.873,64.9711,0.0,0.0,0.0,0.0,0.0,0.0,0.1047666666666666,0.4342800000000004,0.3549666666666666,2.8217399999999992,72.11496666666666,72.05328,0.0,0.0,0.0,0.0,0.0,0.0,3.1396605543916003,2.548264151463168
2025,Korangi,41,0.0286,28.0915,62.5448,2970331.0,8.0,0.0,95.0,0.2,105.0,414.0,0.0,0.0393187864670754,0.1322213222075187,0.0231048539033329,0.3534959571845696,1.3937840597563032,0.0,0.3770623543302076,1.124453806663298,0.0,2.9,0.3714,29.632,28.0698,71.7966,78.3287,0.0401009374393404,0.0103164000502403,0.0059603329565306,0.0,0.1220952130648976,0.1000591574589211,1.1,4.305719999999999,28.59776666666667,28.01826,70.89003333333334,76.39840000000001,0.0299120413188853,0.0228913323970357,0.0096883956199545,0.0058130373719727,0.1181252309104458,0.0708751385462674,1.124453806663298,1.5266095631331753
2025,L & C Kurram,41,1.2857,8.7395,68.6757,604463.0,0.0,0.0,0.0,0.0,0.0,20.0,3.0,0.0,0.0,0.0,0.0,0.3308721956513467,0.049630829347702,0.1323488782605387,0.2150669271733754,0.0,0.9143,0.5286,13.1086,15.0762,68.1837,66.3635,0.0,0.0,0.0,0.0,0.0,0.0,0.9095333333333334,0.90286,12.3081,13.97372,67.74096666666667,71.44186,0.0,0.0,0.0,0.0,0.0,0.0,0.2150669271733754,0.8041620913095997
2025,Lakki Marwat,41,0.4857,22.4787,60.0243,1059019.0,250.0,1.0,3164.0,0.2,852.0,986.0,12.0,0.1699116165615991,0.1200256828665672,0.1177697379715526,8.045181436782531,9.310503399844574,0.1133124146025708,7.7713431014929855,7.355864247950226,0.1038697133856899,1.7143,0.3714,27.7653,29.5992,59.4387,59.0626,0.7061891335470062,0.8199553584295064,0.6717026674676477,0.72766512761368,0.1117628566460842,0.1175974324175546,0.8571333333333326,0.98,26.614400000000003,28.52964,59.50853333333333,59.61391999999999,0.5653520361793706,0.634501298212627,0.5057125110176267,0.5467781459923771,0.116461990643402,0.1135653030456008,7.355864247950226,8.212419484219245
2025,Larkana,41,0.0,28.8339,40.7802,1842403.0,48.0,2.0,1906.0,0.5,8084.0,1889.0,38.0,0.2918456877036813,0.2944194986224144,0.2802109936241799,43.87747957422996,10.252914264685849,0.206252378008503,43.128457780409605,9.330206257805704,0.227963154640977,0.0429,0.0,33.519,32.4664,45.7695,52.8564,0.4380465538470229,0.3357276405553284,0.3175152436647775,0.2268331115467696,0.2791176743733549,0.2753809749294348,0.0143000000000002,1.3743000000000003,31.60643333333333,30.94266,46.468700000000005,56.809000000000005,0.3552066273686775,0.3961823328149553,0.2748531162785756,0.2328841385907591,0.282972715975068,0.2707867871875254,9.330206257805704,9.295425778272872
2025,Lasbella,41,0.0429,25.6707,68.1699,697550.0,0.0,0.0,0.0,0.0,686.0,390.0,13.0,0.0,0.0,0.0,9.83442047165078,5.590997061142571,0.1863665687047523,9.748405132248584,6.107089097555732,0.1576947889040212,0.1714,0.9286,29.5424,26.274,65.4988,85.9094,0.0,0.0,0.0,0.0,0.0,0.0,0.3809666666666667,3.42858,27.162366666666667,26.737919999999995,73.1927,78.83596,0.0,0.0,0.0,0.0,0.0,0.0,6.107089097555732,5.946835574762293
2025,Loralai,41,0.0,18.2627,35.4362,479944.0,1400.0,0.0,3785.0,0.2,58.0,252.0,0.0,0.2082944723979754,0.0932962977092526,0.1609340280476958,1.2084743220042338,5.250612571466671,0.0,1.6043538412814828,5.104762222259264,0.0,0.0143,0.0,23.9124,25.4594,37.0343,30.8717,0.3195288972435884,0.2128409372347383,0.1584025473308652,0.1909159052333085,0.0918533535967665,0.0919030505019803,0.0047666666666666,0.02,22.544833333333333,23.51208,34.447399999999995,40.819,0.2468881022921007,0.2359047527666845,0.1700841602039565,0.1809306919419705,0.0923509006026664,0.094137474299196,5.104762222259264,4.8343229302383275
2025,Malakand,41,1.7143,19.9584,53.763,870427.0,700.0,1.0,952.0,0.2,46.0,917.0,5.0,0.0,0.2788690870790574,0.0,0.528476253608861,10.535059229550557,0.0574430710444414,0.3331698120577602,9.259823052363956,0.0,4.2571,0.9714,24.0269,26.4165,56.6419,54.5215,0.0096568892829587,0.0,0.0,0.0,0.3070258725876503,0.3071425011226087,2.3142666666666667,2.7514200000000004,23.467266666666664,24.7445,54.97546666666667,60.17316000000001,0.0032189630943195,0.0032175421694964,0.0,0.0,0.2976791535964388,0.2878765191410373,9.259823052363956,10.336205263337854
2025,Malir,41,0.0,27.5193,63.6568,2428732.0,20.0,0.0,2268.0,0.75,119.0,1177.0,35.0,0.3032533886446085,0.2101897212497398,0.1888272738060873,0.4899676044948557,4.846150172188615,0.1441081189690752,0.7905359669160698,5.970193500147403,0.2593946141443354,2.7286,0.0571,29.1735,27.9208,73.7716,78.8545,0.2283958724202625,0.2072100403099,0.151817900916675,0.0,0.208001793840152,0.1790643911217562,0.9285666666666668,4.06286,28.20453333333333,27.70174,72.0943,77.3717,0.2462864337915903,0.1966784425138534,0.1135483915742541,0.0681290349445524,0.1990853020705493,0.1648509522373458,5.970193500147403,4.931339809244799
2025,Mansehra,41,5.2571,15.8901,67.9589,1881089.0,1000.0,0.0,4579.0,0.2,11.0,716.0,10.0,0.1392820861556473,0.2431292706967742,0.0362172893545892,0.0584767653205138,3.80630581540799,0.0531606957459216,0.0318964174475529,4.539923416701709,0.1382178089393962,1.8429,0.5571,20.671,22.8722,63.8696,63.2341,0.1185470201125812,0.1034890604483011,0.0294978424424035,0.0290762815437611,0.0,0.1387265863988327,2.552366666666667,2.25712,19.8111,21.296479999999995,65.02086666666666,69.38638,0.1204393889055098,0.0939830626175858,0.0315971377802512,0.0189582826681507,0.1272852856985356,0.2050857430201243,4.539923416701709,3.8774672102416723
2025,Mardan,41,1.1,19.5806,73.9256,2868781.0,300.0,0.0,1632.0,0.65,311.0,1371.0,15.0,0.1381545734086005,0.2634690310822895,0.0044747349580063,1.084084145844524,4.779033324607211,0.052287016680604,0.7738478468729402,3.618261554297801,0.052287016680604,4.5143,1.5429,23.9719,26.1005,72.6425,73.086,0.0180901624996138,0.0525676902022462,0.0030638953490068,0.000744088870473,0.2927536735542536,0.292649649150519,2.385733333333333,2.04002,23.21766666666667,25.11228,73.21803333333334,74.02742,0.0696041420368202,0.0450734743068997,0.0027609063924953,0.0016565438354972,0.282957451262354,0.2877941296850896,3.618261554297801,3.3307017675536867
2025,Mastung,41,0.0,15.7956,20.3217,321574.0,1700.0,0.0,3308.0,0.2,77.0,119.0,0.0,0.0354369046349304,0.0685084346358309,0.007719574308348,2.3944721899158514,3.700547929869952,0.0,2.270084024205937,4.229197634137089,0.0310970414274785,0.0,0.0,21.353,23.9161,29.905,17.6893,0.2299805139160801,0.0908779844398142,0.0025519469347963,0.0067117687327186,0.06987422310727,0.0691784570202694,0.0,0.0,20.3549,21.68016,22.638666666666666,28.8061,0.1187651343302748,0.1650902361764743,0.0056610966586209,0.0876904897273214,0.0691870382544567,0.0699258474064167,4.229197634137089,4.788343761677231
2025,Mirpurkhas,41,0.0,27.7482,50.888,1820642.0,16.0,0.0,2925.0,0.5,6166.0,3017.0,96.0,0.0,0.0,0.0,33.867174326418926,16.571077674798232,0.5272865285981538,28.105470487882847,14.291661952212465,0.8568406089720001,1.8857,0.0143,29.975,29.6438,67.0224,65.9514,0.0,0.0,0.0,0.0,0.0,0.0,0.6333333333333327,1.8571400000000005,29.12233333333334,28.74638,61.28726666666668,67.83973999999999,0.0,0.0,0.0,0.0,0.0,0.0,14.291661952212465,16.672785414274557
2025,Mohmand,41,1.7143,19.9584,53.763,563359.0,600.0,0.0,2296.0,0.2,289.0,96.0,4.0,0.0,0.1634549436414821,0.0,5.129943783626427,1.7040643710316157,0.0710026821263173,5.05894110150011,2.183332475384258,0.159756034784214,4.2571,0.9714,24.0269,26.4165,56.6419,54.5215,0.1896356227576397,0.0,0.0,0.0,0.1734967548809101,0.170908431869567,2.3142666666666667,2.7514200000000004,23.46726666666667,24.7445,54.97546666666667,60.17316000000001,0.0632118742525465,0.1981328741942695,0.0,0.1476010722687236,0.169286710130653,0.1595150084618531,2.183332475384258,2.362650677195015
2025,Naseerabad,41,0.0,28.912,39.3751,592374.0,0.0,0.0,0.0,0.0,154.0,312.0,100.0,0.0,0.0,0.0,2.5997089676454403,5.266942843541411,1.6881227062632729,2.6503526488333384,5.503280022418269,1.3504981650106185,0.0143,0.0,33.764,33.592,42.5086,47.5181,0.0,0.0,0.0,0.0,0.0,0.0,0.0047666666666666,1.03144,32.089333333333336,31.750659999999996,43.13393333333333,52.2008,0.0,0.0,0.0,0.0,0.0,0.0,5.503280022418269,4.520569849759496
2025,Naushero Feroze,41,0.0,27.756,46.1347,1948788.0,38.0,2.0,2945.0,0.2,2434.0,1526.0,219.0,0.227093186797309,0.2676776916959438,0.2146195119832856,12.489814181942828,7.830507987528659,1.1237753927056202,12.782303667715524,8.015238189069308,0.990359136037373,0.0429,0.0,32.017,31.0548,55.5074,59.9504,0.3547503100165502,0.1522640056556422,0.1470564109492537,0.108758290661996,0.2648029015422072,0.189706642472445,0.0143000000000005,2.87144,30.27593333333333,29.7901,53.86416666666667,62.63306,0.2447025008231671,0.2586270487070529,0.1568114045315118,0.1381050913984352,0.2407290785701986,0.2536137533891492,8.015238189069308,7.362249455103464
2025,North Waziristan,41,1.3286,6.1029,68.1418,656447.0,1000.0,1.0,4707.0,0.2,118.0,39.0,21.0,0.1842651538771619,0.1435621160013493,0.1213199259548313,1.7975556290149852,0.5941073689117324,0.3199039678755482,1.6452204062171052,0.3656045347149122,0.4265386238340642,3.1429,1.1714,11.1687,13.5166,61.4109,59.2119,0.3007261481375529,0.0926469144829887,0.0688722831936075,0.071194975632643,0.1413023433207154,0.147875267856171,1.8809666666666665,1.38286,10.262733333333331,11.91578,62.92153333333334,67.14532,0.1925460721659011,0.1681916065826295,0.0871290615936939,0.0770728434869995,0.1442465757260786,0.1397152392861219,0.3656045347149122,1.125405565748184
2025,Nowshera,41,1.8714,21.577,60.7371,1835149.0,280.0,2.0,1748.0,0.65,632.0,2346.0,19.0,0.4336906736217807,0.2176436598163701,0.2228298911133507,3.443862051528241,12.783703121653884,0.1035338274984756,2.6264897291718547,13.753651610850126,0.0435931905256739,3.4714,0.5857,25.7329,28.696,69.3424,61.682,0.1687066739941421,0.4262936989097818,0.2164362748980027,0.1728275566740285,0.2277223071617127,0.2009276821583716,1.9761666666666668,1.7028399999999997,25.335300000000004,26.949940000000005,63.92049999999998,66.11663999999999,0.3428970155085682,0.2325023295176627,0.2040312408951273,0.1224187445370764,0.2154312163788181,0.2199918379765186,13.753651610850126,11.710305238800055
2025,Orakzai,41,0.8286,17.5921,57.1428,307067.0,1200.0,0.0,1538.0,0.2,24.0,53.0,0.0,0.2483706453121346,0.2962085287682738,0.0974690203413607,0.7815883829913342,1.726007679105863,0.0,0.6513236524927785,1.4003458528594737,0.0,2.5429,0.6714,22.4903,24.8439,58.0011,52.8297,0.0171367849536741,0.1145439790209846,0.0158340344931341,0.0227042221211399,0.2874572437745846,0.2940230332387977,1.3476333333333328,1.14,21.6421,23.44686,55.9912,58.10328,0.1266838030955977,0.1048818689414423,0.0453357589852115,0.0383969855380453,0.292562935260552,0.2695380275526352,1.4003458528594737,1.996860264629837
2025,Panjgur,41,0.0,22.468,40.7853,382021.0,900.0,0.0,16891.0,0.2,87.0,62.0,0.0,0.3345179286274114,0.0414182467147797,0.3180320055497367,2.277361715717199,1.6229474295915671,0.0,2.3558914300522744,1.4658880009214152,0.0,0.0,0.0,27.1537,28.7412,23.7377,40.1992,0.4451197243115659,0.3529170664919733,0.3559313524548967,0.3549126917054422,0.038149393448056,0.0495432775936419,0.0,0.05142,26.12096666666667,26.91364,34.9074,40.41886,0.3775182398103169,0.3964017892088977,0.3429586832366919,0.3488399939882606,0.0430369725854925,0.0410865381632783,1.4658880009214152,1.8455194052019204
2025,Peshawar,41,0.9857,21.5763,60.5702,5160904.0,330.0,0.0,1257.0,0.75,66.0,4456.0,78.0,0.0,0.206129967614537,0.0,0.1278845721602262,8.634146265847999,0.1511363125529946,0.1705127628803016,8.822097834022877,0.19376450327307,1.8143,0.3,25.8743,28.5564,67.073,64.0743,0.0574779594099763,0.0,0.0,0.0,0.2112954962042282,0.1935038876625177,1.0333333333333332,0.7628600000000001,25.33566666666667,27.14332,63.90583333333333,63.94556,0.0191593198033254,0.0196026296388816,0.0,0.0,0.2036431171604276,0.2072710055506114,8.822097834022877,8.202430735085013
2025,Pishin,41,0.0,15.9706,20.4331,889769.0,1550.0,0.0,6218.0,0.2,31.0,383.0,11.0,0.369553750271949,0.0567962855086359,0.3382450183161955,0.3484050354642609,4.304488018800385,0.1236275932292538,0.4945103729170155,5.035014706064159,0.0899109768940028,0.0,0.0,21.7242,24.1307,25.0349,16.6026,0.4648060600043601,0.5467544350383642,0.3961145991601033,0.3363218841951938,0.0589046642814411,0.0604085577746621,0.0,0.0,20.6085,22.41512,20.6902,24.30458,0.460371415104891,0.4564893938066079,0.3568938338904975,0.3671890183132725,0.0587031691882463,0.0587055343989756,5.035014706064159,4.016191857548069
2025,Quetta,41,0.0,16.09,22.4936,2751515.0,1680.0,0.0,3447.0,0.75,19.0,420.0,0.0,0.0185443726590858,0.0607806057817479,0.0132968736460008,0.069052867238594,1.5264318021162888,0.0,0.0944933972738654,1.908039752645361,0.0,0.0,0.0,21.667,24.1212,30.6473,18.1929,0.3307916164369362,0.0,0.0,0.0,0.061417854757543,0.0625631243171645,0.0,0.02858,20.62606666666667,22.00966,23.777933333333333,29.45872,0.116445329698674,0.2076733112658008,0.0044322912153335,0.1278594813375612,0.0615871949521517,0.0614405646278392,1.908039752645361,1.3510257544365363
2025,SD Tank,41,0.3,23.3002,56.0402,604463.0,0.0,0.0,0.0,0.0,13.0,22.0,3.0,0.0,0.0,0.0,0.2150669271733754,0.3639594152164814,0.049630829347702,0.2150669271733754,0.3639594152164814,0.0,0.6286,4.0429,31.4267,29.4857,58.0939,66.625,0.0,0.0,0.0,0.0,0.0,0.0,1.657166666666667,3.2114400000000005,28.07086666666667,29.65416,60.25303333333333,61.57528,0.0,0.0,0.0,0.0,0.0,0.0,0.3639594152164814,0.9620588356737043
2025,Sanghar,41,0.0,28.1733,50.6758,2486760.0,16.0,1.0,10608.0,0.2,8099.0,2307.0,192.0,0.5575989240137439,0.1988519602847306,0.4898505158457512,32.56848268429604,9.277131689427206,0.7720889832553202,33.77487172063247,8.509064002959674,0.8565362157988707,1.3429,0.0,29.9572,30.4876,68.7766,61.2962,0.5408026636336863,0.0766455356096694,0.0737532543991311,0.0741773131648911,0.1956070809419455,0.1006623434431016,0.4476333333333339,1.00286,29.539366666666663,29.06748,60.24953333333335,66.91355999999999,0.3916823744190332,0.3507145488992296,0.2125936944699244,0.157407905208573,0.1650404615565925,0.1979101390646142,8.509064002959674,8.750028603889897
2025,Shaheed Benazirabad,41,0.0,27.3013,49.4816,1949997.0,30.0,2.0,4502.0,0.5,4687.0,1835.0,114.0,0.4185449335845647,0.2220832099428691,0.3555993457723502,24.035934414258072,9.410270887596235,0.5846162840250524,22.025674911294733,8.94873171599751,0.6205137751493977,0.4714,0.0,30.8641,30.3659,62.33,64.1912,0.4393827385934556,0.1519153499293685,0.1287829107628021,0.1283918290356101,0.2172838213477105,0.0,0.1571333333333333,3.56286,29.51043333333333,29.225420000000003,58.66759999999999,65.73044,0.3366143407024629,0.3579501171415952,0.2042580285235875,0.1916249516533297,0.1464556770968598,0.1899974232454807,8.94873171599751,9.823487251803314
2025,Shangla,41,4.6,10.9672,59.7681,915157.0,2000.0,2.0,1586.0,0.35,652.0,1106.0,24.0,0.0099735822605663,0.3518001506827717,0.0038421579268607,7.124460611676466,12.085358031463452,0.2622500838653914,5.93340814745448,13.243629235202263,0.0655625209663478,5.8429,0.7286,14.8428,17.9982,61.0113,57.2778,0.0159185899233949,0.0066366657781386,0.0026266747737592,0.0026789411300799,0.31233910674269,0.3850404799780627,3.723833333333333,3.41144,14.602733333333331,15.89164,59.35240000000001,65.35598,0.0108429459873665,0.007539479972984,0.0030492579435666,0.0018295547661399,0.3497265791345081,0.3228889021564447,13.243629235202263,13.175840126269398
2025,Shikarpur,41,0.0,28.7248,39.4689,1488188.0,52.0,1.0,2512.0,0.35,4095.0,1348.0,266.0,0.2119964468027782,0.3560760191139155,0.5221082659784011,27.516684719941296,9.057995360801188,1.787408580098751,22.255252696567908,7.70735955403484,1.1087308861514809,0.0,0.0,33.4433,32.7686,44.757,49.3546,0.765360320586837,0.2160914085888832,0.4335529443727502,0.1917307486853593,0.3368345775651901,0.3439287191702072,0.0,0.34286,31.64556666666667,31.33994,44.526833333333336,52.9532,0.3978160586594994,0.3737584356224964,0.3824639863455035,0.2862963170106505,0.3456131052831042,0.339811025177367,7.70735955403484,8.4918762935286
2025,Sibi,41,0.0,27.2563,35.4467,163205.0,130.0,0.0,7121.0,0.2,231.0,364.0,0.0,0.1497880055367207,0.105425946980331,0.0820713170185312,14.15397812567017,22.303238258631783,0.0,11.212891761894548,22.11942036089581,0.0,0.0,0.0,32.6891,33.2123,37.4057,46.3164,0.1002092189570139,0.1940538302470313,0.0843595941245156,0.13490126223298,0.0901033114197128,0.1034736023589088,0.0,0.3571400000000003,31.052566666666664,31.640740000000005,39.72293333333334,46.21456,0.1480170182469219,0.1599830446905729,0.1004440577920089,0.1167561553415995,0.0996676202529842,0.1045815973613784,22.11942036089581,18.453338258788225
2025,Sohbat pur,41,0.0,28.5166,40.5254,241785.0,0.0,0.0,0.0,0.0,130.0,265.0,6.0,0.0,0.0,0.0,5.376677626817214,10.96015054697355,0.2481543520069483,5.33531856814939,10.50520090162748,0.3722315280104225,0.0,0.0,33.2967,33.0648,44.1758,48.8492,0.0,0.0,0.0,0.0,0.0,0.0,0.0,0.5371400000000007,31.62603333333333,31.492400000000004,44.51680000000001,52.6658,0.0,0.0,0.0,0.0,0.0,0.0,10.50520090162748,11.316495715541311
2025,South,41,0.1571,26.336,64.6932,2166395.0,4.0,0.0,122.0,0.95,9.0,107.0,0.0,0.0511574586714953,0.1244847924193944,0.0204134804528223,0.0415436704756057,0.493908082321091,0.0,0.0230798169308921,0.4523644118454852,0.0,0.6857,0.7857,29.0917,27.0286,70.3919,82.9566,0.0402667952008128,0.0139259799643057,0.0080377265088649,0.0,0.1161235979453836,0.0950809768426856,0.5428333333333333,2.579999999999999,27.485433333333333,27.12288,72.68056666666665,77.93806000000001,0.0351167446122046,0.028162005132681,0.0094837356538957,0.0056902413923374,0.1118964557358212,0.0671378734414927,0.4523644118454852,3.6414378523811988
2025,South Waziristan (Lower),41,0.0571,19.2274,54.5374,820861.0,0.0,0.0,0.0,0.0,39.0,107.0,16.0,0.0,0.0,0.0,0.4751108896634144,1.303509363948342,0.1949172880670417,0.8405808047891177,1.3887856774776728,0.0243646610083802,0.0143,0.0,24.7694,26.5262,51.3844,48.3966,0.0,0.0,0.0,0.0,0.0,0.0,0.0238000000000001,0.11714,23.507666666666665,24.94248,51.43946666666667,55.01444,0.0,0.0,0.0,0.0,0.0,0.0,1.3887856774776728,1.1549489381006532
2025,Sujawal,41,0.0,26.9227,65.8683,945380.0,0.0,0.0,0.0,0.0,1518.0,1539.0,37.0,0.0,0.0,0.0,16.057035266242146,16.279168165182256,0.3913770124182869,14.766548900971038,21.769024096130657,0.6558209397279401,4.7857,0.0429,28.6637,28.456,77.4017,75.2305,0.0,0.0,0.0,0.0,0.0,0.0,1.6095333333333333,4.64572,28.01413333333333,27.83952,72.83350000000002,76.00506,0.0,0.0,0.0,0.0,0.0,0.0,21.769024096130657,16.253743560442494
2025,Sukkur,41,0.0,28.1678,44.0514,1798882.0,65.0,2.0,5165.0,0.75,4877.0,1476.0,72.0,0.6018847491624524,0.1669760414865332,0.6189091098248602,27.111283563902468,8.20509627646505,0.4002485988519536,25.17674866945136,7.738139577804437,0.3168634740911299,0.0143,0.0,32.5509,31.6571,50.6831,53.714,0.6927544194840568,0.4337621394738937,0.4489535015812276,0.4123992150745258,0.1540288389964156,0.1553751960796607,0.0047666666666663,1.3057200000000009,30.791933333333333,30.46468,49.48283333333334,57.51698,0.5761337693734676,0.578972690835206,0.4934206088268711,0.3893354818576396,0.1587933588542031,0.1553240680368303,7.738139577804437,8.134721536676144
2025,Swabi,41,4.3143,19.5042,71.8377,1963296.0,340.0,2.0,1543.0,0.65,131.0,1255.0,51.0,0.2204262911466185,0.2687900671371749,0.0544825151670219,0.6672452854791127,6.392311704399132,0.2597672485453034,0.7130865646341663,5.979740192003651,0.2699541994686486,4.9429,0.6,23.8616,25.8313,71.7846,72.5947,0.0579616945469869,0.2054877665003789,0.0548721920143611,0.1260391154554484,0.2665130232223849,0.2730235332145915,3.285733333333333,3.5143,23.065700000000003,24.83306,72.07233333333333,73.89034000000001,0.1612919173979947,0.12434194143354,0.0784646075456104,0.0470787645273662,0.2694422078580504,0.2782751320593252,5.979740192003651,6.473705754103067
2025,Swat,41,6.3143,17.0459,63.7779,2791410.0,980.0,1.0,5337.0,0.35,134.0,2399.0,55.0,0.1539560544165606,0.1970029092161776,0.0760524585454657,0.4800441354011055,8.59422299124815,0.1970330406497075,0.4585496218756829,7.73802486915215,0.0895604730225943,1.4857,0.3571,20.9796,23.159,63.7842,65.3212,0.149375076255576,0.1348044689989863,0.0665124743641729,0.0432355758884076,0.2234016613321481,0.2297901213136254,2.7190333333333334,3.71714,20.39483333333333,21.82544,64.29443333333334,69.45336,0.1460451998903743,0.102760481637112,0.061933502932682,0.0371601017596092,0.2167315639539837,0.2197012920756813,7.73802486915215,9.01805089972766
2025,Tando Muhammad Khan,41,0.0,27.5764,55.3799,818443.0,14.0,2.0,1733.0,0.2,2003.0,1560.0,81.0,0.0,0.0,0.0,24.47329869031808,19.06058210529017,0.9896840708516048,25.548511014206245,14.319873222692356,1.0874306457505287,2.8,0.0,29.3618,29.1892,72.1852,69.4328,0.0,0.0,0.0,0.0,0.0,0.0,0.9333333333333332,3.08286,28.709133333333337,28.367040000000003,65.66596666666666,71.23920000000001,0.0,0.0,0.0,0.0,0.0,0.0,14.319873222692356,18.636181983261864
2025,Tank,41,0.3,23.3002,56.0402,472690.0,250.0,0.0,1679.0,0.2,237.0,678.0,0.0,0.2266497410437661,0.1535879228234555,0.2213701446309934,5.013856861791026,14.343438617275591,0.0,7.467896507224608,13.58184010662379,0.0,1.3286,0.0,28.4999,30.2904,54.7621,54.7517,0.612006119703668,0.5169754243545731,0.500750065919398,0.4918714306073571,0.1395888599209439,0.1515922130374327,0.5428666666666667,0.48572,27.3635,28.90206,55.18466666666666,57.74852,0.4518770950340023,0.4905943986801176,0.4046638803859161,0.3413841101731187,0.1482563319272773,0.1456416070596833,13.58184010662379,11.375707291560952
2025,Tharparkar,41,0.1,27.0963,59.5271,1994728.0,56.0,0.0,19638.0,0.35,3910.0,2110.0,2.0,0.3663363878299813,0.1957536424202024,0.1980251524496927,19.601670002125605,10.5778833003798,0.0100264296686064,18.56894774625914,8.081302312896796,0.0100264296686064,2.7,0.0,28.6811,29.9611,75.499,62.2472,0.2534059804067451,0.1760082283204592,0.1169707690402681,0.1047042804120089,0.2179028530060589,0.0,0.9333333333333322,1.7028599999999998,28.579500000000007,28.360000000000003,65.75776666666665,70.65218,0.2652501988523952,0.2233243544909703,0.1399000673006565,0.1114151190088169,0.1378854984754204,0.1852449117428224,8.081302312896796,10.251087169775714
2025,Thatta,41,0.0,27.009,65.2366,1184747.0,10.0,2.0,17355.0,0.35,2288.0,1410.0,95.0,0.4512794789051622,0.2028711135621463,0.3937699906371914,19.312140060282918,11.901275124562458,0.8018589622932153,18.873227786185574,11.867512641939587,0.5655215839331098,3.7286,0.1286,28.8018,28.2855,76.1334,76.4434,0.4838116040204353,0.3970128333226922,0.3451983580967419,0.5632973013586993,0.1886349382150594,0.0041030610684881,1.2857333333333345,3.81716,28.0321,27.82636,72.60446666666665,76.03133999999999,0.4440346387494299,0.5011884418349912,0.4340885500308775,0.3870476098775492,0.1318697042818979,0.1346243522665143,11.867512641939587,11.6881203397572
2025,Tor Ghar,41,5.2571,19.4823,70.5666,206726.0,0.0,0.0,0.0,0.0,90.0,71.0,2.0,0.0,0.0,0.0,4.35358880837437,3.4344978377175583,0.0967464179638748,4.450335226338245,3.773110300591121,0.0,1.9714,0.6143,23.8412,25.8951,72.8066,71.0508,0.0,0.0,0.0,0.0,0.0,0.0,2.6142666666666674,2.779980000000001,23.072866666666663,24.73002,71.47466666666666,73.56456,0.0,0.0,0.0,0.0,0.0,0.0,3.773110300591121,3.544944143076168
2025,Umerkot,41,0.0286,27.7845,52.1506,1297177.0,12.0,0.0,5608.0,0.35,2945.0,1737.0,0.0,0.5376678808518841,0.2000113319093911,0.385003535143213,22.703146910560395,13.390616700727811,0.0,18.97967663626475,11.54044513586041,0.0,0.9,0.0,29.7589,29.9687,68.7958,62.0819,0.433749294618787,0.0,0.0,0.0,0.2116986117178042,0.0,0.3095333333333333,0.5657199999999996,29.1707,28.9029,61.00943333333333,66.41626000000001,0.3238057251568904,0.2837545936496286,0.1283345117144043,0.1119075201475909,0.1372366478757317,0.1785382998895651,11.54044513586041,12.837639633581263
2025,Upper Kurram,41,1.2857,8.7395,68.6757,748325.0,0.0,0.0,0.0,0.0,19.0,182.0,10.0,0.0,0.0,0.0,0.2539003775097718,2.4320983529883407,0.133631777636722,0.2539003775097718,1.9777503090234856,0.0,0.9143,0.5286,13.1086,15.0762,68.1837,66.3635,0.0,0.0,0.0,0.0,0.0,0.0,0.9095333333333332,0.90286,12.3081,13.97372,67.74096666666667,71.44186,0.0,0.0,0.0,0.0,0.0,0.0,1.9777503090234856,2.217331861395234
2025,Usta Muhammad,41,0.0,27.2002,47.883,314321.0,0.0,0.0,0.0,0.0,241.0,789.0,20.0,0.0,0.0,0.0,7.667320987143716,25.101727215171756,0.6362921981032129,7.062843398945664,24.24273274773241,0.8589944674393376,0.0,0.0,31.649,31.1695,50.2418,60.8593,0.0,0.0,0.0,0.0,0.0,0.0,0.0,1.47142,30.00623333333333,29.90412,52.9947,61.84844,0.0,0.0,0.0,0.0,0.0,0.0,24.24273274773241,17.656142007406302
2025,West,41,0.1429,27.5965,65.2716,4732945.0,15.0,0.0,929.0,0.75,287.0,817.0,72.0,0.3574169186009022,0.1990022119331604,0.2095242520682632,0.6063877775887951,1.7261979591987653,0.1521251567470148,0.6613218619696616,1.7156337122024448,0.1288838133551097,2.5143,0.3714,29.7281,27.9525,71.3935,78.8954,0.2535485600657087,0.1668392455835917,0.1129187646383902,0.1789313938838621,0.2092491365606341,0.1905545739540111,1.0095333333333334,3.06286,28.425700000000003,27.940180000000005,71.85350000000001,76.62778,0.2592682414167341,0.2472676955310566,0.1671248035301718,0.1737064133682756,0.1996019741492685,0.1399881536939698,1.7156337122024448,1.9974595538895654
2025,Zhob,41,0.0,18.3087,42.4814,374767.0,1400.0,0.0,20297.0,0.2,10.0,33.0,0.0,0.4225387430864998,0.0661161922892038,0.376966040734634,0.2668324585675899,0.880547113273047,0.0,0.373565441994626,0.7204476381324929,0.0,0.0,0.0,24.2861,25.7646,36.8871,40.6245,0.5670833898652992,0.3988874354328461,0.331214469902511,0.3787925108288947,0.069868088062094,0.0667700717324385,0.0,0.22858,22.78646666666667,24.2222,39.99766666666666,44.37168,0.4628365227948817,0.4648229581344644,0.3623243404886798,0.3862428014220972,0.0675847840279121,0.0672374431076497,0.7204476381324929,2.456989089482505
2025,Abbottabad,42,0.0,19.3301,58.2832,1611498.0,1256.0,0.0,1967.0,0.75,2.0,728.0,65.0,0.0,0.3166883863056231,0.0,0.0124108127965408,4.517535857940873,0.4033514158875779,1.632021882745123,5.100844059378293,0.2544216623290876,7.3714,2.6714,16.3718,21.4087,65.1618,58.7859,0.0046094953713574,0.1072280691064263,0.0049394376200822,0.0039321274809058,0.3663228296543437,0.0,3.3476,2.47426,19.03686666666667,20.83142,60.74363333333333,62.2781,0.0372791881592612,0.0416116060986296,0.002957188366996,0.0024978613494913,0.2276704053199889,0.2011189648504682,5.100844059378293,4.9884909166561835
2025,Badin,42,0.0,26.5362,47.6033,2182111.0,9.0,1.0,6726.0,0.35,4794.0,2307.0,151.0,0.2875073975305773,0.2606226461102581,0.1912827763423195,21.969551503108686,10.572331105062942,0.6919904624466857,23.967616679444813,9.843678896261466,0.7561485185675706,0.0286,3.6857,26.5356,28.435,64.0312,78.2997,0.2080722162607378,0.2744305737194578,0.183269475510027,0.1758560141940895,0.2899907485073647,0.2684140945008034,1.2381,0.7543,27.16893333333333,27.7074,63.3114,67.69328,0.256670062503591,0.2461543210178876,0.1834694220154786,0.1973495909863314,0.2730091630394753,0.1806286310294454,9.843678896261466,10.328501846537886
2025,Bajaur,42,0.0,18.4824,42.9558,1321356.0,900.0,0.0,1290.0,0.2,226.0,633.0,13.0,0.2641638768740473,0.2236950276806728,0.0,1.710364201623181,4.790533361183512,0.098383781509298,1.9525396637999144,5.766803193083469,0.0832478151232521,0.5714,1.7143,15.8226,19.9884,52.2083,52.1313,0.0,0.0190382584312023,0.0,0.0,0.2327465655389753,0.2463425467234845,0.7618999999999999,0.6714399999999999,18.0978,19.97344,49.098466666666674,50.67224,0.0944007117684165,0.0593984593700912,0.0,0.0,0.2342613799810442,0.2304858453884674,5.766803193083469,4.969970921663758
2025,Bannu,42,0.0,24.6952,51.6019,1410816.0,312.0,1.0,1227.0,0.2,1652.0,854.0,26.0,0.5312842652788552,0.1417838453996958,0.1942366706041783,11.709535474505534,6.053234440210488,0.1842905098893123,10.426590001814551,6.719515514425694,0.0425285792052259,0.2857,3.0714,22.2285,27.672,54.7774,55.1417,0.2172764154364594,0.5095235691510398,0.2104988036701615,0.415436258549759,0.1540475755363601,0.1547269013513432,1.119033333333334,1.0114199999999998,24.865233333333336,27.09984,53.84033333333333,53.48418,0.4193614166221182,0.4309533351384744,0.2733905776080329,0.3032117468074208,0.150186107429133,0.1564073457179619,6.719515514425694,6.252785950956932
2025,Barkhan,42,0.0,23.6146,34.1999,206726.0,1100.0,0.0,3514.0,0.2,90.0,77.0,31.0,0.2198894362118189,0.1315263770537373,0.1724930921252995,4.35358880837437,3.724737091609183,1.4995694784400608,3.821483509573058,4.35358880837437,0.6772249257471242,0.0,1.0714,21.7244,27.9792,50.5286,40.411,0.1946551681471615,0.3776418772896352,0.1837232360215246,0.1488664940833504,0.1412192114886084,0.1465582611686516,0.3571333333333333,0.23428,24.439400000000003,26.18282,41.713166666666666,46.284000000000006,0.2640621605495385,0.2277649566957825,0.1683609407433915,0.1523713786108306,0.1397679499036657,0.1433017759096463,4.35358880837437,4.6720268750573135
2025,Battagram,42,0.0,18.226,65.3212,575449.0,1036.0,0.0,1301.0,0.2,151.0,234.0,2.0,0.0,0.0,0.0,2.6240379251679995,4.066389897280211,0.0347554692075231,0.5213320381128476,1.0426640762256951,0.1737773460376158,7.8857,2.3857,15.929,20.1144,64.0462,66.3392,0.0,0.0,0.0,0.0,0.0,0.0,3.4238000000000013,2.7114199999999995,18.0898,19.91048,65.23553333333334,66.77938,0.0,0.0,0.0,0.0,0.0,0.0,1.0426640762256951,4.129135098619578
2025,Buner,42,0.0,20.4553,66.223,1084406.0,700.0,0.0,1865.0,0.35,172.0,176.0,0.0,0.1212421043659683,0.3282876091015082,0.0149778005130696,1.5861218030885111,1.623008356648709,0.0,1.4477972272377688,1.4570188656278182,0.0,3.8,0.3286,17.9764,22.3497,68.4406,65.6715,0.0286283515552036,0.0019830571598508,0.0002664987263839,0.0002667385604229,0.3391124631002567,0.3522215034488385,1.3761999999999983,1.3514199999999998,20.26046666666667,21.99864,66.77836666666667,68.52798,0.0506178376936742,0.0342962115452168,0.0051703459332921,0.0035714574711021,0.3398738585502012,0.3347241323123255,1.4570188656278182,1.850512912254942
2025,Central,42,0.0,28.7627,47.9379,3591719.0,10.0,0.0,69.0,0.95,80.0,1201.0,18.0,0.0,0.0889655293312453,0.0,0.2227345736122452,3.343802786353832,0.0501152790627551,0.1559142015285717,4.95862844504261,0.0835254651045919,0.0857,3.4857,28.0309,29.6419,60.9394,70.5615,0.0,0.0,0.0,0.0,0.0887988352480974,0.0839951384751387,1.1904666666666668,0.8656999999999992,28.81183333333333,28.38292,59.81293333333334,67.68879999999999,0.0,0.0,0.0,0.0,0.0872531676848271,0.0658448719225994,4.95862844504261,2.8317869855952633
2025,Chagai,42,0.0,24.5152,13.8269,273217.0,919.0,0.0,44748.0,0.2,40.0,151.0,0.0,0.7617771929791981,0.0430711769539708,0.7541520335881546,1.4640377428930118,5.526742479421119,0.0,2.6352679372074213,8.08880852948389,0.0,0.0,0.0,22.9003,28.0515,12.1425,12.0817,0.7741698976093188,0.8201815217644916,0.8247488625896702,0.7957917005879784,0.0448740353675133,0.047157310540517,0.0,0.0,25.155666666666665,27.6746,12.683699999999996,13.1411,0.7853762041176694,0.7828946912480617,0.7915641989219343,0.7900267521283093,0.0450341742873337,0.0427361886161311,8.08880852948389,6.389909007864729
2025,Charsadda,42,0.0,22.243,73.7283,1953624.0,300.0,2.0,996.0,0.2,507.0,1956.0,55.0,0.0569556253856607,0.2562684477173734,0.0,2.595176963427968,10.012162012751688,0.2815280729556967,2.7077881926102463,9.879076014627174,0.3890206099024172,0.8571,4.0571,20.187,24.2412,71.6917,72.289,0.0,0.0319648823693321,0.0,0.0,0.2560799215192764,0.2767328804922269,1.6380666666666654,2.0857,22.22373333333333,24.14322,72.56966666666666,72.64074000000001,0.0296401692516642,0.0248312753639222,0.0,0.0,0.2630270832429588,0.2637612992594967,9.879076014627174,9.434058602715103
2025,Chitral Lower,42,0.3714,18.0666,34.3001,336081.0,1500.0,1.0,6458.0,0.35,14.0,466.0,2.0,0.3215476685723076,0.0340562232169045,0.0,0.4165662444470232,13.865704993736628,0.0595094634924318,0.535585171431887,16.751913973119574,0.2677925857159435,0.8143,1.1714,14.5797,18.0577,58.9457,52.8413,0.1663102484423728,0.1209830215455447,0.0541709768244811,0.053241172212437,0.0452965867262216,0.0329990816980385,0.7857,0.55428,16.901333333333334,18.61342,48.6957,51.12048,0.202946979520075,0.1758144887548708,0.0358040496789727,0.0313358954782543,0.0374506305470548,0.0429234864532239,16.751913973119574,12.814504332624642
2025,Chitral Upper,42,0.3714,18.0666,34.3001,204308.0,2500.0,1.0,8392.0,0.2,8.0,137.0,0.0,0.3215476685723076,0.0340562232169045,0.0,0.3915656753528985,6.705562190418388,0.0,0.2936742565146739,5.677702292617029,0.4894570941911232,0.8143,1.1714,14.5797,18.0577,58.9457,52.8413,0.1663102484423728,0.1209830215455447,0.0541709768244811,0.053241172212437,0.0452965867262216,0.0329990816980385,0.7857,0.55428,16.901333333333334,18.61342,48.6957,51.12048,0.202946979520075,0.1758144887548708,0.0358040496789727,0.0313358954782543,0.0374506305470548,0.0429234864532239,5.677702292617029,7.467776760991675
2025,D.I. Khan,42,0.0,24.9347,63.8934,2050338.0,0.0,0.0,0.0,0.0,905.0,2077.0,0.0,0.0,0.0,0.0,4.4139063900683695,10.130037096322654,0.0,4.2968525189505336,10.052001182244098,0.0,0.7286,1.0286,23.4939,28.6743,65.5083,62.2313,0.0,0.0,0.0,0.0,0.0,0.0,0.5857333333333333,0.49716,25.70096666666667,27.78678,63.87766666666667,64.3498,0.0,0.0,0.0,0.0,0.0,0.0,10.052001182244098,10.262292140173809
2025,Dadu,42,0.0,26.5194,45.6395,1873835.0,40.0,2.0,19070.0,0.35,5124.0,2519.0,508.0,0.3998076351299857,0.1639253898342049,0.3363546561149829,27.344990354006622,13.443019262635184,2.7110177790467143,31.219397652408027,13.33628627920815,1.9852334917428696,0.0,0.0143,26.759,30.7096,53.5925,62.2434,0.3983423685069881,0.4122739620739445,0.3448910878069384,0.3105805366177983,0.1675253420310827,0.1598080016625763,0.0047666666666678,0.0028600000000007,27.996,29.03906,53.82513333333335,58.98722,0.4034746552369727,0.3942018374414154,0.3306087601799065,0.3295722193507503,0.1637529111759546,0.1563057442074068,13.33628627920815,12.410764141959612
2025,Dera Bugti,42,0.0,25.66,37.7323,378394.0,250.0,0.0,10160.0,0.2,43.0,32.0,0.0,0.5322191561865988,0.1000925256572841,0.4802072341234868,1.1363816551002397,0.8456793712373875,0.0,1.1892366158025762,1.0835266943979027,0.0,0.0,1.0857,24.024,29.7752,52.9749,46.5951,0.4549406062318383,0.6316358095514695,0.4877430544317602,0.4705020637285465,0.1042257726113179,0.0960418637042039,0.3619000000000001,0.24856,26.486400000000003,27.77306,45.76743333333334,51.19862,0.5395985239899689,0.5055977667424445,0.4794841174279312,0.4553431291787048,0.1001200539909353,0.0983672644427897,1.0835266943979027,2.4226161205774845
2025,Dir Lower,42,0.0,23.8717,63.51,1734809.0,800.0,1.0,1583.0,0.35,168.0,1695.0,25.0,0.0,0.0,0.0,0.9684063202346772,9.770528052367723,0.1441080833682555,0.9049987635526446,10.375782002514397,0.0288216166736511,1.8714,3.4714,21.5185,25.6744,60.7246,69.3319,0.0,0.0,0.0,0.0,0.0,0.0,1.7809333333333337,1.48284,23.6882,25.73768,64.52216666666665,64.63142,0.0,0.0,0.0,0.0,0.0,0.0,10.375782002514397,11.031148376495368
2025,Dir Upper,42,0.0,15.6369,48.526,1143644.0,1200.0,1.0,3699.0,0.35,21.0,1087.0,2.0,0.0,0.0,0.0,0.1836235751684965,9.504706009912177,0.0174879595398568,0.1836235751684965,8.193109044422915,0.0087439797699284,2.4143,0.8143,13.597,17.1899,60.223,59.925,0.0,0.0,0.0,0.0,0.0,0.0,1.0762,0.7142999999999996,15.4746,17.18178,56.22466666666666,58.46496,0.0,0.0,0.0,0.0,0.0,0.0,8.193109044422915,10.384742185861352
2025,East,42,0.0,28.8349,45.7116,3514347.0,10.0,0.0,165.0,0.95,55.0,266.0,3.0,0.0364585117436828,0.1240258040699604,0.0218602633051302,0.1565013358100381,0.7568973695540026,0.0085364364987293,0.2048744759695044,0.6886058775641677,0.0056909576658195,0.0,3.9714,27.4825,29.1492,65.1742,74.598,0.0393187864670754,0.0401009374393404,0.0231048539033329,0.0059603329565306,0.1322213222075187,0.1220952130648976,1.3238,0.90856,28.488866666666667,28.12178,61.82793333333333,69.72171999999999,0.0386260785500328,0.0252389271400677,0.0169751500549979,0.0101850900329987,0.1261141131141255,0.0956802993602595,0.6886058775641677,1.1009637348516836
2025,Ghotki,42,0.0,26.9525,48.2139,1989892.0,72.0,1.0,6083.0,0.35,6132.0,1107.0,206.0,0.5619467145612245,0.2033945450437094,0.53009074072748,30.815742763928892,5.563115988204386,1.0352320628456215,28.488983321707916,6.186265385257089,1.0452828595722785,0.0,0.0143,26.6525,31.2454,53.9411,56.7592,0.5518955499612854,0.5495179548633107,0.5164625571901468,0.1431919700023137,0.2237666442487378,0.2167753109872805,0.0047666666666666,0.0028599999999999,28.28346666666667,29.2833,52.9714,56.7226,0.5544534064619402,0.4745068744116302,0.3965817559733135,0.3653163947283804,0.2146455000932425,0.2184066187075148,6.186265385257089,6.448536328676386
2025,Gwadar,42,0.0,26.9422,77.5141,317947.0,12.0,0.0,12637.0,0.35,24.0,11.0,2.0,0.6796409153624041,0.0387873556384999,0.6537016520302642,0.7548427882634527,0.3459696112874158,0.062903565688621,6.51051904877228,9.246824156227296,0.062903565688621,0.0,0.0,27.8375,27.3494,85.0772,87.8252,0.6798253811960773,0.7144229670783641,0.6199067893739313,0.6936980805001801,0.0274741822118609,0.0182872488293812,0.0,0.59714,27.376366666666662,27.30772,83.47216666666667,84.50252,0.6912964212122817,0.6963546724113396,0.6557688406347918,0.662924752616894,0.0281829288932473,0.0234435296782953,9.246824156227296,7.667172512567431
2025,Hangu,42,0.0,22.042,48.0125,627433.0,900.0,0.0,1097.0,0.2,127.0,226.0,17.0,0.2444565904234658,0.1983782495691569,0.1074357225561881,2.024120503703184,3.601978219188344,0.2709452642752294,2.1516241574797625,4.733573146455479,0.0,1.7,3.0571,18.8372,23.5836,56.255,58.2296,0.1615501134074579,0.1318490299437663,0.1121345979983186,0.0909926064589917,0.2092494864349554,0.2100583858527337,1.5857,1.4485800000000002,21.4876,23.36748,54.1657,55.45576,0.1792852445915633,0.1680394296448953,0.1035209756711661,0.0874200517504734,0.205895373952282,0.211063169564611,4.733573146455479,3.3364715261939413
2025,Haripur,42,0.0,21.1015,68.0529,1212553.0,605.0,2.0,1725.0,0.65,18.0,992.0,49.0,0.2751409467982746,0.2935175677478034,0.2327658548229522,0.1484471194248828,8.1810856927491,0.4041060473232922,0.1731883059956967,7.216179416487362,0.0247411865708138,6.1857,2.3571,19.0464,23.367,69.9846,71.3602,0.1556259019991379,0.1422106783276324,0.1025606930389218,0.1011524617242644,0.3060676059086473,0.0,2.8475999999999995,2.48286,21.171633333333336,23.01346,69.79923333333333,71.35272,0.1909925090416816,0.1764960495343058,0.1454930031953794,0.1114610074007263,0.1998617245521502,0.1799342592302604,7.216179416487362,8.313350064177436
2025,Hub,42,0.0,26.9594,49.9529,461810.0,0.0,0.0,0.0,0.0,100.0,173.0,0.0,0.0,0.0,0.0,2.1653926939650505,3.7461293605595376,0.0,4.179207899352548,3.594551871981984,0.086615707758602,0.0,1.3429,26.6505,29.1883,65.042,70.6579,0.0,0.0,0.0,0.0,0.0,0.0,0.4476333333333333,0.4000199999999996,27.599400000000003,27.51352,61.88426666666667,69.30634,0.0,0.0,0.0,0.0,0.0,0.0,3.594551871981984,4.0600719255140625
2025,Hyderabad,42,0.0,29.2378,32.3864,2659637.0,20.0,2.0,993.0,0.75,2213.0,2535.0,49.0,0.2512226166391353,0.2704573199643996,0.145712902487936,8.320684364069232,9.53137589828988,0.184235668250968,6.749041316540565,9.061386948670062,0.1804757566540095,0.0,1.7714,28.5253,30.1196,46.303,67.688,0.1646928266468328,0.2052419915780056,0.1432803523107669,0.1039308381215947,0.2919306132178833,0.2709423253832811,0.5904666666666667,0.3600000000000004,29.29423333333333,29.300300000000004,48.792466666666655,57.2302,0.2070524782879912,0.1829501812917693,0.1309746976400992,0.1300150932363836,0.277776752855188,0.2057241315761966,9.061386948670062,9.124473281671367
2025,Jacobabad,42,0.0,28.553,34.0386,1216179.0,55.0,0.0,2686.0,0.35,1939.0,839.0,159.0,0.4277357111830356,0.2399712616825445,0.3007960355362979,15.94337675621763,6.89865554330407,1.3073733389575053,16.675176927080635,6.429974534998548,1.5458250800252265,0.0,0.0,27.9479,32.7765,43.47,45.2435,0.2563361816074044,0.4481849749884515,0.2947252262325924,0.2759390543640813,0.2973029084139073,0.2910523216867001,0.0,0.0,29.75913333333333,30.80578,40.917366666666666,46.75086,0.3774189559262971,0.3500518855242497,0.2904867720443239,0.2825236507419612,0.2761088305943839,0.2976947082021966,6.429974534998548,6.469351983566508
2025,Jaffarabad,42,0.0,0.0,0.0,621388.0,55.0,1.0,1643.0,0.2,301.0,327.0,4.0,0.5586414714936385,0.2568493867642659,0.4070861785282462,4.843994412508771,5.262412534519496,0.0643720187708806,6.018783755077343,6.099248778540944,0.1609300469272016,0.0,0.0,0.0,0.0,0.0,0.0,0.3489418330899111,0.6641309889070743,0.4255261289627821,0.5401319849284537,0.2935685879915871,0.2737559964224912,0.0,0.0,0.0,0.0,0.0,0.0,0.5239047644968746,0.5038820802634395,0.457581430806494,0.4489973977635478,0.274724657059448,0.2769730537441511,6.099248778540944,7.119411800923747
2025,Jhal Magsi,42,0.0,0.0,0.0,180130.0,60.0,0.0,3615.0,0.2,168.0,167.0,0.0,0.7598868670543583,0.112959452961726,0.7341364280735452,9.326597457391884,9.27108199633598,0.0,16.3770610114917,12.435463276522512,0.6661855326708489,0.0,0.0,0.0,0.0,0.0,0.0,0.7543218246089775,0.7558210963195158,0.7347250660718384,0.7373837406132786,0.1140263079863964,0.0905112690343112,0.0,0.0,0.0,0.0,0.0,0.0,0.7566765959942839,0.7532451546789288,0.7354150782528874,0.7325838071714333,0.1058323433274778,0.1026451504584848,12.435463276522512,9.92544182337469
2025,Kachhi (Bolan),42,0.0,25.1646,23.6209,417079.0,0.0,0.0,0.0,0.0,274.0,271.0,34.0,0.0,0.0,0.0,6.569498823963806,6.497570004723326,0.8151932847254357,6.065997089280448,6.929142920166204,0.2877152769619184,0.0,0.0,23.231,28.8164,32.5409,31.6029,0.0,0.0,0.0,0.0,0.0,0.0,0.0,0.0,25.737333333333336,27.18646,29.254900000000003,35.63618,0.0,0.0,0.0,0.0,0.0,0.0,6.929142920166204,4.974548496318468
2025,Kalat,42,0.0,16.7777,22.8546,498077.0,2000.0,0.0,7654.0,0.2,13.0,16.0,0.0,0.1633333276937491,0.0734152944462568,0.0939635588112569,0.2610038206943906,0.3212354716238653,0.0,0.3212354716238653,0.7629342451066803,0.0,0.0,0.0,14.4071,20.0598,20.9176,22.9905,0.14595070456114,0.1585352408255337,0.0953231700987178,0.0972311804383702,0.0743082851633865,0.0758399138993918,0.0,0.0,17.08153333333333,19.00354,22.25423333333333,21.17028,0.1559397576934742,0.1591153047672569,0.0955059697827816,0.1069057098188152,0.0745211645030117,0.0752363456930887,0.7629342451066803,1.2278433470006007
2025,Kamber,42,0.0,28.9619,30.7051,1621170.0,50.0,0.0,5599.0,0.2,6502.0,1799.0,202.0,0.0,0.0,0.0,40.10683642060981,11.096923826619047,1.246013681476958,37.53462005835292,11.41151143926917,1.1103092211180814,0.0,0.0143,28.4366,33.4988,42.5419,45.1583,0.0,0.0,0.0,0.0,0.0,0.0,0.0047666666666666,0.0028599999999992,30.2991,30.88052,39.46843333333334,48.27588,0.0,0.0,0.0,0.0,0.0,0.0,11.41151143926917,11.490793466330771
2025,Karak,42,0.0,24.7857,47.4986,853502.0,500.0,0.0,3372.0,0.2,339.0,466.0,2.0,0.6006256260241017,0.1405416179638269,0.0,3.971871184836122,5.459858324877974,0.0234328683471157,3.479780949546691,7.217323450911656,0.0,0.4714,1.4,21.7622,27.0301,52.852,52.7518,0.0,0.4267135785170415,0.0,0.4307186923455802,0.1582795919925457,0.1543778504323998,0.6238,0.6228400000000003,24.526,26.66202,51.03413333333334,50.709140000000005,0.3424464015137145,0.3850245772216977,0.1435728974485267,0.2067465630992119,0.1510663534629241,0.1570536148962248,7.217323450911656,5.314022740137419
2025,Kashmore,42,0.0,26.5768,51.0454,1316520.0,60.0,2.0,2592.0,0.35,2122.0,240.0,95.0,0.0,0.0,0.0,16.118251146963207,1.822987877130617,0.7215993680308692,15.82201561692948,1.747030048916841,0.478534317746787,0.0571,0.0,26.2822,31.3096,55.9836,55.3044,0.0,0.0,0.0,0.0,0.0,0.0,0.0190333333333333,0.0114199999999992,28.0562,29.1307,54.11113333333335,57.59772,0.0,0.0,0.0,0.0,0.0,0.0,1.747030048916841,2.9652915365378254
2025,Keamari,42,0.0,28.3778,52.2199,2215961.0,2.0,0.0,559.0,0.2,13.0,618.0,0.0,0.2869788711112204,0.1848530859245119,0.231785818599764,0.0586652923945863,2.7888577461426443,0.0,0.0406144331962521,2.779832316543477,0.0,0.1429,2.3857,27.9138,29.7683,64.5391,71.2507,0.3574169186009022,0.2535485600657087,0.2095242520682632,0.1129187646383902,0.1990022119331604,0.2092491365606341,0.8428666666666667,0.7,28.686633333333333,28.312220000000003,62.669900000000005,69.75656000000001,0.2993147832592771,0.2682253022815389,0.1847429451021391,0.1930213483234527,0.1977014781394354,0.1733909877832543,2.779832316543477,2.720030448311257
2025,Kech (Turbat),42,0.0,0.0,0.0,1098914.0,0.0,0.0,0.0,0.0,700.0,584.0,0.0,0.0,0.0,0.0,6.369925217077952,5.314337609676462,0.0,2.5206704073294177,1.810878740283589,0.0,0.0,0.0,0.0,0.0,0.0,0.0,0.0,0.0,0.0,0.0,0.0,0.0,0.0,0.0,0.0,0.0,0.0,0.0,0.0,0.0,0.0,0.0,0.0,0.0,1.810878740283589,4.39974584620915
2025,Khairpur,42,0.0,28.5703,32.3531,2908676.0,53.0,2.0,15910.0,0.5,9142.0,3266.0,236.0,0.9443550335939638,0.1449533019415825,0.9053581934769288,31.43010771911344,11.228476461455315,0.8113657210359627,28.885994865017626,10.37585485629888,0.7872997886323536,0.0,0.3571,28.2138,32.8983,42.9493,50.1066,0.7681891815922496,0.913187962592188,0.8902326238037745,0.5179101131603927,0.1484037582272683,0.1439752466515079,0.1190333333333333,0.07142,29.894133333333333,30.41418,41.803,49.207040000000006,0.8752440592594671,0.7567264184677782,0.7711669768136987,0.6565690601639889,0.1457774356067862,0.1574744781617939,10.37585485629888,11.123826518659374
2025,Kharan,42,0.0,25.1684,16.6599,188592.0,700.0,0.0,14958.0,0.2,60.0,196.0,0.0,0.6399664001033253,0.0475682807421802,0.6254653584626206,3.181471112242301,10.39280563332485,0.0,2.8102994824806995,10.39280563332485,0.0,0.0,0.0,23.45,29.0738,17.098,12.1348,0.6410723941086378,0.6162972410665649,0.5864576405715624,0.6023077528590309,0.0475458569689403,0.0457836117478386,0.0,0.0,25.8974,28.29658,15.297566666666668,15.49442,0.6324453450928428,0.6365682604533986,0.6047435839644046,0.610311920987869,0.0469659164863197,0.0448254964535763,10.39280563332485,9.230341125267747
2025,Khuzdar,42,0.0,21.9672,28.6122,969559.0,1237.0,0.0,35380.0,0.2,6.0,17.0,0.0,0.0975153404164934,0.0966923402625696,0.0584121449924047,0.0618838049051166,0.1753374472311638,0.0,0.4125586993674444,2.980736602929785,0.0,0.0,0.0,20.4934,25.5916,34.6959,40.0289,0.153033680779806,0.0785336329950974,0.0584059202119247,0.0582153640916914,0.1008622768297839,0.1013365426760847,0.0,0.1028599999999999,22.684066666666663,24.7787,34.44566666666666,35.910340000000005,0.1096942180637989,0.1193943298899025,0.0583444764320069,0.0625952580068372,0.0996303865894794,0.100884777006177,2.980736602929785,1.1049040453540133
2025,Khyber,42,0.0,22.3243,49.042,1193210.0,1000.0,0.0,2576.0,0.2,724.0,753.0,12.0,0.2060210560748939,0.2237987099569924,0.0014629735666927,6.067666211312343,6.310708089942256,0.1005690532261714,4.525607395177714,5.849766595988971,0.7710294080673142,0.7,2.4143,19.2906,23.6305,54.6953,58.6334,0.0637675330397152,0.0740499449143201,0.0033158687345815,0.0220808882138094,0.2323832153372465,0.2253405463338549,1.0381,0.8657199999999999,21.74846666666667,23.76408,54.12356666666667,54.66452,0.1146128446763097,0.0971571898749579,0.0089532435050278,0.013480899203622,0.2271741572093646,0.2109116627058594,5.849766595988971,5.640366962197048
2025,Killa Abdullah,42,0.0,20.8811,12.3911,915157.0,1500.0,0.0,3553.0,0.2,19.0,209.0,14.0,0.5855430816167819,0.0546586771927901,0.2849426473961921,0.2076146497267681,2.28376114699445,0.1529792155881449,0.1966875628990435,2.382104928443972,0.0874166946217971,0.0,0.0,18.6201,24.0585,12.2732,10.6517,0.29657604955265,0.5444816530271541,0.2658614361091996,0.0,0.0551422483017726,0.0563481758695506,0.0,0.0,21.186566666666668,23.29896,11.772,12.33962,0.4755335947321953,0.3932059830344998,0.1836013611684639,0.2000094530453748,0.0553830337880377,0.056342434245351,2.382104928443972,2.791028408771284
2025,Kohat,42,0.0,24.6111,47.3398,1200463.0,500.0,0.0,2545.0,0.65,271.0,463.0,27.0,0.1279759993929806,0.1732903717046185,0.0,2.257462329118016,3.8568452338805934,0.2249132209822377,2.349093641370038,3.423679030507396,0.0,0.2429,2.4714,22.0876,26.4215,48.5468,54.2221,0.0,0.2513056798680471,0.0,0.0251975078870845,0.1785889273635541,0.1720140168401844,0.9047666666666668,0.7999999999999996,24.373400000000004,26.2979,50.036233333333335,51.02457999999999,0.1264272264203425,0.136974309469266,0.0083991692956948,0.0100050294615658,0.1746311053027856,0.1737656052535685,3.423679030507396,4.521229426254164
2025,Kohistan Lower,42,0.0,-0.3974,55.9147,244203.0,1500.0,2.0,1200.0,0.2,4.0,155.0,0.0,0.1728132703198121,0.0748390812702515,0.0100268081942456,0.1637981515378599,6.347178372092071,0.0,0.0818990757689299,5.569137152287236,0.0,0.0,0.0429,-4.8376,1.3841,79.5008,71.873,0.0792032414480239,0.2027457928440556,0.0276623148881619,0.018031964105386,0.1299553817112147,0.0678820227455346,0.0143,0.1828600000000003,-1.2836333333333334,1.1450799999999992,69.09616666666666,69.05698000000001,0.1515874348706305,0.1320474418461521,0.0185736957292645,0.014188607372199,0.0908921619090002,0.1134626591234438,5.569137152287236,6.305902950584185
2025,Kohistan Upper,42,0.0,-0.3974,55.9147,369931.0,2500.0,2.0,4000.0,0.2,10.0,281.0,19.0,0.1728132703198121,0.0748390812702515,0.0100268081942456,0.2703206814243737,7.596011148024901,0.5136092947063101,2.595078541673988,8.082588374588775,0.0,0.0,0.0429,-4.8376,1.3841,79.5008,71.873,0.0792032414480239,0.2027457928440556,0.0276623148881619,0.018031964105386,0.1299553817112147,0.0678820227455346,0.0143,0.1828600000000003,-1.2836333333333334,1.1450799999999992,69.09616666666666,69.05698000000001,0.1515874348706305,0.1320474418461521,0.0185736957292645,0.014188607372199,0.0908921619090002,0.1134626591234438,8.082588374588775,8.385810466172366
2025,Kohlu,42,0.0,22.1136,39.3831,258710.0,1000.0,0.0,7610.0,0.2,79.0,131.0,0.0,0.2614181091612816,0.1027819482568292,0.2063135029581374,3.053612152603301,5.063584708747245,0.0,1.3528661435584244,1.5461327354953425,0.0,0.0571,0.8143,20.4038,25.9401,49.8314,43.4581,0.1640968150771076,0.4533155430930651,0.2295626682456309,0.2160516195679803,0.109004438229024,0.1089829235320317,0.2904666666666667,0.2028599999999999,22.81916666666667,24.6251,44.2242,48.29978,0.2929434891104848,0.2434033546344252,0.2173092635905829,0.1880416810793104,0.1069231033392949,0.1085015195664991,1.5461327354953425,5.6046733040980365
2025,Kolai Palas,42,0.0,-0.3974,55.9147,331246.0,0.0,0.0,0.0,0.0,2.0,104.0,0.0,0.0,0.0,0.0,0.0603780875844538,3.1396605543916003,0.0,0.2113233065455884,2.1736111530403384,0.0905671313766807,0.0,0.0429,-4.8376,1.3841,79.5008,71.873,0.0,0.0,0.0,0.0,0.0,0.0,0.0143,0.1828600000000003,-1.2836333333333334,1.1450799999999992,69.09616666666666,69.05698000000001,0.0,0.0,0.0,0.0,0.0,0.0,2.1736111530403384,2.6596884918829584
2025,Korangi,42,0.0,29.0844,46.91,2970331.0,8.0,0.0,95.0,0.2,112.0,334.0,0.0,0.0364585117436828,0.1240258040699604,0.0218602633051302,0.3770623543302076,1.124453806663298,0.0,0.3837956106575327,1.3432846373013647,0.0,0.0286,2.9,28.0915,29.632,62.5448,71.7966,0.0393187864670754,0.0401009374393404,0.0231048539033329,0.0059603329565306,0.1322213222075187,0.1220952130648976,0.9762,0.7428599999999992,28.935966666666666,28.458440000000003,60.41713333333333,68.51336,0.0386260785500328,0.0252389271400677,0.0169751500549979,0.0101850900329987,0.1261141131141255,0.0956802993602595,1.3432846373013647,1.3092072831957893
2025,L & C Kurram,42,0.0286,11.0562,62.8353,604463.0,0.0,0.0,0.0,0.0,8.0,13.0,0.0,0.0,0.0,0.0,0.1323488782605387,0.2150669271733754,0.0,0.0,0.1158052684779713,0.049630829347702,1.2857,0.9143,8.7395,13.1086,68.6757,68.1837,0.0,0.0,0.0,0.0,0.0,0.0,0.7428666666666667,0.76286,10.9681,12.79526,66.5649,68.31868,0.0,0.0,0.0,0.0,0.0,0.0,0.1158052684779713,0.7820220972494454
2025,Lakki Marwat,42,0.0,24.2656,59.4776,1059019.0,250.0,1.0,3164.0,0.2,823.0,779.0,11.0,0.8474548974450984,0.1055852967995823,0.1550986790002217,7.7713431014929855,7.355864247950226,0.1038697133856899,6.024443376370018,6.506021138430944,0.0,0.4857,1.7143,22.4787,27.7653,60.0243,59.4387,0.1699116165615991,0.7061891335470062,0.1177697379715526,0.6717026674676477,0.1200256828665672,0.1117628566460842,0.7333333333333328,0.96,24.836533333333332,27.10422,59.64686666666666,59.13498,0.5745185491845679,0.6598073047827541,0.314857028146474,0.4688582021471739,0.1124579454374112,0.1148910802948194,6.506021138430944,7.9177565467231705
2025,Larkana,42,0.0,29.4146,28.4133,1842403.0,48.0,2.0,1906.0,0.5,7946.0,1719.0,42.0,0.365864055287798,0.2819807328635073,0.2708418476283464,43.128457780409605,9.330206257805704,0.227963154640977,42.55854989380716,8.662599876357127,0.2442462371153325,0.0,0.0429,28.8339,33.519,40.7802,45.7695,0.2918456877036813,0.4380465538470229,0.2802109936241799,0.3175152436647775,0.2944194986224144,0.2791176743733549,0.0143000000000002,0.0085800000000001,30.58916666666667,31.08624,38.321,46.8117,0.3652520989461673,0.3561791619844327,0.2895226949724346,0.2859411353227834,0.2851726352864255,0.2779891480371123,8.662599876357127,8.966340057344798
2025,Lasbella,42,0.0,26.3445,52.021,697550.0,0.0,0.0,0.0,0.0,680.0,426.0,11.0,0.0,0.0,0.0,9.748405132248584,6.107089097555732,0.1576947889040212,10.035122930255897,5.246935703533796,0.2007024586051179,0.0429,0.1714,25.6707,29.5424,68.1699,65.4988,0.0,0.0,0.0,0.0,0.0,0.0,0.0714333333333333,0.58572,27.18586666666667,26.79952,61.896566666666665,71.75161999999999,0.0,0.0,0.0,0.0,0.0,0.0,5.246935703533796,6.089337179752131
2025,Loralai,42,0.0,20.1427,24.2206,479944.0,1400.0,0.0,3785.0,0.2,77.0,245.0,0.0,0.2126901254213949,0.0890546897089519,0.1842213537452175,1.6043538412814828,5.104762222259264,0.0,1.4585034920740754,5.479805977364026,0.0,0.0,0.0143,18.2627,23.9124,35.4362,37.0343,0.2082944723979754,0.3195288972435884,0.1609340280476958,0.1584025473308652,0.0932962977092526,0.0918533535967665,0.0047666666666666,0.00286,20.7726,22.63874,32.23036666666666,32.72154,0.2468378316876529,0.2343912210497882,0.1678526430412595,0.1765403539458532,0.0914014470049903,0.0926038067162085,5.479805977364026,5.05091578592395
2025,Malakand,42,0.0,22.7448,52.9454,870427.0,700.0,1.0,952.0,0.2,29.0,806.0,0.0,0.1464322709078432,0.2769444139362572,0.0,0.3331698120577602,9.259823052363956,0.0,0.4710331825644195,7.01954328163074,0.0,1.7143,4.2571,19.9584,24.0269,53.763,56.6419,0.0,0.0096568892829587,0.0,0.0,0.2788690870790574,0.3070258725876503,1.9904666666666664,2.5657,22.243366666666663,23.846300000000003,54.4501,56.7672,0.0520297200636006,0.032503996351065,0.0,0.0,0.2876131245343216,0.291108874888251,7.01954328163074,9.831106335080907
2025,Malir,42,0.0,28.655,46.5167,2428732.0,20.0,0.0,2268.0,0.75,192.0,1450.0,63.0,0.2379260475297059,0.1905642855537538,0.1919659484738809,0.7905359669160698,5.970193500147403,0.2593946141443354,0.6258409738085552,5.299061403234281,0.1770471175905781,0.0,2.7286,27.5193,29.1735,63.6568,73.7716,0.3032533886446085,0.2283958724202625,0.1888272738060873,0.151817900916675,0.2101897212497398,0.208001793840152,0.9095333333333334,0.6457200000000001,28.449266666666663,28.094420000000003,61.31503333333334,69.30712000000001,0.2565251028648589,0.1953570697808953,0.1775370410655477,0.1065222246393286,0.2029186002145485,0.1808043597915816,5.299061403234281,6.340159201254682
2025,Mansehra,42,0.0,18.0689,65.0519,1881089.0,1000.0,0.0,4579.0,0.2,6.0,854.0,26.0,0.2624123744512631,0.3278887626532753,0.0550966466708037,0.0318964174475529,4.539923416701709,0.1382178089393962,0.0318964174475529,4.880151869475607,0.0,5.2571,1.8429,15.8901,20.671,67.9589,63.8696,0.1392820861556473,0.1185470201125812,0.0362172893545892,0.0294978424424035,0.2431292706967742,0.0,2.3666666666666667,1.8457,18.21,20.14184,65.6268,66.55074,0.1734138269064972,0.1464655375078384,0.0402705928225987,0.0299776120023115,0.1903393444500165,0.1955773641204401,4.880151869475607,4.3796143589595715
2025,Mardan,42,0.0,21.7877,72.7964,2868781.0,300.0,0.0,1632.0,0.65,222.0,1038.0,15.0,0.0958892622386469,0.2568091044951522,0.0750235210427279,0.7738478468729402,3.618261554297801,0.052287016680604,0.6100151946070473,4.291021168921573,0.2230912711705773,1.1,4.5143,19.5806,23.9719,73.9256,72.6425,0.1381545734086005,0.0180901624996138,0.0044747349580063,0.0030638953490068,0.2634690310822895,0.2927536735542536,1.8714333333333333,1.9543000000000004,21.78006666666667,23.7471,73.12150000000001,73.39667999999999,0.0840446660489537,0.0642513267546291,0.0275207171165803,0.0166612480440427,0.2710106030438984,0.2779825628956723,4.291021168921573,2.9936344607942065
2025,Mastung,42,0.0,18.1828,19.8205,321574.0,1700.0,0.0,3308.0,0.2,73.0,136.0,1.0,0.2390282784809585,0.0673182401094707,0.0164115407151098,2.270084024205937,4.229197634137089,0.0310970414274785,1.3060757399541008,3.234092308457773,0.0310970414274785,0.0,0.0,15.7956,21.353,20.3217,29.905,0.0354369046349304,0.2299805139160801,0.007719574308348,0.0025519469347963,0.0685084346358309,0.06987422310727,0.0,0.0,18.4438,20.51754,23.349066666666666,21.28248,0.1681485656773229,0.1660221979027893,0.0088943539860846,0.0480187917040353,0.0685669659508571,0.0691344402364489,3.234092308457773,5.056211671235989
2025,Mirpurkhas,42,0.0,28.5128,34.6562,1820642.0,16.0,0.0,2925.0,0.5,5117.0,2602.0,156.0,0.0,0.0,0.0,28.105470487882847,14.291661952212465,0.8568406089720001,26.331371021870307,12.98992333473577,0.8513480409657692,0.0,1.8857,27.7482,29.975,50.888,67.0224,0.0,0.0,0.0,0.0,0.0,0.0,0.628566666666666,0.3828600000000003,28.74533333333334,28.93674,50.85553333333334,58.56454,0.0,0.0,0.0,0.0,0.0,0.0,12.98992333473577,14.764684265711452
2025,MusaKhel,42,0.0,20.2722,37.8436,201891.0,0.0,0.0,0.0,0.0,158.0,68.0,1.0,0.1799377487729816,0.1240230464299891,0.150181980153559,7.826005121575504,3.3681541029565456,0.049531677984655,7.033498273821022,3.02143235706396,0.0,0.1143,0.0,24.365,26.0966,42.9771,49.7795,0.4118043099783093,0.2608065521856822,0.1527325593877764,0.1227083606637214,0.1459857532969505,0.1462491088224824,0.0381,0.2057,23.57793333333333,24.15902,43.5334,51.25136,0.2841828703123244,0.2840289261501804,0.1418743000683522,0.1852720830496581,0.1387526361831406,0.1049372018341644,3.02143235706396,3.4149352724285884
2025,Naseerabad,42,0.0,29.4337,28.9064,592374.0,0.0,0.0,0.0,0.0,157.0,326.0,80.0,0.0,0.0,0.0,2.6503526488333384,5.503280022418269,1.3504981650106185,2.684115102958604,5.469517568293004,0.6583678554426764,0.0,0.0143,28.912,33.764,39.3751,42.5086,0.0,0.0,0.0,0.0,0.0,0.0,0.0047666666666666,0.00286,30.703233333333333,31.76226,36.93003333333333,42.9444,0.0,0.0,0.0,0.0,0.0,0.0,5.469517568293004,4.807324328253625
2025,Naushero Feroze,42,0.0,28.5501,33.564,1948788.0,38.0,2.0,2945.0,0.2,2491.0,1562.0,193.0,0.4104664710399429,0.239715416104725,0.2130232994797997,12.782303667715524,8.015238189069308,0.990359136037373,11.258279505005165,7.378945272651515,0.9800963470628924,0.0,0.0429,27.756,32.017,46.1347,55.5074,0.227093186797309,0.3547503100165502,0.2146195119832856,0.1470564109492537,0.2676776916959438,0.2648029015422072,0.0143000000000005,0.00858,29.441033333333337,29.87428,45.0687,53.43862,0.3307699892846007,0.2784574209134807,0.1915664074707797,0.1807097512943952,0.2573986697809586,0.2459651348309217,7.378945272651515,7.369683083954968
2025,North Waziristan,42,0.5,10.1309,52.5082,656447.0,1000.0,1.0,4707.0,0.2,108.0,24.0,28.0,0.1659434723625016,0.1292385828946436,0.0848362826851802,1.6452204062171052,0.3656045347149122,0.4265386238340642,1.7975556290149852,0.3656045347149122,0.1980357896372441,1.3286,3.1429,6.1029,11.1687,68.1418,61.4109,0.1842651538771619,0.3007261481375529,0.1213199259548313,0.0688722831936075,0.1435621160013493,0.1413023433207154,1.6571666666666662,1.3,9.134166666666667,10.93678,60.68696666666667,62.55478000000001,0.2169782581257388,0.1833057815187185,0.0916761639445396,0.0811896577028261,0.1380343474055694,0.1420360131911977,0.3656045347149122,1.5037294085194297
2025,Nowshera,42,0.0,23.9302,63.5221,1835149.0,280.0,2.0,1748.0,0.65,482.0,2524.0,8.0,0.3471503870861472,0.216330792473925,0.7654559091396119,2.6264897291718547,13.753651610850126,0.0435931905256739,2.6264897291718547,13.753651610850126,0.0599406369728016,1.8714,3.4714,21.577,25.7329,60.7371,69.3424,0.4336906736217807,0.1687066739941421,0.2228298911133507,0.2164362748980027,0.2176436598163701,0.2277223071617127,1.7809333333333337,1.48284,23.746700000000004,25.796180000000003,64.53386666666665,64.64308,0.3165159115673566,0.3019324069348922,0.4015740250503217,0.2755099263649987,0.2205655864840026,0.2135584620473883,13.753651610850126,12.838815297315408
2025,Orakzai,42,0.0,20.5403,49.4958,307067.0,1200.0,0.0,1538.0,0.2,20.0,43.0,0.0,0.1906500229970222,0.2832986857306694,0.1524506079027355,0.6513236524927785,1.4003458528594737,0.0,0.423360374120306,1.4003458528594737,0.0,0.8286,2.5429,17.5921,22.4903,57.1428,58.0011,0.2483706453121346,0.0171367849536741,0.0974690203413607,0.0158340344931341,0.2962085287682738,0.2874572437745846,1.1238333333333328,1.06858,20.207566666666665,22.22406,54.8799,55.644400000000005,0.1520524844209436,0.1188845971140267,0.0885845542457434,0.0622324499348607,0.2889881527578426,0.2824001785479252,1.4003458528594737,2.0561726477093236
2025,Peshawar,42,0.0,24.4252,61.1154,5160904.0,330.0,0.0,1257.0,0.75,88.0,4553.0,100.0,0.126420183311056,0.2065120584552747,0.0,0.1705127628803016,8.822097834022877,0.19376450327307,0.1143210569311112,8.634146265847999,0.0019376450327306,0.9857,1.8143,21.5763,25.8743,60.5702,67.073,0.0,0.0574779594099763,0.0,0.0,0.206129967614537,0.2112954962042282,0.9333333333333332,0.7485799999999999,23.9586,26.01392,62.91953333333333,62.83801999999999,0.0612993809070107,0.0448866663010928,0.0,0.0,0.2079791740913466,0.2013400134832634,8.634146265847999,9.378862253310128
2025,Pishin,42,0.0,18.1715,17.8847,889769.0,1550.0,0.0,6218.0,0.2,44.0,448.0,8.0,0.523523153292677,0.0552898814750174,0.3489830306493921,0.4945103729170155,5.035014706064159,0.0899109768940028,0.5507047334757673,4.270771402465134,0.0112388721117503,0.0,0.0,15.9706,21.7242,20.4331,25.0349,0.369553750271949,0.4648060600043601,0.3382450183161955,0.3961145991601033,0.0567962855086359,0.0589046642814411,0.0,0.0,18.6221,20.76566,21.117566666666665,19.53158,0.4526276545229952,0.4590753423480386,0.361114216041897,0.3579822685173248,0.0569969437550314,0.0582001816724748,4.270771402465134,4.50349053871637
2025,Quetta,42,0.0,18.7179,20.1734,2751515.0,1680.0,0.0,3447.0,0.75,26.0,525.0,0.0,0.339337251355123,0.059592896422646,0.0133353874002253,0.0944933972738654,1.908039752645361,0.0,0.0981277587074757,1.6427313679918154,0.0036343614336102,0.0,0.0,16.09,21.667,22.4936,30.6473,0.0185443726590858,0.3307916164369362,0.0132968736460008,0.0,0.0607806057817479,0.061417854757543,0.0,0.0,18.82496666666667,20.8181,24.4381,22.32892,0.2295577468170483,0.2056350433061788,0.008877420348742,0.06687723369542,0.0605971189873122,0.0611890500746403,1.6427313679918154,1.7757937644435833
2025,Sanghar,42,0.0,28.2757,39.2011,2486760.0,16.0,1.0,10608.0,0.2,8399.0,2116.0,213.0,0.6604527912476476,0.1791017333349591,0.5281656033180879,33.77487172063247,8.509064002959674,0.8565362157988707,28.072672875548903,7.676655567887533,0.8042593575576251,0.0,1.3429,28.1733,29.9572,50.6758,68.7766,0.5575989240137439,0.5408026636336863,0.4898505158457512,0.0737532543991311,0.1988519602847306,0.1956070809419455,0.4476333333333339,0.26858,28.80206666666666,29.21956,52.88450000000001,58.41662,0.586284792965026,0.4490637362922472,0.36392312452099,0.2630410258721906,0.1911869248538783,0.182389678526964,7.676655567887533,8.209581347898851
2025,Shaheed Benazirabad,42,0.0,27.9683,38.95,1949997.0,30.0,2.0,4502.0,0.5,4295.0,1745.0,121.0,0.5543555886207084,0.1996303826756111,0.3650928342651436,22.025674911294733,8.94873171599751,0.6205137751493977,20.97951945567096,8.497448970434313,0.6871805443803246,0.0,0.4714,27.3013,30.8641,49.4816,62.33,0.4185449335845647,0.4393827385934556,0.3555993457723502,0.1287829107628021,0.2220832099428691,0.2172838213477105,0.1571333333333333,0.09428,28.711233333333336,29.23412,50.25386666666666,57.55798,0.4707610869329096,0.3881834489694508,0.2831583636000986,0.2646435185063585,0.2129991379887301,0.1775626340605073,8.497448970434313,9.007367738431817
2025,Shangla,42,0.0857,14.478,54.0226,915157.0,2000.0,2.0,1586.0,0.35,543.0,1212.0,6.0,0.1367874426013779,0.2876071102060406,0.0031702448794941,5.93340814745448,13.243629235202263,0.0655625209663478,5.93340814745448,13.243629235202263,0.0,4.6,5.8429,10.9672,14.8428,59.7681,61.0113,0.0099735822605663,0.0159185899233949,0.0038421579268607,0.0026266747737592,0.3518001506827717,0.31233910674269,3.509533333333333,2.76572,13.429333333333332,15.15462,58.26733333333334,60.13258,0.0542265382617797,0.0348969684932596,0.003213025860038,0.0024636037420387,0.3172487892105007,0.3132813653346575,13.243629235202263,14.238305084976371
2025,Shikarpur,42,0.0,29.5331,28.4134,1488188.0,52.0,1.0,2512.0,0.35,3312.0,1147.0,165.0,0.7484751348320048,0.3067518824672205,0.5301130581075746,22.255252696567908,7.70735955403484,1.1087308861514809,25.1043550949208,7.814872852085893,1.4178316180482573,0.0,0.0,28.7248,33.4433,39.4689,44.757,0.2119964468027782,0.765360320586837,0.5221082659784011,0.4335529443727502,0.3560760191139155,0.3368345775651901,0.0,0.0,30.567066666666676,31.346660000000004,37.54643333333333,44.08896,0.57527730074054,0.4533191732123623,0.4952580894862419,0.3923189286321655,0.3332208263821087,0.3374321213012176,7.814872852085893,8.617793950491077
2025,Sibi,42,0.0,27.2236,27.5807,163205.0,130.0,0.0,7121.0,0.2,183.0,361.0,0.0,0.1835739251735867,0.0992725589013813,0.0966579321213261,11.212891761894548,22.11942036089581,0.0,13.970160227934194,14.766704451456755,0.0,0.0,0.0,27.2563,32.6891,35.4467,37.4057,0.1497880055367207,0.1002092189570139,0.0820713170185312,0.0843595941245156,0.105425946980331,0.0901033114197128,0.0,0.0,29.056333333333328,30.8183,33.477700000000006,39.15084,0.1445237165557737,0.1568474086993945,0.0876962810881242,0.1069217834129176,0.0982672724338083,0.1027441883851522,14.766704451456755,15.538364603286812
2025,Sohbat pur,42,0.0,29.0863,30.8847,241785.0,0.0,0.0,0.0,0.0,129.0,254.0,9.0,0.0,0.0,0.0,5.33531856814939,10.50520090162748,0.3722315280104225,4.714932688132018,7.4446305602084495,0.0827181173356494,0.0,0.0,28.5166,33.2967,40.5254,44.1758,0.0,0.0,0.0,0.0,0.0,0.0,0.0,0.0,30.299866666666663,31.3752,38.52863333333333,44.24624,0.0,0.0,0.0,0.0,0.0,0.0,7.4446305602084495,10.28018741273564
2025,South,42,0.0,27.1464,45.1837,2166395.0,4.0,0.0,122.0,0.95,5.0,98.0,0.0,0.0668551255161992,0.1224897453240666,0.0323463126766801,0.0230798169308921,0.4523644118454852,0.0,0.055391560634141,0.3692770708942737,0.0,0.1571,0.6857,26.336,29.0917,64.6932,70.3919,0.0511574586714953,0.0402667952008128,0.0204134804528223,0.0080377265088649,0.1244847924193944,0.1161235979453836,0.2809333333333333,0.5514199999999996,27.5247,27.29608,60.0896,69.52962,0.0527597931295024,0.0344410718705626,0.0202658398794557,0.0121595039276734,0.1210327118962815,0.091635822506306,0.3692770708942737,3.522245398480017
2025,South Waziristan (Lower),42,0.0,21.6491,46.8314,820861.0,0.0,0.0,0.0,0.0,69.0,114.0,2.0,0.0,0.0,0.0,0.8405808047891177,1.3887856774776728,0.0243646610083802,0.8405808047891177,1.3887856774776728,0.4141992371424638,0.0571,0.0143,19.2274,24.7694,54.5374,51.3844,0.0,0.0,0.0,0.0,0.0,0.0,0.0238000000000001,0.07428,21.881966666666667,23.87038,50.91773333333333,51.57784,0.0,0.0,0.0,0.0,0.0,0.0,1.3887856774776728,1.5405638684892615
2025,Sujawal,42,0.0,26.8301,49.0806,945380.0,0.0,0.0,0.0,0.0,1396.0,2058.0,62.0,0.0,0.0,0.0,14.766548900971038,21.769024096130657,0.6558209397279401,11.18068924665214,20.10831623262603,0.5923543971736234,0.0,4.7857,26.9227,28.6637,65.8683,77.4017,0.0,0.0,0.0,0.0,0.0,0.0,1.5952333333333335,0.97714,27.472166666666663,27.79624,64.11686666666667,69.03458,0.0,0.0,0.0,0.0,0.0,0.0,20.10831623262603,21.407741853404993
2025,Sukkur,42,0.0,28.9202,32.2306,1798882.0,65.0,2.0,5165.0,0.75,4529.0,1392.0,57.0,0.7069510214294803,0.165697208087029,0.6220974885157882,25.17674866945136,7.738139577804437,0.3168634740911299,26.794420089811336,6.77643113889627,0.4613976903432243,0.0,0.0143,28.1678,32.5509,44.0514,50.6831,0.6018847491624524,0.6927544194840568,0.6189091098248602,0.4489535015812276,0.1669760414865332,0.1540288389964156,0.0047666666666663,0.0028600000000007,29.87963333333333,30.48568,42.3217,48.76856,0.6671967300253298,0.615303132801708,0.563320033307292,0.5137549795607973,0.1622340295233259,0.1597184940225772,6.77643113889627,8.121916864857177
2025,Swabi,42,0.0,21.4077,68.7796,1963296.0,340.0,2.0,1543.0,0.65,140.0,1174.0,53.0,0.1828108357538156,0.2642839430729908,0.1346365483869948,0.7130865646341663,5.979740192003651,0.2699541994686486,0.7130865646341663,5.979740192003651,0.2342998712369403,4.3143,4.9429,19.5042,23.8616,71.8377,71.7846,0.2204262911466185,0.0579616945469869,0.0544825151670219,0.0548721920143611,0.2687900671371749,0.2665130232223849,3.0857333333333337,3.34002,21.591166666666663,23.48234,70.80063333333334,72.19636,0.1537329404824736,0.1609041085843031,0.0813304185227925,0.0740060742047652,0.2665290111441835,0.2681377855071759,5.979740192003651,6.675166612635457
2025,Swat,42,0.0,19.1825,60.8635,2791410.0,980.0,1.0,5337.0,0.35,128.0,2160.0,25.0,0.2472372655817901,0.1528375579431423,0.0495720022293038,0.4585496218756829,7.73802486915215,0.0895604730225943,0.4585496218756829,7.73802486915215,0.0071648378418075,6.3143,1.4857,17.0459,20.9796,63.7779,63.7842,0.1539560544165606,0.149375076255576,0.0760524585454657,0.0665124743641729,0.1970029092161776,0.2234016613321481,2.6,3.3971400000000003,19.069333333333333,20.75032,62.80853333333334,65.60592,0.1835227987513089,0.15220793475347,0.0640456450463141,0.04707450220547,0.191080709497156,0.1951959331437557,7.73802486915215,8.87950418999015
2025,Tando Allahyar,42,0.0,28.6736,33.2672,1011871.0,18.0,0.0,2343.0,0.2,4405.0,1085.0,38.0,0.0,0.0,0.0,43.533217178869634,10.72271070126528,0.3755419416111342,36.971115883348766,8.993241233319267,0.553430229742724,0.0,0.9571,27.8697,29.6119,49.3578,69.6877,0.0,0.0,0.0,0.0,0.0,0.0,0.3190333333333327,0.1971399999999999,28.718400000000003,28.82416,50.770900000000005,59.03736,0.0,0.0,0.0,0.0,0.0,0.0,8.993241233319267,11.2808095404348
2025,Tando Muhammad Khan,42,0.0,28.1038,37.2375,818443.0,14.0,2.0,1733.0,0.2,2091.0,1172.0,89.0,0.0,0.0,0.0,25.548511014206245,14.319873222692356,1.0874306457505287,17.411108653870823,9.408107834021427,1.0019023927139703,0.0,2.8,27.5764,29.3618,55.3799,72.1852,0.0,0.0,0.0,0.0,0.0,0.0,0.9333333333333332,0.56858,28.34733333333333,28.54776,54.9342,62.01938,0.0,0.0,0.0,0.0,0.0,0.0,9.408107834021427,14.870021571530513
2025,Tank,42,0.0,24.8636,53.2352,472690.0,250.0,0.0,1679.0,0.2,353.0,642.0,0.0,0.5778536643985096,0.1297863710007487,0.2040146186373135,7.467896507224608,13.58184010662379,0.0,7.467896507224608,13.58184010662379,0.0,0.3,1.3286,23.3002,28.4999,56.0402,54.7621,0.2266497410437661,0.612006119703668,0.2213701446309934,0.500750065919398,0.1535879228234555,0.1395888599209439,0.5428666666666667,0.45144,25.55456666666667,27.67616,54.67916666666667,55.37662,0.4721698417153145,0.5029744383153811,0.308711609729235,0.3821870339005814,0.1409877179150493,0.1452621934819311,13.58184010662379,10.888855855030101
2025,Tharparkar,42,0.0,27.9528,39.4158,1994728.0,56.0,0.0,19638.0,0.35,3704.0,1612.0,2.0,0.4284903537701942,0.1815355503187485,0.3107490616240419,18.56894774625914,8.081302312896796,0.0100264296686064,15.80165315772376,8.753073100693427,0.0150396445029096,0.1,2.7,27.0963,28.6811,59.5271,75.499,0.3663363878299813,0.2534059804067451,0.1980251524496927,0.1169707690402681,0.1957536424202024,0.2179028530060589,0.9333333333333322,0.5742799999999997,27.91006666666667,28.52072,58.1473,61.903,0.3494109073356402,0.2803813508060875,0.2085816610380009,0.1693640822810243,0.1983973485816699,0.1634024710072815,8.753073100693427,8.37146907930995
2025,Thatta,42,0.0,27.1664,46.2227,1184747.0,10.0,2.0,17355.0,0.35,2236.0,1406.0,67.0,0.481443082330092,0.1895651058540582,0.3968006494372464,18.873227786185574,11.867512641939587,0.5655215839331098,25.929586654365867,12.525881053085596,0.9453495134404224,0.0,3.7286,27.009,28.8018,65.2366,76.1334,0.4512794789051622,0.4838116040204353,0.3937699906371914,0.3451983580967419,0.2028711135621463,0.1886349382150594,1.242866666666668,0.7885800000000001,27.659066666666664,27.849400000000003,62.5309,68.55668,0.4721780550852298,0.495446470924522,0.3785896660570598,0.4664077397649985,0.1936903858770879,0.1435863255421743,12.525881053085596,11.48834371293824
2025,Tor Ghar,42,0.0,21.3659,70.0358,206726.0,0.0,0.0,0.0,0.0,92.0,78.0,0.0,0.0,0.0,0.0,4.450335226338245,3.773110300591121,0.0,4.450335226338245,3.773110300591121,1.0642105976026237,5.2571,1.9714,19.4823,23.8412,70.5666,72.8066,0.0,0.0,0.0,0.0,0.0,0.0,2.409500000000001,2.6257000000000006,21.56313333333333,23.4674,71.13633333333333,72.16302,0.0,0.0,0.0,0.0,0.0,0.0,3.773110300591121,4.042318520572831
2025,Umerkot,42,0.0,28.0812,36.0497,1297177.0,12.0,0.0,5608.0,0.35,2462.0,1497.0,0.0,0.5897529079696263,0.1877640119840962,0.4706911025749127,18.97967663626475,11.54044513586041,0.0,20.876102490253835,10.916012232717662,0.0,0.0286,0.9,27.7845,29.7589,52.1506,68.7958,0.5376678808518841,0.433749294618787,0.385003535143213,0.0,0.2000113319093911,0.2116986117178042,0.3095333333333333,0.1914399999999996,28.54153333333333,28.9217,52.332033333333335,58.16606,0.5203900278134325,0.3655014654131651,0.2852315459060419,0.2060457406625735,0.1998246518704305,0.1656175228535288,10.916012232717662,10.938524067537477
2025,Upper Kurram,42,0.0286,11.0562,62.8353,748325.0,0.0,0.0,0.0,0.0,19.0,148.0,0.0,0.0,0.0,0.0,0.2539003775097718,1.9777503090234856,0.0,0.2539003775097718,1.9777503090234856,0.5078007550195437,1.2857,0.9143,8.7395,13.1086,68.6757,68.1837,0.0,0.0,0.0,0.0,0.0,0.0,0.7428666666666665,0.76286,10.968100000000002,12.79526,66.5649,68.31868,0.0,0.0,0.0,0.0,0.0,0.0,1.9777503090234856,2.018829452440956
2025,Usta Muhammad,42,0.0,27.2395,36.6805,314321.0,0.0,0.0,0.0,0.0,222.0,762.0,27.0,0.0,0.0,0.0,7.062843398945664,24.24273274773241,0.8589944674393376,6.935584959325022,23.224665230767272,0.8589944674393376,0.0,0.0,27.2002,31.649,47.883,50.2418,0.0,0.0,0.0,0.0,0.0,0.0,0.0,0.0,28.696233333333332,29.59948,44.935100000000006,53.26986000000001,0.0,0.0,0.0,0.0,0.0,0.0,23.224665230767272,17.309241122377344
2025,West,42,0.0,27.8921,54.9485,4732945.0,15.0,0.0,929.0,0.75,313.0,812.0,61.0,0.2869788711112204,0.1848530859245119,0.231785818599764,0.6613218619696616,1.7156337122024448,0.1288838133551097,0.557792241405721,1.806486236370801,0.1035296205639406,0.1429,2.5143,27.5965,29.7281,65.2716,71.3935,0.3574169186009022,0.2535485600657087,0.2095242520682632,0.1129187646383902,0.1990022119331604,0.2092491365606341,0.8857333333333334,0.7428600000000001,28.40556666666667,28.13732,63.8712,70.49231999999999,0.2993147832592771,0.2682253022815389,0.1847429451021391,0.1930213483234527,0.1977014781394354,0.1733909877832543,1.806486236370801,2.008954605171274
2025,Zhob,42,0.0,20.4048,38.695,374767.0,1400.0,0.0,20297.0,0.2,14.0,27.0,0.0,0.2720265108497593,0.061409367534066,0.2113970657094337,0.373565441994626,0.7204476381324929,0.0,0.587031408848698,0.853863867416288,0.0,0.0,0.0,18.3087,24.2861,42.4814,36.8871,0.4225387430864998,0.5670833898652992,0.376966040734634,0.331214469902511,0.0661161922892038,0.069868088062094,0.0,0.0,20.999866666666662,23.00482,39.3545,40.88724,0.4205495479338528,0.4359308676150508,0.3065258587821929,0.3376398277409174,0.0657978826284546,0.0665176802768939,0.853863867416288,2.6640950636460374
2025,Abbottabad,43,0.0286,18.4801,45.8736,1611498.0,1256.0,0.0,1967.0,0.75,263.0,822.0,41.0,0.1091490682436972,0.3331478819526016,0.0,1.632021882745123,5.100844059378293,0.2544216623290876,0.0124108127965408,4.449276387559897,0.0682594703809747,0.0,7.3714,19.3301,16.3718,58.2832,65.1618,0.0,0.0046094953713574,0.0,0.0049394376200822,0.3166883863056231,0.3663228296543437,2.466666666666667,2.10856,18.060666666666663,19.87214,56.43953333333334,57.10298,0.0379195212050182,0.0446695279778256,0.001646479206694,0.0024978613494913,0.3387196993041894,0.2032318195825136,4.449276387559897,5.484384721214836
2025,Badin,43,0.0,27.0782,42.243,2182111.0,9.0,1.0,6726.0,0.35,5230.0,2148.0,165.0,0.2123022797236527,0.2330016359707867,0.183951052683495,23.967616679444813,9.843678896261466,0.7561485185675706,15.553745891020208,8.821732716621657,0.577422505087963,0.0,0.0286,26.5362,26.5356,47.6033,64.0312,0.2875073975305773,0.2080722162607378,0.1912827763423195,0.183269475510027,0.2606226461102581,0.2899907485073647,0.0095333333333333,0.74572,26.716666666666665,27.463,51.2925,60.78336,0.2359606311716559,0.2357140960457935,0.1861677681786138,0.182492145121757,0.2612050101961365,0.2104058250178425,8.821732716621657,9.401228274044323
2025,Bajaur,43,0.0,17.272,38.9789,1321356.0,900.0,0.0,1290.0,0.2,258.0,762.0,11.0,0.2899933979755199,0.2071487768935933,0.1072807885306171,1.9525396637999144,5.766803193083469,0.0832478151232521,2.2703949579068774,5.819779075434629,0.0908157983162751,0.0,0.5714,18.4824,15.8226,42.9558,52.2083,0.2641638768740473,0.0,0.0,0.0,0.2236950276806728,0.2327465655389753,0.1904666666666666,0.4628599999999999,17.19233333333333,18.86772,44.71433333333334,46.63844,0.1847190916165223,0.1146391066561538,0.035760262843539,0.0214561577061234,0.2211967900377471,0.2332576480552995,5.819779075434629,5.580736956213904
2025,Bannu,43,0.0,23.4797,46.3627,1410816.0,312.0,1.0,1227.0,0.2,1471.0,948.0,6.0,0.6275860475420906,0.1231788490062474,0.6186438719796876,10.426590001814551,6.719515514425694,0.0425285792052259,8.278896751950644,6.244613046634005,0.666281074215206,0.0,0.2857,24.6952,22.2285,51.6019,54.7774,0.5312842652788552,0.2172764154364594,0.1942366706041783,0.2104988036701615,0.1417838453996958,0.1540475755363601,0.0952333333333339,0.7142799999999997,23.4678,25.5912,50.91400000000001,51.76888,0.4587155760858017,0.4709937915740632,0.3411264487513425,0.3647697328902767,0.1396700899807677,0.1477489998750186,6.244613046634005,6.271017893884993
2025,Barkhan,43,0.0,23.1408,35.9685,206726.0,1100.0,0.0,3514.0,0.2,79.0,90.0,14.0,0.2238491739363073,0.1313685404573241,0.1764680110971937,3.821483509573058,4.35358880837437,0.6772249257471242,3.869856718554996,4.2084691814285575,1.209330224548436,0.0,0.0,23.6146,21.7244,34.1999,50.5286,0.2198894362118189,0.1946551681471615,0.1724930921252995,0.1837232360215246,0.1315263770537373,0.1412192114886084,0.0,0.2142799999999999,22.826600000000003,25.0477,40.23233333333334,42.4768,0.2127979260984292,0.23434730592367,0.1775614464146726,0.1620270404411737,0.1347047096665566,0.138708833396793,4.2084691814285575,4.11414446579646
2025,Battagram,43,0.0,16.7037,55.1973,575449.0,1036.0,0.0,1301.0,0.2,30.0,60.0,10.0,0.0,0.0,0.0,0.5213320381128476,1.0426640762256951,0.1737773460376158,1.2164414222633109,3.8926125512425953,0.0,0.0,7.8857,18.226,15.929,65.3212,64.0462,0.0,0.0,0.0,0.0,0.0,0.0,2.6285666666666674,2.12856,16.9529,18.68352,61.52156666666667,63.24002,0.0,0.0,0.0,0.0,0.0,0.0,3.8926125512425953,2.514266128449849
2025,Buner,43,0.0,19.486,54.8025,1084406.0,700.0,0.0,1865.0,0.35,157.0,158.0,0.0,0.0680460517660836,0.3045351684732509,0.0149347689536906,1.4477972272377688,1.4570188656278182,0.0,2.2777446823422225,1.8166627628397485,0.0368865535601979,0.0,3.8,20.4553,17.9764,66.223,68.4406,0.1212421043659683,0.0286283515552036,0.0149778005130696,0.0002664987263839,0.3282876091015082,0.3391124631002567,1.2666666666666653,0.9,19.3059,20.94942,63.15536666666667,64.42576,0.0726388358957518,0.0471357307569227,0.0100596893977147,0.0065584112618402,0.3239784135583386,0.3396323750177721,1.8166627628397485,1.7524319077837651
2025,Central,43,0.0,29.8734,33.0091,3591719.0,10.0,0.0,69.0,0.95,56.0,1781.0,30.0,0.0,0.0855519477340817,0.0,0.1559142015285717,4.95862844504261,0.0835254651045919,0.1392091085076533,5.058859003168121,0.1392091085076533,0.0,0.0857,28.7627,28.0309,47.9379,60.9394,0.0,0.0,0.0,0.0,0.0889655293312453,0.0887988352480974,0.0285666666666666,0.7742799999999993,28.889,28.88594,47.29546666666666,57.84592,0.0,0.0,0.0,0.0,0.0877721041044748,0.0829552614694157,5.058859003168121,3.6975488989108234
2025,Chagai,43,0.0,23.7188,16.7922,273217.0,919.0,0.0,44748.0,0.2,72.0,221.0,0.0,0.7603603859139577,0.0424037133483306,0.7376078069145964,2.6352679372074213,8.08880852948389,0.0,2.3058594450564938,6.807775504452505,0.0,0.0,0.0,24.5152,22.9003,13.8269,12.1425,0.7617771929791981,0.7741698976093188,0.7541520335881546,0.8247488625896702,0.0430711769539708,0.0448740353675133,0.0,0.0,23.71143333333333,26.11348,14.253866666666667,13.73862,0.7654358255008248,0.7689184400874381,0.7721695676974738,0.7836143517637589,0.0434496418899382,0.0446287925672245,6.807775504452505,7.086779502729273
2025,Charsadda,43,0.0,20.698,72.5234,1953624.0,300.0,2.0,996.0,0.2,529.0,1930.0,76.0,0.0845834494357218,0.2068057319155639,0.0345213170068804,2.7077881926102463,9.879076014627174,0.3890206099024172,2.3648358128278524,9.193171255062389,0.5528187614402771,0.0,0.8571,22.243,20.187,73.7283,71.6917,0.0569556253856607,0.0,0.0,0.0,0.2562684477173734,0.2560799215192764,0.2856999999999988,1.49998,21.04266666666667,22.8028,72.6478,72.42823999999999,0.0471796916071275,0.0347007914381429,0.0115071056689601,0.006904263401376,0.2397180337174045,0.2508916673711859,9.193171255062389,8.769683522805863
2025,Chitral Lower,43,0.4,14.7321,44.6428,336081.0,1500.0,1.0,6458.0,0.35,18.0,563.0,9.0,0.2647399817884063,0.0439740746242799,0.0110765750299894,0.535585171431887,16.751913973119574,0.2677925857159435,0.535585171431887,17.198234949312813,0.2677925857159435,0.3714,0.8143,18.0666,14.5797,34.3001,58.9457,0.3215476685723076,0.1663102484423728,0.0,0.0541709768244811,0.0340562232169045,0.0452965867262216,0.5285666666666666,0.55428,15.7928,17.27514,45.96286666666666,47.93134,0.2508659662676956,0.2083531638104747,0.0217491839514901,0.0335512104842522,0.0411089615224686,0.040610635685678,17.198234949312813,14.977370673461394
2025,Chitral Upper,43,0.4,14.7321,44.6428,204308.0,2500.0,1.0,8392.0,0.2,6.0,116.0,10.0,0.2647399817884063,0.0439740746242799,0.0110765750299894,0.2936742565146739,5.677702292617029,0.4894570941911232,0.0489457094191123,4.160385300624547,0.7831313507057971,0.3714,0.8143,18.0666,14.5797,34.3001,58.9457,0.3215476685723076,0.1663102484423728,0.0,0.0541709768244811,0.0340562232169045,0.0452965867262216,0.5285666666666666,0.55428,15.7928,17.27514,45.96286666666666,47.93134,0.2508659662676956,0.2083531638104747,0.0217491839514901,0.0335512104842522,0.0411089615224686,0.040610635685678,4.160385300624547,7.166404425198321
2025,D.I. Khan,43,0.0,24.1582,62.0206,2050338.0,0.0,0.0,0.0,0.0,881.0,2061.0,0.0,0.0,0.0,0.0,4.2968525189505336,10.052001182244098,0.0,4.248080072651436,9.359432444796909,0.0,0.0,0.7286,24.9347,23.4939,63.8934,65.5083,0.0,0.0,0.0,0.0,0.0,0.0,0.2428666666666666,0.35144,24.1956,26.27624,63.807433333333336,64.18996000000001,0.0,0.0,0.0,0.0,0.0,0.0,9.359432444796909,9.94829863814221
2025,Dera Bugti,43,0.0,25.2309,40.4825,378394.0,250.0,0.0,10160.0,0.2,45.0,41.0,0.0,0.4679899417837091,0.0960668650899726,0.4855565216719559,1.1892366158025762,1.0835266943979027,0.0,1.1892366158025762,0.8192518908862192,0.0,0.0,0.0,25.66,24.024,37.7323,52.9749,0.5322191561865988,0.4549406062318383,0.4802072341234868,0.4877430544317602,0.1000925256572841,0.1042257726113179,0.0,0.21714,24.971633333333333,26.8702,43.72990000000001,46.78796,0.4850499014007154,0.505231343953098,0.4845022700757342,0.4675668882860481,0.1001283877861915,0.0981726173201476,0.8192518908862192,2.283456293437448
2025,Dir Lower,43,0.0,22.7101,54.9922,1734809.0,800.0,1.0,1583.0,0.35,157.0,1800.0,5.0,0.0,0.0,0.0,0.9049987635526446,10.375782002514397,0.0288216166736511,0.6974831235023567,8.928936845497113,0.1556367300377159,0.0,1.8714,23.8717,21.5185,63.51,60.7246,0.0,0.0,0.0,0.0,0.0,0.0,0.6238,1.1857,22.700100000000003,24.48244,59.74226666666666,62.04566,0.0,0.0,0.0,0.0,0.0,0.0,8.928936845497113,10.396984269935707
2025,Dir Upper,43,0.0,13.8741,49.0982,1143644.0,1200.0,1.0,3699.0,0.35,21.0,937.0,1.0,0.0,0.0,0.0,0.1836235751684965,8.193109044422915,0.0087439797699284,0.2273434740181385,7.633494339147497,0.0699518381594272,0.0,2.4143,15.6369,13.597,48.526,60.223,0.0,0.0,0.0,0.0,0.0,0.0,0.8047666666666666,0.6514399999999997,14.369333333333335,15.95612,52.61573333333333,54.90096,0.0,0.0,0.0,0.0,0.0,0.0,7.633494339147497,8.646065810398905
2025,East,43,0.0,29.8411,32.3089,3514347.0,10.0,0.0,165.0,0.95,72.0,242.0,2.0,0.0,0.1233218238867136,0.0,0.2048744759695044,0.6886058775641677,0.0056909576658195,0.2077199548024142,0.5491774147515883,0.0028454788329097,0.0,0.0,28.8349,27.4825,45.7116,65.1742,0.0364585117436828,0.0393187864670754,0.0218602633051302,0.0231048539033329,0.1240258040699604,0.1322213222075187,0.0,0.8257000000000001,28.7195,28.63964,47.73156666666667,59.433040000000005,0.025259099403586,0.0252389271400677,0.014988372402821,0.0101850900329987,0.1265229833880642,0.1203446641376022,0.5491774147515883,1.0080663034091542
2025,Ghotki,43,0.0,26.7043,48.7234,1989892.0,72.0,1.0,6083.0,0.35,5669.0,1231.0,208.0,0.594022918425034,0.1765474317233665,0.540463423465603,28.488983321707916,6.186265385257089,1.0452828595722785,25.48379510043761,4.749001453345207,0.7739113479525521,0.0,0.0,26.9525,26.6525,48.2139,53.9411,0.5619467145612245,0.5518955499612854,0.53009074072748,0.5164625571901468,0.2033945450437094,0.2237666442487378,0.0,0.0028599999999999,26.769766666666666,28.44954,50.2928,53.50999999999999,0.5692883943158479,0.4816894756907864,0.5290055737944099,0.3739129861768274,0.2012362070052712,0.2053990396624367,4.749001453345207,7.014166997380345
2025,Gwadar,43,0.0,26.8202,85.4915,317947.0,12.0,0.0,12637.0,0.35,207.0,294.0,2.0,0.6699992941702781,0.0406873963923033,0.6371158641661696,6.51051904877228,9.246824156227296,0.062903565688621,5.504061997754343,9.49843841898178,0.0943553485329316,0.0,0.0,26.9422,27.8375,77.5141,85.0772,0.6796409153624041,0.6798253811960773,0.6537016520302642,0.6199067893739313,0.0387873556384999,0.0274741822118609,0.0,0.59428,27.199966666666665,27.2451,82.69426666666668,84.11197999999999,0.6764885302429198,0.6991968263063022,0.6369081018567884,0.6612255294050691,0.0356496447475546,0.0272341595495541,9.49843841898178,8.905072693327512
2025,Hangu,43,0.0,20.8098,38.4379,627433.0,900.0,0.0,1097.0,0.2,135.0,297.0,0.0,0.1886623124708426,0.1736826512589026,0.154137795307117,2.1516241574797625,4.733573146455479,0.0,2.5181971620874264,3.012273820471668,0.0159379567220723,0.0,1.7,22.042,18.8372,48.0125,56.255,0.2444565904234658,0.1615501134074579,0.1074357225561881,0.1121345979983186,0.1983782495691569,0.2092494864349554,0.5666666666666667,1.1,20.563,22.23326,47.568466666666666,50.760540000000006,0.1982230054339221,0.1823733888516246,0.1245693719538745,0.1127109721515194,0.1937701290876716,0.2023356263155578,3.012273820471668,3.484439858959082
2025,Haripur,43,0.0,20.0048,58.8507,1212553.0,605.0,2.0,1725.0,0.65,21.0,875.0,3.0,0.2398113635654344,0.2771868356718459,0.2488575373007613,0.1731883059956967,7.216179416487362,0.0247411865708138,0.1566941816151541,8.362521060935068,0.2886471766594944,0.0,6.1857,21.1015,19.0464,68.0529,69.9846,0.2751409467982746,0.1556259019991379,0.2327658548229522,0.1025606930389218,0.2935175677478034,0.3060676059086473,2.061899999999999,1.85428,20.0509,21.77138,65.62939999999999,67.80896,0.2235260707876156,0.1912327261163103,0.1947280283875451,0.1612325148608785,0.2922573364427656,0.1753544018656593,8.362521060935068,7.557409077715362
2025,Hub,43,0.0,27.538,37.1313,461810.0,0.0,0.0,0.0,0.0,193.0,166.0,4.0,0.0,0.0,0.0,4.179207899352548,3.594551871981984,0.086615707758602,3.2697429678872263,2.2087005478443515,0.0,0.0,0.0,26.9594,26.6505,49.9529,65.042,0.0,0.0,0.0,0.0,0.0,0.0,0.0,0.3142999999999997,27.0493,27.57746,50.70873333333335,60.411060000000006,0.0,0.0,0.0,0.0,0.0,0.0,2.2087005478443515,3.7147840795742835
2025,Hyderabad,43,0.0,29.0902,33.3887,2659637.0,20.0,2.0,993.0,0.75,1795.0,2410.0,48.0,0.2173811391794146,0.2536233898666265,0.1639181886555311,6.749041316540565,9.061386948670062,0.1804757566540095,7.328067702472179,8.226686574145269,0.1879955798479266,0.0,0.0,29.2378,28.5253,32.3864,46.303,0.2512226166391353,0.1646928266468328,0.145712902487936,0.1432803523107669,0.2704573199643996,0.2919306132178833,0.0,0.3600000000000004,28.9511,29.34726,37.35936666666666,49.08642,0.2110988608217942,0.1904344197346507,0.1509704811514113,0.1319189701292518,0.2720037743496364,0.217390729686438,8.226686574145269,8.137053211448874
2025,Jacobabad,43,0.0,27.9581,37.0486,1216179.0,55.0,0.0,2686.0,0.35,2028.0,782.0,188.0,0.3082582873713805,0.1984369397698396,0.3500196275368665,16.675176927080635,6.429974534998548,1.5458250800252265,18.229224480935784,5.805066523924521,1.5211576585354625,0.0,0.0,28.553,27.9479,34.0386,43.47,0.4277357111830356,0.2563361816074044,0.3007960355362979,0.2947252262325924,0.2399712616825445,0.2973029084139073,0.0,0.0,28.153,29.94538,38.18573333333333,42.20234,0.3307767267206068,0.3379611396443273,0.3151802964352523,0.290739961532599,0.2452370366220971,0.2738215349713094,5.805066523924521,6.421843504348048
2025,Jaffarabad,43,0.0,0.0,0.0,621388.0,55.0,1.0,1643.0,0.2,374.0,379.0,10.0,0.2506581887283126,0.2270693764381359,0.2601116072395915,6.018783755077343,6.099248778540944,0.1609300469272016,15.899888636407528,9.060361642001457,0.9816732862559304,0.0,0.0,0.0,0.0,0.0,0.0,0.5586414714936385,0.3489418330899111,0.4070861785282462,0.4255261289627821,0.2568493867642659,0.2935685879915871,0.0,0.0,0.0,0.0,0.0,0.0,0.3860804977706207,0.4531888604119728,0.3642413049102065,0.4079776659404436,0.2591624503979963,0.2672854501495066,9.060361642001457,6.952656918964299
2025,Jhal Magsi,43,0.0,0.0,0.0,180130.0,60.0,0.0,3615.0,0.2,295.0,224.0,12.0,0.7141983898903665,0.1071410809165599,0.7081412013040816,16.3770610114917,12.435463276522512,0.6661855326708489,8.549381002609227,7.938710930994281,0.0,0.0,0.0,0.0,0.0,0.0,0.0,0.7598868670543583,0.7543218246089775,0.7341364280735452,0.7347250660718384,0.112959452961726,0.1140263079863964,0.0,0.0,0.0,0.0,0.0,0.0,0.7428023605179007,0.7482764246412185,0.7256675651498217,0.728524254862972,0.1113756139548941,0.1044596335999021,7.938710930994281,10.666305488789751
2025,Kachhi (Bolan),43,0.0,24.3887,25.9235,417079.0,0.0,0.0,0.0,0.0,253.0,289.0,12.0,0.0,0.0,0.0,6.065997089280448,6.929142920166204,0.2877152769619184,7.744336204891639,5.994068270039969,0.0,0.0,0.0,25.1646,23.231,23.6209,32.5409,0.0,0.0,0.0,0.0,0.0,0.0,0.0,0.0,24.261433333333333,26.20758,27.361766666666664,31.47782,0.0,0.0,0.0,0.0,0.0,0.0,5.994068270039969,4.95525989102984
2025,Kalat,43,0.0,15.2893,25.1291,498077.0,2000.0,0.0,7654.0,0.2,16.0,38.0,0.0,0.1697617066095649,0.0709298901328347,0.1460325019786673,0.3212354716238653,0.7629342451066803,0.0,0.0,0.0,0.0,0.0,0.0,16.7777,14.4071,22.8546,20.9176,0.1633333276937491,0.14595070456114,0.0939635588112569,0.0953231700987178,0.0734152944462568,0.0743082851633865,0.0,0.0,15.491366666666666,17.692899999999998,22.9671,22.510780000000004,0.159681912954818,0.158759029934216,0.1117730769628806,0.1072102998873089,0.0728844899141593,0.0737780829222831,0.0,1.3067727945911214
2025,Kamber,43,0.0,28.5896,32.398,1621170.0,50.0,0.0,5599.0,0.2,6085.0,1850.0,180.0,0.0,0.0,0.0,37.53462005835292,11.41151143926917,1.1103092211180814,30.403967504950128,9.918762375321526,1.2768556042857937,0.0,0.0,28.9619,28.4366,30.7051,42.5419,0.0,0.0,0.0,0.0,0.0,0.0,0.0,0.0028599999999992,28.6627,30.43094,35.215,40.88634,0.0,0.0,0.0,0.0,0.0,0.0,9.918762375321526,11.731749547851393
2025,Karak,43,0.0,23.983,39.843,853502.0,500.0,0.0,3372.0,0.2,297.0,616.0,0.0,0.4657656932986061,0.124116747198582,0.4733318508207831,3.479780949546691,7.217323450911656,0.0,4.182766999960164,5.166947470539026,0.0585821708677894,0.0,0.4714,24.7857,21.7622,47.4986,52.852,0.6006256260241017,0.0,0.0,0.0,0.1405416179638269,0.1582795919925457,0.1571333333333333,0.4457000000000003,23.5103,25.47148,46.7312,47.95384,0.3554637731075694,0.4065983211674709,0.1577772836069277,0.2569012309815013,0.1409793190516515,0.1478938388533254,5.166947470539026,5.795731140141932
2025,Kashmore,43,0.0,26.3971,50.3348,1316520.0,60.0,2.0,2592.0,0.35,2083.0,230.0,63.0,0.0,0.0,0.0,15.82201561692948,1.747030048916841,0.478534317746787,14.842159632971772,1.7242427004527086,1.0861969434569927,0.0,0.0571,26.5768,26.2822,51.0454,55.9836,0.0,0.0,0.0,0.0,0.0,0.0,0.0190333333333333,0.0114199999999992,26.4187,28.25368,52.454600000000006,54.54918,0.0,0.0,0.0,0.0,0.0,0.0,1.7242427004527086,2.9704774563304026
2025,Keamari,43,0.0,29.7796,36.4843,2215961.0,2.0,0.0,559.0,0.2,9.0,616.0,0.0,0.4706819813352479,0.1737850588660476,0.3504379038047381,0.0406144331962521,2.779832316543477,0.0,0.072203436793337,2.459429565773044,0.0045127147995835,0.0,0.1429,28.3778,27.9138,52.2199,64.5391,0.2869788711112204,0.3574169186009022,0.231785818599764,0.2095242520682632,0.1848530859245119,0.1990022119331604,0.0476333333333333,0.60572,28.6904,28.7646,51.0811,60.63271999999999,0.3716925903491234,0.3070931153393342,0.2639159914909217,0.2167196265990035,0.1858801189079066,0.191488813447673,2.459429565773044,2.658065124093504
2025,Kech (Turbat),43,0.0,0.0,0.0,1098914.0,0.0,0.0,0.0,0.0,277.0,199.0,0.0,0.0,0.0,0.0,2.5206704073294177,1.810878740283589,0.0,7.370913465475915,4.98674145565531,0.0,0.0,0.0,0.0,0.0,0.0,0.0,0.0,0.0,0.0,0.0,0.0,0.0,0.0,0.0,0.0,0.0,0.0,0.0,0.0,0.0,0.0,0.0,0.0,0.0,4.98674145565531,2.106343893509167
2025,Khairpur,43,0.0,28.4712,33.5037,2908676.0,53.0,2.0,15910.0,0.5,8402.0,3018.0,229.0,0.8110333977530638,0.1302019567201282,0.9256855099384016,28.885994865017626,10.37585485629888,0.7872997886323536,27.56236858281913,9.567927125606287,0.8113657210359627,0.0,0.0,28.5703,28.2138,32.3531,42.9493,0.9443550335939638,0.7681891815922496,0.9053581934769288,0.8902326238037745,0.1449533019415825,0.1484037582272683,0.0,0.07142,28.418433333333336,29.99668,36.2687,42.46082,0.8411925376464257,0.7692887527398203,0.907092109073035,0.7269877920656536,0.141186338962993,0.1519894293306656,9.567927125606287,9.980504961132388
2025,Kharan,43,0.0,24.339,15.7096,188592.0,700.0,0.0,14958.0,0.2,53.0,196.0,0.0,0.6125092161800864,0.046579795814936,0.6073906768868045,2.8102994824806995,10.39280563332485,0.0,2.6512259268685843,11.08212437431068,0.0,0.0,0.0,25.1684,23.45,16.6599,17.098,0.6399664001033253,0.6410723941086378,0.6254653584626206,0.5864576405715624,0.0475682807421802,0.0475458569689403,0.0,0.0,24.31913333333333,26.78552,16.489166666666666,15.203459999999998,0.6311826701306832,0.6304742423577862,0.6064378919736625,0.6064921148456424,0.0472313111753521,0.0469686820842841,11.08212437431068,9.091253703544533
2025,Khuzdar,43,0.0,21.2434,28.9656,969559.0,1237.0,0.0,35380.0,0.2,40.0,289.0,0.0,0.1010817909263201,0.0947894660839865,0.0595701582883919,0.4125586993674444,2.980736602929785,0.0,0.5878961465986082,1.021082780934425,0.0,0.0,0.0,21.9672,20.4934,28.6122,34.6959,0.0975153404164934,0.153033680779806,0.0584121449924047,0.0584059202119247,0.0966923402625696,0.1008622768297839,0.0,0.1028599999999999,21.234666666666666,23.4484,30.757900000000003,34.973400000000005,0.1172102707075398,0.1174425517575435,0.0587960744975737,0.0617675309550723,0.0974480277254466,0.0986662816038714,1.021082780934425,2.2008498175426974
2025,Khyber,43,0.0,21.0308,38.5252,1193210.0,1000.0,0.0,2576.0,0.2,540.0,698.0,92.0,0.1631503623893575,0.1910617081827343,0.0886916126186357,4.525607395177714,5.849766595988971,0.7710294080673142,4.651318711710428,3.3439210197702,0.4609414939532857,0.0,0.7,22.3243,19.2906,49.042,54.6953,0.2060210560748939,0.0637675330397152,0.0014629735666927,0.0033158687345815,0.2237987099569924,0.2323832153372465,0.2333333333333333,0.6257199999999999,20.8819,22.53592,47.42083333333333,50.47682,0.1443129838346555,0.1178788759214923,0.0311568183066366,0.0271115895306005,0.2157478778256577,0.2185438180139733,3.3439210197702,4.886247747860342
2025,Killa Abdullah,43,0.0,19.8439,15.717,915157.0,1500.0,0.0,3553.0,0.2,18.0,218.0,8.0,0.5564920866444025,0.0507999066773412,0.4622654833995311,0.1966875628990435,2.382104928443972,0.0874166946217971,0.1966875628990435,2.1635631918894798,0.0874166946217971,0.0,0.0,20.8811,18.6201,12.3911,12.2732,0.5855430816167819,0.29657604955265,0.2849426473961921,0.2658614361091996,0.0546586771927901,0.0551422483017726,0.0,0.0,19.7817,22.0248,13.460433333333333,12.86044,0.4795370726046115,0.3966185741681977,0.3376898556349743,0.2026139133809845,0.0535336107239679,0.0552424849161539,2.1635631918894798,2.8270524959706407
2025,Killa Saifullah,43,0.0,18.671,23.9609,413453.0,1500.0,0.0,6831.0,0.2,235.0,254.0,0.0,0.4796467465034617,0.057250394152928,0.4394363680313952,5.683838308102734,6.143382681949339,0.0,5.538719032151176,8.368544913206579,0.0,0.0,0.0,17.9773,23.5755,23.2689,27.7245,0.4776785260357087,0.5328997966952591,0.5015660232245717,0.5174362603626749,0.0600378483301308,0.062282346983012,0.0,0.0,20.0746,22.27798,24.98476666666666,22.28506,0.4967416897448098,0.4929853316764913,0.4861462172062138,0.4609090677464265,0.0598568631553569,0.0612821141799102,8.368544913206579,5.144488028387829
2025,Kohat,43,0.0,23.7433,37.6934,1200463.0,500.0,0.0,2545.0,0.65,282.0,411.0,0.0,0.24827533789926,0.1396843240269705,0.0652253850778326,2.349093641370038,3.423679030507396,0.0,2.407404476439507,4.306671675845069,0.0916313122520227,0.0,0.2429,24.6111,22.0876,47.3398,48.5468,0.1279759993929806,0.0,0.0,0.0,0.1732903717046185,0.1785889273635541,0.0809666666666666,0.5828599999999996,23.480666666666668,25.18862,44.52666666666666,47.18284,0.1254171124307468,0.1450978350003892,0.0217417950259442,0.0219127180642767,0.1638545410317143,0.1654095056350843,4.306671675845069,3.35833143130381
2025,Kohistan Lower,43,0.0,-2.3802,64.477,244203.0,1500.0,2.0,1200.0,0.2,2.0,136.0,0.0,0.2768705472972728,0.1321912991770085,0.0844001373257355,0.0818990757689299,5.569137152287236,0.0,0.3685458409601848,3.562609795948453,0.0,0.0,0.0,-0.3974,-4.8376,55.9147,79.5008,0.1728132703198121,0.0792032414480239,0.0100268081942456,0.0276623148881619,0.0748390812702515,0.1299553817112147,0.0,0.0628600000000003,-2.5384,-0.3425400000000007,66.63083333333334,67.34732,0.1762956863550362,0.1569211104017598,0.0406964201360476,0.0310686348373461,0.1123285873861582,0.1078901450209095,3.562609795948453,5.361211613888408
2025,Kohistan Upper,43,0.0,-2.3802,64.477,369931.0,2500.0,2.0,4000.0,0.2,96.0,299.0,0.0,0.2768705472972728,0.1321912991770085,0.0844001373257355,2.595078541673988,8.082588374588775,0.0,0.8109620442731212,9.46122384985308,0.0810962044273121,0.0,0.0,-0.3974,-4.8376,55.9147,79.5008,0.1728132703198121,0.0792032414480239,0.0100268081942456,0.0276623148881619,0.0748390812702515,0.1299553817112147,0.0,0.0628600000000003,-2.5384,-0.3425400000000007,66.63083333333334,67.34732,0.1762956863550362,0.1569211104017598,0.0406964201360476,0.0310686348373461,0.1123285873861582,0.1078901450209095,9.46122384985308,7.8817197091230975
2025,Kohlu,43,0.0,21.2776,39.0719,258710.0,1000.0,0.0,7610.0,0.2,35.0,40.0,0.0,0.1721930294410993,0.1053095680801793,0.2018975651915333,1.3528661435584244,1.5461327354953425,0.0,1.3915194619458082,1.4301727803331916,0.0,0.0,0.0571,22.1136,20.4038,39.3831,49.8314,0.2614181091612816,0.1640968150771076,0.2063135029581374,0.2295626682456309,0.1027819482568292,0.109004438229024,0.0190333333333333,0.17428,21.265000000000004,23.38796,42.76213333333334,45.01688,0.1992359845598295,0.2431953258353765,0.2125912454651005,0.199096600197399,0.1056986515220108,0.1064604979619774,1.4301727803331916,3.815389880186984
2025,Kolai Palas,43,0.0,-2.3802,64.477,331246.0,0.0,0.0,0.0,0.0,7.0,72.0,3.0,0.0,0.0,0.0,0.2113233065455884,2.1736111530403384,0.0905671313766807,0.0301890437922269,2.113233065455885,0.0301890437922269,0.0,0.0,-0.3974,-4.8376,55.9147,79.5008,0.0,0.0,0.0,0.0,0.0,0.0,0.0,0.0628600000000003,-2.5384,-0.3425400000000007,66.63083333333334,67.34732,0.0,0.0,0.0,0.0,0.0,0.0,2.113233065455885,1.741825261764033
2025,Korangi,43,0.0,30.4877,32.0779,2970331.0,8.0,0.0,95.0,0.2,114.0,399.0,0.0,0.0,0.1233218238867136,0.0,0.3837956106575327,1.3432846373013647,0.0,0.6194595821139126,1.3096183556647392,0.0,0.0,0.0286,29.0844,28.0915,46.91,62.5448,0.0364585117436828,0.0393187864670754,0.0218602633051302,0.0231048539033329,0.1240258040699604,0.1322213222075187,0.0095333333333333,0.6599999999999993,29.2212,29.07308,47.17756666666667,58.3316,0.025259099403586,0.0252389271400677,0.014988372402821,0.0101850900329987,0.1265229833880642,0.1203446641376022,1.3096183556647392,1.3385328491975397
2025,L & C Kurram,43,0.4,9.1592,56.0956,604463.0,0.0,0.0,0.0,0.0,0.0,7.0,3.0,0.0,0.0,0.0,0.0,0.1158052684779713,0.049630829347702,0.3143285858687794,0.6948316108678282,0.148892488043106,0.0286,1.2857,11.0562,8.7395,62.8353,68.6757,0.0,0.0,0.0,0.0,0.0,0.0,0.5714333333333335,0.63144,9.651633333333336,11.42794,62.53553333333334,64.43076,0.0,0.0,0.0,0.0,0.0,0.0,0.6948316108678282,0.7774607160488918
2025,Lakki Marwat,43,0.0,22.7343,57.4578,1059019.0,250.0,1.0,3164.0,0.2,638.0,689.0,0.0,0.7784381004352661,0.0967488337968138,0.7640676671729912,6.024443376370018,6.506021138430944,0.0,6.071656882454422,6.5154638396478255,0.094427012168809,0.0,0.4857,24.2656,22.4787,59.4776,60.0243,0.8474548974450984,0.1699116165615991,0.1550986790002217,0.1177697379715526,0.1055852967995823,0.1200256828665672,0.1618999999999994,0.51428,23.15953333333333,25.36862,58.98656666666667,59.092200000000005,0.5986015381473212,0.6643898212836952,0.3456453613815884,0.4872607758452186,0.1074532711543211,0.1103440205053204,6.5154638396478255,6.579759488556062
2025,Larkana,43,0.0,29.0812,29.9232,1842403.0,48.0,2.0,1906.0,0.5,7841.0,1596.0,45.0,0.1912015015484846,0.2406245574527354,0.1767218394518218,42.55854989380716,8.662599876357127,0.2442462371153325,36.718350979671655,8.195818178758936,0.2659570137478065,0.0,0.0,29.4146,28.8339,28.4133,40.7802,0.365864055287798,0.2918456877036813,0.2708418476283464,0.2802109936241799,0.2819807328635073,0.2944194986224144,0.0,0.0085800000000001,29.1099,30.66302,33.038900000000005,39.54852,0.2829704148466546,0.324537087788463,0.2425915602347827,0.254424607183179,0.2723415963128857,0.2743046876482893,8.195818178758936,8.605576711998221
2025,Lasbella,43,0.0,27.8124,35.9829,697550.0,0.0,0.0,0.0,0.0,700.0,366.0,14.0,0.0,0.0,0.0,10.035122930255897,5.246935703533796,0.2007024586051179,10.393520177765035,5.046233244928678,0.1433588990036556,0.0,0.0429,26.3445,25.6707,52.021,68.1699,0.0,0.0,0.0,0.0,0.0,0.0,0.0143,0.22858,26.6092,27.1288,52.05793333333333,61.5164,0.0,0.0,0.0,0.0,0.0,0.0,5.046233244928678,5.512071805104053
2025,Loralai,43,0.0,19.0627,29.2803,479944.0,1400.0,0.0,3785.0,0.2,70.0,263.0,0.0,0.215517155951204,0.0892723231263659,0.1810694315392941,1.4585034920740754,5.479805977364026,0.0,1.0417882086243395,4.708882702982015,0.0625072925174603,0.0,0.0,20.1427,18.2627,24.2206,35.4362,0.2126901254213949,0.2082944723979754,0.1842213537452175,0.1609340280476958,0.0890546897089519,0.0932962977092526,0.0,0.00286,19.156033333333333,21.36798,29.645699999999994,31.36862,0.2121672512568581,0.2337743176497801,0.1754082711107358,0.1751086531792762,0.0905411035148568,0.0910759429286634,4.708882702982015,5.21309927229818
2025,Malakand,43,0.0,21.9977,39.5671,870427.0,700.0,1.0,952.0,0.2,41.0,611.0,0.0,0.1513036940495652,0.2551552423416116,0.0189750444640635,0.4710331825644195,7.01954328163074,0.0,0.5974079388621906,6.985077439004075,0.0804202994622179,0.0,1.7143,22.7448,19.9584,52.9454,53.763,0.1464322709078432,0.0,0.0,0.0,0.2769444139362572,0.2788690870790574,0.5714333333333333,1.38856,21.56696666666667,23.02886,48.758500000000005,51.48778,0.0992453216524694,0.0614785708480734,0.0063250148213544,0.0037950088928127,0.2703229144523087,0.285027423413437,6.985077439004075,7.550873418661212
2025,Malir,43,0.0,29.4062,33.6802,2428732.0,20.0,0.0,2268.0,0.75,152.0,1287.0,43.0,0.0,0.1827608922983343,0.0,0.6258409738085552,5.299061403234281,0.1770471175905781,0.3664463596642198,4.12560957734324,0.1564602434521388,0.0,0.0,28.655,27.5193,46.5167,63.6568,0.2379260475297059,0.3032533886446085,0.1919659484738809,0.1888272738060873,0.1905642855537538,0.2101897212497398,0.0,0.5571400000000001,28.52683333333333,28.53496,47.95123333333333,59.29596,0.1803931453914381,0.1953570697808953,0.1269310740933227,0.1065222246393286,0.194504966367276,0.1941162168127472,4.12560957734324,5.4336762619677135
2025,Mansehra,43,0.1571,16.9353,54.0046,1881089.0,1000.0,0.0,4579.0,0.2,6.0,918.0,0.0,0.2703508044194744,0.238468871299483,0.0748144062148061,0.0318964174475529,4.880151869475607,0.0,0.0212642782983686,3.870098650303096,0.0053160695745921,0.0,5.2571,18.0689,15.8901,65.0519,67.9589,0.2624123744512631,0.1392820861556473,0.0550966466708037,0.0362172893545892,0.3278887626532753,0.2431292706967742,1.8047333333333333,1.56284,16.964766666666666,18.8875,62.33846666666667,62.82382,0.2240150883421282,0.1788162691174534,0.0553761140800663,0.0449404932452727,0.2698289682165108,0.189642698209673,3.870098650303096,4.29593139169865
2025,Mardan,43,0.0,20.1841,70.0025,2868781.0,300.0,0.0,1632.0,0.65,175.0,1231.0,64.0,0.1600479736948815,0.2229539673699395,0.0583053321014752,0.6100151946070473,4.291021168921573,0.2230912711705773,0.5507565757023628,4.095816306647318,0.1742900556020135,0.0,1.1,21.7877,19.5806,72.7964,73.9256,0.0958892622386469,0.1381545734086005,0.0750235210427279,0.0044747349580063,0.2568091044951522,0.2634690310822895,0.3666666666666667,1.4314400000000005,20.517466666666667,22.32496,72.2415,72.4906,0.1313639364473763,0.0929499324087977,0.0459345293674031,0.0283223144643378,0.2477440343157937,0.2657270851304307,4.095816306647318,3.3706932071678146
2025,Mastung,43,0.0,17.1872,21.5166,321574.0,1700.0,0.0,3308.0,0.2,42.0,104.0,1.0,0.2424325914437246,0.0654933455478209,0.2105130621660762,1.3060757399541008,3.234092308457773,0.0310970414274785,1.6481431956563657,4.073712426999695,0.0,0.0,0.0,18.1828,15.7956,19.8205,20.3217,0.2390282784809585,0.0354369046349304,0.0164115407151098,0.007719574308348,0.0673182401094707,0.0685084346358309,0.0,0.0,17.0552,19.28694,20.55293333333333,21.85062,0.1722992581865378,0.1675512545831015,0.0782147257298446,0.0487815785714097,0.0671066734310408,0.0680745400841323,4.073712426999695,4.671746634616321
2025,Mirpurkhas,43,0.0,28.9304,31.2484,1820642.0,16.0,0.0,2925.0,0.5,4794.0,2365.0,155.0,0.0,0.0,0.0,26.331371021870307,12.98992333473577,0.8513480409657692,21.734091600655155,10.924717764393,0.7579743848598461,0.0,0.0,28.5128,27.7482,34.6562,50.888,0.0,0.0,0.0,0.0,0.0,0.0,0.0,0.3800000000000003,28.39713333333334,28.962039999999995,38.93086666666667,49.95328,0.0,0.0,0.0,0.0,0.0,0.0,10.924717764393,13.137018520809374
2025,Mohmand,43,0.0,21.9977,39.5671,563359.0,600.0,0.0,2296.0,0.2,285.0,97.0,169.0,0.2846060331888342,0.1429963997455437,0.1722259856600595,5.05894110150011,1.7218150415631952,2.9998633198369067,4.402166291831674,1.7573163826263536,0.0355013410631586,0.0,1.7143,22.7448,19.9584,52.9454,53.763,0.3503930366853805,0.0,0.0,0.0,0.1593223011435517,0.1634549436414821,0.5714333333333333,1.38856,21.56696666666667,23.02886,48.758500000000005,51.48778,0.2116663566247382,0.1649269385263708,0.0574086618866865,0.0344451971320119,0.1552578815101925,0.1620357662562109,1.7573163826263536,2.032462426509986
2025,MusaKhel,43,0.0,19.0641,44.1594,201891.0,0.0,0.0,0.0,0.0,142.0,61.0,0.0,0.3870167457442562,0.1267146469117888,0.2679719896656362,7.033498273821022,3.02143235706396,0.0,10.748374122670151,4.655977730557578,0.0,0.0,0.1143,20.2722,24.365,37.8436,42.9771,0.1799377487729816,0.4118043099783093,0.150181980153559,0.1527325593877764,0.1240230464299891,0.1459857532969505,0.0381,0.07428,21.233766666666668,23.00944,41.66003333333333,47.19846,0.326252934831849,0.2772837638651423,0.1902955097356572,0.1872841403472415,0.1322411488795761,0.1302801312165222,4.655977730557578,3.5929851161421578
2025,Naseerabad,43,0.0,28.67,33.3553,592374.0,0.0,0.0,0.0,0.0,159.0,324.0,39.0,0.0,0.0,0.0,2.684115102958604,5.469517568293004,0.6583678554426764,3.004858417148625,5.655211065981964,0.9453487155074328,0.0,0.0,29.4337,28.912,28.9064,39.3751,0.0,0.0,0.0,0.0,0.0,0.0,0.0,0.00286,29.005233333333337,30.87434,33.878933333333336,38.3327,0.0,0.0,0.0,0.0,0.0,0.0,5.655211065981964,4.692667832053129
2025,Naushero Feroze,43,0.0,27.3804,38.8921,1948788.0,38.0,2.0,2945.0,0.2,2194.0,1438.0,191.0,0.261910373198925,0.1962768218638957,0.2239591063447625,11.258279505005165,7.378945272651515,0.9800963470628924,9.69833558088412,6.706732594823039,0.969833558088412,0.0,0.0,28.5501,27.756,33.564,46.1347,0.4104664710399429,0.227093186797309,0.2130232994797997,0.2146195119832856,0.239715416104725,0.2676776916959438,0.0,0.00858,27.8955,29.351660000000003,39.53026666666667,46.80972,0.2998233436787256,0.2812968693416738,0.2172006392692826,0.1814833238838195,0.2345566432215215,0.2316358947358433,6.706732594823039,7.053091131361215
2025,North Waziristan,43,1.6571,7.2756,52.8147,656447.0,1000.0,1.0,4707.0,0.2,118.0,24.0,13.0,0.3562030075187971,0.1335904815184654,0.2283834586466165,1.7975556290149852,0.3656045347149122,0.1980357896372441,1.8432561958543487,1.4624181388596489,0.3808380569947002,0.5,1.3286,10.1309,6.1029,52.5082,68.1418,0.1659434723625016,0.1842651538771619,0.0848362826851802,0.1213199259548313,0.1292385828946436,0.1435621160013493,1.1618999999999997,1.56,7.836466666666667,9.638940000000002,57.82156666666668,58.81750000000001,0.2354705445861535,0.2199569392758004,0.1448465557622093,0.1149213852225757,0.1354637268048194,0.1391137583182689,1.4624181388596489,1.4615003992216247
2025,Nowshera,43,0.0,22.7686,55.0062,1835149.0,280.0,2.0,1748.0,0.65,482.0,2524.0,11.0,0.3034583838035888,0.174440502327831,0.326412452643716,2.6264897291718547,13.753651610850126,0.0599406369728016,1.999837615365292,12.859991205073811,0.1253304227613125,0.0,1.8714,23.9302,21.577,63.5221,60.7371,0.3471503870861472,0.4336906736217807,0.7654559091396119,0.2228298911133507,0.216330792473925,0.2176436598163701,0.6238,1.1857,22.7586,24.54094,59.755133333333326,62.05796,0.3614331481705055,0.3358599634830881,0.4382327509655595,0.340792416893742,0.2028049848727087,0.207412988787642,12.859991205073811,11.684350918877115
2025,Orakzai,43,0.0143,19.3686,40.0982,307067.0,1200.0,0.0,1538.0,0.2,13.0,43.0,0.0,0.1187240018521448,0.2489700929432415,0.0853715392621174,0.423360374120306,1.4003458528594737,0.0,0.5536251046188617,2.865824070968225,0.0,0.0,0.8286,20.5403,17.5921,49.4958,57.1428,0.1906500229970222,0.2483706453121346,0.1524506079027355,0.0974690203413607,0.2832986857306694,0.2962085287682738,0.2809666666666661,0.8114399999999999,19.167,20.96704,48.91226666666666,51.51351999999999,0.1859148900537671,0.137885086827192,0.1117637225020712,0.0747658848240975,0.2761591024807282,0.2819915168911134,2.865824070968225,2.2325770761252537
2025,Peshawar,43,0.0,23.1731,53.866,5160904.0,330.0,0.0,1257.0,0.75,59.0,4456.0,1.0,0.191978870278866,0.1494744800259456,0.1081606835974795,0.1143210569311112,8.634146265847999,0.0019376450327306,0.1569492476511866,9.55065236632962,0.0833187364074201,0.0,0.9857,24.4252,21.5763,61.1154,60.5702,0.126420183311056,0.0,0.0,0.0,0.2065120584552747,0.206129967614537,0.3285666666666666,0.6199999999999999,23.0582,24.72106,58.5172,61.33978,0.1061330178633073,0.0751754025999796,0.0360535611991598,0.0216321367194959,0.1873721686985857,0.1933831779925006,9.55065236632962,7.938198339213664
2025,Pishin,43,0.0,17.0956,20.9359,889769.0,1550.0,0.0,6218.0,0.2,49.0,380.0,1.0,0.4141654777354839,0.0536975723277949,0.3943159660681067,0.5507047334757673,4.270771402465134,0.0112388721117503,0.3371661633525106,2.708568178931835,0.0674332326705021,0.0,0.0,18.1715,15.9706,17.8847,20.4331,0.523523153292677,0.369553750271949,0.3489830306493921,0.3382450183161955,0.0552898814750174,0.0567962855086359,0.0,0.0,17.079233333333335,19.41852,19.75123333333333,20.17824,0.4357474604333698,0.4637605752685668,0.3605146716778981,0.3627960996777982,0.0552612464371493,0.0570193922735102,2.708568178931835,4.041545278226556
2025,Quetta,43,0.0,17.3108,23.6004,2751515.0,1680.0,0.0,3447.0,0.75,27.0,452.0,1.0,0.3405655919046743,0.0579908826196297,0.3005013924483276,0.0981277587074757,1.6427313679918154,0.0036343614336102,0.0981277587074757,1.635462645124595,0.0,0.0,0.0,18.7179,16.09,20.1734,22.4936,0.339337251355123,0.0185443726590858,0.0133353874002253,0.0132968736460008,0.059592896422646,0.0607806057817479,0.0,0.0,17.3729,19.581380000000003,22.089133333333336,23.02152,0.2328157386396276,0.2058477664711638,0.1090445511648512,0.0654267306989107,0.0594547949413412,0.0604690727797462,1.635462645124595,1.5587516032638185
2025,Sanghar,43,0.0,26.9034,47.0666,2486760.0,16.0,1.0,10608.0,0.2,6981.0,1909.0,200.0,0.6774462318228168,0.1621939472318886,0.5875443102247243,28.072672875548903,7.676655567887533,0.8042593575576251,25.523170712091236,7.286589779472084,0.9208769644034808,0.0,0.0,28.2757,28.1733,39.2011,50.6758,0.6604527912476476,0.5575989240137439,0.5281656033180879,0.4898505158457512,0.1791017333349591,0.1988519602847306,0.0,0.26858,27.78413333333333,28.75944,45.64783333333335,53.40326,0.6318326490280693,0.5025892292655127,0.5351868097961878,0.3506981993905171,0.1800492136171927,0.167283413047325,7.286589779472084,7.672323085974016
2025,Shaheed Benazirabad,43,0.0,27.932,37.1743,1949997.0,30.0,2.0,4502.0,0.5,4091.0,1657.0,134.0,0.523406035760713,0.1817614785189695,0.420503252495813,20.97951945567096,8.497448970434313,0.6871805443803246,18.03079697045688,7.815396639071753,0.6256419881671613,0.0,0.0,27.9683,27.3013,38.95,49.4816,0.5543555886207084,0.4185449335845647,0.3650928342651436,0.3555993457723502,0.1996303826756111,0.2220832099428691,0.0,0.09428,27.733866666666668,28.88632,41.868633333333335,50.42542,0.4987688526553286,0.4175209292977621,0.3803984775111023,0.2796740344663438,0.2011583570458165,0.164151778497032,7.815396639071753,8.635592554830778
2025,Shangla,43,0.1143,12.817,42.8301,915157.0,2000.0,2.0,1586.0,0.35,543.0,1212.0,0.0,0.0311234537143666,0.3177377937429659,0.0077267096760705,5.93340814745448,13.243629235202263,0.0,5.835064366004959,8.56683607293612,0.1966875628990435,0.0857,4.6,14.478,10.9672,54.0226,59.7681,0.1367874426013779,0.0099735822605663,0.0031702448794941,0.0038421579268607,0.2876071102060406,0.3518001506827717,1.6000000000000003,2.2743,12.754066666666668,14.22064,52.20693333333333,54.98198,0.0592948261921036,0.0400879468555688,0.0049130374941417,0.0040089456772528,0.3190483515439261,0.3309049282705061,8.56683607293612,13.203122835513323
2025,Shikarpur,43,0.0,29.0593,31.5548,1488188.0,52.0,1.0,2512.0,0.35,3736.0,1163.0,211.0,0.237882585061974,0.2376291397664139,0.6644742763381077,25.1043550949208,7.814872852085893,1.4178316180482573,23.98218504651294,7.572967931471024,1.1624875351770072,0.0,0.0,29.5331,28.7248,28.4134,39.4689,0.7484751348320048,0.2119964468027782,0.5301130581075746,0.5221082659784011,0.3067518824672205,0.3560760191139155,0.0,0.0,29.105733333333337,30.70582,33.1457,38.70974,0.3994513888989189,0.4359611791744954,0.5722318668080278,0.4683958586964386,0.30015234711585,0.3162440676165894,7.572967931471024,8.385319486070944
2025,Sibi,43,0.0,26.5105,31.1199,163205.0,130.0,0.0,7121.0,0.2,228.0,241.0,0.0,0.1507809103603793,0.0943179534857546,0.0899786409731395,13.970160227934194,14.766704451456755,0.0,16.54361079623786,22.854691951839712,0.0,0.0,0.0,27.2236,27.2563,27.5807,35.4467,0.1835739251735867,0.1497880055367207,0.0966579321213261,0.0820713170185312,0.0992725589013813,0.105425946980331,0.0,0.0,26.9968,29.37836,31.38243333333333,35.57388,0.1613809470235622,0.1556811780549463,0.0895692967043322,0.0975937492940984,0.0996721531224889,0.0985186746292176,22.854691951839712,11.73273563097856
2025,Sohbat pur,43,0.0,28.3012,34.7885,241785.0,0.0,0.0,0.0,0.0,114.0,180.0,2.0,0.0,0.0,0.0,4.714932688132018,7.4446305602084495,0.0827181173356494,7.899580205554522,10.17432843228488,0.0413590586678247,0.0,0.0,29.0863,28.5166,30.8847,40.5254,0.0,0.0,0.0,0.0,0.0,0.0,0.0,0.0,28.6347,30.45312,35.39953333333333,39.84472,0.0,0.0,0.0,0.0,0.0,0.0,10.17432843228488,8.092136711511408
2025,South,43,0.0,28.4417,32.2497,2166395.0,4.0,0.0,122.0,0.95,12.0,80.0,0.0,0.0,0.1202485044824814,0.0,0.055391560634141,0.3692770708942737,0.0,0.0646234874064978,0.4292845949145931,0.0,0.0,0.1571,27.1464,26.336,45.1837,64.6932,0.0668551255161992,0.0511574586714953,0.0323463126766801,0.0204134804528223,0.1224897453240666,0.1244847924193944,0.0523666666666666,0.3256999999999996,27.30803333333333,27.60888,47.37553333333332,59.09502,0.0393375280625648,0.0344410718705626,0.0175865977098341,0.0121595039276734,0.1224076807419808,0.1156855234028023,0.4292845949145931,3.5879483625394735
2025,South Waziristan (Lower),43,0.0,20.3125,42.8066,820861.0,0.0,0.0,0.0,0.0,69.0,114.0,34.0,0.0,0.0,0.0,0.8405808047891177,1.3887856774776728,0.4141992371424638,0.8649454657974981,0.9136747878142584,0.2680112710921825,0.0,0.0571,21.6491,19.2274,46.8314,54.5374,0.0,0.0,0.0,0.0,0.0,0.0,0.0190333333333334,0.0142799999999999,20.39633333333333,22.49692,48.05846666666667,48.79128000000001,0.0,0.0,0.0,0.0,0.0,0.0,0.9136747878142584,1.4972153381547653
2025,Sujawal,43,0.0,27.2503,43.709,945380.0,0.0,0.0,0.0,0.0,1057.0,1901.0,56.0,0.0,0.0,0.0,11.18068924665214,20.10831623262603,0.5923543971736234,15.263703484313186,15.834902367302035,0.6981319680974846,0.0,0.0,26.8301,26.9227,49.0806,65.8683,0.0,0.0,0.0,0.0,0.0,0.0,0.0,0.96572,27.001033333333336,27.62456,52.88596666666667,62.25802,0.0,0.0,0.0,0.0,0.0,0.0,15.834902367302035,18.16358251059838
2025,Sukkur,43,0.0,28.6884,34.7294,1798882.0,65.0,2.0,5165.0,0.75,4820.0,1219.0,83.0,0.6614775105797928,0.1423642559365487,0.6501630244011887,26.794420089811336,6.77643113889627,0.4613976903432243,20.562771766019114,6.804226180483211,0.7393481062126365,0.0,0.0,28.9202,28.1678,32.2306,44.0514,0.7069510214294803,0.6018847491624524,0.6220974885157882,0.6189091098248602,0.165697208087029,0.1669760414865332,0.0,0.0028600000000007,28.592133333333333,29.99688,37.003800000000005,43.0817,0.6567710937239085,0.6193659680259351,0.630389874247279,0.5505044678795181,0.1583458351700369,0.1568883081172374,6.804226180483211,7.919535582877907
2025,Swabi,43,0.0,20.2631,64.4381,1963296.0,340.0,2.0,1543.0,0.65,140.0,1174.0,46.0,0.2810615410296334,0.2352902038703845,0.1535969051539679,0.7130865646341663,5.979740192003651,0.2342998712369403,0.6774322364024579,4.782773458510586,0.2037390184669046,0.0,4.3143,21.4077,19.5042,68.7796,71.8377,0.1828108357538156,0.2204262911466185,0.1346365483869948,0.0544825151670219,0.2642839430729908,0.2687900671371749,1.4381000000000002,1.97144,20.39166666666667,22.17358,68.35180000000001,69.88694000000001,0.2280995559766891,0.1895496257954866,0.1142386562359948,0.1047254552355588,0.2561214046935167,0.2615801541035053,4.782773458510586,6.781868665560592
2025,Swat,43,0.0143,18.0331,52.4166,2791410.0,980.0,1.0,5337.0,0.35,128.0,2160.0,2.0,0.2265475997723706,0.1729087095256426,0.0628670195984427,0.4585496218756829,7.73802486915215,0.0071648378418075,0.3582418920903772,7.139760909361219,0.2006154595706112,0.0,6.3143,19.1825,17.0459,60.8635,63.7779,0.2472372655817901,0.1539560544165606,0.0495720022293038,0.0760524585454657,0.1528375579431423,0.1970029092161776,2.1095333333333333,1.63428,18.087166666666665,19.680020000000003,59.01933333333333,61.23268,0.2092469732569071,0.1823840930050567,0.0628304934577374,0.0596479061251585,0.1742497255616542,0.1951881918661472,7.139760909361219,8.745858004276414
2025,Tando Allahyar,43,0.0,28.0575,35.0501,1011871.0,18.0,0.0,2343.0,0.2,3741.0,910.0,56.0,0.0,0.0,0.0,36.971115883348766,8.993241233319267,0.553430229742724,30.49795873189369,8.795587579839722,0.3360112109152253,0.0,0.0,28.6736,27.8697,33.2672,49.3578,0.0,0.0,0.0,0.0,0.0,0.0,0.0,0.1971399999999999,28.200266666666664,28.73934000000001,39.225033333333336,50.85616,0.0,0.0,0.0,0.0,0.0,0.0,8.795587579839722,9.271719960432964
2025,Tando Muhammad Khan,43,0.0,28.866,31.2365,818443.0,14.0,2.0,1733.0,0.2,1425.0,770.0,82.0,0.0,0.0,0.0,17.411108653870823,9.408107834021427,1.0019023927139703,16.250368076946106,11.082017929165502,1.0629940020257975,0.0,0.0,28.1038,27.5764,37.2375,55.3799,0.0,0.0,0.0,0.0,0.0,0.0,0.0,0.5599999999999999,28.182066666666667,28.619440000000004,41.28463333333333,53.09438,0.0,0.0,0.0,0.0,0.0,0.0,11.082017929165502,9.836356059246853
2025,Tank,43,0.0,23.8598,48.7791,472690.0,250.0,0.0,1679.0,0.2,353.0,642.0,0.0,0.0,0.1277826840129362,0.0,7.467896507224608,13.58184010662379,0.0,6.621675939833718,13.666462163362882,0.0,0.0,0.3,24.8636,23.3002,53.2352,56.0402,0.5778536643985096,0.2266497410437661,0.2040146186373135,0.2213701446309934,0.1297863710007487,0.1535879228234555,0.0999999999999999,0.32572,24.00786666666667,26.162780000000005,52.68483333333333,53.51366,0.2681678018140919,0.3866969899001033,0.1417949210894356,0.2836012519590124,0.1370523259457134,0.1404676101591034,13.666462163362882,10.896037494395047
2025,Tharparkar,43,0.0,28.6695,34.4992,1994728.0,56.0,0.0,19638.0,0.35,3152.0,1746.0,3.0,0.5735832123284658,0.1429847203584789,0.3722293171368854,15.80165315772376,8.753073100693427,0.0150396445029096,14.438058722793285,7.434597599271679,0.0050132148343032,0.0,0.1,27.9528,27.0963,39.4158,59.5271,0.4284903537701942,0.3663363878299813,0.3107490616240419,0.1980251524496927,0.1815355503187485,0.1957536424202024,0.0333333333333321,0.5599999999999997,27.9062,28.47216,44.48069999999999,54.23765999999999,0.456136651309547,0.3595648325311691,0.2936678437368734,0.2205357161325793,0.1734246376991433,0.1476353532206977,7.434597599271679,8.358963501638542
2025,Thatta,43,0.0,27.3033,42.1825,1184747.0,10.0,2.0,17355.0,0.35,3072.0,1484.0,112.0,0.6309820569632364,0.1778783745744876,0.6123950397671113,25.929586654365867,12.525881053085596,0.9453495134404224,17.396119171434915,11.740903332103816,0.7934183416374972,0.0,0.0,27.1664,27.009,46.2227,65.2366,0.481443082330092,0.4512794789051622,0.3968006494372464,0.3937699906371914,0.1895651058540582,0.2028711135621463,0.0,0.77144,27.159566666666667,27.7132,51.21393333333332,61.24371999999998,0.5212348727328302,0.4889058111083235,0.4676552266138497,0.462292267859398,0.190104864663564,0.1526105186548479,11.740903332103816,11.421519284946386
2025,Tor Ghar,43,0.0,20.4284,62.2582,206726.0,0.0,0.0,0.0,0.0,92.0,78.0,22.0,0.0,0.0,0.0,4.450335226338245,3.773110300591121,1.0642105976026237,4.35358880837437,4.305215599392432,0.0,0.0,5.2571,21.3659,19.4823,70.0358,70.5666,0.0,0.0,0.0,0.0,0.0,0.0,1.7523666666666673,1.5685600000000002,20.42553333333333,22.20258,67.6202,69.3436,0.0,0.0,0.0,0.0,0.0,0.0,4.305215599392432,4.092693660399896
2025,Umerkot,43,0.0,27.7155,37.47,1297177.0,12.0,0.0,5608.0,0.35,2708.0,1416.0,0.0,0.6854926687041417,0.1677637199571731,0.5227247485336993,20.876102490253835,10.916012232717662,0.0,19.04905806994728,10.09114407671428,0.0,0.0,0.0286,28.0812,27.7845,36.0497,52.1506,0.5897529079696263,0.5376678808518841,0.4706911025749127,0.385003535143213,0.1877640119840962,0.2000113319093911,0.0095333333333333,0.1857199999999996,27.8604,28.66176,41.89010000000001,51.3096,0.6043044858418841,0.4493325504288878,0.4594731287506083,0.275683877250365,0.1851796879502201,0.1534475351136929,10.09114407671428,9.992307460446668
2025,Upper Kurram,43,0.4,9.1592,56.0956,748325.0,0.0,0.0,0.0,0.0,19.0,148.0,38.0,0.0,0.0,0.0,0.2539003775097718,1.9777503090234856,0.5078007550195437,0.3073530885644606,2.458824708515685,0.200447666455083,0.0286,1.2857,11.0562,8.7395,62.8353,68.6757,0.0,0.0,0.0,0.0,0.0,0.0,0.5714333333333331,0.63144,9.651633333333336,11.42794,62.53553333333334,64.43076,0.0,0.0,0.0,0.0,0.0,0.0,2.458824708515685,2.0057724558527044
2025,Usta Muhammad,43,0.0,26.7651,40.2498,314321.0,0.0,0.0,0.0,0.0,218.0,730.0,27.0,0.0,0.0,0.0,6.935584959325022,23.224665230767272,0.8589944674393376,6.39473659093729,20.99764253740603,0.7635506377238555,0.0,0.0,27.2395,27.2002,36.6805,47.883,0.0,0.0,0.0,0.0,0.0,0.0,0.0,0.0,27.06826666666667,28.80466,41.60443333333333,47.18288,0.0,0.0,0.0,0.0,0.0,0.0,20.99764253740603,17.30734464313982
2025,West,43,0.0,29.1096,38.4841,4732945.0,15.0,0.0,929.0,0.75,264.0,855.0,49.0,0.4706819813352479,0.1737850588660476,0.3504379038047381,0.557792241405721,1.806486236370801,0.1035296205639406,0.5620179402042492,1.7367622061950858,0.1415609097506943,0.0,0.1429,27.8921,27.5965,54.9485,65.2716,0.2869788711112204,0.3574169186009022,0.231785818599764,0.2095242520682632,0.1848530859245119,0.1990022119331604,0.0476333333333333,0.60572,28.1994,28.45576,52.9014,61.79862000000001,0.3716925903491234,0.3070931153393342,0.2639159914909217,0.2167196265990035,0.1858801189079066,0.191488813447673,1.7367622061950858,2.0579770981125165
2025,Zhob,43,0.0,18.8819,41.7243,374767.0,1400.0,0.0,20297.0,0.2,22.0,32.0,0.0,0.5622433404496704,0.0634632456553585,0.2882188037005626,0.587031408848698,0.853863867416288,0.0,0.480298425421662,2.107976422683961,0.0,0.0,0.0,20.4048,18.3087,38.695,42.4814,0.2720265108497593,0.4225387430864998,0.2113970657094337,0.376966040734634,0.061409367534066,0.0661161922892038,0.0,0.0,19.198466666666665,21.52922,40.96689999999999,40.08246,0.4189361981286432,0.4445558839368149,0.29219397004821,0.3173177781752072,0.0636629351595427,0.0655253930546321,2.107976422683961,2.699536092728522
