Year,District,week_index,Avg_rainfall,Avg_Temperature,Avg_Humidity,Population,Elevation_m,River_Status,Area_sq_km,Sanitation_Index,Malaria_cases,AD_cases,Typhoid_cases,Malaria_Risk,AD_Risk,Typhoid_Risk,Avg_rainfall_lag1,Avg_rainfall_lag2,Avg_Temperature_lag1,Avg_Temperature_lag2,Avg_Humidity_lag1,Avg_Humidity_lag2,Malaria_Risk_lag1,Malaria_Risk_lag2,AD_Risk_lag1,AD_Risk_lag2,Typhoid_Risk_lag1,Typhoid_Risk_lag2,Avg_rainfall_roll3,Avg_rainfall_roll5,Avg_Temperature_roll3,Avg_Temperature_roll5,Avg_Humidity_roll3,Avg_Humidity_roll5,Malaria_Risk_roll3,Malaria_Risk_roll5,AD_Risk_roll3,AD_Risk_roll5,Typhoid_Risk_roll3,Typhoid_Risk_roll5,y_true,y_pred
2024,Abbottabad,37,3.0154,22.9028,78.0351,1419072.0,1256.0,0.0,1967.0,0.75,22.0,623.0,37.0,0.1550308934289451,4.390193027556037,0.2607337753123168,5.7714,12.6444,22.4667,23.5303,85.0025,81.1787,0.1761714698056194,0.3030149280656654,5.24990980020746,7.215983403238172,0.3100617868578902,0.2889212104812159,7.1437333333333335,6.30052,22.9666,23.36802,81.40543333333333,82.42382,0.2114057637667433,0.1874464438731791,5.618695410333889,7.201889685653723,0.2865722575504743,0.2565056600369819,0.2607337753123168,0.2557729553693447
2024,Abbottabad,38,0.0,24.2828,61.5044,1419072.0,1256.0,0.0,1967.0,0.75,26.0,697.0,17.0,0.1832183285978442,4.91166057818067,0.1197965994678212,3.0154,5.7714,22.9028,22.4667,78.0351,85.0025,0.1550308934289451,0.1761714698056194,4.390193027556037,5.24990980020746,0.2607337753123168,0.3100617868578902,2.928933333333333,4.80338,23.21743333333333,23.40528,74.84733333333334,77.53493999999999,0.1714735639441362,0.1944933026654038,4.85058780198139,6.127948405718667,0.230197387212676,0.2114057637667433,0.1197965994678212,0.1269937651585204
2024,Abbottabad,39,3.6143,23.2851,74.9441,1419072.0,1256.0,0.0,1967.0,0.75,2.0,644.0,11.0,0.0140937175844495,4.538177062192757,0.0775154467144725,0.0,3.0154,24.2828,22.9028,61.5044,78.0351,0.1832183285978442,0.1550308934289451,4.91166057818067,4.390193027556037,0.1197965994678212,0.2607337753123168,2.2099,5.009099999999999,23.49023333333333,23.29354,71.49453333333334,76.13296,0.1174476465370796,0.1663058674965047,4.613343555976488,5.261184774275019,0.1526819404982035,0.2114057637667433,0.0775154467144725,0.07861184972964957
2024,Abbottabad,40,0.1625,22.4983,57.2492,1419072.0,1256.0,0.0,1967.0,0.75,24.0,542.0,5.0,0.1691246110133946,3.819397465385829,0.0352342939611238,3.6143,0.0,23.2851,24.2828,74.9441,61.5044,0.0140937175844495,0.1832183285978442,4.538177062192757,4.91166057818067,0.0775154467144725,0.1197965994678212,1.2589333333333337,2.51272,23.3554,23.08714,64.56590000000001,71.34706,0.1221455523985628,0.1395278040860506,4.42307836858642,4.581867586704551,0.0775154467144725,0.1606683804627249,0.0352342939611238,0.03859607430670753
2024,Abbottabad,41,1.1143,19.7137,56.4356,1419072.0,1256.0,0.0,1967.0,0.75,1.0,486.0,10.0,0.0070468587922247,3.424773373021242,0.0704685879222477,0.1625,3.6143,22.4983,23.2851,57.2492,74.9441,0.1691246110133946,0.0140937175844495,3.819397465385829,4.538177062192757,0.0352342939611238,0.0775154467144725,1.6303666666666663,1.5813,21.83236666666667,22.53654,62.87630000000001,65.63368,0.0634217291300229,0.1057028818833716,3.927449300199944,4.216840301267307,0.0610727761992814,0.1127497406755964,0.0704685879222477,0.06534543465930873
2024,Abbottabad,42,0.0,20.545,49.9082,1419072.0,1256.0,0.0,1967.0,0.75,2.0,449.0,26.0,0.0140937175844495,3.1640395977089253,0.1832183285978442,1.1143,0.1625,19.7137,22.4983,56.4356,57.2492,0.0070468587922247,0.1691246110133946,3.424773373021242,3.819397465385829,0.0704685879222477,0.0352342939611238,0.4256,0.97822,20.919,22.06498,54.531000000000006,60.0083,0.0634217291300229,0.0775154467144725,3.469403478705333,3.971609615297885,0.0963070701604053,0.0972466513327019,0.1832183285978442,0.1871010017338889
2024,Abbottabad,43,0.0143,19.9301,54.2137,1419072.0,1256.0,0.0,1967.0,0.75,3.0,437.0,23.0,0.0211405763766743,3.079477292202228,0.1620777522211698,0.0,1.1143,20.545,19.7137,49.9082,56.4356,0.0140937175844495,0.0070468587922247,3.1640395977089253,3.424773373021242,0.1832183285978442,0.0704685879222477,0.3762,0.98108,20.062933333333334,21.19444,53.51916666666667,58.550160000000005,0.0140937175844495,0.0450998962702385,3.2227634209774654,3.6051729581021967,0.1385882229137539,0.1057028818833716,0.1620777522211698,0.15623136015119377
2024,Abbottabad,44,0.0143,19.3384,60.4715,1419072.0,1256.0,0.0,1967.0,0.75,3.0,360.0,20.0,0.0211405763766743,2.53686916520092,0.1409371758444955,0.0143,0.0,19.9301,20.545,54.2137,49.9082,0.0211405763766743,0.0140937175844495,3.079477292202228,3.1640395977089253,0.1620777522211698,0.1832183285978442,0.0095333333333333,0.26108,19.937833333333334,20.4051,54.864466666666665,55.655640000000005,0.0187916234459327,0.0465092680286835,2.926795351704025,3.204911378703829,0.1620777522211699,0.1183872277093762,0.1409371758444955,0.142225841046887
2025,Abbottabad,37,1.0714,23.572,79.8149,1611498.0,1256.0,0.0,1967.0,0.75,135.0,1381.0,16.0,0.8377298637665079,8.569666236011463,0.0992865023723268,6.3143,15.7571,22.0524,22.8968,82.8205,85.0062,0.0062054063982704,0.0062054063982704,5.361471128105651,9.941061050029228,0.0,0.0186162191948112,7.714266666666667,6.182840000000001,22.8404,23.42996,82.54719999999999,83.37986,0.2833802255210162,0.1762335417108801,7.957399471382115,9.234885801906051,0.039300907189046,0.0781881206182074,0.0992865023723268,0.09814997572847542
2025,Abbottabad,38,1.8571,23.2765,71.7492,1611498.0,1256.0,0.0,1967.0,0.75,1.0,1234.0,22.0,0.0062054063982704,7.657471495465709,0.1365189407619494,1.0714,6.3143,23.572,22.0524,79.8149,82.8205,0.8377298637665079,0.0062054063982704,8.569666236011463,5.361471128105651,0.0992865023723268,0.0,3.0809333333333337,5.974259999999999,22.966966666666668,23.24496,78.12819999999999,81.22084,0.2833802255210162,0.1762335417108801,7.196202953194276,8.213475908750741,0.0786018143780921,0.0893578521350941,0.1365189407619494,0.13067933942229493
2025,Abbottabad,39,0.4714,23.77,57.4104,1611498.0,1256.0,0.0,1967.0,0.75,122.0,1286.0,21.0,0.7570595805889923,7.980152628175771,0.130313534363679,1.8571,1.0714,23.2765,23.572,71.7492,79.8149,0.0062054063982704,0.8377298637665079,7.657471495465709,8.569666236011463,0.1365189407619494,0.0992865023723268,1.1333,5.09426,23.5395,23.11354,69.65816666666667,75.36024,0.5336649502512568,0.3226811327100622,8.06909678655098,7.901964507557565,0.1220396591659851,0.0769470393385533,0.130313534363679,0.12977975092605248
2025,Abbottabad,40,2.6714,21.4087,58.7859,1611498.0,1256.0,0.0,1967.0,0.75,3.0,1035.0,9.0,0.0186162191948112,6.422595622209895,0.0558486575844338,0.4714,1.8571,23.77,23.2765,57.4104,71.7492,0.7570595805889923,0.0062054063982704,7.980152628175771,7.657471495465709,0.130313534363679,0.1365189407619494,1.6666333333333334,2.47712,22.8184,22.81592,62.648500000000006,70.11618,0.2606270687273579,0.3251632952693705,7.353406581950459,7.198271421993698,0.1075603775700207,0.0843935270164778,0.0558486575844338,0.05762284801533624
2025,Abbottabad,41,7.3714,16.3718,65.1618,1611498.0,1256.0,0.0,1967.0,0.75,200.0,926.0,12.0,1.2410812796540858,5.7462063247984165,0.0744648767792451,2.6714,0.4714,21.4087,23.77,58.7859,57.4104,0.0186162191948112,0.7570595805889923,6.422595622209895,7.980152628175771,0.0558486575844338,0.130313534363679,3.5047333333333337,2.68854,20.51683333333333,21.6798,60.45269999999999,66.58444,0.6722523598126298,0.5721384699205336,6.716318191728028,7.2752184613322495,0.086875689575786,0.0992865023723268,0.0744648767792451,0.07191968956171396
2025,Abbottabad,42,0.0,19.3301,58.2832,1611498.0,1256.0,0.0,1967.0,0.75,2.0,728.0,65.0,0.0124108127965408,4.517535857940873,0.4033514158875779,7.3714,2.6714,16.3718,21.4087,65.1618,58.7859,1.2410812796540858,0.0186162191948112,5.7462063247984165,6.422595622209895,0.0744648767792451,0.0558486575844338,3.3476,2.47426,19.03686666666667,20.83142,60.74363333333333,62.2781,0.4240361038818125,0.4070746597265401,5.56211260164973,6.464792385718132,0.1778883167504189,0.160099485075377,0.4033514158875779,0.41754290166461683
2025,Abbottabad,43,0.0286,18.4801,45.8736,1611498.0,1256.0,0.0,1967.0,0.75,263.0,822.0,41.0,1.632021882745123,5.100844059378293,0.2544216623290876,0.0,7.3714,19.3301,16.3718,58.2832,65.1618,0.0124108127965408,1.2410812796540858,4.517535857940873,5.7462063247984165,0.4033514158875779,0.0744648767792451,2.466666666666667,2.10856,18.060666666666663,19.87214,56.43953333333334,57.10298,0.9618379917319164,0.7322379549959106,5.121528747372529,5.953466898500649,0.2440793183319702,0.1836800293888047,0.2544216623290876,0.25994365796974206
2024,Badin,37,1.2385,28.6327,75.2012,1947081.0,9.0,1.0,6726.0,0.35,7701.0,3929.0,68.0,39.55151326524166,20.1789242460894,0.3492407352339219,2.3,26.7,28.4877,28.0245,78.572,81.7304,40.25513062887471,30.707505234759108,22.710919576535336,18.35568217244172,0.4673662780336308,0.2465228719298272,10.0795,7.010560000000001,28.381633333333337,29.07452,78.5012,75.96986000000001,36.83804970962515,37.71594504799749,20.41517533168882,22.120291862536792,0.3543766283991267,0.4139529891155016,0.3492407352339219,0.3662243843266827
2024,Badin,38,0.0,29.4948,69.5094,1947081.0,9.0,1.0,6726.0,0.35,6373.0,3176.0,82.0,32.73104714184977,16.311596692690237,0.4211432395467882,1.2385,2.3,28.6327,28.4877,75.2012,78.572,39.55151326524166,40.25513062887471,20.1789242460894,22.710919576535336,0.3492407352339219,0.4673662780336308,1.1795,6.57056,28.87173333333333,29.00916,74.42753333333333,74.98178,37.512563678655376,36.89831085609689,19.73381350510499,20.3268379692473,0.4125834176047804,0.4026540241520512,0.4211432395467882,0.4037117824421129
2024,Badin,39,0.0286,30.3544,68.591,1947081.0,9.0,1.0,6726.0,0.35,5984.0,2642.0,104.0,30.73318470058513,13.569029742470908,0.5341328891812924,0.0,1.2385,29.4948,28.6327,69.5094,75.2012,32.73104714184977,39.55151326524166,16.311596692690237,20.1789242460894,0.4211432395467882,0.3492407352339219,0.4223666666666666,6.05342,29.493966666666665,28.99882,71.10053333333333,74.7208,34.338581702558855,34.79567619426207,16.68651689375018,18.22523048604552,0.4348389546540009,0.4036812027850922,0.5341328891812924,0.5310723358620666
2024,Badin,40,0.0,29.873,68.1367,1947081.0,9.0,1.0,6726.0,0.35,3338.0,2324.0,71.0,17.143611385453404,11.935815715935805,0.3646484147295361,0.0286,0.0,30.3544,29.4948,68.591,69.5094,30.73318470058513,32.73104714184977,13.569029742470908,16.311596692690237,0.5341328891812924,0.4211432395467882,0.0095333333333333,0.7134199999999999,29.9074,29.36852,68.7457,72.00206,26.86928107596277,32.08289742440094,13.93881405036565,16.941257194744338,0.4399748478192056,0.4273063113450339,0.3646484147295361,0.3785006363529994
2024,Badin,41,0.0,30.4195,51.2197,1947081.0,9.0,1.0,6726.0,0.35,4204.0,2290.0,82.0,21.591294866520705,11.761195348318845,0.4211432395467882,0.0,0.0286,29.873,30.3544,68.1367,68.591,17.143611385453404,30.73318470058513,11.935815715935805,13.569029742470908,0.3646484147295361,0.5341328891812924,0.0095333333333333,0.25342,30.215633333333333,29.75488,62.64913333333334,66.5316,23.156030317519747,28.350130271930134,12.422013602241853,14.751312349101038,0.4399748478192056,0.4180617036476654,0.4211432395467882,0.4088919728720021
2024,Badin,42,0.0571,30.3439,58.358,1947081.0,9.0,1.0,6726.0,0.35,4382.0,2506.0,88.0,22.505483849927145,12.870548272003065,0.4519585985380166,0.0,0.0,30.4195,29.873,51.2197,68.1367,21.591294866520705,17.143611385453404,11.761195348318845,11.935815715935805,0.4211432395467882,0.3646484147295361,0.0190333333333333,0.01714,30.212133333333338,30.09712,59.23813333333334,63.16296,20.41346336730042,24.940924388867234,12.189186445419235,13.289637154283772,0.4125834176047804,0.4386052763084843,0.4519585985380166,0.4437975346992736
2024,Badin,43,0.0,29.6987,51.6898,1947081.0,9.0,1.0,6726.0,0.35,3359.0,1941.0,114.0,17.251465141922704,9.96876863366239,0.5854918208333397,0.0571,0.0,30.3439,30.4195,58.358,51.2197,22.505483849927145,21.591294866520705,12.870548272003065,11.761195348318845,0.4519585985380166,0.4211432395467882,0.0190333333333333,0.01714,30.15403333333333,30.1379,53.75583333333333,59.59904,20.44941461945685,21.84500798888181,11.53350408466143,12.021071542478202,0.4861978863060482,0.4714749925657946,0.5854918208333397,0.6053309200954525
2024,Badin,44,0.0,27.9094,55.6604,1947081.0,9.0,1.0,6726.0,0.35,2988.0,1999.0,40.0,15.346048777631747,10.266650437244264,0.2054357266081893,0.0,0.0571,29.6987,30.3439,51.6898,58.358,17.251465141922704,22.505483849927145,9.96876863366239,12.870548272003065,0.5854918208333397,0.4519585985380166,0.0190333333333333,0.01142,29.31733333333333,29.648900000000005,55.236066666666666,57.01292,18.367665923160533,18.76758080429114,11.035322447636572,11.360595681432873,0.414295381993182,0.405735560051174,0.2054357266081893,0.2018511511897067
2025,Badin,37,16.7857,27.2097,82.9644,2182111.0,9.0,1.0,6726.0,0.35,5702.0,3222.0,202.0,26.1306597143775,14.765518344392197,0.9257090954584803,3.6429,16.9143,29.2401,29.1689,74.8412,83.393,23.871379595263488,28.449515171318048,10.99852390643739,14.586792330912589,0.6232496880314521,0.6919904624466857,12.447633333333334,7.77714,28.53956666666667,29.0824,80.39953333333334,76.58524,26.15051816031968,26.219564449287866,13.450278193914055,14.473140917212737,0.7469830819788728,0.6443301921854572,0.9257090954584803,0.9231829881120683
2025,Badin,38,0.0429,28.3002,76.7926,2182111.0,9.0,1.0,6726.0,0.35,6381.0,3452.0,164.0,29.242325436240414,15.819543552092446,0.7515658002732216,16.7857,3.6429,27.2097,29.2401,82.9644,74.8412,26.1306597143775,23.871379595263488,14.765518344392197,10.99852390643739,0.9257090954584803,0.6232496880314521,6.823833333333333,7.771440000000001,28.25,28.80924,78.1994,77.89959999999999,26.414788248627133,27.06920042106016,13.861195267640676,14.392485075232196,0.7668415279210513,0.7185702285539095,0.7515658002732216,0.7341356267490833
2025,Badin,39,0.0143,28.73,71.7396,2182111.0,9.0,1.0,6726.0,0.35,5586.0,2727.0,119.0,25.599064392233025,12.497072788689485,0.5453434770275206,0.0429,16.7857,28.3002,27.2097,76.7926,82.9644,29.242325436240414,26.1306597143775,15.819543552092446,14.765518344392197,0.7515658002732216,0.9257090954584803,5.6143,7.480020000000001,28.079966666666667,28.52978,77.16553333333333,77.94615999999999,26.990683180950317,26.658588861886493,14.360711561724706,13.73349018450482,0.7408727909197409,0.7075717046474722,0.5453434770275206,0.5834940376169717
2025,Badin,40,3.6857,28.435,78.2997,2182111.0,9.0,1.0,6726.0,0.35,4327.0,2354.0,252.0,19.829422059647744,10.78771886489734,1.154845010175926,0.0143,0.0429,28.73,28.3002,71.7396,76.7926,25.599064392233025,29.242325436240414,12.497072788689485,15.819543552092446,0.5453434770275206,0.7515658002732216,1.2476333333333334,4.8343,28.4884,28.383,75.61063333333333,76.9275,24.890270629373727,24.93457023955244,13.03477840189309,12.973675491301773,0.8172514291588895,0.8001426141933201,1.154845010175926,1.0860341632073505
2025,Badin,41,0.0286,26.5356,64.0312,2182111.0,9.0,1.0,6726.0,0.35,5147.0,2423.0,95.0,23.587251061013852,11.103926427207416,0.4353582379631466,3.6857,0.0143,28.435,28.73,78.2997,71.7396,19.829422059647744,25.599064392233025,10.78771886489734,12.497072788689485,1.154845010175926,0.5453434770275206,1.2428666666666668,4.11144,27.9002,27.8421,71.35683333333333,74.7655,23.005245837631534,24.877744532702508,11.462906026931412,12.994755995455776,0.7118489083888644,0.762564324179659,0.4353582379631466,0.4795047758659393
2025,Badin,42,0.0,26.5362,47.6033,2182111.0,9.0,1.0,6726.0,0.35,4794.0,2307.0,151.0,21.969551503108686,10.572331105062942,0.6919904624466857,0.0286,3.6857,26.5356,28.435,64.0312,78.2997,23.587251061013852,19.829422059647744,11.103926427207416,10.78771886489734,0.4353582379631466,1.154845010175926,1.2381,0.7543,27.16893333333333,27.7074,63.3114,67.69328,21.79540820792343,24.045522890448744,10.821325465722564,12.156118547589926,0.7607312368619196,0.7158205975773002,0.6919904624466857,0.6936180615522376
2025,Badin,43,0.0,27.0782,42.243,2182111.0,9.0,1.0,6726.0,0.35,5230.0,2148.0,165.0,23.967616679444813,9.843678896261466,0.7561485185675706,0.0,0.0286,26.5362,26.5356,47.6033,64.0312,21.969551503108686,23.587251061013852,10.572331105062942,11.103926427207416,0.6919904624466857,0.4353582379631466,0.0095333333333333,0.74572,26.716666666666665,27.463,51.2925,60.78336,23.17480641452245,22.990581139089624,10.506645476177274,10.96094561642373,0.6278324063258011,0.7167371412361699,0.7561485185675706,0.7388070560756095
2025,Bajaur,37,0.2429,24.0655,65.3823,1321356.0,900.0,0.0,1290.0,0.2,53.0,736.0,4.0,0.401103109230215,5.570035630064873,0.0302719327720916,2.6286,2.0714,22.3967,22.7336,71.6065,72.6607,3.239096806613812,3.3753205040882244,6.099794453576478,7.991790251832208,0.0529758823511604,0.3481272268790545,1.6476333333333333,2.56,23.06526666666667,23.61172,69.88316666666667,72.37992,2.338506806644084,2.3824011091636166,6.553873445157854,6.5432782686876205,0.1437916806674356,0.0923293949548797,0.0302719327720916,0.026894161097671954
2025,Bajaur,38,1.0429,22.8006,59.1479,1321356.0,900.0,0.0,1290.0,0.2,426.0,695.0,5.0,3.223960840227766,5.259748319150932,0.0378399159651146,0.2429,2.6286,24.0655,22.3967,65.3823,71.6065,0.401103109230215,3.239096806613812,5.570035630064873,6.099794453576478,0.0302719327720916,0.0529758823511604,1.3048,2.59144,23.0876,23.21362,65.3789,70.23192,2.288053585357265,2.45959453773245,5.643192800930762,6.084658487190431,0.0403625770294556,0.0998973781479026,0.0378399159651146,0.04418284971717204
2025,Bajaur,39,0.0286,22.7732,46.9179,1321356.0,900.0,0.0,1290.0,0.2,482.0,620.0,1.0,3.6477678990370497,4.692149579674213,0.0075679831930229,1.0429,0.2429,22.8006,24.0655,59.1479,65.3823,3.223960840227766,0.401103109230215,5.259748319150932,5.570035630064873,0.0378399159651146,0.0302719327720916,0.4381333333333333,1.20288,23.2131,22.95392,57.14936666666667,63.143060000000006,2.4242772828316768,2.7774498318394136,5.17397784296334,5.922703646859741,0.0252266106434097,0.0953565882320888,0.0075679831930229,0.0029727590776520707
2025,Bajaur,40,1.7143,19.9884,52.1313,1321356.0,900.0,0.0,1290.0,0.2,341.0,561.0,3.0,2.580682268820817,4.245638571285861,0.0227039495790687,0.0286,1.0429,22.7732,22.8006,46.9179,59.1479,3.6477678990370497,3.223960840227766,4.692149579674213,5.259748319150932,0.0075679831930229,0.0378399159651146,0.9286,1.13146,21.854066666666668,22.40488,52.73236666666668,59.03718,3.1508036693618777,2.618522184785932,4.732512156703669,5.173473310750471,0.0227039495790688,0.0302719327720916,0.0227039495790687,0.026080818283629292
2025,Bajaur,41,0.5714,15.8226,52.2083,1321356.0,900.0,0.0,1290.0,0.2,285.0,560.0,3.0,2.1568752100115334,4.238070588092838,0.0227039495790687,1.7143,0.0286,19.9884,22.7732,52.1313,46.9179,2.580682268820817,3.6477678990370497,4.245638571285861,4.692149579674213,0.0227039495790687,0.0075679831930229,0.7714333333333333,0.72002,19.528066666666664,21.09006,50.41916666666668,55.15754,2.7951084592898,2.4020778654654764,4.391952913017637,4.801128537653743,0.0176586274503868,0.0242175462176733,0.0227039495790687,0.023125140998733834
2025,Bajaur,42,0.0,18.4824,42.9558,1321356.0,900.0,0.0,1290.0,0.2,226.0,633.0,13.0,1.710364201623181,4.790533361183512,0.098383781509298,0.5714,1.7143,15.8226,19.9884,52.2083,52.1313,2.1568752100115334,2.580682268820817,4.238070588092838,4.245638571285861,0.0227039495790687,0.0227039495790687,0.7618999999999999,0.6714399999999999,18.0978,19.97344,49.098466666666674,50.67224,2.1493072268185105,2.6639300839440696,4.424747506854071,4.645228083877472,0.0479305602224785,0.0378399159651146,0.098383781509298,0.09501545965487479
2025,Bajaur,43,0.0,17.272,38.9789,1321356.0,900.0,0.0,1290.0,0.2,258.0,762.0,11.0,1.9525396637999144,5.766803193083469,0.0832478151232521,0.0,0.5714,18.4824,15.8226,42.9558,52.2083,1.710364201623181,2.1568752100115334,4.790533361183512,4.238070588092838,0.098383781509298,0.0227039495790687,0.1904666666666666,0.4628599999999999,17.19233333333333,18.86772,44.71433333333334,46.63844,1.9399263584782096,2.4096458486584997,4.931802380786607,4.746639058663979,0.0681118487372063,0.0469214957967421,0.0832478151232521,0.08482375307526216
2024,Bannu,37,2.9154,28.5396,71.7237,1357890.0,312.0,1.0,1227.0,0.2,1411.0,663.0,100.0,10.391121519416153,4.882575171773855,0.7364366774922858,6.3571,3.6889,28.2235,28.4147,75.4092,73.1792,12.03337531022395,10.516315754589842,6.406999094182887,6.25971175868443,0.6554286429681344,0.5670562416690601,4.320466666666667,5.77228,28.3926,28.66416,73.43736666666666,74.91384,10.980270861409982,10.604688155888915,5.849762008213724,6.024052021886898,0.6529738540431601,0.5155056742446001,0.7364366774922858,0.7399854188289976
2024,Bannu,38,0.0,29.9782,50.7282,1357890.0,312.0,1.0,1227.0,0.2,1871.0,875.0,37.0,13.778730235880667,6.443820928057501,0.2724815706721457,2.9154,6.3571,28.5396,28.2235,71.7237,75.4092,10.391121519416153,12.03337531022395,4.882575171773855,6.406999094182887,0.7364366774922858,0.6554286429681344,3.090833333333334,3.58656,28.913766666666664,28.7825,65.9537,69.5039,12.067742355173593,11.190891751172774,5.911131731338081,6.062346729116497,0.5547822970441887,0.4669008535301092,0.2724815706721457,0.2961228097547499
2024,Bannu,39,1.6286,29.9428,60.3322,1357890.0,312.0,1.0,1227.0,0.2,1834.0,846.0,33.0,13.506248665208522,6.230254291584738,0.2430241035724543,0.0,2.9154,29.9782,28.5396,50.7282,71.7237,13.778730235880667,10.391121519416153,6.443820928057501,4.882575171773855,0.2724815706721457,0.7364366774922858,1.5146666666666675,2.918,29.486866666666668,29.01976,60.92803333333333,66.2745,12.558700140168447,12.045158297063828,5.8522167971386985,6.044672248856683,0.4173141172456286,0.494885447274816,0.2430241035724543,0.24952152270743228
2024,Bannu,40,0.3125,28.6662,49.6141,1357890.0,312.0,1.0,1227.0,0.2,1510.0,774.0,2.0,11.120193830133516,5.700019883790292,0.0147287335498457,1.6286,0.0,29.9428,29.9782,60.3322,50.7282,13.506248665208522,13.778730235880667,6.230254291584738,6.443820928057501,0.2430241035724543,0.2724815706721457,0.6470333333333339,2.2427200000000003,29.529066666666665,29.07006,53.558166666666665,61.56148,12.8017242437409,12.165933912172562,6.124698367810844,5.932733873877854,0.1767448025981486,0.3844199456509732,0.0147287335498457,0.01515832513577045
2024,Bannu,41,0.3571,26.5089,41.3641,1357890.0,312.0,1.0,1227.0,0.2,1827.0,865.0,30.0,13.454698097784062,6.370177260308273,0.2209310032476857,0.3125,1.6286,28.6662,29.9428,49.6141,60.3322,11.120193830133516,13.506248665208522,5.700019883790292,6.230254291584738,0.0147287335498457,0.2430241035724543,0.7660666666666672,1.04272,28.37263333333333,28.72714,50.436800000000005,54.75246,12.693713531042034,12.450198469684585,6.100150478561101,5.925369507102932,0.1595612801233286,0.2975204177068834,0.2209310032476857,0.22703462377649078
2024,Bannu,42,0.0,26.6743,39.8176,1357890.0,312.0,1.0,1227.0,0.2,1775.0,729.0,1.0,13.071751025488076,5.368623378918764,0.0073643667749228,0.3571,0.3125,26.5089,28.6662,41.3641,49.6141,13.454698097784062,11.120193830133516,6.370177260308273,5.700019883790292,0.2209310032476857,0.0147287335498457,0.2232000000000006,0.45964,27.283133333333332,28.35408,43.5986,48.37124,12.548880984468552,12.986324370898966,5.812940174339109,6.022579148531913,0.0810080345241514,0.1517059555634108,0.0073643667749228,0.003607418435038645
2024,Bannu,43,0.2857,25.824,49.6044,1357890.0,312.0,1.0,1227.0,0.2,1606.0,666.0,23.0,11.82717304052611,4.904668272098624,0.1693804358232257,0.0,0.3571,26.6743,26.5089,39.8176,41.3641,13.071751025488076,13.454698097784062,5.368623378918764,6.370177260308273,0.0073643667749228,0.2209310032476857,0.2142666666666672,0.51678,26.335733333333334,27.52324,43.595366666666656,48.14648,12.784540721266085,12.596012931828058,5.547822970441888,5.714748617340138,0.1325586019486115,0.1310857285936268,0.1693804358232257,0.163153741628281
2024,Bannu,44,0.0,23.4883,62.0385,1357890.0,312.0,1.0,1227.0,0.2,1312.0,579.0,14.0,9.66204920869879,4.263968362680335,0.10310113484892,0.2857,0.0,25.824,26.6743,49.6044,39.8176,11.82717304052611,13.071751025488076,4.904668272098624,5.368623378918764,0.1693804358232257,0.0073643667749228,0.0952333333333339,0.19106,25.328866666666663,26.23234,50.48683333333333,48.48774,11.520324424904326,11.82717304052611,4.84575333789924,5.321491431559258,0.0932819791490229,0.10310113484892,0.10310113484892,0.10648777583333627
2025,Bannu,37,0.1,31.0973,58.966,1410816.0,312.0,1.0,1227.0,0.2,3.0,970.0,8.0,0.0212642896026129,6.875453638178189,0.0567047722736345,4.5429,14.8286,29.0871,29.3788,65.0313,71.3118,9.129468336055162,11.66700689530031,6.563577390673199,6.8683655416439855,0.0,0.0283523861368172,6.490500000000001,4.78002,29.8544,30.948519999999995,65.10303333333333,62.59478,6.939246506986028,8.725446833605517,6.7691321901651245,6.705339321357286,0.0283523861368173,0.2324895663219016,0.0567047722736345,0.06033757020727848
2025,Bannu,38,1.4857,31.0229,54.9392,1410816.0,312.0,1.0,1227.0,0.2,1342.0,943.0,96.0,9.512225548902196,6.684075031754672,0.6804572672836147,0.1,4.5429,31.0973,29.0871,58.966,65.0313,0.0212642896026129,9.129468336055162,6.875453638178189,6.563577390673199,0.0567047722736345,0.0,2.0428666666666677,4.63144,30.40243333333333,30.65168,59.6455,61.93652,6.220986058186656,8.037901469787696,6.70770202020202,6.606105969878425,0.2457206798524164,0.2580067138450372,0.6804572672836147,0.6790735394101924
2025,Bannu,39,0.2143,29.8806,50.9607,1410816.0,312.0,1.0,1227.0,0.2,1717.0,1038.0,69.0,12.170261749228814,7.357444202504082,0.489078660860098,1.4857,0.1,31.0229,31.0973,54.9392,58.966,9.512225548902196,0.0212642896026129,6.684075031754672,6.875453638178189,0.6804572672836147,0.0567047722736345,0.6000000000000006,4.2343,30.666933333333336,30.09334,54.9553,60.2418,7.234583862577874,8.500045363817819,6.972324290812314,6.869783160950826,0.4087469001391158,0.2509186173108329,0.489078660860098,0.5075468998065923
2025,Bannu,40,3.0714,27.672,55.1417,1410816.0,312.0,1.0,1227.0,0.2,1437.0,982.0,5.0,10.185594719651606,6.960510796588641,0.0354404826710215,0.2143,1.4857,29.8806,31.0229,50.9607,54.9392,12.170261749228814,9.512225548902196,7.357444202504082,6.684075031754672,0.489078660860098,0.6804572672836147,1.5904666666666671,1.88286,29.525166666666667,29.751980000000003,53.68053333333333,57.00778,10.62269400592754,8.203762928688079,7.000676676949131,6.888212211939757,0.4016588036049115,0.2523362366176737,0.0354404826710215,0.023118850025350746
2025,Bannu,41,0.2857,22.2285,54.7774,1410816.0,312.0,1.0,1227.0,0.2,1749.0,880.0,82.0,12.397080838323353,6.2375249500998,0.5812239158047541,3.0714,0.2143,27.672,29.8806,55.1417,50.9607,10.185594719651606,12.170261749228814,6.960510796588641,7.357444202504082,0.0354404826710215,0.489078660860098,1.1904666666666672,1.0314199999999998,26.5937,28.38026,53.6266,54.95700000000001,11.58431243573459,8.857285429141715,6.8518266497308415,6.823001723825077,0.3685810197786246,0.3685810197786245,0.5812239158047541,0.57281735806725
2025,Bannu,42,0.0,24.6952,51.6019,1410816.0,312.0,1.0,1227.0,0.2,1652.0,854.0,26.0,11.709535474505534,6.053234440210488,0.1842905098893123,0.2857,3.0714,22.2285,27.672,54.7774,55.1417,12.397080838323353,10.185594719651606,6.2375249500998,6.960510796588641,0.5812239158047541,0.0354404826710215,1.119033333333334,1.0114199999999998,24.865233333333336,27.09984,53.84033333333333,53.48418,11.430737010826832,11.1949396661223,6.417090062299643,6.658557884231537,0.2669849694550293,0.3940981673017601,0.1842905098893123,0.18729759136535945
2025,Bannu,43,0.0,23.4797,46.3627,1410816.0,312.0,1.0,1227.0,0.2,1471.0,948.0,6.0,10.426590001814551,6.719515514425694,0.0425285792052259,0.0,0.2857,24.6952,22.2285,51.6019,54.7774,11.709535474505534,12.397080838323353,6.053234440210488,6.2375249500998,0.1842905098893123,0.5812239158047541,0.0952333333333339,0.7142799999999997,23.4678,25.5912,50.91400000000001,51.76888,11.511068771547812,11.377812556704772,6.336758301578661,6.665645980765741,0.2693476682997641,0.2665124296860824,0.0425285792052259,0.037494437118376356
2024,Barkhan,37,1.8308,26.4871,71.5928,210249.0,1100.0,0.0,3514.0,0.2,79.0,81.0,40.0,3.7574495003543418,3.852574804160781,1.9025060761287804,2.9286,4.9111,25.7467,25.5323,81.8345,78.8689,3.3769482851285857,6.89658452596683,4.423326626999415,4.756265190321951,1.4268795570965855,1.569567512806244,3.2235,3.8598,25.92203333333333,25.98798,77.43206666666667,80.11731999999999,4.676994103816585,4.594552173851005,4.3440555404940495,4.756265190321952,1.6329843820105368,1.3222417229095025,1.9025060761287804,1.663320750443738
2024,Barkhan,38,0.0,28.5253,54.2244,210249.0,1100.0,0.0,3514.0,0.2,81.0,106.0,1.0,3.852574804160781,5.041641101741268,0.0475626519032195,1.8308,2.9286,26.4871,25.7467,71.5928,81.8345,3.7574495003543418,3.3769482851285857,3.852574804160781,4.423326626999415,1.9025060761287804,1.4268795570965855,1.5864666666666665,2.46552,26.9197,26.38608,69.21723333333334,74.30879999999999,3.662324196547903,4.2996637320510445,4.4391808443004885,4.870415554889678,1.1256494283761953,0.9988156899676096,0.0475626519032195,0.031301037391222475
2024,Barkhan,39,0.7,29.5822,51.4597,210249.0,1100.0,0.0,3514.0,0.2,110.0,147.0,2.0,5.231891709354147,6.991709829773269,0.095125303806439,0.0,1.8308,28.5253,26.4871,54.2244,71.5928,3.852574804160781,3.7574495003543418,5.041641101741268,3.852574804160781,0.0475626519032195,1.9025060761287804,0.8436,2.0741,28.1982,27.17472,59.0923,67.59606,4.280638671289757,4.623089764992937,5.295308578558439,5.013103510599337,0.6817313439461463,1.0083282203482535,0.095125303806439,0.0920688201762268
2024,Barkhan,40,2.025,27.2898,48.3228,210249.0,1100.0,0.0,3514.0,0.2,55.0,193.0,1.0,2.615945854677073,9.179591817321366,0.0475626519032195,0.7,0.0,29.5822,28.5253,51.4597,54.2244,5.231891709354147,3.852574804160781,6.991709829773269,5.041641101741268,0.095125303806439,0.0475626519032195,0.9083333333333332,1.49688,28.465766666666667,27.52622,51.33563333333333,61.48684000000001,3.900137456064001,3.766962030734986,7.070980916278635,5.89776883599922,0.0634168692042927,0.7039272481676487,0.0475626519032195,0.05701345813808223
2024,Barkhan,41,1.0571,23.5524,52.9088,210249.0,1100.0,0.0,3514.0,0.2,101.0,146.0,0.0,4.803827842225172,6.944147177870049,0.0,2.025,0.7,27.2898,29.5822,48.3228,51.4597,2.615945854677073,5.231891709354147,9.179591817321366,6.991709829773269,0.0475626519032195,0.095125303806439,1.2607,1.12258,26.80813333333333,27.08736,50.8971,55.7017,4.217221802085464,4.052337942154303,7.705149608321562,6.401932946173346,0.0475626519032195,0.4185513367483316,0.0,0.012965032509990704
2024,Barkhan,42,0.0,25.5479,33.7151,210249.0,1100.0,0.0,3514.0,0.2,51.0,112.0,0.0,2.425695247064195,5.327017013160586,0.0,1.0571,2.025,23.5524,27.2898,52.9088,48.3228,4.803827842225172,2.615945854677073,6.944147177870049,9.179591817321366,0.0,0.0475626519032195,1.0273666666666663,0.75642,25.463366666666666,26.899520000000003,44.98223333333333,48.12616,3.281822981322147,3.785987091496274,7.150252002784001,6.696821387973307,0.0158542173010731,0.0380501215225755,0.0,0.0064802965151018466
2024,Barkhan,43,0.0,25.8482,32.8212,210249.0,1100.0,0.0,3514.0,0.2,128.0,65.0,6.0,6.088019443612098,3.0915723737092686,0.285375911419317,0.0,1.0571,25.5479,23.5524,33.7151,52.9088,2.425695247064195,4.803827842225172,5.327017013160586,6.944147177870049,0.0,0.0,0.3523666666666666,0.75642,24.98283333333333,26.3641,39.81503333333333,43.84552,4.4391808443004885,4.233076019386537,5.120912188246635,6.306807642366907,0.095125303806439,0.085612773425795,0.285375911419317,0.2766096051245174
2024,Barkhan,44,0.0,23.9107,45.5511,210249.0,1100.0,0.0,3514.0,0.2,72.0,49.0,3.0,3.424510937031805,2.330569943257756,0.1426879557096585,0.0,0.0,25.8482,25.5479,32.8212,33.7151,6.088019443612098,2.425695247064195,3.0915723737092686,5.327017013160586,0.285375911419317,0.0,0.0,0.61642,25.102266666666665,25.2298,37.36246666666667,42.6638,3.979408542569366,3.871599864922069,3.5830531100425365,5.374579665063806,0.1426879557096585,0.0951253038064389,0.1426879557096585,0.14425551623108887
2025,Barkhan,37,0.3714,27.2851,65.0878,206726.0,1100.0,0.0,3514.0,0.2,112.0,82.0,20.0,5.417799405976994,3.96660313651887,0.967464179638749,1.0857,4.7,27.1572,28.3458,68.5679,68.3198,4.35358880837437,5.369426196995056,3.337751419753684,5.369426196995056,1.4995694784400608,1.2577034335303736,2.052366666666667,1.4914200000000002,27.59603333333333,28.69262,67.32516666666666,62.97986000000001,5.046938137115473,4.634153420469607,4.224593584422537,4.189119897835782,1.2415790305363943,1.0545359558062362,0.967464179638749,1.0441991338968588
2025,Barkhan,38,0.1,28.8164,55.0045,206726.0,1100.0,0.0,3514.0,0.2,119.0,99.0,28.0,5.756411868850556,4.788947689211807,1.3544498514942485,0.3714,1.0857,27.2851,27.1572,65.0878,68.5679,5.417799405976994,4.35358880837437,3.96660313651887,3.337751419753684,0.967464179638749,1.4995694784400608,0.5190333333333333,1.45714,27.7529,28.27632,62.88673333333333,63.47456,5.175933361067307,5.243655853642019,4.031100748494787,4.295540957596044,1.2738278365243527,1.3157512843086985,1.3544498514942485,1.3674911736061626
2025,Barkhan,39,0.0,28.7795,51.276,206726.0,1100.0,0.0,3514.0,0.2,147.0,65.0,25.0,7.110861720344804,3.1442585838259336,1.209330224548436,0.1,0.3714,28.8164,27.2851,55.0045,65.0878,5.756411868850556,5.417799405976994,4.788947689211807,3.96660313651887,1.3544498514942485,0.967464179638749,0.1571333333333333,1.25142,28.293666666666667,28.0768,57.12276666666667,61.6512,6.095024331724118,5.601617600108356,3.9666031365188714,4.12139740526107,1.177081418560478,1.2577034335303734,1.209330224548436,1.293621144924872
2025,Barkhan,40,1.0714,27.9792,40.411,206726.0,1100.0,0.0,3514.0,0.2,113.0,84.0,33.0,5.466172614958931,4.063349554482746,1.5963158964039357,0.0,0.1,28.7795,28.8164,51.276,55.0045,7.110861720344804,5.756411868850556,3.1442585838259336,4.788947689211807,1.209330224548436,1.3544498514942485,0.3904666666666667,0.5257,28.525033333333337,28.003480000000003,48.89716666666667,56.06944,6.111148734718097,5.620966883701131,3.9988519425068287,3.860182076758608,1.3866986574822069,1.3254259261050858,1.5963158964039357,1.5292404207310044
2025,Barkhan,41,0.0,21.7244,50.5286,206726.0,1100.0,0.0,3514.0,0.2,109.0,87.0,17.0,5.272679779031182,4.2084691814285575,0.8223445526929366,1.0714,0.0,27.9792,28.7795,40.411,51.276,5.466172614958931,7.110861720344804,4.063349554482746,3.1442585838259336,1.5963158964039357,1.209330224548436,0.3571333333333333,0.30856,26.161033333333336,26.91692,47.4052,52.461580000000005,5.949904704778306,5.804785077832493,3.805359106579079,4.034325629093583,1.209330224548436,1.189980940955661,0.8223445526929366,0.9250238678259586
2025,Barkhan,42,0.0,23.6146,34.1999,206726.0,1100.0,0.0,3514.0,0.2,90.0,77.0,31.0,4.35358880837437,3.724737091609183,1.4995694784400608,0.0,1.0714,21.7244,27.9792,50.5286,40.411,5.272679779031182,5.466172614958931,4.2084691814285575,4.063349554482746,0.8223445526929366,1.5963158964039357,0.3571333333333333,0.23428,24.439400000000003,26.18282,41.713166666666666,46.284000000000006,5.030813734121495,5.591942958311969,3.998851942506828,3.9859524201116456,1.3060766425123111,1.2964020007159234,1.4995694784400608,1.5007447026047576
2025,Barkhan,43,0.0,23.1408,35.9685,206726.0,1100.0,0.0,3514.0,0.2,79.0,90.0,14.0,3.821483509573058,4.35358880837437,0.6772249257471242,0.0,0.0,23.6146,21.7244,34.1999,50.5286,4.35358880837437,5.272679779031182,3.724737091609183,4.2084691814285575,1.4995694784400608,0.8223445526929366,0.0,0.2142799999999999,22.826600000000003,25.0477,40.23233333333334,42.4768,4.482584032326204,5.204957286456469,4.095598360470704,3.8988806439441577,0.9997129856267072,1.1609570155664986,0.6772249257471242,0.7617558877294381
2024,Battagram,37,3.9846,23.667,71.5604,335984.0,1036.0,0.0,1301.0,0.2,171.0,183.0,0.0,5.089528072765369,5.446687937520835,0.0,10.3714,6.6111,23.3882,23.6543,81.6665,79.8694,0.0892899661888661,0.1190532882518215,5.089528072765369,3.779941901995333,0.0,0.0,6.989033333333334,6.45914,23.56983333333333,24.11804,77.69876666666666,78.74136000000001,1.7659571090686856,1.0893375875041669,4.772052637427179,5.833611124339254,0.0,0.0,0.0,-0.0023499889028132936
2024,Battagram,38,0.0,24.9594,55.6901,335984.0,1036.0,0.0,1301.0,0.2,132.0,177.0,0.0,3.92875851231011,5.268108005143102,0.0,3.9846,10.3714,23.667,23.3882,71.5604,81.6665,5.089528072765369,0.0892899661888661,5.446687937520835,5.089528072765369,0.0,0.0,4.785333333333334,5.13056,24.00486666666667,24.04542,69.63900000000001,72.97354,3.035858850421448,1.8750892899661888,5.268108005143103,5.541930568122291,0.0,0.0,0.0,-0.0021467454074198533
2024,Battagram,39,5.1,23.9195,71.9155,335984.0,1036.0,0.0,1301.0,0.2,134.0,236.0,0.0,3.988285156436021,7.024144006857469,0.0,0.0,3.9846,24.9594,23.667,55.6901,71.5604,3.92875851231011,5.089528072765369,5.268108005143102,5.446687937520835,0.0,0.0,3.0282000000000004,5.21342,24.181966666666668,23.91768,66.38866666666667,72.14038000000001,4.335523913837167,2.642982999190438,5.912979983173802,5.321681984856421,0.0,0.0,0.0,-0.0013094116252644061
2024,Battagram,42,0.0,19.9864,51.4933,335984.0,1036.0,0.0,1301.0,0.2,0.0,19.0,0.0,0.0,0.5655031191961521,0.0,5.1,0.0,23.9195,24.9594,71.9155,55.6901,3.988285156436021,3.92875851231011,7.024144006857469,5.268108005143102,0.0,0.0,1.7000000000000004,3.8912,22.9551,23.1841,59.69963333333333,66.46516,2.63901455624871,2.6191723415400734,4.285918377065574,4.678794228296586,0.0,0.0,0.0,0.003471595151940343
2024,Battagram,43,0.3429,19.5094,52.5414,335984.0,1036.0,0.0,1301.0,0.2,0.0,28.0,0.0,0.0,0.8333730177627506,0.0,0.0,5.1,19.9864,23.9195,51.4933,71.9155,0.0,3.988285156436021,0.5655031191961521,7.024144006857469,0.0,0.0,1.8143000000000005,1.8855,21.13843333333333,22.40834,58.65006666666667,60.64014,1.3294283854786737,2.6013143483023,2.807673381272124,3.827563217296062,0.0,0.0,0.0,-0.00027658353458420715
2024,Battagram,44,0.1,18.1987,65.4858,335984.0,1036.0,0.0,1301.0,0.2,57.0,79.0,0.0,1.696509357588457,2.351302442973475,0.0,0.3429,0.0,19.5094,19.9864,52.5414,51.4933,0.0,0.0,0.8333730177627506,0.5655031191961521,0.0,0.0,0.1476333333333339,1.10858,19.2315,21.31468,56.50683333333333,59.42522,0.5655031191961523,1.9227106052669172,1.250059526644126,3.2084861183865896,0.0,0.0,0.0,-0.0025766640562602527
2025,Battagram,37,1.1714,23.8347,81.052,575449.0,1036.0,0.0,1301.0,0.2,0.0,0.0,5.0,0.0,0.0,0.0868886730188079,5.2143,13.2286,22.5189,23.6906,82.2829,83.4119,1.2859523606783574,2.676171128979284,8.358690344409322,14.110720498254404,0.0,0.0347554692075231,6.5381,6.842859999999999,23.348066666666668,24.0933,82.24893333333334,82.9164,1.3207078298858803,1.6091782243083226,7.489803614221242,9.373550045269,0.040548047408777,0.0903642199395602,0.0868886730188079,0.08725963743466544
2025,Battagram,38,2.9143,22.8385,72.8941,575449.0,1036.0,0.0,1301.0,0.2,164.0,474.0,0.0,2.8499484750169,8.237046202182992,0.0,1.1714,5.2143,23.8347,22.5189,81.052,82.2829,0.0,1.2859523606783574,0.0,8.358690344409322,0.0868886730188079,0.0,3.1,6.72572,23.06403333333333,23.63996,78.743,81.34636,1.378633611898419,1.7273468196139017,5.531912182197438,8.351739250567817,0.0289628910062693,0.0834131260980556,0.0,0.003870243598091322
2025,Battagram,39,0.3714,22.4445,65.2962,575449.0,1036.0,0.0,1301.0,0.2,197.0,472.0,0.0,3.423413716941032,8.202290732975468,0.0,2.9143,1.1714,22.8385,23.8347,72.8941,81.052,2.8499484750169,0.0,8.237046202182992,0.0,0.0,0.0868886730188079,1.485700000000001,4.579999999999999,23.03923333333333,23.06544,73.08076666666666,76.98742,2.091120730652644,2.0470971363231145,5.479778978386153,7.781749555564437,0.0289628910062693,0.0243288284452662,0.0,0.002372271919794805
2025,Battagram,40,2.3857,20.1144,66.3392,575449.0,1036.0,0.0,1301.0,0.2,158.0,396.0,2.0,2.74568206739433,6.881582903089588,0.0347554692075231,0.3714,2.9143,22.4445,22.8385,65.2962,72.8941,3.423413716941032,2.8499484750169,8.202290732975468,8.237046202182992,0.0,0.0,1.8904666666666676,2.41142,21.799133333333334,22.3502,68.17649999999999,73.57288000000001,3.0063480864507537,2.060999324006124,7.773639946082683,6.335922036531474,0.0115851564025077,0.0243288284452662,0.0347554692075231,0.03647153242949697
2025,Battagram,41,7.8857,15.929,64.0462,575449.0,1036.0,0.0,1301.0,0.2,128.0,322.0,2.0,2.224350029281483,5.59563054241123,0.0347554692075231,2.3857,0.3714,20.1144,22.4445,66.3392,65.2962,2.74568206739433,3.423413716941032,6.881582903089588,8.202290732975468,0.0347554692075231,0.0,3.5476000000000005,2.9456999999999995,19.495966666666668,21.03222,65.2272,69.92554,2.797815271205615,2.248678857726749,6.893168059492095,5.783310076131856,0.0231703128050154,0.0312799222867708,0.0347554692075231,0.03867778984068884
2025,Battagram,42,0.0,18.226,65.3212,575449.0,1036.0,0.0,1301.0,0.2,151.0,234.0,2.0,2.6240379251679995,4.066389897280211,0.0347554692075231,7.8857,2.3857,15.929,20.1144,64.0462,66.3392,2.224350029281483,2.74568206739433,5.59563054241123,6.881582903089588,0.0347554692075231,0.0347554692075231,3.4238000000000013,2.7114199999999995,18.0898,19.91048,65.23553333333334,66.77938,2.5313566739479376,2.773486442760349,5.514534447593676,6.596588055587898,0.0347554692075231,0.0208532815245139,0.0347554692075231,0.03496945112695396
2025,Battagram,43,0.0,16.7037,55.1973,575449.0,1036.0,0.0,1301.0,0.2,30.0,60.0,10.0,0.5213320381128476,1.0426640762256951,0.1737773460376158,0.0,7.8857,18.226,15.929,65.3212,64.0462,2.6240379251679995,2.224350029281483,4.066389897280211,5.59563054241123,0.0347554692075231,0.0347554692075231,2.6285666666666674,2.12856,16.9529,18.68352,61.52156666666667,63.24002,1.789906664187443,2.307763155379538,3.568228171972379,5.157711630396438,0.081096094817554,0.055608750732037,0.1737773460376158,0.16012838688980408
2025,Buner,37,1.2,25.6446,79.987,1084406.0,700.0,0.0,1865.0,0.35,0.0,495.0,4.0,0.0,4.564711003074494,0.0368865535601979,5.0143,20.2429,24.3464,25.2866,82.4012,82.6173,0.9313854773949978,2.8310429857451918,2.4160692581929646,3.670212079239694,0.0,0.0,8.819066666666666,7.928579999999999,25.09253333333333,25.74418,81.66850000000001,82.13124,1.2541428210467298,1.7889978476695998,3.550330780169052,3.637014181035517,0.0122955178533993,0.0184432767800989,0.0368865535601979,0.03554294306139302
2025,Buner,38,2.2571,24.7321,75.3136,1084406.0,700.0,0.0,1865.0,0.35,193.0,304.0,6.0,1.7797762092795504,2.803378070575043,0.0553298303402969,1.2,5.0143,25.6446,24.3464,79.987,82.4012,0.0,0.9313854773949978,4.564711003074494,2.4160692581929646,0.0368865535601979,0.0,2.8237999999999985,7.57714,24.9077,25.324900000000003,79.23393333333333,81.20903999999999,0.9037205622248492,1.5086600406120954,3.261386110614168,3.281058939179606,0.0307387946334982,0.0184432767800989,0.0553298303402969,0.059040492161092556
2025,Buner,39,0.3714,24.4797,66.9912,1084406.0,700.0,0.0,1865.0,0.35,212.0,354.0,8.0,1.9549873386904904,3.2644599900775173,0.0737731071203958,2.2571,1.2,24.7321,25.6446,75.3136,79.987,1.7797762092795504,0.0,2.803378070575043,4.564711003074494,0.0553298303402969,0.0368865535601979,1.2761666666666651,5.81714,24.952133333333336,24.89788,74.09726666666667,77.46206,1.2449211826566804,1.499438402222046,3.544183021242352,3.343766080231943,0.0553298303402969,0.0331978982041781,0.0737731071203958,0.08386810679721676
2025,Buner,40,0.3286,22.3497,65.6715,1084406.0,700.0,0.0,1865.0,0.35,234.0,303.0,0.0,2.1578633832715792,2.794156432184993,0.0,0.3714,2.2571,24.4797,24.7321,66.9912,75.3136,1.9549873386904904,1.7797762092795504,3.2644599900775173,2.803378070575043,0.0737731071203958,0.0553298303402969,0.9856999999999988,1.83428,23.85383333333333,24.3105,69.32543333333332,74.0729,1.96420897708054,1.3648024817273237,2.953998164279185,3.1685549508210022,0.0430343124868975,0.0331978982041781,0.0,-0.0010009452245760275
2025,Buner,41,3.8,17.9764,68.4406,1084406.0,700.0,0.0,1865.0,0.35,252.0,236.0,5.0,2.32385287429247,2.176306660051678,0.0461081919502474,0.3286,0.3714,22.3497,24.4797,65.6715,66.9912,2.1578633832715792,1.9549873386904904,2.794156432184993,3.2644599900775173,0.0,0.0737731071203958,1.499999999999999,1.5914199999999998,21.60193333333333,23.0365,67.03443333333333,71.28078,2.14556786541818,1.643295961106818,2.7449743607713963,3.120602431192745,0.0399604330235477,0.0424195365942276,0.0461081919502474,0.05076926004242727
2025,Buner,42,0.0,20.4553,66.223,1084406.0,700.0,0.0,1865.0,0.35,172.0,176.0,0.0,1.5861218030885111,1.623008356648709,0.0,3.8,0.3286,17.9764,22.3497,68.4406,65.6715,2.32385287429247,2.1578633832715792,2.176306660051678,2.794156432184993,0.0461081919502474,0.0,1.3761999999999983,1.3514199999999998,20.26046666666667,21.99864,66.77836666666667,68.52798,2.022612686884187,1.9605203217245204,2.197823816295127,2.532261901907588,0.0153693973167491,0.035042225882188,0.0,-0.004122425869374086
2025,Buner,43,0.0,19.486,54.8025,1084406.0,700.0,0.0,1865.0,0.35,157.0,158.0,0.0,1.4477972272377688,1.4570188656278182,0.0,0.0,3.8,20.4553,17.9764,66.223,68.4406,1.5861218030885111,2.32385287429247,1.623008356648709,2.176306660051678,0.0,0.0461081919502474,1.2666666666666653,0.9,19.3059,20.94942,63.15536666666667,64.42576,1.78592396820625,1.894124525316164,1.752111294109402,2.2629900609181437,0.0153693973167491,0.0239762598141286,0.0,-0.004975904331858683
2025,Central,37,15.1286,26.735,86.0135,3591719.0,10.0,0.0,69.0,0.95,22.0,1034.0,14.0,0.0612520077433674,2.87884436393827,0.0389785503821429,0.1,16.1429,28.8029,28.652,74.1435,85.3103,0.0807412829344389,0.2867707635257658,2.583721053902045,2.739635255430617,0.0334101860418367,0.0361943682119898,10.457166666666668,6.6143,28.0633,28.3505,81.82243333333332,79.3059,0.1429213514011907,0.1347544170354084,2.7340668910903108,2.824831229837301,0.0361943682119898,0.0361943682119898,0.0389785503821429,0.03914229181576909
2025,Central,38,0.4571,27.3583,82.2235,3591719.0,10.0,0.0,69.0,0.95,55.0,1065.0,15.0,0.1531300193584186,2.965154011213015,0.0417627325522959,15.1286,0.1,26.735,28.8029,86.0135,74.1435,0.0612520077433674,0.0807412829344389,2.87884436393827,2.583721053902045,0.0389785503821429,0.0334101860418367,5.228566666666667,6.48286,27.632066666666663,28.147540000000003,80.7935,80.49194,0.0983744366787416,0.1403227813757145,2.8092398096844438,2.7925347166635253,0.0380504896587585,0.0361943682119898,0.0417627325522959,0.03928443114648722
2025,Central,39,0.3,28.1208,76.7817,3591719.0,10.0,0.0,69.0,0.95,54.0,1211.0,29.0,0.1503458371882655,3.371644608055363,0.0807412829344389,0.4571,15.1286,27.3583,26.735,82.2235,86.0135,0.1531300193584186,0.0612520077433674,2.965154011213015,2.87884436393827,0.0417627325522959,0.0389785503821429,5.295233333333333,6.42572,27.404699999999995,27.9338,81.67289999999998,80.89450000000001,0.1215759547633505,0.1464479821500512,3.071880994402216,2.907799858507862,0.0538275219562926,0.0462174240245409,0.0807412829344389,0.08201165379993974
2025,Central,40,3.4857,29.6419,70.5615,3591719.0,10.0,0.0,69.0,0.95,40.0,1176.0,18.0,0.1113672868061226,3.2741982321000056,0.0501152790627551,0.3,0.4571,28.1208,27.3583,76.7817,82.2235,0.1503458371882655,0.1531300193584186,3.371644608055363,2.965154011213015,0.0807412829344389,0.0417627325522959,1.4142666666666666,3.8942799999999993,28.37366666666666,28.13178,76.52223333333335,77.94474,0.1382810477842689,0.1113672868061226,3.203665617122794,3.01471245384174,0.05753976484983,0.0490016061946939,0.0501152790627551,0.0545441687031063
2025,Central,41,0.0857,28.0309,60.9394,3591719.0,10.0,0.0,69.0,0.95,54.0,1107.0,13.0,0.1503458371882655,3.082089662359444,0.0361943682119898,3.4857,0.3,29.6419,28.1208,70.5615,76.7817,0.1113672868061226,0.1503458371882655,3.2741982321000056,3.371644608055363,0.0501152790627551,0.0807412829344389,1.2904666666666669,3.891419999999999,28.59786666666666,27.97738,69.42753333333333,75.30392,0.1373529870608845,0.1252881976568879,3.242644167504938,3.11438617553322,0.0556836434030613,0.0495584426287245,0.0361943682119898,0.032359219786475574
2025,Central,42,0.0,28.7627,47.9379,3591719.0,10.0,0.0,69.0,0.95,80.0,1201.0,18.0,0.2227345736122452,3.343802786353832,0.0501152790627551,0.0857,3.4857,28.0309,29.6419,60.9394,70.5615,0.1503458371882655,0.1113672868061226,3.082089662359444,3.2741982321000056,0.0361943682119898,0.0501152790627551,1.1904666666666668,0.8656999999999992,28.81183333333333,28.38292,59.81293333333334,67.68879999999999,0.1614825658688778,0.1575847108306635,3.233363560271094,3.207377860016332,0.0454749754458334,0.051785788364847,0.0501152790627551,0.05460243007803539
2025,Central,43,0.0,29.8734,33.0091,3591719.0,10.0,0.0,69.0,0.95,56.0,1781.0,30.0,0.1559142015285717,4.95862844504261,0.0835254651045919,0.0,0.0857,28.7627,28.0309,47.9379,60.9394,0.2227345736122452,0.1503458371882655,3.343802786353832,3.082089662359444,0.0501152790627551,0.0361943682119898,0.0285666666666666,0.7742799999999993,28.889,28.88594,47.29546666666666,57.84592,0.1763315374430275,0.1581415472646941,3.794840297918629,3.606072746782251,0.0566117041264456,0.0601383348753062,0.0835254651045919,0.08485067569465152
2024,Chagai,37,0.0,30.5464,10.7302,269192.0,919.0,0.0,44748.0,0.2,39.0,150.0,8.0,1.4487800528990462,5.572230972688639,0.2971856518767273,0.0,0.0333,32.447,32.5017,10.8459,19.2085,9.807126511932005,2.7118190733751373,5.20074890784273,5.795120211596185,0.5943713037534547,0.1114446194537727,0.0111,0.00666,31.8317,32.630399999999995,13.594866666666666,19.162280000000003,4.655908546068729,4.754970430027639,5.522700030709185,4.740111147433803,0.3343338583613182,0.4532081191120092,0.2971856518767273,0.330439502243386
2024,Chagai,38,0.0,31.8839,13.9582,269192.0,919.0,0.0,44748.0,0.2,70.0,157.0,19.0,2.600374453921365,5.832268418080775,0.7058159232072275,0.0,0.0,30.5464,32.447,10.7302,10.8459,1.4487800528990462,9.807126511932005,5.572230972688639,5.20074890784273,0.2971856518767273,0.5943713037534547,0.0,0.00666,31.625766666666667,31.935920000000003,11.844766666666668,15.43978,4.618760339584139,4.925852179856757,5.535082766204049,4.858985408184493,0.5324576262791365,0.3566227822520728,0.7058159232072275,0.734615849556729
2024,Chagai,39,0.0,31.3988,15.7904,269192.0,919.0,0.0,44748.0,0.2,182.0,87.0,0.0,6.760973580195548,3.23189396415941,0.0,0.0,0.0,31.8839,30.5464,13.9582,10.7302,2.600374453921365,1.4487800528990462,5.832268418080775,5.572230972688639,0.7058159232072275,0.2971856518767273,0.0,0.00666,31.276366666666664,31.755560000000003,13.492933333333331,14.10664,3.60337602900532,4.665814734464621,4.878797784976275,5.126452494873548,0.3343338583613183,0.3417634996582365,0.0,0.009658253097620084
2024,Chagai,40,0.0,29.4945,20.7891,269192.0,919.0,0.0,44748.0,0.2,302.0,164.0,15.0,11.21875835834646,6.092305863472912,0.5572230972688639,0.0,0.0,31.3988,31.8839,15.7904,13.9582,6.760973580195548,2.600374453921365,3.23189396415941,5.832268418080775,0.0,0.7058159232072275,0.0,0.0,30.92573333333333,31.15412,16.8459,14.42276,6.860035464154457,6.367202591458884,5.052156081904365,5.185889625248893,0.4210130068253638,0.4309191952212547,0.5572230972688639,0.5869261038572781
2024,Chagai,41,0.0,25.6304,21.6734,269192.0,919.0,0.0,44748.0,0.2,380.0,105.0,20.0,14.11631846414455,3.900561680882047,0.7429641296918185,0.0,0.0,29.4945,31.3988,20.7891,15.7904,11.21875835834646,6.760973580195548,6.092305863472912,3.23189396415941,0.5572230972688639,0.0,0.0,0.0,28.84123333333333,29.7908,19.41763333333333,16.58826,10.698683467562184,7.229040981901394,4.408253836171457,4.925852179856756,0.4333957423202275,0.4606377604089274,0.7429641296918185,0.7692898786947157
2024,Chagai,42,0.0,26.0539,16.4662,269192.0,919.0,0.0,44748.0,0.2,366.0,112.0,13.0,13.596243573360278,4.160599126274184,0.482926684299682,0.0,0.0,25.6304,29.4945,21.6734,20.7891,14.11631846414455,11.21875835834646,3.900561680882047,6.092305863472912,0.7429641296918185,0.5572230972688639,0.0,0.0,27.0596,28.8923,19.6429,17.73546,12.977106798617095,9.65853368599364,4.717822223543048,4.643525810573865,0.5943713037534548,0.4977859668935183,0.482926684299682,0.4921340961667051
2024,Chagai,43,0.0,26.3271,23.3885,269192.0,919.0,0.0,44748.0,0.2,158.0,399.0,0.0,5.869416624565366,14.822134387351776,0.0,0.0,0.0,26.0539,25.6304,16.4662,21.6734,13.596243573360278,14.11631846414455,4.160599126274184,3.900561680882047,0.482926684299682,0.7429641296918185,0.0,0.0,26.0038,27.78094,20.50936666666667,19.62152,11.19399288735673,10.31234212012244,7.627765064836002,6.441499004428067,0.4086302713305001,0.3566227822520728,0.0,0.011897919792936501
2024,Chagai,44,0.0,23.4557,25.6682,269192.0,919.0,0.0,44748.0,0.2,179.0,424.0,0.0,6.649528960741775,15.750839549466551,0.0,0.0,0.0,26.3271,26.0539,23.3885,16.4662,5.869416624565366,13.596243573360278,14.822134387351776,4.160599126274184,0.0,0.482926684299682,0.0,0.0,25.278900000000004,26.19232,21.840966666666663,21.59708,8.70506305288914,10.290053196231684,11.577857687697504,8.945288121489494,0.1609755614332273,0.3566227822520728,0.0,0.009704900180460385
2025,Chagai,37,0.0,32.6863,30.1753,273217.0,919.0,0.0,44748.0,0.2,58.0,160.0,9.0,2.1228547271948672,5.856150971572047,0.3294084921509276,0.0,0.0,32.1182,34.3804,10.1846,24.1779,1.0248264200251085,1.8300471786162649,3.843099075094156,4.209108510817408,0.0,0.0,0.0,0.0,33.06163333333334,33.92044,21.512600000000003,18.42944,1.6592427752787469,1.1346292507420843,4.636119519161204,3.3014051102237416,0.1098028307169759,0.1171230194314409,0.3294084921509276,0.32045904620607535
2025,Chagai,38,0.0,31.5244,13.8046,273217.0,919.0,0.0,44748.0,0.2,62.0,152.0,0.0,2.269258501484168,5.563343422993444,0.0,0.0,0.0,32.6863,32.1182,30.1753,10.1846,2.1228547271948672,1.0248264200251085,5.856150971572047,3.843099075094156,0.3294084921509276,0.0,0.0,0.0,32.109633333333335,33.20032,18.05483333333333,18.964620000000004,1.805646549568048,1.5006386864653376,5.087531156553216,4.165187378530618,0.1098028307169759,0.1171230194314409,0.0,-0.0003038762273625262
2025,Chagai,39,0.0,31.3816,13.8498,273217.0,919.0,0.0,44748.0,0.2,57.0,152.0,0.0,2.0862537836225417,5.563343422993444,0.0,0.0,0.0,31.5244,32.6863,13.8046,30.1753,2.269258501484168,2.1228547271948672,5.563343422993444,5.856150971572047,0.0,0.3294084921509276,0.0,0.0,31.8641,32.41818,19.276566666666668,18.43844,2.1594556707671924,1.8666481221885904,5.660945939186313,5.0070090806940994,0.1098028307169759,0.0658816984301855,0.0,-0.004057442985243798
2025,Chagai,40,0.0,28.0515,12.0817,273217.0,919.0,0.0,44748.0,0.2,37.0,147.0,0.0,1.354234912176036,5.380338705131819,0.0,0.0,0.0,31.3816,31.5244,13.8498,13.8046,2.0862537836225417,2.269258501484168,5.563343422993444,5.563343422993444,0.0,0.0,0.0,0.0,30.319166666666664,31.1524,13.245366666666664,16.0192,1.903249065760916,1.7714856689005445,5.502341850372903,5.241255119556982,0.0,0.0658816984301855,0.0,-0.0016992365121096809
2025,Chagai,41,0.0,22.9003,12.1425,273217.0,919.0,0.0,44748.0,0.2,62.0,169.0,0.0,2.269258501484168,6.185559463722975,0.0,0.0,0.0,28.0515,31.3816,12.0817,13.8498,1.354234912176036,2.0862537836225417,5.380338705131819,5.563343422993444,0.0,0.0,0.0,0.0,27.444466666666667,29.308820000000004,12.691333333333333,16.41078,1.9032490657609156,2.020372085192357,5.709747197282746,5.709747197282747,0.0,0.0658816984301855,0.0,-0.0009814120165390905
2025,Chagai,42,0.0,24.5152,13.8269,273217.0,919.0,0.0,44748.0,0.2,40.0,151.0,0.0,1.4640377428930118,5.526742479421119,0.0,0.0,0.0,22.9003,28.0515,12.1425,12.0817,2.269258501484168,1.354234912176036,6.185559463722975,5.380338705131819,0.0,0.0,0.0,0.0,25.155666666666665,27.6746,12.683699999999996,13.1411,1.695843718851072,1.8886086883319853,5.697546882758638,5.64386549885256,0.0,0.0,0.0,-0.0005791325293227623
2025,Chagai,43,0.0,23.7188,16.7922,273217.0,919.0,0.0,44748.0,0.2,72.0,221.0,0.0,2.6352679372074213,8.08880852948389,0.0,0.0,0.0,24.5152,22.9003,13.8269,12.1425,1.4640377428930118,2.269258501484168,5.526742479421119,6.185559463722975,0.0,0.0,0.0,0.0,23.71143333333333,26.11348,14.253866666666667,13.73862,2.122854727194867,1.961810575476636,6.6003701575426605,6.14895852015065,0.0,0.0,0.0,0.0006262323154763716
2024,Chaman,37,0.0,0.0,0.0,466218.0,1340.0,0.0,1341.0,0.2,54.0,157.0,34.0,1.1582564379753677,3.367523347446902,0.7292725720585648,0.0,0.0,0.0,0.0,0.0,0.0,3.0886838346009804,1.4799943374129698,1.051010471496167,2.402309649134096,0.0,0.9223153117211262,0.0,0.0,0.0,0.0,0.0,0.0,1.9089782033297729,1.6086894971880106,2.2736144893590557,2.556743840864145,0.5505292945932303,0.5405196710551716,0.7292725720585648,0.7613819042367068
2024,Chaman,38,0.0,0.0,0.0,466218.0,1340.0,0.0,1341.0,0.2,93.0,293.0,11.0,1.9947749765131333,6.284613635681162,0.2359411262542416,0.0,0.0,0.0,0.0,0.0,0.0,1.1582564379753677,3.0886838346009804,3.367523347446902,1.051010471496167,0.7292725720585648,0.0,0.0,0.0,0.0,0.0,0.0,0.0,2.0805717496964937,1.8875290100339324,3.567715818208077,3.251697703649365,0.3217378994376021,0.4590127365309791,0.2359411262542416,0.25096122458686854
2024,Chaman,41,0.0,0.0,0.0,466218.0,1340.0,0.0,1341.0,0.2,186.0,51.0,1.0,3.9895499530262666,1.093908858087847,0.0214491932958401,0.0,0.0,0.0,0.0,0.0,0.0,1.9947749765131333,1.1582564379753677,6.284613635681162,3.367523347446902,0.2359411262542416,0.7292725720585648,0.0,0.0,0.0,0.0,0.0,0.0,2.380860455838256,2.342251907905744,3.582015280405304,2.839873192369235,0.3288876305362155,0.3817956406659545,0.0214491932958401,0.026136992615206273
2024,Chaman,42,0.0,0.0,0.0,466218.0,1340.0,0.0,1341.0,0.2,113.0,6.0,7.0,2.4237588424299363,0.1286951597750408,0.150144353070881,0.0,0.0,0.0,0.0,0.0,0.0,3.9895499530262666,1.9947749765131333,1.093908858087847,6.284613635681162,0.0214491932958401,0.2359411262542416,0.0,0.0,0.0,0.0,0.0,0.0,2.8026945906564458,2.531004808909137,2.502405884514684,2.385150294497424,0.1358448908736542,0.2273614489359054,0.150144353070881,0.15347644940856459
2024,Chaman,44,0.0,0.0,0.0,466218.0,1340.0,0.0,1341.0,0.2,0.0,32.0,0.0,0.0,0.6863741854668847,0.0,0.0,0.0,0.0,0.0,0.0,0.0,2.4237588424299363,3.9895499530262666,0.1286951597750408,1.093908858087847,0.150144353070881,0.0214491932958401,0.0,0.0,0.0,0.0,0.0,0.0,2.1377695984854017,1.9132680419889407,0.636326067776591,2.3122230372915675,0.057197848788907,0.2273614489359054,0.0,0.0019378198027839577
2024,Charsadda,37,7.7846,27.3774,74.8148,1835504.0,300.0,2.0,996.0,0.2,280.0,835.0,48.0,1.525466574848107,4.549159249993463,0.2615085556882469,11.8429,6.5556,27.2906,27.5272,79.5389,78.4655,1.5908437137701688,1.209477070058142,4.146000226640748,3.79187405747958,0.2833009353289342,0.2560604607780751,8.727699999999999,8.31662,27.3984,27.780880000000003,77.60640000000001,78.41146,1.4419291195588062,1.4143254386806023,4.162344511371264,3.9291660492159095,0.2669566505984188,0.1961314167661852,0.2615085556882469,0.26492999293783737
2024,Charsadda,38,0.0,27.3311,68.3894,1835504.0,300.0,2.0,996.0,0.2,389.0,908.0,1.0,2.1193089200568345,4.946870178436004,0.0054480949101718,7.7846,11.8429,27.3774,27.2906,74.8148,79.5389,1.525466574848107,1.5908437137701688,4.549159249993463,4.146000226640748,0.2615085556882469,0.2833009353289342,6.5425,6.7109,27.333033333333333,27.52612,74.2477,75.90102,1.7452064028917036,1.612636093410856,4.547343218356738,4.208108508616706,0.1834191953091176,0.1634428473051543,0.0054480949101718,0.008879580069424214
2024,Charsadda,39,7.0857,27.7448,71.6484,1835504.0,300.0,2.0,996.0,0.2,405.0,848.0,3.0,2.2064784386195835,4.619984483825696,0.0163442847305154,0.0,7.7846,27.3311,27.3774,68.3894,74.8148,2.1193089200568345,1.525466574848107,4.946870178436004,4.549159249993463,0.0054480949101718,0.2615085556882469,4.956766666666666,6.65376,27.48443333333333,27.454220000000003,71.61753333333333,74.57140000000001,1.9504179778415085,1.7303149434705674,4.705337970751721,4.410777639275098,0.0944336451096447,0.1645324662871887,0.0163442847305154,0.014095488542810813
2024,Charsadda,40,2.625,25.1886,70.0489,1835504.0,300.0,2.0,996.0,0.2,322.0,727.0,4.0,1.754286561075323,3.9607649996949066,0.0217923796406872,7.0857,0.0,27.7448,27.3311,71.6484,68.3894,2.2064784386195835,2.1193089200568345,4.619984483825696,4.946870178436004,0.0163442847305154,0.0054480949101718,3.2368999999999986,5.86764,26.75483333333333,26.9865,70.02890000000001,72.88808,2.026691306583914,1.8392768416740035,4.509206553985536,4.444555827718164,0.0145282530937915,0.1176788500597111,0.0217923796406872,0.019085139381469052
2024,Charsadda,41,0.4571,22.998,63.4279,1835504.0,300.0,2.0,996.0,0.2,381.0,740.0,2.0,2.07572416077546,4.03159023352714,0.0108961898203436,2.625,7.0857,25.1886,27.7448,70.0489,71.6484,1.754286561075323,2.2064784386195835,3.9607649996949066,4.619984483825696,0.0217923796406872,0.0163442847305154,3.389266666666665,3.5904800000000003,25.310466666666667,26.12798,68.37506666666665,69.66588,2.0121630534901223,1.9362529310750616,4.204113239015914,4.421673829095442,0.0163442847305154,0.063197900957993,0.0108961898203436,0.008716080851338764
2024,Charsadda,42,0.0286,22.9114,66.5207,1835504.0,300.0,2.0,996.0,0.2,362.0,753.0,2.0,1.972210357482196,4.102415467359374,0.0108961898203436,0.4571,2.625,22.998,25.1886,63.4279,70.0489,2.07572416077546,1.754286561075323,4.03159023352714,3.9607649996949066,0.0108961898203436,0.0217923796406872,1.0368999999999988,2.03928,23.69933333333334,25.23478,66.66583333333334,68.00706,1.934073693110993,2.0256016876018794,4.03159023352714,4.332325072568624,0.0145282530937915,0.0130754277844123,0.0108961898203436,0.008715223046974668
2024,Charsadda,43,1.0714,22.5516,67.2261,1835504.0,300.0,2.0,996.0,0.2,407.0,948.0,14.0,2.217374628439927,5.164793974842877,0.0762733287424053,0.0286,0.4571,22.9114,22.998,66.5207,63.4279,1.972210357482196,2.07572416077546,4.102415467359374,4.03159023352714,0.0108961898203436,0.0108961898203436,0.5190333333333321,2.25356,22.82033333333333,24.27888,65.7249,67.77439999999999,2.088436382232528,2.045214829278497,4.43293322524313,4.37590983185,0.0326885694610309,0.027240474550859,0.0762733287424053,0.07918273128853473
2024,Charsadda,44,2.6857,20.6296,77.3409,1835504.0,300.0,2.0,996.0,0.2,309.0,862.0,3.0,1.6834613272430896,4.696257812568101,0.0163442847305154,1.0714,0.0286,22.5516,22.9114,67.2261,66.5207,2.217374628439927,1.972210357482196,5.164793974842877,4.102415467359374,0.0762733287424053,0.0108961898203436,1.261899999999999,1.37356,22.030866666666668,22.85584,70.36256666666667,68.91290000000001,1.957682104388404,1.9406114070031992,4.654489084923451,4.39116449759848,0.0345046010977548,0.027240474550859,0.0163442847305154,0.013270709425569432
2025,Charsadda,37,0.9,28.4757,76.6427,1953624.0,300.0,2.0,996.0,0.2,1651.0,4050.0,242.0,8.45096088090646,20.73070355401039,1.238723521005065,3.1857,15.4429,27.1844,27.4757,78.7252,81.438,2.323886274943387,2.651482578019108,13.10385212302879,13.395617580455603,0.0051186922355581,0.3071215341334873,6.509533333333333,8.02572,27.71193333333333,28.19858,78.9353,79.46268,4.475443244622984,3.73766907040454,15.743391085831597,15.098094618002232,0.5169879157913703,0.4371363169166635,1.238723521005065,1.194657296755731
2025,Charsadda,38,2.9286,27.4001,73.5859,1953624.0,300.0,2.0,996.0,0.2,543.0,2437.0,153.0,2.77944988390806,12.474252978055144,0.7831599120403927,0.9,3.1857,28.4757,27.1844,76.6427,78.7252,8.45096088090646,2.323886274943387,20.73070355401039,13.10385212302879,1.238723521005065,0.0051186922355581,2.338099999999999,7.280019999999999,27.686733333333336,27.86214,76.31793333333333,78.52752000000001,4.518099013252635,3.765310008476554,15.436269551698103,14.642531009037564,0.6756673750936723,0.5323439924980446,0.7831599120403927,0.8322503132250367
2025,Charsadda,39,2.5857,26.6448,71.9088,1953624.0,300.0,2.0,996.0,0.2,571.0,2234.0,37.0,2.922773266503688,11.435158454236843,0.1893916127156505,2.9286,0.9,27.4001,28.4757,73.5859,76.6427,2.77944988390806,8.45096088090646,12.474252978055144,20.73070355401039,0.7831599120403927,1.238723521005065,2.138099999999999,5.00858,27.506866666666667,27.43614,74.0458,76.46012,4.7177280104394015,3.82571057685614,14.88003832876746,14.227916937957357,0.7370916819203696,0.5047030544260307,0.1893916127156505,0.20565033148219392
2025,Charsadda,40,4.0571,24.2412,72.289,1953624.0,300.0,2.0,996.0,0.2,479.0,2188.0,99.0,2.4518535808323403,11.199698611401171,0.506750531320254,2.5857,2.9286,26.6448,27.4001,71.9088,73.5859,2.922773266503688,2.77944988390806,11.435158454236843,12.474252978055144,0.1893916127156505,0.7831599120403927,3.1904666666666657,2.73142,26.095366666666667,26.78924,72.59456666666667,74.63032000000001,2.7180255770813617,3.7857847774187863,11.703036681231051,13.788733144146466,0.4931006853587659,0.5446288538633841,0.506750531320254,0.5424339298577392
2025,Charsadda,41,0.8571,20.187,71.6917,1953624.0,300.0,2.0,996.0,0.2,458.0,1904.0,149.0,2.34436104388562,9.745990016502663,0.7626851430981602,4.0571,2.5857,24.2412,26.6448,72.289,71.9088,2.4518535808323403,2.922773266503688,11.199698611401171,11.435158454236843,0.506750531320254,0.1893916127156505,2.4999666666666656,2.2657,23.691000000000003,25.38976,71.96316666666667,73.22362000000001,2.572995963740549,3.7898797312072334,10.793615694046892,13.117160722841245,0.4862757623780218,0.6961421440359046,0.7626851430981602,0.7693138160446806
2025,Charsadda,42,0.0,22.243,73.7283,1953624.0,300.0,2.0,996.0,0.2,507.0,1956.0,55.0,2.595176963427968,10.012162012751688,0.2815280729556967,0.8571,4.0571,20.187,24.2412,71.6917,72.289,2.34436104388562,2.4518535808323403,9.745990016502663,11.199698611401171,0.7626851430981602,0.506750531320254,1.6380666666666654,2.0857,22.22373333333333,24.14322,72.56966666666666,72.64074000000001,2.463797196048642,2.618722947711535,10.319283546885174,10.973452414589502,0.5169879157913705,0.5047030544260307,0.2815280729556967,0.2969837086007079
2025,Charsadda,43,0.0,20.698,72.5234,1953624.0,300.0,2.0,996.0,0.2,529.0,1930.0,76.0,2.7077881926102463,9.879076014627174,0.3890206099024172,0.0,0.8571,22.243,20.187,73.7283,71.6917,2.595176963427968,2.34436104388562,10.012162012751688,9.745990016502663,0.2815280729556967,0.7626851430981602,0.2856999999999988,1.49998,21.04266666666667,22.8028,72.6478,72.42823999999999,2.549108733307944,2.604390609451972,9.879076014627175,10.454417021903907,0.4777446086520915,0.4258751939984357,0.3890206099024172,0.4165662801867458
2025,Chitral Lower,37,0.0429,23.8431,57.3782,336081.0,1500.0,1.0,6458.0,0.35,20.0,781.0,10.0,0.5950946349243188,23.23844549379465,0.2975473174621594,0.0857,0.1143,23.3449,23.6232,60.9889,64.943,0.8926419523864783,1.10092507460999,23.714521201734108,33.44431848274672,0.1487736587310797,0.3868115127008072,0.0809666666666666,0.32286,23.60373333333333,24.6658,61.103366666666666,61.194500000000005,0.8628872206402622,0.8331324888940465,26.79909505942516,29.516693892246213,0.2777108296313488,0.2558906930174571,0.2975473174621594,0.30328798152632797
2025,Chitral Lower,38,0.4,21.4235,60.5885,336081.0,1500.0,1.0,6458.0,0.35,69.0,680.0,10.0,2.0530764904889,20.23321758742684,0.2975473174621594,0.0429,0.0857,23.8431,23.3449,57.3782,60.9889,0.5950946349243188,0.8926419523864783,23.23844549379465,23.714521201734108,0.2975473174621594,0.1487736587310797,0.1762,0.40286,22.870500000000003,23.70098,59.65186666666667,62.41646000000001,1.1802710259332323,1.0949741282607466,22.3953947609852,26.945885069373155,0.2479560978851328,0.2737435320651866,0.2975473174621594,0.2961416095802657
2025,Chitral Lower,39,0.0143,20.9396,48.9268,336081.0,1500.0,1.0,6458.0,0.35,38.0,694.0,7.0,1.1306798063562058,20.64978383187386,0.2082831222235116,0.4,0.0429,21.4235,23.8431,60.5885,57.3782,2.0530764904889,0.5950946349243188,20.23321758742684,23.23844549379465,0.2975473174621594,0.2975473174621594,0.1524,0.13144,22.06873333333333,22.63486,55.63116666666667,58.56508,1.259616977256475,1.1544835917531786,21.373815637698453,24.25605731951524,0.2677925857159434,0.2677925857159434,0.2082831222235116,0.22583739875571227
2025,Chitral Lower,40,1.1714,18.0577,52.8413,336081.0,1500.0,1.0,6458.0,0.35,34.0,506.0,2.0,1.011660879371342,15.055894263585268,0.0595094634924318,0.0143,0.4,20.9396,21.4235,48.9268,60.5885,1.1306798063562058,2.0530764904889,20.64978383187386,20.23321758742684,0.2082831222235116,0.2975473174621594,0.5285666666666667,0.34286,20.140266666666665,21.52176,54.11886666666667,56.14474,1.3984723920721491,1.1366307527054489,18.64629856096199,20.578372475682947,0.1884466343927009,0.2023321758742683,0.0595094634924318,0.06564703544651518
2025,Chitral Lower,41,0.8143,14.5797,58.9457,336081.0,1500.0,1.0,6458.0,0.35,21.0,475.0,4.0,0.6248493666705348,14.133497579452571,0.1190189269848637,1.1714,0.0143,18.0577,20.9396,52.8413,48.9268,1.011660879371342,1.1306798063562058,15.055894263585268,20.64978383187386,0.0595094634924318,0.2082831222235116,0.6666666666666666,0.4885799999999999,17.858999999999998,19.76872,53.571266666666666,55.7361,0.922396684132694,1.0830722355622602,16.6130585583039,18.66216775122664,0.1289371709002691,0.1963812295250252,0.1190189269848637,0.12435403501405305
2025,Chitral Lower,42,0.3714,18.0666,34.3001,336081.0,1500.0,1.0,6458.0,0.35,14.0,466.0,2.0,0.4165662444470232,13.865704993736628,0.0595094634924318,0.8143,1.1714,14.5797,18.0577,58.9457,52.8413,0.6248493666705348,1.011660879371342,14.133497579452571,15.055894263585268,0.1190189269848637,0.0595094634924318,0.7857,0.55428,16.901333333333334,18.61342,48.6957,51.12048,0.6843588301629665,1.0473665574668012,14.351698945591489,16.78761965121503,0.0793459513232425,0.1487736587310797,0.0595094634924318,0.06235524473911061
2025,Chitral Lower,43,0.4,14.7321,44.6428,336081.0,1500.0,1.0,6458.0,0.35,18.0,563.0,9.0,0.535585171431887,16.751913973119574,0.2677925857159435,0.3714,0.8143,18.0666,14.5797,34.3001,58.9457,0.4165662444470232,0.6248493666705348,13.865704993736628,14.133497579452571,0.0595094634924318,0.1190189269848637,0.5285666666666666,0.55428,15.7928,17.27514,45.96286666666666,47.93134,0.5256669275164815,0.7438682936553984,14.917038848769591,16.091358928353582,0.1487736587310797,0.1428227123818365,0.2677925857159435,0.274997986191937
2024,Chitral Upper,37,0.4,23.109,47.8653,195528.0,2500.0,1.0,8392.0,0.2,4.0,200.0,12.0,0.2045742809214025,10.22871404607013,0.6137228427642077,0.0143,2.6667,24.1137,23.5412,47.5084,62.0616,0.3068614213821038,0.5625792725338571,10.586719037682585,11.660734012519946,1.0740149748373635,0.3580049916124544,1.027,0.77048,23.58796666666667,24.33532,52.47843333333333,55.31948,0.3580049916124544,0.3580049916124544,10.825389032090888,11.650505298473878,0.6819142697380086,0.562579272533857,0.6137228427642077,0.6270502727802654
2024,Chitral Upper,38,0.1857,22.972,41.8387,195528.0,2500.0,1.0,8392.0,0.2,2.0,163.0,2.0,0.1022871404607012,8.336401947547154,0.1022871404607012,0.4,0.0143,23.109,24.1137,47.8653,47.5084,0.2045742809214025,0.3068614213821038,10.22871404607013,10.586719037682585,0.6137228427642077,1.0740149748373635,0.1999999999999999,0.8047600000000001,23.398233333333334,23.52556,45.73746666666667,52.06080000000001,0.2045742809214026,0.2966327073360337,9.717278343766624,11.01632502761753,0.5966749860207575,0.4398347039810155,0.1022871404607012,0.09288679118414739
2024,Chitral Upper,39,3.4143,23.1199,51.2938,195528.0,2500.0,1.0,8392.0,0.2,5.0,177.0,0.0,0.2557178511517531,9.052411930772063,0.0,0.1857,0.4,22.972,23.109,41.8387,47.8653,0.1022871404607012,0.2045742809214025,8.336401947547154,10.22871404607013,0.1022871404607012,0.6137228427642077,1.3333333333333333,1.3362,23.06696666666667,23.371160000000003,46.99926666666667,50.11355999999999,0.1875264241779523,0.2864039932899636,9.205842641463116,9.972996194918377,0.238669994408303,0.4296059899349454,0.0,0.007179464318888107
2024,Chitral Upper,40,1.0625,19.8957,49.8455,195528.0,2500.0,1.0,8392.0,0.2,0.0,146.0,2.0,0.0,7.466961253631194,0.1022871404607012,3.4143,0.1857,23.1199,22.972,51.2938,41.8387,0.2557178511517531,0.1022871404607012,9.052411930772063,8.336401947547154,0.0,0.1022871404607012,1.5541666666666665,1.01536,21.995866666666668,22.642060000000004,47.659333333333336,47.67034,0.1193349972041514,0.1738881387831921,8.285258377316804,9.134241643140625,0.0681914269738009,0.3784624197045947,0.1022871404607012,0.1102715592409369
2024,Chitral Upper,41,1.8286,16.6613,54.0393,195528.0,2500.0,1.0,8392.0,0.2,4.0,121.0,1.0,0.2045742809214025,6.188371997872427,0.0511435702303506,1.0625,3.4143,19.8957,23.1199,49.8455,51.2938,0.0,0.2557178511517531,7.466961253631194,9.052411930772063,0.1022871404607012,0.0,2.1018000000000003,1.37822,19.8923,21.151580000000003,51.7262,48.97652,0.1534307106910519,0.1534307106910519,7.569248394091894,8.254572235178593,0.0511435702303507,0.1738881387831921,0.0511435702303506,0.05984114723031053
2024,Chitral Upper,42,0.0714,17.4187,47.4794,195528.0,2500.0,1.0,8392.0,0.2,2.0,135.0,1.0,0.1022871404607012,6.904381981097337,0.0511435702303506,1.8286,1.0625,16.6613,19.8957,54.0393,49.8455,0.2045742809214025,0.0,6.188371997872427,7.466961253631194,0.0511435702303506,0.1022871404607012,0.9875,1.3125,17.9919,20.013520000000003,50.45473333333333,48.89934,0.1022871404607012,0.1329732825989116,6.853238410866986,7.589705822184035,0.0681914269738009,0.0613722842764207,0.0511435702303506,0.05738623638353088
2024,Chitral Upper,43,2.3857,17.1494,51.1304,195528.0,2500.0,1.0,8392.0,0.2,1.0,130.0,2.0,0.0511435702303506,6.648664129945583,0.1022871404607012,0.0714,1.8286,17.4187,16.6613,47.4794,54.0393,0.1022871404607012,0.2045742809214025,6.904381981097337,6.188371997872427,0.0511435702303506,0.0511435702303506,1.4285666666666668,1.7525,17.076466666666665,18.849,50.88303333333334,50.75768000000001,0.1193349972041514,0.1227445685528415,6.580472702971782,7.252158258663721,0.0681914269738009,0.0613722842764207,0.1022871404607012,0.10632338501096544
2024,Chitral Upper,44,2.2286,16.769,50.316,195528.0,2500.0,1.0,8392.0,0.2,1.0,133.0,0.0,0.0511435702303506,6.802094840636634,0.0,2.3857,0.0714,17.1494,17.4187,51.1304,47.4794,0.0511435702303506,0.1022871404607012,6.648664129945583,6.904381981097337,0.1022871404607012,0.0511435702303506,1.5619000000000005,1.51536,17.11236666666667,17.57882,49.64193333333333,50.56212000000001,0.0681914269738008,0.081829712368561,6.785046983893186,6.802094840636634,0.0511435702303507,0.0613722842764207,0.0,0.008334058879816031
2025,Chitral Upper,37,0.0429,23.8431,57.3782,204308.0,2500.0,1.0,8392.0,0.2,29.0,241.0,12.0,1.419425573154257,11.79591597000607,0.5873485130293479,0.0857,0.1143,23.3449,23.6232,60.9889,64.943,0.6362942224484602,0.3915656753528985,12.87272157722654,14.928441372829258,0.0,0.5873485130293479,0.0809666666666666,0.32286,23.60373333333333,24.6658,61.103366666666666,61.194500000000005,0.8157618236518719,0.6656616480999276,13.199026306687289,14.047418603285236,0.3915656753528987,0.67545078998375,0.5873485130293479,0.5804094381124759
2025,Chitral Upper,38,0.4,21.4235,60.5885,204308.0,2500.0,1.0,8392.0,0.2,10.0,223.0,21.0,0.4894570941911232,10.914893200462048,1.027859897801359,0.0429,0.0857,23.8431,23.3449,57.3782,60.9889,1.419425573154257,0.6362942224484602,11.79591597000607,12.87272157722654,0.5873485130293479,0.0,0.1762,0.40286,22.870500000000003,23.70098,59.65186666666667,62.41646000000001,0.8483922965979468,0.6754507899837501,11.86117691589822,13.489437515907357,0.5384028036102356,0.7146073575190398,1.027859897801359,1.0131997089148526
2025,Chitral Upper,39,0.0143,20.9396,48.9268,204308.0,2500.0,1.0,8392.0,0.2,11.0,203.0,14.0,0.5384028036102355,9.935979012079802,0.6852399318675725,0.4,0.0429,21.4235,23.8431,60.5885,57.3782,0.4894570941911232,1.419425573154257,10.914893200462048,11.79591597000607,1.027859897801359,0.5873485130293479,0.1524,0.13144,22.06873333333333,22.63486,55.63116666666667,58.56508,0.8157618236518719,0.6950290737513949,10.882262727515972,12.089590226520745,0.7668161142327597,0.5775593711455254,0.6852399318675725,0.6888921524388931
2025,Chitral Upper,40,1.1714,18.0577,52.8413,204308.0,2500.0,1.0,8392.0,0.2,9.0,170.0,0.0,0.4405113847720109,8.320770601249095,0.0,0.0143,0.4,20.9396,21.4235,48.9268,60.5885,0.5384028036102355,0.4894570941911232,9.935979012079802,10.914893200462048,0.6852399318675725,1.027859897801359,0.5285666666666667,0.34286,20.140266666666665,21.52176,54.11886666666667,56.14474,0.4894570941911231,0.7048182156352174,9.723880937930316,10.768056072204711,0.5710332765563105,0.4600896685396557,0.0,0.0012737830829313568
2025,Chitral Upper,41,0.8143,14.5797,58.9457,204308.0,2500.0,1.0,8392.0,0.2,6.0,145.0,11.0,0.2936742565146739,7.097127865771287,0.5384028036102355,1.1714,0.0143,18.0577,20.9396,52.8413,48.9268,0.4405113847720109,0.5384028036102355,8.320770601249095,9.935979012079802,0.0,0.6852399318675725,0.6666666666666666,0.4885799999999999,17.858999999999998,19.76872,53.571266666666666,55.7361,0.4241961482989733,0.6362942224484602,8.451292493033394,9.61293732991366,0.4078809118259361,0.567770229261703,0.5384028036102355,0.5434971777712971
2025,Chitral Upper,42,0.3714,18.0666,34.3001,204308.0,2500.0,1.0,8392.0,0.2,8.0,137.0,0.0,0.3915656753528985,6.705562190418388,0.0,0.8143,1.1714,14.5797,18.0577,58.9457,52.8413,0.2936742565146739,0.4405113847720109,7.097127865771287,8.320770601249095,0.5384028036102355,0.0,0.7857,0.55428,16.901333333333334,18.61342,48.6957,51.12048,0.375250438879861,0.4307222428881884,7.3744868858129236,8.594866573996125,0.1794676012034119,0.4503005266558333,0.0,0.009975632392271894
2025,Chitral Upper,43,0.4,14.7321,44.6428,204308.0,2500.0,1.0,8392.0,0.2,6.0,116.0,10.0,0.2936742565146739,5.677702292617029,0.4894570941911232,0.3714,0.8143,18.0666,14.5797,34.3001,58.9457,0.3915656753528985,0.2936742565146739,6.705562190418388,7.097127865771287,0.0,0.5384028036102355,0.5285666666666666,0.55428,15.7928,17.27514,45.96286666666666,47.93134,0.3263047294607487,0.3915656753528985,6.493464116268901,7.547428392427119,0.3426199659337863,0.3426199659337862,0.4894570941911232,0.4824196992320805
2024,D.I. Khan,37,3.1769,29.4296,75.9437,1829811.0,621.2798240791644,0.6690489279824079,6292.451621770203,0.3392935678944475,682.0,1277.0,0.0,3.727160892573058,6.978862844304685,0.0,3.9857,8.4111,29.16,29.0015,79.0966,79.3021,1.858115400989501,1.9346260351478923,6.957002663116573,6.667355262374092,0.0109300905940558,0.0218601811881117,5.191233333333333,6.0576,29.197033333333334,29.33668,78.11413333333333,79.42240000000001,2.5066341095701508,2.314993187821037,6.8677402565984496,6.5657054198493725,0.0109300905940559,0.0633945254455241,0.0,-0.0020156696482540593
2024,D.I. Khan,38,0.0,30.8466,61.5183,1829811.0,621.2798240791644,0.6690489279824079,6292.451621770203,0.3392935678944475,725.0,1211.0,48.0,3.96215784034526,6.618169854700841,0.2623221742573413,3.1769,3.9857,29.4296,29.16,75.9437,79.0966,3.727160892573058,1.858115400989501,6.978862844304685,6.957002663116573,0.0,0.0109300905940558,2.3875333333333333,4.28046,29.812066666666663,29.54382,72.1862,75.52459999999999,3.1824780446359395,2.7423597300486224,6.851345120707365,6.809446440096818,0.091084088283799,0.1136729421781812,0.2623221742573413,0.2860963429475045
2024,D.I. Khan,39,0.9571,30.8347,64.4227,1829811.0,621.2798240791644,0.6690489279824079,6292.451621770203,0.3392935678944475,878.0,1112.0,42.0,4.798309770790535,6.077130370295075,0.2295319024751737,0.0,3.1769,30.8466,29.4296,61.5183,75.9437,3.96215784034526,3.727160892573058,6.618169854700841,6.978862844304685,0.2623221742573413,0.0,1.378,3.30616,30.3703,29.85448,67.2949,72.05668,4.162542834569618,3.2560739879692493,6.558054356433534,6.659704198958254,0.1639513589108383,0.1049288697029365,0.2295319024751737,0.2455534469201622
2024,D.I. Khan,40,0.4125,29.037,65.5048,1829811.0,621.2798240791644,0.6690489279824079,6292.451621770203,0.3392935678944475,879.0,1132.0,23.0,4.803774816087564,6.186431276235633,0.1256960418316427,0.9571,0.0,30.8347,30.8466,64.4227,61.5183,4.798309770790535,3.96215784034526,6.077130370295075,6.618169854700841,0.2295319024751737,0.2623221742573413,0.4565333333333333,1.70644,30.23943333333333,29.86158,63.81526666666667,69.29722000000001,4.521414142407786,3.8299037441571833,6.293910500410516,6.563519401730562,0.2058500395213859,0.1256960418316427,0.1256960418316427,0.13691149065348812
2024,D.I. Khan,41,0.2429,26.8192,59.0749,1829811.0,621.2798240791644,0.6690489279824079,6292.451621770203,0.3392935678944475,908.0,1146.0,44.0,4.962261129701374,6.262941910394024,0.2404619930692295,0.4125,0.9571,29.037,30.8347,65.5048,64.4227,4.803774816087564,4.798309770790535,6.186431276235633,6.077130370295075,0.1256960418316427,0.2295319024751737,0.5375,0.95788,28.896966666666668,29.393420000000003,63.0008,65.29288,4.854781905526491,4.450732889899558,6.1755011856415765,6.424707251186052,0.198563312458682,0.1716024223266774,0.2404619930692295,0.2676844585982164
2024,D.I. Khan,42,0.0,26.5204,55.8162,1829811.0,621.2798240791644,0.6690489279824079,6292.451621770203,0.3392935678944475,707.0,1247.0,13.0,3.863787024998756,6.814911485393846,0.0710455888613632,0.2429,0.4125,26.8192,29.037,59.0749,65.5048,4.962261129701374,4.803774816087564,6.262941910394024,6.186431276235633,0.2404619930692295,0.1256960418316427,0.2184666666666666,0.3224999999999999,27.458866666666665,28.81158,60.13196666666667,61.26738,4.543274323595898,4.478058116384697,6.421428224007834,6.391916979403884,0.1457345412540785,0.1858115400989501,0.0710455888613632,0.07689704209790382
2024,D.I. Khan,43,0.0143,26.5788,61.0922,1829811.0,621.2798240791644,0.6690489279824079,6292.451621770203,0.3392935678944475,708.0,1012.0,57.0,3.8692520702957847,5.53062584059228,0.3115075819305928,0.0,0.2429,26.5204,26.8192,55.8162,59.0749,3.863787024998756,4.962261129701374,6.814911485393846,6.262941910394024,0.0710455888613632,0.2404619930692295,0.0857333333333333,0.32536,26.639466666666664,27.95802,58.6611,61.18216,4.231766741665305,4.4594769623748025,6.202826412126716,6.174408176582172,0.2076717212870619,0.1956486216336004,0.3115075819305928,0.34721980642591005
2024,D.I. Khan,44,0.0,24.1249,70.4093,1829811.0,621.2798240791644,0.6690489279824079,6292.451621770203,0.3392935678944475,611.0,902.0,32.0,3.339142676484074,4.929470857919205,0.1748814495048942,0.0143,0.0,26.5788,26.5204,61.0922,55.8162,3.8692520702957847,3.863787024998756,5.53062584059228,6.814911485393846,0.3115075819305928,0.0710455888613632,0.0047666666666666,0.13394,25.741366666666664,26.61606,62.43923333333333,62.37948,3.6907272572595375,4.167643543513511,5.758336061301777,5.944876274106997,0.1858115400989501,0.1847185310395445,0.1748814495048942,0.18662010994501949
2025,D.I. Khan,37,2.1,30.4999,71.0754,2050338.0,621.2798240791644,0.6690489279824079,6292.451621770203,0.3392935678944475,0.0,2011.0,3.0,0.0,9.808138950748608,0.0146317338897294,1.3857,11.2571,29.5198,30.3758,70.8674,74.439,2.365463645506253,3.443334708716318,7.57436091024992,9.75936650444951,0.0,0.0,4.914266666666666,2.99428,30.131833333333333,31.64418,72.12726666666667,66.29472,1.9362661180741905,3.0785168103990657,9.04728878848268,9.518430619731966,0.0048772446299098,0.0136562849637474,0.0146317338897294,0.011378220425774493
2025,D.I. Khan,38,0.7286,31.7109,62.8198,2050338.0,621.2798240791644,0.6690489279824079,6292.451621770203,0.3392935678944475,997.0,2098.0,0.0,4.862612896020071,10.23245923355076,0.0,2.1,1.3857,30.4999,29.5198,71.0754,70.8674,0.0,2.365463645506253,9.808138950748608,7.57436091024992,0.0146317338897294,0.0,1.4047666666666665,3.11142,30.57686666666667,31.14024,68.25420000000001,67.51122000000001,2.409358847175441,3.031695261951932,9.204986364849765,9.449173745987247,0.0048772446299098,0.0087790403338376,0.0,0.0009464876976733039
2025,D.I. Khan,39,0.0,30.1201,67.2962,2050338.0,621.2798240791644,0.6690489279824079,6292.451621770203,0.3392935678944475,1466.0,2251.0,0.0,7.150040627447767,10.97867766192696,0.0,0.7286,2.1,31.7109,30.4999,62.8198,71.0754,4.862612896020071,0.0,10.23245923355076,9.808138950748608,0.0,0.0146317338897294,0.9428666666666669,3.09428,30.776966666666667,30.445300000000003,67.0638,69.29956,4.0042178411559455,3.564290375538082,10.339758615408776,9.670600652185152,0.0048772446299098,0.0029263467779458,0.0,-4.966278343732089e-06
2025,D.I. Khan,40,1.0286,28.6743,62.2313,2050338.0,621.2798240791644,0.6690489279824079,6292.451621770203,0.3392935678944475,1347.0,2028.0,0.0,6.569648516488501,9.891052109457076,0.0,0.0,0.7286,30.1201,31.7109,67.2962,62.8198,7.150040627447767,4.862612896020071,10.97867766192696,10.23245923355076,0.0,0.0,0.5857333333333333,1.04858,30.168433333333336,30.105,64.11576666666666,66.85802000000001,6.194100679985446,4.189553137092519,10.367396334978263,9.696937773186663,0.0,0.0029263467779458,0.0,-0.0021045714898887957
2025,D.I. Khan,41,0.7286,23.4939,65.5083,2050338.0,621.2798240791644,0.6690489279824079,6292.451621770203,0.3392935678944475,1048.0,1898.0,0.0,5.111352372145471,9.257010307568802,0.0,1.0286,0.0,28.6743,30.1201,62.2313,67.2962,6.569648516488501,7.150040627447767,9.891052109457076,10.97867766192696,0.0,0.0,0.5857333333333333,0.91716,27.42943333333333,28.89982,65.01193333333333,65.78620000000001,6.277013838693914,4.738730882420362,10.042246692984278,10.03346765265044,0.0,0.0029263467779458,0.0,-0.0028152311439900157
2025,D.I. Khan,42,0.0,24.9347,63.8934,2050338.0,621.2798240791644,0.6690489279824079,6292.451621770203,0.3392935678944475,905.0,2077.0,0.0,4.4139063900683695,10.130037096322654,0.0,0.7286,1.0286,23.4939,28.6743,65.5083,62.2313,5.111352372145471,6.569648516488501,9.257010307568802,9.891052109457076,0.0,0.0,0.5857333333333333,0.49716,25.70096666666667,27.78678,63.87766666666667,64.3498,5.36496909290078,5.621512160434036,9.75936650444951,10.097847281765253,0.0,0.0,0.0,-0.0015275713089034082
2025,D.I. Khan,43,0.0,24.1582,62.0206,2050338.0,621.2798240791644,0.6690489279824079,6292.451621770203,0.3392935678944475,881.0,2061.0,0.0,4.2968525189505336,10.052001182244098,0.0,0.0,0.7286,24.9347,23.4939,63.8934,65.5083,4.4139063900683695,5.111352372145471,10.130037096322654,9.257010307568802,0.0,0.0,0.2428666666666666,0.35144,24.1956,26.27624,63.807433333333336,64.18996000000001,4.607370427054791,5.508360085020128,9.813016195378518,10.061755671503915,0.0,0.0,0.0,-0.0024070805317880084
2024,Dadu,37,0.0538,30.7894,68.1542,1742320.0,40.0,2.0,19070.0,0.35,5078.0,4195.0,131.0,29.14504798200101,24.07709261214932,0.7518710684604435,0.1,12.4778,30.5792,29.1878,72.3164,78.8469,31.635979613389043,25.661187382340785,24.04265576931907,22.401166261077183,0.7518710684604435,0.6485605399696955,4.210533333333335,10.98632,30.185466666666667,30.41048,73.10583333333334,74.05928,28.814071659243613,26.498002663115848,23.506971547515192,21.63552045548464,0.7174342256301941,0.6956242251710363,0.7518710684604435,0.7348907422591575
2024,Dadu,38,0.0,31.5099,60.9457,1742320.0,40.0,2.0,19070.0,0.35,5117.0,3777.0,129.0,29.36888746039763,21.677992561641947,0.7403921208503604,0.0538,0.1,30.7894,30.5792,68.1542,72.3164,29.14504798200101,31.635979613389043,24.07709261214932,24.04265576931907,0.7518710684604435,0.7518710684604435,0.0512666666666678,6.60918,30.9595,30.43078,67.13876666666667,71.73884000000001,30.04997168526256,27.544882685155425,23.26591364770345,22.33917994398273,0.7480447525904159,0.7128426465861609,0.7403921208503604,0.7297094875673953
2024,Dadu,39,0.0,32.4816,59.5207,1742320.0,40.0,2.0,19070.0,0.35,6045.0,3283.0,129.0,34.69511915147619,18.842692501951426,0.7403921208503604,0.0,0.0538,31.5099,30.7894,60.9457,68.1542,29.36888746039763,29.14504798200101,21.677992561641947,24.07709261214932,0.7403921208503604,0.7518710684604435,0.0179333333333345,2.526320000000001,31.593633333333333,30.90958,62.87353333333333,67.95678000000001,31.069684864624943,30.10124431792093,21.532592558580895,22.20831994122779,0.7442184367203882,0.7266173837182607,0.7403921208503604,0.7315717206316525
2024,Dadu,40,0.0,31.1585,61.493,1742320.0,40.0,2.0,19070.0,0.35,5338.0,2810.0,127.0,30.63731117131181,16.127921392166765,0.7289131732402774,0.0,0.0,32.4816,31.5099,59.5207,60.9457,34.69511915147619,29.36888746039763,18.842692501951426,21.677992561641947,0.7403921208503604,0.7403921208503604,0.0,0.0307600000000007,31.71666666666667,31.30372,60.65313333333334,64.486,31.567105927728544,31.09646907571513,18.88286881858671,20.953670967445703,0.7365658049803328,0.742687910372377,0.7289131732402774,0.717568165333477
2024,Dadu,41,0.0,28.7855,57.8971,1742320.0,40.0,2.0,19070.0,0.35,5980.0,2792.0,141.0,34.322053354148494,16.024610863676017,0.8092658065108591,0.0,0.0,31.1585,32.4816,61.493,59.5207,30.63731117131181,34.69511915147619,16.127921392166765,18.842692501951426,0.7289131732402774,0.7403921208503604,0.0,0.0107600000000007,30.808533333333333,30.94498,59.63693333333333,61.602140000000006,33.2181612256455,31.633683823867027,16.998408252598068,19.35006198631709,0.759523700200499,0.7541668579824601,0.8092658065108591,0.7600494708638946
2024,Dadu,42,0.0,28.3539,56.7239,1742320.0,40.0,2.0,19070.0,0.35,5151.0,2446.0,128.0,29.564029569769044,14.03875292713164,0.7346526470453189,0.0,0.0,28.7855,31.1585,57.8971,61.493,34.322053354148494,30.63731117131181,16.024610863676017,16.127921392166765,0.8092658065108591,0.7289131732402774,0.0,0.0,29.43263333333333,30.45788,58.70466666666667,59.31608,31.50779803174312,31.717480141420637,15.397095060991475,17.34239404931356,0.7576105422654852,0.7507231736994353,0.7346526470453189,0.7105672755573
2024,Dadu,43,0.0,28.5995,52.0537,1742320.0,40.0,2.0,19070.0,0.35,5357.0,2184.0,117.0,30.746361173607603,12.535010790210755,0.6715184351898618,0.0,0.0,28.3539,28.7855,56.7239,57.8971,29.564029569769044,34.322053354148494,14.03875292713164,16.024610863676017,0.7346526470453189,0.8092658065108591,0.0,0.0,28.579633333333334,29.8758,55.55823333333333,57.53768,31.544148032508375,31.99297488406263,14.199458193672804,15.513797695027318,0.7384789629153466,0.7369484365673354,0.6715184351898618,0.6580576050512763
2024,Dadu,44,0.0,27.8617,57.4011,1742320.0,40.0,2.0,19070.0,0.35,4027.0,1822.0,94.0,23.112861012902336,10.45732127278571,0.539510537673906,0.0,0.0,28.5995,28.3539,52.0537,56.7239,30.746361173607603,29.564029569769044,12.535010790210755,14.03875292713164,0.6715184351898618,0.7346526470453189,0.0,0.0,28.2717,28.95182,55.3929,57.11376,27.80775058542633,29.67652325634786,12.343694996709369,13.836723449194176,0.6485605399696955,0.6967721199320447,0.539510537673906,0.5536105673699822
2025,Dadu,40,0.0143,30.7096,62.2434,1873835.0,40.0,2.0,19070.0,0.35,4005.0,2501.0,125.0,21.37327993126396,13.346959577550852,0.667081146418975,0.0,0.0,30.406,30.8013,65.3632,68.0975,19.846998268257344,21.47467626551964,13.528405649376811,14.003367425627124,2.145332966883424,2.7163544282180663,0.0047666666666678,3.82,30.638966666666665,30.68994,65.23470000000002,65.80596,20.89831815501365,19.649542248917324,13.626244217518265,13.508126382525678,1.8429228471734884,2.056744590638984,0.667081146418975,0.7488706137894351
2025,Dadu,43,0.0,25.7739,50.1149,1873835.0,40.0,2.0,19070.0,0.35,5850.0,2499.0,372.0,31.219397652408027,13.33628627920815,1.9852334917428696,0.0,0.0,26.5194,26.759,45.6395,53.5925,27.344990354006622,31.347477232520475,13.443019262635184,18.096577340053955,2.7110177790467143,2.25206595031046,0.0,0.0028600000000007,26.35076666666667,28.03358,49.7823,55.3907,29.97062174631171,26.22642868769129,14.958627627299096,14.350249621764991,2.316105740366681,1.9521462668804888,1.9852334917428696,1.9219255350649407
2024,Dera Bugti,37,0.7077,28.443,73.907,355274.0,250.0,0.0,10160.0,0.2,194.0,87.0,16.0,5.460574092109189,2.44881415470876,0.4503566261533351,1.3,6.3889,28.2413,27.5569,79.121,79.1927,2.1110466850937586,5.573163248647522,2.702139756920011,2.2799304199012598,0.6755349392300027,0.0,2.7988666666666666,4.75932,28.0804,28.07814,77.4069,80.16954,4.38159467528349,3.754848370553432,2.476961443843343,2.724657588227678,0.3752971884611126,0.3321380117880846,0.4503566261533351,0.4633122578540257
2024,Dera Bugti,38,0.1,29.7237,61.2866,355274.0,250.0,0.0,10160.0,0.2,194.0,75.0,0.0,5.460574092109189,2.1110466850937586,0.0,0.7077,1.3,28.443,28.2413,73.907,79.121,5.460574092109189,2.1110466850937586,2.44881415470876,2.702139756920011,0.4503566261533351,0.6755349392300027,0.7025666666666667,2.30504,28.802666666666667,28.3104,71.4382,75.90348,4.3440649564373786,3.9687677679762654,2.420666865574176,2.702139756920011,0.3752971884611126,0.2251783130766676,0.0,0.007066794914498881
2024,Dera Bugti,39,0.7143,31.4722,53.7622,355274.0,250.0,0.0,10160.0,0.2,61.0,154.0,0.0,1.7169846372095905,4.334682526725851,0.0,0.1,0.7077,29.7237,28.443,61.2866,73.907,5.460574092109189,5.460574092109189,2.1110466850937586,2.44881415470876,0.0,0.4503566261533351,0.5073333333333333,1.84218,29.87963333333333,29.08742,62.98526666666667,69.4539,4.21271094047599,4.064468551033849,2.964847788842789,2.775322708669928,0.150118875384445,0.2251783130766676,0.0,-0.0028475923313201756
2024,Dera Bugti,40,0.1125,29.4627,52.397,355274.0,250.0,0.0,10160.0,0.2,0.0,18.0,0.0,0.0,0.506651204422502,0.0,0.7143,0.1,31.4722,29.7237,53.7622,61.2866,1.7169846372095905,5.460574092109189,4.334682526725851,2.1110466850937586,0.0,0.0,0.3089333333333333,0.5869,30.21953333333333,29.46858,55.815266666666666,64.09476,2.392519576439593,2.9498359013043456,2.3174601387473706,2.4206668655741765,0.0,0.2251783130766676,0.0,0.0050889680793173575
2024,Dera Bugti,41,0.1429,27.3437,45.7255,355274.0,250.0,0.0,10160.0,0.2,45.0,182.0,0.0,1.266628011056255,5.122806622494188,0.0,0.1125,0.7143,29.4627,31.4722,52.397,53.7622,0.0,1.7169846372095905,0.506651204422502,4.334682526725851,0.0,0.0,0.3232333333333333,0.35548,29.4262,29.28906,50.62823333333333,57.41566,0.9945375494219484,2.780952166496845,3.3213801178808477,2.904800238689012,0.0,0.090071325230667,0.0,0.0005361899920775792
2024,Dera Bugti,42,0.0,28.2294,35.6675,355274.0,250.0,0.0,10160.0,0.2,55.0,189.0,0.0,1.5481009024020895,5.319837646436271,0.0,0.1429,0.1125,27.3437,29.4627,45.7255,52.397,1.266628011056255,0.0,5.122806622494188,0.506651204422502,0.0,0.0,0.0851333333333333,0.21394,28.345266666666664,29.24634,44.59666666666666,49.76776,0.9382429711527815,1.9984575285554247,3.6497651577843206,3.4790049370345137,0.0,0.0,0.0,0.0013766110550115507
2024,Dera Bugti,43,0.0,28.7874,33.5805,355274.0,250.0,0.0,10160.0,0.2,166.0,48.0,0.0,4.672449996340853,1.3510698784600057,0.0,0.0,0.1429,28.2294,27.3437,35.6675,45.7255,1.5481009024020895,1.266628011056255,5.319837646436271,5.122806622494188,0.0,0.0,0.0476333333333333,0.19394,28.120166666666663,29.05908,38.3245,44.22654,2.4957263032663994,1.8408327094017576,3.9312380491301546,3.327009575707764,0.0,0.0,0.0,0.002114351800017067
2024,Dera Bugti,44,0.0,26.2124,48.1397,355274.0,250.0,0.0,10160.0,0.2,175.0,59.0,0.0,4.925775598552104,1.6606900589404234,0.0,0.0,0.0,28.7874,28.2294,33.5805,35.6675,4.672449996340853,1.5481009024020895,1.3510698784600057,5.319837646436271,0.0,0.0,0.0,0.05108,27.743066666666664,28.00712,39.12923333333333,43.10204,3.715442165765016,2.4825909016702603,2.7771991946122334,2.792211082150678,0.0,0.0,0.0,0.0025954449004353675
2025,Dera Bugti,37,0.4,28.1443,71.6208,378394.0,250.0,0.0,10160.0,0.2,103.0,84.0,4.0,2.722030476170341,2.219908349498142,0.1057099214046734,0.7429,1.5857,29.4309,30.6142,67.7814,67.9367,2.616320554765667,2.801312917223846,2.9863052796820244,2.6691755154680044,0.0,0.0,0.9095333333333334,0.6857200000000001,29.39646666666667,30.33754,69.11296666666668,66.34642,2.7132213160532843,2.309761782692114,2.6251297148827235,2.2939052944814136,0.0352366404682244,0.0264274803511683,0.1057099214046734,0.10166747848300928
2025,Dera Bugti,38,0.1571,29.7452,62.5358,378394.0,250.0,0.0,10160.0,0.2,82.0,85.0,0.0,2.167053388795805,2.2463358298493104,0.0,0.4,0.7429,28.1443,29.4309,71.6208,67.7814,2.722030476170341,2.616320554765667,2.219908349498142,2.9863052796820244,0.1057099214046734,0.0,0.4333333333333334,0.67714,29.106800000000003,29.856780000000004,67.31266666666667,66.15932000000001,2.5018014732439373,2.3731877355349185,2.484183153009825,2.352045751253984,0.0352366404682244,0.0264274803511683,0.0,0.0012262202382776755
2025,Dera Bugti,39,0.0,29.6609,56.155,378394.0,250.0,0.0,10160.0,0.2,68.0,81.0,0.0,1.7970686638794482,2.1406259084446373,0.0,0.1571,0.4,29.7452,28.1443,62.5358,71.6208,2.167053388795805,2.722030476170341,2.2463358298493104,2.219908349498142,0.0,0.1057099214046734,0.1857000000000001,0.57714,29.183466666666664,29.5191,63.43720000000001,65.20594,2.228717509615198,2.4207572001670217,2.202290029264029,2.452470176588424,0.0352366404682244,0.0211419842809346,0.0,0.00014867816941327439
2025,Dera Bugti,40,1.0857,29.7752,46.5951,378394.0,250.0,0.0,10160.0,0.2,79.0,86.0,0.0,2.0877709477423005,2.272763310200479,0.0,0.0,0.1571,29.6609,29.7452,56.155,62.5358,1.7970686638794482,2.167053388795805,2.1406259084446373,2.2463358298493104,0.0,0.0,0.4142666666666668,0.47714,29.7271,29.3513,55.0953,60.93762,2.017297666805851,2.278048806270712,2.219908349498142,2.373187735534919,0.0,0.0211419842809346,0.0,0.0010930246193384396
2025,Dera Bugti,41,0.0,24.024,52.9749,378394.0,250.0,0.0,10160.0,0.2,50.0,42.0,0.0,1.321374017558418,1.109954174749071,0.0,1.0857,0.0,29.7752,29.6609,46.5951,56.155,2.0877709477423005,1.7970686638794482,2.272763310200479,2.1406259084446373,0.0,0.0,0.3619000000000001,0.32856,27.82003333333334,28.269920000000003,51.90833333333334,57.97632000000001,1.735404543060055,2.0190594988292627,1.841114464464729,1.997917514548328,0.0,0.0211419842809346,0.0,0.005493663617025357
2025,Dera Bugti,42,0.0,25.66,37.7323,378394.0,250.0,0.0,10160.0,0.2,43.0,32.0,0.0,1.1363816551002397,0.8456793712373875,0.0,0.0,1.0857,24.024,29.7752,52.9749,46.5951,1.321374017558418,2.0877709477423005,1.109954174749071,2.272763310200479,0.0,0.0,0.3619000000000001,0.24856,26.486400000000003,27.77306,45.76743333333334,51.19862,1.5151755401336524,1.7019297346152424,1.4094656187289791,1.7230717188961768,0.0,0.0,0.0,0.0010977151072840419
2025,Dera Bugti,43,0.0,25.2309,40.4825,378394.0,250.0,0.0,10160.0,0.2,45.0,41.0,0.0,1.1892366158025762,1.0835266943979027,0.0,0.0,0.0,25.66,24.024,37.7323,52.9749,1.1363816551002397,1.321374017558418,0.8456793712373875,1.109954174749071,0.0,0.0,0.0,0.21714,24.971633333333333,26.8702,43.72990000000001,46.78796,1.2156640961537442,1.5063663800165965,1.0130534134614535,1.4905098918058954,0.0,0.0,0.0,0.0002526039167272953
2025,Dir Lower,37,1.1,29.6405,70.8798,1734809.0,800.0,1.0,1583.0,0.35,1.0,2021.0,30.0,0.0057643233347302,11.649697459489776,0.1729297000419066,1.4571,21.3286,28.0726,28.0789,74.2379,79.6271,1.2739154569753788,1.0548711702556304,10.934921365983229,11.70734069283708,0.0,0.0,7.9619,7.562840000000001,28.59733333333333,29.1365,74.91493333333334,75.92626,0.7781836501885798,0.7643492741852274,11.430653172770027,11.89641049821623,0.0576432333473022,0.1210507900293346,0.1729297000419066,0.18477805310995263
2025,Dir Lower,38,1.4857,28.9863,67.921,1734809.0,800.0,1.0,1583.0,0.35,245.0,1741.0,33.0,1.412259217008904,10.035686925765315,0.1902226700460972,1.1,1.4571,29.6405,28.0726,70.8798,74.2379,0.0057643233347302,1.2739154569753788,11.649697459489776,10.934921365983229,0.1729297000419066,0.0,1.3476,6.788560000000001,28.8998,28.93596,71.0129,74.44968,0.8973129991063377,0.9269031922246196,10.873435250412774,11.06634793801508,0.1210507900293346,0.1152864666946044,0.1902226700460972,0.1928792921861489
2025,Dir Lower,39,0.5857,28.6375,61.6696,1734809.0,800.0,1.0,1583.0,0.35,202.0,1827.0,6.0,1.164393313615505,10.531418732552115,0.0345859400083813,1.4857,1.1,28.9863,29.6405,67.921,70.8798,1.412259217008904,0.0057643233347302,10.035686925765315,11.649697459489776,0.1902226700460972,0.1729297000419066,1.0571333333333337,5.19142,29.0881,28.68316,66.82346666666666,70.86708,0.8608056179863798,0.9822406962380296,10.7389343726024,10.971813035325502,0.132579436698795,0.079547662019277,0.0345859400083813,0.0400269615587438
2025,Dir Lower,40,3.4714,25.6744,69.3319,1734809.0,800.0,1.0,1583.0,0.35,157.0,1628.0,22.0,0.9049987635526446,9.3843183889408,0.1268151133640648,0.5857,1.4857,28.6375,28.9863,61.6696,67.921,1.164393313615505,1.412259217008904,10.531418732552115,10.035686925765315,0.0345859400083813,0.1902226700460972,1.8476,1.61998,27.766066666666664,28.202260000000003,66.3075,68.80804,1.1605504313923511,0.9522662148974324,9.983808015752745,10.507208574546246,0.1172079078061811,0.10491068469209,0.1268151133640648,0.1299567538545495
2025,Dir Lower,41,1.8714,21.5185,60.7246,1734809.0,800.0,1.0,1583.0,0.35,117.0,1765.0,27.0,0.6744258301634358,10.17403068579884,0.1556367300377159,3.4714,0.5857,25.6744,28.6375,69.3319,61.6696,0.9049987635526446,1.164393313615505,9.3843183889408,10.531418732552115,0.1268151133640648,0.0345859400083813,1.9761666666666668,1.7028399999999997,25.2768,26.89144,63.9087,66.10538000000001,0.9146059691105284,0.8323682895350439,10.029922602430586,10.355030438509369,0.1056792611367207,0.1360380306996332,0.1556367300377159,0.16579362492126032
2025,Dir Lower,42,0.0,23.8717,63.51,1734809.0,800.0,1.0,1583.0,0.35,168.0,1695.0,25.0,0.9684063202346772,9.770528052367723,0.1441080833682555,1.8714,3.4714,21.5185,25.6744,60.7246,69.3319,0.6744258301634358,0.9049987635526446,10.17403068579884,9.3843183889408,0.1556367300377159,0.1268151133640648,1.7809333333333337,1.48284,23.6882,25.73768,64.52216666666665,64.63142,0.8492769713169191,1.0248966889150333,9.776292375702454,9.979196557084958,0.1421866422566788,0.130273707364903,0.1441080833682555,0.15705166800195028
2025,Dir Lower,43,0.0,22.7101,54.9922,1734809.0,800.0,1.0,1583.0,0.35,157.0,1800.0,5.0,0.9049987635526446,10.375782002514397,0.0288216166736511,0.0,1.8714,23.8717,21.5185,63.51,60.7246,0.9684063202346772,0.6744258301634358,9.770528052367723,10.17403068579884,0.1441080833682555,0.1556367300377159,0.6238,1.1857,22.700100000000003,24.48244,59.74226666666666,62.04566,0.8492769713169191,0.9234445982237812,10.106780246893656,10.047215572434776,0.1095221433598742,0.0979934966904137,0.0288216166736511,0.03232140167113981
2025,Dir Upper,37,0.2286,21.7979,69.328,1143644.0,1200.0,1.0,3699.0,0.35,32.0,2233.0,8.0,0.2798073526377089,19.525306826250127,0.0699518381594272,3.5286,4.0429,21.008,21.9928,73.6706,72.2894,0.1136717370090692,0.1136717370090692,15.642979808401916,19.44661100832077,0.0174879595398568,0.0,2.6000333333333336,3.722879999999999,21.599566666666664,22.38212,71.76266666666665,73.3726,0.1690502755519491,0.1521452479967542,18.204965880990937,20.039452836721917,0.0291465992330946,0.0699518381594272,0.0699518381594272,0.07750324520320723
2025,Dir Upper,38,0.3143,20.0024,66.9182,1143644.0,1200.0,1.0,3699.0,0.35,25.0,1636.0,17.0,0.2185994942482101,14.30515090360287,0.1486476560887828,0.2286,3.5286,21.7979,21.008,69.328,73.6706,0.2798073526377089,0.1136717370090692,19.525306826250127,15.642979808401916,0.0699518381594272,0.0174879595398568,1.3571666666666669,3.6686,20.9361,21.71534,69.97226666666666,72.5194,0.2040261946316628,0.174879595398568,16.49114584608497,18.58445460300583,0.0786958179293556,0.0786958179293556,0.1486476560887828,0.1546098440939569
2025,Dir Upper,39,0.0286,19.4827,56.7326,1143644.0,1200.0,1.0,3699.0,0.35,21.0,1595.0,11.0,0.1836235751684965,13.946647733035803,0.0961837774692124,0.3143,0.2286,20.0024,21.7979,66.9182,69.328,0.2185994942482101,0.2798073526377089,14.30515090360287,19.525306826250127,0.1486476560887828,0.0699518381594272,0.1905,1.6285999999999998,20.427666666666667,20.85676,64.32626666666665,67.78776,0.2273434740181385,0.1818747792145108,15.925701820962932,16.5733392559223,0.1049277572391408,0.0664542462514558,0.0961837774692124,0.10116401059123736
2025,Dir Upper,40,0.8143,17.1899,59.925,1143644.0,1200.0,1.0,3699.0,0.35,15.0,1507.0,0.0,0.131159696548926,13.177177513282103,0.0,0.0286,0.3143,19.4827,20.0024,56.7326,66.9182,0.1836235751684965,0.2185994942482101,13.946647733035803,14.30515090360287,0.0961837774692124,0.1486476560887828,0.3857333333333333,0.9828799999999996,18.89166666666667,19.89618,61.19193333333333,65.31488,0.1777942553218775,0.1853723711224821,13.80965871664026,15.319452556914564,0.0816104778526651,0.0664542462514558,0.0,-0.0035419119673692767
2025,Dir Upper,41,2.4143,13.597,60.223,1143644.0,1200.0,1.0,3699.0,0.35,18.0,1190.0,13.0,0.1573916358587112,10.4053359262148,0.1136717370090692,0.8143,0.0286,17.1899,19.4827,59.925,56.7326,0.131159696548926,0.1836235751684965,13.177177513282103,13.946647733035803,0.0,0.0961837774692124,1.0857333333333334,0.7600199999999997,16.756533333333334,18.41398,58.96019999999999,62.62536,0.1573916358587112,0.1941163508924105,12.509720390844237,14.271923780477142,0.0699518381594272,0.0856910017452983,0.1136717370090692,0.11367385626581764
2025,Dir Upper,42,0.0,15.6369,48.526,1143644.0,1200.0,1.0,3699.0,0.35,21.0,1087.0,2.0,0.1836235751684965,9.504706009912177,0.0174879595398568,2.4143,0.8143,13.597,17.1899,60.223,59.925,0.1573916358587112,0.131159696548926,10.4053359262148,13.177177513282103,0.1136717370090692,0.0,1.0762,0.7142999999999996,15.4746,17.18178,56.22466666666666,58.46496,0.1573916358587112,0.1748795953985681,11.029073149803024,12.267803617209552,0.043719898849642,0.0751982260213842,0.0174879595398568,0.019959036312060557
2025,Dir Upper,43,0.0,13.8741,49.0982,1143644.0,1200.0,1.0,3699.0,0.35,21.0,937.0,1.0,0.1836235751684965,8.193109044422915,0.0087439797699284,0.0,2.4143,15.6369,13.597,48.526,60.223,0.1836235751684965,0.1573916358587112,9.504706009912177,10.4053359262148,0.0174879595398568,0.1136717370090692,0.8047666666666666,0.6514399999999997,14.369333333333335,15.95612,52.61573333333333,54.90096,0.1748795953985681,0.1678844115826253,9.367716993516629,11.04539524537356,0.0466345587729515,0.0472174907576133,0.0087439797699284,0.00932704225968875
2024,Duki,39,0.0,0.0,0.0,205044.0,1100.0,0.0,4233.0,0.2,31.0,38.0,7.0,1.5118706228906966,1.8532607635434344,0.3413901406527379,0.0,0.0,0.0,0.0,0.0,0.0,1.560640642983945,3.657751506993621,3.9503716275531104,1.9995708238231795,0.536470221025731,0.4877002009324827,0.0,0.0,0.0,0.0,0.0,0.0,2.243420924289421,1.9995708238231795,2.601067738306575,3.238329334191685,0.4551868542036505,0.5267162170070814,0.3413901406527379,0.3593049356951486
2024,Duki,40,0.0,0.0,0.0,205044.0,1100.0,0.0,4233.0,0.2,49.0,66.0,5.0,2.389730984569166,3.2188213261543868,0.2438501004662413,0.0,0.0,0.0,0.0,0.0,0.0,1.5118706228906966,1.560640642983945,1.8532607635434344,3.9503716275531104,0.3413901406527379,0.536470221025731,0.0,0.0,0.0,0.0,0.0,0.0,1.8207474168146025,1.9800628157858804,3.0074845724169776,2.7408751292405533,0.3739034873815701,0.4096681687832855,0.2438501004662413,0.2547283637193013
2024,Duki,41,0.0,0.0,0.0,205044.0,1100.0,0.0,4233.0,0.2,79.0,57.0,1.0,3.852831587366614,2.779891145315152,0.0487700200932482,0.0,0.0,0.0,0.0,0.0,0.0,2.389730984569166,1.5118706228906966,3.2188213261543868,1.8532607635434344,0.2438501004662413,0.3413901406527379,0.0,0.0,0.0,0.0,0.0,0.0,2.584811064942159,2.594565068960809,2.617324411670991,2.7603831372778527,0.2113367537374092,0.3316361366340882,0.0487700200932482,0.0641181903951257
2024,Duki,42,0.0,0.0,0.0,205044.0,1100.0,0.0,4233.0,0.2,72.0,37.0,0.0,3.511441446713876,1.8044907434501865,0.0,0.0,0.0,0.0,0.0,0.0,0.0,3.852831587366614,2.389730984569166,2.779891145315152,3.2188213261543868,0.0487700200932482,0.2438501004662413,0.0,0.0,0.0,0.0,0.0,0.0,3.251334672883219,2.56530305690486,2.601067738306575,2.721367121203254,0.0975400401864965,0.2340960964475917,0.0,0.007838847763787793
2024,Duki,43,0.0,0.0,0.0,205044.0,1100.0,0.0,4233.0,0.2,22.0,37.0,15.0,1.072940442051462,1.8044907434501865,0.7315503013987242,0.0,0.0,0.0,0.0,0.0,0.0,3.511441446713876,3.852831587366614,1.8044907434501865,2.779891145315152,0.0,0.0487700200932482,0.0,0.0,0.0,0.0,0.0,0.0,2.812404492043985,2.467763016718363,2.129624210738508,2.292190944382669,0.2601067738306575,0.2731121125221903,0.7315503013987242,0.7341112470287603
2024,Duki,44,0.0,0.0,0.0,205044.0,1100.0,0.0,4233.0,0.2,20.0,64.0,0.0,0.9754004018649656,3.12128128596789,0.0,0.0,0.0,0.0,0.0,0.0,0.0,1.072940442051462,3.511441446713876,1.8044907434501865,1.8044907434501865,0.7315503013987242,0.0,0.0,0.0,0.0,0.0,0.0,0.0,1.8532607635434344,2.3604689725132166,2.243420924289421,2.54579504886756,0.2438501004662414,0.2048340843916428,0.0,0.00038480208415744843
2025,East,37,20.0429,26.7655,86.664,3514347.0,10.0,0.0,165.0,0.95,49.0,207.0,0.0,0.1394284628125794,0.5890141184123252,0.0,0.0286,15.6143,28.7004,28.6765,75.2554,85.4821,0.1024372379847522,0.0939008014860228,0.6203143855743329,0.6544601315692502,0.0028454788329097,0.0028454788329097,11.895266666666666,7.4143,28.047466666666665,28.26748,82.46716666666667,80.49996000000002,0.1119221674277848,0.1189410152156289,0.6212628785186362,0.6641347596011434,0.0018969858886065,0.0028454788329097,0.0,0.0009581826442650598
2025,East,38,0.4143,27.2518,83.7523,3514347.0,10.0,0.0,165.0,0.95,62.0,279.0,3.0,0.1764196876404066,0.7938885943818297,0.0085364364987293,20.0429,0.0286,26.7655,28.7004,86.664,75.2554,0.1394284628125794,0.1024372379847522,0.5890141184123252,0.6203143855743329,0.0,0.0028454788329097,6.828600000000001,7.360019999999999,27.572566666666663,28.06224,81.89056666666667,81.7183,0.1394284628125794,0.1274774517143583,0.667739032789496,0.6772239622325286,0.003793971777213,0.0028454788329097,0.0085364364987293,0.010773284784025755
2025,East,39,0.1571,27.8905,79.3725,3514347.0,10.0,0.0,165.0,0.95,44.0,328.0,2.0,0.1252010686480305,0.9333170571944092,0.0056909576658195,0.4143,20.0429,27.2518,26.7655,83.7523,86.664,0.1764196876404066,0.1394284628125794,0.7938885943818297,0.5890141184123252,0.0085364364987293,0.0,6.871433333333333,7.25144,27.3026,27.85694,83.26293333333334,82.10526,0.1470164063670055,0.1274774517143583,0.7720732566628546,0.7181988574264294,0.0047424647215163,0.0039836703660736,0.0056909576658195,0.007310173454476182
2025,East,40,3.9714,29.1492,74.598,3514347.0,10.0,0.0,165.0,0.95,61.0,297.0,0.0,0.1735742088074968,0.8451072133742058,0.0,0.1571,0.4143,27.8905,27.2518,79.3725,83.7523,0.1252010686480305,0.1764196876404066,0.9333170571944092,0.7938885943818297,0.0056909576658195,0.0085364364987293,1.5142666666666666,4.92286,28.097166666666663,27.95148,79.24093333333333,79.92844,0.1583983216986446,0.1434121331786531,0.8574376216501483,0.7563282737874205,0.0047424647215163,0.0034145745994917,0.0,-0.0010306901320644435
2025,East,41,0.0,27.4825,65.1742,3514347.0,10.0,0.0,165.0,0.95,81.0,294.0,2.0,0.2304837854656925,0.8365707768754764,0.0056909576658195,3.9714,0.1571,29.1492,27.8905,74.598,79.3725,0.1735742088074968,0.1252010686480305,0.8451072133742058,0.9333170571944092,0.0,0.0056909576658195,1.376166666666667,4.91714,28.174066666666665,27.7079,73.04823333333333,77.9122,0.1764196876404066,0.1690214426748411,0.8716650158146971,0.7995795520476492,0.003793971777213,0.0039836703660736,0.0056909576658195,0.008361477338108408
2025,East,42,0.0,28.8349,45.7116,3514347.0,10.0,0.0,165.0,0.95,55.0,266.0,3.0,0.1565013358100381,0.7568973695540026,0.0085364364987293,0.0,3.9714,27.4825,29.1492,65.1742,74.598,0.2304837854656925,0.1735742088074968,0.8365707768754764,0.8451072133742058,0.0056909576658195,0.0,1.3238,0.90856,28.488866666666667,28.12178,61.82793333333333,69.72171999999999,0.1868531100277425,0.1724360172743329,0.812858453267895,0.8331562022759847,0.0047424647215163,0.0056909576658195,0.0085364364987293,0.009807936082675273
2025,East,43,0.0,29.8411,32.3089,3514347.0,10.0,0.0,165.0,0.95,72.0,242.0,2.0,0.2048744759695044,0.6886058775641677,0.0056909576658195,0.0,0.0,28.8349,27.4825,45.7116,65.1742,0.1565013358100381,0.2304837854656925,0.7568973695540026,0.8365707768754764,0.0085364364987293,0.0056909576658195,0.0,0.8257000000000001,28.7195,28.63964,47.73156666666667,59.433040000000005,0.1972865324150783,0.1781269749401524,0.7606913413312156,0.8120996589124523,0.0066394506101228,0.0051218618992376,0.0056909576658195,0.011172222541774995
2024,Ghotki,37,0.8538,32.2142,61.4598,1772609.0,72.0,1.0,6083.0,0.35,2671.0,1969.0,1.0,15.068184805560618,11.10792058485543,0.0056414020237965,1.5857,4.2,31.6266,30.3916,68.5341,72.3269,16.094919973891592,12.083883134972236,10.20529626104798,8.18567433652881,0.0056414020237965,0.0,2.2131666666666665,7.436459999999999,31.410800000000005,31.31606,67.44026666666666,69.95308,14.415662638141482,13.253909914707643,9.832963727477408,10.33843334880958,0.003760934682531,0.0022565608095186,0.0056414020237965,0.005341617954172068
2024,Ghotki,38,0.0429,32.8097,55.5304,1772609.0,72.0,1.0,6083.0,0.35,3202.0,2019.0,193.0,18.063769280196592,11.38999068604526,1.0887905905927364,0.8538,1.5857,32.2142,31.6266,61.4598,68.5341,15.068184805560618,16.094919973891592,11.10792058485543,10.20529626104798,0.0056414020237965,0.0056414020237965,0.8274666666666667,2.2479,32.216833333333334,31.51524,61.84143333333333,67.0316,16.408958019882935,14.664260420656785,10.901069177316224,10.70173963914208,0.3666911315467765,0.2200146789280659,1.0887905905927364,1.0487058609099011
2024,Ghotki,39,0.0143,33.5177,55.1598,1772609.0,72.0,1.0,6083.0,0.35,3628.0,1724.0,0.0,20.467006542333927,9.725777089025271,0.0,0.0429,0.8538,32.8097,32.2142,55.5304,61.4598,18.063769280196592,15.068184805560618,11.38999068604526,11.10792058485543,1.0887905905927364,0.0056414020237965,0.3036666666666667,1.33934,32.84720000000001,32.11196,57.38333333333333,62.6022,17.86632020936371,16.355552747390995,10.741229453308652,10.122931791500552,0.364810664205511,0.2200146789280659,0.0,0.005947380997534696
2024,Ghotki,40,0.125,31.7414,57.6224,1772609.0,72.0,1.0,6083.0,0.35,3055.0,1423.0,0.0,17.234483182698497,8.027715079862508,0.0,0.0143,0.0429,33.5177,32.8097,55.1598,55.5304,20.467006542333927,18.063769280196592,9.725777089025271,11.38999068604526,0.0,1.0887905905927364,0.0607333333333333,0.52434,32.689600000000006,32.38192,56.1042,59.6613,18.58841966840967,17.385672756936245,9.71449428497768,10.091339940167291,0.3629301968642455,0.2200146789280659,0.0,-0.004764116495725057
2024,Ghotki,41,0.1857,28.9698,56.2319,1772609.0,72.0,1.0,6083.0,0.35,3132.0,1413.0,0.0,17.668871138530832,7.971301059624542,0.0,0.125,0.0143,31.7414,33.5177,57.6224,55.1598,17.234483182698497,20.467006542333927,8.027715079862508,9.725777089025271,0.0,0.0,0.1083333333333333,0.24434,31.409633333333336,31.850559999999994,56.33803333333333,57.20086,18.45678695452109,17.700462989864093,8.574931076170776,9.644540899882603,0.0,0.2188863985233066,0.0,-0.003988837910963605
2024,Ghotki,42,0.0,28.5064,53.4649,1772609.0,72.0,1.0,6083.0,0.35,3283.0,1225.0,0.0,18.520722844124112,6.910717479150788,0.0,0.1857,0.125,28.9698,31.7414,56.2319,57.6224,17.668871138530832,17.234483182698497,7.971301059624542,8.027715079862508,0.0,0.0,0.1035666666666666,0.07358,29.7392,31.109,55.77306666666667,55.60188000000001,17.80802572178448,18.39097059757679,7.636577872879279,8.805100278741673,0.0,0.2177581181185472,0.0,-0.0028473100715362687
2024,Ghotki,43,0.0,29.0299,47.5468,1772609.0,72.0,1.0,6083.0,0.35,2384.0,1049.0,3.0,13.449102424731004,5.917830722962594,0.0169242060713896,0.0,0.1857,28.5064,28.9698,53.4649,56.2319,18.520722844124112,17.668871138530832,6.910717479150788,7.971301059624542,0.0,0.0,0.0619,0.065,28.83536666666667,30.35304,52.41453333333334,54.00516,16.546232135795318,17.468037226483673,6.933283087245975,7.710668286125141,0.0056414020237965,0.0033848412142779,0.0169242060713896,0.010633799660491133
2024,Ghotki,44,0.0,27.8296,52.4139,1772609.0,72.0,1.0,6083.0,0.35,1758.0,855.0,6.0,9.917584757834357,4.823398730346061,0.0338484121427793,0.0,0.0,29.0299,28.5064,47.5468,53.4649,13.449102424731004,18.520722844124112,5.917830722962594,6.910717479150788,0.0169242060713896,0.0,0.0,0.0621399999999999,28.455300000000005,29.21542,51.141866666666665,53.45598,13.96247000889649,15.358152869583758,5.883982310819815,6.730192614389298,0.0169242060713896,0.0101545236428338,0.0338484121427793,0.033533741783826815
2025,Ghotki,37,3.6714,29.0234,75.3092,1989892.0,72.0,1.0,6083.0,0.35,5365.0,1264.0,211.0,26.96126221925612,6.3521035312469225,1.0603590546622632,0.1429,0.9571,32.0924,32.7085,64.2004,66.0683,17.232090987852608,25.54912527916088,5.754081126010859,6.713932213406557,0.6935049741393,1.613152874628372,1.5904666666666667,1.00856,31.274766666666665,32.16848,68.52596666666666,63.0268,23.24749282875654,21.59614692656687,6.273372290221446,6.430499745714843,1.1223389678099782,1.220166722616102,1.0603590546622632,1.0844500033004032
2025,Ghotki,38,0.0,30.8731,64.7864,1989892.0,72.0,1.0,6083.0,0.35,5449.0,1310.0,238.0,27.383395681775696,6.583271855960022,1.1960448104721262,3.6714,0.1429,29.0234,32.0924,75.3092,64.2004,26.96126221925612,17.232090987852608,6.3521035312469225,5.754081126010859,1.0603590546622632,0.6935049741393,1.2714333333333334,1.00856,30.662966666666662,31.684500000000003,68.09866666666666,65.08116,23.858916296294808,23.3480007960231,6.229818837739267,6.314915583358292,0.9833029464245632,1.1628771812741596,1.1960448104721262,1.210786138458052
2025,Ghotki,39,0.0,30.693,59.9124,1989892.0,72.0,1.0,6083.0,0.35,5271.0,1262.0,211.0,26.488874773103262,6.342052734520265,1.0603590546622632,0.0,3.6714,30.8731,29.0234,64.7864,75.3092,27.383395681775696,26.96126221925612,6.583271855960022,6.3521035312469225,1.1960448104721262,1.0603590546622632,1.2238,0.95428,30.1965,31.07808,66.66933333333334,66.05533999999999,26.94451089137836,24.722949788229712,6.425809373909069,6.349088292228925,1.1055876399322175,1.124684153712865,1.0603590546622632,1.0917476777774984
2025,Ghotki,40,0.0143,31.2454,56.7592,1989892.0,72.0,1.0,6083.0,0.35,5806.0,1211.0,78.0,29.17746289748388,6.085757417990524,0.3919810723396043,0.0,0.0,30.693,30.8731,59.9124,64.7864,26.488874773103262,27.383395681775696,6.342052734520265,6.583271855960022,1.0603590546622632,1.1960448104721262,0.0047666666666666,0.76572,30.93716666666667,30.78546,60.486,64.19352,27.683244450787612,25.448617311894317,6.337027336156937,6.223453333145718,0.882794979157998,0.8804497932551113,0.3919810723396043,0.466350243151715
2025,Ghotki,41,0.0,26.6525,53.9411,1989892.0,72.0,1.0,6083.0,0.35,6999.0,1293.0,238.0,35.1727631449345,6.497840083783442,1.1960448104721262,0.0143,0.0,31.2454,30.693,56.7592,59.9124,29.17746289748388,26.488874773103262,6.085757417990524,6.342052734520265,0.3919810723396043,1.0603590546622632,0.0047666666666666,0.7371399999999999,29.5303,29.697479999999995,56.8709,62.14166,30.27970027184055,29.03675174331069,6.308550078764744,6.372205124700235,0.8827949791579979,0.9809577605216766,1.1960448104721262,1.1642360114167634
2025,Ghotki,42,0.0,26.9525,48.2139,1989892.0,72.0,1.0,6083.0,0.35,6132.0,1107.0,206.0,30.815742763928892,5.563115988204386,1.0352320628456215,0.0,0.0143,26.6525,31.2454,53.9411,56.7592,35.1727631449345,29.17746289748388,6.497840083783442,6.085757417990524,1.1960448104721262,0.3919810723396043,0.0047666666666666,0.0028599999999999,28.28346666666667,29.2833,52.9714,56.7226,31.72198960211576,29.80764785224525,6.04890449665945,6.214407616091728,0.8744193152191174,0.9759323621583484,1.0352320628456215,1.0637971201371528
2025,Ghotki,43,0.0,26.7043,48.7234,1989892.0,72.0,1.0,6083.0,0.35,5669.0,1231.0,208.0,28.488983321707916,6.186265385257089,1.0452828595722785,0.0,0.0,26.9525,26.6525,48.2139,53.9411,30.815742763928892,35.1727631449345,5.563115988204386,6.497840083783442,1.0352320628456215,1.1960448104721262,0.0,0.0028599999999999,26.769766666666666,28.44954,50.2928,53.50999999999999,31.49249641019044,30.02876538023169,6.082407152414972,6.135006321951141,1.0921865776300086,0.9457799719783788,1.0452828595722785,1.0821026246938519
2024,Gwadar,38,0.0,27.4943,88.225,305160.0,12.0,0.0,12637.0,0.35,218.0,296.0,0.0,7.143793419845327,9.69982959758815,0.0,0.0,0.9222,27.6887,27.4365,84.6218,88.9563,35.39127015336217,0.4915454187966968,19.95674400314589,7.373181281950452,0.4915454187966968,0.0,0.3074,0.18444,27.53983333333333,28.483600000000003,87.26769999999999,87.22798,14.342202997334732,9.411456285227422,12.343251627561497,11.55459431118102,0.1638484729322322,0.0983090837593393,0.0,-0.008356270772446883
2024,Gwadar,39,0.0,27.6297,85.5231,305160.0,12.0,0.0,12637.0,0.35,299.0,250.0,0.0,9.79813868134749,8.192423646611614,0.0,0.0,0.0,27.4943,27.6887,88.225,84.6218,7.143793419845327,35.39127015336217,9.69982959758815,19.95674400314589,0.0,0.4915454187966968,0.0,0.18444,27.604233333333337,27.94162,86.12330000000001,86.96725999999998,17.44440075151833,11.19412767073011,12.616332415781883,12.708087560623934,0.1638484729322322,0.0983090837593393,0.0,-0.003796998020112019
2024,Gwadar,40,0.0,28.0532,86.5693,305160.0,12.0,0.0,12637.0,0.35,1295.0,541.0,0.0,42.43675448944816,17.72840477126753,0.0,0.0,0.0,27.6297,27.4943,85.5231,88.225,9.79813868134749,7.143793419845327,8.192423646611614,9.69982959758815,0.0,0.0,0.0,0.18444,27.72573333333333,27.66048,86.77246666666667,86.7791,19.79289553021366,19.052300432559967,11.873552671822427,12.590116660112727,0.0,0.0983090837593393,0.0,0.000637213015552307
2024,Gwadar,41,0.0,27.7553,84.9068,305160.0,12.0,0.0,12637.0,0.35,34.0,15.0,0.0,1.1141696159391794,0.4915454187966968,0.0,0.0,0.0,28.0532,27.6297,86.5693,85.5231,42.43675448944816,9.79813868134749,17.72840477126753,8.192423646611614,0.0,0.0,0.0,0.0,27.81273333333333,27.72424,85.6664,85.9692,17.783020928911615,19.17682527198847,8.804124612225278,11.213789487481977,0.0,0.0983090837593393,0.0,0.0012119619346634136
2024,Gwadar,42,0.7,27.611,80.2056,305160.0,12.0,0.0,12637.0,0.35,8.0,15.0,0.0,0.2621575566915716,0.4915454187966968,0.0,0.0,0.0,27.7553,28.0532,84.9068,86.5693,1.1141696159391794,42.43675448944816,0.4915454187966968,17.72840477126753,0.0,0.0,0.2333333333333333,0.1399999999999999,27.8065,27.7087,83.8939,85.08596,14.604360554026306,12.151002752654346,6.23716520295364,7.320749770612137,0.0,0.0,0.0,-0.002219016999603557
2025,Gwadar,37,2.9714,27.2762,84.6519,317947.0,12.0,0.0,12637.0,0.35,7.0,17.0,5.0,0.2201624799101737,0.534680308353279,0.1572589142215526,0.0143,0.0,27.1333,27.4857,87.4442,92.677,0.1258071313772421,3.805665724161574,0.9121017024850052,9.624245550359024,0.062903565688621,0.0943553485329316,0.9952333333333332,0.59714,27.2984,27.76148,88.2577,87.20266,1.3838784451496633,6.8753597297662825,3.6903425203991,9.183920590538674,0.1048392761477017,0.0943553485329315,0.1572589142215526,0.155601846779436
2025,Gwadar,38,0.0,27.3494,87.8252,317947.0,12.0,0.0,12637.0,0.35,3.0,17.0,2.0,0.0943553485329316,0.534680308353279,0.062903565688621,2.9714,0.0143,27.2762,27.1333,84.6519,87.4442,0.2201624799101737,0.1258071313772421,0.534680308353279,0.9121017024850052,0.1572589142215526,0.062903565688621,0.9952333333333332,0.59714,27.252966666666666,27.50916,86.64043333333332,87.55694000000001,0.1467749866067824,1.3901688017185247,0.6604874397305187,4.799542062041787,0.0943553485329315,0.0754842788263452,0.062903565688621,0.056430695813925846
2025,Gwadar,40,0.0,27.8375,85.0772,317947.0,12.0,0.0,12637.0,0.35,0.0,13.0,2.0,0.0,0.4088731769760368,0.062903565688621,0.0,2.9714,27.3494,27.2762,87.8252,84.6519,0.0943553485329316,0.2201624799101737,0.534680308353279,0.534680308353279,0.062903565688621,0.1572589142215526,0.9904666666666668,0.59714,27.4877,27.41642,85.85143333333333,87.53509999999999,0.1048392761477017,0.8491981367963837,0.4927445978941958,2.4029162093053245,0.0943553485329316,0.0880649919640694,0.062903565688621,0.05710597283041291
2025,Gwadar,42,0.0,26.9422,77.5141,317947.0,12.0,0.0,12637.0,0.35,24.0,11.0,2.0,0.7548427882634527,0.3459696112874158,0.062903565688621,0.0,0.0,27.8375,27.3494,85.0772,87.8252,0.0,0.0943553485329316,0.4088731769760368,0.534680308353279,0.062903565688621,0.062903565688621,0.0,0.59714,27.376366666666662,27.30772,83.47216666666667,84.50252,0.2830660455987948,0.2390335496167593,0.4298410322055748,0.5472610214910032,0.062903565688621,0.0817746353952073,0.062903565688621,0.05515057726634767
2025,Gwadar,43,0.0,26.8202,85.4915,317947.0,12.0,0.0,12637.0,0.35,207.0,294.0,2.0,6.51051904877228,9.246824156227296,0.062903565688621,0.0,0.0,26.9422,27.8375,77.5141,85.0772,0.7548427882634527,0.0,0.3459696112874158,0.4088731769760368,0.062903565688621,0.062903565688621,0.0,0.59428,27.199966666666665,27.2451,82.69426666666668,84.11197999999999,2.421787279011911,1.515975933095767,3.333888981496914,2.2142055122394613,0.062903565688621,0.0817746353952073,0.062903565688621,0.053952193458013165
2024,Hangu,37,1.3308,25.4121,71.607,528902.0,900.0,0.0,1097.0,0.2,202.0,82.0,0.0,3.8192330526260063,1.5503817342343196,0.0,3.8429,2.9222,25.1292,25.3686,77.856,75.8516,3.006227996868985,2.8927854309494005,1.777266866073488,1.6071030171941114,0.0,0.0,2.698633333333333,3.43346,25.303300000000004,25.65532,75.10486666666667,76.76068000000001,3.2394154934814643,2.881441174357442,1.6449172058339727,1.849113824489225,0.0,0.0,0.0,0.0019768882864595605
2024,Hangu,38,0.0,26.9425,46.3399,528902.0,900.0,0.0,1097.0,0.2,178.0,98.0,2.0,3.365462788947669,1.8528952433532109,0.0378141886398614,1.3308,3.8429,25.4121,25.1292,71.607,77.856,3.8192330526260063,3.006227996868985,1.5503817342343196,1.777266866073488,0.0,0.0,1.7245666666666668,2.23632,25.82793333333333,25.73328,65.26763333333334,69.70357999999999,3.3969746128142204,3.471342517139281,1.7268479478870062,1.663824300153904,0.0126047295466204,0.0075628377279722,0.0378141886398614,0.0403969258250122
2024,Hangu,39,1.6714,26.9661,60.9453,528902.0,900.0,0.0,1097.0,0.2,114.0,101.0,3.0,2.1554087524721024,1.9096165263130032,0.0567212829597921,0.0,1.3308,26.9425,25.4121,46.3399,71.607,3.365462788947669,3.8192330526260063,1.8528952433532109,1.5503817342343196,0.0378141886398614,0.0,1.0007333333333337,1.95346,26.44023333333333,25.9637,59.63073333333333,66.51996,3.11336819801526,3.047823604372833,1.7709645013001776,1.7394526774336263,0.0315118238665512,0.0189070943199307,0.0567212829597921,0.05971546869508926
2024,Hangu,40,1.225,25.4217,47.4189,528902.0,900.0,0.0,1097.0,0.2,72.0,126.0,3.0,1.361310791035012,2.382293884311271,0.0567212829597921,1.6714,0.0,26.9661,26.9425,60.9453,46.3399,2.1554087524721024,3.365462788947669,1.9096165263130032,1.8528952433532109,0.0567212829597921,0.0378141886398614,0.9654666666666666,1.61402,26.44343333333333,25.97432,51.56803333333334,60.83342,2.294060777484928,2.741528676389955,2.0482685513258283,1.8944908508570584,0.0504189181864819,0.0302513509118891,0.0567212829597921,0.05914759673527367
2024,Hangu,41,0.9143,22.4708,45.8971,528902.0,900.0,0.0,1097.0,0.2,103.0,67.0,0.0,1.947430714952865,1.2667753194353586,0.0,1.225,1.6714,25.4217,26.9661,47.4189,60.9453,1.361310791035012,2.1554087524721024,2.382293884311271,1.9096165263130032,0.0567212829597921,0.0567212829597921,1.270233333333333,1.0283,24.952866666666665,25.44264,51.420433333333335,54.44164000000001,1.82138341948666,2.5297692200067305,1.8528952433532109,1.7923925415294328,0.0378141886398614,0.0302513509118891,0.0,0.005822509158589395
2024,Hangu,42,0.0143,23.2922,41.1636,528902.0,900.0,0.0,1097.0,0.2,138.0,79.0,0.0,2.60917901615044,1.4936604512745273,0.0,0.9143,1.225,22.4708,25.4217,45.8971,47.4189,1.947430714952865,1.361310791035012,1.2667753194353586,2.382293884311271,0.0,0.0567212829597921,0.7178666666666668,0.765,23.728233333333336,25.01866,44.82653333333334,48.35296,1.9726401740461057,2.287758412711618,1.7142432183403855,1.7810482849374742,0.0189070943199307,0.0302513509118891,0.0,0.002589084653189022
2024,Hangu,43,0.4,21.9979,51.1082,528902.0,900.0,0.0,1097.0,0.2,68.0,85.0,2.0,1.2856824137552894,1.6071030171941114,0.0378141886398614,0.0143,0.9143,23.2922,22.4708,41.1636,45.8971,2.60917901615044,1.947430714952865,1.4936604512745273,1.2667753194353586,0.0,0.0,0.4428666666666667,0.845,22.58696666666667,24.029740000000004,46.0563,49.30662,1.947430714952865,1.871802337673142,1.4558462626346655,1.7318898397056544,0.0126047295466204,0.0302513509118891,0.0378141886398614,0.039467050361460865
2024,Hangu,44,0.0429,20.3354,62.92,528902.0,900.0,0.0,1097.0,0.2,48.0,49.0,0.0,0.9075405273566748,0.9264476216766054,0.0,0.4,0.0143,21.9979,23.2922,51.1082,41.1636,1.2856824137552894,2.60917901615044,1.6071030171941114,1.4936604512745273,0.0378141886398614,0.0,0.1524,0.5193,21.87516666666667,22.7036,51.7306,49.70156,1.6008006524208016,1.6222286926500562,1.3424036967150812,1.5352560587783748,0.0126047295466204,0.0189070943199307,0.0,0.00306677530069141
2025,Hangu,37,0.4429,27.8696,60.9273,627433.0,900.0,0.0,1097.0,0.2,133.0,225.0,4.0,2.119748244035618,3.5860402624662715,0.0637518268882892,6.1857,11.5286,25.3774,26.1354,70.9377,76.0144,1.2750365377657853,2.6297628591419326,2.661638772586077,3.665730046076633,0.0,0.0,6.0524,5.13144,26.460800000000003,27.7325,69.29313333333333,66.77594,2.008182546981112,1.8519905711048037,3.30446969370966,3.111089152148516,0.021250608962763,0.0478138701662169,0.0637518268882892,0.05562000974166029
2025,Hangu,38,1.7429,26.4809,61.914,627433.0,900.0,0.0,1097.0,0.2,289.0,294.0,12.0,4.606069492678899,4.685759276289262,0.1912554806648678,0.4429,6.1857,27.8696,25.3774,60.9273,70.9377,2.119748244035618,1.2750365377657853,3.5860402624662715,2.661638772586077,0.0637518268882892,0.0,2.7905,4.82002,26.575966666666663,27.16796,64.593,66.57274,2.666951424826768,2.495884022676525,3.6444794371138713,3.394784781801403,0.0850024358510523,0.0541890528550458,0.1912554806648678,0.18636022513990996
2025,Hangu,39,0.7429,25.8937,52.8677,627433.0,900.0,0.0,1097.0,0.2,156.0,382.0,12.0,2.4863212486432813,6.088299467831625,0.1912554806648678,1.7429,0.4429,26.4809,27.8696,61.914,60.9273,4.606069492678899,2.119748244035618,4.685759276289262,3.5860402624662715,0.1912554806648678,0.0637518268882892,0.9762333333333334,4.1286000000000005,26.74806666666667,26.3514,58.56966666666667,64.53222,3.070712995119266,2.6233876764531034,4.786699668862386,4.137493565049974,0.1487542627393416,0.0892525576436049,0.1912554806648678,0.19123993273395418
2025,Hangu,40,3.0571,23.5836,58.2296,627433.0,900.0,0.0,1097.0,0.2,112.0,280.0,17.0,1.7850511528720996,4.462627882180248,0.2709452642752294,0.7429,1.7429,25.8937,26.4809,52.8677,61.914,2.4863212486432813,4.606069492678899,6.088299467831625,4.685759276289262,0.1912554806648678,0.1912554806648678,1.8476333333333332,2.4343,25.3194,25.84104,57.670433333333335,60.975260000000006,2.95914729806476,2.4544453351991367,5.078895542100379,4.296873132270697,0.2178187418683216,0.1434416104986508,0.2709452642752294,0.27982610383807416
2025,Hangu,41,1.7,18.8372,56.255,627433.0,900.0,0.0,1097.0,0.2,146.0,333.0,5.0,2.326941681422558,5.307339588450082,0.0796897836103615,3.0571,0.7429,23.5836,25.8937,58.2296,52.8677,1.7850511528720996,2.4863212486432813,4.462627882180248,6.088299467831625,0.2709452642752294,0.1912554806648678,1.8333333333333333,1.53716,22.771500000000003,24.533,55.7841,58.03872,2.19943802764598,2.664826363930491,5.286088979487318,4.826013295443497,0.1806301761834862,0.1593795672207231,0.0796897836103615,0.0776715685952317
2025,Hangu,42,0.0,22.042,48.0125,627433.0,900.0,0.0,1097.0,0.2,127.0,226.0,17.0,2.024120503703184,3.601978219188344,0.2709452642752294,1.7,3.0571,18.8372,23.5836,56.255,58.2296,2.326941681422558,1.7850511528720996,5.307339588450082,4.462627882180248,0.0796897836103615,0.2709452642752294,1.5857,1.4485800000000002,21.4876,23.36748,54.1657,55.45576,2.0453711126659475,2.6457008158640045,4.457315229939558,4.829200886787912,0.2071934373869401,0.2008182546981112,0.2709452642752294,0.28061887261829405
2025,Hangu,43,0.0,20.8098,38.4379,627433.0,900.0,0.0,1097.0,0.2,135.0,297.0,0.0,2.1516241574797625,4.733573146455479,0.0,0.0,1.7,22.042,18.8372,48.0125,56.255,2.024120503703184,2.326941681422558,3.601978219188344,5.307339588450082,0.2709452642752294,0.0796897836103615,0.5666666666666667,1.1,20.563,22.23326,47.568466666666666,50.760540000000006,2.1675621142018358,2.1548117488241774,4.547630318031302,4.838763660821155,0.1168783492951969,0.1625671585651376,0.0,0.0022290470813324803
2024,Haripur,37,3.9923,25.8452,78.9587,1174783.0,605.0,2.0,1725.0,0.65,31.0,1102.0,29.0,0.263878520543794,9.380455794814871,0.2468540998635492,4.4429,10.4333,25.9854,26.4012,82.6332,80.8991,0.2213174688431821,0.3319762032647731,8.307917291959452,8.716503388285325,0.1702442068024477,0.2298296791833044,6.289499999999999,5.76226,26.077266666666663,26.616300000000003,80.83033333333333,81.07994,0.2723907308839164,0.2587711943397206,8.801625491686549,9.234045776964766,0.2156426619497672,0.2315321212513289,0.2468540998635492,0.24496471877400244
2024,Haripur,38,0.0,26.1417,69.422,1174783.0,605.0,2.0,1725.0,0.65,55.0,950.0,27.0,0.4681715687067314,8.086599823116268,0.2298296791833044,3.9923,4.4429,25.8452,25.9854,78.9587,82.6332,0.263878520543794,0.2213174688431821,9.380455794814871,8.307917291959452,0.2468540998635492,0.1702442068024477,2.811733333333333,4.60798,25.990766666666666,26.31232,77.00463333333333,78.42004,0.3177891860312358,0.3098444563804549,8.591657636630197,8.77098153446211,0.2156426619497672,0.2366394474554023,0.2298296791833044,0.23052293168530322
2024,Haripur,39,3.6429,26.4821,74.5052,1174783.0,605.0,2.0,1725.0,0.65,61.0,953.0,70.0,0.5192448307474657,8.112136454136637,0.5958547238085672,0.0,3.9923,26.1417,25.8452,69.422,78.9587,0.4681715687067314,0.263878520543794,8.086599823116268,9.380455794814871,0.2298296791833044,0.2468540998635492,2.5450666666666666,4.50228,26.156333333333333,26.171119999999995,74.2953,77.28364,0.417098306665997,0.3609177184211892,8.526397357355926,8.520722550462512,0.3575128342851403,0.2945224777682346,0.5958547238085672,0.5783529663573241
2024,Haripur,40,0.1125,24.2448,68.0237,1174783.0,605.0,2.0,1725.0,0.65,34.0,669.0,4.0,0.2894151515641612,5.6946687175418775,0.0340488413604895,3.6429,0.0,26.4821,26.1417,74.5052,69.422,0.5192448307474657,0.4681715687067314,8.112136454136637,8.086599823116268,0.5958547238085672,0.2298296791833044,1.2518,2.43812,25.622866666666667,25.73984,70.6503,74.70855999999999,0.4256105170061194,0.3524055080810669,7.297801664931594,7.916355616313821,0.2865777481174537,0.2553663102036716,0.0340488413604895,0.046510848015891476
2024,Haripur,41,0.9571,21.8372,63.6415,1174783.0,605.0,2.0,1725.0,0.65,52.0,700.0,23.0,0.4426349376863642,5.958547238085671,0.1957808378228149,0.1125,3.6429,24.2448,26.4821,68.0237,74.5052,0.2894151515641612,0.5192448307474657,5.6946687175418775,8.112136454136637,0.0340488413604895,0.5958547238085672,1.5708333333333335,1.74096,24.188033333333333,24.9102,68.72346666666668,70.91022,0.417098306665997,0.3966690018497033,6.588450803254729,7.4464816055390655,0.2752281343306239,0.260473636407745,0.1957808378228149,0.1703312053741435
2024,Haripur,42,0.0,21.9292,60.6994,1174783.0,605.0,2.0,1725.0,0.65,40.0,755.0,2.0,0.3404884136048955,6.426718806792403,0.0170244206802447,0.9571,0.1125,21.8372,24.2448,63.6415,68.0237,0.4426349376863642,0.2894151515641612,5.958547238085671,5.6946687175418775,0.1957808378228149,0.0340488413604895,0.3565333333333333,0.9425,22.6704,24.127,64.12153333333335,67.25836000000001,0.3575128342851403,0.4119909804619236,6.026644920806651,6.855734207934572,0.0822846999545164,0.2145077005710841,0.0170244206802447,0.02237810158318243
2024,Haripur,43,0.0,21.3774,62.1213,1174783.0,605.0,2.0,1725.0,0.65,55.0,654.0,28.0,0.4681715687067314,5.566985562440042,0.2383418895234268,0.0,0.9571,21.9292,21.8372,60.6994,63.6415,0.3404884136048955,0.4426349376863642,6.426718806792403,5.958547238085671,0.0170244206802447,0.1957808378228149,0.3190333333333333,0.9425,21.7146,23.17414,62.154066666666665,65.79821999999999,0.417098306665997,0.4119909804619236,5.98408386910604,6.351811355799327,0.1503823826754955,0.2162101426391086,0.2383418895234268,0.23510570923797564
2024,Haripur,44,0.0143,19.3149,75.1569,1174783.0,605.0,2.0,1725.0,0.65,32.0,612.0,12.0,0.2723907308839164,5.209472728154902,0.1021465240814686,0.0,0.0,21.3774,21.9292,62.1213,60.6994,0.4681715687067314,0.3404884136048955,5.566985562440042,6.426718806792403,0.2383418895234268,0.0170244206802447,0.0047666666666666,0.21678,20.873833333333334,21.7407,65.99253333333333,65.92855999999999,0.3603502377318477,0.3626201604892137,5.734392365795782,5.7712786106029785,0.1191709447617134,0.1174685026936889,0.1021465240814686,0.10105147359879996
2025,Haripur,37,0.9857,27.047,78.9655,1212553.0,605.0,2.0,1725.0,0.65,399.0,1665.0,1.0,3.290577813918237,13.731358546801667,0.0082470621902712,2.5571,13.7143,25.7149,26.3687,81.0783,83.5104,0.0494823731416276,0.0,11.01807508620242,11.35620463600354,0.0,0.0,5.752366666666666,5.61142,26.37686666666667,27.04564,81.18473333333334,81.60458,1.1133533956866215,0.6680120374119729,12.035212756335875,11.3215669748044,0.0027490207300904,0.0016494124380542,0.0082470621902712,0.010487933102955843
2025,Haripur,38,3.1429,26.2152,76.5695,1212553.0,605.0,2.0,1725.0,0.65,9.0,1441.0,3.0,0.0742235597124414,11.8840166161809,0.0247411865708138,0.9857,2.5571,27.047,25.7149,78.9655,81.0783,3.290577813918237,0.0494823731416276,13.731358546801667,11.01807508620242,0.0082470621902712,0.0,2.228566666666666,5.4428600000000005,26.3257,26.70922,78.87110000000001,80.85074,1.1380945822574355,0.6828567493544613,12.211150083061662,11.404037596707113,0.0109960829203616,0.006597649752217,0.0247411865708138,0.02994105594062149
2025,Haripur,39,0.7286,25.3372,70.7964,1212553.0,605.0,2.0,1725.0,0.65,2.0,1316.0,10.0,0.0164941243805425,10.853133842396993,0.0824706219027127,3.1429,0.9857,26.2152,27.047,76.5695,78.9655,0.0742235597124414,3.290577813918237,11.8840166161809,13.731358546801667,0.0247411865708138,0.0082470621902712,1.619066666666666,4.22572,26.1998,26.1366,75.44380000000001,78.18402,1.1270984993370738,0.6861555742305697,12.156169668459851,11.768557745517104,0.0384862902212659,0.0230917741327595,0.0824706219027127,0.08602792605985984
2025,Haripur,40,2.3571,23.367,71.3602,1212553.0,605.0,2.0,1725.0,0.65,10.0,1076.0,46.0,0.0824706219027127,8.873838916731886,0.3793648607524784,0.7286,3.1429,25.3372,26.2152,70.7964,76.5695,0.0164941243805425,0.0742235597124414,10.853133842396993,11.8840166161809,0.0824706219027127,0.0247411865708138,2.0762,1.95428,24.973133333333333,25.53626,72.9087,75.75398,0.0577294353318988,0.7026496986111124,10.536996458436592,11.272084601662772,0.1621922230753349,0.0989647462832552,0.3793648607524784,0.3723417973284343
2025,Haripur,41,6.1857,19.0464,69.9846,1212553.0,605.0,2.0,1725.0,0.65,10.0,939.0,26.0,0.0824706219027127,7.743991396664724,0.214423616947053,2.3571,0.7286,23.367,25.3372,71.3602,70.7964,0.0824706219027127,0.0164941243805425,8.873838916731886,10.853133842396993,0.3793648607524784,0.0824706219027127,3.090466666666666,2.68,22.58353333333333,24.20256,70.71373333333334,73.53524,0.0604784560619893,0.7092473483633294,9.1569880519312,10.617267863755234,0.2254196998674147,0.1418494696726658,0.214423616947053,0.20606680997997814
2025,Haripur,42,0.0,21.1015,68.0529,1212553.0,605.0,2.0,1725.0,0.65,18.0,992.0,49.0,0.1484471194248828,8.1810856927491,0.4041060473232922,6.1857,2.3571,19.0464,23.367,69.9846,71.3602,0.0824706219027127,0.0824706219027127,7.743991396664724,8.873838916731886,0.214423616947053,0.3793648607524784,2.8475999999999995,2.48286,21.171633333333336,23.01346,69.79923333333333,71.35272,0.104462787743436,0.0808212094646584,8.266305335381903,9.50721329294472,0.3326315083409412,0.22102126669927,0.4041060473232922,0.3978480805938735
2025,Haripur,43,0.0,20.0048,58.8507,1212553.0,605.0,2.0,1725.0,0.65,21.0,875.0,3.0,0.1731883059956967,7.216179416487362,0.0247411865708138,0.0,6.1857,21.1015,19.0464,68.0529,69.9846,0.1484471194248828,0.0824706219027127,8.1810856927491,7.743991396664724,0.4041060473232922,0.214423616947053,2.061899999999999,1.85428,20.0509,21.77138,65.62939999999999,67.80896,0.1347020157744307,0.1006141587213095,7.713752168633728,8.573645853006013,0.214423616947053,0.22102126669927,0.0247411865708138,0.02811024328926867
2024,Harnai,37,0.0,0.0,0.0,127571.0,621.2798240791644,0.6690489279824079,6292.451621770203,0.3392935678944475,60.0,62.0,0.0,4.703263280839689,4.860038723534346,0.0,0.0,0.0,0.0,0.0,0.0,0.0,1.019040377515266,7.0548949212595335,6.506180871828238,6.427793150480909,0.9406526561679378,0.1567754426946563,0.0,0.0,0.0,0.0,0.0,0.0,4.25906619320483,4.358357306911445,5.931337581947831,6.615923681714497,0.3658093662875313,0.2665182525809156,0.0,0.031580125784086255
2024,Harnai,38,0.0,0.0,0.0,127571.0,621.2798240791644,0.6690489279824079,6292.451621770203,0.3392935678944475,76.0,95.0,4.0,5.95746682239694,7.446833527996175,0.3135508853893126,0.0,0.0,0.0,0.0,0.0,0.0,4.703263280839689,1.019040377515266,4.860038723534346,6.506180871828238,0.0,0.9406526561679378,0.0,0.0,0.0,0.0,0.0,0.0,3.8932568269172982,3.919386067366408,6.271017707786252,6.255340163516786,0.4180678471857501,0.3292284296587782,0.3135508853893126,0.2704527609445257
2024,Harnai,39,0.0,0.0,0.0,127571.0,621.2798240791644,0.6690489279824079,6292.451621770203,0.3392935678944475,100.0,107.0,4.0,7.838772134732816,8.387486184164112,0.3135508853893126,0.0,0.0,0.0,0.0,0.0,0.0,5.95746682239694,4.703263280839689,7.446833527996175,4.860038723534346,0.3135508853893126,0.0,0.0,0.0,0.0,0.0,0.0,0.0,6.166500745989815,5.314687507348848,6.898119478564877,6.725666491600755,0.209033923592875,0.3449059739282438,0.3135508853893126,0.2780216573698796
2024,Harnai,40,0.0,0.0,0.0,127571.0,621.2798240791644,0.6690489279824079,6292.451621770203,0.3392935678944475,9.0,83.0,3.0,0.7054894921259535,6.506180871828238,0.2351631640419844,0.0,0.0,0.0,0.0,0.0,0.0,7.838772134732816,5.95746682239694,8.387486184164112,7.446833527996175,0.3135508853893126,0.3135508853893126,0.0,0.0,0.0,0.0,0.0,0.0,4.833909483085237,4.044806421522133,7.446833527996175,6.741344035870222,0.2874216449402032,0.3605835181977094,0.2351631640419844,0.2297424687236926
2024,Harnai,41,0.0,0.0,0.0,127571.0,621.2798240791644,0.6690489279824079,6292.451621770203,0.3392935678944475,22.0,100.0,25.0,1.7245298696412197,7.838772134732816,1.959693033683204,0.0,0.0,0.0,0.0,0.0,0.0,0.7054894921259535,7.838772134732816,6.506180871828238,8.387486184164112,0.2351631640419844,0.3135508853893126,0.0,0.0,0.0,0.0,0.0,0.0,3.42293049883333,4.185904319947324,7.577479730241722,7.007862288451138,0.8361356943715004,0.5643915937007626,1.959693033683204,1.5658815593702224
2024,Harnai,42,0.0,0.0,0.0,127571.0,621.2798240791644,0.6690489279824079,6292.451621770203,0.3392935678944475,31.0,84.0,8.0,2.430019361767173,6.5845685931755655,0.6271017707786252,0.0,0.0,0.0,0.0,0.0,0.0,1.7245298696412197,0.7054894921259535,7.838772134732816,6.506180871828238,1.959693033683204,0.2351631640419844,0.0,0.0,0.0,0.0,0.0,0.0,1.6200129078447825,3.731255536132821,6.976507199912206,7.352768262379382,0.940652656167938,0.6898119478564877,0.6271017707786252,0.6373400612550382
2024,Harnai,43,0.0,0.0,0.0,127571.0,621.2798240791644,0.6690489279824079,6292.451621770203,0.3392935678944475,104.0,28.0,2.0,8.152323020122129,2.1948561977251884,0.1567754426946563,0.0,0.0,0.0,0.0,0.0,0.0,2.430019361767173,1.7245298696412197,6.5845685931755655,7.838772134732816,0.6271017707786252,1.959693033683204,0.0,0.0,0.0,0.0,0.0,0.0,4.102290750510174,4.170226775677858,5.539398975211189,6.302372796325184,0.9145234157188284,0.6584568593175565,0.1567754426946563,0.13341771536821867
2024,Hub,37,0.1308,27.3095,81.2129,382885.0,621.2798240791644,0.6690489279824079,6292.451621770203,0.3392935678944475,89.0,110.0,0.0,2.324457735351346,2.872925290883686,0.0,0.2143,14.3,27.1365,27.9016,84.7943,80.3906,2.19387022212936,4.988443005079854,6.816668190187654,8.096425819763114,0.0,0.0522350052887942,4.8817,3.30616,27.4492,27.93214,82.13260000000001,80.92616000000001,3.168923654186853,2.319234234822466,5.928673100278151,4.471316452720791,0.0174116684295981,0.0156705015866382,0.0,0.000301272286510057
2024,Hub,38,0.0,28.1802,75.9865,382885.0,621.2798240791644,0.6690489279824079,6292.451621770203,0.3392935678944475,119.0,101.0,0.0,3.10798281468326,2.6378677670841117,0.0,0.1308,0.2143,27.3095,27.1365,81.2129,84.7943,2.324457735351346,2.19387022212936,2.872925290883686,6.816668190187654,0.0,0.0,0.1150333333333333,3.0947400000000003,27.54206666666666,27.88274,80.66456666666669,79.73060000000001,2.542103590721322,2.684879271844026,4.10915374938515,4.486986954307429,0.0,0.0104470010577588,0.0,-0.0014948079271398795
2024,Hub,39,0.0,28.9811,73.5485,382885.0,621.2798240791644,0.6690489279824079,6292.451621770203,0.3392935678944475,92.0,120.0,0.0,2.402810243284537,3.1341003173276567,0.0,0.0,0.1308,28.1802,27.3095,75.9865,81.2129,3.10798281468326,2.324457735351346,2.6378677670841117,2.872925290883686,0.0,0.0,0.0436,2.9290200000000004,28.15693333333333,27.90178,76.91596666666668,79.18656000000001,2.611750264439714,3.003512804105672,2.8816311250984845,4.711597477049245,0.0,0.0104470010577588,0.0,-0.0013318307548401132
2024,Hub,40,0.0,28.8825,73.6809,382885.0,621.2798240791644,0.6690489279824079,6292.451621770203,0.3392935678944475,35.0,88.0,0.0,0.9141125925539,2.2983402327069484,0.0,0.0,0.0,28.9811,28.1802,73.5485,75.9865,2.402810243284537,3.10798281468326,3.1341003173276567,2.6378677670841117,0.0,0.0,0.0,0.06902,28.681266666666662,28.09796,74.40530000000001,77.84461999999999,2.141635216840566,2.188646721600481,2.690102772372905,3.5519803596380117,0.0,0.0,0.0,-0.00041445396004152757
2024,Hub,41,0.0,31.4371,44.3025,382885.0,621.2798240791644,0.6690489279824079,6292.451621770203,0.3392935678944475,7.0,83.0,0.0,0.18282251851078,2.167752719484963,0.0,0.0,0.0,28.8825,28.9811,73.6809,73.5485,0.9141125925539,2.402810243284537,2.2983402327069484,3.1341003173276567,0.0,0.0,0.0,0.02616,29.7669,28.95808,63.84396666666667,69.74626,1.1665817847830724,1.7864371808767647,2.5333977565065227,2.622197265497473,0.0,0.0,0.0,-2.204795998428377e-05
2024,Hub,42,0.0143,30.9799,53.424,382885.0,621.2798240791644,0.6690489279824079,6292.451621770203,0.3392935678944475,69.0,173.0,0.0,1.8021076824634028,4.518327957480706,0.0,0.0,0.0,31.4371,28.8825,44.3025,73.6809,0.18282251851078,0.9141125925539,2.167752719484963,2.2983402327069484,0.0,0.0,0.0047666666666666,0.00286,30.433166666666665,29.69216,57.1358,64.18848,0.9663475978426944,1.681967170299176,2.9948069698908726,2.951277798816877,0.0,0.0,0.0,0.0033835617866785905
2024,Hub,43,0.0,30.3618,55.5612,382885.0,621.2798240791644,0.6690489279824079,6292.451621770203,0.3392935678944475,193.0,54.0,0.0,5.040678010368649,1.4103451427974458,0.0,0.0143,0.0,30.9799,31.4371,53.424,44.3025,1.8021076824634028,0.18282251851078,4.518327957480706,2.167752719484963,0.0,0.0,0.0047666666666666,0.00286,30.926266666666663,30.128480000000003,51.09590000000001,60.10342000000001,2.341869403780944,2.068506209436254,2.6988086065877046,2.705773273959544,0.0,0.0,0.0,-0.0031335691494831786
2024,Hub,44,0.0,27.2829,72.803,382885.0,621.2798240791644,0.6690489279824079,6292.451621770203,0.3392935678944475,101.0,10.0,0.0,2.6378677670841117,0.2611750264439714,0.0,0.0,0.0143,30.3618,30.9799,55.5612,53.424,5.040678010368649,1.8021076824634028,1.4103451427974458,4.518327957480706,0.0,0.0,0.0047666666666666,0.00286,29.54153333333333,29.78884,60.59606666666667,59.95432000000001,3.1602178199720545,2.1155177141961685,2.063282708907374,2.131188215782807,0.0,0.0,0.0,-0.0020842594885203125
2025,Hub,37,13.4286,26.5847,85.3701,461810.0,621.2798240791644,0.6690489279824079,6292.451621770203,0.3392935678944475,307.0,231.0,1.0,6.647755570472706,5.0020571230592665,0.0216539269396505,0.4143,13.2286,28.5716,28.9802,75.4284,81.7757,0.4547324657326606,2.5118555249994587,1.2559277624997294,3.572897945042333,0.0,0.043307853879301,9.023833333333334,5.54574,28.0455,28.34706,80.85806666666667,78.32982000000001,3.2047811870682748,3.352027890257898,3.2769609435337776,2.8539875706459368,0.0216539269396505,0.0129923561637903,0.0216539269396505,0.025874505084237137
2025,Hub,38,0.4286,27.2183,81.6077,461810.0,621.2798240791644,0.6690489279824079,6292.451621770203,0.3392935678944475,50.0,152.0,2.0,1.0826963469825253,3.291396894826877,0.043307853879301,13.4286,0.4143,26.5847,28.5716,85.3701,75.4284,6.647755570472706,0.4547324657326606,5.0020571230592665,1.2559277624997294,0.0216539269396505,0.0,4.7571666666666665,5.60288,27.4582,28.099200000000003,80.80206666666668,79.71592000000001,2.728394794395964,2.8972954245252374,3.183127260128625,3.1874580455165544,0.0216539269396505,0.0216539269396505,0.043307853879301,0.049683180913922986
2025,Hub,39,0.2286,27.5511,79.2712,461810.0,621.2798240791644,0.6690489279824079,6292.451621770203,0.3392935678944475,140.0,247.0,2.0,3.03154977155107,5.348519954093675,0.043307853879301,0.4286,13.4286,27.2183,26.5847,81.6077,85.3701,1.0826963469825253,6.647755570472706,3.291396894826877,5.0020571230592665,0.043307853879301,0.0216539269396505,4.695266666666666,5.54574,27.118033333333333,27.78118,82.083,80.69062,3.587333896335433,2.745717935947684,4.547324657326607,3.694159935904376,0.0360898782327508,0.0303154977155107,0.043307853879301,0.0488705602529175
2025,Hub,40,1.3429,29.1883,70.6579,461810.0,621.2798240791644,0.6690489279824079,6292.451621770203,0.3392935678944475,191.0,205.0,2.0,4.135900045473247,4.439055022628353,0.043307853879301,0.2286,0.4286,27.5511,27.2183,79.2712,81.6077,3.03154977155107,1.0826963469825253,5.348519954093675,3.291396894826877,0.043307853879301,0.043307853879301,0.6667,3.1686,27.9859,27.8228,77.17893333333335,78.46706,2.7500487213356144,3.070526840042442,4.359657290516303,3.86739135142158,0.043307853879301,0.0303154977155107,0.043307853879301,0.049740613086362434
2025,Hub,41,0.0,26.6505,65.042,461810.0,621.2798240791644,0.6690489279824079,6292.451621770203,0.3392935678944475,59.0,157.0,1.0,1.2775816894393797,3.3996665295251294,0.0216539269396505,1.3429,0.2286,29.1883,27.5511,70.6579,79.2712,4.135900045473247,3.03154977155107,4.439055022628353,5.348519954093675,0.043307853879301,0.043307853879301,0.5238333333333334,3.0857399999999995,27.796633333333336,27.43858,71.65703333333335,76.38978,2.815010502154566,3.235096684783785,4.395747168749054,4.29613910482666,0.0360898782327508,0.0346462831034408,0.0216539269396505,0.024843652585634757
2025,Hub,42,0.0,26.9594,49.9529,461810.0,621.2798240791644,0.6690489279824079,6292.451621770203,0.3392935678944475,100.0,173.0,0.0,2.1653926939650505,3.7461293605595376,0.0,0.0,1.3429,26.6505,29.1883,65.042,70.6579,1.2775816894393797,4.135900045473247,3.3996665295251294,4.439055022628353,0.0216539269396505,0.043307853879301,0.4476333333333333,0.4000199999999996,27.599400000000003,27.51352,61.88426666666667,69.30634,2.5262914762925592,2.338624109482254,3.861616970904341,4.044953552326715,0.0216539269396505,0.0303154977155107,0.0,0.00046937153664905473
2025,Hub,43,0.0,27.538,37.1313,461810.0,621.2798240791644,0.6690489279824079,6292.451621770203,0.3392935678944475,193.0,166.0,4.0,4.179207899352548,3.594551871981984,0.086615707758602,0.0,0.0,26.9594,26.6505,49.9529,65.042,2.1653926939650505,1.2775816894393797,3.7461293605595376,3.3996665295251294,0.0,0.0216539269396505,0.0,0.3142999999999997,27.0493,27.57746,50.70873333333335,60.411060000000006,2.5407274275856597,2.95792641995626,3.580115920688885,4.105584547757736,0.0360898782327508,0.0389770684913709,0.086615707758602,0.08050504278827089
2024,Hyderabad,37,1.4923,28.7588,75.5781,2432540.0,20.0,2.0,993.0,0.75,743.0,1703.0,9.0,3.054420482294228,7.000912626308303,0.0369983638501319,2.7714,14.6,28.7479,28.8243,78.1681,78.1478,1.373050391771564,0.9948448946368816,9.298922114333166,7.502446002943425,0.0698857983835826,0.0328874345334506,6.2879000000000005,4.755599999999999,28.777,29.41226,77.298,75.25559999999999,1.807438589567558,1.7602999334029452,7.934093581194965,8.022067468571944,0.0465905322557217,0.0452202224834946,0.0369983638501319,0.03644490098998085
2024,Hyderabad,38,0.0,30.3066,66.7941,2432540.0,20.0,2.0,993.0,0.75,893.0,1558.0,16.0,3.6710598797964265,6.404827875389511,0.0657748690669012,1.4923,2.7714,28.7588,28.7479,75.5781,78.1681,3.054420482294228,1.373050391771564,7.000912626308303,9.298922114333166,0.0369983638501319,0.0698857983835826,1.4212333333333331,3.95274,29.2711,29.3665,73.51343333333334,74.16262,2.6995102512874065,2.0554646583406644,7.568220872010326,7.925871722561601,0.0575530104335386,0.0501533376635122,0.0657748690669012,0.06447454880819561
2024,Hyderabad,39,0.0,31.4452,63.4509,2432540.0,20.0,2.0,993.0,0.75,975.0,1544.0,20.0,4.008156083764296,6.347274864955972,0.0822185863336265,0.0,1.4923,30.3066,28.7588,66.7941,75.5781,3.6710598797964265,3.054420482294228,6.404827875389511,7.000912626308303,0.0657748690669012,0.0369983638501319,0.4974333333333333,3.77274,30.170200000000005,29.61656,68.60770000000001,72.4278,3.577878815284983,2.6203063464526792,6.584338455551261,7.310876696786076,0.0616639397502199,0.0575530104335385,0.0822185863336265,0.09230573830950525
2024,Hyderabad,40,0.0,31.2091,61.8932,2432540.0,20.0,2.0,993.0,0.75,828.0,1480.0,15.0,3.4038494742121403,6.084175388688367,0.0616639397502199,0.0,0.0,31.4452,30.3066,63.4509,66.7941,4.008156083764296,3.6710598797964265,6.347274864955972,6.404827875389511,0.0822185863336265,0.0657748690669012,0.0,0.85274,30.986966666666664,30.09352,64.04606666666666,69.17688000000001,3.694355145924288,3.102107262367731,6.278759376344617,7.027222573935063,0.0698857983835826,0.0633083114768924,0.0616639397502199,0.05805255470216894
2024,Hyderabad,41,0.0,31.9521,39.8386,2432540.0,20.0,2.0,993.0,0.75,978.0,1674.0,15.0,4.02048887171434,6.881695676124545,0.0616639397502199,0.0,0.0,31.2091,31.4452,61.8932,63.4509,3.4038494742121403,4.008156083764296,6.084175388688367,6.347274864955972,0.0616639397502199,0.0822185863336265,0.0,0.29846,31.535466666666668,30.73436,55.0609,61.51098,3.810831476563592,3.631594958356286,6.437715309922962,6.54377728629334,0.0685154886113555,0.0616639397502199,0.0616639397502199,0.05561616947710463
2024,Hyderabad,42,0.0,32.3723,41.8828,2432540.0,20.0,2.0,993.0,0.75,889.0,1699.0,15.0,3.654616162529701,6.984468909041578,0.0616639397502199,0.0,0.0,31.9521,31.2091,39.8386,61.8932,4.02048887171434,3.4038494742121403,6.881695676124545,6.084175388688367,0.0616639397502199,0.0616639397502199,0.0,0.0,31.8445,31.45706,47.87153333333333,54.77192,3.692984836152061,3.751634094403381,6.650113324618164,6.540488542839995,0.0616639397502199,0.0665970549302375,0.0616639397502199,0.05931000333001388
2024,Hyderabad,43,0.0,31.9348,36.115,2432540.0,20.0,2.0,993.0,0.75,428.0,1635.0,25.0,1.7594777475396088,6.721369432773973,0.1027732329170332,0.0,0.0,32.3723,31.9521,41.8828,39.8386,3.654616162529701,4.02048887171434,6.984468909041578,6.881695676124545,0.0616639397502199,0.0616639397502199,0.0,0.0,32.0864,31.7827,39.2788,48.6361,3.1448609272612167,3.369317667952018,6.862511339313365,6.603796854316888,0.075367037472491,0.0739967277002639,0.1027732329170332,0.10209777256047528
2024,Hyderabad,44,0.0,29.2741,50.8722,2432540.0,20.0,2.0,993.0,0.75,693.0,1194.0,24.0,2.8488740164601607,4.908449604117507,0.0986623036003518,0.0,0.0,31.9348,32.3723,36.115,41.8828,1.7594777475396088,3.654616162529701,6.721369432773973,6.984468909041578,0.1027732329170332,0.0616639397502199,0.0,0.0,31.19373333333333,31.34848,42.95666666666667,46.120360000000005,2.75432264217649,3.1374612544911904,6.204762648644352,6.316031802149195,0.087699825422535,0.0772854711536089,0.0986623036003518,0.10044972060045304
2025,Hyderabad,37,10.4,27.6512,80.4945,2659637.0,20.0,2.0,993.0,0.75,1649.0,2495.0,41.0,6.20009422338462,9.380979434411538,0.1541563754752998,0.9571,13.1714,30.8283,30.5229,65.397,76.3602,4.030625231939546,5.083400479087936,7.621340807034945,9.587774572244257,0.176715845057051,0.184235668250968,8.176166666666667,4.90856,29.667466666666662,30.15678,74.08389999999999,70.4538,5.104706644804034,4.899916793156359,8.863364937896913,9.029803691255612,0.1717026295944396,0.1827317036121846,0.1541563754752998,0.16091256847959848
2025,Hyderabad,38,0.0,28.8554,74.1076,2659637.0,20.0,2.0,993.0,0.75,1425.0,2635.0,42.0,5.357874025665908,9.907367057985732,0.1579162870722583,10.4,0.9571,27.6512,30.8283,80.4945,65.397,6.20009422338462,4.030625231939546,9.380979434411538,7.621340807034945,0.1541563754752998,0.176715845057051,3.7857,4.90856,29.111633333333334,29.86626,73.33303333333333,71.99442,5.196197826996691,5.149574923194406,8.969895766477405,9.123049498860182,0.1629295025348697,0.1699480041825256,0.1579162870722583,0.1611778701526066
2025,Hyderabad,39,0.0286,29.7634,65.666,2659637.0,20.0,2.0,993.0,0.75,1509.0,1942.0,40.0,5.6737065998104255,7.30174832129347,0.1503964638783413,0.0,10.4,28.8554,27.6512,74.1076,80.4945,5.357874025665908,6.20009422338462,9.907367057985732,9.380979434411538,0.1579162870722583,0.1541563754752998,3.4762000000000004,4.911420000000001,28.75666666666667,29.52424,73.4227,72.40506,5.743891616286985,5.269140111977687,8.863364937896913,8.75984203859399,0.1541563754752998,0.1646841279467837,0.1503964638783413,0.15254336809885086
2025,Hyderabad,40,1.7714,30.1196,67.688,2659637.0,20.0,2.0,993.0,0.75,1185.0,1553.0,83.0,4.455495242395861,5.8391427100766,0.3120726625475582,0.0286,0.0,29.7634,28.8554,65.666,74.1076,5.6737065998104255,5.357874025665908,7.30174832129347,9.907367057985732,0.1503964638783413,0.1579162870722583,0.6,2.6314200000000008,29.579466666666665,29.44358,69.15386666666666,70.67062000000001,5.1623586226240645,5.143559064639272,7.682752696451934,8.010115666160457,0.2067951378327193,0.1902515268061017,0.3120726625475582,0.3111319791268017
2025,Hyderabad,41,0.0,28.5253,46.303,2659637.0,20.0,2.0,993.0,0.75,2254.0,2769.0,50.0,8.47484073954453,10.411195211978177,0.1879955798479266,1.7714,0.0286,30.1196,29.7634,67.688,65.666,4.455495242395861,5.6737065998104255,5.8391427100766,7.30174832129347,0.3120726625475582,0.1503964638783413,0.6,2.4400000000000004,29.46943333333333,28.98298,59.88566666666666,66.85182,6.201347527250273,6.032402166160269,7.850695414449416,8.568086547149104,0.216821568757942,0.1925074737642768,0.1879955798479266,0.18222920014045213
2025,Hyderabad,42,0.0,29.2378,32.3864,2659637.0,20.0,2.0,993.0,0.75,2213.0,2535.0,49.0,8.320684364069232,9.53137589828988,0.184235668250968,0.0,1.7714,28.5253,30.1196,46.303,67.688,8.47484073954453,4.455495242395861,10.411195211978177,5.8391427100766,0.1879955798479266,0.3120726625475582,0.5904666666666667,0.3600000000000004,29.29423333333333,29.300300000000004,48.792466666666655,57.2302,7.083673448669875,6.456520194297193,8.593904606781551,8.598165839924771,0.2281013035488176,0.1985233323194105,0.184235668250968,0.17834453503826114
2025,Hyderabad,43,0.0,29.0902,33.3887,2659637.0,20.0,2.0,993.0,0.75,1795.0,2410.0,48.0,6.749041316540565,9.061386948670062,0.1804757566540095,0.0,0.0,29.2378,28.5253,32.3864,46.303,8.320684364069232,8.47484073954453,9.53137589828988,10.411195211978177,0.184235668250968,0.1879955798479266,0.0,0.3600000000000004,28.9511,29.34726,37.35936666666666,49.08642,7.848188806718109,6.734753652472122,9.66798601964604,8.428969818061638,0.1842356682509681,0.2030352262357607,0.1804757566540095,0.1886633079831881
2024,Jacobabad,37,0.9308,31.6349,66.8997,1174097.0,55.0,0.0,2686.0,0.35,1343.0,1245.0,47.0,11.438577902847893,10.60389388610992,0.4003076406804549,1.7286,9.2889,31.1042,30.2491,72.5422,74.4796,9.164489816429136,6.524162824706988,9.862898891658864,8.167979306650132,0.4769622952788398,0.5110310306558998,3.982766666666666,5.2182200000000005,30.996066666666664,31.11998,71.30716666666666,72.55600000000001,9.042410181328004,7.88861567655824,9.54492402813964,8.8033612214323,0.4627669888717315,0.4445969966706328,0.4003076406804549,0.4164107977440048
2024,Jacobabad,38,0.0,32.4837,57.4245,1174097.0,55.0,0.0,2686.0,0.35,1346.0,1098.0,51.0,11.464129454380686,9.351867861002969,0.4343763760575148,0.9308,1.7286,31.6349,31.1042,66.8997,72.5422,11.438577902847893,9.164489816429136,10.60389388610992,9.862898891658864,0.4003076406804549,0.4769622952788398,0.8864666666666666,3.16108,31.74093333333333,31.20576,65.62213333333332,70.03772000000001,10.689065724552572,8.96689115124219,9.939553546257253,9.20537229888161,0.4372154373389365,0.4480038702083388,0.4343763760575148,0.41280712884967175
2024,Jacobabad,39,0.1,33.495,54.861,1174097.0,55.0,0.0,2686.0,0.35,1323.0,1063.0,47.0,11.26823422596259,9.053766426453691,0.4003076406804549,0.0,0.9308,32.4837,31.6349,57.4245,66.8997,11.464129454380686,11.438577902847893,9.351867861002969,10.60389388610992,0.4343763760575148,0.4003076406804549,0.3435999999999999,2.40966,32.537866666666666,31.79338,59.7284,65.2414,11.390313861063722,9.971918844865458,9.669842724522193,9.408081274375116,0.4116638858061415,0.4445969966706328,0.4003076406804549,0.4111283121494217
2024,Jacobabad,40,0.0625,32.6915,50.8014,1174097.0,55.0,0.0,2686.0,0.35,1349.0,967.0,37.0,11.489681005913482,8.236116777404252,0.3151358022378049,0.1,0.0,33.495,32.4837,54.861,57.4245,11.26823422596259,11.464129454380686,9.053766426453691,9.351867861002969,0.4003076406804549,0.4343763760575148,0.0541666666666666,0.5643800000000003,32.89006666666666,32.281859999999995,54.362300000000005,60.50576,11.407348228752252,10.965022481106756,8.88058368828697,9.42170876852594,0.3832732729919249,0.4054179509870138,0.3151358022378049,0.31679873116023616
2024,Jacobabad,41,0.0714,30.4688,43.8734,1174097.0,55.0,0.0,2686.0,0.35,1327.0,1028.0,32.0,11.30230296133965,8.755664991904416,0.2725498830164798,0.0625,0.1,32.6915,33.495,50.8014,54.861,11.489681005913482,11.26823422596259,8.236116777404252,9.053766426453691,0.3151358022378049,0.4003076406804549,0.0779666666666666,0.2329400000000003,32.21843333333333,32.15478,49.84526666666667,54.772000000000006,11.353406064405242,11.39258511008886,8.681849398587454,9.200261988575049,0.3293311086449133,0.3645354685345418,0.2725498830164798,0.2878355866482985
2024,Jacobabad,42,0.0,30.3741,38.8525,1174097.0,55.0,0.0,2686.0,0.35,1316.0,900.0,40.0,11.208613939052736,7.665465459838497,0.3406873537705999,0.0714,0.0625,30.4688,32.6915,43.8734,50.8014,11.30230296133965,11.489681005913482,8.755664991904416,8.236116777404252,0.2725498830164798,0.3151358022378049,0.0446333333333333,0.0467800000000003,31.17813333333333,31.902619999999995,44.5091,49.16256,11.33353263543529,11.34659231732983,8.219082409715723,8.612576303320765,0.3094576796749615,0.3526114111525708,0.3406873537705999,0.3491397269912828
2024,Jacobabad,43,0.0,30.5932,34.923,1174097.0,55.0,0.0,2686.0,0.35,1153.0,857.0,22.0,9.820312972437542,7.299226554535102,0.1873780445738299,0.0,0.0714,30.3741,30.4688,38.8525,43.8734,11.208613939052736,11.30230296133965,7.665465459838497,8.755664991904416,0.3406873537705999,0.2725498830164798,0.0238,0.0467800000000003,30.4787,31.524520000000003,39.2163,44.66226,10.777076624276644,11.0178290209412,7.90678566875934,8.202048042027192,0.2668717604536365,0.3032117448558339,0.1873780445738299,0.167950683154504
2024,Jacobabad,44,0.0,28.8143,45.3236,1174097.0,55.0,0.0,2686.0,0.35,1379.0,710.0,36.0,11.74519652124143,6.047200529428148,0.3066186183935399,0.0,0.0,30.5932,30.3741,34.923,38.8525,9.820312972437542,11.208613939052736,7.299226554535102,7.665465459838497,0.1873780445738299,0.3406873537705999,0.0,0.0267800000000003,29.9272,30.588379999999997,39.6997,42.75478,10.92470781091057,11.11322147999697,7.00396418126725,7.600734862622083,0.2782280055793232,0.2844739403984508,0.3066186183935399,0.3091141636235909
2025,Jacobabad,37,2.3143,29.5816,73.8828,1216179.0,55.0,0.0,2686.0,0.35,1559.0,1003.0,168.0,12.818836700847491,8.247141251411183,1.381375603426798,0.1143,2.1286,32.8884,33.025,60.6083,65.1297,11.634800469338806,11.922587053386057,5.599504678176486,7.597565818847389,1.1758137576787626,1.595159923004755,1.5190666666666666,0.9343000000000004,31.831666666666667,32.726099999999995,66.54026666666668,61.32372,12.125408074524117,11.116784618053757,7.148070582811687,6.997325229263126,1.3841164280367722,1.4109765092145152,1.381375603426798,1.3076498333336455
2025,Jacobabad,38,0.0,32.2601,59.7912,1216179.0,55.0,0.0,2686.0,0.35,1507.0,940.0,182.0,12.391268061691576,7.729125400126132,1.4964902370456978,2.3143,0.1143,29.5816,32.8884,73.8828,60.6083,12.818836700847491,11.634800469338806,8.247141251411183,5.599504678176486,1.381375603426798,1.1758137576787626,0.8095333333333333,0.9343000000000004,31.5767,32.41948,64.76076666666667,62.500800000000005,12.281635077292623,11.675912838488411,7.191923776571268,7.291689792374314,1.3512265327170865,1.4159099935124682,1.4964902370456978,1.3962082396139506
2025,Jacobabad,39,0.0,32.4914,51.211,1216179.0,55.0,0.0,2686.0,0.35,1571.0,820.0,140.0,12.917506386806547,6.742428540535563,1.1511463361889984,0.0,2.3143,32.2601,29.5816,59.7912,73.8828,12.391268061691576,12.818836700847491,7.729125400126132,8.247141251411183,1.4964902370456978,1.381375603426798,0.7714333333333333,0.9114400000000004,31.444366666666667,32.0493,61.62833333333334,62.12460000000001,12.70920371644854,12.336999734414094,7.572898397357626,7.183153137819351,1.3430040588871648,1.3599971714690025,1.1511463361889984,1.1968771846328254
2025,Jacobabad,40,0.0,32.7765,45.2435,1216179.0,55.0,0.0,2686.0,0.35,1052.0,739.0,165.0,8.65004246907733,6.076408160311928,1.356708181937034,0.0,0.0,32.4914,32.2601,51.211,59.7912,12.917506386806547,12.391268061691576,6.742428540535563,7.729125400126132,1.1511463361889984,1.4964902370456978,0.0,0.4857200000000003,32.50933333333333,31.9996,52.0819,58.147360000000006,11.31960563919182,11.68249081755235,6.849320700324541,6.878921606112259,1.3347815850572438,1.3123068232554582,1.356708181937034,1.3197856029253179
2025,Jacobabad,41,0.0,27.9479,43.47,1216179.0,55.0,0.0,2686.0,0.35,1766.0,766.0,185.0,14.520888783641224,6.298414953719806,1.5211576585354625,0.0,0.0,32.7765,32.4914,45.2435,51.211,8.65004246907733,12.917506386806547,6.076408160311928,6.742428540535563,1.356708181937034,1.1511463361889984,0.0,0.4628600000000003,31.07193333333333,31.0115,46.6415,54.7197,12.029479213175035,12.259708480412836,6.372417218189099,7.018703661220923,1.343004058887165,1.381375603426798,1.5211576585354625,1.4605442518209206
2025,Jacobabad,42,0.0,28.553,34.0386,1216179.0,55.0,0.0,2686.0,0.35,1939.0,839.0,159.0,15.94337675621763,6.89865554330407,1.3073733389575053,0.0,0.0,27.9479,32.7765,43.47,45.2435,14.520888783641224,8.65004246907733,6.298414953719806,6.076408160311928,1.5211576585354625,1.356708181937034,0.0,0.0,29.75913333333333,30.80578,40.917366666666666,46.75086,13.038102669645395,12.88461649148686,6.4244928857786014,6.7490065195995,1.3950797264766672,1.3665751505329395,1.3073733389575053,1.2989353248578124
2025,Jacobabad,43,0.0,27.9581,37.0486,1216179.0,55.0,0.0,2686.0,0.35,2028.0,782.0,188.0,16.675176927080635,6.429974534998548,1.5458250800252265,0.0,0.0,28.553,27.9479,34.0386,43.47,15.94337675621763,14.520888783641224,6.89865554330407,6.298414953719806,1.3073733389575053,1.5211576585354625,0.0,0.0,28.153,29.94538,38.18573333333333,42.20234,15.71314748897983,13.741398264564674,6.542348344007475,6.489176346573983,1.458118692506065,1.3764421191288452,1.5458250800252265,1.4857649300077982
2024,Jaffarabad,37,0.0,0.0,0.0,594558.0,55.0,1.0,1643.0,0.2,1090.0,457.0,6.0,18.33294649134315,7.686382152792495,0.1009153017872099,0.0,0.0,0.0,0.0,0.0,0.0,1.7660177812761748,14.414068938606494,9.973795659969252,8.0732241429768,0.1681921696453499,0.30274590536163,0.0,0.0,0.0,0.0,0.0,0.0,11.50434440374194,9.58695366978495,8.577800651912847,9.509585271748088,0.1906177922647299,0.232105194110583,0.1009153017872099,0.09531715937208188
2024,Jaffarabad,38,0.0,0.0,0.0,594558.0,55.0,1.0,1643.0,0.2,863.0,399.0,4.0,14.514984240393703,6.710867568849464,0.06727686785814,0.0,0.0,0.0,0.0,0.0,0.0,18.33294649134315,1.7660177812761748,7.686382152792495,9.973795659969252,0.1009153017872099,0.1681921696453499,0.0,0.0,0.0,0.0,0.0,0.0,11.53798283767101,10.064619431577745,8.123681793870404,9.368303849245994,0.1121281130968999,0.228741350717676,0.06727686785814,0.067072073071069
2024,Jaffarabad,39,0.0,0.0,0.0,594558.0,55.0,1.0,1643.0,0.2,499.0,1071.0,59.0,8.392789265302964,18.013381369016987,0.992333800907565,0.0,0.0,0.0,0.0,0.0,0.0,14.514984240393703,18.33294649134315,6.710867568849464,7.686382152792495,0.06727686785814,0.1009153017872099,0.0,0.0,0.0,0.0,0.0,0.0,13.74690666567994,11.484161343384496,10.803543696886312,10.091530178720998,0.386841990184305,0.3262928091119789,0.992333800907565,0.9896291078431738
2024,Jaffarabad,40,0.0,0.0,0.0,594558.0,55.0,1.0,1643.0,0.2,43.0,412.0,0.0,0.723226329475005,6.92951738938842,0.0,0.0,0.0,0.0,0.0,0.0,0.0,8.392789265302964,14.514984240393703,18.013381369016987,6.710867568849464,0.992333800907565,0.06727686785814,0.0,0.0,0.0,0.0,0.0,0.0,7.876999945057224,8.7459928215582,10.551255442418288,9.862788828003325,0.353203556255235,0.2657436280396529,0.0,0.010789973490846594
2024,Jaffarabad,41,0.0,0.0,0.0,594558.0,55.0,1.0,1643.0,0.2,150.0,1168.0,0.0,2.52288254468025,19.64484541457688,0.0,0.0,0.0,0.0,0.0,0.0,0.0,0.723226329475005,8.392789265302964,6.92951738938842,18.013381369016987,0.0,0.992333800907565,0.0,0.0,0.0,0.0,0.0,0.0,3.879632713152738,8.897365774239015,14.862581390994094,11.796998778924848,0.330777933635855,0.2321051941105829,0.0,0.009456805860255935
2024,Jaffarabad,42,0.0,0.0,0.0,594558.0,55.0,1.0,1643.0,0.2,122.0,1062.0,0.0,2.05194446967327,17.86200841633617,0.0,0.0,0.0,0.0,0.0,0.0,0.0,2.52288254468025,0.723226329475005,19.64484541457688,6.92951738938842,0.0,0.0,0.0,0.0,0.0,0.0,0.0,0.0,1.7660177812761737,5.641165369905038,14.812123740100487,13.832124031633583,0.0,0.2119221337531409,0.0,0.0062436907101871
2024,Jaffarabad,43,0.0,0.0,0.0,594558.0,55.0,1.0,1643.0,0.2,1068.0,103.0,22.0,17.96292371812338,1.732379347347105,0.3700227732197699,0.0,0.0,0.0,0.0,0.0,0.0,2.05194446967327,2.52288254468025,17.86200841633617,19.64484541457688,0.0,0.0,0.0,0.0,0.0,0.0,0.0,0.0,7.5125835774922995,6.330753265450974,13.079744392753383,12.83642638733311,0.1233409244065899,0.272471314825467,0.3700227732197699,0.3802445622610052
2024,Jaffarabad,44,0.0,0.0,0.0,594558.0,55.0,1.0,1643.0,0.2,1093.0,94.0,70.0,18.38340414223676,1.58100639466629,1.17734518751745,0.0,0.0,0.0,0.0,0.0,0.0,17.96292371812338,2.05194446967327,1.732379347347105,17.86200841633617,0.3700227732197699,0.0,0.0,0.0,0.0,0.0,0.0,0.0,12.799424110011136,8.328876240837733,7.058464719449854,9.549951392462974,0.51578932024574,0.3094735921474439,1.17734518751745,1.1288690884372743
2025,Jaffarabad,37,0.0,0.0,0.0,621388.0,55.0,1.0,1643.0,0.2,802.0,468.0,9.0,12.906589763561575,7.531526196193039,0.1448370422344815,0.0,0.0,0.0,0.0,0.0,0.0,9.784546853173865,11.989288496076526,6.69468995217159,7.290131125802236,1.255254366032173,1.5449284505011365,0.0,0.0,0.0,0.0,0.0,0.0,11.560141704270654,9.430500749934016,7.172115758055621,6.157183595434736,0.9816732862559304,0.8722408543454332,0.1448370422344815,0.18685531206342976
2025,Jaffarabad,38,0.0,0.0,0.0,621388.0,55.0,1.0,1643.0,0.2,777.0,555.0,36.0,12.50426464624357,8.931617604459694,0.5793481689379261,0.0,0.0,0.0,0.0,0.0,0.0,12.906589763561575,9.784546853173865,7.531526196193039,6.69468995217159,0.1448370422344815,1.255254366032173,0.0,0.0,0.0,0.0,0.0,0.0,11.731800420993002,9.99053731324068,7.719277917608108,6.730094562495575,0.659813192401527,0.7145294083567755,0.5793481689379261,0.6810213031237731
2025,Jaffarabad,39,0.0,0.0,0.0,621388.0,55.0,1.0,1643.0,0.2,845.0,602.0,59.0,13.598588965348542,9.68798882501754,0.94948727687049,0.0,0.0,0.0,0.0,0.0,0.0,12.50426464624357,12.906589763561575,8.931617604459694,7.531526196193039,0.5793481689379261,0.1448370422344815,0.0,0.0,0.0,0.0,0.0,0.0,13.003147791717891,12.156655744880814,8.717044208556757,8.027190740728821,0.5578908293476327,0.8947710609152415,0.94948727687049,1.016645467392891
2025,Jaffarabad,40,0.0,0.0,0.0,621388.0,55.0,1.0,1643.0,0.2,745.0,514.0,52.0,11.989288496076526,8.271804412058167,0.8368362440214487,0.0,0.0,0.0,0.0,0.0,0.0,13.598588965348542,12.50426464624357,9.68798882501754,8.931617604459694,0.94948727687049,0.5793481689379261,0.0,0.0,0.0,0.0,0.0,0.0,12.69738070255621,12.156655744880814,8.963803613845135,8.223525397980007,0.7885572299432884,0.7531526196193038,0.8368362440214487,0.8751981618564354
2025,Jaffarabad,41,0.0,0.0,0.0,621388.0,55.0,1.0,1643.0,0.2,911.0,518.0,95.0,14.660727275068073,8.336176430829047,1.528835445808416,0.0,0.0,0.0,0.0,0.0,0.0,11.989288496076526,13.598588965348542,8.271804412058167,9.68798882501754,0.8368362440214487,0.94948727687049,0.0,0.0,0.0,0.0,0.0,0.0,13.416201578831044,13.131891829259654,8.765323222634917,8.551822693711497,1.1050529889001182,0.8078688355745525,1.528835445808416,1.4058680183702414
2025,Jaffarabad,42,0.0,0.0,0.0,621388.0,55.0,1.0,1643.0,0.2,301.0,327.0,4.0,4.843994412508771,5.262412534519496,0.0643720187708806,0.0,0.0,0.0,0.0,0.0,0.0,14.660727275068073,11.989288496076526,8.336176430829047,8.271804412058167,1.528835445808416,0.8368362440214487,0.0,0.0,0.0,0.0,0.0,0.0,10.49800339455112,11.519372759049094,7.290131125802236,8.09799996137679,0.8100145695335819,0.7917758308818323,0.0643720187708806,0.02938570297341106
2025,Jaffarabad,43,0.0,0.0,0.0,621388.0,55.0,1.0,1643.0,0.2,374.0,379.0,10.0,6.018783755077343,6.099248778540944,0.1609300469272016,0.0,0.0,0.0,0.0,0.0,0.0,4.843994412508771,14.660727275068073,5.262412534519496,8.336176430829047,0.0643720187708806,1.528835445808416,0.0,0.0,0.0,0.0,0.0,0.0,8.507835147551393,10.22227658081585,6.565945914629829,7.531526196193039,0.5847125038354996,0.7080922064796874,0.1609300469272016,0.19872839509699455
2024,Jamshoro,37,1.7,28.5851,77.1684,1117308.0,33.0,2.0,11204.0,0.35,3025.0,2752.0,68.0,27.074002871186817,24.63063005008467,0.6086056843770921,3.1571,14.1,28.4596,28.7296,80.7001,79.062,20.97899594382212,18.329771200063007,25.087084313367484,21.0326964453848,0.4564542632828191,0.4743544304703805,6.319033333333333,4.85428,28.59143333333333,29.25686,78.97683333333333,76.67508000000001,22.12759000502398,19.85665546116201,23.58347026961232,22.41458935226455,0.5131381260434306,0.4743544304703805,0.6086056843770921,0.6314947056046116
2024,Jamshoro,38,0.0,30.5808,65.5405,1117308.0,33.0,2.0,11204.0,0.35,2762.0,2248.0,37.0,24.720130886022478,20.11978791881916,0.3311530929698884,1.7,3.1571,28.5851,28.4596,77.1684,80.7001,27.074002871186817,20.97899594382212,24.63063005008467,25.087084313367484,0.6086056843770921,0.4564542632828191,1.619033333333333,4.05714,29.2085,29.24728,74.46966666666667,75.39704,24.2577099003438,21.514210942730205,23.27916742742377,22.616861241484,0.4654043468765998,0.4421341295327698,0.3311530929698884,0.3619312346331215
2024,Jamshoro,39,0.0,31.7638,61.7988,1117308.0,33.0,2.0,11204.0,0.35,3680.0,2331.0,71.0,32.93630762511322,20.862644857102968,0.6354559351584343,0.0,1.7,30.5808,28.5851,65.5405,77.1684,24.720130886022478,27.074002871186817,20.11978791881916,24.63063005008467,0.3311530929698884,0.6086056843770921,0.5666666666666667,3.79142,30.3099,29.62378,68.16923333333334,72.85396,28.24348046077417,24.807841705241525,21.871020942002264,22.34656871695181,0.5250715708351382,0.5012046812517229,0.6354559351584343,0.6374964354187026
2024,Jamshoro,40,0.0,31.3789,61.11,1117308.0,33.0,2.0,11204.0,0.35,3143.0,2261.0,67.0,28.130112735252947,20.236139005538316,0.5996556007833113,0.0,0.0,31.7638,30.5808,61.7988,65.5405,32.93630762511322,24.720130886022478,20.862644857102968,20.11978791881916,0.6354559351584343,0.3311530929698884,0.0,0.97142,31.24116666666667,30.153640000000003,62.81643333333333,69.26356000000001,28.595517082129547,26.767910012279515,20.406190593820146,22.18725722898252,0.5220882096372114,0.5262649153143091,0.5996556007833113,0.634798721704809
2024,Jamshoro,41,0.0,32.44,37.505,1117308.0,33.0,2.0,11204.0,0.35,3586.0,2086.0,63.0,32.09499976729783,18.66987437662668,0.5638552664081883,0.0,0.0,31.3789,31.7638,61.11,61.7988,28.130112735252947,32.93630762511322,20.236139005538316,20.862644857102968,0.5996556007833113,0.6354559351584343,0.0,0.3399999999999999,31.8609,30.949720000000003,53.47126666666667,60.62454,31.05380670922133,28.99111077697465,19.922886079755987,20.903815241634355,0.5996556007833113,0.5477451159393829,0.5638552664081883,0.5790719572195642
2024,Jamshoro,42,0.0,32.6242,40.7981,1117308.0,33.0,2.0,11204.0,0.35,3235.0,1915.0,57.0,28.95352042588078,17.139410082090166,0.5101547648455037,0.0,0.0,32.44,31.3789,37.505,61.11,32.09499976729783,28.130112735252947,18.66987437662668,20.236139005538316,0.5638552664081883,0.5996556007833113,0.0,0.0,32.14769999999999,31.75754,46.47103333333333,53.35047999999999,29.72621097614385,29.367014287913445,18.681807821418385,19.405571248035454,0.5578885440123345,0.5280549320330652,0.5101547648455037,0.5258539153506396
2024,Jamshoro,43,0.0,32.3063,33.9363,1117308.0,33.0,2.0,11204.0,0.35,2926.0,1904.0,75.0,26.18794459540252,17.04095916255858,0.6712562695335574,0.0,0.0,32.6242,32.44,40.7981,37.505,28.95352042588078,32.09499976729783,17.139410082090166,18.66987437662668,0.5101547648455037,0.5638552664081883,0.0,0.0,32.45683333333333,32.10264,37.41313333333333,47.02963999999999,29.07882159619371,29.660577029789454,17.616747873758474,18.789805496783337,0.5817554335957498,0.596075567345799,0.6712562695335574,0.6501962292457923
2024,Jamshoro,44,0.0,29.2754,51.5839,1117308.0,33.0,2.0,11204.0,0.35,2849.0,1618.0,50.0,25.498788158681403,14.481235254737278,0.4475041796890383,0.0,0.0,32.3063,32.6242,33.9363,40.7981,26.18794459540252,28.95352042588078,17.04095916255858,17.139410082090166,0.6712562695335574,0.5101547648455037,0.0,0.0,31.401966666666667,31.604960000000005,42.1061,44.98666000000001,26.880084393321567,28.17307313650309,16.22053483312867,17.513523576310202,0.5429717380226998,0.5584852162519198,0.4475041796890383,0.4606237801687235
2025,Jamshoro,37,9.7571,27.8343,79.285,1200463.0,33.0,2.0,11204.0,0.35,3162.0,1873.0,86.0,26.339837212808725,15.602313440730784,0.7163902594249052,0.7857,13.9286,30.893,30.7757,65.0641,74.4739,22.499652217519408,27.69764665799779,13.494793258934262,16.05213988269526,0.6414191857641593,0.7163902594249052,8.157133333333332,4.90856,29.83433333333333,30.3022,72.941,69.62154,25.51237869610864,25.391869636965072,15.049748860786767,15.667288371236763,0.69139990153799,0.7263864025796714,0.7163902594249052,0.7103983748647079
2025,Jamshoro,38,0.0,28.97,73.5318,1200463.0,33.0,2.0,11204.0,0.35,3346.0,1875.0,87.0,27.8725791632062,15.618973679322062,0.7247203787205436,9.7571,0.7857,27.8343,30.893,79.285,65.0641,26.339837212808725,22.499652217519408,15.602313440730784,13.494793258934262,0.7163902594249052,0.6414191857641593,3.5142666666666664,4.90856,29.23243333333333,30.00826,72.62696666666666,71.13553999999999,25.570689531178108,26.02162665571534,14.905360126329036,15.427380935522375,0.6941766079698694,0.706394116270139,0.7247203787205436,0.7001643950880543
2025,Jamshoro,39,0.0,29.6578,66.3616,1200463.0,33.0,2.0,11204.0,0.35,3334.0,1915.0,83.0,27.77261773165853,15.9521784511476,0.6913999015379899,0.0,9.7571,28.97,27.8343,73.5318,79.285,27.8725791632062,26.339837212808725,15.618973679322062,15.602313440730784,0.7247203787205436,0.7163902594249052,3.252366666666666,4.894279999999999,28.8207,29.62616,73.05946666666667,71.74328,27.328344702557825,26.43646659663813,15.724488523733482,15.344079742565992,0.7108368465611462,0.6980639969745007,0.6913999015379899,0.7011509539434352
2025,Jamshoro,40,0.8571,30.0382,68.01,1200463.0,33.0,2.0,11204.0,0.35,3219.0,1793.0,143.0,26.814654012660117,14.93590389707971,1.191207059276296,0.0,0.0,29.6578,28.97,66.3616,73.5318,27.77261773165853,27.8725791632062,15.9521784511476,15.618973679322062,0.6913999015379899,0.7247203787205436,0.2857,2.27998,29.555333333333333,29.47866,69.30113333333334,70.45049999999999,27.48661696917495,26.2598680675706,15.502352009183126,15.120832545442884,0.8691091131782764,0.7930273569447788,1.191207059276296,1.0692791929278278
2024,Jhal Magsi,37,0.0,0.0,0.0,203368.0,60.0,0.0,3615.0,0.2,114.0,111.0,0.0,5.605601667912356,5.458085834546241,0.0,0.0,0.0,0.0,0.0,0.0,0.0,24.389284449864288,12.243814169387514,11.948782502655284,12.047126391566028,0.0,0.3933755556429724,0.0,0.0,0.0,0.0,0.0,0.0,14.079566762388056,14.72208016993824,9.81799824292252,8.8804531686401,0.1311251852143241,0.255694111167932,0.0,0.0036304143404703726
2024,Jhal Magsi,38,0.0,0.0,0.0,203368.0,60.0,0.0,3615.0,0.2,496.0,309.0,0.0,24.389284449864288,15.194130836709808,0.0,0.0,0.0,0.0,0.0,0.0,0.0,5.605601667912356,24.389284449864288,5.458085834546241,11.948782502655284,0.0,0.0,0.0,0.0,0.0,0.0,0.0,0.0,18.128056855880317,15.676015892372453,10.866999724637113,9.962235946658272,0.0,0.1966877778214861,0.0,0.00559660148113425
2024,Jhal Magsi,39,0.0,0.0,0.0,203368.0,60.0,0.0,3615.0,0.2,183.0,193.0,0.0,8.998465835332992,9.490185279886708,0.0,0.0,0.0,0.0,0.0,0.0,0.0,24.389284449864288,5.605601667912356,15.194130836709808,5.458085834546241,0.0,0.0,0.0,0.0,0.0,0.0,0.0,0.0,12.99778398436988,15.125290114472287,10.047467317047586,10.827662169072813,0.0,0.0786751111285944,0.0,0.005691190873472363
2024,Jhal Magsi,40,0.0,0.0,0.0,203368.0,60.0,0.0,3615.0,0.2,332.0,168.0,0.0,16.325085559183353,8.260886668502419,0.0,0.0,0.0,0.0,0.0,0.0,0.0,8.998465835332992,24.389284449864288,9.490185279886708,15.194130836709808,0.0,0.0,0.0,0.0,0.0,0.0,0.0,0.0,16.570945281460215,15.941544392431457,10.981734261699645,10.070414224460093,0.0,0.0,0.0,0.005381780118809992
2024,Jhal Magsi,43,0.0,0.0,0.0,203368.0,60.0,0.0,3615.0,0.2,563.0,389.0,0.0,27.68380472837418,19.12788639313953,0.0,0.0,0.0,0.0,0.0,0.0,0.0,29.453994728767555,17.013492781558554,37.37067778608237,33.92864167420637,0.0,0.0,0.0,0.0,0.0,0.0,0.0,0.0,24.7170974129001,19.894968726643327,30.142401951142755,21.63565556036348,0.0,0.0,0.0,0.00499403183703917
2024,Jhal Magsi,44,0.0,0.0,0.0,203368.0,60.0,0.0,3615.0,0.2,564.0,280.0,4.0,27.73297667282955,13.768144447504032,0.1966877778214862,0.0,0.0,0.0,0.0,0.0,0.0,27.68380472837418,29.453994728767555,19.12788639313953,37.37067778608237,0.0,0.0,0.0,0.0,0.0,0.0,0.0,0.0,28.29025870999043,23.64187089414264,23.422236208908643,22.491247393886944,0.065562592607162,0.0393375555642972,0.1966877778214862,0.18974758171886952
2025,Jhal Magsi,37,0.0,0.0,0.0,180130.0,60.0,0.0,3615.0,0.2,347.0,383.0,27.0,19.263864986398712,21.262421584411257,1.49891744850941,0.0,0.0,0.0,0.0,0.0,0.0,4.77432965080775,16.432576472547606,7.217009937267529,19.319380447454616,0.0,1.49891744850941,0.0,0.0,0.0,0.0,0.0,0.0,13.490257036584689,14.089824015988452,15.932937323044468,16.621329040137677,0.9992782990062732,0.8549381002609227,1.49891744850941,1.4529832513227277
2025,Jhal Magsi,38,0.0,0.0,0.0,180130.0,60.0,0.0,3615.0,0.2,343.0,310.0,0.0,19.04180314217509,17.20979292733026,0.0,0.0,0.0,0.0,0.0,0.0,0.0,19.263864986398712,4.77432965080775,21.262421584411257,7.217009937267529,1.49891744850941,0.0,0.0,0.0,0.0,0.0,0.0,0.0,14.359999259793852,14.955865208460557,15.229741483003016,15.932937323044468,0.4996391495031365,0.7994226392050187,0.0,-0.007060323861473983
2025,Jhal Magsi,39,0.0,0.0,0.0,180130.0,60.0,0.0,3615.0,0.2,375.0,350.0,10.0,20.818297895964022,19.430411369566425,0.5551546105590407,0.0,0.0,0.0,0.0,0.0,0.0,19.04180314217509,19.263864986398712,17.20979292733026,21.262421584411257,0.0,1.49891744850941,0.0,0.0,0.0,0.0,0.0,0.0,19.707988674845947,16.066174429578638,19.300875293769312,16.88780325320602,0.68469068635615,0.7105979015155721,0.5551546105590407,0.560020478372762
2025,Jhal Magsi,40,0.0,0.0,0.0,180130.0,60.0,0.0,3615.0,0.2,206.0,253.0,9.0,11.43618497751624,14.04541164714373,0.4996391495031366,0.0,0.0,0.0,0.0,0.0,0.0,20.818297895964022,19.04180314217509,19.430411369566425,17.20979292733026,0.5551546105590407,0.0,0.0,0.0,0.0,0.0,0.0,0.0,17.09876200521845,15.066896130572363,16.89520531468014,15.83300949314384,0.3515979200207257,0.5107422417143174,0.4996391495031366,0.470014332173177
2025,Jhal Magsi,41,0.0,0.0,0.0,180130.0,60.0,0.0,3615.0,0.2,147.0,172.0,6.0,8.160772775217898,9.5486593016155,0.3330927663354244,0.0,0.0,0.0,0.0,0.0,0.0,11.43618497751624,20.818297895964022,14.04541164714373,19.430411369566425,0.4996391495031366,0.5551546105590407,0.0,0.0,0.0,0.0,0.0,0.0,13.471751882899389,15.744184755454391,14.34149410610855,16.299339366013434,0.4626288421325338,0.5773607949814024,0.3330927663354244,0.33246122568878544
2025,Jhal Magsi,42,0.0,0.0,0.0,180130.0,60.0,0.0,3615.0,0.2,168.0,167.0,0.0,9.326597457391884,9.27108199633598,0.0,0.0,0.0,0.0,0.0,0.0,0.0,8.160772775217898,11.43618497751624,9.5486593016155,14.04541164714373,0.3330927663354244,0.4996391495031366,0.0,0.0,0.0,0.0,0.0,0.0,9.641185070042008,13.75673124965303,10.955050981698404,13.901071448398378,0.2775773052795203,0.2775773052795204,0.0,-0.002985954955032427
2025,Jhal Magsi,43,0.0,0.0,0.0,180130.0,60.0,0.0,3615.0,0.2,295.0,224.0,12.0,16.3770610114917,12.435463276522512,0.6661855326708489,0.0,0.0,0.0,0.0,0.0,0.0,9.326597457391884,8.160772775217898,9.27108199633598,9.5486593016155,0.0,0.3330927663354244,0.0,0.0,0.0,0.0,0.0,0.0,11.288143748033828,13.223782823516348,10.418401524824665,12.946205518236829,0.3330927663354244,0.4108144118136901,0.6661855326708489,0.6906954204055282
2025,Kachhi (Bolan),37,1.8143,27.4738,66.4015,417079.0,621.2798240791644,0.6690489279824079,6292.451621770203,0.3392935678944475,78.0,112.0,10.0,1.8701493002524705,2.6853425849779056,0.2397627308015987,0.5429,4.6857,29.5066,29.6807,53.8891,61.5848,3.140891773500943,2.1338883041342287,6.185878454681247,1.6303865694508717,0.3356678231222382,0.0479525461603197,2.347633333333333,1.5085799999999998,28.88703333333333,29.95534,60.62513333333334,58.23706,2.381643125962547,1.9228971010288216,3.500535869703341,3.2463873750536463,0.2077943666947188,0.2014006938733429,0.2397627308015987,0.21550243806758482
2025,Kachhi (Bolan),38,0.0,29.2831,46.7153,417079.0,621.2798240791644,0.6690489279824079,6292.451621770203,0.3392935678944475,122.0,197.0,29.0,2.9251053157795046,4.723325796791495,0.6953119193246364,1.8143,0.5429,27.4738,29.5066,66.4015,53.8891,1.8701493002524705,3.140891773500943,2.6853425849779056,6.185878454681247,0.2397627308015987,0.3356678231222382,0.7857333333333334,1.40858,28.7545,29.4404,55.66863333333333,56.18972,2.645382129844306,2.248974414918996,4.5315156121502165,3.481354851239213,0.4235808244161578,0.2637390038817586,0.6953119193246364,0.6752660390616458
2025,Kachhi (Bolan),39,0.0,29.4372,43.7009,417079.0,621.2798240791644,0.6690489279824079,6292.451621770203,0.3392935678944475,33.0,82.0,29.0,0.7912170116452758,1.9660543925731095,0.6953119193246364,0.0,1.8143,29.2831,27.4738,46.7153,66.4015,2.9251053157795046,1.8701493002524705,4.723325796791495,2.6853425849779056,0.6953119193246364,0.2397627308015987,0.6047666666666668,1.40858,28.73136666666667,29.076280000000004,52.272566666666656,54.45832,1.86215720922575,2.172250341062484,3.1249075914475037,3.438197559694926,0.5434621898169572,0.4028013877466859,0.6953119193246364,0.6851055805194648
2025,Kachhi (Bolan),40,0.0,28.8164,31.6029,417079.0,621.2798240791644,0.6690489279824079,6292.451621770203,0.3392935678944475,227.0,275.0,29.0,5.442613989196291,6.5934750970439655,0.6953119193246364,0.0,0.0,29.4372,29.2831,43.7009,46.7153,0.7912170116452758,2.9251053157795046,1.9660543925731095,4.723325796791495,0.6953119193246364,0.6953119193246364,0.0,0.4714400000000002,29.1789,28.90342,40.67303333333333,48.46194,3.052978772207023,2.833995478074897,4.427618428802856,4.430815265213544,0.6953119193246364,0.5322732623795492,0.6953119193246364,0.6452998492158875
2025,Kachhi (Bolan),41,0.0,23.231,32.5409,417079.0,621.2798240791644,0.6690489279824079,6292.451621770203,0.3392935678944475,166.0,187.0,40.0,3.980061331306539,4.483563065989896,0.959050923206395,0.0,0.0,28.8164,29.4372,31.6029,43.7009,5.442613989196291,0.7912170116452758,6.5934750970439655,1.9660543925731095,0.6953119193246364,0.6953119193246364,0.0,0.3628600000000002,27.16153333333333,27.6483,35.94823333333333,44.1923,3.404630777382702,3.001829389636016,4.347697518535657,4.090352187475274,0.7832249206185559,0.6569498823963806,0.959050923206395,0.903862164673023
2025,Kachhi (Bolan),42,0.0,25.1646,23.6209,417079.0,621.2798240791644,0.6690489279824079,6292.451621770203,0.3392935678944475,274.0,271.0,34.0,6.569498823963806,6.497570004723326,0.8151932847254357,0.0,0.0,23.231,28.8164,32.5409,31.6029,3.980061331306539,5.442613989196291,4.483563065989896,6.5934750970439655,0.959050923206395,0.6953119193246364,0.0,0.0,25.737333333333336,27.18646,29.254900000000003,35.63618,5.330724714822211,3.941699294378283,5.858202722585729,4.852797671424359,0.8231853757521557,0.772035993181148,0.8151932847254357,0.803781011811389
2025,Kachhi (Bolan),43,0.0,24.3887,25.9235,417079.0,621.2798240791644,0.6690489279824079,6292.451621770203,0.3392935678944475,253.0,289.0,12.0,6.065997089280448,6.929142920166204,0.2877152769619184,0.0,0.0,25.1646,23.231,23.6209,32.5409,6.569498823963806,3.980061331306539,6.497570004723326,4.483563065989896,0.8151932847254357,0.959050923206395,0.0,0.0,24.261433333333333,26.20758,27.361766666666664,31.47782,5.538519081516931,4.569877649078473,5.970091996959809,5.2939610960993,0.6873198282979164,0.6905166647086045,0.2877152769619184,0.2678678235624161
2024,Kalat,37,0.0,21.0485,25.9248,271560.0,2000.0,0.0,7654.0,0.2,55.0,33.0,2.0,2.0253351008985123,1.2152010605391073,0.0736485491235822,0.0429,1.6778,21.7315,22.1837,38.6995,50.1151,0.2209456473707468,1.8412137280895569,2.6145234938871704,2.504050670201797,0.0368242745617911,0.0,0.5735666666666667,0.8898400000000001,21.654566666666668,22.21756,38.24646666666667,45.19488,1.362498158786272,1.4435115628222124,2.111258408209358,2.15790248932096,0.0368242745617911,0.3682427456179113,0.0736485491235822,0.07358981840861667
2024,Kalat,38,0.0,22.2952,23.0599,271560.0,2000.0,0.0,7654.0,0.2,39.0,33.0,0.0,1.4361467079098542,1.2152010605391073,0.0,0.0,0.0429,21.0485,21.7315,25.9248,38.6995,2.0253351008985123,0.2209456473707468,1.2152010605391073,2.6145234938871704,0.0736485491235822,0.0368242745617911,0.0143,0.5984200000000001,21.69173333333333,21.80458,29.228066666666667,37.93384,1.227475818726371,1.1194579466784504,1.6816418716551282,1.944321696862572,0.0368242745617911,0.0220945647370747,0.0,0.005994511509694683
2024,Kalat,39,0.0,23.2045,22.0552,271560.0,2000.0,0.0,7654.0,0.2,39.0,67.0,0.0,1.4361467079098542,2.4672263956400062,0.0,0.0,0.0,22.2952,21.0485,23.0599,25.9248,1.4361467079098542,2.0253351008985123,1.2152010605391073,1.2152010605391073,0.0,0.0736485491235822,0.0,0.34414,22.18273333333333,22.09268,23.67996666666667,31.9709,1.6325428389060737,1.3919575784357048,1.6325428389060737,2.003240536161438,0.0245495163745274,0.0220945647370747,0.0,0.006285860005747074
2024,Kalat,40,1.2125,19.8423,34.5521,271560.0,2000.0,0.0,7654.0,0.2,0.0,37.0,0.0,0.0,1.362498158786272,0.0,0.0,0.0,23.2045,22.2952,22.0552,23.0599,1.4361467079098542,1.4361467079098542,2.4672263956400062,1.2152010605391073,0.0,0.0,0.4041666666666666,0.2510799999999999,21.780666666666665,21.6244,26.555733333333333,28.8583,0.9574311386065696,1.0237148328177934,1.6816418716551285,1.7749300338783325,0.0,0.0220945647370747,0.0,0.00621625962810185
2024,Kalat,41,1.3857,15.7104,41.3172,271560.0,2000.0,0.0,7654.0,0.2,6.0,46.0,0.0,0.2209456473707468,1.6939166298423922,0.0,1.2125,0.0,19.8423,23.2045,34.5521,22.0552,0.0,1.4361467079098542,1.362498158786272,2.4672263956400062,0.0,0.0,0.8660666666666667,0.51964,19.585733333333334,20.42018,32.6415,29.38184,0.552364118426867,1.0237148328177936,1.8412137280895569,1.590808661069377,0.0,0.0147297098247164,0.0,0.008184481126999238
2024,Kalat,42,0.0,17.0393,23.3747,271560.0,2000.0,0.0,7654.0,0.2,2.0,47.0,0.0,0.0736485491235822,1.730740904404183,0.0,1.3857,1.2125,15.7104,19.8423,41.3172,34.5521,0.2209456473707468,0.0,1.6939166298423922,1.362498158786272,0.0,0.0,0.8660666666666667,0.51964,17.53066666666667,19.61834,33.08133333333333,28.87182,0.0981980654981096,0.6333775224628075,1.5957185643442824,1.693916629842392,0.0,0.0,0.0,0.005553371437903687
2024,Kalat,43,0.0,17.6196,34.2183,271560.0,2000.0,0.0,7654.0,0.2,14.0,8.0,0.0,0.5155398438650758,0.294594196494329,0.0,0.0,1.3857,17.0393,15.7104,23.3747,41.3172,0.0736485491235822,0.2209456473707468,1.730740904404183,1.6939166298423922,0.0,0.0,0.4619,0.51964,16.78976666666667,18.68322,32.97006666666667,31.1035,0.2700446801198016,0.4492561496538518,1.2397505769136348,1.5097952570334363,0.0,0.0,0.0,0.0048086102050313995
2024,Kalat,44,0.0,16.7765,27.7249,271560.0,2000.0,0.0,7654.0,0.2,30.0,0.0,2.0,1.104728236853734,0.0,0.0736485491235822,0.0,0.0,17.6196,17.0393,34.2183,23.3747,0.5155398438650758,0.0736485491235822,0.294594196494329,1.730740904404183,0.0,0.0,0.0,0.51964,17.145133333333334,17.39762,28.439300000000003,32.23744000000001,0.5646388766141307,0.3829724554426278,0.675111700299504,1.0163499779054352,0.0245495163745274,0.0147297098247164,0.0736485491235822,0.06631905559517798
2025,Kalat,37,0.0286,23.2675,46.9229,498077.0,2000.0,0.0,7654.0,0.2,15.0,37.0,20.0,0.3011582546473738,0.7428570281301887,0.4015443395298317,0.0,2.4857,23.0342,24.3562,23.5236,48.5055,0.0,0.9034747639421216,0.0,1.1042469337070373,0.0,0.0,0.8381,0.52858,23.552633333333333,24.4314,39.65066666666666,35.768860000000004,0.4015443395298317,0.4055597829251301,0.6157013206124087,0.6023165092947476,0.1338481131766105,0.0923551980918613,0.4015443395298317,0.3934570561847581
2025,Kalat,38,0.0,21.8425,18.4266,498077.0,2000.0,0.0,7654.0,0.2,1.0,2.0,0.0,0.0200772169764915,0.0401544339529831,0.0,0.0286,0.0,23.2675,23.0342,46.9229,23.5236,0.3011582546473738,0.0,0.7428570281301887,0.0,0.4015443395298317,0.0,0.0095333333333333,0.52858,22.71473333333333,23.67192,29.624366666666663,34.46846,0.1070784905412884,0.2690347074849872,0.2610038206943906,0.4216215565063234,0.1338481131766105,0.0923551980918613,0.0,0.003606689001350888
2025,Kalat,39,0.0,21.9306,20.6621,498077.0,2000.0,0.0,7654.0,0.2,5.0,2.0,0.0,0.1003860848824579,0.0401544339529831,0.0,0.0,0.0286,21.8425,23.2675,18.4266,46.9229,0.0200772169764915,0.3011582546473738,0.0401544339529831,0.7428570281301887,0.0,0.4015443395298317,0.0095333333333333,0.50286,22.346866666666667,22.8862,28.670533333333328,31.60814,0.140540518835441,0.2650192640896889,0.2743886320120517,0.3854825659486384,0.1338481131766105,0.0803088679059663,0.0,-0.0042650308378044954
2025,Kalat,40,0.0,20.0598,22.9905,498077.0,2000.0,0.0,7654.0,0.2,11.0,11.0,0.0,0.2208493867414074,0.2208493867414074,0.0,0.0,0.0,21.9306,21.8425,20.6621,18.4266,0.1003860848824579,0.0200772169764915,0.0401544339529831,0.0401544339529831,0.0,0.0,0.0,0.00572,21.27763333333333,22.02692,20.693066666666663,26.50514,0.113770896200119,0.1284941886495461,0.1003860848824579,0.2088030565555125,0.0,0.0803088679059663,0.0,-0.000959381835776596
2025,Kalat,41,0.0,14.4071,20.9176,498077.0,2000.0,0.0,7654.0,0.2,0.0,0.0,0.0,0.0,0.0,0.0,0.0,0.0,20.0598,21.9306,22.9905,20.6621,0.2208493867414074,0.1003860848824579,0.2208493867414074,0.0401544339529831,0.0,0.0,0.0,0.00572,18.799166666666665,20.3015,21.523399999999995,25.98394,0.1070784905412884,0.1284941886495461,0.0870012735647968,0.2088030565555125,0.0,0.0803088679059663,0.0,-0.0012231412628052607
2025,Kalat,42,0.0,16.7777,22.8546,498077.0,2000.0,0.0,7654.0,0.2,13.0,16.0,0.0,0.2610038206943906,0.3212354716238653,0.0,0.0,0.0,14.4071,20.0598,20.9176,22.9905,0.0,0.2208493867414074,0.0,0.2208493867414074,0.0,0.0,0.0,0.0,17.08153333333333,19.00354,22.25423333333333,21.17028,0.1606177358119327,0.1204633018589495,0.1806949527884243,0.1244787452542478,0.0,0.0,0.0,-0.000735091432997742
2025,Kalat,43,0.0,15.2893,25.1291,498077.0,2000.0,0.0,7654.0,0.2,16.0,38.0,0.0,0.3212354716238653,0.7629342451066803,0.0,0.0,0.0,16.7777,14.4071,22.8546,20.9176,0.2610038206943906,0.0,0.3212354716238653,0.0,0.0,0.0,0.0,0.0,15.491366666666666,17.692899999999998,22.9671,22.510780000000004,0.1940797641060853,0.1806949527884242,0.3613899055768486,0.2690347074849872,0.0,0.0,0.0,0.0001117824674893575
2024,Kamber,43,0.0,28.8571,47.4826,1514869.0,50.0,0.0,5599.0,0.2,5595.0,1932.0,18.0,36.93388669251269,12.753578032159876,0.1188221555791292,0.0,0.0,28.2783,28.8762,53.9452,58.9714,43.38989047897872,49.67426226294155,14.159640206512906,15.01780021902884,0.1254233864446364,0.1584295407721724,0.0,0.0142799999999992,28.67053333333333,29.79374,53.4664,56.84212,43.33267981147765,46.34592166055283,13.977006152567208,14.413127471748382,0.134225027598646,0.1465473252142594,0.1188221555791292,0.11815292308476186
2024,Kamber,44,0.0,28.0619,51.2288,1514869.0,50.0,0.0,5599.0,0.2,4746.0,1731.0,18.0,31.329441687697088,11.426730628192932,0.1188221555791292,0.0,0.0,28.8571,28.2783,47.4826,53.9452,36.93388669251269,43.38989047897872,12.753578032159876,14.159640206512906,0.1188221555791292,0.1254233864446364,0.0,0.0,28.3991,29.01148,50.885533333333335,54.71506000000001,37.2177396197295,42.05248110562696,12.779982955621906,13.434825057480216,0.1210225658676316,0.1399460943487522,0.1188221555791292,0.11531906702073019
2025,Kamber,37,9.7286,28.389,81.5887,1621170.0,50.0,0.0,5599.0,0.2,4873.0,2115.0,206.0,30.05853796949117,13.046133348137456,1.2706872197240264,0.0143,1.6857,34.9333,33.3985,48.6302,62.2391,17.222129696453795,25.308881856930487,9.78305791496265,13.305205499731674,1.0301202218151089,1.3200342962181637,3.809533333333333,2.3542999999999994,32.24026666666667,33.04392,64.15266666666668,59.44528,24.19651650762515,24.03202625264469,12.044798920943927,12.288655723952454,1.2069472459190995,1.1979002818951745,1.2706872197240264,1.226919124193184
2025,Kamber,38,0.0,30.8375,69.3457,1621170.0,50.0,0.0,5599.0,0.2,4646.0,2161.0,189.0,28.65831467397004,13.329879037978744,1.1658246821739855,9.7286,0.0143,28.389,34.9333,81.5887,48.6302,30.05853796949117,17.222129696453795,13.046133348137456,9.78305791496265,1.2706872197240264,1.0301202218151089,3.247633333333333,2.3542999999999994,31.3866,32.38202,66.52153333333332,62.86002,25.312994113305,24.970854382945653,12.053023433692951,12.493446091403122,1.1555440412377067,1.2238074970545965,1.1658246821739855,1.1787563797630918
2025,Kamber,39,0.0,32.6678,53.6284,1621170.0,50.0,0.0,5599.0,0.2,4124.0,1780.0,185.0,25.4384179327276,10.97972451994547,1.141151143926917,0.0,9.7286,30.8375,28.389,69.3457,81.5887,28.65831467397004,30.05853796949117,13.329879037978744,13.046133348137456,1.1658246821739855,1.2706872197240264,3.2428666666666666,2.285719999999999,30.631433333333334,32.04522,68.18759999999999,63.08642,28.051756858729604,25.337256425914617,12.45191230202056,12.0888000641512,1.1925543486083097,1.1855635127716404,1.141151143926917,1.1457543481969683
2025,Kamber,40,0.0143,33.4988,45.1583,1621170.0,50.0,0.0,5599.0,0.2,3230.0,1547.0,27.0,19.9238821345078,9.542490917053732,0.1665463831677122,0.0,0.0,32.6678,30.8375,53.6284,69.3457,25.4384179327276,28.65831467397004,10.97972451994547,13.329879037978744,1.141151143926917,1.1658246821739855,0.0047666666666666,1.9514399999999992,32.334700000000005,32.065279999999994,56.04413333333334,59.67026,24.67353824706848,24.26025648143008,11.284031491659317,11.33625714761561,0.8245074030895383,0.95486593016155,0.1665463831677122,0.21533556804302448
2025,Kamber,41,0.0,28.4366,42.5419,1621170.0,50.0,0.0,5599.0,0.2,5599.0,1904.0,168.0,34.5367851613341,11.744604205604595,1.036288606376876,0.0143,0.0,33.4988,32.6678,45.1583,53.6284,19.9238821345078,25.4384179327276,9.542490917053732,10.97972451994547,0.1665463831677122,1.141151143926917,0.0047666666666666,1.9485799999999995,31.5344,30.76594,47.10953333333333,58.4526,26.633028409523167,27.723187574406143,10.7556065475346,11.728566405744,0.7813287111571684,0.9560996070739034,1.036288606376876,1.0309238459344452
2025,Kamber,42,0.0,28.9619,30.7051,1621170.0,50.0,0.0,5599.0,0.2,6502.0,1799.0,202.0,40.10683642060981,11.096923826619047,1.246013681476958,0.0,0.0143,28.4366,33.4988,42.5419,45.1583,34.5367851613341,19.9238821345078,11.744604205604595,9.542490917053732,1.036288606376876,0.1665463831677122,0.0047666666666666,0.0028599999999992,30.2991,30.88052,39.46843333333334,48.27588,31.52250123881724,29.732847264629868,10.79467298309246,11.338724501440318,0.8162828903405154,0.9511648994244896,1.246013681476958,1.2389868714474492
2025,Kamber,43,0.0,28.5896,32.398,1621170.0,50.0,0.0,5599.0,0.2,6085.0,1850.0,180.0,37.53462005835292,11.41151143926917,1.1103092211180814,0.0,0.0,28.9619,28.4366,30.7051,42.5419,40.10683642060981,34.5367851613341,11.096923826619047,11.744604205604595,1.246013681476958,1.036288606376876,0.0,0.0028599999999992,28.6627,30.43094,35.215,40.88634,37.39274721343228,31.508108341506443,11.417679823830936,10.955050981698404,1.1308705029906383,0.9400618072133088,1.1103092211180814,1.1431042498514894
2024,Karachi Central,37,0.0,0.0,0.0,3822325.0,621.2798240791644,0.6690489279824079,6292.451621770203,0.3392935678944475,152.0,1590.0,184.0,0.3976637256120293,4.159771866599518,0.481382404688246,0.0,0.0,0.0,0.0,0.0,0.0,0.4447554825924012,0.2354587849018594,3.835361985179178,3.296422988626033,0.6409711366772841,0.3374909250259986,0.0,0.0,0.0,0.0,0.0,0.0,0.3592926643687633,0.2972013107205692,3.763852280134909,3.541300124923967,0.4866148221305095,0.4096982857292355,0.481382404688246,0.5773889552498914
2024,Karachi Central,38,0.0,0.0,0.0,3822325.0,621.2798240791644,0.6690489279824079,6292.451621770203,0.3392935678944475,115.0,1244.0,127.0,0.3008640029301537,3.2545636490879244,0.332258507583735,0.0,0.0,0.0,0.0,0.0,0.0,0.3976637256120293,0.4447554825924012,4.159771866599518,3.835361985179178,0.481382404688246,0.6409711366772841,0.0,0.0,0.0,0.0,0.0,0.0,0.3810944037115281,0.3270260901414715,3.74989916695554,3.5774038052755848,0.4848706829830884,0.422256087590668,0.332258507583735,0.43642418228605784
2024,Karachi Central,39,0.0,0.0,0.0,3822325.0,621.2798240791644,0.6690489279824079,6292.451621770203,0.3392935678944475,135.0,1497.0,169.0,0.3531881773527892,3.9164644555342623,0.4421392738712694,0.0,0.0,0.0,0.0,0.0,0.0,0.3008640029301537,0.3976637256120293,3.2545636490879244,4.159771866599518,0.332258507583735,0.481382404688246,0.0,0.0,0.0,0.0,0.0,0.0,0.3505719686316574,0.3463860346778465,3.776933323740568,3.692516989005383,0.4185933953810835,0.4468484495693066,0.4421392738712694,0.4630121628946706
2024,Karachi Central,40,0.0,0.0,0.0,3822325.0,621.2798240791644,0.6690489279824079,6292.451621770203,0.3392935678944475,160.0,1396.0,173.0,0.4185933953810835,3.6522273746999536,0.4526041087557966,0.0,0.0,0.0,0.0,0.0,0.0,0.3531881773527892,0.3008640029301537,3.9164644555342623,3.2545636490879244,0.4421392738712694,0.332258507583735,0.0,0.0,0.0,0.0,0.0,0.0,0.3575485252213421,0.3830129567736914,3.607751826440713,3.763677866220167,0.409000630070267,0.4698710863152662,0.4526041087557966,0.5166083953424655
2024,Karachi Central,41,0.0,0.0,0.0,3822325.0,621.2798240791644,0.6690489279824079,6292.451621770203,0.3392935678944475,161.0,1575.0,178.0,0.4212096041022153,4.120528735782541,0.4656851523614554,0.0,0.0,0.0,0.0,0.0,0.0,0.4185933953810835,0.3531881773527892,3.6522273746999536,3.9164644555342623,0.4526041087557966,0.4421392738712694,0.0,0.0,0.0,0.0,0.0,0.0,0.3976637256120294,0.3783037810756542,3.896406855338919,3.82071121634084,0.4534761783295071,0.4348138894521005,0.4656851523614554,0.5708366262676547
2024,Karachi Central,42,0.0,0.0,0.0,3822325.0,621.2798240791644,0.6690489279824079,6292.451621770203,0.3392935678944475,105.0,1404.0,175.0,0.274701915718836,3.673157044469008,0.4578365261980601,0.0,0.0,0.0,0.0,0.0,0.0,0.4212096041022153,0.4185933953810835,4.120528735782541,3.6522273746999536,0.4656851523614554,0.4526041087557966,0.0,0.0,0.0,0.0,0.0,0.0,0.3715016384007116,0.3537114190970155,3.815304384983834,3.723388251914738,0.4587085957717707,0.4301047137540633,0.4578365261980601,0.5629386762778149
2024,Karachi Central,43,0.0,0.0,0.0,3822325.0,621.2798240791644,0.6690489279824079,6292.451621770203,0.3392935678944475,30.0,1036.0,139.0,0.0784862616339531,2.710392235092516,0.3636530122373163,0.0,0.0,0.0,0.0,0.0,0.0,0.274701915718836,0.4212096041022153,3.673157044469008,4.120528735782541,0.4578365261980601,0.4656851523614554,0.0,0.0,0.0,0.0,0.0,0.0,0.2581325938183348,0.3092358708377754,3.501359338448021,3.614553969115657,0.4290582302656106,0.4363836146847795,0.3636530122373163,0.40148792454573906
2024,Karachi Central,44,0.0,0.0,0.0,3822325.0,621.2798240791644,0.6690489279824079,6292.451621770203,0.3392935678944475,38.0,758.0,137.0,0.0994159314030073,1.983086210617883,0.3584205947950527,0.0,0.0,0.0,0.0,0.0,0.0,0.0784862616339531,0.274701915718836,2.710392235092516,3.673157044469008,0.3636530122373163,0.4578365261980601,0.0,0.0,0.0,0.0,0.0,0.0,0.1508680362519321,0.258481421647819,2.7888784967264684,3.2278783201323806,0.3933033777434764,0.4196398788695362,0.3584205947950527,0.3925852106621386
2024,Karachi East,37,0.0,0.0,0.0,3950031.0,621.2798240791644,0.6690489279824079,6292.451621770203,0.3392935678944475,111.0,529.0,1.0,0.2810104528293575,1.3392299959164875,0.0025316257011653,0.0,0.0,0.0,0.0,0.0,0.0,0.2278463131048844,0.1949351789897345,1.5265702978027262,1.3265718674106608,0.0050632514023307,0.0101265028046615,0.0,0.0,0.0,0.0,0.0,0.0,0.2345973149746588,0.1989857801115991,1.3974573870432916,1.3291034931118262,0.0059071266360525,0.007088551963263,0.0025316257011653,0.00071235502294556
2024,Karachi East,38,0.0,0.0,0.0,3950031.0,621.2798240791644,0.6690489279824079,6292.451621770203,0.3392935678944475,70.0,527.0,4.0,0.1772137990815768,1.334166744514157,0.0101265028046615,0.0,0.0,0.0,0.0,0.0,0.0,0.2810104528293575,0.2278463131048844,1.3392299959164875,1.5265702978027262,0.0025316257011653,0.0050632514023307,0.0,0.0,0.0,0.0,0.0,0.0,0.2286901883386063,0.2065806572150952,1.399989012744457,1.3898625099397954,0.0059071266360525,0.0086075273839623,0.0101265028046615,0.003758279621139532
2024,Karachi East,39,0.0,0.0,0.0,3950031.0,621.2798240791644,0.6690489279824079,6292.451621770203,0.3392935678944475,124.0,508.0,2.0,0.3139215869445075,1.2860658561920149,0.0050632514023307,0.0,0.0,0.0,0.0,0.0,0.0,0.1772137990815768,0.2810104528293575,1.334166744514157,1.3392299959164875,0.0101265028046615,0.0025316257011653,0.0,0.0,0.0,0.0,0.0,0.0,0.2573819462851472,0.2389854661900122,1.3198208655408867,1.3625209523672093,0.0059071266360525,0.0065822268230299,0.0050632514023307,0.002057766275420203
2024,Karachi East,40,0.0,0.0,0.0,3950031.0,621.2798240791644,0.6690489279824079,6292.451621770203,0.3392935678944475,128.0,513.0,4.0,0.324048089749169,1.2987239846978416,0.0101265028046615,0.0,0.0,0.0,0.0,0.0,0.0,0.3139215869445075,0.1772137990815768,1.2860658561920149,1.334166744514157,0.0050632514023307,0.0101265028046615,0.0,0.0,0.0,0.0,0.0,0.0,0.2717278252584178,0.2648080483418991,1.3063188618013375,1.3569513758246454,0.0084387523372179,0.0065822268230299,0.0101265028046615,0.0045425862921659454
2024,Karachi East,41,0.0,0.0,0.0,3950031.0,621.2798240791644,0.6690489279824079,6292.451621770203,0.3392935678944475,140.0,423.0,5.0,0.3544275981631536,1.070877671592957,0.0126581285058269,0.0,0.0,0.0,0.0,0.0,0.0,0.324048089749169,0.3139215869445075,1.2987239846978416,1.2860658561920149,0.0101265028046615,0.0050632514023307,0.0,0.0,0.0,0.0,0.0,0.0,0.3307990916189434,0.2901243053535529,1.218555837494271,1.2658128505826916,0.0092826275709397,0.0081012022437292,0.0126581285058269,0.008529644380106144
2024,Karachi East,42,0.0,0.0,0.0,3950031.0,621.2798240791644,0.6690489279824079,6292.451621770203,0.3392935678944475,112.0,377.0,1.0,0.2835420785305229,0.9544228893393496,0.0025316257011653,0.0,0.0,0.0,0.0,0.0,0.0,0.3544275981631536,0.324048089749169,1.070877671592957,1.2987239846978416,0.0126581285058269,0.0101265028046615,0.0,0.0,0.0,0.0,0.0,0.0,0.3206725888142818,0.290630630493786,1.108008181876716,1.188851429267264,0.0084387523372179,0.0081012022437292,0.0025316257011653,0.0014114232749224132
2024,Karachi East,43,0.0,0.0,0.0,3950031.0,621.2798240791644,0.6690489279824079,6292.451621770203,0.3392935678944475,71.0,379.0,3.0,0.1797454247827422,0.9594861407416804,0.0075948771034961,0.0,0.0,0.0,0.0,0.0,0.0,0.2835420785305229,0.3544275981631536,0.9544228893393496,1.070877671592957,0.0025316257011653,0.0126581285058269,0.0,0.0,0.0,0.0,0.0,0.0,0.2725717004921396,0.2911369556340191,0.9949289005579957,1.1139153085127689,0.0075948771034961,0.0075948771034961,0.0075948771034961,0.0033139689887597967
2024,Karachi East,44,0.0,0.0,0.0,3950031.0,621.2798240791644,0.6690489279824079,6292.451621770203,0.3392935678944475,47.0,344.0,3.0,0.118986407954773,0.8708792412008918,0.0075948771034961,0.0,0.0,0.0,0.0,0.0,0.0,0.1797454247827422,0.2835420785305229,0.9594861407416804,0.9544228893393496,0.0075948771034961,0.0025316257011653,0.0,0.0,0.0,0.0,0.0,0.0,0.1940913037560127,0.2521499198360722,0.928262757093974,1.030877985514544,0.0059071266360525,0.0081012022437292,0.0075948771034961,0.004670779179764217
2024,Karachi Keamari,37,0.0,0.0,0.0,2068451.0,621.2798240791644,0.6690489279824079,6292.451621770203,0.3392935678944475,22.0,473.0,17.0,0.1063597832387617,2.2867353396333776,0.0821871052299522,0.0,0.0,0.0,0.0,0.0,0.0,0.1015252476369998,0.0193381424070475,1.928979705102997,1.2231375072457602,0.0628489628229046,0.0193381424070475,0.0,0.0,0.0,0.0,0.0,0.0,0.0757410577609364,0.0473784488972666,1.812950850660712,1.604098912664598,0.0547914034866348,0.0386762848140951,0.0821871052299522,0.09470450100015829
2024,Karachi Keamari,38,0.0,0.0,0.0,2068451.0,621.2798240791644,0.6690489279824079,6292.451621770203,0.3392935678944475,12.0,382.0,20.0,0.0580144272211427,1.846792599873045,0.0966907120352379,0.0,0.0,0.0,0.0,0.0,0.0,0.1063597832387617,0.1015252476369998,2.2867353396333776,1.928979705102997,0.0821871052299522,0.0628489628229046,0.0,0.0,0.0,0.0,0.0,0.0,0.0886331526989681,0.0589813343414951,2.020835881536473,1.736565188152874,0.0805755933626983,0.0531798916193808,0.0966907120352379,0.11298841194649573
2024,Karachi Keamari,39,0.0,0.0,0.0,2068451.0,621.2798240791644,0.6690489279824079,6292.451621770203,0.3392935678944475,6.0,407.0,22.0,0.0290072136105713,1.967655989917093,0.1063597832387617,0.0,0.0,0.0,0.0,0.0,0.0,0.0580144272211427,0.1063597832387617,1.846792599873045,2.2867353396333776,0.0966907120352379,0.0821871052299522,0.0,0.0,0.0,0.0,0.0,0.0,0.0644604746901586,0.0628489628229046,2.033727976474505,1.8506602283544544,0.0950792001679839,0.0734849411467808,0.1063597832387617,0.11268070023186003
2024,Karachi Keamari,40,0.0,0.0,0.0,2068451.0,621.2798240791644,0.6690489279824079,6292.451621770203,0.3392935678944475,5.0,382.0,15.0,0.0241726780088094,1.846792599873045,0.0725180340264284,0.0,0.0,0.0,0.0,0.0,0.0,0.0290072136105713,0.0580144272211427,1.967655989917093,1.846792599873045,0.1063597832387617,0.0966907120352379,0.0,0.0,0.0,0.0,0.0,0.0,0.0370647729468412,0.063815869943257,1.887080396554394,1.975391246879912,0.091856176433476,0.084120919470657,0.0725180340264284,0.07565550302783539
2024,Karachi Keamari,41,0.0,0.0,0.0,2068451.0,621.2798240791644,0.6690489279824079,6292.451621770203,0.3392935678944475,24.0,407.0,10.0,0.1160288544422855,1.967655989917093,0.0483453560176189,0.0,0.0,0.0,0.0,0.0,0.0,0.0241726780088094,0.0290072136105713,1.846792599873045,1.967655989917093,0.0725180340264284,0.1063597832387617,0.0,0.0,0.0,0.0,0.0,0.0,0.0564029153538888,0.0667165913043142,1.9273681932357436,1.9831265038427304,0.0757410577609364,0.0812201981095998,0.0483453560176189,0.046800642731046005
2024,Karachi Keamari,42,0.0,0.0,0.0,2068451.0,621.2798240791644,0.6690489279824079,6292.451621770203,0.3392935678944475,31.0,347.0,9.0,0.1498706036546188,1.6775838538113788,0.043510820415857,0.0,0.0,0.0,0.0,0.0,0.0,0.1160288544422855,0.0241726780088094,1.967655989917093,1.846792599873045,0.0483453560176189,0.0725180340264284,0.0,0.0,0.0,0.0,0.0,0.0,0.0966907120352379,0.0754187553874856,1.8306774812005056,1.8612962066783307,0.0547914034866348,0.0734849411467808,0.043510820415857,0.04354262844091086
2024,Karachi Keamari,43,0.0,0.0,0.0,2068451.0,621.2798240791644,0.6690489279824079,6292.451621770203,0.3392935678944475,7.0,352.0,3.0,0.0338417492123332,1.7017565318201882,0.0145036068052856,0.0,0.0,0.0,0.0,0.0,0.0,0.1498706036546188,0.1160288544422855,1.6775838538113788,1.967655989917093,0.043510820415857,0.0483453560176189,0.0,0.0,0.0,0.0,0.0,0.0,0.0999137357697459,0.0705842197857237,1.7823321251828863,1.8322889930677595,0.0354532610795872,0.0570475201007903,0.0145036068052856,0.013385202912486738
2024,Karachi Keamari,44,0.0,0.0,0.0,2068451.0,621.2798240791644,0.6690489279824079,6292.451621770203,0.3392935678944475,5.0,446.0,11.0,0.0241726780088094,2.1562028783858067,0.0531798916193808,0.0,0.0,0.0,0.0,0.0,0.0,0.0338417492123332,0.1498706036546188,1.7017565318201882,1.6775838538113788,0.0145036068052856,0.043510820415857,0.0,0.0,0.0,0.0,0.0,0.0,0.0692950102919205,0.0696173126653713,1.8451810880057915,1.8699983707615024,0.0370647729468412,0.0464115417769142,0.0531798916193808,0.05459867061092405
2024,Karachi Korangi,37,0.0,0.0,0.0,3128971.0,621.2798240791644,0.6690489279824079,6292.451621770203,0.3392935678944475,70.0,415.0,0.0,0.223715719960332,1.3263146254791114,0.0,0.0,0.0,0.0,0.0,0.0,0.0,0.2364994753866366,0.1597969428288085,1.284767420343621,1.0482679449569845,0.0095878165697285,0.0,0.0,0.0,0.0,0.0,0.0,0.0,0.206670712725259,0.1853644536814179,1.2197833302599057,1.2266013331539347,0.0031959388565761,0.0031959388565761,0.0,0.0002642892608037406
2024,Karachi Korangi,38,0.0,0.0,0.0,3128971.0,621.2798240791644,0.6690489279824079,6292.451621770203,0.3392935678944475,66.0,364.0,1.0,0.2109319645340273,1.1633217437937264,0.0031959388565761,0.0,0.0,0.0,0.0,0.0,0.0,0.223715719960332,0.2364994753866366,1.3263146254791114,1.284767420343621,0.0,0.0095878165697285,0.0,0.0,0.0,0.0,0.0,0.0,0.223715719960332,0.1981482091077226,1.2581345965388195,1.224683769839989,0.0042612518087682,0.0025567510852609,0.0031959388565761,0.0054054037157745816
2024,Karachi Korangi,39,0.0,0.0,0.0,3128971.0,621.2798240791644,0.6690489279824079,6292.451621770203,0.3392935678944475,82.0,423.0,4.0,0.262066986239246,1.3518821363317206,0.0127837554263046,0.0,0.0,0.0,0.0,0.0,0.0,0.2109319645340273,0.223715719960332,1.1633217437937264,1.3263146254791114,0.0031959388565761,0.0,0.0,0.0,0.0,0.0,0.0,0.0,0.2322382235778684,0.2186022177898101,1.2805061685348529,1.2349107741810328,0.0053265647609602,0.0051135021705218,0.0127837554263046,0.01067905319625198
2024,Karachi Korangi,40,0.0,0.0,0.0,3128971.0,621.2798240791644,0.6690489279824079,6292.451621770203,0.3392935678944475,59.0,384.0,2.0,0.1885603925379941,1.2272405209252495,0.0063918777131523,0.0,0.0,0.0,0.0,0.0,0.0,0.262066986239246,0.2109319645340273,1.3518821363317206,1.1633217437937264,0.0127837554263046,0.0031959388565761,0.0,0.0,0.0,0.0,0.0,0.0,0.2205197811037558,0.2243549077316472,1.2474814670168988,1.270705289374686,0.0074571906653444,0.0063918777131523,0.0063918777131523,0.007748333909860461
2024,Karachi Korangi,41,0.0,0.0,0.0,3128971.0,621.2798240791644,0.6690489279824079,6292.451621770203,0.3392935678944475,68.0,350.0,2.0,0.2173238422471796,1.11857859980166,0.0063918777131523,0.0,0.0,0.0,0.0,0.0,0.0,0.1885603925379941,0.262066986239246,1.2272405209252495,1.3518821363317206,0.0063918777131523,0.0127837554263046,0.0,0.0,0.0,0.0,0.0,0.0,0.2226504070081399,0.2205197811037558,1.2325670856862103,1.2374675252662937,0.0085225036175364,0.0057526899418371,0.0063918777131523,0.007699112354346144
2024,Karachi Korangi,42,0.0,0.0,0.0,3128971.0,621.2798240791644,0.6690489279824079,6292.451621770203,0.3392935678944475,49.0,335.0,1.0,0.1566010039722324,1.0706395169530174,0.0031959388565761,0.0,0.0,0.0,0.0,0.0,0.0,0.2173238422471796,0.1885603925379941,1.11857859980166,1.2272405209252495,0.0063918777131523,0.0063918777131523,0.0,0.0,0.0,0.0,0.0,0.0,0.1874950795858021,0.2070968379061359,1.138819545893309,1.186332503561075,0.0053265647609602,0.0063918777131523,0.0031959388565761,0.006943636894864408
2024,Karachi Korangi,43,0.0,0.0,0.0,3128971.0,621.2798240791644,0.6690489279824079,6292.451621770203,0.3392935678944475,57.0,326.0,0.0,0.1821685148248417,1.041876067243832,0.0,0.0,0.0,0.0,0.0,0.0,0.0,0.1566010039722324,0.2173238422471796,1.0706395169530174,1.11857859980166,0.0031959388565761,0.0063918777131523,0.0,0.0,0.0,0.0,0.0,0.0,0.1853644536814179,0.2013441479642988,1.0770313946661698,1.1620433682510958,0.0031959388565761,0.0057526899418371,0.0,0.00017372090080330915
2024,Karachi Korangi,44,0.0,0.0,0.0,3128971.0,621.2798240791644,0.6690489279824079,6292.451621770203,0.3392935678944475,49.0,325.0,0.0,0.1566010039722324,1.0386801283872558,0.0,0.0,0.0,0.0,0.0,0.0,0.0,0.1821685148248417,0.1566010039722324,1.041876067243832,1.0706395169530174,0.0,0.0031959388565761,0.0,0.0,0.0,0.0,0.0,0.0,0.1651235075897689,0.1802509515108961,1.0503985708613683,1.099402966662203,0.001065312952192,0.0031959388565761,0.0,0.0004192765226978812
2024,Karachi Malir,37,0.0,0.0,0.0,2403959.0,621.2798240791644,0.6690489279824079,6292.451621770203,0.3392935678944475,591.0,2113.0,67.0,2.458444590777131,8.789667377854615,0.2787069163825173,0.0,0.0,0.0,0.0,0.0,0.0,2.3336504491133168,1.8511131013465705,9.180689021734564,8.756388940077597,0.2662275022161359,0.1705519936072121,0.0,0.0,0.0,0.0,0.0,0.0,2.2144027137456725,2.0191692121205063,8.908915113222259,8.900318183463195,0.2384954707352885,0.2005025876065274,0.2787069163825173,0.29286606092584294
2024,Karachi Malir,38,0.0,0.0,0.0,2403959.0,621.2798240791644,0.6690489279824079,6292.451621770203,0.3392935678944475,573.0,1914.0,51.0,2.383568105778842,7.961866238151316,0.2121500408284833,0.0,0.0,0.0,0.0,0.0,0.0,2.458444590777131,2.3336504491133168,8.789667377854615,9.180689021734564,0.2787069163825173,0.2662275022161359,0.0,0.0,0.0,0.0,0.0,0.0,2.391887715223097,2.158938650783978,8.644074212580165,8.733925994578112,0.2523614864757122,0.2188057283838867,0.2121500408284833,0.20677906773867005
2024,Karachi Malir,39,0.0,0.0,0.0,2403959.0,621.2798240791644,0.6690489279824079,6292.451621770203,0.3392935678944475,779.0,1982.0,54.0,3.2404878785370297,8.24473295925596,0.2246294549948647,0.0,0.0,0.0,0.0,0.0,0.0,2.383568105778842,2.458444590777131,7.961866238151316,8.789667377854615,0.2121500408284833,0.2787069163825173,0.0,0.0,0.0,0.0,0.0,0.0,2.694166858364334,2.453452825110578,8.332088858420631,8.58666890741481,0.2384954707352884,0.2304531816058427,0.2246294549948647,0.23085184945905443
2024,Karachi Malir,40,0.0,0.0,0.0,2403959.0,621.2798240791644,0.6690489279824079,6292.451621770203,0.3392935678944475,714.0,1770.0,55.0,2.9701005715987665,7.36285435816501,0.2287892597169918,0.0,0.0,0.0,0.0,0.0,0.0,3.2404878785370297,2.383568105778842,8.24473295925596,7.961866238151316,0.2246294549948647,0.2121500408284833,0.0,0.0,0.0,0.0,0.0,0.0,2.864718851971546,2.677250319161017,7.856484518524096,8.307961991032293,0.22185625184678,0.2421006348277986,0.2287892597169918,0.23623363614909418
2024,Karachi Malir,41,0.0,0.0,0.0,2403959.0,621.2798240791644,0.6690489279824079,6292.451621770203,0.3392935678944475,566.0,1703.0,43.0,2.3544494727239527,7.084147441782493,0.1788716030514663,0.0,0.0,0.0,0.0,0.0,0.0,2.9701005715987665,3.2404878785370297,7.36285435816501,8.24473295925596,0.2287892597169918,0.2246294549948647,0.0,0.0,0.0,0.0,0.0,0.0,2.85501264095325,2.6814101238831443,7.563911586401154,7.88865367504188,0.210763439254441,0.2246294549948647,0.1788716030514663,0.18634867915915893
2024,Karachi Malir,42,0.0,0.0,0.0,2403959.0,621.2798240791644,0.6690489279824079,6292.451621770203,0.3392935678944475,682.0,1668.0,40.0,2.8369868204906985,6.938554276508044,0.166392188885085,0.0,0.0,0.0,0.0,0.0,0.0,2.3544494727239527,2.9701005715987665,7.084147441782493,7.36285435816501,0.1788716030514663,0.2287892597169918,0.0,0.0,0.0,0.0,0.0,0.0,2.7205122882711392,2.7571185698258582,7.128518692151848,7.518431054772565,0.1913510172178477,0.2021665094953782,0.166392188885085,0.17476931192225603
2024,Karachi Malir,43,0.0,0.0,0.0,2403959.0,621.2798240791644,0.6690489279824079,6292.451621770203,0.3392935678944475,612.0,1478.0,40.0,2.5458004899418003,6.148191379303889,0.166392188885085,0.0,0.0,0.0,0.0,0.0,0.0,2.8369868204906985,2.3544494727239527,6.938554276508044,7.084147441782493,0.166392188885085,0.1788716030514663,0.0,0.0,0.0,0.0,0.0,0.0,2.579078927718817,2.7895650466584496,6.723631032531475,7.155696083003079,0.1705519936072121,0.1930149391066986,0.166392188885085,0.17000736085515833
2024,Karachi Malir,44,0.0,0.0,0.0,2403959.0,621.2798240791644,0.6690489279824079,6292.451621770203,0.3392935678944475,597.0,1386.0,48.0,2.483403419109893,5.765489344868195,0.1996706266621019,0.0,0.0,0.0,0.0,0.0,0.0,2.5458004899418003,2.8369868204906985,6.148191379303889,6.938554276508044,0.166392188885085,0.166392188885085,0.0,0.0,0.0,0.0,0.0,0.0,2.6220635765141305,2.6381481547730226,6.284078333560042,6.659847360125527,0.177485001477424,0.188023173440146,0.1996706266621019,0.20450572987281268
2024,Karachi South,37,0.0,0.0,0.0,2329764.0,621.2798240791644,0.6690489279824079,6292.451621770203,0.3392935678944475,51.0,96.0,0.0,0.2189062926545349,0.4120589038203011,0.0,0.0,0.0,0.0,0.0,0.0,0.0,0.2060294519101505,0.1931526111657661,0.377720661835276,0.3519669803465072,0.0,0.0,0.0,0.0,0.0,0.0,0.0,0.0,0.2060294519101505,0.1931526111657661,0.3805821820006947,0.3648438210908916,0.0,0.0,0.0,-0.00025095659846896545
2024,Karachi South,38,0.0,0.0,0.0,2329764.0,621.2798240791644,0.6690489279824079,6292.451621770203,0.3392935678944475,33.0,79.0,0.0,0.1416452481882285,0.3390901396021227,0.0,0.0,0.0,0.0,0.0,0.0,0.0,0.2189062926545349,0.2060294519101505,0.4120589038203011,0.377720661835276,0.0,0.0,0.0,0.0,0.0,0.0,0.0,0.0,0.188860330917638,0.1880018748680124,0.3762899017525666,0.3511085242968816,0.0,0.0,0.0,-9.485868483741222e-05
2024,Karachi South,39,0.0,0.0,0.0,2329764.0,621.2798240791644,0.6690489279824079,6292.451621770203,0.3392935678944475,52.0,87.0,0.0,0.2231985729026631,0.3734283815871478,0.0,0.0,0.0,0.0,0.0,0.0,0.0,0.1416452481882285,0.2189062926545349,0.3390901396021227,0.4120589038203011,0.0,0.0,0.0,0.0,0.0,0.0,0.0,0.0,0.1945833712484755,0.1965864353642686,0.3748591416698573,0.370853013438271,0.0,0.0,0.0,-0.00019571098463844194
2024,Karachi South,40,0.0,0.0,0.0,2329764.0,621.2798240791644,0.6690489279824079,6292.451621770203,0.3392935678944475,52.0,73.0,0.0,0.2231985729026631,0.313336458113354,0.0,0.0,0.0,0.0,0.0,0.0,0.0,0.2231985729026631,0.1416452481882285,0.3734283815871478,0.3390901396021227,0.0,0.0,0.0,0.0,0.0,0.0,0.0,0.0,0.1960141313311849,0.202595627711648,0.3419516597675415,0.3631269089916403,0.0,0.0,0.0,0.00024713437455747833
2024,Karachi South,41,0.0,0.0,0.0,2329764.0,621.2798240791644,0.6690489279824079,6292.451621770203,0.3392935678944475,41.0,80.0,0.0,0.1759834901732536,0.3433824198502509,0.0,0.0,0.0,0.0,0.0,0.0,0.0,0.2231985729026631,0.2231985729026631,0.313336458113354,0.3734283815871478,0.0,0.0,0.0,0.0,0.0,0.0,0.0,0.0,0.2074602119928599,0.1965864353642686,0.3433824198502509,0.3562592605946353,0.0,0.0,0.0,-6.986636402681046e-05
2024,Karachi South,42,0.0,0.0,0.0,2329764.0,621.2798240791644,0.6690489279824079,6292.451621770203,0.3392935678944475,52.0,64.0,0.0,0.2231985729026631,0.2747059358802007,0.0,0.0,0.0,0.0,0.0,0.0,0.0,0.1759834901732536,0.2231985729026631,0.3433824198502509,0.313336458113354,0.0,0.0,0.0,0.0,0.0,0.0,0.0,0.0,0.2074602119928599,0.1974448914138943,0.3104749379479352,0.3287886670066152,0.0,0.0,0.0,0.00028718568581626025
2024,Karachi South,43,0.0,0.0,0.0,2329764.0,621.2798240791644,0.6690489279824079,6292.451621770203,0.3392935678944475,43.0,67.0,0.0,0.1845680506695098,0.2875827766245851,0.0,0.0,0.0,0.0,0.0,0.0,0.0,0.2231985729026631,0.1759834901732536,0.2747059358802007,0.3433824198502509,0.0,0.0,0.0,0.0,0.0,0.0,0.0,0.0,0.1945833712484755,0.2060294519101505,0.3018903774516789,0.3184871944111077,0.0,0.0,0.0,0.00043647144460692844
2024,Karachi South,44,0.0,0.0,0.0,2329764.0,621.2798240791644,0.6690489279824079,6292.451621770203,0.3392935678944475,48.0,77.0,0.0,0.2060294519101505,0.3305055791058665,0.0,0.0,0.0,0.0,0.0,0.0,0.0,0.1845680506695098,0.2231985729026631,0.2875827766245851,0.2747059358802007,0.0,0.0,0.0,0.0,0.0,0.0,0.0,0.0,0.2045986918274411,0.202595627711648,0.2975980972035508,0.3099026339148514,0.0,0.0,0.0,-0.00017762965142267828
2024,Karachi West,37,0.0,0.0,0.0,2679380.0,621.2798240791644,0.6690489279824079,6292.451621770203,0.3392935678944475,208.0,783.0,30.0,0.7762989945435138,2.922317849651785,0.1119662011360837,0.0,0.0,0.0,0.0,0.0,0.0,0.7613701677253693,0.6046174861348521,3.187304525673849,3.534399749195709,0.1119662011360837,0.1194306145451559,0.0,0.0,0.0,0.0,0.0,0.0,0.7140955494679119,0.6501504079301927,3.214674041507115,3.182825877628406,0.1144543389391078,0.1104733184542692,0.1119662011360837,0.10903339324685296
2024,Karachi West,38,0.0,0.0,0.0,2679380.0,621.2798240791644,0.6690489279824079,6292.451621770203,0.3392935678944475,184.0,788.0,29.0,0.6867260336346468,2.940978883174465,0.1082339944315475,0.0,0.0,0.0,0.0,0.0,0.0,0.7762989945435138,0.7613701677253693,2.922317849651785,3.187304525673849,0.1119662011360837,0.1119662011360837,0.0,0.0,0.0,0.0,0.0,0.0,0.7414650653011767,0.6822473855892035,3.0168670861667,3.1134068329240345,0.1107221322345716,0.1104733184542692,0.1082339944315475,0.1088716468483425
2024,Karachi West,39,0.0,0.0,0.0,2679380.0,621.2798240791644,0.6690489279824079,6292.451621770203,0.3392935678944475,155.0,961.0,29.0,0.5784920392030992,3.5866506430592158,0.1082339944315475,0.0,0.0,0.0,0.0,0.0,0.0,0.6867260336346468,0.7762989945435138,2.940978883174465,2.922317849651785,0.1082339944315475,0.1119662011360837,0.0,0.0,0.0,0.0,0.0,0.0,0.6805056891270865,0.6815009442482962,3.149982458628489,3.2343303301510047,0.1094780633330596,0.1119662011360837,0.1082339944315475,0.10561207361087166
2024,Karachi West,40,0.0,0.0,0.0,2679380.0,621.2798240791644,0.6690489279824079,6292.451621770203,0.3392935678944475,212.0,944.0,30.0,0.7912278213616583,3.523203129082101,0.1119662011360837,0.0,0.0,0.0,0.0,0.0,0.0,0.5784920392030992,0.6867260336346468,3.5866506430592158,2.940978883174465,0.1082339944315475,0.1082339944315475,0.0,0.0,0.0,0.0,0.0,0.0,0.6854819647331348,0.7188230112936574,3.3502775517719274,3.2320910061282837,0.1094780633330596,0.1104733184542692,0.1119662011360837,0.10576769935793534
2024,Karachi West,41,0.0,0.0,0.0,2679380.0,621.2798240791644,0.6690489279824079,6292.451621770203,0.3392935678944475,204.0,921.0,30.0,0.7613701677253693,3.4373623748777704,0.1119662011360837,0.0,0.0,0.0,0.0,0.0,0.0,0.7912278213616583,0.5784920392030992,3.523203129082101,3.5866506430592158,0.1119662011360837,0.1082339944315475,0.0,0.0,0.0,0.0,0.0,0.0,0.7103633427633755,0.7188230112936574,3.515738715673029,3.282102575969068,0.1107221322345716,0.1104733184542692,0.1119662011360837,0.10634750156503284
2024,Karachi West,42,0.0,0.0,0.0,2679380.0,621.2798240791644,0.6690489279824079,6292.451621770203,0.3392935678944475,240.0,916.0,33.0,0.8957296090886697,3.418701341355089,0.1231628212496921,0.0,0.0,0.0,0.0,0.0,0.0,0.7613701677253693,0.7912278213616583,3.4373623748777704,3.523203129082101,0.1119662011360837,0.1119662011360837,0.0,0.0,0.0,0.0,0.0,0.0,0.8161091993918991,0.7427091342026886,3.459755615104987,3.381379274309728,0.1156984078406198,0.1127126424769909,0.1231628212496921,0.11849713217003974
2024,Karachi West,43,0.0,0.0,0.0,2679380.0,621.2798240791644,0.6690489279824079,6292.451621770203,0.3392935678944475,261.0,894.0,32.0,0.9741059498839284,3.3365927938552957,0.1194306145451559,0.0,0.0,0.0,0.0,0.0,0.0,0.8957296090886697,0.7613701677253693,3.418701341355089,3.4373623748777704,0.1231628212496921,0.1119662011360837,0.0,0.0,0.0,0.0,0.0,0.0,0.877068575565989,0.8001851174525451,3.3975521700293854,3.460502056445894,0.1181865456436439,0.1149519664997126,0.1194306145451559,0.11564749018694051
2024,Karachi West,44,0.0,0.0,0.0,2679380.0,621.2798240791644,0.6690489279824079,6292.451621770203,0.3392935678944475,226.0,881.0,30.0,0.8434787152251639,3.288074106696325,0.1119662011360837,0.0,0.0,0.0,0.0,0.0,0.0,0.9741059498839284,0.8957296090886697,3.3365927938552957,3.418701341355089,0.1194306145451559,0.1231628212496921,0.0,0.0,0.0,0.0,0.0,0.0,0.904438091399254,0.8531824526569579,3.347789413968904,3.4007867491733164,0.1181865456436439,0.1156984078406198,0.1119662011360837,0.10995431060833008
2024,Karak,37,3.1692,26.982,76.4636,815878.0,500.0,0.0,3372.0,0.2,302.0,372.0,13.0,3.701533807750669,4.559505220143207,0.1593375480157572,5.4143,2.2778,26.7828,26.9459,79.364,76.6291,4.020208903782184,3.309318304942651,4.277600327499945,3.713790542213419,0.0735404067765033,0.0980538757020044,3.620433333333333,4.566540000000001,26.903566666666663,27.178680000000004,77.48556666666666,78.9534,3.677020338825168,3.225972510595947,4.18363202995219,4.042271025815134,0.110310610164755,0.1029565694871046,0.1593375480157572,0.1454890385340317
2024,Karak,38,0.0143,29.6328,50.3108,815878.0,500.0,0.0,3372.0,0.2,364.0,353.0,5.0,4.461451344441203,4.326627265350948,0.0612836723137527,3.1692,5.4143,26.982,26.7828,76.4636,79.364,3.701533807750669,4.020208903782184,4.559505220143207,4.277600327499945,0.1593375480157572,0.0735404067765033,2.865933333333334,3.4522600000000003,27.799200000000003,27.52286,68.7128,72.67803999999998,4.061064685324685,3.49071797499136,4.387910937664699,4.079041229203386,0.0980538757020044,0.0980538757020044,0.0612836723137527,0.06070240141365088
2024,Karak,39,2.4714,29.2691,60.1774,815878.0,500.0,0.0,3372.0,0.2,351.0,393.0,7.0,4.302113796425446,4.81689664386097,0.0857971412392539,0.0143,3.1692,29.6328,26.982,50.3108,76.4636,4.461451344441203,3.701533807750669,4.326627265350948,4.559505220143207,0.0612836723137527,0.1593375480157572,1.8849666666666665,2.6694000000000004,28.62796666666667,27.92252,62.31726666666666,68.58898,4.155032982872439,3.95892523146843,4.5676763764517085,4.338883999813698,0.1021394538562546,0.0956025288094543,0.0857971412392539,0.08715584477788874
2024,Karak,40,0.7,28.1434,51.0531,815878.0,500.0,0.0,3372.0,0.2,306.0,340.0,13.0,3.750560745601671,4.16728971733519,0.1593375480157572,2.4714,0.0143,29.2691,29.6328,60.1774,50.3108,4.302113796425446,4.461451344441203,4.81689664386097,4.326627265350948,0.0857971412392539,0.0612836723137527,1.0618999999999998,2.353840000000001,29.015100000000004,28.16202,53.847100000000005,63.47378,4.171375295489439,4.047173719600234,4.436937875515702,4.429583834838052,0.1021394538562546,0.1078592632722049,0.1593375480157572,0.14715617425818828
2024,Karak,41,0.4571,25.9732,41.6524,815878.0,500.0,0.0,3372.0,0.2,339.0,430.0,7.0,4.155032982872439,5.27039581898274,0.0857971412392539,0.7,2.4714,28.1434,29.2691,51.0531,60.1774,3.750560745601671,4.302113796425446,4.16728971733519,4.81689664386097,0.1593375480157572,0.0857971412392539,1.2095,1.3624000000000005,27.79523333333333,28.0001,50.96096666666667,55.93146,4.069235841633184,4.074138535418285,4.751527393392967,4.628142933134611,0.110310610164755,0.110310610164755,0.0857971412392539,0.08716116226741102
2024,Karak,42,0.0,26.6801,37.6803,815878.0,500.0,0.0,3372.0,0.2,272.0,273.0,5.0,3.333831773868152,3.3460885083309027,0.0612836723137527,0.4571,0.7,25.9732,28.1434,41.6524,51.0531,4.155032982872439,3.750560745601671,5.27039581898274,4.16728971733519,0.0857971412392539,0.1593375480157572,0.3857,0.7285600000000003,26.93223333333334,27.93972,43.46193333333333,48.1748,3.74647516744742,4.000598128641782,4.261258014882944,4.38545959077215,0.1021394538562546,0.0906998350243541,0.0612836723137527,0.06307814101674916
2024,Karak,43,0.2571,25.6057,47.8727,815878.0,500.0,0.0,3372.0,0.2,270.0,250.0,7.0,3.309318304942651,3.0641836156876394,0.0857971412392539,0.0,0.4571,26.6801,25.9732,37.6803,41.6524,3.333831773868152,4.155032982872439,3.3460885083309027,5.27039581898274,0.0612836723137527,0.0857971412392539,0.2380666666666666,0.7771200000000004,26.08633333333334,27.134300000000003,42.4018,47.68718,3.599394353894413,3.770171520742072,3.893555981000427,4.132970860839488,0.0776259849307535,0.0956025288094543,0.0857971412392539,0.08977447407112388
2024,Karak,44,0.0143,22.783,61.7846,815878.0,500.0,0.0,3372.0,0.2,288.0,272.0,4.0,3.5299395252721606,3.333831773868152,0.0490269378510022,0.2571,0.0,25.6057,26.6801,47.8727,37.6803,3.309318304942651,3.333831773868152,3.0641836156876394,3.3460885083309027,0.0857971412392539,0.0612836723137527,0.0904666666666666,0.2857000000000003,25.022933333333334,25.83708,49.11253333333334,48.00861999999999,3.3910298680276543,3.615736666511415,3.248034632628898,3.8363578868409247,0.0653692504680029,0.088248488131804,0.0490269378510022,0.044487481101914694
2025,Karak,37,0.2,29.8336,60.0725,853502.0,500.0,0.0,3372.0,0.2,48.0,838.0,7.0,0.5623888403307784,9.818371837441504,0.0820150392149051,2.7571,10.1286,27.5958,28.2572,67.3323,71.9657,3.292318002769765,3.784408238059196,8.002324540540034,9.560610285623232,0.0,0.0820150392149051,4.3619,3.5800000000000005,28.562200000000004,29.61804,66.45683333333334,64.21258,2.546371693719913,3.1915566688771677,9.127102221201593,9.504371401590154,0.0546766928099367,0.0609254577025009,0.0820150392149051,0.08521778163112273
2025,Karak,38,0.8857,29.9357,53.6195,853502.0,500.0,0.0,3372.0,0.2,296.0,716.0,9.0,3.468064515373133,8.388966868267444,0.1054479075620209,0.2,2.7571,29.8336,27.5958,60.0725,67.3323,0.5623888403307784,3.292318002769765,9.818371837441504,8.002324540540034,0.0820150392149051,0.0,1.2809333333333333,3.1485600000000007,29.121700000000004,29.465480000000003,60.341433333333335,62.42388,2.440923786157892,3.036899737786203,8.736554415416329,8.958385569102358,0.062487648925642,0.0656120313719241,0.1054479075620209,0.0999943660536935
2025,Karak,39,0.3571,29.7964,46.8238,853502.0,500.0,0.0,3372.0,0.2,373.0,679.0,7.0,4.370229946737091,7.955458803845802,0.0820150392149051,0.8857,0.2,29.9357,29.8336,53.6195,60.0725,3.468064515373133,0.5623888403307784,8.388966868267444,9.818371837441504,0.1054479075620209,0.0820150392149051,0.4809333333333334,2.8657000000000004,29.85523333333333,29.08374,53.50526666666667,59.96276,2.800227767480333,3.095481908653993,8.720932503184917,8.745146467143604,0.0898259953306104,0.0702986050413473,0.0820150392149051,0.08509765736554892
2025,Karak,40,1.4,27.0301,52.7518,853502.0,500.0,0.0,3372.0,0.2,273.0,639.0,2.0,3.1985865293813016,7.486801436903487,0.0234328683471157,0.3571,0.8857,29.7964,29.9357,46.8238,53.6195,4.370229946737091,3.468064515373133,7.955458803845802,8.388966868267444,0.0820150392149051,0.1054479075620209,0.8809333333333335,1.1199800000000004,28.92073333333333,28.83832,51.06503333333334,56.11998,3.6789603304971754,2.978317566918414,7.943742369672244,8.330384697399655,0.0702986050413473,0.0585821708677894,0.0234328683471157,0.02869399414274179
2025,Karak,41,0.4714,21.7622,52.852,853502.0,500.0,0.0,3372.0,0.2,253.0,517.0,4.0,2.9642578459101445,6.057396467729425,0.0468657366942315,1.4,0.3571,27.0301,29.7964,52.7518,46.8238,3.1985865293813016,4.370229946737091,7.486801436903487,7.955458803845802,0.0234328683471157,0.0820150392149051,0.7428333333333333,0.6628400000000003,26.19623333333334,27.6716,50.8092,53.22392,3.5110247740095115,2.9127055355464897,7.166552236159571,7.941399082837532,0.0507712147520841,0.0679553182066357,0.0468657366942315,0.045181468963644944
2025,Karak,42,0.0,24.7857,47.4986,853502.0,500.0,0.0,3372.0,0.2,339.0,466.0,2.0,3.971871184836122,5.459858324877974,0.0234328683471157,0.4714,1.4,21.7622,27.0301,52.852,52.7518,2.9642578459101445,3.1985865293813016,6.057396467729425,7.486801436903487,0.0468657366942315,0.0234328683471157,0.6238,0.6228400000000003,24.526,26.66202,51.03413333333334,50.709140000000005,3.3782385200425225,3.594602004447558,6.334685409836962,7.069696380324826,0.031243824462821,0.0562388840330778,0.0234328683471157,0.025208259091473784
2025,Karak,43,0.0,23.983,39.843,853502.0,500.0,0.0,3372.0,0.2,297.0,616.0,0.0,3.479780949546691,7.217323450911656,0.0,0.0,0.4714,24.7857,21.7622,47.4986,52.852,3.971871184836122,2.9642578459101445,5.459858324877974,6.057396467729425,0.0234328683471157,0.0468657366942315,0.1571333333333333,0.4457000000000003,23.5103,25.47148,46.7312,47.95384,3.471969993430985,3.59694529128227,6.244859414506351,6.835367696853669,0.0234328683471157,0.0351493025206736,0.0,-0.0012124987821826028
2024,Kashmore,37,1.8154,32.2481,61.1653,1233957.0,60.0,2.0,2592.0,0.35,1991.0,707.0,6.0,16.13508412367692,5.729535145876233,0.0486240606439284,3.3714,1.9222,31.545,30.2335,68.8454,73.0058,16.799612952477275,14.514282102212638,5.859199307593376,6.175255701778911,0.0648320808585712,0.0648320808585712,2.369666666666667,5.48466,31.3422,31.2376,67.67216666666667,70.24015999999999,15.816326392788945,14.459174833482852,5.921330051749507,5.509106070957091,0.0594294074536903,0.0729360909658926,0.0486240606439284,0.054890747532235384
2024,Kashmore,38,0.0,32.8298,54.6388,1233957.0,60.0,2.0,2592.0,0.35,2251.0,770.0,9.0,18.24212675158048,6.240087782637483,0.0729360909658926,1.8154,3.3714,32.2481,31.545,61.1653,68.8454,16.13508412367692,16.799612952477275,5.729535145876233,5.859199307593376,0.0486240606439284,0.0648320808585712,1.7289333333333332,1.9389399999999992,32.207633333333334,31.46778,61.54983333333333,67.02036,17.05894127591156,15.592115446486384,5.942940745369032,5.795988028756269,0.0621307441561307,0.0599696747941784,0.0729360909658926,0.07362944912144526
2024,Kashmore,39,0.0143,33.5167,54.8466,1233957.0,60.0,2.0,2592.0,0.35,2273.0,706.0,10.0,18.420414973941558,5.7214311357689125,0.081040101073214,0.0,1.8154,32.8298,32.2481,54.6388,61.1653,18.24212675158048,16.13508412367692,6.240087782637483,5.729535145876233,0.0729360909658926,0.0486240606439284,0.6099,1.4246599999999991,32.864866666666664,32.07462,56.88356666666667,62.50038000000001,17.59920861639965,16.822304180777774,5.897018021427543,5.945101814730983,0.0675334175610117,0.0664528828800355,0.081040101073214,0.07801159310122238
2024,Kashmore,40,0.075,31.575,57.4973,1233957.0,60.0,2.0,2592.0,0.35,2116.0,654.0,2.0,17.148085387092095,5.3000226101882,0.0162080202146428,0.0143,0.0,33.5167,32.8298,54.8466,54.6388,18.420414973941558,18.24212675158048,5.7214311357689125,6.240087782637483,0.081040101073214,0.0729360909658926,0.0297666666666666,1.0552199999999992,32.6405,32.34292000000001,55.660900000000005,59.39868,17.93687570420471,17.349064837753666,5.753847176198199,5.770055196412841,0.0567280707512498,0.0567280707512498,0.0162080202146428,0.015362458895606418
2024,Kashmore,41,0.1286,28.8673,54.2408,1233957.0,60.0,2.0,2592.0,0.35,2543.0,610.0,9.0,20.60849770291833,4.9434461654660575,0.0729360909658926,0.075,0.0143,31.575,33.5167,57.4973,54.8466,17.148085387092095,18.420414973941558,5.3000226101882,5.7214311357689125,0.0162080202146428,0.081040101073214,0.0726333333333333,0.4066599999999992,31.319666666666667,31.80738,55.52823333333333,56.47776,18.725666021317327,18.11084178784188,5.321633303807723,5.586904567987377,0.0567280707512498,0.0583488727727141,0.0729360909658926,0.07175089306839552
2024,Kashmore,42,0.0,28.3623,53.2162,1233957.0,60.0,2.0,2592.0,0.35,2136.0,568.0,13.0,17.310165589238522,4.603077740958558,0.1053521313951782,0.1286,0.075,28.8673,31.575,54.2408,57.4973,20.60849770291833,17.148085387092095,4.9434461654660575,5.3000226101882,0.0729360909658926,0.0162080202146428,0.0678666666666666,0.0435799999999992,29.60153333333333,31.03022,54.98476666666667,54.88794,18.355582893082985,18.345858080954194,4.948848838870938,5.3616130870038425,0.0648320808585712,0.0696944869229641,0.1053521313951782,0.10406445303060377
2024,Kashmore,43,0.0,28.8102,48.5131,1233957.0,60.0,2.0,2592.0,0.35,1892.0,514.0,2.0,15.3327871230521,4.165461195163203,0.0162080202146428,0.0,0.1286,28.3623,28.8673,53.2162,54.2408,17.310165589238522,20.60849770291833,4.603077740958558,4.9434461654660575,0.1053521313951782,0.0729360909658926,0.0428666666666666,0.0435799999999992,28.67993333333333,30.2263,51.990033333333336,53.6628,17.75048347173632,17.76399015524852,4.570661700529272,4.946687769508986,0.0648320808585712,0.0583488727727141,0.0162080202146428,0.015610657331358746
2024,Kashmore,44,0.0,27.4756,54.3432,1233957.0,60.0,2.0,2592.0,0.35,2061.0,381.0,4.0,16.702364831189417,3.0876278508894552,0.0324160404292856,0.0,0.0,28.8102,28.3623,48.5131,53.2162,15.3327871230521,17.310165589238522,4.165461195163203,4.603077740958558,0.0162080202146428,0.1053521313951782,0.0,0.0407199999999992,28.21603333333333,29.018080000000005,52.024166666666666,53.56212000000001,16.448439181160012,17.42038012669809,3.9520555956704055,4.419927112533094,0.0513253973463689,0.0486240606439284,0.0324160404292856,0.030318975701296935
2025,Kashmore,37,2.8857,28.8795,76.4926,1316520.0,60.0,2.0,2592.0,0.35,1957.0,339.0,122.0,14.864946981435908,2.5749703764469967,0.9266855042080636,0.2429,1.7,31.5349,32.3131,67.4025,68.3192,13.89268678029958,16.368911980068667,2.423054720019445,3.942211284294959,0.5696837116033179,0.4633427521040318,1.6095333333333333,1.034299999999999,30.909166666666664,31.755060000000004,70.73809999999999,65.50082,15.042181913934716,14.95457721872816,2.980078793587134,3.337586971713305,0.6532373226384712,0.5590496156533893,0.9266855042080636,0.9072058414723225
2025,Kashmore,38,0.0,30.7822,65.5775,1316520.0,60.0,2.0,2592.0,0.35,2125.0,373.0,121.0,16.14103849542734,2.833226992373834,0.919089721386686,2.8857,0.2429,28.8795,31.5349,76.4926,67.4025,14.864946981435908,13.89268678029958,2.5749703764469967,2.423054720019445,0.9266855042080636,0.5696837116033179,1.0428666666666666,1.034299999999999,30.398866666666663,31.31672,69.8242,67.37318,14.966224085720944,15.399690092060888,2.610417362946759,3.085406982043569,0.8051529790660226,0.6198158782244099,0.919089721386686,0.9366421347919334
2025,Kashmore,39,0.0,30.7027,60.0777,1316520.0,60.0,2.0,2592.0,0.35,1976.0,362.0,27.0,15.009266855042082,2.7496733813386807,0.2050861361771944,0.0,2.8857,30.7822,28.8795,65.5775,76.4926,16.14103849542734,14.864946981435908,2.833226992373834,2.5749703764469967,0.919089721386686,0.9266855042080636,0.9619,0.9657199999999992,30.121466666666663,30.84248,67.38260000000001,67.57390000000001,15.338417443968444,15.255370218454717,2.71929025005317,2.904627350894783,0.6836204539239814,0.6167775650958588,0.2050861361771944,0.2018288481816516
2025,Kashmore,40,0.0,31.3096,55.3044,1316520.0,60.0,2.0,2592.0,0.35,2194.0,335.0,3.0,16.66514751010239,2.544587245161486,0.0227873484641327,0.0,0.0,30.7027,30.7822,60.0777,65.5775,15.009266855042082,16.14103849542734,2.7496733813386807,2.833226992373834,0.2050861361771944,0.919089721386686,0.0,0.6257199999999992,30.9315,30.64178,60.31986666666668,64.97094,15.93848428685727,15.31461732446146,2.7091625396246672,2.6251025430680888,0.3823210686760043,0.5286664843678789,0.0227873484641327,0.011877546698833868
2025,Kashmore,41,0.0571,26.2822,55.9836,1316520.0,60.0,2.0,2592.0,0.35,2189.0,306.0,80.0,16.627168595995503,2.324309543341537,0.6076626257102057,0.0,0.0,31.3096,30.7027,55.3044,60.0777,16.66514751010239,15.009266855042082,2.544587245161486,2.7496733813386807,0.0227873484641327,0.2050861361771944,0.0190333333333333,0.5885599999999992,29.4315,29.59124,57.1219,62.68715999999999,16.100527653713325,15.861513687600644,2.5395233899472345,2.605353507732507,0.2785120367838443,0.5362622671892565,0.6076626257102057,0.5997875782262327
2025,Kashmore,42,0.0,26.5768,51.0454,1316520.0,60.0,2.0,2592.0,0.35,2122.0,240.0,95.0,16.118251146963207,1.822987877130617,0.7215993680308692,0.0571,0.0,26.2822,31.3096,55.9836,55.3044,16.627168595995503,16.66514751010239,2.324309543341537,2.544587245161486,0.6076626257102057,0.0227873484641327,0.0190333333333333,0.0114199999999992,28.0562,29.1307,54.11113333333335,57.59772,16.4701890843537,16.112174520706105,2.2306282218778803,2.454957007869231,0.4506831140684026,0.4952450399538176,0.7215993680308692,0.7612798314702195
2025,Kashmore,43,0.0,26.3971,50.3348,1316520.0,60.0,2.0,2592.0,0.35,2083.0,230.0,63.0,15.82201561692948,1.747030048916841,0.478534317746787,0.0,0.0571,26.5768,26.2822,51.0454,55.9836,16.118251146963207,16.627168595995503,1.822987877130617,2.324309543341537,0.7215993680308692,0.6076626257102057,0.0190333333333333,0.0114199999999992,26.4187,28.25368,52.454600000000006,54.54918,16.18914511996273,16.048369945006534,1.9647758231296653,2.2377176191778325,0.602598770495954,0.4071339592258378,0.478534317746787,0.5204684794054883
2025,Keamari,37,14.2429,26.9409,85.6832,2215961.0,2.0,0.0,559.0,0.2,16.0,608.0,0.0,0.072203436793337,2.7437305981468083,0.0,0.1857,14.5429,28.3832,28.6513,77.1336,85.8159,0.0586652923945863,0.072203436793337,2.342098980983871,2.2608701145913668,0.0,0.0,9.657166666666669,6.2828800000000005,27.9918,28.16764,82.87756666666667,81.27992,0.0676907219937535,0.0965720967110883,2.448899897907349,2.5794677794419667,0.0,0.0,0.0,0.001294538806094897
2025,Keamari,38,0.4714,27.5177,82.1035,2215961.0,2.0,0.0,559.0,0.2,17.0,675.0,1.0,0.0767161515929206,3.0460824897189074,0.0045127147995835,14.2429,0.1857,26.9409,28.3832,85.6832,77.1336,0.072203436793337,0.0586652923945863,2.7437305981468083,2.342098980983871,0.0,0.0,4.966666666666667,6.03144,27.613933333333332,28.04514,81.6401,81.8858,0.0691949602602813,0.0740085227131704,2.710637356283196,2.5948110097605506,0.0015042382665278,0.0009025429599167,0.0045127147995835,0.008915441675308666
2025,Keamari,39,0.5,27.9835,78.6696,2215961.0,2.0,0.0,559.0,0.2,16.0,714.0,2.0,0.072203436793337,3.2220783669026667,0.0090254295991671,0.4714,14.2429,27.5177,26.9409,82.1035,85.6832,0.0767161515929206,0.072203436793337,3.0460824897189074,2.7437305981468083,0.0045127147995835,0.0,5.071433333333334,5.988580000000001,27.4807,27.89532,82.1521,81.88116,0.0737076750598649,0.0703983508735036,3.003963818256127,2.722972110068724,0.0045127147995835,0.0027076288797501,0.0090254295991671,0.010461307717839152
2025,Keamari,40,2.3857,29.7683,71.2507,2215961.0,2.0,0.0,559.0,0.2,11.0,638.0,0.0,0.0496398627954192,2.879112042134316,0.0,0.5,0.4714,27.9835,27.5177,78.6696,82.1035,0.072203436793337,0.0767161515929206,3.2220783669026667,3.0460824897189074,0.0090254295991671,0.0045127147995835,1.119033333333333,3.5571400000000004,28.423166666666663,28.11872,77.34126666666667,78.96812,0.0661864837272256,0.06588563607392,3.0490909662519634,2.846620495577314,0.0045127147995835,0.0027076288797501,0.0,0.0009509221624668385
2025,Keamari,41,0.1429,27.9138,64.5391,2215961.0,2.0,0.0,559.0,0.2,17.0,669.0,0.0,0.0767161515929206,3.0190062009214063,0.0,2.3857,0.5,29.7683,27.9835,71.2507,78.6696,0.0496398627954192,0.072203436793337,2.879112042134316,3.2220783669026667,0.0,0.0090254295991671,1.0095333333333334,3.54858,28.5552,28.02484,71.48646666666667,76.44922,0.0661864837272256,0.0694958079135869,3.040065536652796,2.982001939564821,0.0030084765330557,0.0027076288797501,0.0,0.0006995489336407978
2025,Keamari,42,0.0,28.3778,52.2199,2215961.0,2.0,0.0,559.0,0.2,13.0,618.0,0.0,0.0586652923945863,2.7888577461426443,0.0,0.1429,2.3857,27.9138,29.7683,64.5391,71.2507,0.0767161515929206,0.0496398627954192,3.0190062009214063,2.879112042134316,0.0,0.0,0.8428666666666667,0.7,28.686633333333333,28.312220000000003,62.669900000000005,69.75656000000001,0.061673768927642,0.0667881790338367,2.895658663066122,2.991027369163988,0.0,0.0027076288797501,0.0,0.0016210665003771607
2025,Keamari,43,0.0,29.7796,36.4843,2215961.0,2.0,0.0,559.0,0.2,9.0,616.0,0.0,0.0406144331962521,2.779832316543477,0.0,0.0,0.1429,28.3778,27.9138,52.2199,64.5391,0.0586652923945863,0.0767161515929206,2.7888577461426443,3.0190062009214063,0.0,0.0,0.0476333333333333,0.60572,28.6904,28.7646,51.0811,60.63271999999999,0.0586652923945863,0.059567835354503,2.862565421202509,2.937777334528902,0.0,0.0018050859198334,0.0,0.0011857413827975893
2024,Kech (Turbat),39,0.0,0.0,0.0,1060931.0,621.2798240791644,0.6690489279824079,6292.451621770203,0.3392935678944475,75.0,118.0,0.0,0.7069262751300509,1.11223067287128,0.0,0.0,0.0,0.0,0.0,0.0,0.0,7.483992832710138,5.8439238744084205,4.005915559070289,4.203854916106702,0.056554102010404,0.028277051005202,0.0,0.0,0.0,0.0,0.0,0.0,4.67828099408287,4.422530777213598,3.107333716016091,3.1330972513763857,0.028277051005202,0.0169662306031212,0.0,-0.003021880148733669
2024,Kech (Turbat),41,0.0,0.0,0.0,1060931.0,621.2798240791644,0.6690489279824079,6292.451621770203,0.3392935678944475,1329.0,1027.0,0.0,12.5267335953045,9.680177127447497,0.0,0.0,0.0,0.0,0.0,0.0,0.0,0.7069262751300509,7.483992832710138,1.11223067287128,4.005915559070289,0.0,0.056554102010404,0.0,0.0,0.0,0.0,0.0,0.0,6.905884234381563,5.819417096870579,4.932774453129689,4.117138626357416,0.0188513673368013,0.0169662306031212,0.0,-0.0035309541678681666
2024,Kech (Turbat),44,0.0,0.0,0.0,1060931.0,621.2798240791644,0.6690489279824079,6292.451621770203,0.3392935678944475,266.0,583.0,0.0,2.5072318557945805,5.495173578677595,0.0,0.0,0.0,0.0,0.0,0.0,0.0,12.5267335953045,0.7069262751300509,9.680177127447497,1.11223067287128,0.0,0.0,0.0,0.0,0.0,0.0,0.0,0.0,5.246963908743044,5.8137616866695385,5.429193792998791,4.899470370834672,0.0,0.0169662306031212,0.0,-0.0046972526062559194
2025,Kech (Turbat),37,0.0,0.0,0.0,1098914.0,621.2798240791644,0.6690489279824079,6292.451621770203,0.3392935678944475,843.0,585.0,1.0,7.671209939995304,5.323437502843716,0.0090998931672542,0.0,0.0,0.0,0.0,0.0,0.0,4.377048613449278,5.760232374871919,5.014041135157074,5.732932695370156,0.0,0.0090998931672542,0.0,0.0,0.0,0.0,0.0,0.0,5.936163642772168,5.612814105562401,5.356803777790316,5.276118058373994,0.0060665954448361,0.0272996795017626,0.0090998931672542,0.0075522239234511734
2025,Kech (Turbat),38,0.0,0.0,0.0,1098914.0,621.2798240791644,0.6690489279824079,6292.451621770203,0.3392935678944475,797.0,574.0,0.0,7.252614854301611,5.223338678003921,0.0,0.0,0.0,0.0,0.0,0.0,0.0,7.671209939995304,4.377048613449278,5.323437502843716,5.014041135157074,0.0090998931672542,0.0,0.0,0.0,0.0,0.0,0.0,0.0,6.433624469248731,6.333525644408934,5.186939105334904,5.272478101107093,0.003033297722418,0.0272996795017626,0.0,-0.002699120103307334
2025,Kech (Turbat),39,0.0,0.0,0.0,1098914.0,621.2798240791644,0.6690489279824079,6292.451621770203,0.3392935678944475,573.0,601.0,1.0,5.214238784836666,5.469035793519785,0.0090998931672542,0.0,0.0,0.0,0.0,0.0,0.0,7.252614854301611,7.671209939995304,5.223338678003921,5.323437502843716,0.0,0.0090998931672542,0.0,0.0,0.0,0.0,0.0,0.0,6.712687859711193,6.055068913490955,5.338603991455806,5.352557160978931,0.0060665954448361,0.0054599359003525,0.0090998931672542,0.007605365342288117
2025,Kech (Turbat),42,0.0,0.0,0.0,1098914.0,621.2798240791644,0.6690489279824079,6292.451621770203,0.3392935678944475,700.0,584.0,0.0,6.369925217077952,5.314337609676462,0.0,0.0,0.0,0.0,0.0,0.0,0.0,5.214238784836666,7.252614854301611,5.469035793519785,5.223338678003921,0.0090998931672542,0.0,0.0,0.0,0.0,0.0,0.0,0.0,6.278926285405409,6.177007481932162,5.335570693733389,5.268838143840192,0.003033297722418,0.0036399572669016,0.0,-0.0027013137958213917
2025,Kech (Turbat),43,0.0,0.0,0.0,1098914.0,621.2798240791644,0.6690489279824079,6292.451621770203,0.3392935678944475,277.0,199.0,0.0,2.5206704073294177,1.810878740283589,0.0,0.0,0.0,0.0,0.0,0.0,0.0,6.369925217077952,5.214238784836666,5.314337609676462,5.469035793519785,0.0,0.0090998931672542,0.0,0.0,0.0,0.0,0.0,0.0,4.701611469748012,5.80573184070819,4.198084047826613,4.628205664865495,0.003033297722418,0.0036399572669016,0.0,-0.003728670852890581
2024,Khairpur,38,0.0286,32.2129,55.9453,2597535.0,53.0,2.0,15910.0,0.5,10333.0,3717.0,252.0,39.78002221336767,14.309720561994352,0.9701505465758884,0.6846,1.2714,31.2409,30.742,66.1485,71.8915,47.55662580099979,36.56928588065224,16.89293888244047,17.26636984679706,0.8816050601820573,0.8392572188632684,0.6615333333333334,2.05884,31.3986,30.86904,64.66176666666667,69.84747999999999,41.30197796500656,34.931579362741985,16.156343097077293,15.712589050773138,0.8970042752070713,0.908553686475832,0.9701505465758884,0.9315494939928268
2024,Khairpur,39,0.1,33.8864,50.925,2597535.0,53.0,2.0,15910.0,0.5,10681.0,3537.0,242.0,41.1197539205439,13.616755885868718,0.9316525090133532,0.0286,0.6846,32.2129,31.2409,55.9453,66.1485,39.78002221336767,47.55662580099979,14.309720561994352,16.89293888244047,0.9701505465758884,0.8816050601820573,0.2710666666666667,1.41026,32.446733333333334,31.61052,57.67293333333333,64.03046,42.81880064497045,38.725175984154205,14.93980511010118,15.739537677066911,0.9278027052570996,0.9177932154908404,0.9316525090133532,0.953017254931767
2024,Khairpur,40,0.0,32.2735,53.4443,2597535.0,53.0,2.0,15910.0,0.5,7142.0,2838.0,189.0,27.49529842716268,10.925743060247504,0.7276129099319162,0.1,0.0286,33.8864,32.2129,50.925,55.9453,41.1197539205439,39.78002221336767,13.616755885868718,14.309720561994352,0.9316525090133532,0.9701505465758884,0.0428666666666666,0.41692,32.790933333333335,32.07114,53.4382,59.67092,36.13169152035808,38.50419724854525,12.95073983603686,14.60230564746962,0.8764719885070525,0.8700556489132966,0.7276129099319162,0.7538206432761053
2024,Khairpur,41,0.0,29.4641,49.2018,2597535.0,53.0,2.0,15910.0,0.5,7858.0,3044.0,211.0,30.2517579166402,11.718802634035727,0.8123085925694937,0.0,0.1,32.2735,33.8864,53.4443,50.925,27.49529842716268,41.1197539205439,10.925743060247504,13.616755885868718,0.7276129099319162,0.9316525090133532,0.0333333333333333,0.16264,31.874666666666663,31.81556,51.19036666666667,55.13298,32.95560342144893,37.24069165574285,12.087100526717316,13.492792204917354,0.8238580038382542,0.8646659236545418,0.8123085925694937,0.8232203293087739
2024,Khairpur,42,0.0,29.5947,45.1958,2597535.0,53.0,2.0,15910.0,0.5,7235.0,2798.0,206.0,27.853330176494254,10.771750909997362,0.7930595737882261,0.0,0.0,29.4641,32.2735,49.2018,53.4443,30.2517579166402,27.49529842716268,11.718802634035727,10.925743060247504,0.8123085925694937,0.7276129099319162,0.0,0.02572,30.4441,31.48632,49.28063333333333,50.94244,28.53346217343238,33.30003253084174,11.138765534760198,12.268554610428732,0.777660358763212,0.8469568263757754,0.7930595737882261,0.7880993603853483
2024,Khairpur,43,0.0,30.1998,36.5906,2597535.0,53.0,2.0,15910.0,0.5,6336.0,2623.0,175.0,24.39235659962233,10.098035252652997,0.6737156573443669,0.0,0.0,29.5947,29.4641,45.1958,49.2018,27.853330176494254,30.2517579166402,10.771750909997362,11.718802634035727,0.7930595737882261,0.8123085925694937,0.0,0.02,29.752866666666662,31.0837,43.662733333333335,47.0715,27.49914823091893,30.22249940809267,10.862862932228696,11.426217548560462,0.7596946079006957,0.7876698485294712,0.6737156573443669,0.6791867080661695
2024,Khairpur,44,0.0,28.823,44.242,2597535.0,53.0,2.0,15910.0,0.5,5346.0,2180.0,168.0,20.581050880931347,8.392572188632684,0.6467670310505922,0.0,0.0,30.1998,29.5947,36.5906,45.1958,24.39235659962233,27.853330176494254,10.098035252652997,10.771750909997362,0.6737156573443669,0.7930595737882261,0.0,0.0,29.539166666666663,30.07102,42.00946666666667,45.7349,24.275579219015977,26.11475880017016,9.75411945042768,10.381380809113256,0.704514087394395,0.730692752936919,0.6467670310505922,0.6334321725955061
2025,Khairpur,37,8.7714,28.5352,77.9599,2908676.0,53.0,2.0,15910.0,0.5,5594.0,3008.0,195.0,19.232117980827013,10.341474952865152,0.670408116957681,0.2,2.3857,34.0337,33.451,52.7299,61.4459,14.910564119207503,22.92451960960932,7.80080008911271,11.362558084846851,0.6532181652408175,0.9007534699636536,3.7857,2.3257,32.00663333333333,33.0005,64.04523333333333,58.44926,19.02240056988128,18.643534034041604,9.834944375608236,10.335974168315754,0.741459917387384,0.746043904511881,0.670408116957681,0.6923384925899425
2025,Khairpur,38,0.0,30.5587,67.2348,2908676.0,53.0,2.0,15910.0,0.5,6374.0,3202.0,213.0,21.91375044865774,11.00844507947946,0.7322919431383901,8.7714,0.2,28.5352,34.0337,77.9599,52.7299,19.232117980827013,14.910564119207503,10.341474952865152,7.80080008911271,0.670408116957681,0.6532181652408175,2.9904666666666664,2.3257,31.04253333333334,32.25836,65.97486666666667,61.83326000000001,18.68547751623075,19.50990760057153,9.71690670715244,10.35316412003262,0.6853060751122962,0.7350423354130883,0.7322919431383901,0.7393834918151823
2025,Khairpur,39,0.0,31.8298,53.3914,2908676.0,53.0,2.0,15910.0,0.5,7173.0,3035.0,335.0,24.660704733012544,10.434300692136215,1.1517267650298624,0.0,8.7714,30.5587,28.5352,67.2348,77.9599,21.91375044865774,19.232117980827013,11.00844507947946,10.341474952865152,0.7322919431383901,0.670408116957681,2.9238,2.27142,30.307900000000004,31.68168,66.19536666666667,62.55238000000001,21.9355243874991,20.728331378262823,10.594740241493607,10.189515779688076,0.8514756083753111,0.8216796920660808,1.1517267650298624,1.297391898777505
2025,Khairpur,40,0.3571,32.8983,50.1066,2908676.0,53.0,2.0,15910.0,0.5,6690.0,2790.0,135.0,23.00015539716352,9.5919930580099,0.4641286963553176,0.0,0.0,31.8298,30.5587,53.3914,67.2348,24.660704733012544,21.91375044865774,10.434300692136215,11.00844507947946,1.1517267650298624,0.7322919431383901,0.1190333333333333,1.8657,31.762266666666665,31.571140000000003,56.91093333333333,60.28452,23.191536859611265,20.743458535773662,10.344912943208524,9.835402774320688,0.7827158015078566,0.7343547373444137,0.4641286963553176,0.4978551320574719
2025,Khairpur,41,0.0,28.2138,42.9493,2908676.0,53.0,2.0,15910.0,0.5,9737.0,3314.0,295.0,33.47571197342021,11.393499997937203,1.0142071512949535,0.3571,0.0,32.8983,31.8298,50.1066,53.3914,23.00015539716352,24.660704733012544,9.5919930580099,10.434300692136215,0.4641286963553176,1.1517267650298624,0.1190333333333333,1.8257,30.980633333333333,30.40716,48.81576666666666,58.32840000000001,27.045524034532093,24.45648810661621,10.47326458269444,10.553942756085586,0.8766875375600445,0.8065525345552409,1.0142071512949535,1.112443028714548
2025,Khairpur,42,0.0,28.5703,32.3531,2908676.0,53.0,2.0,15910.0,0.5,9142.0,3266.0,236.0,31.43010771911344,11.228476461455315,0.8113657210359627,0.0,0.3571,28.2138,32.8983,42.9493,50.1066,33.47571197342021,23.00015539716352,11.393499997937203,9.5919930580099,1.0142071512949535,0.4641286963553176,0.1190333333333333,0.07142,29.894133333333333,30.41418,41.803,49.207040000000006,29.30199169656572,26.89608605427349,10.73798983913414,10.73134305780362,0.7632338562287447,0.8347440553708972,0.8113657210359627,0.8358549757746416
2025,Khairpur,43,0.0,28.4712,33.5037,2908676.0,53.0,2.0,15910.0,0.5,8402.0,3018.0,229.0,28.885994865017626,10.37585485629888,0.7872997886323536,0.0,0.0,28.5703,28.2138,32.3531,42.9493,31.43010771911344,33.47571197342021,11.228476461455315,11.393499997937203,0.8113657210359627,1.0142071512949535,0.0,0.07142,28.418433333333336,29.99668,36.2687,42.46082,31.263938185850424,28.29053493754547,10.999277105230467,10.604825013167504,0.8709575536544233,0.8457456244696899,0.7872997886323536,0.8073613857208373
2024,Kharan,37,0.0,30.3891,15.474,260352.0,700.0,0.0,14958.0,0.2,73.0,154.0,20.0,2.8038962635201576,5.915068829891839,0.7681907571288101,0.0,0.6667,32.4187,32.4314,20.2318,29.1121,14.096300393313667,2.535029498525074,5.30051622418879,5.1468780727630286,0.9602384464110127,0.0,0.2222333333333333,0.2190599999999999,31.7464,32.39144,21.60596666666667,28.0956,6.4784087184529655,7.08271878072763,5.454154375614553,4.801192232055064,0.5761430678466076,0.3456858407079646,0.7681907571288101,0.8064805594183201
2024,Kharan,38,0.0,32.2354,15.8199,260352.0,700.0,0.0,14958.0,0.2,106.0,107.0,5.0,4.071411012782694,4.109820550639134,0.1920476892822025,0.0,0.0,30.3891,32.4187,15.474,20.2318,2.8038962635201576,14.096300393313667,5.915068829891839,5.30051622418879,0.7681907571288101,0.9602384464110127,0.0,0.17048,31.681066666666663,31.85068,17.175233333333335,23.14654,6.990535889872173,7.6281342182890866,5.108468534906588,4.486234021632251,0.6401589642740085,0.3840953785644051,0.1920476892822025,0.19306333611415233
2024,Kharan,39,0.0,31.5285,17.7172,260352.0,700.0,0.0,14958.0,0.2,210.0,152.0,0.0,8.066002949852507,5.838249754178958,0.0,0.0,0.0,32.2354,30.3891,15.8199,15.474,4.071411012782694,2.8038962635201576,4.109820550639134,5.915068829891839,0.1920476892822025,0.7681907571288101,0.0,0.13334,31.38433333333333,31.80062,16.337033333333334,19.671,4.980436742051786,6.31452802359882,5.28771304490331,5.26210668633235,0.3200794821370042,0.3840953785644051,0.0,0.006585961897364961
2024,Kharan,40,0.0,30.0593,23.1261,260352.0,700.0,0.0,14958.0,0.2,382.0,178.0,3.0,14.672443461160274,6.83689773844641,0.1152286135693215,0.0,0.0,31.5285,32.2354,17.7172,15.8199,8.066002949852507,4.071411012782694,5.838249754178958,4.109820550639134,0.0,0.1920476892822025,0.0,0.0,31.2744,31.3262,18.887733333333333,18.4738,8.936619141265158,8.742010816125859,5.594989347754834,5.600110619469026,0.1024254342838413,0.4071411012782694,0.1152286135693215,0.11774774151551132
2024,Kharan,41,0.0,27.0291,21.8984,260352.0,700.0,0.0,14958.0,0.2,401.0,82.0,4.0,15.402224680432644,3.1495821042281222,0.153638151425762,0.0,0.0,30.0593,31.5285,23.1261,17.7172,14.672443461160274,8.066002949852507,6.83689773844641,5.838249754178958,0.1152286135693215,0.0,0.0,0.0,29.538966666666667,30.24828,20.9139,18.80712,12.713557030481809,9.003195673549655,5.27490986561783,5.169923795476893,0.0896222549983611,0.2458210422812192,0.153638151425762,0.14813588542874406
2024,Kharan,42,0.0,26.8166,18.4406,260352.0,700.0,0.0,14958.0,0.2,457.0,103.0,3.0,17.553158800393316,3.9561823992133727,0.1152286135693215,0.0,0.0,27.0291,30.0593,21.8984,23.1261,15.402224680432644,14.672443461160274,3.1495821042281222,6.83689773844641,0.153638151425762,0.1152286135693215,0.0,0.0,27.968333333333334,29.53378,21.15503333333333,19.40044,15.87594231399541,11.953048180924288,4.647554080629302,4.7781465093412,0.1280317928548017,0.1152286135693215,0.1152286135693215,0.11533308308741713
2024,Kharan,44,0.0,23.9541,26.1224,260352.0,700.0,0.0,14958.0,0.2,96.0,414.0,0.0,3.687315634218289,15.901548672566372,0.0,0.0,0.0,26.5318,26.8166,24.7973,18.4406,21.62456981317601,17.553158800393316,39.02409046214356,3.9561823992133727,0.0,0.1152286135693215,0.0,0.0,25.7675,26.87818,23.1201,22.87696,14.288348082595869,14.587942477876108,19.6272738446411,13.773660275319568,0.0384095378564405,0.076819075712881,0.0,0.007036249440231401
2025,Kharan,37,0.0,32.9684,37.5639,188592.0,700.0,0.0,14958.0,0.2,46.0,226.0,5.0,2.439127852719097,11.983541189446,0.2651225926868584,0.0,0.0286,32.6401,34.8056,16.7232,33.1203,1.325612963434292,2.2270297785696105,8.749045558666326,13.309154152880293,0.0,0.0,0.0095333333333333,0.00572,33.47136666666666,34.15722,29.1358,27.253300000000003,1.9972568649076656,2.3012641045219304,11.34724696699754,11.315432255875118,0.0883741975622861,0.1060490370747434,0.2651225926868584,0.25383712913912226
2025,Kharan,38,0.0,31.8943,17.1644,188592.0,700.0,0.0,14958.0,0.2,55.0,223.0,0.0,2.9163485195554424,11.824467633833883,0.0,0.0,0.0,32.9684,32.6401,37.5639,16.7232,2.439127852719097,1.325612963434292,11.983541189446,8.749045558666326,0.2651225926868584,0.0,0.0,0.00572,32.50093333333333,33.54102,23.817166666666665,25.905359999999995,2.227029778569609,2.3648935267667763,10.852351460648736,11.49571561890218,0.0883741975622861,0.1060490370747434,0.0,-0.00246659104522165
2025,Kharan,39,0.0,31.8964,14.415,188592.0,700.0,0.0,14958.0,0.2,44.0,214.0,0.0,2.333078815644354,11.34724696699754,0.0,0.0,0.0,31.8943,32.9684,17.1644,37.5639,2.9163485195554424,2.439127852719097,11.824467633833883,11.983541189446,0.0,0.2651225926868584,0.0,0.00572,32.253033333333335,32.84096,23.047766666666664,23.79736,2.562851729306297,2.2482395859845585,11.71841859675914,11.442691100364808,0.0883741975622861,0.0530245185373717,0.0,-0.0021395694456487757
2025,Kharan,40,0.0,29.0738,12.1348,188592.0,700.0,0.0,14958.0,0.2,39.0,193.0,0.0,2.067956222957496,10.233732077712734,0.0,0.0,0.0,31.8964,31.8943,14.415,17.1644,2.333078815644354,2.9163485195554424,11.34724696699754,11.824467633833883,0.0,0.0,0.0,0.0,30.95483333333333,31.6946,14.5714,19.60026,2.4391278527190963,2.216424874862136,11.135148892848052,10.827606685331297,0.0,0.0530245185373717,0.0,0.00037095866679395795
2025,Kharan,41,0.0,23.45,17.098,188592.0,700.0,0.0,14958.0,0.2,41.0,179.0,0.0,2.174005260032239,9.491388818189533,0.0,0.0,0.0,29.0738,31.8964,12.1348,14.415,2.067956222957496,2.333078815644354,10.233732077712734,11.34724696699754,0.0,0.0,0.0,0.0,28.140066666666662,29.85658,14.549266666666666,19.67522,2.1916800995446954,2.386103334181725,10.357455954299937,10.976075337235937,0.0,0.0530245185373717,0.0,-0.001942579243499748
2025,Kharan,42,0.0,25.1684,16.6599,188592.0,700.0,0.0,14958.0,0.2,60.0,196.0,0.0,3.181471112242301,10.39280563332485,0.0,0.0,0.0,23.45,29.0738,17.098,12.1348,2.174005260032239,2.067956222957496,9.491388818189533,10.233732077712734,0.0,0.0,0.0,0.0,25.8974,28.29658,15.297566666666668,15.49442,2.474477531744011,2.534571986086366,10.039308843075704,10.657928226011707,0.0,0.0,0.0,-0.0011629777511459605
2025,Kharan,43,0.0,24.339,15.7096,188592.0,700.0,0.0,14958.0,0.2,53.0,196.0,0.0,2.8102994824806995,10.39280563332485,0.0,0.0,0.0,25.1684,23.45,16.6599,17.098,3.181471112242301,2.174005260032239,10.39280563332485,9.491388818189533,0.0,0.0,0.0,0.0,24.31913333333333,26.78552,16.489166666666666,15.203459999999998,2.721925284918413,2.513362178671417,10.092333361613075,10.3715958259099,0.0,0.0,0.0,-0.0009191353288089954
2024,Khuzdar,37,0.0231,26.407,41.4333,997214.0,1237.0,0.0,35380.0,0.2,266.0,313.0,39.0,2.6674314640588683,3.138744542294833,0.3910895755575032,0.0429,1.7333,25.5824,24.0526,64.5482,75.4804,4.171622139280034,3.4395826773390668,4.23178976628888,4.492516149993883,0.220614632365771,0.0,0.5997666666666667,5.28558,25.34733333333333,25.33622,60.4873,68.0537,3.426212093559323,3.4375770897721054,3.954350152859199,3.834683428030493,0.2039014026410914,0.2005587566961554,0.3910895755575032,0.3964407549813928
2024,Khuzdar,38,0.0,27.71,41.7643,997214.0,1237.0,0.0,35380.0,0.2,318.0,350.0,16.0,3.1888842314688723,3.5097782421827213,0.1604470053569244,0.0231,0.0429,26.407,25.5824,41.4333,64.5482,2.6674314640588683,4.171622139280034,3.138744542294833,4.23178976628888,0.3910895755575032,0.220614632365771,0.022,2.67986,26.566466666666667,25.70014,49.2486,60.40122,3.3426459449359247,3.5900017448611834,3.6267708502554794,3.6862699480753376,0.2573837377600662,0.1544302426560397,0.1604470053569244,0.1491337574094658
2024,Khuzdar,39,0.0,28.5413,40.8259,997214.0,1237.0,0.0,35380.0,0.2,243.0,212.0,0.0,2.436788893858289,2.125922820979248,0.0,0.0,0.0231,27.71,26.407,41.7643,41.4333,3.1888842314688723,2.6674314640588683,3.5097782421827213,3.138744542294833,0.1604470053569244,0.3910895755575032,0.0076999999999999,0.35986,27.552766666666667,26.45866,41.341166666666666,52.81042,2.76436819646201,3.180861881201026,2.924815201818934,3.499750304347913,0.1838455269714759,0.1544302426560397,0.0,-0.0029348393744416945
2024,Khuzdar,40,0.8625,26.2743,35.3151,997214.0,1237.0,0.0,35380.0,0.2,461.0,347.0,11.0,4.622879341846384,3.4796944286782976,0.1103073161828855,0.0,0.0,28.5413,27.71,40.8259,41.7643,2.436788893858289,3.1888842314688723,2.125922820979248,3.5097782421827213,0.0,0.1604470053569244,0.2875,0.1857,27.50853333333333,26.903,39.301766666666666,44.77736,3.4161841557245154,3.41752121410249,3.038465163946756,3.2971859600847964,0.0902514405132699,0.1764917058926168,0.1103073161828855,0.10904086533252386
2024,Khuzdar,41,1.0,22.3821,44.7209,997214.0,1237.0,0.0,35380.0,0.2,690.0,257.0,5.0,6.919277106017365,2.5771800235455977,0.0501396891740388,0.8625,0.0,26.2743,28.5413,35.3151,40.8259,4.622879341846384,2.436788893858289,3.4796944286782976,2.125922820979248,0.1103073161828855,0.0,0.6208333333333333,0.37712,25.732566666666667,26.26294,40.2873,40.8119,4.65964844724068,3.967052207449956,2.7275990910677144,2.96626401153614,0.0534823351189747,0.1423967172542704,0.0501396891740388,0.05600745624546072
2024,Khuzdar,42,0.0143,23.7725,22.405,997214.0,1237.0,0.0,35380.0,0.2,449.0,268.0,11.0,4.50254408782869,2.6874873397284835,0.1103073161828855,1.0,0.8625,22.3821,26.2743,44.7209,35.3151,6.919277106017365,4.622879341846384,2.5771800235455977,3.4796944286782976,0.0501396891740388,0.1103073161828855,0.6256,0.37536,24.142966666666663,25.736040000000003,34.147,37.006240000000005,5.34823351189748,4.334074732203921,2.914787263984126,2.8760125710228697,0.0902514405132699,0.0862402653793468,0.1103073161828855,0.10776243763423946
2024,Khuzdar,43,0.0,23.9127,32.5101,997214.0,1237.0,0.0,35380.0,0.2,83.0,430.0,0.0,0.8323188402890452,4.312013268967343,0.0,0.0143,1.0,23.7725,22.3821,22.405,44.7209,4.50254408782869,6.919277106017365,2.6874873397284835,2.5771800235455977,0.1103073161828855,0.0501396891740388,0.3381,0.37536,23.355766666666668,24.97658,33.212,35.1554,4.0847133447117,3.8627616539679552,3.192226877413808,3.036459576379794,0.0534823351189747,0.0541508643079619,0.0,-0.004145967420076779
2024,Khuzdar,44,0.0,22.9133,27.2139,997214.0,1237.0,0.0,35380.0,0.2,254.0,379.0,0.0,2.547096210041175,3.8005884393921465,0.0,0.0,0.0143,23.9127,23.7725,32.5101,22.405,0.8323188402890452,4.50254408782869,4.312013268967343,2.6874873397284835,0.0,0.1103073161828855,0.0047666666666666,0.37536,23.53283333333333,23.85098,27.37633333333333,32.433,2.6273197127196366,3.884823117204532,3.600029682695991,3.3713927000623736,0.0367691053942951,0.0541508643079619,0.0,-0.004725722337465876
2025,Khuzdar,37,0.4857,25.8243,64.6882,969559.0,1237.0,0.0,35380.0,0.2,77.0,229.0,35.0,0.7941754962823304,2.361898553878619,0.3609888619465138,0.1571,2.1143,28.1842,28.2964,47.2622,58.4946,0.9076291386083776,1.041710715902797,0.8044894637665166,2.0627934968372217,0.0206279349683722,0.0,0.9190333333333336,0.8628399999999999,27.434966666666668,28.46868,56.815,52.89618,0.9145051169311684,1.035522335412285,1.7430605048274523,1.701804634890708,0.1272055989716287,0.1567723057596288,0.3609888619465138,0.3561809703315816
2025,Khuzdar,38,0.0,27.8949,33.6503,969559.0,1237.0,0.0,35380.0,0.2,17.0,36.0,0.0,0.1753374472311638,0.3713028294306999,0.0,0.4857,0.1571,25.8243,28.1842,64.6882,47.2622,0.7941754962823304,0.9076291386083776,2.361898553878619,0.8044894637665166,0.3609888619465138,0.0206279349683722,0.2142666666666667,0.8628399999999999,27.301133333333336,27.949580000000005,48.53356666666667,50.94686,0.6257140273739572,0.800363876772842,1.1792302823586116,1.3139994574853104,0.1272055989716287,0.1547095122627916,0.0,-0.0007219654799930086
2025,Khuzdar,39,0.5143,27.9464,42.5644,969559.0,1237.0,0.0,35380.0,0.2,82.0,185.0,0.0,0.845745333703261,1.9080839845744304,0.0,0.0,0.4857,27.8949,25.8243,33.6503,64.6882,0.1753374472311638,0.7941754962823304,0.3713028294306999,2.361898553878619,0.0,0.3609888619465138,0.3333333333333333,0.65428,27.221866666666667,27.62924,46.96763333333333,49.33194,0.605086092405585,0.7529196263455861,1.5470951226279164,1.5017136656974974,0.1203296206488379,0.0763233593829772,0.0,-0.007562325298240191
2025,Khuzdar,40,0.0,25.5916,40.0289,969559.0,1237.0,0.0,35380.0,0.2,49.0,89.0,1.0,0.5053844067251194,0.9179431060925636,0.0103139674841861,0.5143,0.0,27.9464,27.8949,42.5644,33.6503,0.845745333703261,0.1753374472311638,1.9080839845744304,0.3713028294306999,0.0,0.0,0.1714333333333333,0.2314199999999999,27.1443,27.08828,38.74786666666667,45.6388,0.5088223958865147,0.6456543645100504,1.0657766400325646,1.272743587548566,0.0034379891613953,0.0783861528798144,0.0103139674841861,0.007013839598290633
2025,Khuzdar,41,0.0,20.4934,34.6959,969559.0,1237.0,0.0,35380.0,0.2,76.0,90.0,0.0,0.7838615287981443,0.92825707357675,0.0,0.0,0.5143,25.5916,27.9464,40.0289,42.5644,0.5053844067251194,0.845745333703261,0.9179431060925636,1.9080839845744304,0.0103139674841861,0.0,0.1714333333333333,0.1999999999999999,24.67713333333333,25.55012,39.0964,43.12554,0.7116637564088415,0.6209008425480038,1.2514280547479146,1.2974971095106125,0.0034379891613953,0.07426056588614,0.0,-0.0041721796965773494
2025,Khuzdar,42,0.0,21.9672,28.6122,969559.0,1237.0,0.0,35380.0,0.2,6.0,17.0,0.0,0.0618838049051166,0.1753374472311638,0.0,0.0,0.0,20.4934,25.5916,34.6959,40.0289,0.7838615287981443,0.5053844067251194,0.92825707357675,0.9179431060925636,0.0,0.0103139674841861,0.0,0.1028599999999999,22.684066666666663,24.7787,34.44566666666666,35.910340000000005,0.4503765801427933,0.474442504272561,0.6738458756334923,0.8601848881811216,0.0034379891613953,0.0020627934968372,0.0,-0.0049488928348528916
2025,Khuzdar,43,0.0,21.2434,28.9656,969559.0,1237.0,0.0,35380.0,0.2,40.0,289.0,0.0,0.4125586993674444,2.980736602929785,0.0,0.0,0.0,21.9672,20.4934,28.6122,34.6959,0.0618838049051166,0.7838615287981443,0.1753374472311638,0.92825707357675,0.0,0.0,0.0,0.1028599999999999,21.234666666666666,23.4484,30.757900000000003,34.973400000000005,0.419434677690235,0.5218867546998172,1.361443707912566,1.3820716428809388,0.0,0.0020627934968372,0.0,-0.003236016051837154
2024,Khyber,37,1.8538,25.8326,70.1548,1146267.0,1000.0,0.0,2576.0,0.2,344.0,316.0,43.0,3.001046004115969,2.756774817734437,0.3751307505144962,3.3714,3.2778,25.3519,25.7753,76.3436,74.6256,3.4459685221680463,2.7480508467922395,4.178782081312644,3.367452783688268,0.5234382565318552,0.314062953919113,2.8343333333333334,4.05774,25.653266666666667,25.97792,73.708,75.50757999999999,3.065021791025418,2.9626605319703003,3.434336560911783,3.833312832001619,0.4042106536551548,0.3681515737607381,0.3751307505144962,0.4037541700892966
2024,Khyber,38,0.0,27.1112,47.5495,1146267.0,1000.0,0.0,2576.0,0.2,342.0,472.0,9.0,2.9835980622315748,4.117714284717261,0.0785157384797782,1.8538,3.3714,25.8326,25.3519,70.1548,76.3436,3.001046004115969,3.4459685221680463,2.756774817734437,4.178782081312644,0.3751307505144962,0.5234382565318552,1.7417333333333334,2.66632,26.09856666666667,26.07918,64.68263333333333,68.7898,3.143537529505197,3.049900241392276,3.684423727921447,3.702453267868656,0.3256949151753765,0.2774222759618832,0.0785157384797782,0.08074860094868277
2024,Khyber,39,0.6143,26.9472,61.7565,1146267.0,1000.0,0.0,2576.0,0.2,399.0,450.0,9.0,3.4808644059368365,3.9257869239889134,0.0785157384797782,0.0,1.8538,27.1112,25.8326,47.5495,70.1548,2.9835980622315748,3.001046004115969,4.117714284717261,2.756774817734437,0.0785157384797782,0.3751307505144962,0.8226999999999999,1.82346,26.630333333333336,26.20364,59.82026666666667,66.08599999999998,3.15516949076146,3.1319055682489334,3.6000920088135366,3.669302178288304,0.1773874091580175,0.2739326875850042,0.0785157384797782,0.08177505090190088
2024,Khyber,40,1.1,25.6903,44.0899,1146267.0,1000.0,0.0,2576.0,0.2,259.0,296.0,20.0,2.259508474029175,2.5822953988904853,0.1744794188439517,0.6143,0.0,26.9472,27.1112,61.7565,47.5495,3.4808644059368365,2.9835980622315748,3.9257869239889134,4.117714284717261,0.0785157384797782,0.0785157384797782,0.5714333333333333,1.3879,26.5829,26.18664,51.13196666666667,59.97886,2.9079903140658616,3.0341970936963203,3.5419322025322195,3.512270701328748,0.1105036319345027,0.2460159805699719,0.1744794188439517,0.18670537857154157
2024,Khyber,41,0.6,23.2436,42.2388,1146267.0,1000.0,0.0,2576.0,0.2,328.0,316.0,15.0,2.8614624690408084,2.756774817734437,0.1308595641329638,1.1,0.6143,25.6903,26.9472,44.0899,61.7565,2.259508474029175,3.4808644059368365,2.5822953988904853,3.9257869239889134,0.1744794188439517,0.0785157384797782,0.7714333333333333,0.83362,25.2937,25.76498,49.36173333333334,53.1579,2.86727844966894,2.917295883070873,3.0882857135379456,3.227869248613106,0.1279515738188979,0.1675002420901936,0.1308595641329638,0.13912152159635222
2024,Khyber,42,0.0,23.4388,42.464,1146267.0,1000.0,0.0,2576.0,0.2,347.0,343.0,9.0,3.027217916942562,2.992322033173772,0.0785157384797782,0.6,1.1,23.2436,25.6903,42.2388,44.0899,2.8614624690408084,2.259508474029175,2.756774817734437,2.5822953988904853,0.1308595641329638,0.1744794188439517,0.5666666666666665,0.46286,24.124233333333336,25.28622,42.9309,47.61974,2.716062953337515,2.922530265636192,2.777130749932898,3.2749786917009738,0.1279515738188979,0.10817723968325,0.0785157384797782,0.0875746840959093
2024,Khyber,43,0.6143,22.2118,47.7302,1146267.0,1000.0,0.0,2576.0,0.2,286.0,409.0,10.0,2.4950556894685096,3.5681041153588127,0.0872397094219758,0.0,0.6,23.4388,23.2436,42.464,42.2388,3.027217916942562,2.8614624690408084,2.992322033173772,2.756774817734437,0.0785157384797782,0.1308595641329638,0.4047666666666665,0.58572,22.96473333333333,24.30634,44.14433333333333,47.65588,2.794578691817293,2.8248217910835782,3.1057336554223407,3.165056657829284,0.0988716706782393,0.1099220338716895,0.0872397094219758,0.09051296850836371
2024,Khyber,44,0.0,21.0005,56.846,1146267.0,1000.0,0.0,2576.0,0.2,95.0,238.0,0.0,0.8287772395087707,2.076305084243025,0.0,0.6143,0.0,22.2118,23.4388,47.7302,42.464,2.4950556894685096,3.027217916942562,3.5681041153588127,2.992322033173772,0.0872397094219758,0.0785157384797782,0.2047666666666665,0.46286,22.217033333333333,23.117,49.0134,46.67378,2.1170169486399475,2.2944043577979647,2.878910410925203,2.7951602898801067,0.0552518159672513,0.0942188861757339,0.0,-0.002795133747069023
2025,Khyber,37,0.2714,28.1353,62.8539,1193210.0,1000.0,0.0,2576.0,0.2,48.0,855.0,28.0,0.4022762129046857,7.165545042364713,0.2346611241943999,4.4429,7.9714,25.7502,25.7386,69.5805,77.14,6.721365057282457,5.992239421392714,4.257423253241257,8.648938577450743,0.1089498076616857,1.1146403399234,4.228566666666667,4.53142,26.541366666666665,26.90654,69.85813333333333,72.50514000000001,4.371960230526619,5.6603615457463485,6.690635624352237,6.976139992122091,0.4860837572598285,0.7308017867768457,0.2346611241943999,0.27994423026104936
2025,Khyber,38,1.2,27.1716,59.4637,1193210.0,1000.0,0.0,2576.0,0.2,720.0,779.0,155.0,6.0341431935702845,6.528607705265628,1.299016937504714,0.2714,4.4429,28.1353,25.7502,62.8539,69.5805,0.4022762129046857,6.721365057282457,7.165545042364713,4.257423253241257,0.2346611241943999,0.1089498076616857,1.9714333333333331,3.97142,27.01903333333333,26.74244,63.96603333333332,70.10097999999999,4.385928154585808,5.470956495503725,5.983858666957199,6.813553356073113,0.5475426231202666,0.7676771062931085,1.299016937504714,1.2952531212716667
2025,Khyber,39,0.0143,26.4034,51.4882,1193210.0,1000.0,0.0,2576.0,0.2,774.0,836.0,133.0,6.486703933088056,7.006310708089942,1.1146403399234,1.2,0.2714,27.1716,28.1353,59.4637,62.8539,6.0341431935702845,0.4022762129046857,6.528607705265628,7.165545042364713,1.299016937504714,0.2346611241943999,0.4952333333333333,2.78,27.236766666666668,26.639820000000004,57.93526666666666,64.10526,4.307707779854341,5.127345563647639,6.900154485240094,6.7213650572824575,0.8827728005408378,0.77438170984152,1.1146403399234,1.1464593792630604
2025,Khyber,40,2.4143,23.6305,58.6334,1193210.0,1000.0,0.0,2576.0,0.2,594.0,647.0,0.0,4.978168134695485,5.422348119777743,0.0,0.0143,1.2,26.4034,27.1716,51.4882,59.4637,6.486703933088056,6.0341431935702845,7.006310708089942,6.528607705265628,1.1146403399234,1.299016937504714,1.2095333333333331,1.66858,25.735166666666668,26.218200000000003,56.52843333333333,60.40394,5.83300508711794,4.924531306308194,6.319088844377771,6.076046965747857,0.8045524258093714,0.5514536418568399,0.0,-3.395455816671e-05
2025,Khyber,41,0.7,19.2906,54.6953,1193210.0,1000.0,0.0,2576.0,0.2,687.0,761.0,67.0,5.757578297198314,6.377754125426371,0.561510547179457,2.4143,0.0143,23.6305,26.4034,58.6334,51.4882,4.978168134695485,6.486703933088056,5.422348119777743,7.006310708089942,0.0,1.1146403399234,1.0428666666666666,0.92,23.108166666666666,24.92628,54.938966666666666,57.4269,5.740816788327284,4.7317739542913655,6.268804317764686,6.50011314018488,0.558716962367619,0.6419657897603942,0.561510547179457,0.6699470290654157
2025,Khyber,42,0.0,22.3243,49.042,1193210.0,1000.0,0.0,2576.0,0.2,724.0,753.0,12.0,6.067666211312343,6.310708089942256,0.1005690532261714,0.7,2.4143,19.2906,23.6305,54.6953,58.6334,5.757578297198314,4.978168134695485,6.377754125426371,5.422348119777743,0.561510547179457,0.0,1.0381,0.8657199999999999,21.74846666666667,23.76408,54.12356666666667,54.66452,5.60113754773538,5.864851953972897,6.036936778382123,6.329145749700388,0.2206932001352094,0.6151473755667485,0.1005690532261714,0.09792685975478249
2025,Khyber,43,0.0,21.0308,38.5252,1193210.0,1000.0,0.0,2576.0,0.2,540.0,698.0,92.0,4.525607395177714,5.849766595988971,0.7710294080673142,0.0,0.7,22.3243,19.2906,49.042,54.6953,6.067666211312343,5.757578297198314,6.310708089942256,6.377754125426371,0.1005690532261714,0.561510547179457,0.2333333333333333,0.6257199999999999,20.8819,22.53592,47.42083333333333,50.47682,5.450283967896122,5.563144794294383,6.179409603785866,6.1933775278450565,0.4777030028243142,0.5095498696792685,0.7710294080673142,0.8268963690607611
2024,Killa Abdullah,37,0.0,27.0697,10.82,361971.0,1500.0,0.0,3553.0,0.2,28.0,183.0,15.0,0.7735426318682987,5.055653629710667,0.4143978385008744,0.5111,0.0,29.038,29.7418,30.0147,19.8352,1.2708200380693482,2.2930013730381718,6.40935323548019,1.1050609026689984,0.0,0.0828795677001748,0.1703666666666666,0.16222,28.6165,30.319939999999995,20.2233,24.18564,1.4457880143252728,1.248718820015968,4.1900225892866185,4.911995712363698,0.1657591354003497,0.7459161093015739,0.4143978385008744,0.40615338148934793
2024,Killa Abdullah,38,0.0,27.9826,15.0052,361971.0,1500.0,0.0,3553.0,0.2,15.0,116.0,0.0,0.4143978385008744,3.204676617740095,0.0,0.0,0.5111,27.0697,29.038,10.82,30.0147,0.7735426318682987,1.2708200380693482,5.055653629710667,6.40935323548019,0.4143978385008744,0.0,0.1703666666666666,0.10222,28.030100000000004,29.40116,18.6133,20.90048,0.8195868361461738,1.193465774882518,4.889894494310317,4.574952137049653,0.1381326128336248,0.5635810603611893,0.0,0.005221568322389458
2024,Killa Abdullah,39,0.0,28.0365,15.1924,361971.0,1500.0,0.0,3553.0,0.2,139.0,19.0,1.0,3.840086636774769,0.5249039287677743,0.0276265225667249,0.0,0.0,27.9826,27.0697,15.0052,10.82,0.4143978385008744,0.7735426318682987,3.204676617740095,5.055653629710667,0.0,0.4143978385008744,0.0,0.10222,27.69626666666667,28.37372,13.672533333333334,18.1735,1.6760090357146475,1.7183697036502923,2.9284113920728454,3.259929662873545,0.1473414536891998,0.1049807857535549,0.0276265225667249,0.022821273415573357
2024,Killa Abdullah,40,0.1125,25.3666,20.8466,361971.0,1500.0,0.0,3553.0,0.2,68.0,128.0,2.0,1.8786035345372971,3.5361948885407943,0.0552530451334499,0.0,0.0,28.0365,27.9826,15.1924,15.0052,3.840086636774769,0.4143978385008744,0.5249039287677743,3.204676617740095,0.0276265225667249,0.0,0.0375,0.12472,27.128566666666668,27.49868,17.014733333333332,18.37578,2.0443626699376467,1.6354901359501175,2.421925145016221,3.746156460047904,0.0276265225667249,0.0994554812402099,0.0552530451334499,0.05568589624548498
2024,Killa Abdullah,41,0.1286,21.39,23.5854,361971.0,1500.0,0.0,3553.0,0.2,93.0,19.0,0.0,2.569266598705421,0.5249039287677743,0.0,0.1125,0.0,25.3666,28.0365,20.8466,15.1924,1.8786035345372971,3.840086636774769,3.5361948885407943,0.5249039287677743,0.0552530451334499,0.0276265225667249,0.0803666666666666,0.04822,24.93103333333333,25.96908,19.8748,17.08992,2.762652256672496,1.8951794480773323,1.5286675820254478,2.5692665987054206,0.0276265225667249,0.0994554812402099,0.0,0.0039587162431141965
2024,Killa Abdullah,42,0.0,22.3109,14.951,361971.0,1500.0,0.0,3553.0,0.2,106.0,15.0,4.0,2.9284113920728454,0.4143978385008744,0.1105060902668998,0.1286,0.1125,21.39,25.3666,23.5854,20.8466,2.569266598705421,1.8786035345372971,0.5249039287677743,3.5361948885407943,0.0,0.0552530451334499,0.0803666666666666,0.04822,23.0225,25.01732,19.79433333333333,17.91612,2.4587605084385213,2.326153200118241,1.4918322186031476,1.641015440463462,0.0552530451334499,0.038677131593415,0.1105060902668998,0.10806985342763517
2024,Killa Abdullah,43,0.0,22.6856,23.3539,361971.0,1500.0,0.0,3553.0,0.2,258.0,466.0,0.0,7.127642822215039,12.87395951609383,0.0,0.0,0.1286,22.3109,21.39,14.951,23.5854,2.9284113920728454,2.569266598705421,0.4143978385008744,0.5249039287677743,0.1105060902668998,0.0,0.0428666666666666,0.04822,22.128833333333336,23.95792,20.6301,19.58586,4.208440270997769,3.668802196861074,4.604420427787493,3.574872020134209,0.0368353634222999,0.038677131593415,0.0,0.0014382845473288608
2025,Killa Abdullah,37,0.0,29.4275,23.9032,915157.0,1500.0,0.0,3553.0,0.2,13.0,227.0,33.0,0.1420521287604203,2.4804487098934938,0.3605938653149131,0.0,0.0,27.51,30.6838,9.3396,20.1531,0.0764896077940724,0.0327812604831739,2.0542923236122324,1.1801253773942613,0.0,0.0218541736554492,0.0,0.0,29.2071,30.046100000000003,17.79863333333333,16.13732,0.0837743323458891,0.0546354341386232,1.904955470299996,1.4052233660453886,0.1274826796567874,0.0983437814495218,0.3605938653149131,0.36122908301283185
2025,Killa Abdullah,38,0.0,26.2147,13.1129,915157.0,1500.0,0.0,3553.0,0.2,14.0,233.0,1.0,0.1529792155881449,2.546011230859841,0.0109270868277246,0.0,0.0,29.4275,27.51,23.9032,9.3396,0.1420521287604203,0.0764896077940724,2.4804487098934938,2.0542923236122324,0.3605938653149131,0.0,0.0,0.0,27.7174,29.08616,15.4519,16.6695,0.1238403173808794,0.0852312772562522,2.3602507547885225,1.8619755954442787,0.1238403173808792,0.0961583640839769,0.0109270868277246,0.01256349135621912
2025,Killa Abdullah,39,0.0,26.7204,13.2692,915157.0,1500.0,0.0,3553.0,0.2,23.0,250.0,13.0,0.2513229970376667,2.7317717069311604,0.1420521287604203,0.0,0.0,26.2147,29.4275,13.1129,23.9032,0.1529792155881449,0.1420521287604203,2.546011230859841,2.4804487098934938,0.0109270868277246,0.3605938653149131,0.0,0.0,27.4542,28.11128,16.761766666666666,15.9556,0.1821181137954109,0.1311250419326957,2.586077215894832,2.1985298697381976,0.171191026967686,0.1070854509117015,0.1420521287604203,0.1330849081207482
2025,Killa Abdullah,40,0.0,24.0585,10.6517,915157.0,1500.0,0.0,3553.0,0.2,9.0,230.0,2.0,0.0983437814495217,2.513229970376668,0.0218541736554492,0.0,0.0,26.7204,26.2147,13.2692,13.1129,0.2513229970376667,0.1529792155881449,2.7317717069311604,2.546011230859841,0.1420521287604203,0.0109270868277246,0.0,0.0,25.66453333333333,26.786220000000004,12.3446,14.05532,0.167548664691778,0.1442375461259653,2.5970043027225564,2.465150788334679,0.0582777964145314,0.1070854509117016,0.0218541736554492,0.020433975090079076
2025,Killa Abdullah,41,0.0,18.6201,12.2732,915157.0,1500.0,0.0,3553.0,0.2,19.0,246.0,14.0,0.2076146497267681,2.6880633596202617,0.1529792155881449,0.0,0.0,24.0585,26.7204,10.6517,13.2692,0.0983437814495217,0.2513229970376667,2.513229970376668,2.7317717069311604,0.0218541736554492,0.1420521287604203,0.0,0.0,23.133,25.00824,12.0647,14.64204,0.1857604760713191,0.1704625545125044,2.6443550123093638,2.5919049955362845,0.1056285060013382,0.1376812940293306,0.1529792155881449,0.15510536169350675
2025,Killa Abdullah,42,0.0,20.8811,12.3911,915157.0,1500.0,0.0,3553.0,0.2,19.0,209.0,14.0,0.2076146497267681,2.28376114699445,0.1529792155881449,0.0,0.0,18.6201,24.0585,12.2732,10.6517,0.2076146497267681,0.0983437814495217,2.6880633596202617,2.513229970376668,0.1529792155881449,0.0218541736554492,0.0,0.0,21.186566666666668,23.29896,11.772,12.33962,0.1711910269676862,0.1835750587057739,2.4950181589971265,2.5525674829564755,0.1092708682772464,0.0961583640839769,0.1529792155881449,0.1562196385872976
2025,Killa Abdullah,43,0.0,19.8439,15.717,915157.0,1500.0,0.0,3553.0,0.2,18.0,218.0,8.0,0.1966875628990435,2.382104928443972,0.0874166946217971,0.0,0.0,20.8811,18.6201,12.3911,12.2732,0.2076146497267681,0.2076146497267681,2.28376114699445,2.6880633596202617,0.1529792155881449,0.1529792155881449,0.0,0.0,19.7817,22.0248,13.460433333333333,12.86044,0.2039722874508601,0.1923167281679537,2.451309811686228,2.5197862224733023,0.1311250419326957,0.1114562856427914,0.0874166946217971,0.09400661158468548
2024,Killa Saifullah,37,0.0538,24.0936,48.7529,380200.0,1500.0,0.0,6831.0,0.2,208.0,150.0,0.0,5.470804839558127,3.9452919516044185,0.0,1.5714,3.1333,23.4894,23.9328,66.932,66.7359,0.1052077853761178,5.549710678590216,6.075749605470805,4.971067859021568,0.0,0.0,1.586166666666667,1.3859800000000002,23.8386,24.353340000000003,60.806933333333326,64.82320000000001,3.708574434508154,3.0668069437138348,4.997369805365597,4.902682798527091,0.0,0.0368227248816412,0.0,0.0007924165293342611
2024,Killa Saifullah,39,0.0,26.3621,35.9054,380200.0,1500.0,0.0,6831.0,0.2,175.0,188.0,0.0,4.602840610205155,4.944765912677538,0.0,0.0538,1.5714,24.0936,23.4894,48.7529,66.932,5.470804839558127,0.1052077853761178,3.9452919516044185,6.075749605470805,0.0,0.0,0.5417333333333333,0.9717,24.648366666666664,24.39752,50.5301,58.21718,3.3929510783798,3.161493950552341,4.988602489917588,4.992109416096791,0.0,0.0052603892688058,0.0,-0.002217368102273354
2024,Killa Saifullah,40,0.9125,23.6509,30.401,380200.0,1500.0,0.0,6831.0,0.2,0.0,122.0,0.0,0.0,3.208837453971594,0.0,0.0,0.0538,26.3621,24.0936,35.9054,48.7529,4.602840610205155,5.470804839558127,4.944765912677538,3.9452919516044185,0.0,0.0,0.3221,1.1342,24.7022,24.30576,38.35309999999999,49.74544,3.3578818165877613,3.1457127827459237,4.032965106084517,4.629142556549185,0.0,0.0,0.0,-0.0008246177398238963
2024,Killa Saifullah,41,1.0429,18.7094,42.5106,380200.0,1500.0,0.0,6831.0,0.2,0.0,141.0,0.0,0.0,3.7085744345081535,0.0,0.9125,0.0,23.6509,26.3621,30.401,35.9054,0.0,4.602840610205155,3.208837453971594,4.944765912677538,0.0,0.0,0.6518,0.7161199999999999,22.907466666666664,23.26108,36.27233333333333,44.90038,1.5342802034017184,2.03577064702788,3.954059267052429,4.376643871646502,0.0,0.0,0.0,-9.45712362731832e-05
2024,Killa Saifullah,42,0.0,20.9496,18.1387,380200.0,1500.0,0.0,6831.0,0.2,0.0,102.0,0.0,0.0,2.682798527091005,0.0,1.0429,0.9125,18.7094,23.6509,42.5106,30.401,0.0,0.0,3.7085744345081535,3.208837453971594,0.0,0.0,0.6518,0.40184,21.1033,22.753120000000003,30.350099999999998,35.14172,0.0,2.014729089952657,3.2000701385235844,3.698053655970542,0.0,0.0,0.0,-0.0034374673265296918
2024,Killa Saifullah,43,0.0,20.86,31.4638,380200.0,1500.0,0.0,6831.0,0.2,7.0,79.0,1.0,0.1841136244082062,2.077853761178327,0.0263019463440294,0.0,1.0429,20.9496,18.7094,18.1387,42.5106,0.0,0.0,2.682798527091005,3.7085744345081535,0.0,0.0,0.3476333333333333,0.39108,20.173,22.1064,30.704366666666655,31.6839,0.0613712081360687,0.9573908469226724,2.8230755742591622,3.324566017885324,0.0087673154480098,0.0052603892688058,0.0263019463440294,0.02168890433364068
2024,Killa Saifullah,44,0.0,20.4502,24.0571,380200.0,1500.0,0.0,6831.0,0.2,171.0,0.0,0.0,4.497632824829037,0.0,0.0,0.0,0.0,20.86,20.9496,31.4638,18.1387,0.1841136244082062,0.0,2.077853761178327,2.682798527091005,0.0263019463440294,0.0,0.0,0.39108,20.753266666666665,20.92402,24.553199999999997,29.314239999999995,1.5605821497457475,0.9363492898474488,1.5868840960897774,2.335612835349816,0.0087673154480098,0.0052603892688058,0.0,-0.0015349431926084955
2025,Killa Saifullah,37,0.0286,25.232,56.8286,413453.0,1500.0,0.0,6831.0,0.2,331.0,336.0,53.0,8.005746723327682,8.126679453287315,1.2818869375721065,0.0143,0.1571,25.0743,26.6752,51.5898,60.1088,5.321040118223837,4.643816830449894,7.667135079440711,5.85314413004622,0.2660520059111918,0.0,0.0666666666666666,0.0857199999999999,25.6605,26.62398,56.17573333333333,54.70194,5.990201224000471,4.711539159227288,7.215652887591415,6.63678822018464,0.515979647827766,0.362798189878898,1.2818869375721065,1.2656464152279627
2025,Killa Saifullah,38,0.0,25.6868,19.9387,413453.0,1500.0,0.0,6831.0,0.2,324.0,306.0,5.0,7.836440901384196,7.401083073529518,0.1209327299596326,0.0286,0.0143,25.232,25.0743,56.8286,51.5898,8.005746723327682,5.321040118223837,8.126679453287315,7.667135079440711,1.2818869375721065,0.2660520059111918,0.0142999999999999,0.04572,25.33103333333333,26.27822,42.78569999999999,48.69636,7.054409247645239,6.278827339504128,7.73163253541918,7.018935646857079,0.5562905578143101,0.3773101174740539,0.1209327299596326,0.11730499189779525
2025,Killa Saifullah,39,0.0,25.4793,16.5323,413453.0,1500.0,0.0,6831.0,0.2,264.0,267.0,10.0,6.385248141868604,6.457807779844384,0.2418654599192653,0.0,0.0286,25.6868,25.232,19.9387,56.8286,7.836440901384196,8.005746723327682,7.401083073529518,8.126679453287315,0.1209327299596326,1.2818869375721065,0.0095333333333333,0.0399999999999999,25.46603333333333,25.629520000000003,31.09986666666666,40.99964,7.409145255526828,6.438458543050842,7.328523435553738,7.101169903229629,0.5482283758170013,0.3821474266724392,0.2418654599192653,0.24228270836926677
2025,Killa Saifullah,40,0.0,23.5755,27.7245,413453.0,1500.0,0.0,6831.0,0.2,192.0,129.0,0.0,4.643816830449894,3.1200644329585225,0.0,0.0,0.0,25.4793,25.6868,16.5323,19.9387,6.385248141868604,7.836440901384196,6.457807779844384,7.401083073529518,0.2418654599192653,0.1209327299596326,0.0,0.00858,24.913866666666667,25.00958,21.398499999999995,34.52278,6.288501957900898,6.438458543050842,5.659651762110808,6.55455396381209,0.1209327299596326,0.3821474266724392,0.0,0.0018029585399381431
2025,Killa Saifullah,41,0.0,17.9773,23.2689,413453.0,1500.0,0.0,6831.0,0.2,193.0,139.0,0.0,4.6680033764418205,3.361929892877788,0.0,0.0,0.0,23.5755,25.4793,27.7245,16.5323,4.643816830449894,6.385248141868604,3.1200644329585225,6.457807779844384,0.0,0.2418654599192653,0.0,0.00572,22.34403333333333,23.59018,22.508566666666663,28.858600000000003,5.232356116253439,6.30785119469444,4.313267368560232,5.693512926499505,0.0806218199730884,0.3289370254902008,0.0,0.0013816808355510968
2025,Killa Saifullah,43,0.0,18.671,23.9609,413453.0,1500.0,0.0,6831.0,0.2,235.0,254.0,0.0,5.683838308102734,6.143382681949339,0.0,0.0,0.0,17.9773,23.5755,23.2689,27.7245,4.6680033764418205,4.643816830449894,3.361929892877788,3.1200644329585225,0.0,0.0,0.0,0.0,20.0746,22.27798,24.98476666666666,22.28506,4.9985528383314834,5.84346951164945,4.208459002595216,5.29685357223191,0.0,0.0725596379757795,0.0,-0.0015950300958290642
2024,Kohat,38,0.0,29.007,50.557,1234661.0,500.0,0.0,2545.0,0.65,11.0,118.0,0.0,0.0890932814756439,0.9557279285569076,0.0,4.5444,4.3286,27.4214,28.0153,73.5129,74.5217,1.7332692941625272,1.6927723480372343,4.21168239703044,4.981124373411,0.1700871737262293,0.0404969461252926,2.957666666666667,4.81102,28.147900000000003,28.186380000000003,66.19720000000001,71.6553,1.1717116412251352,1.247305940659015,3.382844899666116,3.654444418346413,0.070194706617174,0.0777541365605619,0.0,0.0001425917021633527
2024,Kohat,39,3.4571,28.4665,63.0571,1234661.0,500.0,0.0,2545.0,0.65,17.0,81.0,0.0,0.1376896168259951,0.6560505272297416,0.0,0.0,4.5444,29.007,27.4214,50.557,73.5129,0.0890932814756439,1.7332692941625272,0.9557279285569076,4.21168239703044,0.0,0.1700871737262293,2.6671666666666667,3.87744,28.2983,28.23104,62.37566666666667,68.08104,0.6533507308213887,0.9929851189921768,1.9411536176056965,2.917399998866085,0.0566957245754097,0.0599354802654331,0.0,0.0003196133550482927
2024,Kohat,41,0.3286,25.2272,42.4674,1234661.0,500.0,0.0,2545.0,0.65,302.0,388.0,2.0,2.4460155459676787,3.1425630193227128,0.016198778450117,3.4571,0.0,28.4665,29.007,63.0571,50.557,0.1376896168259951,0.0890932814756439,0.6560505272297416,0.9557279285569076,0.0,0.0,1.2619,2.53174,27.5669,27.62748,52.027166666666666,60.82321999999999,0.8909328147564392,1.219768017293816,1.5847804917031203,2.78942964911016,0.0053995928167056,0.0453565796603278,0.016198778450117,0.017973597345394443
2024,Kohat,42,0.0,25.6754,44.0555,1234661.0,500.0,0.0,2545.0,0.65,255.0,432.0,1.0,2.0653442523899272,3.4989361452252883,0.0080993892250585,0.3286,3.4571,25.2272,28.4665,42.4674,63.0571,2.4460155459676787,0.1376896168259951,3.1425630193227128,0.6560505272297416,0.016198778450117,0.0,1.2619,1.6660199999999996,26.456366666666668,27.1595,49.86000000000001,54.72998,1.5496831383945338,1.2942823981643543,2.432516563925914,2.492992003473018,0.0080993892250585,0.0388770682802809,0.0080993892250585,0.008190687238527727
2024,Kohat,43,2.0571,24.5745,47.9657,1234661.0,500.0,0.0,2545.0,0.65,264.0,401.0,0.0,2.138238755415454,3.247855079248474,0.0,0.0,0.3286,25.6754,25.2272,44.0555,42.4674,2.0653442523899272,2.4460155459676787,3.4989361452252883,3.1425630193227128,0.0080993892250585,0.016198778450117,0.7952333333333335,1.1685599999999998,25.159033333333337,26.59012,44.82953333333334,49.620540000000005,2.216532851257687,1.3752762904149398,3.2964514145988253,2.3002265399166246,0.0080993892250585,0.0048596335350351,0.0,-0.002768386118721572
2024,Kohat,44,0.0571,22.3385,64.9644,1234661.0,500.0,0.0,2545.0,0.65,166.0,311.0,0.0,1.3444986113597177,2.518910048993205,0.0,2.0571,0.0,24.5745,25.6754,47.9657,44.0555,2.138238755415454,2.0653442523899272,3.247855079248474,3.4989361452252883,0.0,0.0080993892250585,0.7047333333333334,1.1799799999999998,24.196133333333336,25.25642,52.32853333333335,52.50202,1.8493605397217,1.6263573563917546,3.088567091155656,2.612862964003884,0.0026997964083528,0.0048596335350351,0.0,-0.003307524609464485
2025,Kohat,37,0.2286,29.57,61.4204,1200463.0,500.0,0.0,2545.0,0.65,0.0,989.0,9.0,0.0,8.23848798338641,0.0749710736607458,2.5,10.3286,27.4534,28.1885,68.9679,71.5604,2.3574237606656765,2.865561037699621,7.622059155509167,7.921943450152149,0.0083301192956384,0.1332819087302149,4.3524,3.6771599999999993,28.403966666666676,29.42534,67.31623333333333,65.6516,1.7409949327884326,1.940917795883755,7.927496863015908,8.400092297721795,0.0721943672288664,0.1066255269841719,0.0749710736607458,0.07752553813685328
2025,Kohat,38,1.0857,29.2897,56.9021,1200463.0,500.0,0.0,2545.0,0.65,503.0,926.0,14.0,4.190050005706132,7.713690467761189,0.116621670138938,0.2286,2.5,29.57,27.4534,61.4204,68.9679,0.0,2.3574237606656765,8.23848798338641,7.622059155509167,0.0749710736607458,0.0083301192956384,1.2714333333333334,3.3514399999999998,28.77103333333333,29.14416,62.43013333333334,64.4847,2.1824912554572697,2.2624604006953986,7.858079202218922,7.7969916607175715,0.0666409543651074,0.1032934792659165,0.116621670138938,0.11895182694179093
2025,Kohat,39,0.2,29.0796,48.1121,1200463.0,500.0,0.0,2545.0,0.65,428.0,865.0,18.0,3.565291058533249,7.205553190727244,0.1499421473214917,1.0857,0.2286,29.2897,29.57,56.9021,61.4204,4.190050005706132,0.0,7.713690467761189,8.23848798338641,0.116621670138938,0.0749710736607458,0.5047666666666667,2.86858,29.3131,28.71624,55.47820000000001,61.39258,2.585113688079794,2.595665172520936,7.719243880624948,7.7403468495072305,0.1138449637070585,0.0966293838294058,0.1499421473214917,0.14113241056713272
2025,Kohat,40,2.4714,26.4215,54.2221,1200463.0,500.0,0.0,2545.0,0.65,341.0,787.0,3.0,2.8405706798127057,6.555803885667446,0.0249903578869153,0.2,1.0857,29.0796,29.2897,48.1121,56.9021,3.565291058533249,4.190050005706132,7.205553190727244,7.713690467761189,0.1499421473214917,0.116621670138938,1.2523666666666669,1.2971399999999995,28.2636,28.36284,53.07876666666667,57.92492,3.5319705813506954,2.590667100943553,7.158349181385293,7.467118936610291,0.0971847251157817,0.0749710736607458,0.0249903578869153,0.030477524956505603
2025,Kohat,41,0.2429,22.0876,48.5468,1200463.0,500.0,0.0,2545.0,0.65,273.0,680.0,12.0,2.274122567709292,5.664481121034135,0.0999614315476612,2.4714,0.2,26.4215,29.0796,54.2221,48.1121,2.8405706798127057,3.565291058533249,6.555803885667446,7.205553190727244,0.0249903578869153,0.1499421473214917,0.9714333333333336,0.8457199999999997,25.862900000000007,27.28968,50.293666666666674,53.840700000000005,2.8933281020184154,2.574006862352276,6.475279399142941,7.075603329715284,0.0916313122520227,0.0932973361111504,0.0999614315476612,0.09595707508447304
2025,Kohat,42,0.0,24.6111,47.3398,1200463.0,500.0,0.0,2545.0,0.65,271.0,463.0,27.0,2.257462329118016,3.8568452338805934,0.2249132209822377,0.2429,2.4714,22.0876,26.4215,48.5468,54.2221,2.274122567709292,2.8405706798127057,5.664481121034135,6.555803885667446,0.0999614315476612,0.0249903578869153,0.9047666666666668,0.7999999999999996,24.373400000000004,26.2979,50.036233333333335,51.02457999999999,2.4573851922133376,3.025499328175879,5.359043413527392,6.199274779814121,0.116621670138938,0.1232857655754488,0.2249132209822377,0.22783259520552318
2025,Kohat,43,0.0,23.7433,37.6934,1200463.0,500.0,0.0,2545.0,0.65,282.0,411.0,0.0,2.349093641370038,3.423679030507396,0.0,0.0,0.2429,24.6111,22.0876,47.3398,48.5468,2.257462329118016,2.274122567709292,3.8568452338805934,5.664481121034135,0.2249132209822377,0.0999614315476612,0.0809666666666666,0.5828599999999996,23.480666666666668,25.18862,44.52666666666666,47.18284,2.2935595127324486,2.6573080553086603,4.3150017951407085,5.341272492363362,0.1082915508432996,0.0999614315476612,0.0,-0.0014835113041486436
2024,Kohistan Lower,37,0.8308,5.2734,76.1085,340017.0,1500.0,2.0,1200.0,0.2,19.0,111.0,1.0,0.558795589632283,3.26454265522018,0.0294102941911727,1.2714,6.4889,6.3582,7.0084,81.0759,84.2407,0.3529235302940735,0.2941029419117279,3.146901478455489,5.852648544043386,0.0294102941911727,0.0,2.8637,3.0982200000000004,6.213333333333332,7.2363,80.47503333333333,81.26986000000001,0.4019406872793614,0.305867059588197,4.088030892573019,4.140969422117129,0.0196068627941151,0.0117641176764691,0.0294102941911727,0.025758503379232384
2024,Kohistan Lower,38,0.6714,5.4154,64.8228,340017.0,1500.0,2.0,1200.0,0.2,17.0,124.0,2.0,0.4999750012499375,3.6468764797054263,0.0588205883823455,0.8308,1.2714,5.2734,6.3582,76.1085,81.0759,0.558795589632283,0.3529235302940735,3.26454265522018,3.146901478455489,0.0294102941911727,0.0294102941911727,0.9245333333333332,2.26108,5.682333333333332,6.26338,74.00240000000001,77.57826,0.4705647070587647,0.3646876479705426,3.352773537793699,3.9645076569700928,0.0392137255882303,0.0235282353529382,0.0588205883823455,0.05706819424380016
2024,Kohistan Lower,39,0.6714,6.4318,68.6352,340017.0,1500.0,2.0,1200.0,0.2,8.0,101.0,0.0,0.2352823535293823,2.970439713308452,0.0,0.6714,0.8308,5.4154,5.2734,64.8228,76.1085,0.4999750012499375,0.558795589632283,3.6468764797054263,3.26454265522018,0.0588205883823455,0.0294102941911727,0.7245333333333334,1.98678,5.706866666666666,6.097440000000001,69.8555,74.97662,0.4313509814705342,0.3882158833234809,3.293952949411353,3.776281774146587,0.0294102941911727,0.0235282353529382,0.0,0.0012446715472903547
2024,Kohistan Lower,40,0.1625,2.4393,70.512,340017.0,1500.0,2.0,1200.0,0.2,7.0,95.0,0.0,0.2058720593382095,2.793977948161415,0.0,0.6714,0.6714,6.4318,5.4154,68.6352,64.8228,0.2352823535293823,0.4999750012499375,2.970439713308452,3.6468764797054263,0.0,0.0588205883823455,0.5017666666666667,0.7215000000000004,4.762166666666666,5.18362,67.99000000000001,72.23088,0.3137098047058431,0.3705697068087772,3.137098047058432,3.1645476549701925,0.0196068627941151,0.0235282353529382,0.0,-0.001231480158156495
2024,Kohistan Lower,41,0.0286,-0.9334,80.7041,340017.0,1500.0,2.0,1200.0,0.2,7.0,99.0,0.0,0.2058720593382095,2.9116191249261067,0.0,0.1625,0.6714,2.4393,6.4318,70.512,68.6352,0.2058720593382095,0.2352823535293823,2.793977948161415,2.970439713308452,0.0,0.0,0.2875,0.4729400000000003,2.6459,3.7253,73.28376666666666,72.15652,0.2156754907352671,0.3411594126176044,2.892012262131992,3.117491184264316,0.0,0.0176461765147036,0.0,-0.0020003428766206532
2024,Kohistan Lower,42,0.0,-0.6549,72.9941,340017.0,1500.0,2.0,1200.0,0.2,6.0,120.0,0.0,0.1764617651470367,3.529235302940735,0.0,0.0286,0.1625,-0.9334,2.4393,80.7041,70.512,0.2058720593382095,0.2058720593382095,2.9116191249261067,2.793977948161415,0.0,0.0,0.0636999999999999,0.3067800000000004,0.283666666666666,2.5396399999999995,74.73673333333333,71.53364,0.1960686279411519,0.2646926477205552,3.078277458676086,3.170429713808427,0.0,0.0117641176764691,0.0,-0.001372469117297881
2024,Kohistan Lower,43,0.0,-0.6337,73.1153,340017.0,1500.0,2.0,1200.0,0.2,4.0,121.0,0.0,0.1176411767646911,3.558645597131908,0.0,0.0,0.0286,-0.6549,-0.9334,72.9941,80.7041,0.1764617651470367,0.2058720593382095,3.529235302940735,2.9116191249261067,0.0,0.0,0.0095333333333333,0.1725000000000003,-0.7406666666666673,1.32982,75.60449999999999,73.19214,0.1666583337499791,0.1882258828235058,3.333166674999584,3.152783537293723,0.0,0.0,0.0,-0.0009388042371387961
2024,Kohistan Lower,44,0.0143,-0.6233,71.0678,340017.0,1500.0,2.0,1200.0,0.2,5.0,94.0,0.0,0.1470514709558639,2.7645676539702424,0.0,0.0,0.0,-0.6337,-0.6549,73.1153,72.9941,0.1176411767646911,0.1764617651470367,3.558645597131908,3.529235302940735,0.0,0.0,0.0047666666666666,0.0410800000000003,-0.6373000000000006,-0.0812,72.39240000000001,73.67866000000001,0.1470514709558639,0.1705797063088022,3.284149518014296,3.1116091254260816,0.0,0.0,0.0,-0.0006465998576774268
2025,Kohistan Lower,37,1.2571,7.9859,70.8962,244203.0,1500.0,2.0,1200.0,0.2,1.0,164.0,0.0,0.0409495378844649,6.715724213052256,0.0,2.2429,1.7286,6.6243,8.0663,80.1492,80.3784,0.0818990757689299,0.0409495378844649,7.207118667665835,9.131746948235689,0.0409495378844649,0.0,1.7428666666666668,2.0914400000000004,7.558833333333333,8.393299999999998,77.14126666666665,78.57077999999998,0.0545993838459533,0.0982788909227159,7.684863276317927,7.698513122279415,0.0136498459614883,0.0163798151537859,0.0,0.004892330437590159
2025,Kohistan Lower,38,0.6,5.0579,73.0253,244203.0,1500.0,2.0,1200.0,0.2,2.0,218.0,0.0,0.0818990757689299,8.926999258813364,0.0,1.2571,2.2429,7.9859,6.6243,70.8962,80.1492,0.0409495378844649,0.0818990757689299,6.715724213052256,7.207118667665835,0.0,0.0409495378844649,1.3666666666666665,1.8514400000000009,6.556033333333333,7.63668,74.69023333333332,77.85794,0.0682492298074416,0.0573293530382509,7.616614046510485,7.755842475317666,0.0136498459614883,0.0163798151537859,0.0,0.002421866395018235
2025,Kohistan Lower,39,0.2714,4.5184,64.9711,244203.0,1500.0,2.0,1200.0,0.2,1.0,120.0,0.0,0.0409495378844649,4.913944546135797,0.0,0.6,1.2571,5.0579,7.9859,73.0253,70.8962,0.0818990757689299,0.0409495378844649,8.926999258813364,6.715724213052256,0.0,0.0,0.7094999999999999,1.2200000000000002,5.854066666666667,6.450559999999999,69.63086666666666,73.88404,0.0545993838459533,0.0573293530382509,6.852222672667139,7.379106726780589,0.0,0.0081899075768929,0.0,0.004729144724319401
2025,Kohistan Lower,40,0.0429,1.3841,71.873,244203.0,1500.0,2.0,1200.0,0.2,6.0,187.0,1.0,0.2456972273067898,7.65756358439495,0.0409495378844649,0.2714,0.6,4.5184,5.0579,64.9711,73.0253,0.0409495378844649,0.0818990757689299,4.913944546135797,8.926999258813364,0.0,0.0,0.3047666666666667,0.8828600000000003,3.653466666666666,5.11412,69.95646666666666,72.18296000000001,0.1228486136533949,0.0982788909227159,7.1661691297813706,7.08427005401244,0.0136498459614883,0.0163798151537859,0.0409495378844649,0.03570561040564202
2025,Kohistan Lower,41,0.0,-4.8376,79.5008,244203.0,1500.0,2.0,1200.0,0.2,12.0,131.0,0.0,0.4913944546135797,5.364389462864912,0.0,0.0429,0.2714,1.3841,4.5184,71.873,64.9711,0.2456972273067898,0.0409495378844649,7.65756358439495,4.913944546135797,0.0409495378844649,0.0,0.1047666666666666,0.4342800000000004,0.3549666666666666,2.8217399999999992,72.11496666666666,72.05328,0.2593470732682781,0.1801779666916459,5.978632531131886,6.715724213052255,0.0136498459614883,0.0081899075768929,0.0,0.0024511294147364637
2025,Kohistan Lower,42,0.0,-0.3974,55.9147,244203.0,1500.0,2.0,1200.0,0.2,4.0,155.0,0.0,0.1637981515378599,6.347178372092071,0.0,0.0,0.0429,-4.8376,1.3841,79.5008,71.873,0.4913944546135797,0.2456972273067898,5.364389462864912,7.65756358439495,0.0,0.0409495378844649,0.0143,0.1828600000000003,-1.2836333333333334,1.1450799999999992,69.09616666666666,69.05698000000001,0.3002966111527431,0.2047476894223248,6.456377139783978,6.642015044860218,0.0136498459614883,0.0081899075768929,0.0,0.0009895119734333324
2025,Kohistan Lower,43,0.0,-2.3802,64.477,244203.0,1500.0,2.0,1200.0,0.2,2.0,136.0,0.0,0.0818990757689299,5.569137152287236,0.0,0.0,0.0,-0.3974,-4.8376,55.9147,79.5008,0.1637981515378599,0.4913944546135797,6.347178372092071,5.364389462864912,0.0,0.0,0.0,0.0628600000000003,-2.5384,-0.3425400000000007,66.63083333333334,67.34732,0.2456972273067898,0.2047476894223248,5.760234995748074,5.970442623554993,0.0,0.0081899075768929,0.0,0.0018070603804596075
2024,Kohistan Upper,37,0.8308,5.2734,76.1085,422947.0,2500.0,2.0,4000.0,0.2,11.0,418.0,19.0,0.2600798681631505,9.883034990199716,0.4492288631908963,1.2714,6.4889,6.3582,7.0084,81.0759,84.2407,0.4019416144339598,0.3310107412985551,11.916386686747986,12.152822930532668,0.1891489950277457,0.1418617462708093,2.8637,3.0982200000000004,6.213333333333332,7.2363,80.47503333333333,81.26986000000001,0.3310107412985552,0.4161277890610407,11.317414869160125,10.78149271658151,0.2600798681631505,0.1891489950277458,0.4492288631908963,0.4276356000042828
2024,Kohistan Upper,38,0.6714,5.4154,64.8228,422947.0,2500.0,2.0,4000.0,0.2,7.0,460.0,15.0,0.1655053706492775,10.876067214095382,0.3546543656770233,0.8308,1.2714,5.2734,6.3582,76.1085,81.0759,0.2600798681631505,0.4019416144339598,9.883034990199716,11.916386686747986,0.4492288631908963,0.1891489950277457,0.9245333333333332,2.26108,5.682333333333332,6.26338,74.00240000000001,77.57826,0.2758422844154626,0.3641118154284106,10.891829630347695,10.98955661111203,0.3310107412985552,0.2317075189089886,0.3546543656770233,0.35952126852791394
2024,Kohistan Upper,39,0.6714,6.4318,68.6352,422947.0,2500.0,2.0,4000.0,0.2,13.0,309.0,17.0,0.3073671169200869,7.305879932946681,0.4019416144339598,0.6714,0.8308,5.4154,5.2734,64.8228,76.1085,0.1655053706492775,0.2600798681631505,10.876067214095382,9.883034990199716,0.3546543656770233,0.4492288631908963,0.7245333333333334,1.98678,5.706866666666666,6.097440000000001,69.8555,74.97662,0.2443174519108383,0.2931809422930059,9.354994045747262,10.426838350904486,0.4019416144339598,0.3073671169200869,0.4019416144339598,0.4167689153678463
2024,Kohistan Upper,40,0.1625,2.4393,70.512,422947.0,2500.0,2.0,4000.0,0.2,7.0,345.0,1.0,0.1655053706492775,8.157050410571538,0.0236436243784682,0.6714,0.6714,6.4318,5.4154,68.6352,64.8228,0.3073671169200869,0.1655053706492775,7.305879932946681,10.876067214095382,0.4019416144339598,0.3546543656770233,0.5017666666666667,0.7215000000000004,4.762166666666666,5.18362,67.99000000000001,72.23088,0.212792619406214,0.2600798681631504,8.779665852537867,9.62768384691226,0.2600798681631505,0.2837234925416186,0.0236436243784682,0.021197386002219848
2024,Kohistan Upper,41,0.0286,-0.9334,80.7041,422947.0,2500.0,2.0,4000.0,0.2,33.0,337.0,15.0,0.7802396044894514,7.967901415543792,0.3546543656770233,0.1625,0.6714,2.4393,6.4318,70.512,68.6352,0.1655053706492775,0.3073671169200869,8.157050410571538,7.305879932946681,0.0236436243784682,0.4019416144339598,0.2875,0.4729400000000003,2.6459,3.7253,73.28376666666666,72.15652,0.417704030686272,0.3357394661742487,7.810277253020671,8.83798679267142,0.2600798681631505,0.3168245666714742,0.3546543656770233,0.3532157046539218
2024,Kohistan Upper,42,0.0,-0.6549,72.9941,422947.0,2500.0,2.0,4000.0,0.2,73.0,368.0,5.0,1.7259845796281803,8.700853771276305,0.1182181218923411,0.0286,0.1625,-0.9334,2.4393,80.7041,70.512,0.7802396044894514,0.1655053706492775,7.967901415543792,8.157050410571538,0.3546543656770233,0.0236436243784682,0.0636999999999999,0.3067800000000004,0.283666666666666,2.5396399999999995,74.73673333333333,71.53364,0.8905765182556366,0.6289204084672548,8.27526853246388,8.601550548886738,0.1655053706492775,0.2506224184117632,0.1182181218923411,0.11077992906435521
2024,Kohistan Upper,43,0.0,-0.6337,73.1153,422947.0,2500.0,2.0,4000.0,0.2,28.0,422.0,0.0,0.6620214825971102,9.977609487713591,0.0,0.0,0.0286,-0.6549,-0.9334,72.9941,80.7041,1.7259845796281803,0.7802396044894514,8.700853771276305,7.967901415543792,0.1182181218923411,0.3546543656770233,0.0095333333333333,0.1725000000000003,-0.7406666666666673,1.32982,75.60449999999999,73.19214,1.0560818889049142,0.7282236308568214,8.882121558177898,8.421859003610383,0.1576241625231214,0.1796915452763585,0.0,-4.996462181300343e-05
2024,Kohistan Upper,44,0.0143,-0.6233,71.0678,422947.0,2500.0,2.0,4000.0,0.2,22.0,316.0,0.0,0.520159736326301,7.47138530359596,0.0,0.0,0.0,-0.6337,-0.6549,73.1153,72.9941,0.6620214825971102,1.7259845796281803,9.977609487713591,8.700853771276305,0.0,0.1182181218923411,0.0047666666666666,0.0410800000000003,-0.6373000000000006,-0.0812,72.39240000000001,73.67866000000001,0.9693885995171972,0.7707821547380641,8.71661618752862,8.454960077740237,0.0394060406307803,0.0993032223895665,0.0,-0.0012261631147796326
2025,Kohistan Upper,37,1.2571,7.9859,70.8962,369931.0,2500.0,2.0,4000.0,0.2,0.0,336.0,3.0,0.0,9.082774895858956,0.0810962044273121,2.2429,1.7286,6.6243,8.0663,80.1492,80.3784,0.7028337717033718,0.2973527495668111,7.8392997613068385,8.623229737437521,0.0,0.0810962044273121,1.7428666666666668,2.0914400000000004,7.558833333333333,8.393299999999998,77.14126666666665,78.57077999999998,0.333395507090061,0.2811335086813487,8.515101464867774,7.801454865907425,0.0540641362848747,0.0702833771703371,0.0810962044273121,0.08194964494591689
2025,Kohistan Upper,38,0.6,5.0579,73.0253,369931.0,2500.0,2.0,4000.0,0.2,53.0,327.0,2.0,1.4326996115491806,8.83948628257702,0.0540641362848747,1.2571,2.2429,7.9859,6.6243,70.8962,80.1492,0.0,0.7028337717033718,9.082774895858956,7.8392997613068385,0.0810962044273121,0.0,1.3666666666666665,1.8514400000000009,6.556033333333333,7.63668,74.69023333333332,77.85794,0.7118444610841842,0.5190157083347975,8.587186979914273,8.04474347918936,0.0450534469040622,0.0702833771703371,0.0540641362848747,0.05791431272690695
2025,Kohistan Upper,39,0.2714,4.5184,64.9711,369931.0,2500.0,2.0,4000.0,0.2,78.0,395.0,7.0,2.108501315110115,10.677666916262762,0.1892244769970616,0.6,1.2571,5.0579,7.9859,73.0253,70.8962,1.4326996115491806,0.0,8.83948628257702,9.082774895858956,0.0540641362848747,0.0810962044273121,0.7094999999999999,1.2200000000000002,5.854066666666667,6.450559999999999,69.63086666666666,73.88404,1.180400308886432,0.9082774895858956,9.533309364899582,9.01249151868862,0.1081282725697495,0.0810962044273121,0.1892244769970616,0.20833910140451622
2025,Kohistan Upper,40,0.0429,1.3841,71.873,369931.0,2500.0,2.0,4000.0,0.2,48.0,235.0,0.0,1.297539270836994,6.352536013472783,0.0,0.2714,0.6,4.5184,5.0579,64.9711,73.0253,2.108501315110115,1.4326996115491806,10.677666916262762,8.83948628257702,0.1892244769970616,0.0540641362848747,0.3047666666666667,0.8828600000000003,3.653466666666666,5.11412,69.95646666666666,72.18296000000001,1.6129133991654296,1.1083147938399325,8.623229737437523,8.558352773895672,0.0810962044273121,0.0648769635418496,0.0,0.0027147163518876083
2025,Kohistan Upper,41,0.0,-4.8376,79.5008,369931.0,2500.0,2.0,4000.0,0.2,14.0,311.0,4.0,0.3784489539941232,8.406973192298024,0.1081282725697495,0.0429,0.2714,1.3841,4.5184,71.873,64.9711,1.297539270836994,2.108501315110115,6.352536013472783,10.677666916262762,0.0,0.1892244769970616,0.1047666666666666,0.4342800000000004,0.3549666666666666,2.8217399999999992,72.11496666666666,72.05328,1.261496513313744,1.043437830298083,8.479058707344526,8.67188746009391,0.099117583188937,0.0865026180557995,0.1081282725697495,0.1108836114791549
2025,Kohistan Upper,42,0.0,-0.3974,55.9147,369931.0,2500.0,2.0,4000.0,0.2,10.0,281.0,19.0,0.2703206814243737,7.596011148024901,0.5136092947063101,0.0,0.0429,-4.8376,1.3841,79.5008,71.873,0.3784489539941232,1.297539270836994,8.406973192298024,6.352536013472783,0.1081282725697495,0.0,0.0143,0.1828600000000003,-1.2836333333333334,1.1450799999999992,69.09616666666666,69.05698000000001,0.648769635418497,1.0975019665829575,7.451840117931904,8.374534710527097,0.2072458557586865,0.1730052361115991,0.5136092947063101,0.5421358695331516
2025,Kohistan Upper,43,0.0,-2.3802,64.477,369931.0,2500.0,2.0,4000.0,0.2,96.0,299.0,0.0,2.595078541673988,8.082588374588775,0.0,0.0,0.0,-0.3974,-4.8376,55.9147,79.5008,0.2703206814243737,0.3784489539941232,7.596011148024901,8.406973192298024,0.5136092947063101,0.1081282725697495,0.0,0.0628600000000003,-2.5384,-0.3425400000000007,66.63083333333334,67.34732,1.0812827256974948,1.3299777526079188,8.028524238303902,8.223155128929449,0.2072458557586865,0.1621924088546242,0.0,-0.002042951783459923
2024,Kohlu,38,0.0429,26.9713,53.0405,260220.0,1000.0,0.0,7610.0,0.2,143.0,149.0,2.0,5.49535008838675,5.7259242179694105,0.0768580431942202,1.7308,3.3143,25.2123,24.7734,70.8325,80.4038,6.917223887479825,4.611482591653217,7.455230189839367,1.959880101452617,2.9206056413803703,0.807009453539313,1.696,3.13284,25.65233333333333,25.25528,68.09226666666666,72.91850000000001,5.6746855225066,6.525247867189302,5.047011503087131,5.979555760510338,1.2681577127046346,0.7762662362616248,0.0768580431942202,0.05157651603904359
2024,Kohlu,39,1.2714,28.1836,53.3978,260220.0,1000.0,0.0,7610.0,0.2,229.0,192.0,4.0,8.80024594573822,7.378372146645146,0.1537160863884405,0.0429,1.7308,26.9713,25.2123,53.0405,70.8325,5.49535008838675,6.917223887479825,5.7259242179694105,7.455230189839367,0.0768580431942202,2.9206056413803703,1.0150333333333332,2.15854,26.789066666666667,25.94856,59.09026666666667,66.91304,7.070939973868267,6.594420106064099,6.853175518151308,6.263930520328952,1.050393256987677,0.7993236492198909,0.1537160863884405,0.1583689138438058
2024,Kohlu,40,1.5375,25.5971,47.2078,260220.0,1000.0,0.0,7610.0,0.2,218.0,111.0,2.0,8.37752670817001,4.265621397279226,0.0768580431942202,1.2714,0.0429,28.1836,26.9713,53.3978,53.0405,8.80024594573822,5.49535008838675,7.378372146645146,5.7259242179694105,0.1537160863884405,0.0768580431942202,0.9506,1.57938,26.917333333333332,26.14754,51.21536666666666,60.97648,7.557707580764995,6.840365844285604,5.789972587297928,5.357005610637153,0.102477390925627,0.8070094535393129,0.0768580431942202,0.0823128087310904
2024,Kohlu,41,2.0286,22.696,45.9407,260220.0,1000.0,0.0,7610.0,0.2,429.0,244.0,2.0,16.486050265160248,9.376681269694874,0.0768580431942202,1.5375,1.2714,25.5971,28.1836,47.2078,53.3978,8.37752670817001,8.80024594573822,4.265621397279226,7.378372146645146,0.0768580431942202,0.1537160863884405,1.6125,1.32224,25.49223333333333,25.73206,48.848766666666656,54.08386,11.22127430635616,9.215279378987011,7.006891604539749,6.840365844285605,0.102477390925627,0.6609791714702944,0.0768580431942202,0.08665560984720241
2024,Kohlu,42,0.0,24.0088,31.9931,260220.0,1000.0,0.0,7610.0,0.2,410.0,189.0,4.0,15.755898854815156,7.263085081853816,0.1537160863884405,2.0286,1.5375,22.696,25.5971,45.9407,47.2078,16.486050265160248,8.37752670817001,9.376681269694874,4.265621397279226,0.0768580431942202,0.0768580431942202,1.1887,0.97608,24.100633333333334,25.49136,41.71386666666667,46.31598,13.539825276048472,10.983014372454075,6.968462582942639,6.801936822688495,0.102477390925627,0.1076012604719083,0.1537160863884405,0.15194611741986602
2024,Kohlu,43,0.0,24.2199,32.8995,260220.0,1000.0,0.0,7610.0,0.2,146.0,0.0,0.0,5.6106371531780805,0.0,0.0,0.0,2.0286,24.0088,22.696,31.9931,45.9407,15.755898854815156,16.486050265160248,7.263085081853816,9.376681269694874,0.1537160863884405,0.0768580431942202,0.6762,0.9675,23.641566666666677,24.941080000000003,36.94443333333333,42.28778,12.61752875771783,11.006071785412344,5.546588783849564,5.656751979094612,0.0768580431942202,0.0922296518330643,0.0,0.004968435129749094
2024,Kohlu,44,0.0,22.3303,43.8312,260220.0,1000.0,0.0,7610.0,0.2,105.0,274.0,1.0,4.035047267696564,10.529551917608178,0.0384290215971101,0.0,0.0,24.2199,24.0088,32.8995,31.9931,5.6106371531780805,15.755898854815156,0.0,7.263085081853816,0.0,0.1537160863884405,0.0,0.71322,23.51966666666667,23.77042,36.24126666666667,40.37446,8.467194425229936,10.053032049804012,5.930878999820664,6.286987933287219,0.0640483693285169,0.0691722388747982,0.0384290215971101,0.03575438794970326
2025,Kohlu,37,0.2714,26.4202,62.9397,258710.0,1000.0,0.0,7610.0,0.2,67.0,117.0,32.0,2.5897723319546984,4.522438251323877,1.2369061883962738,1.1286,1.5286,25.5746,27.1901,70.3711,68.7193,1.3915194619458082,1.1595995516215067,2.28054578485563,0.8890263229098219,0.0,0.0386533183873835,0.9762,0.92286,26.394966666666665,27.45444,67.34336666666667,63.57536,1.71363044850734,1.5384020718178664,2.564003453029776,1.909473928336748,0.4251865022612191,0.3401492018089753,1.2369061883962738,1.2493414499461026
2025,Kohlu,38,0.1429,27.4633,55.4864,258710.0,1000.0,0.0,7610.0,0.2,97.0,142.0,2.0,3.749371883576205,5.488771211008465,0.0773066367747671,0.2714,1.1286,26.4202,25.5746,62.9397,70.3711,2.5897723319546984,1.3915194619458082,4.522438251323877,2.28054578485563,1.2369061883962738,0.0,0.5143,0.90858,26.48603333333333,27.05254,62.9324,63.77624000000001,2.57688789249224,2.040895210853853,4.097251749062657,2.783038923891616,0.4380709417236803,0.3556105291639287,0.0773066367747671,0.07920553594893476
2025,Kohlu,39,0.0,27.2047,53.3399,258710.0,1000.0,0.0,7610.0,0.2,90.0,164.0,3.0,3.47879865486452,6.339144215530904,0.1159599551621506,0.1429,0.2714,27.4633,26.4202,55.4864,62.9397,3.749371883576205,2.5897723319546984,5.488771211008465,4.522438251323877,0.0773066367747671,1.2369061883962738,0.1381,0.6143,27.0294,26.77058,57.25533333333334,62.17128,3.272647623465144,2.473812376792549,5.4501178926210825,3.90398515712574,0.4767242601110639,0.293765219744115,0.1159599551621506,0.11852432606103852
2025,Kohlu,40,0.8143,25.9401,43.4581,258710.0,1000.0,0.0,7610.0,0.2,94.0,165.0,26.0,3.6334119284140542,6.377797533918288,1.0049862780719725,0.0,0.1429,27.2047,27.4633,53.3399,55.4864,3.47879865486452,3.749371883576205,6.339144215530904,5.488771211008465,0.1159599551621506,0.0773066367747671,0.3190666666666666,0.47144,26.869366666666668,26.52058,50.76146666666667,57.11904,3.6205274889515953,2.968574852151058,6.068570986819219,5.001739399327433,0.3994176233362967,0.4870318116810327,1.0049862780719725,1.0438856571920638
2025,Kohlu,41,0.0571,20.4038,49.8314,258710.0,1000.0,0.0,7610.0,0.2,95.0,143.0,1.0,3.672065246801438,5.527424529395849,0.0386533183873835,0.8143,0.0,25.9401,27.2047,43.4581,53.3399,3.6334119284140542,3.47879865486452,6.377797533918288,6.339144215530904,1.0049862780719725,0.1159599551621506,0.2904666666666667,0.25714,24.5162,25.486420000000003,48.876466666666666,53.0111,3.5947586100266733,3.424684009122184,6.081455426281679,5.651115148235477,0.3865331838738357,0.4947624753585095,0.0386533183873835,0.05065361694601919
2025,Kohlu,42,0.0,22.1136,39.3831,258710.0,1000.0,0.0,7610.0,0.2,79.0,131.0,0.0,3.053612152603301,5.063584708747245,0.0,0.0571,0.8143,20.4038,25.9401,49.8314,43.4581,3.672065246801438,3.6334119284140542,5.527424529395849,6.377797533918288,0.0386533183873835,1.0049862780719725,0.2904666666666667,0.2028599999999999,22.81916666666667,24.6251,44.2242,48.29978,3.4530297759396,3.5174519732519043,5.65626892402046,5.759344439720151,0.347879865486452,0.2473812376792548,0.0,0.0007827663235163429
2025,Kohlu,43,0.0,21.2776,39.0719,258710.0,1000.0,0.0,7610.0,0.2,35.0,40.0,0.0,1.3528661435584244,1.5461327354953425,0.0,0.0,0.0571,22.1136,20.4038,39.3831,49.8314,3.053612152603301,3.672065246801438,5.063584708747245,5.527424529395849,0.0,0.0386533183873835,0.0190333333333333,0.17428,21.265000000000004,23.38796,42.76213333333334,45.01688,2.6928478476543902,3.038150825248348,4.045713991212812,4.970816744617526,0.0128844394624611,0.2319199103243014,0.0,0.0052127900037559904
2024,Kolai Palas,37,0.8308,5.2734,76.1085,280162.0,621.2798240791644,0.6690489279824079,6292.451621770203,0.3392935678944475,8.0,84.0,5.0,0.2855490751779327,2.9982652893682937,0.1784681719862079,1.2714,6.4889,6.3582,7.0084,81.0759,84.2407,0.4283236127668991,0.2498554407806911,2.962571654971053,2.498554407806912,0.0356936343972415,0.0,2.8637,3.0982200000000004,6.213333333333332,7.2363,80.47503333333333,81.26986000000001,0.3212427095751743,0.2855490751779327,2.819797117382086,2.934016747453259,0.0713872687944831,0.0499710881561382,0.1784681719862079,0.17323365003365995
2024,Kolai Palas,38,0.6714,5.4154,64.8228,280162.0,621.2798240791644,0.6690489279824079,6292.451621770203,0.3392935678944475,1.0,73.0,2.0,0.0356936343972415,2.6056353109986365,0.0713872687944831,0.8308,1.2714,5.2734,6.3582,76.1085,81.0759,0.2855490751779327,0.4283236127668991,2.9982652893682937,2.962571654971053,0.1784681719862079,0.0356936343972415,0.9245333333333332,2.26108,5.682333333333332,6.26338,74.00240000000001,77.57826,0.2498554407806911,0.2427167139012428,2.855490751779328,2.934016747453259,0.0951830250593109,0.0642485419150348,0.0713872687944831,0.06090750304853931
2024,Kolai Palas,39,0.6714,6.4318,68.6352,280162.0,621.2798240791644,0.6690489279824079,6292.451621770203,0.3392935678944475,4.0,108.0,2.0,0.1427745375889663,3.8549125149020926,0.0713872687944831,0.6714,0.8308,5.4154,5.2734,64.8228,76.1085,0.0356936343972415,0.2855490751779327,2.6056353109986365,2.9982652893682937,0.0713872687944831,0.1784681719862079,0.7245333333333334,1.98678,5.706866666666666,6.097440000000001,69.8555,74.97662,0.1546724157213802,0.2284392601423462,3.1529377050896747,2.983987835609397,0.1070809031917248,0.0713872687944831,0.0713872687944831,0.06406880649624935
2024,Kolai Palas,40,0.1625,2.4393,70.512,280162.0,621.2798240791644,0.6690489279824079,6292.451621770203,0.3392935678944475,5.0,71.0,2.0,0.1784681719862079,2.5342480422041533,0.0713872687944831,0.6714,0.6714,6.4318,5.4154,68.6352,64.8228,0.1427745375889663,0.0356936343972415,3.8549125149020926,2.6056353109986365,0.0713872687944831,0.0713872687944831,0.5017666666666667,0.7215000000000004,4.762166666666666,5.18362,67.99000000000001,72.23088,0.1189787813241386,0.2141618063834495,2.998265289368294,2.9911265624888457,0.0713872687944831,0.0856647225533798,0.0713872687944831,0.06284746579934644
2024,Kolai Palas,41,0.0286,-0.9334,80.7041,280162.0,621.2798240791644,0.6690489279824079,6292.451621770203,0.3392935678944475,5.0,68.0,2.0,0.1784681719862079,2.4271671390124285,0.0713872687944831,0.1625,0.6714,2.4393,6.4318,70.512,68.6352,0.1784681719862079,0.1427745375889663,2.5342480422041533,3.8549125149020926,0.0713872687944831,0.0713872687944831,0.2875,0.4729400000000003,2.6459,3.7253,73.28376666666666,72.15652,0.1665702938537941,0.1641907182273113,2.938775898706225,2.884045659297121,0.0713872687944831,0.0928034494328281,0.0713872687944831,0.061269569755295905
2024,Kolai Palas,42,0.0,-0.6549,72.9941,280162.0,621.2798240791644,0.6690489279824079,6292.451621770203,0.3392935678944475,4.0,68.0,2.0,0.1427745375889663,2.4271671390124285,0.0713872687944831,0.0286,0.1625,-0.9334,2.4393,80.7041,70.512,0.1784681719862079,0.1784681719862079,2.4271671390124285,2.5342480422041533,0.0713872687944831,0.0713872687944831,0.0636999999999999,0.3067800000000004,0.283666666666666,2.5396399999999995,74.73673333333333,71.53364,0.1665702938537941,0.135635810709518,2.46286077340967,2.769826029225948,0.0713872687944831,0.0713872687944831,0.0713872687944831,0.062246070019463834
2024,Kolai Palas,43,0.0,-0.6337,73.1153,280162.0,621.2798240791644,0.6690489279824079,6292.451621770203,0.3392935678944475,9.0,82.0,2.0,0.3212427095751743,2.926878020573811,0.0713872687944831,0.0,0.0286,-0.6549,-0.9334,72.9941,80.7041,0.1427745375889663,0.1784681719862079,2.4271671390124285,2.4271671390124285,0.0713872687944831,0.0713872687944831,0.0095333333333333,0.1725000000000003,-0.7406666666666673,1.32982,75.60449999999999,73.19214,0.2141618063834496,0.1927456257451046,2.5937374328662224,2.8340745711409827,0.0713872687944831,0.0713872687944831,0.0713872687944831,0.06234729443787973
2024,Kolai Palas,44,0.0143,-0.6233,71.0678,280162.0,621.2798240791644,0.6690489279824079,6292.451621770203,0.3392935678944475,3.0,56.0,0.0,0.1070809031917247,1.9988435262455293,0.0,0.0,0.0,-0.6337,-0.6549,73.1153,72.9941,0.3212427095751743,0.1427745375889663,2.926878020573811,2.4271671390124285,0.0713872687944831,0.0713872687944831,0.0047666666666666,0.0410800000000003,-0.6373000000000006,-0.0812,72.39240000000001,73.67866000000001,0.1903660501186218,0.1856068988656563,2.450962895277256,2.4628607734096706,0.0475915125296554,0.0571098150355865,0.0,0.0024733312744222025
2025,Kolai Palas,37,1.2571,7.9859,70.8962,331246.0,621.2798240791644,0.6690489279824079,6292.451621770203,0.3392935678944475,6.0,81.0,2.0,0.1811342627533615,2.445312547170381,0.0603780875844538,2.2429,1.7286,6.6243,8.0663,80.1492,80.3784,0.0905671313766807,0.0905671313766807,0.0,2.928337247846012,0.0,0.0603780875844538,1.7428666666666668,2.8457200000000005,7.558833333333333,8.16354,77.14126666666665,78.79129999999999,0.1207561751689077,0.0724537051013446,1.7912165983387975,2.3909722683443726,0.0402520583896358,0.0543402788260084,0.0603780875844538,0.0596396495107899
2025,Kolai Palas,38,0.6,5.0579,73.0253,331246.0,621.2798240791644,0.6690489279824079,6292.451621770203,0.3392935678944475,6.0,68.0,2.0,0.1811342627533615,2.052854977871431,0.0603780875844538,1.2571,2.2429,7.9859,6.6243,70.8962,80.1492,0.1811342627533615,0.0905671313766807,2.445312547170381,0.0,0.0603780875844538,0.0,1.366666666666667,1.5257200000000004,6.556033333333333,7.315079999999999,74.69023333333332,76.20772,0.1509452189611346,0.1086805576520169,1.4993891750139372,2.1736111530403384,0.0402520583896358,0.0362268525506723,0.0603780875844538,0.06187478251332515
2025,Kolai Palas,39,0.2714,4.5184,64.9711,331246.0,621.2798240791644,0.6690489279824079,6292.451621770203,0.3392935678944475,12.0,116.0,4.0,0.3622685255067231,3.501929079898324,0.1207561751689077,0.6,1.2571,5.0579,7.9859,73.0253,70.8962,0.1811342627533615,0.1811342627533615,2.052854977871431,2.445312547170381,0.0603780875844538,0.0603780875844538,0.7094999999999999,1.2200000000000004,5.854066666666667,6.450559999999999,69.63086666666666,73.88404,0.2415123503378154,0.1811342627533615,2.6666988683133788,2.1856867705572296,0.0805041167792717,0.0603780875844538,0.1207561751689077,0.11927773571432002
2025,Kolai Palas,40,0.0429,1.3841,71.873,331246.0,621.2798240791644,0.6690489279824079,6292.451621770203,0.3392935678944475,0.0,53.0,0.0,0.0,1.6000193209880271,0.0,0.2714,0.6,4.5184,5.0579,64.9711,73.0253,0.3622685255067231,0.1811342627533615,3.501929079898324,2.052854977871431,0.1207561751689077,0.0603780875844538,0.3047666666666667,0.8828600000000003,3.653466666666666,5.114119999999999,69.95646666666666,72.18296000000001,0.1811342627533615,0.1630208364780254,2.384934459585927,1.9200231851856329,0.0603780875844538,0.048302470067563,0.0,0.00234319088930926
2025,Kolai Palas,41,0.0,-4.8376,79.5008,331246.0,621.2798240791644,0.6690489279824079,6292.451621770203,0.3392935678944475,6.0,91.0,3.0,0.1811342627533615,2.74720298509265,0.0905671313766807,0.0429,0.2714,1.3841,4.5184,71.873,64.9711,0.0,0.3622685255067231,1.6000193209880271,3.501929079898324,0.0,0.1207561751689077,0.1047666666666666,0.4342800000000004,0.3549666666666666,2.8217399999999992,72.11496666666666,72.05328,0.1811342627533615,0.1811342627533615,2.616383795326333,2.469463782204162,0.0704411021818628,0.0664158963428992,0.0905671313766807,0.08922203711596124
2025,Kolai Palas,42,0.0,-0.3974,55.9147,331246.0,621.2798240791644,0.6690489279824079,6292.451621770203,0.3392935678944475,2.0,104.0,0.0,0.0603780875844538,3.1396605543916003,0.0,0.0,0.0429,-4.8376,1.3841,79.5008,71.873,0.1811342627533615,0.0,2.74720298509265,1.6000193209880271,0.0905671313766807,0.0,0.0143,0.1828600000000003,-1.2836333333333334,1.1450799999999992,69.09616666666666,69.05698000000001,0.0805041167792718,0.15698302771958,2.4956276201574257,2.6083333836484064,0.0301890437922269,0.0543402788260084,0.0,0.00281854360245537
2025,Kolai Palas,43,0.0,-2.3802,64.477,331246.0,621.2798240791644,0.6690489279824079,6292.451621770203,0.3392935678944475,7.0,72.0,3.0,0.2113233065455884,2.1736111530403384,0.0905671313766807,0.0,0.0,-0.3974,-4.8376,55.9147,79.5008,0.0603780875844538,0.1811342627533615,3.1396605543916003,2.74720298509265,0.0,0.0905671313766807,0.0,0.0628600000000003,-2.5384,-0.3425400000000007,66.63083333333334,67.34732,0.1509452189611346,0.1630208364780254,2.686824897508196,2.6324846186821875,0.0603780875844538,0.0603780875844538,0.0905671313766807,0.08976783057829904
2025,Korangi,37,17.8143,26.8835,86.3352,2970331.0,8.0,0.0,95.0,0.2,65.0,323.0,0.0,0.2188308306380669,1.0874208968630097,0.0,0.0714,15.7429,28.6552,28.6564,75.576,85.9388,0.1615981518558032,0.2625969967656803,0.8887898352069181,0.8147240156063414,0.0,0.0,11.209533333333331,7.13144,28.06503333333333,28.2545,82.61666666666666,80.8057,0.2143419930865168,0.225564086965392,0.9303115825587563,0.9796887956258074,0.0,0.0,0.0,-4.6868037392733264e-05
2025,Korangi,38,0.4143,27.4145,82.9867,2970331.0,8.0,0.0,95.0,0.2,63.0,386.0,0.0,0.2120975743107418,1.2995184711737513,0.0,17.8143,0.0714,26.8835,28.6552,86.3352,75.576,0.2188308306380669,0.1615981518558032,1.0874208968630097,0.8887898352069181,0.0,0.0,6.1000000000000005,6.954299999999999,27.651066666666665,28.0916,81.63263333333333,81.74164,0.197508852268204,0.2161375281071368,1.0919097344145596,1.0099884490987705,0.0,0.0,0.0,0.0021681387648471995
2025,Korangi,39,0.3714,28.0698,78.3287,2970331.0,8.0,0.0,95.0,0.2,109.0,397.0,0.0,0.3669624698392199,1.3365513809740397,0.0,0.4143,17.8143,27.4145,26.8835,82.9867,86.3352,0.2120975743107418,0.2188308306380669,1.2995184711737513,1.0874208968630097,0.0,0.0,6.199999999999999,6.882859999999999,27.45593333333333,27.935880000000004,82.5502,81.83308,0.2659636249293429,0.2444172046819024,1.2411635830036,1.0854009199648122,0.0,0.0,0.0,-0.0012690013031840253
2025,Korangi,40,2.9,29.632,71.7966,2970331.0,8.0,0.0,95.0,0.2,115.0,386.0,0.0,0.3871622388211954,1.2995184711737513,0.0,0.3714,0.4143,28.0698,27.4145,78.3287,82.9867,0.3669624698392199,0.2120975743107418,1.3365513809740397,1.2995184711737513,0.0,0.0,1.2285666666666666,4.314279999999999,28.3721,28.131,77.70400000000001,79.00464,0.3220740943237191,0.2693302530930054,1.311862774440514,1.1823598110782938,0.0,0.0,0.0,-0.0008010773283031458
2025,Korangi,41,0.0286,28.0915,62.5448,2970331.0,8.0,0.0,95.0,0.2,105.0,414.0,0.0,0.3534959571845696,1.3937840597563032,0.0,2.9,0.3714,29.632,28.0698,71.7966,78.3287,0.3871622388211954,0.3669624698392199,1.2995184711737513,1.3365513809740397,0.0,0.0,1.1,4.305719999999999,28.59776666666667,28.01826,70.89003333333334,76.39840000000001,0.369206888614995,0.3077098141587587,1.3432846373013645,1.283358655988171,0.0,0.0,0.0,0.00040969638238397277
2025,Korangi,42,0.0,29.0844,46.91,2970331.0,8.0,0.0,95.0,0.2,112.0,334.0,0.0,0.3770623543302076,1.124453806663298,0.0,0.0286,2.9,28.0915,29.632,62.5448,71.7966,0.3534959571845696,0.3871622388211954,1.3937840597563032,1.2995184711737513,0.0,0.0,0.9762,0.7428599999999992,28.935966666666666,28.458440000000003,60.41713333333333,68.51336,0.3725735167786576,0.3393561188971868,1.2725854458644508,1.2907652379482286,0.0,0.0,0.0,0.0010536700302293256
2025,Korangi,43,0.0,30.4877,32.0779,2970331.0,8.0,0.0,95.0,0.2,114.0,399.0,0.0,0.3837956106575327,1.3432846373013647,0.0,0.0,0.0286,29.0844,28.0915,46.91,62.5448,0.3770623543302076,0.3534959571845696,1.124453806663298,1.3937840597563032,0.0,0.0,0.0095333333333333,0.6599999999999993,29.2212,29.07308,47.17756666666667,58.3316,0.3714513073907701,0.373695726166545,1.2871741679069884,1.2995184711737513,0.0,0.0,0.0,0.004101610028844321
2025,L & C Kurram,37,0.7286,16.9485,78.4512,604463.0,621.2798240791644,0.6690489279824079,6292.451621770203,0.3392935678944475,0.0,52.0,1.0,0.0,0.8602677086935016,0.0165436097825673,3.2143,4.4143,16.2848,17.616,80.7043,84.5674,0.0661744391302693,0.198523317390808,0.297784976086212,0.1819797076082407,0.0,0.1819797076082407,2.7857333333333334,2.39144,16.949766666666665,17.974800000000002,81.24096666666667,80.4153,0.0882325855070258,0.1654360978256733,0.4466774641293181,0.5260867910856413,0.0661744391302693,0.1356576002170521,0.0165436097825673,0.015129251972800795
2025,L & C Kurram,38,1.0571,15.9958,75.5352,604463.0,621.2798240791644,0.6690489279824079,6292.451621770203,0.3392935678944475,27.0,38.0,7.0,0.4466774641293181,0.6286571717375588,0.1158052684779713,0.7286,3.2143,16.9485,16.2848,78.4512,80.7043,0.0,0.0661744391302693,0.8602677086935016,0.297784976086212,0.0165436097825673,0.0,1.6666666666666667,2.22,16.4097,17.319380000000002,78.23023333333335,80.03312,0.1709506344198624,0.1786709856517272,0.5955699521724241,0.5260867910856414,0.0441162927535128,0.1224227123909982,0.1158052684779713,0.11131365092145087
2025,L & C Kurram,39,0.5286,15.0762,66.3635,604463.0,621.2798240791644,0.6690489279824079,6292.451621770203,0.3392935678944475,15.0,37.0,0.0,0.24815414673851,0.6121135619549914,0.0,1.0571,0.7286,15.9958,16.9485,75.5352,78.4512,0.4466774641293181,0.0,0.6286571717375588,0.8602677086935016,0.1158052684779713,0.0165436097825673,0.7714333333333333,1.98858,16.006833333333333,16.38426,73.44996666666667,77.12432000000001,0.2316105369559427,0.1919058734777811,0.7003461474620173,0.516160625216101,0.0441162927535128,0.0628657171737558,0.0,0.0009793411027255172
2025,L & C Kurram,40,0.9143,13.1086,68.1837,604463.0,621.2798240791644,0.6690489279824079,6292.451621770203,0.3392935678944475,1.0,17.0,0.0,0.0165436097825673,0.2812413663036447,0.0,0.5286,1.0571,15.0762,15.9958,66.3635,75.5352,0.24815414673851,0.4466774641293181,0.6121135619549914,0.6286571717375588,0.0,0.1158052684779713,0.8333333333333331,1.28858,14.726866666666666,15.48278,70.02746666666667,73.84758000000001,0.2371250735501318,0.1555099319561329,0.5073373666653983,0.5360129569551818,0.0386017561593237,0.0264697756521077,0.0,0.0012296953501354235
2025,L & C Kurram,41,1.2857,8.7395,68.6757,604463.0,621.2798240791644,0.6690489279824079,6292.451621770203,0.3392935678944475,0.0,20.0,3.0,0.0,0.3308721956513467,0.049630829347702,0.9143,0.5286,13.1086,15.0762,68.1837,66.3635,0.0165436097825673,0.24815414673851,0.2812413663036447,0.6121135619549914,0.0,0.0,0.9095333333333334,0.90286,12.3081,13.97372,67.74096666666667,71.44186,0.0882325855070258,0.1422750441300791,0.4080757079699943,0.5426304008682086,0.0165436097825673,0.0363959415216481,0.049630829347702,0.04622381808616366
2025,L & C Kurram,42,0.0286,11.0562,62.8353,604463.0,621.2798240791644,0.6690489279824079,6292.451621770203,0.3392935678944475,8.0,13.0,0.0,0.1323488782605387,0.2150669271733754,0.0,1.2857,0.9143,8.7395,13.1086,68.6757,68.1837,0.0,0.0165436097825673,0.3308721956513467,0.2812413663036447,0.049630829347702,0.0,0.7428666666666667,0.76286,10.9681,12.79526,66.5649,68.31868,0.049630829347702,0.1687448197821868,0.2757268297094556,0.4135902445641834,0.0165436097825673,0.0330872195651346,0.0,0.00046595788385181414
2025,L & C Kurram,43,0.4,9.1592,56.0956,604463.0,621.2798240791644,0.6690489279824079,6292.451621770203,0.3392935678944475,0.0,7.0,3.0,0.0,0.1158052684779713,0.049630829347702,0.0286,1.2857,11.0562,8.7395,62.8353,68.6757,0.1323488782605387,0.0,0.2150669271733754,0.3308721956513467,0.0,0.049630829347702,0.5714333333333335,0.63144,9.651633333333336,11.42794,62.53553333333334,64.43076,0.0441162927535129,0.0794093269563232,0.2205814637675645,0.3110198639122659,0.0330872195651346,0.0198523317390807,0.049630829347702,0.04611661592943905
2024,Lakki Marwat,37,2.8615,28.6302,74.0996,1040856.0,250.0,1.0,3164.0,0.2,395.0,755.0,5.0,3.7949533845219694,7.253645076744525,0.0480373846142021,7.6143,3.6,28.4956,28.5336,77.1594,75.6881,2.4210841845557884,1.7773832307254798,6.955813292136472,6.552299261377174,0.1152897230740851,0.1056822461512447,4.691933333333333,4.94944,28.55313333333333,28.84574,75.64903333333335,76.58504,2.664473599934413,2.4345346522477653,6.920585876752724,7.082631987517966,0.0896697846131773,0.0787813107672915,0.0480373846142021,0.054257645835988966
2024,Lakki Marwat,38,0.0571,29.6254,58.743,1040856.0,250.0,1.0,3164.0,0.2,431.0,769.0,3.0,4.140822553744226,7.388149753664292,0.0288224307685212,2.8615,7.6143,28.6302,28.4956,74.0996,77.1594,3.7949533845219694,2.4210841845557884,7.253645076744525,6.955813292136472,0.0480373846142021,0.1152897230740851,3.5109666666666666,4.14658,28.91706666666667,28.85192,70.00066666666667,72.6883,3.4522867076073283,2.893772049159538,7.199202707515096,7.1056899321327815,0.0640498461522695,0.0768598153827234,0.0288224307685212,0.03358952309437965
2024,Lakki Marwat,39,3.0286,29.9971,63.4177,1040856.0,250.0,1.0,3164.0,0.2,444.0,731.0,4.0,4.265719753741151,7.023065630596356,0.0384299076913617,0.0571,2.8615,29.6254,28.6302,58.743,74.0996,4.140822553744226,3.7949533845219694,7.388149753664292,7.253645076744525,0.0288224307685212,0.0480373846142021,1.9824,3.4323,29.41756666666667,29.05638,65.4201,69.82156,4.067165230669116,3.279992621457722,7.221620153668391,7.034594602903764,0.0384299076913617,0.067252338459883,0.0384299076913617,0.04040912690488785
2024,Lakki Marwat,40,2.0375,27.9583,60.8086,1040856.0,250.0,1.0,3164.0,0.2,516.0,722.0,25.0,4.957458092185664,6.936598338290791,0.2401869230710107,3.0286,0.0571,29.9971,29.6254,63.4177,58.743,4.265719753741151,4.140822553744226,7.023065630596356,7.388149753664292,0.0384299076913617,0.0288224307685212,1.7077333333333335,3.1198,29.193600000000004,28.94132,60.98976666666667,66.84566000000001,4.454666799890347,3.91600759374976,7.1159379075171465,7.111454418286487,0.1024797538436312,0.0941532738438362,0.2401869230710107,0.25357973065226713
2024,Lakki Marwat,41,0.9143,25.6459,53.1195,1040856.0,250.0,1.0,3164.0,0.2,706.0,708.0,4.0,6.782878707525345,6.802093661371025,0.0384299076913617,2.0375,3.0286,27.9583,29.9971,60.8086,63.4177,4.957458092185664,4.265719753741151,6.936598338290791,7.023065630596356,0.2401869230710107,0.0384299076913617,1.9934666666666667,1.7798000000000005,27.867100000000004,28.37138,59.11526666666666,62.03768,5.335352184484054,4.788366498343671,6.920585876752724,7.080710492133397,0.1056822461512447,0.0787813107672915,0.0384299076913617,0.03785412656988796
2024,Lakki Marwat,42,0.0,25.8552,47.824,1040856.0,250.0,1.0,3164.0,0.2,566.0,687.0,59.0,5.437831938327685,6.600336645991376,0.5668411384475854,0.9143,2.0375,25.6459,27.9583,53.1195,60.8086,6.782878707525345,4.957458092185664,6.802093661371025,6.936598338290791,0.0384299076913617,0.2401869230710107,0.9839333333333332,1.2075,26.486466666666672,27.81638,53.91736666666666,56.78256,5.726056246012898,5.116942209104814,6.77967621521773,6.950048805982767,0.2818193230699859,0.1825420615339681,0.5668411384475854,0.5743622341539754
2024,Lakki Marwat,43,0.0714,25.2317,58.254,1040856.0,250.0,1.0,3164.0,0.2,536.0,623.0,5.0,5.149607630642472,5.985458122929589,0.0480373846142021,0.0,0.9143,25.8552,25.6459,47.824,53.1195,5.437831938327685,6.782878707525345,6.600336645991376,6.802093661371025,0.5668411384475854,0.0384299076913617,0.3285666666666667,1.21036,25.577600000000004,26.93764,53.06583333333333,56.68476,5.790106092165168,5.318699224484464,6.462629476763997,6.669510479835827,0.2177694769177164,0.1863850523031043,0.0480373846142021,0.04632759787058521
2024,Lakki Marwat,44,0.0,23.1049,67.6811,1040856.0,250.0,1.0,3164.0,0.2,470.0,690.0,6.0,4.515514153735003,6.629159076759898,0.0576448615370425,0.0714,0.0,25.2317,25.8552,58.254,47.824,5.149607630642472,5.437831938327685,5.985458122929589,6.600336645991376,0.0480373846142021,0.5668411384475854,0.0238,0.6046400000000001,24.73060000000001,25.5592,57.9197,57.53743999999999,5.034317907568386,5.3686581044832336,6.4049846152269545,6.590729169068536,0.2241744615329434,0.1902280430722405,0.0576448615370425,0.05357502059255903
2025,Lakki Marwat,37,0.1,31.3927,61.8723,1059019.0,250.0,1.0,3164.0,0.2,0.0,980.0,1.0,0.0,9.253847192543288,0.0094427012168809,1.3143,11.0143,29.4263,30.2364,65.3691,68.9929,4.334199858548336,5.712834236212949,7.544718272287843,9.763753058254856,0.0,0.1699686219038563,4.1428666666666665,3.22,30.3518,31.56718,65.41143333333333,62.15712,3.349011364920428,4.179339558591489,8.854106174361995,9.195302444998626,0.0598037743735791,0.0982040926555614,0.0094427012168809,0.01058876854860688
2025,Lakki Marwat,38,2.2286,31.4123,57.6717,1059019.0,250.0,1.0,3164.0,0.2,859.0,931.0,18.0,8.111280345300699,8.791154832916122,0.1699686219038563,0.1,1.3143,31.3927,29.4263,61.8723,65.3691,0.0,4.334199858548336,9.253847192543288,7.544718272287843,0.0094427012168809,0.0,1.2142999999999995,3.2143,30.74376666666667,31.20052,61.6377,62.09740000000001,4.148493401283012,4.734570390144087,8.52990676591575,8.96490053530673,0.0598037743735791,0.0982040926555614,0.1699686219038563,0.16393343935217267
2025,Lakki Marwat,39,0.3714,29.5992,59.0626,1059019.0,250.0,1.0,3164.0,0.2,1184.0,965.0,14.0,11.18015824078699,9.112206674290071,0.1321978170363326,2.2286,0.1,31.4123,31.3927,57.6717,61.8723,8.111280345300699,0.0,8.791154832916122,9.253847192543288,0.1699686219038563,0.0094427012168809,0.8999999999999994,3.00572,30.8014,30.41338,59.53553333333334,62.593720000000005,6.430479528695897,5.867694536169795,9.052402899916494,8.893136006058437,0.10386971338569,0.0963155524121852,0.1321978170363326,0.13050009180586358
2025,Lakki Marwat,40,1.7143,27.7653,59.4387,1059019.0,250.0,1.0,3164.0,0.2,974.0,1002.0,14.0,9.197190985242004,9.461586619314668,0.1321978170363326,0.3714,2.2286,29.5992,31.4123,59.0626,57.6717,11.18015824078699,8.111280345300699,9.112206674290071,8.791154832916122,0.1321978170363326,0.1699686219038563,1.4380999999999995,1.14572,29.59226666666667,29.91916,58.72433333333333,60.68288,9.496209857109898,6.564565885975606,9.121649375506951,8.8327027182704,0.1447880853255072,0.0887613914386805,0.1321978170363326,0.1346583129648869
2025,Lakki Marwat,41,0.4857,22.4787,60.0243,1059019.0,250.0,1.0,3164.0,0.2,852.0,986.0,12.0,8.045181436782531,9.310503399844574,0.1133124146025708,1.7143,0.3714,27.7653,29.5992,59.4387,59.0626,9.197190985242004,11.18015824078699,9.461586619314668,9.112206674290071,0.1321978170363326,0.1321978170363326,0.8571333333333326,0.98,26.614400000000003,28.52964,59.50853333333333,59.61391999999999,9.47417688760384,7.306762201622445,9.294765564483106,9.185859743781744,0.1259026828917454,0.1114238743591946,0.1133124146025708,0.10950494139793357
2025,Lakki Marwat,42,0.0,24.2656,59.4776,1059019.0,250.0,1.0,3164.0,0.2,823.0,779.0,11.0,7.7713431014929855,7.355864247950226,0.1038697133856899,0.4857,1.7143,22.4787,27.7653,60.0243,59.4387,8.045181436782531,9.197190985242004,9.310503399844574,9.461586619314668,0.1133124146025708,0.1321978170363326,0.7333333333333328,0.96,24.836533333333332,27.10422,59.64686666666666,59.13498,8.33790517450584,8.861030821921043,8.70931808903649,8.806263154863132,0.1164599816748645,0.1303092767929565,0.1038697133856899,0.1039919718638089
2025,Lakki Marwat,43,0.0,22.7343,57.4578,1059019.0,250.0,1.0,3164.0,0.2,638.0,689.0,0.0,6.024443376370018,6.506021138430944,0.0,0.0,0.4857,24.2656,22.4787,59.4776,60.0243,7.7713431014929855,8.045181436782531,7.355864247950226,9.310503399844574,0.1038697133856899,0.1133124146025708,0.1618999999999994,0.51428,23.15953333333333,25.36862,58.98656666666667,59.092200000000005,7.280322638215178,8.443663428134906,7.724129595408582,8.349236415966097,0.0723940426627536,0.0963155524121852,0.0,-0.0032547439152878777
2024,Larkana,44,0.0,28.9062,46.2792,1784453.0,48.0,2.0,1906.0,0.5,7364.0,1751.0,16.0,41.26754809457016,9.812530786745294,0.0896633310039547,0.0,0.0,29.8554,29.2057,41.7302,48.5274,46.03091255415525,53.56263235848745,9.99746140694095,11.213520333682084,0.0616435400652188,0.1120791637549434,0.0,0.0,29.322433333333333,29.91542,45.51226666666668,48.76052,46.95369766907096,50.731512682037575,10.34117084245611,11.36482720475126,0.0877953449413723,0.1098375804798445,0.0896633310039547,0.08493297997741597
2025,Larkana,37,6.8286,28.6967,78.3998,1842403.0,48.0,2.0,1906.0,0.5,7126.0,1950.0,46.0,38.67774857075244,10.584003608331075,0.249673931273451,0.1857,3.1571,34.6827,33.7161,49.7399,60.121,28.500822024280247,36.33298469444525,7.332814807618094,11.137628412459163,0.141120048111081,0.2333908487990955,3.3904666666666667,2.0457,32.36516666666666,33.322799999999994,62.75356666666666,57.50424,34.50385176315931,32.68557422018961,9.684815609469444,9.910969532724383,0.2080616093945425,0.195396989692266,0.249673931273451,0.2556915542415948
2025,Larkana,38,0.0,31.1973,66.2391,1842403.0,48.0,2.0,1906.0,0.5,7146.0,1951.0,34.0,38.78630245391481,10.589431302489194,0.184541601376029,6.8286,0.1857,28.6967,34.6827,78.3998,49.7399,38.67774857075244,28.500822024280247,10.584003608331075,7.332814807618094,0.249673931273451,0.141120048111081,2.3381000000000003,2.0457,31.525566666666663,32.66106,64.79293333333332,60.69298,35.32162434964917,34.46043020989436,9.502083239479456,10.05100404200384,0.191778526920187,0.1997391450187608,0.184541601376029,0.18573882441368958
2025,Larkana,39,0.0,32.4664,52.8564,1842403.0,48.0,2.0,1906.0,0.5,6906.0,1765.0,22.0,37.48365585596637,9.579880189079152,0.119409271478607,0.0,6.8286,31.1973,28.6967,66.2391,78.3998,38.78630245391481,38.67774857075244,10.589431302489194,10.584003608331075,0.184541601376029,0.249673931273451,2.2762,2.03428,30.7868,32.15184,65.83176666666667,61.47124,38.31590229354455,35.95630271987182,10.251105033299808,9.844751663995336,0.184541601376029,0.1856271402076527,0.119409271478607,0.12833164826239488
2025,Larkana,40,0.0429,33.519,45.7695,1842403.0,48.0,2.0,1906.0,0.5,5508.0,1401.0,13.0,29.8957394229167,7.604199515524018,0.0705600240555405,0.0,0.0,32.4664,31.1973,52.8564,66.2391,37.48365585596637,38.78630245391481,9.579880189079152,10.589431302489194,0.119409271478607,0.184541601376029,0.0143000000000002,1.4114400000000002,32.39423333333334,32.11242,54.955000000000005,58.60094,35.388565910932634,34.66885366556612,9.257837002364122,9.138065884608308,0.1248369656367255,0.1530609752589417,0.0705600240555405,0.06707473670077194
2025,Larkana,43,0.0,29.0812,29.9232,1842403.0,48.0,2.0,1906.0,0.5,7841.0,1596.0,45.0,42.55854989380716,8.662599876357127,0.2442462371153325,0.0,0.0,29.4146,28.8339,28.4133,40.7802,43.128457780409605,43.87747957422996,9.330206257805704,10.252914264685849,0.227963154640977,0.206252378008503,0.0,0.0085800000000001,29.1099,30.66302,33.038900000000005,39.54852,43.18816241614891,39.38877650546596,9.41524013294956,9.08596002069037,0.2261539232549375,0.173686213059792,0.2442462371153325,0.24811631894138358
2024,Lasbella,37,0.5692,26.6161,84.2922,680977.0,621.2798240791644,0.6690489279824079,6292.451621770203,0.3392935678944475,527.0,395.0,1.0,7.738881048845996,5.800489590691022,0.0146847837739013,0.4,6.0,26.5654,27.3564,86.8871,82.1621,1.1747827019121058,6.402565725420976,7.019326643924831,7.239598400533351,0.0587391350956052,0.1027934864173092,2.3230666666666666,2.0624200000000004,26.84596666666667,27.0192,84.44713333333333,84.99719999999999,5.105409825393026,4.343759040320011,6.686471545049734,6.505359211838285,0.0587391350956052,0.0616760918503855,0.0146847837739013,0.01836495391366627
2024,Lasbella,38,0.0571,27.0189,81.6119,680977.0,621.2798240791644,0.6690489279824079,6292.451621770203,0.3392935678944475,673.0,436.0,0.0,9.882859479835588,6.402565725420976,0.0,0.5692,0.4,26.6161,26.5654,84.2922,86.8871,7.738881048845996,1.1747827019121058,5.800489590691022,7.019326643924831,0.0146847837739013,0.0587391350956052,0.3421,1.6738400000000002,26.73346666666667,26.95312,84.26373333333332,83.93162,6.265507743531231,5.33351346668096,6.407460653345609,6.431935292968778,0.0244746396231688,0.0469913080764842,0.0,0.002871555886358651
2024,Lasbella,39,0.1714,27.4728,81.3978,680977.0,621.2798240791644,0.6690489279824079,6292.451621770203,0.3392935678944475,401.0,715.0,10.0,5.888598293334431,10.499620398339443,0.1468478377390132,0.0571,0.5692,27.0189,26.6161,81.6119,84.2922,9.882859479835588,7.738881048845996,6.402565725420976,5.800489590691022,0.0,0.0146847837739013,0.2659,1.43954,27.03593333333333,27.00592,82.43396666666666,83.27022000000001,7.836779607338671,6.217537449869819,7.567558571483815,7.392320151781925,0.0538442071709715,0.0646130486051658,0.1468478377390132,0.14787215128478087
2024,Lasbella,40,0.2625,27.6037,80.3387,680977.0,621.2798240791644,0.6690489279824079,6292.451621770203,0.3392935678944475,55.0,348.0,0.0,0.8076631075645726,5.11030475331766,0.0,0.1714,0.0571,27.4728,27.0189,81.3978,81.6119,5.888598293334431,9.882859479835588,10.499620398339443,6.402565725420976,0.1468478377390132,0.0,0.1636666666666666,0.2920399999999999,27.365133333333333,27.05538,81.11613333333334,82.90554,5.526373626911531,5.098556926298539,7.337496959026026,6.966461422338787,0.0489492792463377,0.0440543513217039,0.0,0.002182886305793441
2024,Lasbella,41,0.0,30.4963,45.7284,680977.0,621.2798240791644,0.6690489279824079,6292.451621770203,0.3392935678944475,79.0,766.0,0.0,1.1600979181382045,11.24854437080841,0.0,0.2625,0.1714,27.6037,27.4728,80.3387,81.3978,0.8076631075645726,5.888598293334431,5.11030475331766,10.499620398339443,0.0,0.1468478377390132,0.1446333333333333,0.21204,28.524266666666666,27.84156,69.15496666666665,74.6738,2.6187864396790697,5.095619969543758,8.952823174155172,7.8123049677155025,0.0489492792463377,0.0323065243025829,0.0,0.005444417723840522
2024,Lasbella,42,0.0,30.1097,53.2915,680977.0,621.2798240791644,0.6690489279824079,6292.451621770203,0.3392935678944475,79.0,719.0,0.0,1.1600979181382045,10.55835953343505,0.0,0.0,0.2625,30.4963,27.6037,45.7284,80.3387,1.1600979181382045,0.8076631075645726,11.24854437080841,5.11030475331766,0.0,0.0,0.0875,0.0982,29.403233333333333,28.540280000000003,59.7862,68.47366,1.0426196479469942,3.7798633434022,8.972402885853706,8.763878956264309,0.0,0.0293695675478026,0.0,0.006439812262486494
2024,Lasbella,43,0.0143,29.4323,56.6685,680977.0,621.2798240791644,0.6690489279824079,6292.451621770203,0.3392935678944475,161.0,299.0,0.0,2.364250187598113,4.390750348396495,0.0,0.0,0.0,30.1097,30.4963,53.2915,45.7284,1.1600979181382045,1.1600979181382045,10.55835953343505,11.24854437080841,0.0,0.0,0.0047666666666666,0.08964,30.012766666666668,29.02296,51.89613333333333,63.48497999999999,1.5614820079581744,2.276141484954705,8.732551417546652,8.361515880859411,0.0,0.0293695675478026,0.0,0.0052167108910817495
2024,Lasbella,44,0.0,26.4413,76.6693,680977.0,621.2798240791644,0.6690489279824079,6292.451621770203,0.3392935678944475,521.0,56.0,0.0,7.650772346202588,0.8223478913384741,0.0,0.0143,0.0,29.4323,30.1097,56.6685,53.2915,2.364250187598113,1.1600979181382045,4.390750348396495,10.55835953343505,0.0,0.0,0.0047666666666666,0.05536,28.6611,28.81666,62.20976666666667,62.53928,3.7250401506463033,2.6285762955283363,5.2571525910566725,6.426061379459218,0.0,0.0,0.0,0.002899762507524689
2025,Lasbella,37,14.2143,26.0365,87.4427,697550.0,621.2798240791644,0.6690489279824079,6292.451621770203,0.3392935678944475,342.0,441.0,6.0,4.902874345925024,6.322127446061214,0.0860153394021933,0.7143,12.4286,26.5892,28.1175,85.6714,84.718,3.9423697226005294,5.447638162138915,6.021073758153537,6.33646333596158,0.0860153394021933,0.2437101283062146,9.119066666666669,6.0143,26.9144,26.99282,85.94403333333332,84.61554,4.764294076888157,4.5072037846749335,6.226554846725443,6.709196473371084,0.1385802690368671,0.1433588990036556,0.0860153394021933,0.08196103527975257
2025,Lasbella,38,1.7857,26.166,87.159,697550.0,621.2798240791644,0.6690489279824079,6292.451621770203,0.3392935678944475,515.0,545.0,5.0,7.3829832986882655,7.813059995699233,0.0716794495018278,14.2143,0.7143,26.0365,26.5892,87.4427,85.6714,4.902874345925024,3.9423697226005294,6.322127446061214,6.021073758153537,0.0860153394021933,0.0860153394021933,5.571433333333332,5.9743,26.263900000000003,26.89444,86.7577,85.39048,5.409409122404608,5.057701956848971,6.718753733304662,6.591642176188087,0.0812367094354048,0.1347573650634363,0.0716794495018278,0.069881751954633
2025,Lasbella,39,0.9286,26.274,85.9094,697550.0,621.2798240791644,0.6690489279824079,6292.451621770203,0.3392935678944475,460.0,514.0,7.0,6.594509354168159,7.3686474087879,0.1003512293025589,1.7857,14.2143,26.166,26.0365,87.159,87.4427,7.3829832986882655,4.902874345925024,7.813059995699233,6.322127446061214,0.0716794495018278,0.0860153394021933,5.6428666666666665,6.0143,26.15883333333333,26.63664,86.83703333333334,86.1801,6.293455666260484,5.6540749767041785,7.167944950182782,6.772274388932692,0.0860153394021934,0.1175542971829976,0.1003512293025589,0.09656815230259
2025,Lasbella,40,0.1714,29.5424,65.4988,697550.0,621.2798240791644,0.6690489279824079,6292.451621770203,0.3392935678944475,544.0,406.0,4.0,7.798724105798867,5.820371299548419,0.0573435596014622,0.9286,1.7857,26.274,26.166,85.9094,87.159,6.594509354168159,7.3829832986882655,7.3686474087879,7.813059995699233,0.1003512293025589,0.0716794495018278,0.9619,3.56286,27.327466666666663,26.92162,79.52239999999999,82.33626000000001,7.258738919551765,6.124292165436169,7.000692901345183,6.669055981650059,0.0764580794686163,0.0802809834420471,0.0573435596014622,0.05145669449585599
2025,Lasbella,41,0.0429,25.6707,68.1699,697550.0,621.2798240791644,0.6690489279824079,6292.451621770203,0.3392935678944475,686.0,390.0,13.0,9.83442047165078,5.590997061142571,0.1863665687047523,0.1714,0.9286,29.5424,26.274,65.4988,85.9094,7.798724105798867,6.594509354168159,5.820371299548419,7.3686474087879,0.0573435596014622,0.1003512293025589,0.3809666666666667,3.42858,27.162366666666667,26.737919999999995,73.1927,78.83596,8.075884643872602,7.302702315246219,6.2600052564929625,6.583040642247868,0.1146871192029245,0.1003512293025589,0.1863665687047523,0.1727860426550887
2025,Lasbella,42,0.0,26.3445,52.021,697550.0,621.2798240791644,0.6690489279824079,6292.451621770203,0.3392935678944475,680.0,426.0,11.0,9.748405132248584,6.107089097555732,0.1576947889040212,0.0429,0.1714,25.6707,29.5424,68.1699,65.4988,9.83442047165078,7.798724105798867,5.590997061142571,5.820371299548419,0.1863665687047523,0.0573435596014622,0.0714333333333333,0.58572,27.18586666666667,26.79952,61.896566666666665,71.75161999999999,9.127183236566076,8.271808472510932,5.839485819415574,6.54003297254677,0.1338016390700786,0.1146871192029245,0.1576947889040212,0.1607106778603716
2025,Lasbella,43,0.0,27.8124,35.9829,697550.0,621.2798240791644,0.6690489279824079,6292.451621770203,0.3392935678944475,700.0,366.0,14.0,10.035122930255897,5.246935703533796,0.2007024586051179,0.0,0.0429,26.3445,25.6707,52.021,68.1699,9.748405132248584,9.83442047165078,6.107089097555732,5.590997061142571,0.1576947889040212,0.1863665687047523,0.0143,0.22858,26.6092,27.1288,52.05793333333333,61.5164,9.872649511385086,8.802236398824457,5.648340620744032,6.026808114113683,0.1815879387379638,0.1404917210235825,0.2007024586051179,0.2123467012510117
2024,Loralai,38,0.0,25.6514,39.4614,272432.0,1400.0,0.0,3785.0,0.2,82.0,285.0,16.0,3.00992541258002,10.461326129089093,0.5873025195278088,0.3615,1.6571,23.3587,22.6927,64.5364,81.2684,2.532742115463676,12.259940095143008,8.956363422799084,8.99306983026957,2.973219005109532,0.6974217419392729,0.6728666666666667,1.52722,23.90093333333333,23.6209,61.75539999999999,68.67627999999999,5.934202541062234,6.592470781699653,9.470253127385917,8.310330651318493,1.4193144221922045,0.9984142831972752,0.5873025195278088,0.7296131203632868
2024,Loralai,39,0.0,26.16,48.97,272432.0,1400.0,0.0,3785.0,0.2,276.0,73.0,0.0,10.1309684618547,2.6795677453456275,0.0,0.0,0.3615,25.6514,23.3587,39.4614,64.5364,3.00992541258002,2.532742115463676,10.461326129089093,8.956363422799084,0.5873025195278088,2.973219005109532,0.1205,1.0015,25.0567,24.20304,50.98926666666667,61.82348,5.224545329966133,6.093263640101016,7.365752432411269,8.339695777294883,1.1868405082124471,0.9250014682562988,0.0,-0.0020957937096215407
2024,Loralai,40,0.8875,24.3556,34.8562,272432.0,1400.0,0.0,3785.0,0.2,317.0,201.0,9.0,11.635931168144712,7.377987901568098,0.3303576672343924,0.0,0.0,26.16,25.6514,48.97,39.4614,10.1309684618547,3.00992541258002,2.6795677453456275,10.461326129089093,0.0,0.5873025195278088,0.2958333333333333,0.58122,25.389,24.44368,41.095866666666666,53.81848,8.258941680859811,7.913901450637224,6.839627258667606,7.693663005814296,0.3058867289207337,0.9176601867622012,0.3303576672343924,0.34202358280717954
2024,Loralai,41,1.0,19.9868,40.3518,272432.0,1400.0,0.0,3785.0,0.2,376.0,60.0,1.0,13.801609208903503,2.202384448229283,0.036706407470488,0.8875,0.0,24.3556,26.16,34.8562,48.97,11.635931168144712,10.1309684618547,7.377987901568098,2.6795677453456275,0.3303576672343924,0.0,0.6291666666666667,0.4497999999999999,23.5008,23.9025,41.39266666666666,45.63516,11.85616961296764,8.222235273389321,4.086646698381003,6.335525929406237,0.1223546915682935,0.7855171198684443,0.036706407470488,0.031068981812262947
2024,Loralai,42,0.0,21.7374,20.1146,272432.0,1400.0,0.0,3785.0,0.2,243.0,25.0,0.0,8.919657015328596,0.9176601867622012,0.0,1.0,0.8875,19.9868,24.3556,40.3518,34.8562,13.801609208903503,11.635931168144712,2.202384448229283,7.377987901568098,0.036706407470488,0.3303576672343924,0.6291666666666667,0.3775,22.0266,23.57824,31.7742,36.7508,11.452399130792273,9.499618253362303,3.499344178853194,4.727785282198861,0.1223546915682935,0.1908733188465378,0.0,-0.0023004906170172867
2024,Loralai,43,0.0,21.5808,33.0026,272432.0,1400.0,0.0,3785.0,0.2,653.0,41.0,24.0,23.969284078228696,1.50496270629001,0.8809537792917131,0.0,1.0,21.7374,19.9868,20.1146,40.3518,8.919657015328596,13.801609208903503,0.9176601867622012,2.202384448229283,0.0,0.036706407470488,0.3333333333333333,0.3775,21.101666666666667,22.76412,31.156333333333333,35.459039999999995,15.56351676748693,13.69148998649204,1.541669113760498,2.936512597639044,0.3058867289207337,0.2496035707993187,0.8809537792917131,0.8226583755380433
2024,Loralai,44,0.0,20.8847,26.8243,272432.0,1400.0,0.0,3785.0,0.2,64.0,287.0,0.0,2.349210078111235,10.534738944030073,0.0,0.0,0.0,21.5808,21.7374,33.0026,20.1146,23.969284078228696,8.919657015328596,1.50496270629001,0.9176601867622012,0.8809537792917131,0.0,0.0,0.3775,21.400966666666665,21.70906,26.647166666666664,31.029900000000005,11.746050390556178,12.13513830974335,4.31912061236076,4.507546837375932,0.2936512597639044,0.2496035707993187,0.0,-0.0014898263602151907
2025,Loralai,37,0.0857,24.5094,64.7079,479944.0,1400.0,0.0,3785.0,0.2,58.0,289.0,22.0,1.2084743220042338,6.021535845848683,0.4583868117947094,0.0429,0.9143,25.477,25.9189,58.228,67.2769,0.8751020952444452,1.0626239727968263,4.583868117947094,4.396346240394712,0.0416715283449735,0.0833430566899471,0.3476333333333333,0.22572,25.30176666666667,26.24946,63.404266666666665,59.49416,1.0487334633485024,0.9251079292584136,5.00058340139683,4.117147000483389,0.1944671322765433,0.1625189605453969,0.4583868117947094,0.4199944116534486
2025,Loralai,38,0.0,25.4165,36.0449,479944.0,1400.0,0.0,3785.0,0.2,79.0,279.0,1.0,1.6460253696264564,5.813178204123814,0.0208357641724867,0.0857,0.0429,24.5094,25.477,64.7079,58.228,1.2084743220042338,0.8751020952444452,6.021535845848683,4.583868117947094,0.4583868117947094,0.0416715283449735,0.0428666666666666,0.22572,25.1343,25.7676,52.9936,56.61608,1.2432005956250456,1.0959611954728052,5.472860722639864,4.696381244478522,0.1736313681040566,0.1500175020419049,0.0208357641724867,0.023824071298948313
2025,Loralai,39,0.0,25.4594,30.8717,479944.0,1400.0,0.0,3785.0,0.2,56.0,262.0,0.0,1.1668027936592602,5.458970213191538,0.0,0.0,0.0857,25.4165,24.5094,36.0449,64.7079,1.6460253696264564,1.2084743220042338,5.813178204123814,6.021535845848683,0.0208357641724867,0.4583868117947094,0.0285666666666666,0.20858,25.128433333333334,25.35624,43.87483333333333,51.42587999999999,1.340434161763317,1.1918057106662443,5.764561421054679,5.254779724301168,0.159740858655732,0.1208474322004233,0.0,-0.002895729246378431
2025,Loralai,40,0.0143,23.9124,37.0343,479944.0,1400.0,0.0,3785.0,0.2,52.0,245.0,2.0,1.083459736969313,5.104762222259264,0.0416715283449735,0.0,0.0,25.4594,25.4165,30.8717,36.0449,1.1668027936592602,1.6460253696264564,5.458970213191538,5.813178204123814,0.0,0.0208357641724867,0.0047666666666666,0.02858,24.92943333333333,24.95494,34.650299999999994,45.37736,1.2987626334183435,1.1959728635007418,5.458970213191539,5.396462920674079,0.0208357641724867,0.1125131265314286,0.0416715283449735,0.04556050687006527
2025,Loralai,41,0.0,18.2627,35.4362,479944.0,1400.0,0.0,3785.0,0.2,58.0,252.0,0.0,1.2084743220042338,5.250612571466671,0.0,0.0143,0.0,23.9124,25.4594,37.0343,30.8717,1.083459736969313,1.1668027936592602,5.104762222259264,5.458970213191538,0.0416715283449735,0.0,0.0047666666666666,0.02,22.544833333333333,23.51208,34.447399999999995,40.819,1.152912284210936,1.2626473088526995,5.271448335639158,5.529811811377995,0.0138905094483245,0.1041788208624339,0.0,0.0009909957393914315
2025,Loralai,42,0.0,20.1427,24.2206,479944.0,1400.0,0.0,3785.0,0.2,77.0,245.0,0.0,1.6043538412814828,5.104762222259264,0.0,0.0,0.0143,18.2627,23.9124,35.4362,37.0343,1.2084743220042338,1.083459736969313,5.250612571466671,5.104762222259264,0.0,0.0416715283449735,0.0047666666666666,0.00286,20.7726,22.63874,32.23036666666666,32.72154,1.2987626334183435,1.341823212708149,5.1533790053284,5.34645708666011,0.0138905094483245,0.012501458503492,0.0,0.0002462375780715731
2025,Loralai,43,0.0,19.0627,29.2803,479944.0,1400.0,0.0,3785.0,0.2,70.0,263.0,0.0,1.4585034920740754,5.479805977364026,0.0,0.0,0.0,20.1427,18.2627,24.2206,35.4362,1.6043538412814828,1.2084743220042338,5.104762222259264,5.250612571466671,0.0,0.0,0.0,0.00286,19.156033333333333,21.36798,29.645699999999994,31.36862,1.4237772184532644,1.304318837197673,5.278393590363321,5.279782641308152,0.0,0.0083343056689947,0.0,0.0004510345928463999
2025,Malakand,37,0.9286,27.2358,69.9752,870427.0,700.0,1.0,952.0,0.2,40.0,817.0,0.0,0.4595445683555312,9.386197808661729,0.0,4.7143,7.6857,25.654,26.2543,74.9762,76.0212,0.4595445683555312,0.2987039694310953,5.709841261817475,18.38178273422125,0.0229772284177765,0.0,4.442866666666666,7.385720000000001,26.38136666666667,26.7847,73.65753333333333,75.15812,0.4059310353807193,0.4572468455137536,11.15927393490015,12.83278207132821,0.0076590761392588,0.0988020821964392,0.0,-0.003903168766605264
2025,Malakand,38,5.8857,26.0849,65.9642,870427.0,700.0,1.0,952.0,0.2,52.0,1068.0,9.0,0.5974079388621906,12.269839975092683,0.1033975278799945,0.9286,4.7143,27.2358,25.654,69.9752,74.9762,0.4595445683555312,0.4595445683555312,9.386197808661729,5.709841261817475,0.0,0.0229772284177765,3.842866666666667,7.314279999999999,26.3249,26.440520000000003,70.3052,73.67112,0.5054990251910844,0.4733309054061972,9.121959681857296,12.152656110162024,0.0421249187659237,0.073527130936885,0.1033975278799945,0.09661689998090817
2025,Malakand,39,0.9714,26.4165,54.5215,870427.0,700.0,1.0,952.0,0.2,101.0,1532.0,6.0,1.1603500350977165,17.600556968016846,0.0689316852533297,5.8857,0.9286,26.0849,27.2358,65.9642,69.9752,0.5974079388621906,0.4595445683555312,12.269839975092683,9.386197808661729,0.1033975278799945,0.0,2.5952333333333333,4.03714,26.579066666666662,26.3291,63.48696666666667,68.29166000000001,0.7391008474384794,0.5951102160204129,13.085531583923752,12.669643749561995,0.0574430710444414,0.0390612883102201,0.0689316852533297,0.06675338733118658
2025,Malakand,40,4.2571,24.0269,56.6419,870427.0,700.0,1.0,952.0,0.2,96.0,1045.0,0.0,1.1029069640532752,12.005601848288254,0.0,0.9714,5.8857,26.4165,26.0849,54.5215,65.9642,1.1603500350977165,0.5974079388621906,17.600556968016846,12.269839975092683,0.0689316852533297,0.1033975278799945,3.704733333333333,3.35142,25.50943333333333,25.88362,59.04253333333333,64.4158,0.9535549793377271,0.755950814944849,13.958666263799264,11.394407572375396,0.0574430710444414,0.0390612883102201,0.0,-0.0014534871976175645
2025,Malakand,41,1.7143,19.9584,53.763,870427.0,700.0,1.0,952.0,0.2,46.0,917.0,5.0,0.528476253608861,10.535059229550557,0.0574430710444414,4.2571,0.9714,24.0269,26.4165,56.6419,54.5215,1.1029069640532752,1.1603500350977165,12.005601848288254,17.600556968016846,0.0,0.0689316852533297,2.3142666666666667,2.7514200000000004,23.467266666666664,24.7445,54.97546666666667,60.17316000000001,0.930577750919951,0.7697371519955148,13.380406015285216,12.359451165922014,0.0421249187659237,0.0459544568355531,0.0574430710444414,0.05637012891620957
2025,Malakand,42,0.0,22.7448,52.9454,870427.0,700.0,1.0,952.0,0.2,29.0,806.0,0.0,0.3331698120577602,9.259823052363956,0.0,1.7143,4.2571,19.9584,24.0269,53.763,56.6419,0.528476253608861,1.1029069640532752,10.535059229550557,12.005601848288254,0.0574430710444414,0.0,1.9904666666666664,2.5657,22.243366666666663,23.846300000000003,54.4501,56.7672,0.6548510099066321,0.7444622007359607,10.600161376734254,12.334176214662458,0.0191476903481471,0.0459544568355531,0.0,-0.0008627959753025327
2025,Malakand,43,0.0,21.9977,39.5671,870427.0,700.0,1.0,952.0,0.2,41.0,611.0,0.0,0.4710331825644195,7.01954328163074,0.0,0.0,1.7143,22.7448,19.9584,52.9454,53.763,0.3331698120577602,0.528476253608861,9.259823052363956,10.535059229550557,0.0,0.0574430710444414,0.5714333333333333,1.38856,21.56696666666667,23.02886,48.758500000000005,51.48778,0.4442264160770136,0.7191872494764064,8.938141854515083,11.28411687597007,0.0191476903481471,0.0252749512595542,0.0,-0.0027705056443489973
2025,Malir,37,17.0857,26.6916,86.8396,2428732.0,20.0,0.0,2268.0,0.75,198.0,1450.0,67.0,0.815240215882197,5.970193500147403,0.2758641134550868,0.0286,14.5,29.0895,28.7991,73.1818,84.8921,0.6628973472577461,0.9922873334727752,5.373174150132662,6.106066869461101,0.1770471175905781,0.1564602434521388,10.5381,6.50858,28.1934,28.50048,81.63783333333333,78.96268,0.8234749655375727,0.8802947381596653,5.816478173247056,6.179356141393946,0.2031238248326012,0.2058687413843931,0.2758641134550868,0.27037667114660824
2025,Malir,38,0.4429,27.2035,83.736,2428732.0,20.0,0.0,2268.0,0.75,181.0,1739.0,38.0,0.7452448438115032,7.160114825349194,0.1564602434521388,17.0857,0.0286,26.6916,29.0895,86.8396,73.1818,0.815240215882197,0.6628973472577461,5.970193500147403,5.373174150132662,0.2758641134550868,0.1770471175905781,5.8524,6.500019999999999,27.66153333333333,28.228160000000003,81.25246666666668,80.59360000000001,0.7411274689838154,0.8432383647104744,6.16782749187642,6.28970178677598,0.2031238248326012,0.192693141935792,0.1564602434521388,0.15890696689532188
2025,Malir,39,0.0571,27.9208,78.8545,2428732.0,20.0,0.0,2268.0,0.75,187.0,1660.0,42.0,0.7699490927776305,6.834842213961853,0.1729297427628902,0.4429,17.0857,27.2035,26.6916,83.736,86.8396,0.7452448438115032,0.815240215882197,7.160114825349194,5.970193500147403,0.1564602434521388,0.2758641134550868,5.8619,6.42286,27.271966666666668,27.9409,83.14336666666667,81.5008,0.7768113841571102,0.7971237666403704,6.655050179819483,6.288878311810442,0.2017513665567053,0.1877522921425665,0.1729297427628902,0.17715416529443334
2025,Malir,40,2.7286,29.1735,73.7716,2428732.0,20.0,0.0,2268.0,0.75,143.0,1277.0,2.0,0.5887846003593645,5.257887654957401,0.0082347496553757,0.0571,0.4429,27.9208,27.2035,78.8545,83.736,0.7699490927776305,0.7452448438115032,6.834842213961853,7.160114825349194,0.1729297427628902,0.1564602434521388,1.0762,4.06858,28.099266666666665,28.01578,78.78736666666667,79.2767,0.7013261789828328,0.7164232200176883,6.417614898089482,6.119242468909702,0.1125415786234682,0.1581071933832139,0.0082347496553757,0.013399703694781578
2025,Malir,41,0.0,27.5193,63.6568,2428732.0,20.0,0.0,2268.0,0.75,119.0,1177.0,35.0,0.4899676044948557,4.846150172188615,0.1441081189690752,2.7286,0.0571,29.1735,27.9208,73.7716,78.8545,0.5887846003593645,0.7699490927776305,5.257887654957401,6.834842213961853,0.0082347496553757,0.1729297427628902,0.9285666666666668,4.06286,28.20453333333333,27.70174,72.0943,77.3717,0.6162337658772836,0.6818372714651102,5.646293347035957,6.013837673320893,0.1084242037957804,0.1515193936589133,0.1441081189690752,0.14195981858827533
2025,Malir,42,0.0,28.655,46.5167,2428732.0,20.0,0.0,2268.0,0.75,192.0,1450.0,63.0,0.7905359669160698,5.970193500147403,0.2593946141443354,0.0,2.7286,27.5193,29.1735,63.6568,73.7716,0.4899676044948557,0.5887846003593645,4.846150172188615,5.257887654957401,0.1441081189690752,0.0082347496553757,0.9095333333333334,0.6457200000000001,28.449266666666663,28.094420000000003,61.31503333333334,69.30712000000001,0.6230960572567633,0.6768964216718848,5.358077109097806,6.013837673320893,0.1372458275895954,0.148225493796763,0.2593946141443354,0.2464404841165224
2025,Malir,43,0.0,29.4062,33.6802,2428732.0,20.0,0.0,2268.0,0.75,152.0,1287.0,43.0,0.6258409738085552,5.299061403234281,0.1770471175905781,0.0,0.0,28.655,27.5193,46.5167,63.6568,0.7905359669160698,0.4899676044948557,5.970193500147403,4.846150172188615,0.2593946141443354,0.1441081189690752,0.0,0.5571400000000001,28.52683333333333,28.53496,47.95123333333333,59.29596,0.635448181739827,0.6530156476712952,5.371801691856766,5.641626988897911,0.1935166169013296,0.1523428686244509,0.1770471175905781,0.17212973806222492
2024,Mansehra,37,3.6231,23.3981,75.0005,1797177.0,1000.0,0.0,4579.0,0.2,4.0,628.0,22.0,0.0222571288192537,3.4943692246228397,0.1224142085058956,8.3,9.9667,23.2157,23.6389,80.7639,79.3015,0.0278214110240671,0.0667713864577612,4.2288544756582125,4.462554328260377,0.1168499263010822,0.1224142085058956,7.296600000000001,6.96652,23.41756666666667,23.91774,78.3553,79.18878,0.038949975433694,0.0300471239059925,4.06192600951381,4.419152927062832,0.1205594477709578,0.0879156588360523,0.1224142085058956,0.12330954544198176
2024,Mansehra,38,0.0,24.0162,63.0372,1797177.0,1000.0,0.0,4579.0,0.2,5.0,521.0,3.0,0.0278214110240671,2.898991028707801,0.0166928466144403,3.6231,8.3,23.3981,23.2157,75.0005,80.7639,0.0222571288192537,0.0278214110240671,3.4943692246228397,4.2288544756582125,0.1224142085058956,0.1168499263010822,3.974366666666667,4.9151,23.543333333333333,23.73262,72.93386666666667,75.38456000000001,0.0259666502891293,0.0289342674650298,3.540738242996284,4.015186038993376,0.0853189938071393,0.0801256637493135,0.0166928466144403,0.014666174053108855
2024,Mansehra,39,4.9429,23.9353,71.7159,1797177.0,1000.0,0.0,4579.0,0.2,6.0,584.0,5.0,0.0333856932288806,3.249540807611048,0.0278214110240671,0.0,3.6231,24.0162,23.3981,63.0372,75.0005,0.0278214110240671,0.0222571288192537,2.898991028707801,3.4943692246228397,0.0166928466144403,0.1224142085058956,2.855333333333333,5.3665400000000005,23.783200000000004,23.64084,69.91786666666667,73.9638,0.0278214110240671,0.035611406110806,3.21430035364723,3.6668619729720553,0.0556428220481343,0.0812385201902761,0.0278214110240671,0.0280472652539506
2024,Mansehra,40,0.1125,22.1821,59.2088,1797177.0,1000.0,0.0,4579.0,0.2,3.0,454.0,5.0,0.0166928466144403,2.5261841209853007,0.0278214110240671,4.9429,0.0,23.9353,24.0162,71.7159,63.0372,0.0333856932288806,0.0278214110240671,3.249540807611048,2.898991028707801,0.0278214110240671,0.0166928466144403,1.6851333333333331,3.3957,23.377866666666662,23.34948,64.65396666666668,69.94526,0.0259666502891293,0.0255956981421418,2.8915719857680497,3.27958793151704,0.0241118895541915,0.0623199606939105,0.0278214110240671,0.028504042989281164
2024,Mansehra,41,0.6,19.4073,57.1669,1797177.0,1000.0,0.0,4579.0,0.2,8.0,434.0,3.0,0.0445142576385075,2.4148984768890323,0.0166928466144403,0.1125,4.9429,22.1821,23.9353,59.2088,71.7159,0.0166928466144403,0.0333856932288806,2.5261841209853007,3.249540807611048,0.0278214110240671,0.0278214110240671,1.885133333333333,1.8557,21.841566666666665,22.5878,62.6972,65.22586,0.0315309324939428,0.0289342674650298,2.73020780182846,2.916796731763204,0.0241118895541915,0.0422885447565821,0.0166928466144403,0.011445106527374016
2024,Mansehra,42,0.0143,19.7282,53.4558,1797177.0,1000.0,0.0,4579.0,0.2,4.0,407.0,1.0,0.0222571288192537,2.264662857359069,0.0055642822048134,0.6,0.1125,19.4073,22.1821,57.1669,59.2088,0.0445142576385075,0.0166928466144403,2.4148984768890323,2.5261841209853007,0.0166928466144403,0.0278214110240671,0.2422666666666666,1.13394,20.4392,21.85382,56.6105,60.916920000000005,0.0278214110240671,0.0289342674650298,2.401915151744467,2.67085545831045,0.0166928466144403,0.0189185594963656,0.0055642822048134,0.005638464831258738
2024,Mansehra,43,0.0,18.7936,59.2287,1797177.0,1000.0,0.0,4579.0,0.2,12.0,378.0,3.0,0.0667713864577612,2.1032986734194794,0.0166928466144403,0.0143,0.6,19.7282,19.4073,53.4558,57.1669,0.0222571288192537,0.0445142576385075,2.264662857359069,2.4148984768890323,0.0055642822048134,0.0166928466144403,0.2047666666666666,1.13394,19.309700000000003,20.8093,56.617133333333335,60.15522,0.0445142576385075,0.0367242625517686,2.2609533358891936,2.5117169872527856,0.0129833251445646,0.0189185594963656,0.0166928466144403,0.0116111133783445
2024,Mansehra,44,0.1286,16.9073,72.4758,1797177.0,1000.0,0.0,4579.0,0.2,0.0,239.0,1.0,0.0,1.3298634469504118,0.0055642822048134,0.0,0.0143,18.7936,19.7282,59.2287,53.4558,0.0667713864577612,0.0222571288192537,2.1032986734194794,2.264662857359069,0.0166928466144403,0.0055642822048134,0.0476333333333333,0.17108,18.476366666666667,19.4037,61.7201,60.3072,0.029676171759005,0.0300471239059925,1.89927499257632,2.1277815151206587,0.009273803674689,0.0144671337325149,0.0055642822048134,0.0050944393931928456
2025,Mansehra,37,2.0571,23.8421,79.2301,1881089.0,1000.0,0.0,4579.0,0.2,271.0,1025.0,5.0,1.4406548547144766,5.448971313956968,0.0265803478729608,9.2857,15.8429,22.3561,23.1326,81.5973,84.2687,0.0372124870221451,0.0478446261713294,3.4129166668881696,6.719511942284496,0.0,0.0,9.0619,8.111419999999999,23.110266666666664,23.78116,81.69869999999999,82.42573999999999,0.5085706559693172,0.3210906023053667,5.193799974376545,5.755176921453478,0.0088601159576536,0.0180746365536133,0.0265803478729608,0.023079971636102176
2025,Mansehra,38,1.5714,23.207,72.6392,1881089.0,1000.0,0.0,4579.0,0.2,12.0,1105.0,24.0,0.0637928348951059,5.874256879924342,0.1275856697902119,2.0571,9.2857,23.8421,22.3561,79.2301,81.5973,1.4406548547144766,0.0372124870221451,5.448971313956968,3.4129166668881696,0.0265803478729608,0.0,4.304733333333334,7.72856,23.13506666666667,23.49086,77.8222,80.69521999999999,0.5138867255439092,0.3264066718799589,4.91204828692316,5.74667121013413,0.0513886725543909,0.0435917705116557,0.1275856697902119,0.13842348779721836
2025,Mansehra,39,0.5571,22.8722,63.2341,1881089.0,1000.0,0.0,4579.0,0.2,16.0,1142.0,31.0,0.0850571131934746,6.070951454184252,0.1647981568123571,1.5714,2.0571,23.207,23.8421,72.6392,79.2301,0.0637928348951059,1.4406548547144766,5.874256879924342,5.448971313956968,0.1275856697902119,0.0265803478729608,1.3952,5.86284,23.3071,23.082,71.70113333333335,76.19388000000001,0.5298349342676857,0.3349123831993063,5.798059882688521,5.505321651447646,0.1063213914918432,0.0637928348951059,0.1647981568123571,0.16749362017945826
2025,Mansehra,40,1.8429,20.671,63.8696,1881089.0,1000.0,0.0,4579.0,0.2,24.0,788.0,45.0,0.1275856697902119,4.189062824778626,0.2392231308566474,0.5571,1.5714,22.8722,23.207,63.2341,72.6392,0.0850571131934746,0.0637928348951059,6.070951454184252,5.874256879924342,0.1647981568123571,0.1275856697902119,1.3238,3.06284,22.250066666666665,22.58968,66.58096666666667,72.11406,0.0921452059595975,0.3508605919230828,5.37809038629574,4.999231827946471,0.1772023191530721,0.1116374610664354,0.2392231308566474,0.24806453920219343
2025,Mansehra,41,5.2571,15.8901,67.9589,1881089.0,1000.0,0.0,4579.0,0.2,11.0,716.0,10.0,0.0584767653205138,3.80630581540799,0.0531606957459216,1.8429,0.5571,20.671,22.8722,63.8696,63.2341,0.1275856697902119,0.0850571131934746,4.189062824778626,6.070951454184252,0.2392231308566474,0.1647981568123571,2.552366666666667,2.25712,19.8111,21.296479999999995,65.02086666666666,69.38638,0.0903731827680667,0.3551134475827566,4.68877336479029,5.0779096576504354,0.152393994471642,0.1222696002156197,0.0531606957459216,0.05018387620798459
2025,Mansehra,42,0.0,18.0689,65.0519,1881089.0,1000.0,0.0,4579.0,0.2,6.0,854.0,26.0,0.0318964174475529,4.539923416701709,0.1382178089393962,5.2571,1.8429,15.8901,20.671,67.9589,63.8696,0.0584767653205138,0.1275856697902119,3.80630581540799,4.189062824778626,0.0531606957459216,0.2392231308566474,2.3666666666666667,1.8457,18.21,20.14184,65.6268,66.55074,0.0726529508527595,0.0733617601293718,4.178430685629441,4.896100078199384,0.1435338785139884,0.1445970924289069,0.1382178089393962,0.14691915550532728
2025,Mansehra,43,0.1571,16.9353,54.0046,1881089.0,1000.0,0.0,4579.0,0.2,6.0,918.0,0.0,0.0318964174475529,4.880151869475607,0.0,0.0,5.2571,18.0689,15.8901,65.0519,67.9589,0.0318964174475529,0.0584767653205138,4.539923416701709,3.80630581540799,0.1382178089393962,0.0531606957459216,1.8047333333333333,1.56284,16.964766666666666,18.8875,62.33846666666667,62.82382,0.0407565334052065,0.0669824766398612,4.4087937005284354,4.697279076109637,0.0637928348951059,0.1190799584708644,0.0,-0.00029074413913193764
2024,Mardan,37,5.7538,27.3811,75.0878,2744898.0,300.0,0.0,1632.0,0.65,78.0,697.0,5.0,0.2841635645477536,2.539256467817748,0.0182156131120354,9.7143,3.6222,27.2779,27.5328,79.5706,78.5197,0.185799253742762,0.1238661691618413,2.2004460639338874,3.1986616624734325,0.0327881036016638,0.0,6.363433333333333,6.06376,27.397266666666667,27.75184,77.72603333333335,78.62152,0.1979429958174523,0.1544683991900609,2.6461213980750227,2.83289215118376,0.0170012389045664,0.0153011150141098,0.0182156131120354,0.0130337074942668
2024,Mardan,38,0.0,26.9308,70.5089,2744898.0,300.0,0.0,1632.0,0.65,55.0,301.0,5.0,0.2003717442323904,1.0965799093445368,0.0182156131120354,5.7538,9.7143,27.3811,27.2779,75.0878,79.5706,0.2841635645477536,0.185799253742762,2.539256467817748,2.2004460639338874,0.0182156131120354,0.0327881036016638,5.156033333333332,4.53234,27.1966,27.45016,75.05576666666667,76.43884,0.223444854174302,0.1843420046937992,1.9454274803653904,2.4569218965513477,0.0230731099419116,0.0189442376365169,0.0182156131120354,0.01391561765885821
2024,Mardan,39,6.6,27.4779,72.8084,2744898.0,300.0,0.0,1632.0,0.65,60.0,768.0,7.0,0.2185873573444259,2.797918174008652,0.0255018583568496,0.0,5.7538,26.9308,27.3811,70.5089,75.0878,0.2003717442323904,0.2841635645477536,1.0965799093445368,2.539256467817748,0.0182156131120354,0.0182156131120354,4.117933333333332,5.13806,27.263266666666667,27.320100000000004,72.8017,75.29908,0.2343742220415233,0.2025576178058346,2.1445848503903124,2.366572455515651,0.0206443615269735,0.0189442376365169,0.0255018583568496,0.024550876134563915
2024,Mardan,40,1.95,24.7998,70.7195,2744898.0,300.0,0.0,1632.0,0.65,83.0,618.0,5.0,0.3023791776597891,2.251449780647587,0.0182156131120354,6.6,0.0,27.4779,26.9308,72.8084,70.5089,0.2185873573444259,0.2003717442323904,2.797918174008652,1.0965799093445368,0.0255018583568496,0.0182156131120354,2.849999999999999,4.80362,26.402833333333334,26.7735,71.34559999999999,73.73904,0.2404460930788685,0.2382602195054242,2.048649288000259,2.177130079150482,0.0206443615269735,0.022587360258924,0.0182156131120354,0.014269720783131712
2024,Mardan,41,0.2,22.4005,65.0721,2744898.0,300.0,0.0,1632.0,0.65,47.0,557.0,5.0,0.1712267632531336,2.029219300680754,0.0182156131120354,1.95,6.6,24.7998,27.4779,70.7195,72.8084,0.3023791776597891,0.2185873573444259,2.251449780647587,2.797918174008652,0.0182156131120354,0.0255018583568496,2.916666666666666,2.90076,24.892733333333336,25.79802,69.53333333333335,70.83934,0.2307310994191163,0.2353457214074986,2.359529085112331,2.1428847264998554,0.0206443615269735,0.0196728621609983,0.0182156131120354,0.014098412102072022
2024,Mardan,42,0.0,22.5368,65.6165,2744898.0,300.0,0.0,1632.0,0.65,26.0,501.0,5.0,0.0947211881825845,1.8252044338259563,0.0182156131120354,0.2,1.95,22.4005,24.7998,65.0721,70.7195,0.1712267632531336,0.3023791776597891,2.029219300680754,2.251449780647587,0.0182156131120354,0.0182156131120354,0.716666666666666,1.75,23.2457,24.82916,67.13603333333333,68.94508,0.1894423763651691,0.1974572461344647,2.0352911717180997,2.0000743197014974,0.0182156131120354,0.0196728621609983,0.0182156131120354,0.014154423158671825
2024,Mardan,43,0.4571,21.6642,70.1178,2744898.0,300.0,0.0,1632.0,0.65,56.0,413.0,5.0,0.2040148668547975,1.5046096430541318,0.0182156131120354,0.0,0.2,22.5368,22.4005,65.6165,65.0721,0.0947211881825845,0.1712267632531336,1.8252044338259563,2.029219300680754,0.0182156131120354,0.0182156131120354,0.2190333333333327,1.84142,22.2005,23.77584,66.93546666666667,68.86686,0.1566542727635052,0.1981858706589461,1.7863444591869475,2.081680266443416,0.0182156131120354,0.0196728621609983,0.0182156131120354,0.013874375295378077
2024,Mardan,44,1.2143,19.5535,80.9968,2744898.0,300.0,0.0,1632.0,0.65,20.0,379.0,5.0,0.0728624524481419,1.3807434738922904,0.0182156131120354,0.4571,0.0,21.6642,22.5368,70.1178,65.6165,0.2040148668547975,0.0947211881825845,1.5046096430541318,1.8252044338259563,0.0182156131120354,0.0182156131120354,0.5571333333333327,0.76428,21.2515,22.19096,72.2437,70.50453999999999,0.1238661691618413,0.1690408896796893,1.5701858502574595,1.798245326420144,0.0182156131120354,0.0182156131120354,0.0182156131120354,0.012999392529024933
2025,Mardan,37,0.4286,28.6136,75.9501,2868781.0,300.0,0.0,1632.0,0.65,17.0,1220.0,20.0,0.0592586189046846,4.252677356689131,0.0697160222408054,3.7714,18.3286,27.1493,27.377,78.375,81.913,0.6274442001672487,0.9167656924665912,3.436999896471707,5.141556640259399,0.0,0.052287016680604,7.509533333333334,8.83144,27.7133,28.206560000000003,78.74603333333334,79.39472,0.5344895038461749,0.5514537359247708,4.2770779644734125,4.58591994300018,0.0406676796404698,0.0481040553461557,0.0697160222408054,0.08228320993340812
2025,Mardan,38,2.6143,27.2948,74.5329,2868781.0,300.0,0.0,1632.0,0.65,346.0,971.0,10.0,1.2060871847659338,3.384712879791103,0.0348580111204027,0.4286,3.7714,28.6136,27.1493,75.9501,78.375,0.0592586189046846,0.6274442001672487,4.252677356689131,3.436999896471707,0.0697160222408054,0.0,2.271433333333333,8.13716,27.685900000000004,27.851440000000004,76.286,78.6266,0.630930001279289,0.6887942997391575,3.691463377650647,4.288929688254349,0.0348580111204027,0.0446182542341154,0.0348580111204027,0.03188220932805094
2025,Mardan,39,1.5429,26.1005,73.086,2868781.0,300.0,0.0,1632.0,0.65,432.0,1452.0,19.0,1.505866080401397,5.061383214682474,0.0662302211287651,2.6143,0.4286,27.2948,28.6136,74.5329,75.9501,1.2060871847659338,0.0592586189046846,3.384712879791103,4.252677356689131,0.0348580111204027,0.0697160222408054,1.5286,5.33716,27.3363,27.30704,74.52300000000001,76.7714,0.923737294690672,0.863084355341171,4.232924483720903,4.255465997578763,0.0569347514966577,0.0446182542341154,0.0662302211287651,0.07234015657711637
2025,Mardan,40,4.5143,23.9719,72.6425,2868781.0,300.0,0.0,1632.0,0.65,384.0,1276.0,32.0,1.3385476270234635,4.447882218963385,0.1115456355852886,1.5429,2.6143,26.1005,27.2948,73.086,74.5329,1.505866080401397,1.2060871847659338,5.061383214682474,3.384712879791103,0.0662302211287651,0.0348580111204027,2.8905,2.5743,25.789066666666667,26.62602,73.42046666666666,74.9173,1.3501669640635985,0.9474407422525456,4.297992771145654,4.11673111331956,0.0708779559448188,0.0564699780150523,0.1115456355852886,0.10501444052395345
2025,Mardan,41,1.1,19.5806,73.9256,2868781.0,300.0,0.0,1632.0,0.65,311.0,1371.0,15.0,1.084084145844524,4.779033324607211,0.052287016680604,4.5143,1.5429,23.9719,26.1005,72.6425,73.086,1.3385476270234635,1.505866080401397,4.447882218963385,5.061383214682474,0.1115456355852886,0.0662302211287651,2.385733333333333,2.04002,23.21766666666667,25.11228,73.21803333333334,74.02742,1.3094992844231284,1.0387687313880003,4.762766252751024,4.38513779894666,0.0766876244648859,0.0669273813511732,0.052287016680604,0.04591681524258068
2025,Mardan,42,0.0,21.7877,72.7964,2868781.0,300.0,0.0,1632.0,0.65,222.0,1038.0,15.0,0.7738478468729402,3.618261554297801,0.052287016680604,1.1,4.5143,19.5806,23.9719,73.9256,72.6425,1.084084145844524,1.3385476270234635,4.779033324607211,4.447882218963385,0.052287016680604,0.1115456355852886,1.8714333333333333,1.9543000000000004,21.78006666666667,23.7471,73.12150000000001,73.39667999999999,1.065493206580309,1.1816865769816518,4.281725699289466,4.258254638468396,0.0720398896488322,0.0634415802391329,0.052287016680604,0.04366217502462333
2025,Mardan,43,0.0,20.1841,70.0025,2868781.0,300.0,0.0,1632.0,0.65,175.0,1231.0,64.0,0.6100151946070473,4.291021168921573,0.2230912711705773,0.0,1.1,21.7877,19.5806,72.7964,73.9256,0.7738478468729402,1.084084145844524,3.618261554297801,4.779033324607211,0.052287016680604,0.052287016680604,0.3666666666666667,1.4314400000000005,20.517466666666667,22.32496,72.2415,72.4906,0.8226490624415038,1.0624721789498746,4.229438682608861,4.439516296294489,0.1092217681772618,0.1010882322491678,0.2230912711705773,0.21199349637979617
2024,Mastung,37,0.0,23.2113,25.871,313271.0,1700.0,0.0,3308.0,0.2,180.0,205.0,32.0,5.745823903265863,6.543855000941677,1.0214798050250422,0.3,2.8667,23.8232,23.8065,41.3803,60.278,5.0435565373111455,6.671539976569807,10.119034318529325,8.363365903642533,1.915274634421954,0.6703461220476841,1.0555666666666663,0.7676399999999999,23.61366666666667,24.54052,42.50976666666666,48.11072,5.820306805715606,5.0754777812181775,8.342085074371179,7.935621235288297,1.20236685383156,1.0406325513692618,1.0214798050250422,1.228652181869342
2024,Mastung,38,0.0,24.3,24.6983,313271.0,1700.0,0.0,3308.0,0.2,173.0,211.0,1.0,5.522375195916634,6.735382464383871,0.0319212439070325,0.0,0.3,23.2113,23.8232,25.871,41.3803,5.745823903265863,5.0435565373111455,6.543855000941677,10.119034318529325,1.0214798050250422,1.915274634421954,0.0999999999999999,0.70192,23.778166666666667,24.078560000000003,30.649866666666657,40.36018,5.437251878831215,5.267005244660373,7.799423927951623,7.2525066156778,0.9895585611180095,0.7916468488944076,0.0319212439070325,0.0063172568956666175
2024,Mastung,39,0.0,24.8494,26.786,313271.0,1700.0,0.0,3308.0,0.2,224.0,169.0,53.0,7.150358635175295,5.3946902202885045,1.6918259270727265,0.0,0.0,24.3,23.2113,24.6983,25.871,5.522375195916634,5.745823903265863,6.735382464383871,6.543855000941677,0.0319212439070325,1.0214798050250422,0.0,0.6333399999999999,24.12023333333333,23.99808,25.7851,35.80272,6.139519244785931,6.026730849647748,6.224642561871352,7.431265581557182,0.915075658668267,1.066169546494888,1.6918259270727265,1.6592879591858396
2024,Mastung,40,0.6375,21.8973,33.4896,313271.0,1700.0,0.0,3308.0,0.2,174.0,238.0,2.0,5.554296439823667,7.597256049873751,0.0638424878140651,0.0,0.0,24.8494,24.3,26.786,24.6983,7.150358635175295,5.522375195916634,5.3946902202885045,6.735382464383871,1.6918259270727265,0.0319212439070325,0.2125,0.1875,23.682233333333333,23.61624,28.32463333333333,30.44504,6.075676756971866,5.803282142298522,6.575776244848709,7.278043610803425,0.5958632195979413,0.944868819648164,0.0638424878140651,0.04892003216996013
2024,Mastung,41,0.7286,18.3756,32.5839,313271.0,1700.0,0.0,3308.0,0.2,172.0,211.0,3.0,5.490453952009602,6.735382464383871,0.0957637317210977,0.6375,0.0,21.8973,24.8494,33.4896,26.786,5.554296439823667,7.150358635175295,7.597256049873751,5.3946902202885045,0.0638424878140651,1.6918259270727265,0.4553666666666666,0.2732199999999999,21.70743333333333,22.52672,30.953166666666664,28.68576,6.065036342336189,5.892661625238213,6.575776244848709,6.601313239974336,0.6171440488692964,0.5809666391079927,0.0957637317210977,0.0841577538386542
2024,Mastung,42,0.0,19.1587,19.5185,313271.0,1700.0,0.0,3308.0,0.2,140.0,285.0,4.0,4.46897414698456,9.09755451350428,0.1276849756281302,0.7286,0.6375,18.3756,21.8973,32.5839,33.4896,5.490453952009602,5.554296439823667,6.735382464383871,7.597256049873751,0.0957637317210977,0.0638424878140651,0.4553666666666666,0.2732199999999999,19.810533333333336,21.7162,28.530666666666665,27.41526,5.171241512939277,5.637291673981951,7.8100643425873,7.112053142486856,0.0957637317210977,0.4022076732286104,0.1276849756281302,0.12770397646785533
2024,Mastung,43,0.0,19.0902,35.5176,313271.0,1700.0,0.0,3308.0,0.2,50.0,349.0,0.0,1.5960621953516283,11.140514123554366,0.0,0.0,0.7286,19.1587,18.3756,19.5185,32.5839,4.46897414698456,5.490453952009602,9.09755451350428,6.735382464383871,0.1276849756281302,0.0957637317210977,0.2428666666666666,0.2732199999999999,18.87483333333333,20.67424,29.206666666666667,29.57912,3.851830098115264,4.852029073868951,8.991150367147506,7.993079474320955,0.0744829024497426,0.3958234244472038,0.0,0.0013866368294856712
2024,Mastung,44,0.0,18.0033,31.1454,313271.0,1700.0,0.0,3308.0,0.2,137.0,192.0,2.0,4.373210415263462,6.128878830150254,0.0638424878140651,0.0,0.0,19.0902,19.1587,35.5176,19.5185,1.5960621953516283,4.46897414698456,11.140514123554366,9.09755451350428,0.0,0.1276849756281302,0.0,0.2732199999999999,18.750733333333333,19.30502,28.727166666666665,30.451000000000004,3.479415585866551,4.296599429886585,8.788982489069634,8.139917196293306,0.0638424878140651,0.0702267365954716,0.0638424878140651,0.05971660970205239
2025,Mastung,37,0.0,23.9959,57.4386,321574.0,1700.0,0.0,3308.0,0.2,76.0,139.0,20.0,2.363375148488373,4.322488758419524,0.6219408285495718,0.0,0.1429,24.2259,26.0822,30.0471,53.9664,2.301181065633416,1.8658224856487156,4.104809468427174,2.8609278113280303,0.0,0.0,0.0476333333333333,0.02858,24.768,25.79824,47.1507,41.79812,2.1767928999235022,2.07728236735557,3.762742012724909,3.762742012724909,0.2073136095165239,0.1990210651358629,0.6219408285495718,0.5999939080864167
2025,Mastung,38,0.0,23.3402,18.6759,321574.0,1700.0,0.0,3308.0,0.2,76.0,179.0,0.0,2.363375148488373,5.566370415518668,0.0,0.0,0.0,23.9959,24.2259,57.4386,30.0471,2.363375148488373,2.301181065633416,4.322488758419524,4.104809468427174,0.6219408285495718,0.0,0.0,0.02858,23.854,24.9864,35.3872,40.04348,2.342643787536721,2.301181065633416,4.664556214121788,4.222978225851593,0.2073136095165239,0.1990210651358629,0.0,-0.0020464354077046887
2025,Mastung,39,0.0,23.9161,17.6893,321574.0,1700.0,0.0,3308.0,0.2,86.0,177.0,2.0,2.6743455627631585,5.504176332663711,0.0621940828549571,0.0,0.0,23.3402,23.9959,18.6759,57.4386,2.363375148488373,2.363375148488373,5.566370415518668,4.322488758419524,0.0,0.6219408285495718,0.0,0.02858,23.750733333333333,24.31206,31.26793333333333,35.563460000000006,2.467031953246636,2.3136198822044074,5.131011835533967,4.471754557271422,0.2280449704681763,0.1368269822809057,0.0621940828549571,0.05059427105055131
2025,Mastung,40,0.0,21.353,29.905,321574.0,1700.0,0.0,3308.0,0.2,48.0,100.0,0.0,1.492657988518972,3.109704142747859,0.0,0.0,0.0,23.9161,23.3402,17.6893,18.6759,2.6743455627631585,2.363375148488373,5.504176332663711,5.566370415518668,0.0621940828549571,0.0,0.0,0.0,22.869766666666667,23.36622,22.09006666666666,30.75118,2.1767928999235022,2.2389869827784583,4.726750296976745,4.5215098235553866,0.0207313609516523,0.1368269822809057,0.0,0.0008160447639791735
2025,Mastung,41,0.0,15.7956,20.3217,321574.0,1700.0,0.0,3308.0,0.2,77.0,119.0,0.0,2.3944721899158514,3.700547929869952,0.0,0.0,0.0,21.353,23.9161,29.905,17.6893,1.492657988518972,2.6743455627631585,3.109704142747859,5.504176332663711,0.0,0.0621940828549571,0.0,0.0,20.3549,21.68016,22.638666666666666,28.8061,2.1871585803993283,2.2576452076349454,4.104809468427174,4.440657515843943,0.0207313609516523,0.1368269822809057,0.0,0.0003615627419549794
2025,Mastung,42,0.0,18.1828,19.8205,321574.0,1700.0,0.0,3308.0,0.2,73.0,136.0,1.0,2.270084024205937,4.229197634137089,0.0310970414274785,0.0,0.0,15.7956,21.353,20.3217,29.905,2.3944721899158514,1.492657988518972,3.700547929869952,3.109704142747859,0.0,0.0,0.0,0.0,18.4438,20.51754,23.349066666666666,21.28248,2.0524047342135874,2.2389869827784583,3.6798165689183,4.421999290987456,0.0103656804758261,0.0186582248564871,0.0310970414274785,0.02758229030184503
2025,Mastung,43,0.0,17.1872,21.5166,321574.0,1700.0,0.0,3308.0,0.2,42.0,104.0,1.0,1.3060757399541008,3.234092308457773,0.0310970414274785,0.0,0.0,18.1828,15.7956,19.8205,20.3217,2.270084024205937,2.3944721899158514,4.229197634137089,3.700547929869952,0.0310970414274785,0.0,0.0,0.0,17.0552,19.28694,20.55293333333333,21.85062,1.9902106513586304,2.027527101071604,3.7212792908216046,3.9555436695752766,0.0207313609516523,0.0248776331419828,0.0310970414274785,0.026304811222030544
2024,Matiari,38,0.0,30.8862,63.6378,849383.0,25.0,2.0,1417.0,0.2,2826.0,1999.0,8.0,33.27120980758974,23.534730504377887,0.094186015025024,1.9077,3.5429,29.2635,29.1645,73.2341,76.3988,41.22992807720428,34.695773284843234,30.127751556129567,31.77600681906749,0.082412763146896,0.11773251878128,1.816866666666667,4.054259999999999,29.7714,29.72276,71.09023333333333,72.51804,36.39897038987908,30.994262894359792,28.479496293191648,26.76766547011184,0.0981104323177333,0.094186015025024,0.094186015025024,0.09509978850101078
2024,Matiari,39,0.0,32.0871,59.8298,849383.0,25.0,2.0,1417.0,0.2,2911.0,1862.0,19.0,34.271936217230625,21.921794997074347,0.2236917856844321,0.0,1.9077,30.8862,29.2635,63.6378,73.2341,33.27120980758974,41.22992807720428,23.534730504377887,30.127751556129567,0.094186015025024,0.082412763146896,0.6359000000000006,3.8456799999999993,30.7456,30.070680000000003,65.56723333333333,70.18925999999999,36.25769136734155,33.650308518065465,25.19475901919393,26.405049312265493,0.1334301879521174,0.1153778684056544,0.2236917856844321,0.223407622477382
2024,Matiari,40,0.0,31.8681,57.7962,849383.0,25.0,2.0,1417.0,0.2,2323.0,1549.0,14.0,27.34926411289136,18.23676715922028,0.164825526293792,0.0,0.0,32.0871,30.8862,59.8298,63.6378,34.271936217230625,33.27120980758974,21.921794997074347,23.534730504377887,0.2236917856844321,0.094186015025024,0.0,1.0901199999999995,31.6138,30.653880000000004,60.42126666666666,66.17934,31.63080337923724,34.163622299951854,21.231097553557504,25.11941020717392,0.1609011090010827,0.1365697217862848,0.164825526293792,0.17618814138923122
2024,Matiari,41,0.0,31.9305,37.9023,849383.0,25.0,2.0,1417.0,0.2,2867.0,1559.0,4.0,33.75391313459299,18.35449967800156,0.047093007512512,0.0,0.0,31.8681,32.0871,57.7962,59.8298,27.34926411289136,34.271936217230625,18.23676715922028,21.921794997074347,0.164825526293792,0.2236917856844321,0.0,0.3815399999999996,31.9619,31.20708,51.842766666666655,58.48004,31.791704488238324,33.97525026990179,19.504353944765395,22.43510877896073,0.1452034398302454,0.1224418195325312,0.047093007512512,0.046019905734670324
2024,Matiari,42,0.0,32.304,40.2287,849383.0,25.0,2.0,1417.0,0.2,2391.0,1484.0,11.0,28.149845240604066,17.47150578714196,0.129505770659408,0.0,0.0,31.9305,31.8681,37.9023,57.7962,33.75391313459299,27.34926411289136,18.35449967800156,18.23676715922028,0.047093007512512,0.164825526293792,0.0,0.0,32.034200000000006,31.81518,45.30906666666666,51.87895999999999,29.75100749602947,31.359233702581754,18.02092420812127,19.903859625163207,0.1138081014885707,0.1318604210350336,0.129505770659408,0.12507518079098426
2024,Matiari,43,0.0,32.0365,33.9214,849383.0,25.0,2.0,1417.0,0.2,2488.0,1411.0,9.0,29.29185067278248,16.612058400038617,0.105959266903152,0.0,0.0,32.304,31.9305,40.2287,37.9023,28.149845240604066,33.75391313459299,17.47150578714196,18.35449967800156,0.129505770659408,0.047093007512512,0.0,0.0,32.09033333333334,32.04524,37.35079999999999,45.93568,30.39853634932651,30.563361875620306,17.479354621727378,18.519325204295352,0.094186015025024,0.1342150714106592,0.105959266903152,0.0980570480777811
2024,Matiari,44,0.0,29.5398,47.1855,849383.0,25.0,2.0,1417.0,0.2,1954.0,1235.0,8.0,23.00493416986212,14.539966069488086,0.094186015025024,0.0,0.0,32.0365,32.304,33.9214,40.2287,29.29185067278248,28.149845240604066,16.612058400038617,17.47150578714196,0.105959266903152,0.129505770659408,0.0,0.0,31.293433333333336,31.535779999999995,40.44519999999999,43.40682,26.815543361082888,28.309961466146603,16.207843418889556,17.042959418778103,0.1098836841958614,0.1083139172787776,0.094186015025024,0.0967782998708242
2025,Matiari,40,0.5857,30.307,66.1033,930873.0,25.0,2.0,1417.0,0.2,3184.0,1211.0,61.0,34.20445109053544,13.009293426708046,0.6552988431289768,0.0,0.0,30.1148,29.0883,63.9783,73.1031,43.92650769761288,48.10538064805833,16.27504503836721,20.07792684931242,0.6660414471146976,0.8808935268291164,0.1952333333333339,3.1057,29.836700000000004,29.67702,67.72823333333332,69.5619,42.07877981206888,40.57481525406796,16.45408843812923,16.513530846850212,0.7340779390242637,0.7433881958118884,0.6552988431289768,0.6559896196595072
2024,Mirpurkhas,38,0.0,30.6679,64.1908,1681386.0,16.0,0.0,2925.0,0.5,7092.0,2856.0,7.0,42.1794876369852,16.985986561087103,0.0416323200026644,1.6846,3.1286,29.3673,29.2405,72.5709,76.1959,48.67412955740086,55.930048186436665,21.607174081382865,26.74579186456888,0.1308444342940883,0.0892121142914238,1.6043999999999994,3.402940000000001,29.758566666666667,29.765,70.98586666666667,72.16479999999999,48.92788846027424,43.25835947248282,21.77965083567961,21.214640778500595,0.0872296228627255,0.0892121142914238,0.0416323200026644,0.04174916984052407
2024,Mirpurkhas,39,0.0,31.7164,62.3097,1681386.0,16.0,0.0,2925.0,0.5,7230.0,3053.0,8.0,43.0002390884663,18.1576389954478,0.0475797942887593,0.0,1.6846,30.6679,29.3673,64.1908,72.5709,42.1794876369852,48.67412955740086,16.985986561087103,21.607174081382865,0.0416323200026644,0.1308444342940883,0.5615333333333328,3.2315200000000006,30.583866666666665,29.99656,66.35713333333334,70.51422,44.617952094284114,45.47676738119623,18.91693321263925,20.372478419589548,0.0733521828618374,0.0689907017187011,0.0475797942887593,0.04673052110609535
2024,Mirpurkhas,40,0.0,31.2885,60.7813,1681386.0,16.0,0.0,2925.0,0.5,4858.0,2697.0,33.0,28.89283008184914,16.04033814959801,0.1962666514411325,0.0,0.0,31.7164,30.6679,62.3097,64.1908,43.0002390884663,42.1794876369852,18.1576389954478,16.985986561087103,0.0475797942887593,0.0416323200026644,0.0,0.9626400000000008,31.224266666666665,30.45612,62.42726666666667,67.20971999999999,38.02418560243355,43.73534691022763,17.061321235377637,19.90738593041693,0.0951595885775187,0.1011070628636137,0.1962666514411325,0.18770134947960632
2024,Mirpurkhas,41,0.0,31.6521,40.0844,1681386.0,16.0,0.0,2925.0,0.5,5655.0,2746.0,8.0,33.632967087866795,16.331764389616662,0.0475797942887593,0.0,0.0,31.2885,31.7164,60.7813,62.3097,28.89283008184914,43.0002390884663,16.04033814959801,18.1576389954478,0.1962666514411325,0.0475797942887593,0.0,0.3369200000000007,31.552333333333333,30.938440000000003,54.3918,59.98742,35.175345419394084,39.27593069051366,16.843247178220825,17.824580435426487,0.097142080006217,0.0927805988630808,0.0475797942887593,0.04702842305093341
2024,Mirpurkhas,42,0.0,32.0494,42.9353,1681386.0,16.0,0.0,2925.0,0.5,4857.0,2336.0,14.0,28.886882607563045,13.893299932317744,0.0832646400053289,0.0,0.0,31.6521,31.2885,40.0844,60.7813,33.632967087866795,28.89283008184914,16.331764389616662,16.04033814959801,0.0475797942887593,0.1962666514411325,0.0,0.0,31.663333333333338,31.47486,47.933666666666674,54.0603,30.470893259092996,35.318481300546104,15.421800823844135,16.281805605613464,0.1090370285784069,0.0832646400053289,0.0832646400053289,0.08151195557489488
2024,Mirpurkhas,43,0.0,31.692,36.4316,1681386.0,16.0,0.0,2925.0,0.5,3601.0,2086.0,8.0,21.416854904227822,12.406431360794013,0.0475797942887593,0.0,0.0,32.0494,31.6521,42.9353,40.0844,28.886882607563045,33.632967087866795,13.893299932317744,16.331764389616662,0.0832646400053289,0.0475797942887593,0.0,0.0,31.797833333333333,31.67968,39.8171,48.50846,27.97890153321922,31.165954753994622,14.210498560909471,15.365894565554845,0.0594747428609492,0.0844541348625479,0.0475797942887593,0.047039453262310266
2024,Mirpurkhas,44,0.0,29.6384,42.8928,1681386.0,16.0,0.0,2925.0,0.5,2754.0,1843.0,38.0,16.37934418390542,10.961195109272946,0.2260040228716071,0.0,0.0,31.692,32.0494,36.4316,42.9353,21.416854904227822,28.886882607563045,12.406431360794013,13.893299932317744,0.0475797942887593,0.0832646400053289,0.0,0.0,31.1266,31.26408,40.75323333333333,44.62508,22.22769389856543,25.84177577308245,12.4203088007949,13.926605788319872,0.1189494857218984,0.1201389805791174,0.2260040228716071,0.21834080873761458
2025,Mirpurkhas,37,7.3714,27.561,81.0322,1820642.0,16.0,0.0,2925.0,0.5,5292.0,3582.0,124.0,29.06666988897323,19.67437859831861,0.6810784327726154,4.2857,15.1714,30.3911,30.3744,69.252,78.0299,16.944572299221925,24.661630347976157,12.00126109361423,19.46566101408185,0.6700932967601537,0.7964223609034614,8.942833333333333,5.488560000000001,29.44216666666667,30.30428,76.1047,70.50748,23.557624178723767,22.890826422767358,17.04710023533823,17.30378624682941,0.7158646968120768,0.7535803304548614,0.6810784327726154,0.6994091319366661
2025,Mirpurkhas,38,0.0143,28.8039,74.3047,1820642.0,16.0,0.0,2925.0,0.5,6278.0,3346.0,99.0,34.482341943116765,18.378132548848157,0.5437642326168461,7.3714,4.2857,27.561,30.3911,81.0322,69.252,29.06666988897323,16.944572299221925,19.67437859831861,12.00126109361423,0.6810784327726154,0.6700932967601537,3.8904666666666654,5.491420000000001,28.91866666666667,29.82846,74.86296666666668,72.84264,26.831194710437305,25.395437433608585,16.684590746927,17.052226632144045,0.6316453207165384,0.7019501911962922,0.5437642326168461,0.5718535205036693
2025,Mirpurkhas,39,0.0143,29.6438,65.9514,1820642.0,16.0,0.0,2925.0,0.5,6566.0,2999.0,114.0,36.06420152891123,16.47221145068608,0.6261527527103077,0.0143,7.3714,28.8039,27.561,74.3047,81.0322,34.482341943116765,29.06666988897323,18.378132548848157,19.67437859831861,0.5437642326168461,0.6810784327726154,2.4666666666666663,5.371420000000001,28.669566666666668,29.354840000000003,73.76276666666666,73.71404,33.204404453667074,28.243883201639857,18.174907532617613,17.198328941109782,0.616998472699923,0.6635022151526768,0.6261527527103077,0.642829678641948
2025,Mirpurkhas,40,1.8857,29.975,67.0224,1820642.0,16.0,0.0,2925.0,0.5,5970.0,2493.0,28.0,32.790630997197695,13.692972039533307,0.1537919041744615,0.0143,0.0143,29.6438,28.8039,65.9514,74.3047,36.06420152891123,34.482341943116765,16.47221145068608,18.378132548848157,0.6261527527103077,0.5437642326168461,0.6380999999999993,2.7142800000000005,29.47423333333334,29.27496,69.09283333333333,71.51254,34.44572482307523,29.86968333148417,16.181105346355846,16.043791146200075,0.4412362965005384,0.5349761238068769,0.1537919041744615,0.1369814037232341
2025,Mirpurkhas,41,0.0,27.7482,50.888,1820642.0,16.0,0.0,2925.0,0.5,6166.0,3017.0,96.0,33.867174326418926,16.571077674798232,0.5272865285981538,1.8857,0.0143,29.975,29.6438,67.0224,65.9514,32.790630997197695,36.06420152891123,13.692972039533307,16.47221145068608,0.1537919041744615,0.6261527527103077,0.6333333333333327,1.8571400000000005,29.12233333333334,28.74638,61.28726666666668,67.83973999999999,34.24066895084261,33.25420373692357,15.57875372167254,16.957754462436874,0.4357437284943077,0.5064147701744769,0.5272865285981538,0.554832866196451
2025,Mirpurkhas,42,0.0,28.5128,34.6562,1820642.0,16.0,0.0,2925.0,0.5,5117.0,2602.0,156.0,28.105470487882847,14.291661952212465,0.8568406089720001,0.0,1.8857,27.7482,29.975,50.888,67.0224,33.867174326418926,32.790630997197695,16.571077674798232,13.692972039533307,0.5272865285981538,0.1537919041744615,0.628566666666666,0.3828600000000003,28.74533333333334,28.93674,50.85553333333334,58.56454,31.58775860383316,33.061963856705496,14.851903888848002,15.881211133215649,0.5126396805815384,0.5415672054143539,0.8568406089720001,0.8621856775662324
2025,Mirpurkhas,43,0.0,28.9304,31.2484,1820642.0,16.0,0.0,2925.0,0.5,4794.0,2365.0,155.0,26.331371021870307,12.98992333473577,0.8513480409657692,0.0,0.0,28.5128,27.7482,34.6562,50.888,28.105470487882847,33.867174326418926,14.291661952212465,16.571077674798232,0.8568406089720001,0.5272865285981538,0.0,0.3800000000000003,28.39713333333334,28.962039999999995,38.93086666666667,49.95328,29.434671945390694,31.431769672456205,14.617554320582157,14.803569290393169,0.7451583928453077,0.6030839670841385,0.8513480409657692,0.8531658261114058
2024,Mohmand,37,3.5154,26.0753,68.6732,553933.0,600.0,0.0,2296.0,0.2,312.0,182.0,13.0,5.632450133860954,3.28559591141889,0.2346854222442064,7.4143,4.4,25.5451,26.3287,76.4775,73.8359,6.715613621141907,6.137926427925398,3.123121388326747,3.141174113114763,0.1805272478801587,0.144421798304127,5.1099000000000006,5.00308,25.98303333333333,26.32248,72.99553333333333,74.12958,6.1619967276427525,5.502470515387239,3.1832971376201336,3.357806810570953,0.1865448228094974,0.1480323432617302,0.2346854222442064,0.22516610807386075
2024,Mohmand,38,0.0,27.5096,49.7752,553933.0,600.0,0.0,2296.0,0.2,425.0,129.0,4.0,7.672408034906749,2.3288014976540485,0.0722108991520635,3.5154,7.4143,26.0753,25.5451,68.6732,76.4775,5.632450133860954,6.715613621141907,3.28559591141889,3.123121388326747,0.2346854222442064,0.1805272478801587,3.643233333333333,3.66308,26.376666666666665,26.4561,64.9753,68.26285999999999,6.673490596636537,6.18486351237424,2.912506265799895,3.2133850122668264,0.1624745230921429,0.1335901634313175,0.0722108991520635,0.07387296970634777
2024,Mohmand,39,4.6286,26.6254,62.8239,553933.0,600.0,0.0,2296.0,0.2,496.0,134.0,4.0,8.954151494855877,2.419065121594128,0.0722108991520635,0.0,3.5154,27.5096,26.0753,49.7752,68.6732,7.672408034906749,5.632450133860954,2.3288014976540485,3.28559591141889,0.0722108991520635,0.2346854222442064,2.7146666666666674,3.99166,26.736766666666664,26.41682,60.4241,66.31714000000001,7.419669887874527,7.022509942538177,2.6778208435556894,2.8595516064217152,0.1263690735161111,0.1408112533465238,0.0722108991520635,0.07182196212863387
2024,Mohmand,40,2.2375,25.5244,49.8792,553933.0,600.0,0.0,2296.0,0.2,411.0,128.0,13.0,7.419669887874527,2.3107487728660328,0.2346854222442064,4.6286,0.0,26.6254,27.5096,62.8239,49.7752,8.954151494855877,7.672408034906749,2.419065121594128,2.3288014976540485,0.0722108991520635,0.0722108991520635,2.2887000000000004,3.55916,26.55313333333333,26.25596,54.15943333333333,61.5258,8.01540980587905,7.278858634528002,2.3528717973714035,2.693466538371969,0.1263690735161111,0.1588639781345397,0.2346854222442064,0.21678873929549933
2024,Mohmand,41,0.7429,23.1394,45.5127,553933.0,600.0,0.0,2296.0,0.2,417.0,132.0,3.0,7.527986236602621,2.382959672018096,0.0541581743640476,2.2375,4.6286,25.5244,26.6254,49.8792,62.8239,7.419669887874527,8.954151494855877,2.3107487728660328,2.419065121594128,0.2346854222442064,0.0722108991520635,2.5363333333333338,2.22488,25.0964,25.77482,52.7386,55.33284,7.9672692064443424,7.441333157620146,2.370924522159419,2.5454341951102397,0.1203514985867725,0.1335901634313175,0.0541581743640476,0.05620376341858424
2024,Mohmand,42,0.0714,24.0436,42.1304,553933.0,600.0,0.0,2296.0,0.2,282.0,121.0,14.0,5.090868390220478,2.1843796993499214,0.2527381470322223,0.7429,2.2375,23.1394,25.5244,45.5127,49.8792,7.527986236602621,7.419669887874527,2.382959672018096,2.3107487728660328,0.0541581743640476,0.2346854222442064,1.0172666666666668,1.5360799999999997,24.2358,25.36848,45.84076666666667,50.02428,6.679508171565876,7.33301680889205,2.292696048078017,2.325190952696445,0.1805272478801588,0.1372007083889206,0.2527381470322223,0.2684102022712335
2024,Mohmand,43,0.0857,22.7361,48.041,553933.0,600.0,0.0,2296.0,0.2,319.0,134.0,7.0,5.758819207377066,2.419065121594128,0.1263690735161111,0.0714,0.7429,24.0436,23.1394,42.1304,45.5127,5.090868390220478,7.527986236602621,2.1843796993499214,2.382959672018096,0.2527381470322223,0.0541581743640476,0.3000000000000003,1.5532199999999998,23.306366666666666,24.41378,45.228033333333336,49.67744,6.125891278066722,6.950299043386113,2.3288014976540485,2.343243677484461,0.144421798304127,0.1480323432617302,0.1263690735161111,0.12600888464463378
2024,Mohmand,44,0.0,21.1808,57.9369,553933.0,600.0,0.0,2296.0,0.2,290.0,120.0,1.0,5.235290188524605,2.1663269745619056,0.0180527247880158,0.0857,0.0714,22.7361,24.0436,48.041,42.1304,5.758819207377066,5.090868390220478,2.419065121594128,2.1843796993499214,0.1263690735161111,0.2527381470322223,0.0523666666666669,0.6275,22.653500000000005,23.32486,49.369433333333326,48.70004,5.361659262040715,6.206526782119859,2.2565905985019854,2.2926960480780165,0.1323866484454498,0.1372007083889206,0.0180527247880158,0.02160574006944113
2025,Mohmand,37,0.9286,27.2358,69.9752,563359.0,600.0,0.0,2296.0,0.2,67.0,163.0,7.0,1.1892949256158152,2.893359296647431,0.1242546937210553,4.7143,7.6857,25.654,26.2543,74.9762,76.0212,5.0056890899053705,6.301488038710662,2.6981019208000583,3.816394164289556,0.8165308444526492,0.1065040231894759,4.442866666666666,7.385720000000001,26.38136666666667,26.7847,73.65753333333333,75.15812,4.165490684743949,4.842382921014841,3.135951793912348,3.5465839722095502,0.3490965204543935,0.2485093874421106,0.1242546937210553,0.12569208178693386
2025,Mohmand,38,5.8857,26.0849,65.9642,563359.0,600.0,0.0,2296.0,0.2,374.0,161.0,6.0,6.638750778810669,2.857857955584272,0.1065040231894759,0.9286,4.7143,27.2358,25.654,69.9752,74.9762,1.1892949256158152,5.0056890899053705,2.893359296647431,2.6981019208000583,0.1242546937210553,0.8165308444526492,3.842866666666667,7.314279999999999,26.324900000000003,26.440520000000003,70.3052,73.67112,4.277911598110618,4.916935737247473,2.8164397243439208,3.2696735119169125,0.3490965204543935,0.2485093874421106,0.1065040231894759,0.09780121433863023
2025,Mohmand,39,0.9714,26.4165,54.5215,563359.0,600.0,0.0,2296.0,0.2,391.0,132.0,5.0,6.940512177847518,2.343088510168472,0.0887533526578966,5.8857,0.9286,26.0849,27.2358,65.9642,69.9752,6.638750778810669,1.1892949256158152,2.857857955584272,2.893359296647431,0.1065040231894759,0.1242546937210553,2.5952333333333333,4.03714,26.579066666666677,26.3291,63.48696666666667,68.29166000000001,4.922852627424668,5.215147002178007,2.6981019208000583,2.921760369497958,0.1065040231894759,0.2485093874421106,0.0887533526578966,0.08994883315466995
2025,Mohmand,40,4.2571,24.0269,56.6419,563359.0,600.0,0.0,2296.0,0.2,296.0,117.0,1.0,5.254198477347481,2.076828452194781,0.0177506705315793,0.9714,5.8857,26.4165,26.0849,54.5215,65.9642,6.940512177847518,6.638750778810669,2.343088510168472,2.857857955584272,0.0887533526578966,0.1065040231894759,3.704733333333333,3.35142,25.50943333333333,25.88362,59.04253333333333,64.4158,6.27782047800189,5.005689089905371,2.425924972649176,2.5738472270790025,0.0710026821263173,0.2307587169105313,0.0177506705315793,0.02277217236893858
2025,Mohmand,41,1.7143,19.9584,53.763,563359.0,600.0,0.0,2296.0,0.2,289.0,96.0,4.0,5.129943783626427,1.7040643710316157,0.0710026821263173,4.2571,0.9714,24.0269,26.4165,56.6419,54.5215,5.254198477347481,6.940512177847518,2.076828452194781,2.343088510168472,0.0177506705315793,0.0887533526578966,2.3142666666666667,2.7514200000000004,23.46726666666667,24.7445,54.97546666666667,60.17316000000001,5.774884812940475,5.030540028649583,2.041327111131624,2.3750397171253144,0.0591689017719311,0.0816530844452649,0.0710026821263173,0.0647293880563086
2025,Mohmand,42,0.0,22.7448,52.9454,563359.0,600.0,0.0,2296.0,0.2,285.0,123.0,9.0,5.05894110150011,2.183332475384258,0.159756034784214,1.7143,4.2571,19.9584,24.0269,53.763,56.6419,5.129943783626427,5.254198477347481,1.7040643710316157,2.076828452194781,0.0710026821263173,0.0177506705315793,1.9904666666666664,2.5657,22.24336666666667,23.846300000000003,54.4501,56.7672,5.147694454158006,5.804469263826441,1.988075099536885,2.23303435287268,0.0828364624807035,0.0887533526578966,0.159756034784214,0.1470734847682274
2025,MusaKhel,37,0.2571,25.2493,61.2327,201891.0,621.2798240791644,0.6690489279824079,6292.451621770203,0.3392935678944475,274.0,129.0,27.0,13.571679767795494,6.389586460020506,1.3373553055856873,0.6571,2.8143,24.812,25.8326,64.4239,68.0501,8.024131833514124,7.479283375682918,4.358787662649648,2.427052221248099,0.0,0.0,1.2428333333333332,2.2057,25.297966666666667,25.477120000000003,64.5689,64.2547,9.69169832566418,7.528815053667573,4.391808781306085,3.704969513252201,0.4457851018618958,0.525035786637344,1.3373553055856873,1.3066755955886373
2025,MusaKhel,38,0.0,26.0966,49.7795,201891.0,621.2798240791644,0.6690489279824079,6292.451621770203,0.3392935678944475,306.0,149.0,3.0,15.156693463304457,7.380220019713607,0.1485950339539652,0.2571,0.6571,25.2493,24.812,61.2327,64.4239,13.571679767795494,8.024131833514124,6.389586460020506,4.358787662649648,1.3373553055856873,0.0,0.3047333333333333,1.39428,25.385966666666665,25.54462,58.4787,61.82392,12.250835021538023,8.994952722013362,6.04286471412792,4.646071394960647,0.4953167798465508,0.4259724306680337,0.1485950339539652,0.14137904852236038
2025,MusaKhel,40,0.1143,24.365,42.9771,201891.0,621.2798240791644,0.6690489279824079,6292.451621770203,0.3392935678944475,239.0,139.0,1.0,11.838071038332563,6.884903239867056,0.049531677984655,0.0,0.2571,26.0966,25.2493,49.7795,61.2327,15.156693463304457,13.571679767795494,7.380220019713607,6.389586460020506,0.1485950339539652,1.3373553055856873,0.1238,0.76856,25.23696666666667,25.2711,51.32976666666666,57.29266,13.52214808981084,11.21397189572591,6.884903239867057,5.488109920699783,0.5118273391747692,0.3070964035048615,0.049531677984655,0.06245089365476306
2025,MusaKhel,42,0.0,20.2722,37.8436,201891.0,621.2798240791644,0.6690489279824079,6292.451621770203,0.3392935678944475,158.0,68.0,1.0,7.826005121575504,3.3681541029565456,0.049531677984655,0.1143,0.0,24.365,26.0966,42.9771,49.7795,11.838071038332563,15.156693463304457,6.884903239867056,7.380220019713607,0.049531677984655,0.1485950339539652,0.0381,0.2057,23.57793333333333,24.15902,43.5334,51.25136,11.606923207737507,11.283316244904428,5.877759120845737,5.676330297041472,0.0825527966410918,0.3170027391017925,0.049531677984655,0.058010371673888506
2025,MusaKhel,43,0.0,19.0641,44.1594,201891.0,621.2798240791644,0.6690489279824079,6292.451621770203,0.3392935678944475,142.0,61.0,0.0,7.033498273821022,3.02143235706396,0.0,0.0,0.1143,20.2722,24.365,37.8436,42.9771,7.826005121575504,11.838071038332563,3.3681541029565456,6.884903239867056,0.049531677984655,0.049531677984655,0.0381,0.07428,21.233766666666668,23.00944,41.66003333333333,47.19846,8.899191477909696,11.085189532965808,4.424829899962521,5.408859235924335,0.0330211186564367,0.3170027391017925,0.0,0.006266384537760211
2024,Musakhel,37,0.0,0.0,0.0,196756.0,1200.0,0.0,5728.0,0.2,266.0,44.0,2.0,13.51928276647218,2.2362723373111875,0.1016487426050539,0.0,0.0,0.0,0.0,0.0,0.0,0.3557705991176889,1.6772042529833906,0.9148386834454856,0.4065949704202159,0.0,0.0,0.0,0.0,0.0,0.0,0.0,0.0,5.184085872857753,4.0354550814206425,1.185901997058963,2.124458720445628,0.0338829142016846,0.1321433653865701,0.1016487426050539,0.09989136132061843
2024,Musakhel,38,0.0,0.0,0.0,196756.0,1200.0,0.0,5728.0,0.2,220.0,59.0,24.0,11.181361686555936,2.9986379068490923,1.2197849112606478,0.0,0.0,0.0,0.0,0.0,0.0,13.51928276647218,0.3557705991176889,2.2362723373111875,0.9148386834454856,0.1016487426050539,0.0,0.0,0.0,0.0,0.0,0.0,0.0,8.352138350715267,5.438207729370387,2.049916309201922,2.490394193823822,0.4404778846219006,0.2947813535546565,1.2197849112606478,1.223019362463215
2024,Musakhel,39,0.0,0.0,0.0,196756.0,1200.0,0.0,5728.0,0.2,77.0,252.0,4.0,3.913476590294578,12.8077415682368,0.2032974852101079,0.0,0.0,0.0,0.0,0.0,0.0,11.181361686555936,13.51928276647218,2.9986379068490923,2.2362723373111875,1.2197849112606478,0.1016487426050539,0.0,0.0,0.0,0.0,0.0,0.0,9.53804034777423,6.1294191790847545,6.014217270799026,3.872817093252556,0.5082437130252699,0.3049462278151619,0.2032974852101079,0.19941585476694101
2024,Musakhel,40,0.0,0.0,0.0,196756.0,1200.0,0.0,5728.0,0.2,48.0,56.0,13.0,2.439569822521296,2.8461647929415115,0.6607168269328508,0.0,0.0,0.0,0.0,0.0,0.0,3.913476590294578,11.181361686555936,12.8077415682368,2.9986379068490923,0.2032974852101079,1.2197849112606478,0.0,0.0,0.0,0.0,0.0,0.0,5.844802699790603,6.281892292992336,6.217514756009134,4.360731057756816,0.6945997411345356,0.4370895932017321,0.6607168269328508,0.6743778429058789
2024,Musakhel,41,0.0,0.0,0.0,196756.0,1200.0,0.0,5728.0,0.2,71.0,257.0,13.0,3.608530362479416,13.061863424749436,0.6607168269328508,0.0,0.0,0.0,0.0,0.0,0.0,2.439569822521296,3.913476590294578,2.8461647929415115,12.8077415682368,0.6607168269328508,0.2032974852101079,0.0,0.0,0.0,0.0,0.0,0.0,3.320525591765097,6.932444245664681,9.571923261975916,6.790136006017606,0.5082437130252698,0.5692329585883023,0.6607168269328508,0.6807226340967956
2024,Musakhel,42,0.0,0.0,0.0,196756.0,1200.0,0.0,5728.0,0.2,49.0,219.0,18.0,2.490394193823822,11.130537315253411,0.9148386834454856,0.0,0.0,0.0,0.0,0.0,0.0,3.608530362479416,2.439569822521296,13.061863424749436,2.8461647929415115,0.6607168269328508,0.6607168269328508,0.0,0.0,0.0,0.0,0.0,0.0,2.8461647929415115,4.72666653113501,9.01285517764812,8.56898900160605,0.7454241124370625,0.7318709467563886,0.9148386834454856,0.9142457463168556
2024,Musakhel,43,0.0,0.0,0.0,196756.0,1200.0,0.0,5728.0,0.2,143.0,295.0,3.0,7.267885096261359,14.99318953424546,0.1524731139075809,0.0,0.0,0.0,0.0,0.0,0.0,2.490394193823822,3.608530362479416,11.130537315253411,13.061863424749436,0.9148386834454856,0.6607168269328508,0.0,0.0,0.0,0.0,0.0,0.0,4.455603217521532,3.943971213076094,13.061863424749438,10.967899327085323,0.5760095414286391,0.5184085872857752,0.1524731139075809,0.1505395361518695
2024,Musakhel,44,0.0,0.0,0.0,196756.0,1200.0,0.0,5728.0,0.2,99.0,38.0,1.0,5.031612758950171,1.9313261094960257,0.0508243713025269,0.0,0.0,0.0,0.0,0.0,0.0,7.267885096261359,2.490394193823822,14.99318953424546,11.130537315253411,0.1524731139075809,0.9148386834454856,0.0,0.0,0.0,0.0,0.0,0.0,4.929964016345118,4.167598446807213,9.351684319664969,8.792616235337167,0.3727120562185312,0.487913964504259,0.0508243713025269,0.06501928108333474
2024,Naseerabad,37,0.3923,30.9827,71.0468,563315.0,621.2798240791644,0.6690489279824079,6292.451621770203,0.3392935678944475,167.0,334.0,5.0,2.9645935222743933,5.929187044548787,0.0887602850980357,0.7286,15.9333,30.7768,29.8892,74.4758,76.7998,0.0532561710588214,3.230874377568501,8.361218856234967,4.846311566352751,0.0177520570196071,0.4260493684705715,5.684733333333333,8.1337,30.549566666666664,30.75756,74.10746666666667,74.78672,2.0829080236339057,1.7574536449411078,6.378905822378834,5.254608877803715,0.1775205701960714,0.3621419631999857,0.0887602850980357,0.08334150915773916
2024,Naseerabad,38,0.0,31.5364,64.2905,563315.0,621.2798240791644,0.6690489279824079,6292.451621770203,0.3392935678944475,296.0,295.0,0.0,5.254608877803715,5.236856820784109,0.0,0.3923,0.7286,30.9827,30.7768,71.0468,74.4758,2.9645935222743933,0.0532561710588214,5.929187044548787,8.361218856234967,0.0887602850980357,0.0177520570196071,0.3736333333333333,5.11656,31.098633333333336,30.69406,69.9377,73.44346,2.757486190378977,2.3006665897410863,6.509087573855953,5.407276568172337,0.0355041140392142,0.1846213930039143,0.0,0.00735370723010037
2024,Naseerabad,39,0.0286,32.4956,59.3086,563315.0,621.2798240791644,0.6690489279824079,6292.451621770203,0.3392935678944475,303.0,328.0,19.0,5.378873276940966,5.8226747024311445,0.3372890833725357,0.0,0.3923,31.5364,30.9827,64.2905,71.0468,5.254608877803715,2.9645935222743933,5.236856820784109,5.929187044548787,0.0,0.0887602850980357,0.1403,3.41656,31.671566666666667,31.13614,64.88196666666667,69.18430000000001,4.532691892339692,3.37644124512928,5.66290618925468,6.039249798070351,0.1420164561568571,0.17397015879215,0.3372890833725357,0.3336030528189633
2024,Naseerabad,40,0.0875,32.0473,54.5488,563315.0,621.2798240791644,0.6690489279824079,6292.451621770203,0.3392935678944475,33.0,336.0,6.0,0.5858178816470359,5.964691158588002,0.1065123421176428,0.0286,0.0,32.4956,31.5364,59.3086,64.2905,5.378873276940966,5.254608877803715,5.8226747024311445,5.236856820784109,0.3372890833725357,0.0,0.0387,0.2474,32.02643333333334,31.567760000000003,59.38263333333333,64.7341,3.73976667879724,2.8474299459449868,5.674740893934417,6.262925716517402,0.1479338084967262,0.1100627535215643,0.1065123421176428,0.10112040104363798
2024,Naseerabad,41,0.1,30.2971,45.8101,563315.0,621.2798240791644,0.6690489279824079,6292.451621770203,0.3392935678944475,11.0,488.0,1.0,0.1952726272156786,8.663003825568287,0.0177520570196071,0.0875,0.0286,32.0473,32.4956,54.5488,59.3086,0.5858178816470359,5.378873276940966,5.964691158588002,5.8226747024311445,0.1065123421176428,0.3372890833725357,0.0720333333333333,0.1216799999999999,31.613333333333333,31.47182,53.2225,59.00096,2.0533212619345607,2.8758332371763577,6.816789895529144,6.323282710384065,0.1538511608365952,0.1100627535215643,0.0177520570196071,0.02298444278551351
2024,Naseerabad,42,0.0,29.5179,46.1759,563315.0,621.2798240791644,0.6690489279824079,6292.451621770203,0.3392935678944475,59.0,453.0,13.0,1.0473713641568216,8.041681829882037,0.2307767412548929,0.1,0.0875,30.2971,32.0473,45.8101,54.5488,0.1952726272156786,0.5858178816470359,8.663003825568287,5.964691158588002,0.0177520570196071,0.1065123421176428,0.0625,0.04322,30.62076666666667,31.178860000000004,48.84493333333333,54.02678,0.6094872910065127,2.492388805552844,7.556458938012775,6.745781667450716,0.1183470467973809,0.1384660447529357,0.2307767412548929,0.21233001461597667
2024,Naseerabad,43,0.0,29.9986,38.3708,563315.0,621.2798240791644,0.6690489279824079,6292.451621770203,0.3392935678944475,427.0,30.0,89.0,7.580128347372252,0.5325617105882143,1.5799330747450362,0.0,0.1,29.5179,30.2971,46.1759,45.8101,1.0473713641568216,0.1952726272156786,8.041681829882037,8.663003825568287,0.2307767412548929,0.0177520570196071,0.0333333333333333,0.04322,29.937866666666668,30.8713,43.45226666666667,48.84284,2.9409241129149177,2.957492699466551,5.745749122012846,5.804922645411537,0.609487291006512,0.454452659701943,1.5799330747450362,1.4491483149305306
2024,Naseerabad,44,0.0,28.6265,46.4646,563315.0,621.2798240791644,0.6690489279824079,6292.451621770203,0.3392935678944475,202.0,37.0,0.0,3.585915517960644,0.6568261097254644,0.0,0.0,0.0,29.9986,29.5179,38.3708,46.1759,7.580128347372252,1.0473713641568216,0.5325617105882143,8.041681829882037,1.5799330747450362,0.2307767412548929,0.0,0.0375,29.381,30.09748,43.670433333333335,46.27404,4.071138409829906,2.598901147670486,3.0770232167319054,4.771752926870401,0.603569938666643,0.3869948430274358,0.0,0.012546843279522574
2025,Naseerabad,37,5.1429,29.3757,75.1884,592374.0,621.2798240791644,0.6690489279824079,6292.451621770203,0.3392935678944475,109.0,337.0,52.0,1.840053749826968,5.688973520107229,0.8778238072569019,0.0286,3.0286,33.8953,33.6274,54.712,61.4196,1.8738162039522328,1.9751035663280292,4.38911903628451,5.655211065981964,1.7725288415764364,1.8738162039522328,2.7333666666666665,1.70288,32.29946666666667,33.361900000000006,63.77333333333333,58.13969999999999,1.8963245067024108,1.870439958539707,5.244434540791235,5.088001836677504,1.5080562842618568,1.4078943370235697,0.8778238072569019,1.0832959647144633
2025,Naseerabad,38,0.0,33.1096,56.4138,592374.0,621.2798240791644,0.6690489279824079,6292.451621770203,0.3392935678944475,130.0,368.0,57.0,2.194559518142255,6.212291559048844,0.9622299425700654,5.1429,0.0286,29.3757,33.8953,75.1884,54.712,1.840053749826968,1.8738162039522328,5.688973520107229,4.38911903628451,0.8778238072569019,1.7725288415764364,1.723833333333333,1.70288,32.126866666666665,33.0209,62.104733333333336,59.44272,1.9694764906404856,1.985232302565609,5.430128038480194,5.540418721956062,1.2041941971344678,1.4011418461985166,0.9622299425700654,1.1035150065438575
2025,Naseerabad,39,0.0,33.592,47.5181,592374.0,621.2798240791644,0.6690489279824079,6292.451621770203,0.3392935678944475,154.0,334.0,60.0,2.5997089676454403,5.638329838919331,1.0128736237579636,0.0,5.1429,33.1096,29.3757,56.4138,75.1884,2.194559518142255,1.840053749826968,6.212291559048844,5.688973520107229,0.9622299425700654,0.8778238072569019,1.7143,1.6400200000000005,32.02576666666667,32.72,59.70676666666666,59.05038,2.211440745204888,2.096648401178985,5.846531639358468,5.516785004068376,0.9509757911949772,1.29985448382272,1.0128736237579636,1.1501728126882176
2025,Naseerabad,40,0.0143,33.764,42.5086,592374.0,621.2798240791644,0.6690489279824079,6292.451621770203,0.3392935678944475,122.0,279.0,94.0,2.059509701641193,4.709862350474531,1.5868353438874765,0.0,0.0,33.592,33.1096,47.5181,56.4138,2.5997089676454403,2.194559518142255,5.638329838919331,6.212291559048844,1.0128736237579636,0.9622299425700654,0.0047666666666666,1.03716,33.488533333333336,32.74732,48.8135,55.26818,2.2845927291429637,2.113529628241618,5.520161249480903,5.3277152609668885,1.187312970071835,1.2424583118097687,1.5868353438874765,1.5710081438816796
2025,Naseerabad,41,0.0,28.912,39.3751,592374.0,621.2798240791644,0.6690489279824079,6292.451621770203,0.3392935678944475,154.0,312.0,100.0,2.5997089676454403,5.266942843541411,1.6881227062632729,0.0143,0.0,33.764,33.592,42.5086,47.5181,2.059509701641193,2.5997089676454403,4.709862350474531,5.638329838919331,1.5868353438874765,1.0128736237579636,0.0047666666666666,1.03144,32.089333333333336,31.750659999999996,43.13393333333333,52.2008,2.4196425456440256,2.25870818098026,5.2050450109784245,5.503280022418269,1.4292772246362375,1.225577084747136,1.6881227062632729,1.6928773095561593
2025,Naseerabad,42,0.0,29.4337,28.9064,592374.0,621.2798240791644,0.6690489279824079,6292.451621770203,0.3392935678944475,157.0,326.0,80.0,2.6503526488333384,5.503280022418269,1.3504981650106185,0.0,0.0143,28.912,33.764,39.3751,42.5086,2.5997089676454403,2.059509701641193,5.266942843541411,4.709862350474531,1.6881227062632729,1.5868353438874765,0.0047666666666666,0.00286,30.703233333333333,31.76226,36.93003333333333,42.9444,2.436523772706658,2.4207679607815336,5.16002840547807,5.466141322880477,1.5418187383871225,1.3201119562978794,1.3504981650106185,1.4594847689333146
2025,Naseerabad,43,0.0,28.67,33.3553,592374.0,621.2798240791644,0.6690489279824079,6292.451621770203,0.3392935678944475,159.0,324.0,39.0,2.684115102958604,5.469517568293004,0.6583678554426764,0.0,0.0,29.4337,28.912,28.9064,39.3751,2.6503526488333384,2.5997089676454403,5.503280022418269,5.266942843541411,1.3504981650106185,1.6881227062632729,0.0,0.00286,29.005233333333337,30.87434,33.878933333333336,38.3327,2.644725573145795,2.518679077744804,5.413246811417562,5.317586524729309,1.2323295755721893,1.2593395388724016,0.6583678554426764,0.8693598370157674
2024,Naushero Feroze,37,0.0462,30.2172,72.4486,1777082.0,38.0,2.0,2945.0,0.2,3852.0,2289.0,208.0,21.67598343801805,12.880666170722566,1.1704580880342044,0.0857,16.6556,30.0316,29.0834,76.1635,80.5919,21.782900282598103,16.707163766219004,12.948192598878387,10.843618921355343,0.8271987449087888,0.65838267451924,5.595833333333334,11.2832,29.7774,30.06402,76.40133333333334,76.95334,20.055349162278382,16.75780858733587,12.224159230318769,10.741203838652352,0.885346502487411,0.7844320070767696,1.1704580880342044,1.0602478612289545
2024,Naushero Feroze,38,0.0,30.9165,64.0628,1777082.0,38.0,2.0,2945.0,0.2,3484.0,1918.0,110.0,19.605172974572923,10.792974100238482,0.6189922580950119,0.0462,0.0857,30.2172,30.0316,72.4486,76.1635,21.67598343801805,21.782900282598103,12.880666170722566,12.948192598878387,1.1704580880342044,0.8271987449087888,0.0439666666666666,7.248920000000001,30.38843333333333,30.0182,70.89163333333333,74.87433999999999,21.021352231729693,18.492112350471167,12.207277623279811,11.42884796537245,0.872216363679335,0.7979372927079336,0.6189922580950119,0.6783127369408164
2024,Naushero Feroze,39,0.0,32.3162,60.7775,1777082.0,38.0,2.0,2945.0,0.2,4590.0,2026.0,171.0,25.828858769600952,11.400711953640856,0.9622516012204276,0.0,0.0462,30.9165,30.2172,64.0628,72.4486,19.605172974572923,21.67598343801805,10.792974100238482,12.880666170722566,0.6189922580950119,1.1704580880342044,0.0153999999999999,3.3575000000000004,31.149966666666668,30.51298,65.76296666666666,70.80886000000001,22.370005060730644,21.12001584620181,11.69145074153397,11.773232748967128,0.9172339824498812,0.8474566733555345,0.9622516012204276,0.9259834027278552
2024,Naushero Feroze,40,0.0,31.0826,61.3046,1777082.0,38.0,2.0,2945.0,0.2,2975.0,1832.0,116.0,16.740926980296916,10.309034698455108,0.6527554721729216,0.0,0.0,32.3162,30.9165,60.7775,64.0628,25.828858769600952,19.605172974572923,11.400711953640856,10.792974100238482,0.9622516012204276,0.6189922580950119,0.0,0.0263799999999999,31.43843333333333,30.91282,62.048300000000005,66.9514,20.724986241490264,21.12676848901739,10.834240250778146,11.66631590438708,0.7446664438294537,0.8463312328862708,0.6527554721729216,0.6965352032358771
2024,Naushero Feroze,41,0.0,28.9456,55.0485,1777082.0,38.0,2.0,2945.0,0.2,3682.0,1583.0,141.0,20.719359039143946,8.907861314221854,0.7934355308308789,0.0,0.0,31.0826,32.3162,61.3046,60.7775,16.740926980296916,25.828858769600952,10.309034698455108,11.400711953640856,0.6527554721729216,0.9622516012204276,0.0,0.00924,30.781466666666663,30.69562,59.043533333333336,62.7284,21.09638159634727,20.91406024032656,10.205869322105938,10.858249647455771,0.802814201408076,0.8395785900706889,0.7934355308308789,0.8211699737324064
2024,Naushero Feroze,42,0.0,28.8745,53.8362,1777082.0,38.0,2.0,2945.0,0.2,2748.0,1497.0,114.0,15.463552047682663,8.42392191243848,0.6415010674802851,0.0,0.0,28.9456,31.0826,55.0485,61.3046,20.719359039143946,16.740926980296916,8.907861314221854,10.309034698455108,0.7934355308308789,0.6527554721729216,0.0,0.0,29.63423333333333,30.42708,56.72976666666667,59.00592,17.64127935570784,19.67157396225948,9.21360597503848,9.966900795798956,0.6958973568280286,0.733787185959905,0.6415010674802851,0.6376845226428902
2024,Naushero Feroze,43,0.0,29.1605,45.2352,1777082.0,38.0,2.0,2945.0,0.2,2808.0,1413.0,106.0,15.80118418846176,7.951236915347744,0.5964834487097388,0.0,0.0,28.8745,28.9456,53.8362,55.0485,15.463552047682663,20.719359039143946,8.42392191243848,8.907861314221854,0.6415010674802851,0.7934355308308789,0.0,0.0,28.99353333333333,30.07588,51.3733,55.2404,17.328031758429457,18.910776205037248,8.42767338066936,9.39855335882081,0.6771400156736344,0.7292854240828504,0.5964834487097388,0.6150930456101356
2024,Naushero Feroze,44,0.0,28.2429,51.6823,1777082.0,38.0,2.0,2945.0,0.2,2536.0,1238.0,85.0,14.270585150263184,6.966476504742044,0.4783121994370547,0.0,0.0,29.1605,28.8745,45.2352,53.8362,15.80118418846176,15.463552047682663,7.951236915347744,8.42392191243848,0.5964834487097388,0.6415010674802851,0.0,0.0,28.7593,29.26122,50.251233333333325,53.42135999999999,15.178440462135868,16.599121481169693,7.780545110842756,8.511706269041046,0.5720989052090263,0.6324975437261758,0.4783121994370547,0.5111743083708472
2025,Naushero Feroze,37,14.3143,28.1292,79.5362,1948788.0,38.0,2.0,2945.0,0.2,1888.0,1420.0,185.0,9.688072791909638,7.28658017188119,0.9493079801394508,0.2,4.9429,33.6423,32.384,53.2212,66.9103,9.990825066656814,10.745140056281135,7.722748703296613,8.04089516150551,1.159695154116302,1.30850559424627,6.485733333333333,3.91144,31.385166666666667,32.45476000000001,66.5559,60.80096,10.141345971615864,10.782086096589264,7.683408012227772,7.913636578221951,1.139169576167341,1.231534676937666,0.9493079801394508,1.0217631220389327
2025,Naushero Feroze,38,0.0,29.9935,72.0366,1948788.0,38.0,2.0,2945.0,0.2,1832.0,1255.0,247.0,9.400714700624183,6.439900081486545,1.267454438348348,14.3143,0.2,28.1292,33.6423,79.5362,53.2212,9.688072791909638,9.990825066656814,7.28658017188119,7.722748703296613,0.9493079801394508,1.159695154116302,4.8381,3.91144,30.58833333333333,31.68088,68.26466666666666,64.74954,9.693204186396878,10.282288273532064,7.149742985554783,7.416917591857093,1.1254858575347002,1.185352126552503,1.267454438348348,1.1946475859292338
2025,Naushero Feroze,39,0.0,31.0548,59.9504,1948788.0,38.0,2.0,2945.0,0.2,1773.0,1431.0,184.0,9.097962425877006,7.343025511240833,0.9441765856522104,0.0,14.3143,29.9935,28.1292,72.0366,79.5362,9.400714700624183,9.688072791909638,6.439900081486545,7.28658017188119,1.267454438348348,0.9493079801394508,4.771433333333333,3.8914399999999993,29.725833333333338,31.04076,70.50773333333332,66.33094,9.395583306136942,9.784543008269756,7.023168588202856,7.366629925882139,1.0536463347133365,1.1258279505005162,0.9441765856522104,1.0479292351573877
2025,Naushero Feroze,40,0.0429,32.017,55.5074,1948788.0,38.0,2.0,2945.0,0.2,2074.0,1335.0,21.0,10.64251216653633,6.850411640465766,0.1077592842320457,0.0,0.0,31.0548,29.9935,59.9504,72.0366,9.097962425877006,9.400714700624183,7.343025511240833,6.439900081486545,0.9441765856522104,1.267454438348348,0.0143000000000005,2.91144,31.021766666666668,30.967360000000003,62.498133333333335,64.05036,9.71372976434584,9.764017430320797,6.877779077731048,7.128533221674189,0.7731301027442016,0.8856786884976714,0.1077592842320457,0.1294762228151934
2025,Naushero Feroze,41,0.0,27.756,46.1347,1948788.0,38.0,2.0,2945.0,0.2,2434.0,1526.0,219.0,12.489814181942828,7.830507987528659,1.1237753927056202,0.0429,0.0,32.017,31.0548,55.5074,59.9504,10.64251216653633,9.097962425877006,6.850411640465766,7.343025511240833,0.1077592842320457,0.9441765856522104,0.0143000000000005,2.87144,30.27593333333333,29.7901,53.86416666666667,62.63306,10.743429591452054,10.263815253377995,7.341315046411752,7.150085078520599,0.7252370875299589,0.878494736215535,1.1237753927056202,1.1430426711371067
2025,Naushero Feroze,42,0.0,28.5501,33.564,1948788.0,38.0,2.0,2945.0,0.2,2491.0,1562.0,193.0,12.782303667715524,8.015238189069308,0.990359136037373,0.0,0.0429,27.756,32.017,46.1347,55.5074,12.489814181942828,10.64251216653633,7.830507987528659,6.850411640465766,1.1237753927056202,0.1077592842320457,0.0143000000000005,0.00858,29.441033333333337,29.87428,45.0687,53.43862,11.97154333873156,10.882661428539176,7.565385939021244,7.295816681958222,0.7406312709916797,0.8867049673951195,0.990359136037373,1.0672445130958206
2025,Naushero Feroze,43,0.0,27.3804,38.8921,1948788.0,38.0,2.0,2945.0,0.2,2194.0,1438.0,191.0,11.258279505005165,7.378945272651515,0.9800963470628924,0.0,0.0,28.5501,27.756,33.564,46.1347,12.782303667715524,12.489814181942828,8.015238189069308,7.830507987528659,0.990359136037373,1.1237753927056202,0.0,0.00858,27.8955,29.351660000000003,39.53026666666667,46.80972,12.17679911822117,11.25417438941537,7.741563816416494,7.483625720191216,1.031410291935295,0.8292333491380284,0.9800963470628924,1.0301926742322425
2024,North Waziristan,37,0.7769,14.186,63.0802,693332.0,1000.0,1.0,4707.0,0.2,15.0,16.0,4.0,0.2163465698972498,0.2307696745570664,0.0576924186392666,0.8429,3.6778,14.9458,14.4015,64.0615,79.9039,0.1298079419383498,1.1394252681255157,0.1009617326187165,0.4182700351346829,0.0576924186392666,0.4471162444543163,1.7658666666666667,2.0481000000000003,14.5111,15.13998,69.0152,73.03858,0.4951932599870385,0.4701932119100228,0.2500004807701553,0.4038469304748663,0.1875003605776165,0.1182694582104965,0.0576924186392666,0.05223899163082371
2024,North Waziristan,38,0.0857,14.9134,47.8136,693332.0,1000.0,1.0,4707.0,0.2,26.0,11.0,0.0,0.375000721155233,0.1586541512579831,0.0,0.7769,0.8429,14.186,14.9458,63.0802,64.0615,0.2163465698972498,0.1298079419383498,0.2307696745570664,0.1009617326187165,0.0576924186392666,0.0576924186392666,0.5685,1.46524,14.681733333333334,14.70564,58.31843333333333,66.74942,0.2403850776636109,0.4096161723387929,0.1634618528112554,0.2682697466725897,0.0384616124261777,0.1125002163465699,0.0,0.002572311747722378
2024,North Waziristan,39,0.7286,14.9083,65.4575,693332.0,1000.0,1.0,4707.0,0.2,32.0,37.0,0.0,0.4615393491141329,0.5336548724132162,0.0,0.0857,0.7769,14.9134,14.186,47.8136,63.0802,0.375000721155233,0.2163465698972498,0.1586541512579831,0.2307696745570664,0.0,0.0576924186392666,0.5304000000000001,1.22238,14.669233333333333,14.671,58.78376666666666,64.06334,0.3509622133888719,0.4644239700460962,0.3076928994094219,0.2884620931963331,0.0192308062130888,0.1125002163465699,0.0,0.00023872632753296763
2024,North Waziristan,40,3.2625,12.064,53.7296,693332.0,1000.0,1.0,4707.0,0.2,27.0,0.0,0.0,0.3894238258150496,0.0,0.0,0.7286,0.0857,14.9083,14.9134,65.4575,47.8136,0.4615393491141329,0.375000721155233,0.5336548724132162,0.1586541512579831,0.0,0.0,1.3589333333333335,1.13932,13.9619,14.2035,55.6669,58.82847999999999,0.4086546320281385,0.314423681584003,0.2307696745570664,0.2048080861693964,0.0,0.0230769674557066,0.0,0.001458262743326194
2024,North Waziristan,41,4.0,8.6018,65.7314,693332.0,1000.0,1.0,4707.0,0.2,15.0,16.0,0.0,0.2163465698972498,0.2307696745570664,0.0,3.2625,0.7286,12.064,14.9083,53.7296,65.4575,0.3894238258150496,0.4615393491141329,0.0,0.5336548724132162,0.0,0.0,2.6637,1.77074,11.858033333333331,12.9347,61.6395,59.16246,0.3557699149421441,0.331731407175783,0.2548081823234275,0.2307696745570664,0.0,0.0115384837278533,0.0,7.564980474658589e-05
2024,North Waziristan,42,1.7286,9.6702,55.813,693332.0,1000.0,1.0,4707.0,0.2,6.0,30.0,0.0,0.0865386279588999,0.4326931397944996,0.0,4.0,3.2625,8.6018,12.064,65.7314,53.7296,0.2163465698972498,0.3894238258150496,0.2307696745570664,0.0,0.0,0.0,2.997033333333333,1.96108,10.112,12.03154,58.42466666666667,57.70902,0.2307696745570664,0.305769818788113,0.221154271450522,0.2711543676045531,0.0,0.0,0.0,-0.0004170165164499029
2024,North Waziristan,43,0.5857,8.889,65.2555,693332.0,1000.0,1.0,4707.0,0.2,38.0,59.0,0.0,0.5480779770730329,0.8509631749291825,0.0,1.7286,4.0,9.6702,8.6018,55.813,65.7314,0.0865386279588999,0.2163465698972498,0.4326931397944996,0.2307696745570664,0.0,0.0,2.104766666666667,2.06108,9.053666666666668,10.82666,62.26663333333333,61.1974,0.2836543916430609,0.340385269971673,0.5048086630935829,0.4096161723387929,0.0,0.0,0.0,0.00020277786812780696
2024,North Waziristan,44,0.1,10.0154,53.6065,693332.0,1000.0,1.0,4707.0,0.2,7.0,51.0,1.0,0.1009617326187165,0.7355783376506494,0.0144231046598166,0.5857,1.7286,8.889,9.6702,65.2555,55.813,0.5480779770730329,0.0865386279588999,0.8509631749291825,0.4326931397944996,0.0,0.0,0.8047666666666666,1.93536,9.524866666666666,9.84808,58.225,58.82719999999999,0.2451927792168831,0.2682697466725897,0.6730782174581105,0.4500008653862796,0.0048077015532722,0.0028846209319633,0.0144231046598166,0.01453665155156067
2025,North Waziristan,37,0.9143,15.0259,75.4609,656447.0,1000.0,1.0,4707.0,0.2,0.0,46.0,16.0,0.0,0.7007420248702485,0.2437363564766081,2.5571,4.8429,13.9065,15.511,79.2088,82.7543,2.056525507771381,1.660453928496893,1.416717572020285,0.6855085025904605,0.0,0.2285028341968201,2.771433333333333,2.72858,14.814466666666666,15.7777,79.14133333333334,78.6564,1.2389931454227583,1.6330335883932747,0.934322699826998,1.1272806487043128,0.1574130635578094,0.2163160163729897,0.2437363564766081,0.25997271906472136
2025,North Waziristan,38,0.3571,13.7648,71.5011,656447.0,1000.0,1.0,4707.0,0.2,85.0,34.0,34.0,1.2948493937819807,0.5179397575127924,0.5179397575127924,0.9143,2.5571,15.0259,13.9065,75.4609,79.2088,0.0,2.056525507771381,0.7007420248702485,1.416717572020285,0.2437363564766081,0.0,1.2761666666666664,2.29142,14.232399999999998,15.19496,75.39026666666666,77.57274,1.117124967184454,1.4380445032119882,0.8784664514677752,0.8987778145074927,0.2538920379964668,0.2620165832123538,0.5179397575127924,0.5237436935103079
2025,North Waziristan,39,1.1714,13.5166,59.2119,656447.0,1000.0,1.0,4707.0,0.2,80.0,35.0,19.0,1.218681782383041,0.5331732797925803,0.2894369233159722,0.3571,0.9143,13.7648,15.0259,71.5011,75.4609,1.2948493937819807,0.0,0.5179397575127924,0.7007420248702485,0.5179397575127924,0.2437363564766081,0.8142666666666664,1.96856,14.102433333333332,14.34496,68.72463333333333,73.6274,0.8378437253883405,1.246102122486659,0.5839516873918736,0.7708162273572732,0.3503710124351242,0.2559231743004386,0.2894369233159722,0.3219076354804228
2025,North Waziristan,40,3.1429,11.1687,61.4109,656447.0,1000.0,1.0,4707.0,0.2,93.0,42.0,14.0,1.416717572020285,0.6398079357510964,0.2132693119170321,1.1714,0.3571,13.5166,13.7648,59.2119,71.5011,1.218681782383041,1.2948493937819807,0.5331732797925803,0.5179397575127924,0.2894369233159722,0.5179397575127924,1.557133333333333,1.6285600000000002,12.8167,13.476499999999998,64.0413,69.35871999999999,1.3100829160617689,1.1973548511913377,0.5636403243521563,0.7616761139894004,0.3402153309152655,0.252876469844481,0.2132693119170321,0.24725480685546525
2025,North Waziristan,41,1.3286,6.1029,68.1418,656447.0,1000.0,1.0,4707.0,0.2,118.0,39.0,21.0,1.7975556290149852,0.5941073689117324,0.3199039678755482,3.1429,1.1714,11.1687,13.5166,61.4109,59.2119,1.416717572020285,1.218681782383041,0.6398079357510964,0.5331732797925803,0.2132693119170321,0.2894369233159722,1.8809666666666665,1.38286,10.262733333333331,11.91578,62.92153333333334,67.14532,1.477651661139437,1.1455608754400584,0.589029528151803,0.59715407336769,0.2742034010361842,0.3168572634195906,0.3199039678755482,0.3346106038528844
2025,North Waziristan,42,0.5,10.1309,52.5082,656447.0,1000.0,1.0,4707.0,0.2,108.0,24.0,28.0,1.6452204062171052,0.3656045347149122,0.4265386238340642,1.3286,3.1429,6.1029,11.1687,68.1418,61.4109,1.7975556290149852,1.416717572020285,0.5941073689117324,0.6398079357510964,0.3199039678755482,0.2132693119170321,1.6571666666666662,1.3,9.134166666666667,10.93678,60.68696666666667,62.55478000000001,1.6198312024174584,1.4746049566834794,0.5331732797925802,0.5301265753366228,0.3199039678755482,0.3534177168910818,0.4265386238340642,0.4552493526377447
2025,North Waziristan,43,1.6571,7.2756,52.8147,656447.0,1000.0,1.0,4707.0,0.2,118.0,24.0,13.0,1.7975556290149852,0.3656045347149122,0.1980357896372441,0.5,1.3286,10.1309,6.1029,52.5082,68.1418,1.6452204062171052,1.7975556290149852,0.3656045347149122,0.5941073689117324,0.4265386238340642,0.3199039678755482,1.1618999999999997,1.56,7.836466666666667,9.638940000000002,57.82156666666668,58.81750000000001,1.746777221415692,1.5751462037300803,0.4417721461138522,0.4996595307770467,0.3148261271156189,0.2894369233159722,0.1980357896372441,0.2064644801733198
2024,Nowshera,37,6.3923,27.8239,76.5358,1740705.0,280.0,2.0,1748.0,0.65,216.0,1743.0,9.0,1.2408765414013287,10.01318431325239,0.0517031892250553,9.5714,8.3333,27.6782,28.1419,79.7942,76.0824,1.1834285533734894,1.2408765414013287,12.167483864296363,10.041908307266308,0.080427183238975,0.0229791952111357,8.099,7.696540000000001,27.88133333333333,28.33768,77.4708,77.90208,1.2217272120587157,0.9628282793465864,10.740858828271689,11.231081659442584,0.0517031892250553,0.0631927868306232,0.0517031892250553,0.04897399452894513
2024,Nowshera,38,0.0,28.4371,63.8286,1740705.0,280.0,2.0,1748.0,0.65,320.0,1617.0,10.0,1.8383356168908571,9.289339664101616,0.0574479880278392,6.3923,9.5714,27.8239,27.6782,76.5358,79.7942,1.2408765414013287,1.1834285533734894,10.01318431325239,12.167483864296363,0.0517031892250553,0.080427183238975,5.321233333333333,6.27654,27.97973333333333,28.1915,73.38619999999999,74.57834,1.4208802372218916,1.2362807023591018,10.490002613883457,10.703709129347017,0.0631927868306232,0.0517031892250553,0.0574479880278392,0.052251710406209684
2024,Nowshera,39,13.3,28.1359,73.0862,1740705.0,280.0,2.0,1748.0,0.65,336.0,1565.0,8.0,1.9302523977354005,8.99061012635685,0.0459583904222714,0.0,6.3923,28.4371,27.8239,63.8286,76.5358,1.8383356168908571,1.2408765414013287,9.289339664101616,10.01318431325239,0.0574479880278392,0.0517031892250553,6.5641,7.519399999999999,28.1323,28.0434,71.1502,73.86544,1.669821518675862,1.4867539301604809,9.431044701236951,10.100505255054705,0.0517031892250553,0.0517031892250553,0.0459583904222714,0.04848052644665865
2024,Nowshera,40,1.025,26.4459,65.3166,1740705.0,280.0,2.0,1748.0,0.65,333.0,1425.0,8.0,1.9130180013270488,8.1863382939671,0.0459583904222714,13.3,0.0,28.1359,28.4371,73.0862,63.8286,1.9302523977354005,1.8383356168908571,8.99061012635685,9.289339664101616,0.0459583904222714,0.0574479880278392,4.775,6.05774,27.672966666666667,27.704200000000004,67.41046666666666,71.71227999999999,1.8938686719844355,1.621182222145625,8.822096028141855,9.729391252394864,0.049788256290794,0.0562990282672825,0.0459583904222714,0.04709665867397392
2024,Nowshera,41,0.4429,24.1648,56.3268,1740705.0,280.0,2.0,1748.0,0.65,318.0,1247.0,8.0,1.8268460192852896,7.16376410707156,0.0459583904222714,1.025,13.3,26.4459,28.1359,65.3166,73.0862,1.9130180013270488,1.9302523977354005,8.1863382939671,8.99061012635685,0.0459583904222714,0.0459583904222714,4.922633333333333,4.23204,26.248866666666668,27.00152,64.90986666666666,67.0188,1.890038806115913,1.749865715327985,8.11357084246517,8.728647300949904,0.0459583904222714,0.0494052697039417,0.0459583904222714,0.04624100305649148
2024,Nowshera,42,0.0,24.2496,63.2351,1740705.0,280.0,2.0,1748.0,0.65,370.0,1353.0,11.0,2.125575557030054,7.772712780166656,0.0631927868306232,0.4429,1.025,24.1648,26.4459,56.3268,65.3166,1.8268460192852896,1.9130180013270488,7.16376410707156,8.1863382939671,0.0459583904222714,0.0459583904222714,0.4892999999999994,2.95358,24.953433333333333,26.28666,61.626166666666656,64.35866,1.9551465258807976,1.92680551845373,7.7076050604017725,8.280552994332757,0.0517031892250553,0.0517031892250553,0.0631927868306232,0.062106901927694524
2024,Nowshera,43,0.5,23.724,61.6993,1740705.0,280.0,2.0,1748.0,0.65,322.0,1266.0,12.0,1.8498252144964251,7.272915284324455,0.0689375856334071,0.0,0.4429,24.2496,24.1648,63.2351,56.3268,2.125575557030054,1.8268460192852896,7.772712780166656,7.16376410707156,0.0631927868306232,0.0459583904222714,0.3142999999999994,3.05358,24.046133333333334,25.34404,60.4204,63.9328,1.934082263603923,1.9291034379748435,7.403130723854223,7.877268118377325,0.0593629209621006,0.0540011087461689,0.0689375856334071,0.06609385495916156
2024,Nowshera,44,0.3857,21.3511,79.0452,1740705.0,280.0,2.0,1748.0,0.65,196.0,1202.0,11.0,1.12598056534565,6.905248160946284,0.0631927868306232,0.5,0.0,23.724,24.2496,61.6993,63.2351,1.8498252144964251,2.125575557030054,7.272915284324455,7.772712780166656,0.0689375856334071,0.0631927868306232,0.2952333333333327,0.47072,23.10823333333333,23.98708,67.99319999999999,65.1246,1.700460445624043,1.7682490714968937,7.316958741812464,7.460195725295212,0.0651077197648845,0.0574479880278392,0.0631927868306232,0.06205368543200762
2025,Nowshera,37,1.1,29.699,70.8899,1835149.0,280.0,2.0,1748.0,0.65,53.0,2805.0,16.0,0.2888048872325898,15.284862428064423,0.0871863810513478,1.4571,21.3286,28.1311,28.1374,74.2469,79.6345,2.9588878069301185,2.582896538646181,14.3857528734724,14.51108329623371,0.0272457440785462,0.0217965952628369,7.9619,7.562840000000001,28.655833333333337,29.195,74.92376666666667,75.93482,1.9435297442696295,1.9322681700504971,14.727232865923511,15.289221747116992,0.0454095734642436,0.0839168917619223,0.0871863810513478,0.08841659389778761
2025,Nowshera,38,1.4857,29.0448,67.9318,1835149.0,280.0,2.0,1748.0,0.65,778.0,2700.0,13.0,4.239437778621791,14.712701802414951,0.0708389346042201,1.1,1.4571,29.699,28.1311,70.8899,74.2469,0.2888048872325898,2.9588878069301185,15.284862428064423,14.3857528734724,0.0871863810513478,0.0272457440785462,1.3476,6.788560000000001,28.958300000000005,28.99446,71.02286666666666,74.45863999999999,2.495710157594833,2.3780085431755134,14.794439034650594,14.703983164309818,0.0617570199113714,0.064299956025369,0.0708389346042201,0.07343507224936938
2025,Nowshera,39,0.5857,28.696,61.682,1835149.0,280.0,2.0,1748.0,0.65,861.0,2762.0,18.0,4.6917171303256575,15.050549028988929,0.0980846786827663,1.4857,1.1,29.0448,29.699,67.9318,70.8899,4.239437778621791,0.2888048872325898,14.712701802414951,15.284862428064423,0.0708389346042201,0.0871863810513478,1.0571333333333337,5.19142,29.146600000000003,28.741660000000003,66.83456666666666,70.87701999999999,3.073319932060013,2.9523488283512678,15.016037753156104,14.788989885834884,0.0853699981127781,0.0610304667359435,0.0980846786827663,0.0996235005257059
2025,Nowshera,40,3.4714,25.7329,69.3424,1835149.0,280.0,2.0,1748.0,0.65,739.0,2309.0,14.0,4.02692097480913,12.58208461547264,0.0762880834199293,0.5857,1.4857,28.696,29.0448,61.682,67.9318,4.6917171303256575,4.239437778621791,15.050549028988929,14.712701802414951,0.0980846786827663,0.0708389346042201,1.8476,1.61998,27.82456666666667,28.26076,66.31873333333333,68.81859999999999,4.319358627918859,3.241153715583857,14.115111815625507,14.403190149682668,0.0817372322356386,0.071928764367362,0.0762880834199293,0.07971727165059173
2025,Nowshera,41,1.8714,21.577,60.7371,1835149.0,280.0,2.0,1748.0,0.65,632.0,2346.0,19.0,3.443862051528241,12.783703121653884,0.1035338274984756,3.4714,0.5857,25.7329,28.696,69.3424,61.682,4.02692097480913,4.6917171303256575,12.58208461547264,15.050549028988929,0.0762880834199293,0.0980846786827663,1.9761666666666668,1.7028399999999997,25.335300000000004,26.949940000000005,63.92049999999998,66.11663999999999,4.054166718887676,3.338148564503482,13.472112255371815,14.082780199318965,0.0926355298670571,0.0871863810513478,0.1035338274984756,0.11231810640377385
2025,Nowshera,42,0.0,23.9302,63.5221,1835149.0,280.0,2.0,1748.0,0.65,482.0,2524.0,8.0,2.6264897291718547,13.753651610850126,0.0435931905256739,1.8714,3.4714,21.577,25.7329,60.7371,69.3424,3.443862051528241,4.02692097480913,12.783703121653884,12.58208461547264,0.1035338274984756,0.0762880834199293,1.7809333333333337,1.48284,23.746700000000004,25.796180000000003,64.53386666666665,64.64308,3.365757585169742,3.805685532891335,13.039813115992215,13.776538035876106,0.0744717004813596,0.078467742946213,0.0435931905256739,0.04406872315170049
2025,Nowshera,43,0.0,22.7686,55.0062,1835149.0,280.0,2.0,1748.0,0.65,482.0,2524.0,11.0,2.6264897291718547,13.753651610850126,0.0599406369728016,0.0,1.8714,23.9302,21.577,63.5221,60.7371,2.6264897291718547,3.443862051528241,13.753651610850126,12.783703121653884,0.0435931905256739,0.1035338274984756,0.6238,1.1857,22.7586,24.54094,59.755133333333326,62.05796,2.898947169957317,3.483095923001348,13.430335447784714,13.58472799756314,0.0690225516656504,0.0762880834199293,0.0599406369728016,0.056965091939046225
2024,Nushki,37,0.0,28.9427,12.3892,207834.0,900.0,0.0,5797.0,0.2,24.0,183.0,0.0,1.1547677473368168,8.805104073443228,0.0,0.0,0.6778,30.7729,30.555,15.978,31.5602,0.5292685508627077,0.6736145192798098,11.451446827756769,7.939028262940615,0.0,0.0,0.2259333333333333,0.55556,30.0902,30.97512,19.9758,25.75394,0.7858836058264448,0.7409759712077907,9.39852638804687,7.708074713473252,0.0,0.0,0.0,-0.0015070656435332008
2024,Nushki,39,0.0,30.1208,15.8257,207834.0,900.0,0.0,5797.0,0.2,204.0,8.0,0.0,9.815525852362944,0.3849225824456057,0.0,0.0,0.0,28.9427,30.7729,12.3892,15.978,1.1547677473368168,0.5292685508627077,8.805104073443228,11.451446827756769,0.0,0.0,0.0,0.16698,29.945466666666665,30.15464,14.730966666666667,21.42512,3.833187383520823,2.482750656774156,6.8804911612152,6.014415350712588,0.0,0.0,0.0,-0.0005756012261880217
2024,Nushki,41,0.0143,23.7979,22.7966,207834.0,900.0,0.0,5797.0,0.2,11.0,12.0,7.0,0.5292685508627077,0.5773838736684084,0.3368072596399049,0.0,0.0,30.1208,28.9427,15.8257,12.3892,9.815525852362944,1.1547677473368168,0.3849225824456057,8.805104073443228,0.0,0.0,0.0047666666666666,0.13842,27.62046666666667,28.83786,17.003833333333333,19.70994,3.833187383520823,2.540489044140997,3.2558035098524147,5.831577124050925,0.1122690865466349,0.0673614519279809,0.3368072596399049,0.328119966188855
2024,Nushki,42,0.0,24.3964,15.2869,207834.0,900.0,0.0,5797.0,0.2,29.0,17.0,0.0,1.3953443613653205,0.817960487696912,0.0,0.0143,0.0,23.7979,30.1208,22.7966,15.8257,0.5292685508627077,9.815525852362944,0.5773838736684084,0.3849225824456057,0.3368072596399049,0.0,0.0047666666666666,0.00286,26.10503333333333,27.60614,17.969733333333334,16.45528,3.913379588196991,2.684835012558099,0.5934223146036426,4.407363569002184,0.1122690865466349,0.0673614519279809,0.0,0.002334300854540061
2024,Nushki,43,0.0,24.68,24.7439,207834.0,900.0,0.0,5797.0,0.2,61.0,34.0,0.0,2.935034691147743,1.635920975393824,0.0,0.0,0.0143,24.3964,23.7979,15.2869,22.7966,1.3953443613653205,0.5292685508627077,0.817960487696912,0.5773838736684084,0.0,0.3368072596399049,0.0047666666666666,0.00286,24.29143333333333,26.38756,20.942466666666665,18.20846,1.6198825344585903,3.165988240615106,1.0104217789197154,2.444258398529596,0.1122690865466349,0.0673614519279809,0.0,-0.0041049069507572145
2024,Orakzai,37,1.5385,24.0084,73.1869,387561.0,1200.0,0.0,1538.0,0.2,3.0,4.0,1.0,0.0774071694520346,0.1032095592693795,0.0258023898173448,3.9,3.3111,23.8421,24.1121,79.159,77.1597,0.2580238981734488,0.5934549657989323,0.206419118538759,0.8256764741550362,0.0258023898173448,0.0,2.9165333333333323,4.04706,23.98753333333333,24.41276,76.50186666666666,77.99137999999999,0.3096286778081387,0.4799244506026148,0.3784350506543916,0.5108873183834287,0.0172015932115632,0.0103209559269379,0.0258023898173448,0.02116537143463959
2024,Orakzai,38,0.0143,25.2808,48.5298,387561.0,1200.0,0.0,1538.0,0.2,43.0,18.0,0.0,1.10950276214583,0.4644430167122079,0.0,1.5385,3.9,24.0084,23.8421,73.1869,79.159,0.0774071694520346,0.2580238981734488,0.1032095592693795,0.206419118538759,0.0258023898173448,0.0258023898173448,1.8176,2.3642,24.3771,24.37002,66.95856666666667,71.14232000000001,0.4816446099237712,0.5934549657989323,0.2580238981734488,0.3973568031871112,0.0172015932115632,0.0103209559269379,0.0,-0.0030807784140855776
2024,Orakzai,39,1.4714,25.4876,62.986,387561.0,1200.0,0.0,1538.0,0.2,12.0,24.0,0.0,0.3096286778081386,0.6192573556162773,0.0,0.0143,1.5385,25.2808,24.0084,48.5298,73.1869,1.10950276214583,0.0774071694520346,0.4644430167122079,0.1032095592693795,0.0,0.0258023898173448,1.008066666666666,2.04706,24.925600000000003,24.5462,61.56756666666666,68.20428000000001,0.4988462031353345,0.4696034946756768,0.3956366438659549,0.443801104858332,0.0086007966057816,0.0103209559269379,0.0,-0.004112964013936821
2024,Orakzai,40,0.8,24.1349,46.904,387561.0,1200.0,0.0,1538.0,0.2,27.0,28.0,15.0,0.6966645250683118,0.7224669148856566,0.3870358472601732,1.4714,0.0143,25.4876,25.2808,62.986,48.5298,0.3096286778081386,1.10950276214583,0.6192573556162773,0.4644430167122079,0.0,0.0,0.7618999999999995,1.5448400000000002,24.967766666666662,24.55076,52.8066,62.15314000000001,0.7052653216740935,0.4902454065295528,0.6020557624047139,0.423159193004456,0.1290119490867244,0.0877281253789726,0.3870358472601732,0.3580777795204305
2024,Orakzai,41,0.7571,21.1224,46.668,387561.0,1200.0,0.0,1538.0,0.2,16.0,10.0,0.0,0.4128382370775181,0.2580238981734488,0.0,0.8,1.4714,24.1349,25.4876,46.904,62.986,0.6966645250683118,0.3096286778081386,0.7224669148856566,0.6192573556162773,0.3870358472601732,0.0,1.0094999999999994,0.91626,23.581633333333333,24.00682,52.186,55.65494,0.4730438133179895,0.5212082743103666,0.533249389558461,0.433480148931394,0.1290119490867244,0.0825676474155036,0.0,-0.001341552366927068
2024,Orakzai,42,0.0,21.8683,42.5263,387561.0,1200.0,0.0,1538.0,0.2,22.0,74.0,0.0,0.5676525759815875,1.9093768464835212,0.0,0.7571,0.8,21.1224,24.1349,46.668,46.904,0.4128382370775181,0.6966645250683118,0.2580238981734488,0.7224669148856566,0.0,0.3870358472601732,0.5190333333333328,0.60856,22.3752,23.5788,45.3661,49.52282,0.5590517793758059,0.6192573556162771,0.9632892198475425,0.7947136063742224,0.1290119490867244,0.0774071694520346,0.0,-0.0077175241169853415
2024,Orakzai,43,0.5286,20.4489,53.0769,387561.0,1200.0,0.0,1538.0,0.2,35.0,153.0,1.0,0.9030836436070708,3.947765642053767,0.0258023898173448,0.0,0.7571,21.8683,21.1224,42.5263,46.668,0.5676525759815875,0.4128382370775181,1.9093768464835212,0.2580238981734488,0.0,0.0,0.428566666666666,0.71142,21.14653333333333,22.61242,47.42373333333334,50.43224,0.6278581522220589,0.5779735319085254,2.038388795570246,1.4913781314425345,0.0086007966057816,0.0825676474155036,0.0258023898173448,0.02023425631576442
2024,Orakzai,44,0.0286,18.6132,64.8508,387561.0,1200.0,0.0,1538.0,0.2,22.0,130.0,1.0,0.5676525759815875,3.3543106762548347,0.0258023898173448,0.5286,0.0,20.4489,21.8683,53.0769,42.5263,0.9030836436070708,0.5676525759815875,3.947765642053767,1.9093768464835212,0.0258023898173448,0.0,0.1857333333333327,0.42286,20.31013333333333,21.23754,53.48466666666667,50.8052,0.6794629318567487,0.6295783115432151,3.0704843882640414,2.038388795570245,0.0172015932115632,0.0877281253789726,0.0258023898173448,0.02122945212979696
2025,Orakzai,37,0.3571,26.6543,61.7902,307067.0,1200.0,0.0,1538.0,0.2,6.0,101.0,0.0,0.1953970957478335,3.289184445088531,0.0,3.7429,10.4714,24.4126,25.0733,70.6997,77.0366,1.4980444007333904,1.8562724096044187,4.950059758945117,4.331302289076977,0.0,0.0,4.857133333333333,4.66286,25.380066666666664,26.54552,69.84216666666667,67.81548000000001,1.183237968695214,1.1398163918623625,4.190182164370208,4.324789052552049,0.0,0.0,0.0,-0.0010606898836265366
2025,Orakzai,38,1.3,25.6537,60.7526,307067.0,1200.0,0.0,1538.0,0.2,30.0,75.0,0.0,0.9769854787391676,2.4424636968479194,0.0,0.3571,3.7429,26.6543,24.4126,61.7902,70.6997,0.1953970957478335,1.4980444007333904,3.289184445088531,4.950059758945117,0.0,0.0,1.7999999999999996,3.96286,25.57353333333333,26.07278,64.41416666666667,67.1163,0.8901423250734638,1.0486310805133734,3.560569300293856,3.745111001833477,0.0,0.0,0.0,-0.0011157470423530658
2025,Orakzai,39,0.6714,24.8439,52.8297,307067.0,1200.0,0.0,1538.0,0.2,21.0,109.0,0.0,0.6838898351174174,3.549713906085642,0.0,1.3,0.3571,25.6537,26.6543,60.7526,61.7902,0.9769854787391676,0.1953970957478335,2.4424636968479194,3.289184445088531,0.0,0.0,0.7761666666666661,3.30856,25.7173,25.32756,58.4575,64.62176000000001,0.6187574698681396,1.0421178439884455,3.093787349340697,3.712544819208837,0.0,0.0,0.0,-0.0011587371205887542
2025,Orakzai,40,2.5429,22.4903,58.0011,307067.0,1200.0,0.0,1538.0,0.2,50.0,82.0,0.0,1.628309131231946,2.6704269752203915,0.0,0.6714,1.3,24.8439,25.6537,52.8297,60.7526,0.6838898351174174,0.9769854787391676,3.549713906085642,2.4424636968479194,0.0,0.0,1.504766666666666,1.72286,24.3293,24.81096,57.19446666666667,60.81466,1.0963948150295104,0.996525188313951,2.887534859384651,3.3803697564375206,0.0,0.0,0.0,6.173736445302946e-05
2025,Orakzai,41,0.8286,17.5921,57.1428,307067.0,1200.0,0.0,1538.0,0.2,24.0,53.0,0.0,0.7815883829913342,1.726007679105863,0.0,2.5429,0.6714,22.4903,24.8439,58.0011,52.8297,1.628309131231946,0.6838898351174174,2.6704269752203915,3.549713906085642,0.0,0.0,1.3476333333333328,1.14,21.6421,23.44686,55.9912,58.10328,1.0312624497802327,0.8532339847655397,2.648716186803965,2.7355593404696696,0.0,0.0,0.0,0.0001258587803343869
2025,Orakzai,42,0.0,20.5403,49.4958,307067.0,1200.0,0.0,1538.0,0.2,20.0,43.0,0.0,0.6513236524927785,1.4003458528594737,0.0,0.8286,2.5429,17.5921,22.4903,57.1428,58.0011,0.7815883829913342,1.628309131231946,1.726007679105863,2.6704269752203915,0.0,0.0,1.1238333333333328,1.06858,20.207566666666665,22.22406,54.8799,55.644400000000005,1.0204070555720195,0.9444192961145288,1.9322601690619092,2.357791622023858,0.0,0.0,0.0,0.0011464457292158226
2025,Orakzai,43,0.0143,19.3686,40.0982,307067.0,1200.0,0.0,1538.0,0.2,13.0,43.0,0.0,0.423360374120306,1.4003458528594737,0.0,0.0,0.8286,20.5403,17.5921,49.4958,57.1428,0.6513236524927785,0.7815883829913342,1.4003458528594737,1.726007679105863,0.0,0.0,0.2809666666666661,0.8114399999999999,19.167,20.96704,48.91226666666666,51.51351999999999,0.6187574698681396,0.8336942751907565,1.5088997949416034,2.1493680532261688,0.0,0.0,0.0,-0.0009218168017091632
2024,Panjgur,37,0.0,28.3089,29.9373,509781.0,900.0,0.0,16891.0,0.2,316.0,248.0,27.0,6.198740243359404,4.864834115041557,0.5296391980085566,0.0,0.1333,28.9504,29.2317,46.0558,39.1735,1.9616266592909504,5.453322112828842,4.668671449112462,3.766323185838625,0.3727090652652806,0.0,0.0444333333333333,0.39238,28.83033333333334,28.31366,38.388866666666665,48.4021,4.5378963384930655,4.056643931413685,4.433276249997548,4.488201796457695,0.3007827544246124,0.2236254391591683,0.5296391980085566,0.5362159359123455
2024,Panjgur,38,0.0,29.5362,40.5762,509781.0,900.0,0.0,16891.0,0.2,310.0,273.0,36.0,6.081042643801946,5.355240779864295,0.7061855973447422,0.0,0.0,28.3089,28.9504,29.9373,46.0558,6.198740243359404,1.9616266592909504,4.864834115041557,4.668671449112462,0.5296391980085566,0.3727090652652806,0.0,0.34666,28.931833333333334,28.60076,38.856433333333335,43.51134,4.7471365154841,4.397966970130311,4.962915448006105,4.821678328537156,0.5361779535395265,0.3217067721237158,0.7061855973447422,0.7353125859938932
2024,Panjgur,39,0.0,28.8385,37.9466,509781.0,900.0,0.0,16891.0,0.2,285.0,356.0,3.0,5.590635978979209,6.983390907075783,0.0588487997787285,0.0,0.0,29.5362,28.3089,40.5762,29.9373,6.081042643801946,6.198740243359404,5.355240779864295,4.864834115041557,0.7061855973447422,0.5296391980085566,0.0,0.02666,28.89453333333334,28.97314,36.15336666666666,38.73788,5.956806288713519,5.05707352765207,5.734488600660545,5.127692087386544,0.431557865044009,0.3334765320794616,0.0588487997787285,0.05398361825010592
2024,Panjgur,40,0.0125,28.4438,41.3822,509781.0,900.0,0.0,16891.0,0.2,130.0,253.0,25.0,2.550114657078236,4.962915448006105,0.4904066648227376,0.0,0.0,28.8385,29.5362,37.9466,40.5762,5.590635978979209,6.081042643801946,6.983390907075783,5.355240779864295,0.0588487997787285,0.7061855973447422,0.0041666666666666,0.0025,28.9395,28.81556,39.96833333333333,39.17961999999999,4.74059775995313,4.476432036501949,5.767182378315394,5.367010539820041,0.4184803539820694,0.431557865044009,0.4904066648227376,0.5217213931129621
2024,Panjgur,41,0.0143,25.9329,27.8778,509781.0,900.0,0.0,16891.0,0.2,138.0,266.0,28.0,2.7070447898215115,5.217926913713929,0.5492554646014661,0.0125,0.0,28.4438,28.8385,41.3822,37.9466,2.550114657078236,5.590635978979209,4.962915448006105,6.983390907075783,0.4904066648227376,0.0588487997787285,0.0089333333333333,0.00536,27.7384,28.21206,35.73553333333333,35.54402,3.615931808626318,4.625515662608061,5.721411089598605,5.476861632740333,0.3661703097343107,0.4668671449112461,0.5492554646014661,0.5434048391703544
2024,Panjgur,42,0.0571,25.2888,27.7807,509781.0,900.0,0.0,16891.0,0.2,139.0,231.0,23.0,2.726661056414421,4.531357582962095,0.4511741316369186,0.0143,0.0125,25.9329,28.4438,27.8778,41.3822,2.7070447898215115,2.550114657078236,5.217926913713929,4.962915448006105,0.5492554646014661,0.4904066648227376,0.0279666666666666,0.01678,26.55516666666667,27.60804,32.3469,35.112700000000004,2.661273501104722,3.931099825219064,4.904066648227376,5.4101663263244415,0.4969454203537074,0.4511741316369185,0.4511741316369186,0.4810235989468953
2024,Panjgur,43,0.0,25.3394,36.5472,509781.0,900.0,0.0,16891.0,0.2,215.0,110.0,0.0,4.217497317475544,2.1577893252200453,0.0,0.0571,0.0143,25.2888,25.9329,27.7807,27.8778,2.726661056414421,2.7070447898215115,4.531357582962095,5.217926913713929,0.4511741316369186,0.5492554646014661,0.0238,0.01678,25.52036666666667,26.76868,30.735233333333337,34.3069,3.2170677212371586,3.558390759953784,3.96902460729869,4.770676035395591,0.3334765320794616,0.3099370121679701,0.0,0.003952533201816016
2024,Panjgur,44,0.0,23.1644,34.6049,509781.0,900.0,0.0,16891.0,0.2,192.0,151.0,0.0,3.766323185838625,2.962056255529335,0.0,0.0,0.0571,25.3394,25.2888,36.5472,27.7807,4.217497317475544,2.726661056414421,2.1577893252200453,4.531357582962095,0.0,0.4511741316369186,0.0190333333333333,0.01678,24.59753333333333,25.63386,32.977599999999995,33.63856,3.5701605199095297,3.193528201325667,3.2170677212371586,3.9664091050863015,0.1503913772123062,0.2981672522122244,0.0,-0.0042088496591706215
2025,Panjgur,37,0.2571,27.3918,59.2945,382021.0,900.0,0.0,16891.0,0.2,149.0,41.0,0.0,3.9003091453087655,1.073239429246036,0.0,0.0,0.0,30.9954,31.0838,51.8453,40.8899,5.4709034320102825,2.5129508587224265,5.392373717675207,3.978838859643841,0.3141188573403033,0.0523531428900505,0.0857,0.0657,29.82366666666667,30.35996,50.676566666666666,48.45682,3.961387812013825,3.7641909737946335,3.481484002188361,3.6856612594595584,0.1221573334101179,0.3088835430512982,0.0,0.0015105243363480458
2025,Panjgur,38,0.0,28.8135,38.0776,382021.0,900.0,0.0,16891.0,0.2,18.0,54.0,0.0,0.4711782860104549,1.4135348580313647,0.0,0.2571,0.0,27.3918,30.9954,59.2945,51.8453,3.9003091453087655,5.4709034320102825,1.073239429246036,5.392373717675207,0.0,0.3141188573403033,0.0857,0.05142,29.066900000000004,29.93204,49.739133333333335,45.97288,3.280796954443167,3.2092476591600985,2.6263826683175355,3.1673651448480578,0.1047062857801011,0.3088835430512982,0.0,0.000864669810171359
2025,Panjgur,39,0.0,28.7412,40.1992,382021.0,900.0,0.0,16891.0,0.2,257.0,102.0,0.0,6.727378861371495,2.6700102873925777,0.0,0.0,0.2571,28.8135,27.3918,38.0776,59.2945,0.4711782860104549,3.9003091453087655,1.4135348580313647,1.073239429246036,0.0,0.0,0.0857,0.05142,28.315500000000004,29.40514,45.8571,46.0613,3.699622097563572,3.816544116684685,1.7189281915566594,2.905599430397805,0.0,0.0732944000460707,0.0,-0.0022041734042671512
2025,Panjgur,40,0.0,27.1537,23.7377,382021.0,900.0,0.0,16891.0,0.2,151.0,93.0,0.0,3.952662288198817,2.4344211443873505,0.0,0.0,0.0,28.7412,28.8135,40.1992,38.0776,6.727378861371495,0.4711782860104549,2.6700102873925777,1.4135348580313647,0.0,0.0,0.0,0.05142,28.23613333333334,28.61912,34.00483333333333,42.63086,3.717073145193588,4.104486402579963,2.1726554299370977,2.5967158873465075,0.0,0.0628237714680606,0.0,-0.003710952230734199
2025,Panjgur,41,0.0,22.468,40.7853,382021.0,900.0,0.0,16891.0,0.2,87.0,62.0,0.0,2.277361715717199,1.6229474295915671,0.0,0.0,0.0,27.1537,28.7412,23.7377,40.1992,3.952662288198817,6.727378861371495,2.4344211443873505,2.6700102873925777,0.0,0.0,0.0,0.05142,26.12096666666667,26.91364,34.9074,40.41886,4.3191342884291695,3.465778059321346,2.242459620457165,1.8428306297297792,0.0,0.0,0.0,-0.00121386224345979
2024,Peshawar,37,4.0846,27.4626,74.0347,4758762.0,330.0,0.0,1257.0,0.75,104.0,3557.0,58.0,0.2185442348240992,7.474633108358854,0.1218804386519014,7.5571,5.8889,27.1207,27.6253,79.4233,76.0556,0.1344887598917533,0.1765164973579263,7.241379165421595,8.781695743556833,0.1029679567921236,0.1849220448511608,5.843533333333333,6.48326,27.402866666666664,27.80916,76.50453333333333,77.2994,0.1765164973579263,0.1777773294819114,7.832569339112428,7.8583463514250145,0.136590146765062,0.136590146765062,0.1218804386519014,0.12396849002338893
2024,Peshawar,38,0.0,28.0421,61.8818,4758762.0,330.0,0.0,1257.0,0.75,79.0,3293.0,16.0,0.166009562991383,6.919866973805372,0.0336221899729383,4.0846,7.5571,27.4626,27.1207,74.0347,79.4233,0.2185442348240992,0.1344887598917533,7.474633108358854,7.241379165421595,0.1218804386519014,0.1029679567921236,3.8805666666666663,4.431839999999999,27.5418,27.70964,71.77993333333333,73.56356,0.1730141859024118,0.1710528914873238,7.211959749195273,7.588107999517521,0.0861568618056545,0.0983449056708446,0.0336221899729383,0.02640427599422837
2024,Peshawar,39,3.9714,28.3076,68.4044,4758762.0,330.0,0.0,1257.0,0.75,95.0,3210.0,11.0,0.1996317529643214,6.7454518633207545,0.0231152556063951,0.0,4.0846,28.0421,27.4626,61.8818,74.0347,0.166009562991383,0.2185442348240992,6.919866973805372,7.474633108358854,0.0336221899729383,0.1218804386519014,2.6853333333333325,4.3004,27.93743333333333,27.71166,68.10696666666666,71.95996,0.1947285169266012,0.1790381616058966,7.046650648494993,7.432605370892682,0.0595392947437449,0.0933015771749038,0.0231152556063951,0.014281500895561017
2024,Peshawar,40,1.0125,26.5851,60.9389,4758762.0,330.0,0.0,1257.0,0.75,73.0,2970.0,5.0,0.1534012417515311,6.241119013726679,0.0105069343665432,3.9714,0.0,28.3076,28.0421,68.4044,61.8818,0.1996317529643214,0.166009562991383,6.7454518633207545,6.919866973805372,0.0231152556063951,0.0336221899729383,1.6612999999999996,3.32512,27.64493333333333,27.50362,63.7417,68.93661999999999,0.1730141859024118,0.1744151104846176,6.6354792836176015,6.9244900249266506,0.0224147933152922,0.0584185550779803,0.0105069343665432,0.002274423474625503
2024,Peshawar,41,0.4571,24.1046,55.162,4758762.0,330.0,0.0,1257.0,0.75,94.0,2736.0,16.0,0.1975303660910127,5.749394485372457,0.0336221899729383,1.0125,3.9714,26.5851,28.3076,60.9389,68.4044,0.1534012417515311,0.1996317529643214,6.241119013726679,6.7454518633207545,0.0105069343665432,0.0231152556063951,1.813666666666666,1.90512,26.33243333333333,26.9004,61.50176666666666,64.08435999999999,0.1835211202689551,0.1870234317244695,6.245321787473297,6.626093088916823,0.0224147933152922,0.0445494017141432,0.0336221899729383,0.029289291136972012
2024,Peshawar,42,0.0,24.4201,57.8721,4758762.0,330.0,0.0,1257.0,0.75,76.0,2851.0,4.0,0.1597054023714571,5.99105397580295,0.0084055474932345,0.4571,1.0125,24.1046,26.5851,55.162,60.9389,0.1975303660910127,0.1534012417515311,5.749394485372457,6.241119013726679,0.0336221899729383,0.0105069343665432,0.489866666666666,1.0882,25.036600000000004,26.2919,57.99100000000001,60.85184,0.1702123367380003,0.1752556652339411,5.993855824967362,6.329377262405642,0.017511557277572,0.0218544234824099,0.0084055474932345,-0.0019462379405060515
2024,Peshawar,43,0.2714,23.6505,58.5717,4758762.0,330.0,0.0,1257.0,0.75,95.0,2745.0,21.0,0.1996317529643214,5.768306967232234,0.0441291243394815,0.0,0.4571,24.4201,24.1046,57.8721,55.162,0.1597054023714571,0.1975303660910127,5.99105397580295,5.749394485372457,0.0084055474932345,0.0336221899729383,0.2428333333333327,1.14248,24.0584,25.413580000000003,57.201933333333336,60.18982,0.1856225071422637,0.1819801032285287,5.836251809469214,6.099065261091015,0.0287189539352181,0.0239558103557185,0.0441291243394815,0.04560898634985311
2024,Peshawar,44,0.3429,22.0186,69.0439,4758762.0,330.0,0.0,1257.0,0.75,66.0,2312.0,23.0,0.1386915336383706,4.85840645108959,0.0483318980860988,0.2714,0.0,23.6505,24.4201,58.5717,57.8721,0.1996317529643214,0.1597054023714571,5.768306967232234,5.99105397580295,0.0441291243394815,0.0084055474932345,0.204766666666666,0.41678,23.36306666666667,24.15578,61.82923333333333,60.31772,0.166009562991383,0.1697920593633386,5.539255798041592,5.721656178644782,0.0336221899729383,0.0289991388516593,0.0483318980860988,0.04703020704141292
2025,Peshawar,37,0.0714,30.0722,66.6531,5160904.0,330.0,0.0,1257.0,0.75,461.0,5069.0,15.0,0.8932543600888526,9.82192267091192,0.0290646754909604,2.2429,9.5571,27.4344,27.3002,77.2184,82.2839,0.1453233774548024,0.1879515681748779,8.69227561682992,9.93818137287576,0.0019376450327306,0.038752900654614,3.9571333333333327,4.43142,28.268933333333333,28.63832,75.38513333333333,76.91936000000001,0.4088431019061776,0.3259118945053038,9.484126553539198,9.37781442941004,0.0232517403927683,0.1309848042125952,0.0290646754909604,0.022337642934472435
2025,Peshawar,38,0.6429,29.6374,61.3572,5160904.0,330.0,0.0,1257.0,0.75,81.0,4929.0,203.0,0.1569492476511866,9.55065236632962,0.3933419416443321,0.0714,2.2429,30.0722,27.4344,66.6531,77.2184,0.8932543600888526,0.1453233774548024,9.82192267091192,8.69227561682992,0.0290646754909604,0.0019376450327306,0.9857333333333336,3.87714,29.048,28.66446,68.40956666666666,74.02068,0.3985089950649472,0.3138984953023733,9.354950218023818,9.267756191550935,0.1414480873893411,0.1437732614286179,0.3933419416443321,0.4603704401848528
2025,Peshawar,39,0.3,28.5564,64.0743,5160904.0,330.0,0.0,1257.0,0.75,81.0,5047.0,125.0,0.1569492476511866,9.779294480191842,0.2422056290913375,0.6429,0.0714,29.6374,30.0722,61.3572,66.6531,0.1569492476511866,0.8932543600888526,9.55065236632962,9.82192267091192,0.3933419416443321,0.0290646754909604,0.3381,2.56286,29.422,28.60012,64.02819999999998,70.31738,0.4023842851304087,0.3080855602041812,9.717289839144462,9.556465301427812,0.2215374154088767,0.1410605583827949,0.2422056290913375,0.259351673947724
2025,Peshawar,40,1.8143,25.8743,67.073,5160904.0,330.0,0.0,1257.0,0.75,65.0,4514.0,108.0,0.1259469271274955,8.746529677746379,0.2092656635349156,0.3,0.6429,28.5564,29.6374,64.0743,61.3572,0.1569492476511866,0.1569492476511866,9.779294480191842,9.55065236632962,0.2422056290913375,0.3933419416443321,0.9190666666666668,1.0143,28.0227,28.31494,64.16816666666666,67.2752,0.1466151408099562,0.2956846319947048,9.35882550808928,9.318134962401937,0.2816044114235284,0.1751631109588552,0.2092656635349156,0.25724223964008736
2025,Peshawar,41,0.9857,21.5763,60.5702,5160904.0,330.0,0.0,1257.0,0.75,66.0,4456.0,78.0,0.1278845721602262,8.634146265847999,0.1511363125529946,1.8143,0.3,25.8743,28.5564,67.073,64.0743,0.1259469271274955,0.1569492476511866,8.746529677746379,9.779294480191842,0.2092656635349156,0.2422056290913375,1.0333333333333332,0.7628600000000001,25.33566666666667,27.14332,63.90583333333333,63.94556,0.1369269156463028,0.2921968709357895,9.053323474595407,9.306509092205552,0.2008692017264159,0.205002844462908,0.1511363125529946,0.18251754099110404
2025,Peshawar,42,0.0,24.4252,61.1154,5160904.0,330.0,0.0,1257.0,0.75,88.0,4553.0,100.0,0.1705127628803016,8.822097834022877,0.19376450327307,0.9857,1.8143,21.5763,25.8743,60.5702,67.073,0.1278845721602262,0.1259469271274955,8.634146265847999,8.746529677746379,0.1511363125529946,0.2092656635349156,0.9333333333333332,0.7485799999999999,23.9586,26.01392,62.91953333333333,62.83801999999999,0.1414480873893411,0.1476485514940793,8.734257925872418,9.106544124827744,0.1847221597869933,0.2379428100193299,0.19376450327307,0.21949943057132737
2025,Peshawar,43,0.0,23.1731,53.866,5160904.0,330.0,0.0,1257.0,0.75,59.0,4456.0,1.0,0.1143210569311112,8.634146265847999,0.0019376450327306,0.0,0.9857,24.4252,21.5763,61.1154,60.5702,0.1705127628803016,0.1278845721602262,8.822097834022877,8.634146265847999,0.19376450327307,0.1511363125529946,0.3285666666666666,0.6199999999999999,23.0582,24.72106,58.5172,61.33978,0.1375727973238797,0.1391229133500642,8.696796788572959,8.923242904731419,0.1156128202862651,0.1596619506970096,0.0019376450327306,-0.005537218019446455
2024,Pishin,37,0.0,25.0023,17.2304,835482.0,1550.0,0.0,6218.0,0.2,38.0,202.0,27.0,0.4548272733583728,2.4177660320629286,0.3231667468598965,0.0714,1.1444,26.5617,26.711,25.0998,42.3134,3.1239452196456656,0.9575311018071004,3.207729191053787,4.045568905135,0.0598456938629437,0.0239382775451775,0.4052666666666666,0.24888,26.09166666666667,27.058119999999995,28.21453333333333,32.40774,1.5121011982703798,1.414752202919991,3.223688042750572,2.8247167503309467,0.1356502394226726,0.2202321534156331,0.3231667468598965,0.3402448125575555
2024,Pishin,39,0.0,26.0051,21.1735,835482.0,1550.0,0.0,6218.0,0.2,206.0,66.0,0.0,2.465642587153284,0.7899631589908579,0.0,0.0,0.0714,25.0023,26.5617,17.2304,25.0998,0.4548272733583728,3.1239452196456656,2.4177660320629286,3.207729191053787,0.3231667468598965,0.0598456938629437,0.0238,0.2431599999999999,25.856366666666663,26.298119999999997,21.1679,28.072040000000005,2.0148050267191078,1.7714325383431362,2.138486127369191,2.135294357029834,0.1276708135742801,0.0813901436536035,0.0,0.0011998266345405462
2024,Pishin,41,0.0429,18.9888,27.9753,835482.0,1550.0,0.0,6218.0,0.2,479.0,58.0,39.0,5.733217472070015,0.6942100488101479,0.4667964121309615,0.0,0.0,26.0051,25.0023,21.1735,17.2304,2.465642587153284,0.4548272733583728,0.7899631589908579,2.4177660320629286,0.0,0.3231667468598965,0.0143,0.2517399999999999,23.332066666666663,24.65378,22.1264,26.75848,2.884562444193891,2.547032730806888,1.3006464132879785,2.2310474672105443,0.2633210529969527,0.1747494260797958,0.4667964121309615,0.48233537507319124
2024,Pishin,42,0.0,19.4215,19.5741,835482.0,1550.0,0.0,6218.0,0.2,336.0,53.0,65.0,4.021630627589822,0.6343643549472041,0.7779940202182692,0.0429,0.0,18.9888,26.0051,27.9753,21.1735,5.733217472070015,2.465642587153284,0.6942100488101479,0.7899631589908579,0.4667964121309615,0.0,0.0143,0.0228599999999999,21.4718,23.19588,22.907633333333337,22.21062,4.073496895604374,3.159852635963432,0.7061791875827366,1.5488065571729852,0.4149301441164102,0.3255605746144142,0.7779940202182692,0.8281735382467881
2024,Pishin,43,0.0,19.795,31.4899,835482.0,1550.0,0.0,6218.0,0.2,40.0,338.0,0.0,0.4787655509035503,4.045568905135,0.0,0.0,0.0429,19.4215,18.9888,19.5741,27.9753,4.021630627589822,5.733217472070015,0.6343643549472041,0.6942100488101479,0.7779940202182692,0.4667964121309615,0.0143,0.0085799999999999,19.401766666666663,21.84254,26.346433333333334,23.48864,3.4112045501877954,2.6308167022150086,1.7913811029641171,1.716374499989228,0.4149301441164102,0.3135914358418254,0.0,-0.003696781583543085
2024,Pishin,44,0.0,18.6117,28.7438,835482.0,1550.0,0.0,6218.0,0.2,210.0,462.0,1.0,2.5135191422436387,5.529742112936006,0.0119691387725887,0.0,0.0,19.795,19.4215,31.4899,19.5741,0.4787655509035503,4.021630627589822,4.045568905135,0.6343643549472041,0.0,0.7779940202182692,0.0,0.0085799999999999,19.276066666666665,20.56442,26.6026,25.791319999999995,2.3379717735790035,3.0425550759920617,3.403225124339404,2.3387697161638434,0.2633210529969527,0.2513519142243638,0.0119691387725887,0.004194096010217141
2025,Pishin,37,0.0,26.4188,41.7497,889769.0,1550.0,0.0,6218.0,0.2,59.0,497.0,38.0,0.6630934545932708,5.585719439539925,0.4270771402465134,0.0,0.0,24.8825,28.1617,27.0435,39.1176,0.1798219537880056,0.5169881171405163,2.5287462251438297,6.821995371832465,0.0,0.0224777442235007,0.0,0.0028599999999999,26.487666666666662,27.71246,35.97026666666667,35.75332,0.4533011751739309,1.640875328315552,4.978820345505407,6.217344052220295,0.1498516281566714,0.1753264049433055,0.4270771402465134,0.41486691943627596
2025,Pishin,38,0.0,23.8313,17.7026,889769.0,1550.0,0.0,6218.0,0.2,43.0,531.0,3.0,0.4832715008052651,5.967841091339438,0.033716616335251,0.0,0.0,26.4188,24.8825,41.7497,27.0435,0.6630934545932708,0.1798219537880056,5.585719439539925,2.5287462251438297,0.4270771402465134,0.0,0.0,0.0,25.0442,26.6965,28.83193333333333,32.30698,0.4420623030621806,0.5124925682958164,4.694102252007731,5.936372249426536,0.1535979188605882,0.1348664653410042,0.033716616335251,0.031705635140836824
2025,Pishin,39,0.0,24.1307,16.6026,889769.0,1550.0,0.0,6218.0,0.2,47.0,460.0,8.0,0.5282269892522666,5.169881171405163,0.0899109768940028,0.0,0.0,23.8313,26.4188,17.7026,41.7497,0.4832715008052651,0.6630934545932708,5.967841091339438,5.585719439539925,0.033716616335251,0.4270771402465134,0.0,0.0,24.7936,25.485000000000003,25.351633333333336,28.4432,0.5581973148836009,0.474280403115865,5.574480567428175,5.214836659852165,0.1835682444919224,0.1146364955398536,0.0899109768940028,0.09247474579397288
2025,Pishin,40,0.0,21.7242,25.0349,889769.0,1550.0,0.0,6218.0,0.2,31.0,416.0,0.0,0.3484050354642609,4.675370798488147,0.0,0.0,0.0,24.1307,23.8313,16.6026,17.7026,0.5282269892522666,0.4832715008052651,5.169881171405163,5.967841091339438,0.0899109768940028,0.033716616335251,0.0,0.0,23.22873333333333,24.1975,19.78003333333333,25.62666,0.4533011751739309,0.440563786780614,5.271031020410915,4.785511745183301,0.0412091977430846,0.1101409466951534,0.0,-0.004655366722003895
2025,Pishin,41,0.0,15.9706,20.4331,889769.0,1550.0,0.0,6218.0,0.2,31.0,383.0,11.0,0.3484050354642609,4.304488018800385,0.1236275932292538,0.0,0.0,21.7242,24.1307,25.0349,16.6026,0.3484050354642609,0.5282269892522666,4.675370798488147,5.169881171405163,0.0,0.0899109768940028,0.0,0.0,20.6085,22.41512,20.6902,24.30458,0.4083456867269295,0.4742804031158651,4.716579996231232,5.140660103914612,0.0711795233744189,0.1348664653410042,0.1236275932292538,0.11743841151618836
2025,Pishin,42,0.0,18.1715,17.8847,889769.0,1550.0,0.0,6218.0,0.2,44.0,448.0,8.0,0.4945103729170155,5.035014706064159,0.0899109768940028,0.0,0.0,15.9706,21.7242,20.4331,25.0349,0.3484050354642609,0.3484050354642609,4.304488018800385,4.675370798488147,0.1236275932292538,0.0,0.0,0.0,18.6221,20.76566,21.117566666666665,19.53158,0.3971068146151791,0.440563786780614,4.67162450778423,5.030519157219459,0.0711795233744189,0.0674332326705021,0.0899109768940028,0.09507823772036583
2025,Pishin,43,0.0,17.0956,20.9359,889769.0,1550.0,0.0,6218.0,0.2,49.0,380.0,1.0,0.5507047334757673,4.270771402465134,0.0112388721117503,0.0,0.0,18.1715,15.9706,17.8847,20.4331,0.4945103729170155,0.3484050354642609,5.035014706064159,4.304488018800385,0.0899109768940028,0.1236275932292538,0.0,0.0,17.079233333333335,19.41852,19.75123333333333,20.17824,0.4645400472856812,0.4540504333147144,4.536758042443226,4.691105219444598,0.0749258140783357,0.0629376838258019,0.0112388721117503,0.007985353115074256
2024,Quetta,37,0.0,24.2275,24.8055,2595492.0,1680.0,0.0,3447.0,0.75,13.0,332.0,23.0,0.0500868428798855,1.2791409104709242,0.0886151835567206,0.0857,2.3222,24.9587,24.3681,39.6609,58.5464,3.005210572793135,0.2080530396549093,1.6374544787654903,2.07667756248141,0.0,0.0,0.8026333333333334,0.61016,24.5181,25.29066,41.004266666666666,46.34006,1.08778348510931,0.9007926050244036,1.664424317239275,1.4001199001961864,0.0295383945189068,0.0662687459641563,0.0886151835567206,0.09215938627147827
2024,Quetta,38,0.0,24.8679,27.8751,2595492.0,1680.0,0.0,3447.0,0.75,32.0,178.0,8.0,0.1232906901658722,0.6858044640476643,0.030822672541468,0.0,0.0857,24.2275,24.9587,24.8055,39.6609,0.0500868428798855,3.005210572793135,1.2791409104709242,1.6374544787654903,0.0886151835567206,0.0,0.0285666666666666,0.50444,24.684700000000003,24.80482,30.7805,40.2103,1.0595293686129643,0.9038748722785508,1.200799951094693,1.1489151189832216,0.0398126186993962,0.0238875712196377,0.030822672541468,0.04056450075406437
2024,Quetta,39,0.0,25.292,30.2853,2595492.0,1680.0,0.0,3447.0,0.75,355.0,70.0,6.0,1.3677560940276448,0.2696983847378454,0.023117004406101,0.0,0.0,24.8679,24.2275,27.8751,24.8055,0.1232906901658722,0.0500868428798855,0.6858044640476643,1.2791409104709242,0.030822672541468,0.0886151835567206,0.0,0.48158,24.7958,24.74284,27.6553,36.23464,0.5137112090244675,0.9508794479042896,0.7448812530854781,1.1897551601006668,0.0475182868347632,0.0285109721008579,0.023117004406101,0.023555186942469858
2024,Quetta,40,0.3,22.5451,33.3204,2595492.0,1680.0,0.0,3447.0,0.75,780.0,555.0,16.0,3.005210572793135,2.138322907564346,0.0616453450829361,0.0,0.0,25.292,24.8679,30.2853,27.8751,1.3677560940276448,0.1232906901658722,0.2696983847378454,0.6858044640476643,0.023117004406101,0.030822672541468,0.0999999999999999,0.07714,24.235,24.37824,30.4936,31.18944,1.498752452328884,1.5103109545319346,1.0312752521166189,1.202084229117254,0.038528340676835,0.0408400411174451,0.0616453450829361,0.05423422087419846
2024,Quetta,41,0.3429,19.0099,30.662,2595492.0,1680.0,0.0,3447.0,0.75,684.0,41.0,30.0,2.6353385022955185,0.1579661967750237,0.1155850220305051,0.3,0.0,22.5451,25.292,33.3204,30.2853,3.005210572793135,1.3677560940276448,2.138322907564346,0.2696983847378454,0.0616453450829361,0.023117004406101,0.2143,0.12858,22.282333333333337,23.18848,31.422566666666665,29.38966,2.3361017230387664,1.436336540432411,0.8553291630257386,0.9061865727191608,0.0667824571731807,0.0639570455235462,0.1155850220305051,0.12674990225852145
2024,Quetta,42,0.0,19.981,19.2714,2595492.0,1680.0,0.0,3447.0,0.75,929.0,60.0,6.0,3.5792828488779778,0.2311700440610103,0.023117004406101,0.3429,0.3,19.0099,22.5451,30.662,33.3204,2.6353385022955185,3.005210572793135,0.1579661967750237,2.138322907564346,0.1155850220305051,0.0616453450829361,0.2143,0.12858,20.512,22.33918,27.751266666666663,28.28284,3.0732773079888767,2.142175741632029,0.8424863828001271,0.696592399437178,0.0667824571731807,0.0508574096934222,0.023117004406101,0.025160957589299426
2024,Quetta,43,0.0143,19.8304,34.0682,2595492.0,1680.0,0.0,3447.0,0.75,32.0,621.0,0.0,0.1232906901658722,2.3926099560314573,0.0,0.0,0.3429,19.981,19.0099,19.2714,30.662,3.5792828488779778,2.6353385022955185,0.2311700440610103,0.1579661967750237,0.023117004406101,0.1155850220305051,0.1190666666666666,0.13144,19.6071,21.33168,28.000533333333333,29.52146,2.1126373471131226,2.142175741632029,0.927248732289164,1.0379534978339364,0.046234008812202,0.0446928751851286,0.0,0.002014446799191827
2024,Quetta,44,0.0,19.4367,27.0639,2595492.0,1680.0,0.0,3447.0,0.75,28.0,856.0,0.0,0.1078793538951381,3.298025961937081,0.0,0.0143,0.0,19.8304,19.981,34.0682,19.2714,0.1232906901658722,3.5792828488779778,2.3926099560314573,0.2311700440610103,0.0,0.023117004406101,0.0047666666666666,0.13144,19.749366666666667,20.16062,26.801166666666663,28.87718,1.270150964312996,1.8902003936055285,1.973935320676517,1.6436190132737838,0.0077056681353669,0.0400694743039084,0.0,0.0016136241644441052
2025,Quetta,37,0.1429,24.6757,55.8224,2751515.0,1680.0,0.0,3447.0,0.75,31.0,573.0,19.0,0.1126652044419165,2.082489101458651,0.069052867238594,0.0,0.1571,24.4548,26.5278,33.8071,52.1671,0.0654185058049837,0.0908590358402552,1.668171898027087,2.8529737253840155,0.0036343614336102,0.0,0.1,0.06572,25.21943333333333,26.15354,47.26553333333333,43.08216,0.0896475820290518,0.0625110166580956,2.201211574956585,1.7713877627416168,0.024229076224068,0.0327092529024919,0.069052867238594,0.08048873077729507
2025,Quetta,38,0.0,23.4944,20.1374,2751515.0,1680.0,0.0,3447.0,0.75,25.0,584.0,0.0,0.0908590358402552,2.122467077228363,0.0,0.1429,0.0,24.6757,24.4548,55.8224,33.8071,0.1126652044419165,0.0654185058049837,2.082489101458651,1.668171898027087,0.069052867238594,0.0036343614336102,0.0476333333333333,0.06572,24.2083,25.3602,36.58896666666666,40.4252,0.0896475820290518,0.0748678455323703,1.9577093589047008,2.058502315996823,0.024229076224068,0.0312555083290478,0.0,0.001836904489414981
2025,Quetta,39,0.0,24.1212,18.1929,2751515.0,1680.0,0.0,3447.0,0.75,26.0,540.0,0.0,0.0944933972738654,1.962555174149514,0.0,0.0,0.1429,23.4944,24.6757,20.1374,55.8224,0.0908590358402552,0.1126652044419165,2.122467077228363,2.082489101458651,0.0,0.069052867238594,0.0476333333333333,0.06,24.0971,24.65478,31.384233333333334,36.02538,0.0993392125186791,0.0908590358402552,2.0558371176121764,2.1377313952495265,0.0230176224128646,0.0145374457344408,0.0,0.000289842160510867
2025,Quetta,40,0.0,21.667,30.6473,2751515.0,1680.0,0.0,3447.0,0.75,14.0,476.0,0.0,0.0508810600705429,1.7299560423984603,0.0,0.0,0.0,24.1212,23.4944,18.1929,20.1374,0.0944933972738654,0.0908590358402552,1.962555174149514,2.122467077228363,0.0,0.0,0.0,0.02858,23.0942,23.682620000000004,22.99253333333333,31.72142,0.0787444977282212,0.0828634406863128,1.9383260979254464,1.913127858652415,0.0,0.0145374457344408,0.0,-9.183850673569194e-05
2025,Quetta,41,0.0,16.09,22.4936,2751515.0,1680.0,0.0,3447.0,0.75,19.0,420.0,0.0,0.069052867238594,1.5264318021162888,0.0,0.0,0.0,21.667,24.1212,30.6473,18.1929,0.0508810600705429,0.0944933972738654,1.7299560423984603,1.962555174149514,0.0,0.0,0.0,0.02858,20.62606666666667,22.00966,23.777933333333333,29.45872,0.0714757748610008,0.0835903129730348,1.739647672888088,1.8847798394702555,0.0,0.0138105734477188,0.0,-9.313194958990301e-05
2025,Quetta,42,0.0,18.7179,20.1734,2751515.0,1680.0,0.0,3447.0,0.75,26.0,525.0,0.0,0.0944933972738654,1.908039752645361,0.0,0.0,0.0,16.09,21.667,22.4936,30.6473,0.069052867238594,0.0508810600705429,1.5264318021162888,1.7299560423984603,0.0,0.0,0.0,0.0,18.82496666666667,20.8181,24.4381,22.32892,0.0714757748610008,0.0799559515394246,1.721475865720037,1.8498899697075972,0.0,0.0,0.0,-0.00037629689275139877
2025,Quetta,43,0.0,17.3108,23.6004,2751515.0,1680.0,0.0,3447.0,0.75,27.0,452.0,1.0,0.0981277587074757,1.6427313679918154,0.0036343614336102,0.0,0.0,18.7179,16.09,20.1734,22.4936,0.0944933972738654,0.069052867238594,1.908039752645361,1.5264318021162888,0.0,0.0,0.0,0.0,17.3729,19.581380000000003,22.089133333333336,23.02152,0.087224674406645,0.0814096961128687,1.6924009742511554,1.7539428278602878,0.0012114538112033,0.000726872286722,0.0036343614336102,0.005400473075592688
2025,SD Tank,38,0.6286,31.4267,58.0939,604463.0,621.2798240791644,0.6690489279824079,6292.451621770203,0.3392935678944475,13.0,22.0,0.0,0.2150669271733754,0.3639594152164814,0.0,4.0429,10.7857,29.4857,30.3309,66.625,70.0088,0.2150669271733754,0.2150669271733754,0.099261658695404,0.3639594152164814,0.0,0.049630829347702,5.1524,3.18286,30.41443333333333,31.74726,64.90923333333333,61.55445999999999,0.2150669271733754,0.2150669271733754,0.2757268297094556,0.3110198639122659,0.0165436097825673,0.0198523317390808,0.0,0.0010597369320031746
2025,SD Tank,41,0.3,23.3002,56.0402,604463.0,621.2798240791644,0.6690489279824079,6292.451621770203,0.3392935678944475,13.0,22.0,3.0,0.2150669271733754,0.3639594152164814,0.049630829347702,0.6286,4.0429,31.4267,29.4857,58.0939,66.625,0.2150669271733754,0.2150669271733754,0.3639594152164814,0.099261658695404,0.0,0.0,1.657166666666667,3.2114400000000005,28.07086666666667,29.65416,60.25303333333333,61.57528,0.2150669271733754,0.2150669271733754,0.2757268297094556,0.3110198639122659,0.0165436097825673,0.0198523317390808,0.049630829347702,0.045235393474827246
2025,SD Tank,43,0.0,23.8598,48.7791,604463.0,621.2798240791644,0.6690489279824079,6292.451621770203,0.3392935678944475,13.0,22.0,0.0,0.2150669271733754,0.3639594152164814,0.0,0.3,0.6286,23.3002,31.4267,56.0402,58.0939,0.2150669271733754,0.2150669271733754,0.3639594152164814,0.3639594152164814,0.049630829347702,0.0,0.3095333333333334,3.15144,26.195566666666668,27.68066,54.3044,59.90939999999999,0.2150669271733754,0.2150669271733754,0.3639594152164814,0.3110198639122659,0.0165436097825673,0.0198523317390808,0.0,0.0012796681631598306
2024,Sanghar,37,1.3846,29.524,72.7137,2308465.0,16.0,1.0,10608.0,0.2,4072.0,1284.0,18.0,17.639427065171013,5.562137610923275,0.077973891741915,2.5714,13.4889,28.9897,28.6804,78.8068,79.9196,18.726729666683276,16.664753418397073,5.696425980034352,5.523150665052318,0.1082970718637709,0.0909695403655676,5.814966666666667,4.9547,29.0647,29.49332,77.14670000000001,76.17188000000002,17.676970050083785,16.566852865432224,5.593904752003315,5.99532589837836,0.0924135013237512,0.0909695403655675,0.077973891741915,0.0778103052840364
2024,Sanghar,38,0.0,31.334,59.8996,2308465.0,16.0,1.0,10608.0,0.2,4517.0,1389.0,33.0,19.56711494434613,6.016985312751114,0.1429521348601776,1.3846,2.5714,29.524,28.9897,72.7137,78.8068,17.639427065171013,18.726729666683276,5.562137610923275,5.696425980034352,0.077973891741915,0.1082970718637709,1.318666666666667,3.78612,29.949233333333336,29.69564,70.47336666666668,73.40026,18.644423892066808,17.650689960644847,5.758516301236248,5.912153747186983,0.1097410328219546,0.1048315655641302,0.1429521348601776,0.1350462244912972
2024,Sanghar,39,0.0,32.3447,59.3159,2308465.0,16.0,1.0,10608.0,0.2,5703.0,1731.0,39.0,24.704728033563427,7.4984892558475,0.1689434321074827,0.0,1.3846,31.334,29.524,59.8996,72.7137,19.56711494434613,17.639427065171013,6.016985312751114,5.562137610923275,0.1429521348601776,0.077973891741915,0.4615333333333339,3.4889799999999997,31.067566666666664,30.174560000000003,63.976400000000005,70.13112,20.637090014360197,19.460550625632184,6.359204059840629,6.059437764921712,0.1299564862365252,0.1178272141877827,0.1689434321074827,0.16462531844258896
2024,Sanghar,40,0.0,31.4337,59.9741,2308465.0,16.0,1.0,10608.0,0.2,4740.0,1584.0,58.0,20.53312482537097,6.861702473288528,0.2512492067239486,0.0,0.0,32.3447,31.334,59.3159,59.8996,24.704728033563427,19.56711494434613,7.4984892558475,6.016985312751114,0.1689434321074827,0.1429521348601776,0.0,0.7912000000000001,31.70413333333333,30.72522,59.72986666666666,66.14202,21.601655934426844,20.234224907026963,6.7923923472957135,6.327148126568954,0.1877149245638697,0.149883147459459,0.2512492067239486,0.2506723563766176
2024,Sanghar,41,0.0,31.4498,43.2931,2308465.0,16.0,1.0,10608.0,0.2,5488.0,1919.0,56.0,23.773373215535,8.312883236263058,0.2425854409748469,0.0,0.0,31.4337,32.3447,59.9741,59.3159,20.53312482537097,24.704728033563427,6.861702473288528,7.4984892558475,0.2512492067239486,0.1689434321074827,0.0,0.27692,31.742733333333334,31.21724,54.19436666666667,59.03928,23.00374202482313,21.24355361679731,7.557691655133028,6.850439577814695,0.2209260266020928,0.1767408212816742,0.2425854409748469,0.2471238780784225
2024,Sanghar,42,0.0,31.579,44.9652,2308465.0,16.0,1.0,10608.0,0.2,4494.0,2070.0,39.0,19.467481638231465,8.966997550320235,0.1689434321074827,0.0,0.0,31.4498,31.4337,43.2931,59.9741,23.773373215535,20.53312482537097,8.312883236263058,6.861702473288528,0.2425854409748469,0.2512492067239486,0.0,0.0,31.4875,31.62824,49.4108,53.48958,21.257993226379146,21.6091645314094,8.047194419957274,7.531411565694087,0.2209260266020928,0.1949347293547877,0.1689434321074827,0.17378222462918616
2024,Sanghar,43,0.0,31.0281,41.3838,2308465.0,16.0,1.0,10608.0,0.2,4664.0,1892.0,82.0,20.20390172690511,8.195922398650186,0.3552143957131687,0.0,0.0,31.579,31.4498,44.9652,43.2931,19.467481638231465,23.773373215535,8.966997550320235,8.312883236263058,0.1689434321074827,0.2425854409748469,0.0,0.0,31.3523,31.56706,43.21403333333333,49.78642,21.148252193557187,21.736521887921192,8.491934395077827,7.967198982873901,0.2555810895984995,0.2373871815253859,0.3552143957131687,0.3517157164225164
2024,Sanghar,44,0.0,29.1465,41.6294,2308465.0,16.0,1.0,10608.0,0.2,3506.0,1555.0,31.0,15.187581358175237,6.736077869926553,0.1342883691110759,0.0,0.0,31.0281,31.579,41.3838,44.9652,20.20390172690511,19.467481638231465,8.195922398650186,8.966997550320235,0.3552143957131687,0.1689434321074827,0.0,0.0,30.584533333333336,30.92742,42.65946666666667,46.24912,18.28632157443727,19.83309255284356,7.966332606298991,7.814716705689712,0.2194820656439091,0.2304561689261045,0.1342883691110759,0.123062431947335
2025,Sanghar,37,3.6714,27.5153,81.6858,2486760.0,16.0,1.0,10608.0,0.2,5840.0,2272.0,189.0,23.48437324068265,9.136386301854625,0.7600250928919559,8.6429,5.0143,30.8778,30.0409,67.1992,81.4084,15.437758368318615,22.507198121250138,6.627097106274831,9.192684456883656,0.7439399057408033,0.7720889832553202,5.7762,3.61144,29.478,30.418560000000003,76.76446666666668,70.51928000000001,20.476443243417137,20.363042674001512,8.318722621671036,8.176904888288375,0.7586846606293598,0.6940758255722306,0.7600250928919559,0.7640776294519694
2025,Sanghar,38,0.0,29.204,72.1334,2486760.0,16.0,1.0,10608.0,0.2,8070.0,2346.0,226.0,32.45186507745018,9.433962264150944,0.9088130740401164,3.6714,8.6429,27.5153,30.8778,81.6858,67.1992,23.48437324068265,15.437758368318615,9.136386301854625,6.627097106274831,0.7600250928919559,0.7439399057408033,4.104766666666667,3.61144,29.199033333333333,29.93816,73.67280000000001,72.89766,23.79133222881715,22.865897794720844,8.399148557426798,8.415769917482988,0.8042593575576253,0.7278547185896509,0.9088130740401164,0.9138768446335372
2025,Sanghar,39,0.0,30.4876,61.2962,2486760.0,16.0,1.0,10608.0,0.2,7532.0,2121.0,135.0,30.288407405620163,8.529170486898614,0.542875066351397,0.0,3.6714,29.204,27.5153,72.1334,81.6858,32.45186507745018,23.48437324068265,9.433962264150944,9.136386301854625,0.9088130740401164,0.7600250928919559,1.2238000000000009,3.46572,29.068966666666665,29.62512,71.70513333333334,72.74459999999999,28.74154857458433,24.83392044266435,9.033173017634724,8.583860123212533,0.7372377444278232,0.7455484244559185,0.542875066351397,0.571437300173918
2025,Sanghar,41,0.0,28.1733,50.6758,2486760.0,16.0,1.0,10608.0,0.2,8099.0,2307.0,192.0,32.56848268429604,9.277131689427206,0.7720889832553202,1.3429,0.0,29.9572,30.4876,68.7766,61.2962,25.177339188341456,30.288407405620163,7.632421303221863,8.529170486898614,3.912721774517847,0.542875066351397,0.4476333333333339,1.00286,29.539366666666663,29.06748,60.24953333333335,66.91355999999999,29.34474309275255,28.794093519278096,8.479574493182561,8.801814409110651,1.7425619413748548,1.3793047982113271,0.7720889832553202,0.9542731798388457
2025,Sanghar,42,0.0,28.2757,39.2011,2486760.0,16.0,1.0,10608.0,0.2,8399.0,2116.0,213.0,33.77487172063247,8.509064002959674,0.8565362157988707,0.0,1.3429,28.1733,29.9572,50.6758,68.7766,32.56848268429604,25.177339188341456,9.277131689427206,7.632421303221863,0.7720889832553202,3.912721774517847,0.4476333333333339,0.26858,28.80206666666666,29.21956,52.88450000000001,58.41662,30.50689786442332,30.852193215268063,8.472872331869581,8.67634994933166,1.847115657857346,1.39860702279271,0.8565362157988707,0.984906465305363
2025,Sanghar,43,0.0,26.9034,47.0666,2486760.0,16.0,1.0,10608.0,0.2,6981.0,1909.0,200.0,28.072672875548903,7.676655567887533,0.8042593575576251,0.0,0.0,28.2757,28.1733,39.2011,50.6758,33.77487172063247,32.56848268429604,8.509064002959674,9.277131689427206,0.8565362157988707,0.7720889832553202,0.0,0.26858,27.78413333333333,28.75944,45.64783333333335,53.40326,31.47200909349247,29.97635477488781,8.487617086758137,8.324888610078979,0.8109615188706055,1.3776962794962118,0.8042593575576251,0.8785584688309784
2024,Shaheed Benazirabad,37,0.4692,30.1355,71.7337,1845102.0,30.0,2.0,4502.0,0.5,3053.0,2532.0,82.0,16.546510707809105,13.72281857588361,0.4444198748903855,0.8714,14.7778,29.9644,28.8632,76.1947,81.4524,15.728127767462178,13.809534649032956,15.310806665430963,12.514213306364637,0.5148766843242271,0.5744939846144007,5.372799999999999,5.083679999999999,29.654366666666665,30.02094,76.46026666666667,76.19685999999999,15.361391041434745,13.369450577800034,13.849279515893068,13.34018390311213,0.511263514609671,0.5452273099264973,0.4444198748903855,0.45573920068751694
2024,Shaheed Benazirabad,38,0.0,31.476,61.2952,1845102.0,30.0,2.0,4502.0,0.5,2851.0,2344.0,95.0,15.451720284298649,12.703904716378824,0.5148766843242271,0.4692,0.8714,30.1355,29.9644,71.7337,76.1947,16.546510707809105,15.728127767462178,13.72281857588361,15.310806665430963,0.4444198748903855,0.5148766843242271,0.4468666666666661,3.9694,30.5253,30.11986,69.7412,73.60208,15.908786253189977,14.609490423835648,13.9125099858978,13.450746896377543,0.4913910811796132,0.5235482916391614,0.5148766843242271,0.5292408795995651
2024,Shaheed Benazirabad,39,0.0857,32.8096,57.9212,1845102.0,30.0,2.0,4502.0,0.5,3001.0,2328.0,70.0,16.26468347007374,12.61718864322948,0.3793828200283778,0.0,0.4692,31.476,30.1355,61.2952,71.7337,15.451720284298649,16.546510707809105,12.703904716378824,13.72281857588361,0.5148766843242271,0.4444198748903855,0.184966666666666,3.2408200000000003,31.4737,30.64974,63.65003333333333,69.71943999999999,16.087638154060496,15.560115375735323,13.014637311830638,13.3737863814575,0.4462264597476634,0.4856100096363236,0.3793828200283778,0.37733288929036646
2024,Shaheed Benazirabad,40,0.0,31.6601,58.246,1845102.0,30.0,2.0,4502.0,0.5,2694.0,1993.0,106.0,14.600818816520713,10.801570861665102,0.5744939846144007,0.0857,0.0,32.8096,31.476,57.9212,61.2952,16.26468347007374,15.451720284298649,12.61718864322948,12.703904716378824,0.3793828200283778,0.5148766843242271,0.028566666666666,0.2852599999999999,31.9819,31.20912,59.15413333333333,65.07816,15.4390741902977,15.718372209232877,12.040888073757804,13.031257892517596,0.4895844963223352,0.4856100096363236,0.5744939846144007,0.5926966918639172
2024,Shaheed Benazirabad,41,0.0,29.9971,48.8068,1845102.0,30.0,2.0,4502.0,0.5,2560.0,1834.0,82.0,13.87457170389496,9.9398298847435,0.4444198748903855,0.0,0.0857,31.6601,32.8096,58.246,57.9212,14.600818816520713,16.26468347007374,10.801570861665102,12.61718864322948,0.5744939846144007,0.3793828200283778,0.028566666666666,0.11098,31.48893333333333,31.21566,54.99133333333334,59.60058,14.913357996829804,15.347660996519432,11.119529796546027,11.957062536380104,0.4660988931777214,0.4715186477495552,0.4444198748903855,0.45999036144057487
2024,Shaheed Benazirabad,42,0.0,30.4269,45.4397,1845102.0,30.0,2.0,4502.0,0.5,2405.0,1827.0,98.0,13.034509745260696,9.901891602740662,0.531135948039729,0.0,0.0,29.9971,31.6601,48.8068,58.246,13.87457170389496,14.600818816520713,9.9398298847435,10.801570861665102,0.4444198748903855,0.5744939846144007,0.0,0.01714,30.6947,31.27394,50.83083333333334,54.34178000000001,13.836633421892124,14.645260804009752,10.214430783049757,11.192877141751511,0.5166832691815051,0.488861862379424,0.531135948039729,0.5292655796631998
2024,Shaheed Benazirabad,43,0.0,30.4415,37.4996,1845102.0,30.0,2.0,4502.0,0.5,2028.0,1679.0,97.0,10.99126227167929,9.099767926109235,0.525716193467895,0.0,0.0,30.4269,29.9971,45.4397,48.8068,13.034509745260696,13.87457170389496,9.901891602740662,9.9398298847435,0.531135948039729,0.4444198748903855,0.0,0.01714,30.2885,31.06704,43.91536666666667,49.58266,12.633447906944982,13.75316920148588,9.647163137864466,10.472049783697596,0.5004240054660031,0.4910297642081575,0.525716193467895,0.5274002988862311
2024,Shaheed Benazirabad,44,0.0,29.3843,47.8921,1845102.0,30.0,2.0,4502.0,0.5,1635.0,1404.0,84.0,8.86129872494854,7.609335418854893,0.4552593840340533,0.0,0.0,30.4415,30.4269,37.4996,45.4397,10.99126227167929,13.034509745260696,9.099767926109235,9.901891602740662,0.525716193467895,0.531135948039729,0.0,0.0,30.084233333333334,30.38198,43.61046666666667,47.57684,10.962356913962845,12.27249225246084,8.87033164923493,9.47047913882268,0.5040371751805591,0.5062050770092926,0.4552593840340533,0.4622785832928879
2025,Shaheed Benazirabad,37,17.3429,27.9248,79.8123,1949997.0,30.0,2.0,4502.0,0.5,3021.0,2063.0,142.0,15.492331526663888,10.579503455646345,0.7282062485224337,1.5429,6.6429,33.0558,31.2698,55.7252,73.7824,12.425660142041243,15.76412681660536,8.333346153865877,10.610272733752923,0.5794880710072887,0.7743601656823061,8.509566666666666,5.18288,30.750133333333338,31.71138,69.7733,64.0026,14.560706161770163,13.96822661778454,9.84104078108838,9.806168932567587,0.6940181617373428,0.6779497609483501,0.7282062485224337,0.6927829610841529
2025,Shaheed Benazirabad,38,0.0,29.671,72.8371,1949997.0,30.0,2.0,4502.0,0.5,3467.0,2112.0,143.0,17.77951453258646,10.830785893516758,0.7333344615401972,17.3429,1.5429,27.9248,33.0558,79.8123,55.7252,15.492331526663888,12.425660142041243,10.579503455646345,8.333346153865877,0.7282062485224337,0.5794880710072887,6.295266666666667,5.18288,30.2172,31.10888,69.4582,67.34532,15.2325020670972,14.840022830804354,9.914545167676328,10.06668215386998,0.6803429270233065,0.6892318295874301,0.7333344615401972,0.6918154650222188
2025,Shaheed Benazirabad,39,0.0,30.3659,64.1912,1949997.0,30.0,2.0,4502.0,0.5,2746.0,1783.0,143.0,14.082072946778892,9.143603810672529,0.7333344615401972,0.0,17.3429,29.671,27.9248,72.8371,79.8123,17.77951453258646,15.492331526663888,10.830785893516758,10.579503455646345,0.7333344615401972,0.7282062485224337,5.780966666666667,5.10574,29.320566666666668,30.45746,72.2802,69.26964,15.784639668676414,15.10874119293517,10.184631053278544,9.899502409490886,0.7316250572009427,0.7097446816584846,0.7333344615401972,0.7151436501032931
2025,Shaheed Benazirabad,40,0.4714,30.8641,62.33,1949997.0,30.0,2.0,4502.0,0.5,2520.0,1574.0,47.0,12.923096804764317,8.071807289959933,0.24102601183489,0.0,0.0,30.3659,29.671,64.1912,72.8371,14.082072946778892,17.77951453258646,9.143603810672529,10.830785893516758,0.7333344615401972,0.7333344615401972,0.1571333333333333,3.87144,30.30033333333333,30.37632,66.45276666666668,66.97916000000001,14.928228094709889,14.54053519056696,9.348732331383074,9.391809320732287,0.5692316449717614,0.6030778508890013,0.24102601183489,0.24515859892555297
2025,Shaheed Benazirabad,41,0.0,27.3013,49.4816,1949997.0,30.0,2.0,4502.0,0.5,4687.0,1835.0,114.0,24.035934414258072,9.410270887596235,0.5846162840250524,0.4714,0.0,30.8641,30.3659,62.33,64.1912,12.923096804764317,14.082072946778892,8.071807289959933,9.143603810672529,0.24102601183489,0.7333344615401972,0.1571333333333333,3.56286,29.51043333333333,29.225420000000003,58.66759999999999,65.73044,17.013701388600428,16.862590045010325,8.875227329409567,9.60719426747836,0.5196589191333798,0.6041034934925541,0.5846162840250524,0.5963070314192119
2025,Shaheed Benazirabad,42,0.0,27.9683,38.95,1949997.0,30.0,2.0,4502.0,0.5,4295.0,1745.0,121.0,22.025674911294733,8.94873171599751,0.6205137751493977,0.0,0.4714,27.3013,30.8641,49.4816,62.33,24.035934414258072,12.923096804764317,9.410270887596235,8.071807289959933,0.5846162840250524,0.24102601183489,0.1571333333333333,0.09428,28.711233333333336,29.23412,50.25386666666666,57.55798,19.66156871010571,18.16925872193649,8.810269964517893,9.281039919548594,0.48205202366978,0.5825649988179469,0.6205137751493977,0.6446987710855521
2025,Shaheed Benazirabad,43,0.0,27.932,37.1743,1949997.0,30.0,2.0,4502.0,0.5,4091.0,1657.0,134.0,20.97951945567096,8.497448970434313,0.6871805443803246,0.0,0.0,27.9683,27.3013,38.95,49.4816,22.025674911294733,24.035934414258072,8.94873171599751,9.410270887596235,0.6205137751493977,0.5846162840250524,0.0,0.09428,27.733866666666668,28.88632,41.868633333333335,50.42542,22.347042927074583,18.809259706553394,8.95215052467602,8.814372534932104,0.6307702011849249,0.5733342153859724,0.6871805443803246,0.6749150453336625
2025,Shangla,37,3.3143,18.1631,80.1396,915157.0,2000.0,2.0,1586.0,0.35,0.0,1399.0,15.0,0.0,15.286994471986771,0.1639063024158696,6.0143,7.4,16.9857,17.9827,81.0142,81.9614,12.52244150457244,7.8565754291340175,19.89822511328657,7.911210863272641,0.0,0.273177170693116,5.5762,7.228579999999999,17.7105,18.2932,81.03840000000001,83.52746,6.79300564456882,6.814131345769087,14.365476816181996,17.916051562737323,0.1456944910363285,0.181389641340229,0.1639063024158696,0.15758164751210552
2025,Shangla,38,2.5714,17.4869,68.5831,915157.0,2000.0,2.0,1586.0,0.35,1158.0,1688.0,105.0,12.653566546505136,18.4449225651992,1.1473441169110874,3.3143,6.0143,18.1631,16.9857,80.1396,81.0142,0.0,12.52244150457244,15.286994471986771,19.89822511328657,0.1639063024158696,0.0,3.966666666666667,6.87714,17.545233333333332,18.0069,76.57896666666669,80.44876000000001,8.392002683692526,8.070746330957421,17.876714050157513,15.645402919936142,0.4370834731089856,0.3562230305838233,1.1473441169110874,1.1841651245632119
2025,Shangla,39,0.7286,17.9982,57.2778,915157.0,2000.0,2.0,1586.0,0.35,1127.0,1230.0,2.0,12.314826854845672,13.44031679810131,0.0218541736554492,2.5714,3.3143,17.4869,18.1631,68.5831,80.1396,12.653566546505136,0.0,18.4449225651992,15.286994471986771,1.1473441169110874,0.1639063024158696,2.2047666666666665,4.00572,17.882733333333334,17.72332,68.66683333333334,73.79522,8.32279780045027,9.069482067011451,15.72407794509576,14.996333962369295,0.4443681976608021,0.3212563527351045,0.0218541736554492,0.021608017619216907
2025,Shangla,40,5.8429,14.8428,61.0113,915157.0,2000.0,2.0,1586.0,0.35,755.0,1099.0,5.0,8.249950554932104,12.008868423669382,0.0546354341386232,0.7286,2.5714,17.9982,17.4869,57.2778,68.5831,12.314826854845672,12.653566546505136,13.44031679810131,18.4449225651992,0.0218541736554492,1.1473441169110874,3.0476333333333336,3.6943,16.775966666666665,17.09534,62.29073333333334,69.6052,11.072781318760969,9.14815709217107,14.631369262323297,15.815865474448646,0.4079445749017199,0.2775480054242059,0.0546354341386232,0.0601361637727609
2025,Shangla,41,4.6,10.9672,59.7681,915157.0,2000.0,2.0,1586.0,0.35,652.0,1106.0,24.0,7.124460611676466,12.085358031463452,0.2622500838653914,5.8429,0.7286,14.8428,17.9982,61.0113,57.2778,8.249950554932104,12.314826854845672,12.008868423669382,13.44031679810131,0.0546354341386232,0.0218541736554492,3.723833333333333,3.41144,14.602733333333331,15.89164,59.35240000000001,65.35598,9.229746007151414,8.068560913591876,12.511514417744715,14.253292058084025,0.1129132305531546,0.3299980221972841,0.2622500838653914,0.2694503258209936
2025,Shangla,42,0.0857,14.478,54.0226,915157.0,2000.0,2.0,1586.0,0.35,543.0,1212.0,6.0,5.93340814745448,13.243629235202263,0.0655625209663478,4.6,5.8429,10.9672,14.8428,59.7681,61.0113,7.124460611676466,8.249950554932104,12.085358031463452,12.008868423669382,0.2622500838653914,0.0546354341386232,3.509533333333333,2.76572,13.429333333333332,15.15462,58.26733333333334,60.13258,7.1026064380210165,9.25524254308277,12.445951896778368,13.84461901072712,0.1274826796567874,0.3103292659073798,0.0655625209663478,0.06163679873284872
2025,Shangla,43,0.1143,12.817,42.8301,915157.0,2000.0,2.0,1586.0,0.35,543.0,1212.0,0.0,5.93340814745448,13.243629235202263,0.0,0.0857,4.6,14.478,10.9672,54.0226,59.7681,5.93340814745448,7.124460611676466,13.243629235202263,12.085358031463452,0.0655625209663478,0.2622500838653914,1.6000000000000003,2.2743,12.754066666666668,14.22064,52.20693333333333,54.98198,6.330425635528475,7.911210863272641,12.857538833955994,12.804360344727735,0.1092708682772464,0.0808604425251623,0.0,-0.0018093524827733354
2024,Sherani,37,0.0,0.0,0.0,191687.0,1500.0,0.0,2700.0,0.2,2.0,18.0,4.0,0.1043367573179193,0.9390308158612738,0.2086735146358386,0.0,0.0,0.0,0.0,0.0,0.0,2.295408660994225,0.4695154079306369,1.825893253063588,0.8346940585433544,0.2608418932947983,0.0,0.0,0.0,0.0,0.0,0.0,0.0,0.9564202754142604,1.2833421150104076,1.199872709156072,1.064234924642777,0.1565051359768789,0.1565051359768789,0.2086735146358386,0.20356746886450072
2024,Sherani,38,0.0,0.0,0.0,191687.0,1500.0,0.0,2700.0,0.2,7.0,35.0,0.0,0.3651786506127176,1.825893253063588,0.0,0.0,0.0,0.0,0.0,0.0,0.0,0.1043367573179193,2.295408660994225,0.9390308158612738,1.825893253063588,0.2086735146358386,0.2608418932947983,0.0,0.0,0.0,0.0,0.0,0.0,0.9216413563082874,1.1685716819606964,1.5302724406628163,1.1164033033017364,0.1565051359768789,0.0939030815861273,0.0,0.003456109019348952
2024,Sherani,39,0.0,0.0,0.0,191687.0,1500.0,0.0,2700.0,0.2,19.0,6.0,0.0,0.9911991945202334,0.3130102719537579,0.0,0.0,0.0,0.0,0.0,0.0,0.0,0.3651786506127176,0.1043367573179193,1.825893253063588,0.9390308158612738,0.0,0.2086735146358386,0.0,0.0,0.0,0.0,0.0,0.0,0.4869048674836236,0.8451277342751464,1.0259781136262065,1.1477043304971124,0.0695578382119462,0.0939030815861273,0.0,-0.000417600549028313
2024,Sherani,40,0.0,0.0,0.0,191687.0,1500.0,0.0,2700.0,0.2,37.0,16.0,0.0,1.9302300103815075,0.8346940585433544,0.0,0.0,0.0,0.0,0.0,0.0,0.0,0.9911991945202334,0.3651786506127176,0.3130102719537579,1.825893253063588,0.0,0.0,0.0,0.0,0.0,0.0,0.0,0.0,1.0955359518381529,1.1372706547653206,0.9911991945202332,1.1477043304971122,0.0,0.0939030815861273,0.0,0.00061159553749357
2024,Sherani,41,0.0,0.0,0.0,191687.0,1500.0,0.0,2700.0,0.2,62.0,11.0,5.0,3.234439476855499,0.5738521652485562,0.2608418932947983,0.0,0.0,0.0,0.0,0.0,0.0,1.9302300103815075,0.9911991945202334,0.8346940585433544,0.3130102719537579,0.0,0.0,0.0,0.0,0.0,0.0,0.0,0.0,2.051956227252413,1.3250768179375754,0.5738521652485562,0.897296112934106,0.0869472977649327,0.0939030815861273,0.2608418932947983,0.2655892508429522
2024,Sherani,42,0.0,0.0,0.0,191687.0,1500.0,0.0,2700.0,0.2,72.0,9.0,6.0,3.756123263445095,0.4695154079306369,0.3130102719537579,0.0,0.0,0.0,0.0,0.0,0.0,3.234439476855499,1.9302300103815075,0.5738521652485562,0.8346940585433544,0.2608418932947983,0.0,0.0,0.0,0.0,0.0,0.0,0.0,2.9735975835607005,2.0554341191630106,0.6260205439075158,0.8033930313479786,0.191284055082852,0.1147704330497112,0.3130102719537579,0.3182725135437587
2024,Sherani,43,0.0,0.0,0.0,191687.0,1500.0,0.0,2700.0,0.2,8.0,44.0,0.0,0.4173470292716772,2.295408660994225,0.0,0.0,0.0,0.0,0.0,0.0,0.0,3.756123263445095,3.234439476855499,0.4695154079306369,0.5738521652485562,0.3130102719537579,0.2608418932947983,0.0,0.0,0.0,0.0,0.0,0.0,2.4693032565240904,2.0658677948948023,1.112925411391139,0.897296112934106,0.191284055082852,0.1147704330497112,0.0,0.0036173736967999026
2024,Sherani,44,0.0,0.0,0.0,191687.0,1500.0,0.0,2700.0,0.2,11.0,45.0,0.0,0.5738521652485562,2.3475770396531845,0.0,0.0,0.0,0.0,0.0,0.0,0.0,0.4173470292716772,3.756123263445095,2.295408660994225,0.4695154079306369,0.0,0.3130102719537579,0.0,0.0,0.0,0.0,0.0,0.0,1.5824408193217765,1.9823983890404675,1.704167036192682,1.3042094664739914,0.1043367573179193,0.1147704330497112,0.0,-0.004154256996518835
2024,Shikarpur,37,0.4538,31.2539,67.9542,1386330.0,52.0,1.0,2512.0,0.35,3618.0,1832.0,2.0,26.097682369998488,13.214746849595697,0.0144265795301263,0.8429,6.5667,31.0046,29.9961,72.3438,75.2456,23.832709383768652,23.89041570188916,14.116408070228587,11.685529419402307,0.050493028355442,0.0144265795301263,2.6211333333333333,6.30124,30.751533333333334,30.764700000000005,71.84786666666668,73.66290000000001,24.606935818552103,22.39726472052109,13.005561446408864,11.773531554536076,0.0264487291385648,0.0331811329192904,0.0144265795301263,0.011514945312796732
2024,Shikarpur,38,0.0,31.9933,59.8382,1386330.0,52.0,1.0,2512.0,0.35,3443.0,1581.0,6.0,24.83535666111243,11.404211118564843,0.0432797385903789,0.4538,0.8429,31.2539,31.0046,67.9542,72.3438,26.097682369998488,23.832709383768652,13.214746849595697,14.116408070228587,0.0144265795301263,0.050493028355442,0.4322333333333333,2.8441,31.417266666666663,30.869360000000007,66.71206666666667,71.23906000000001,24.921916138293195,23.91205557118435,12.911788679463044,12.19190236090974,0.0360664488253157,0.0331811329192905,0.0432797385903789,0.04978771581845878
2024,Shikarpur,39,0.0,32.9864,56.1981,1386330.0,52.0,1.0,2512.0,0.35,3970.0,1631.0,3.0,28.63676036730072,11.764875606818002,0.0216398692951894,0.0,0.4538,31.9933,31.2539,59.8382,67.9542,24.83535666111243,26.097682369998488,11.404211118564843,13.214746849595697,0.0432797385903789,0.0144265795301263,0.1512666666666666,1.57268,32.07786666666667,31.446860000000004,61.33016666666666,66.31598,26.52326646613721,25.458584896813893,12.127944524992849,12.437154212921886,0.0264487291385648,0.0288531590602526,0.0216398692951894,0.019933252400992557
2024,Shikarpur,40,0.05,31.4778,58.1584,1386330.0,52.0,1.0,2512.0,0.35,3264.0,1267.0,4.0,23.54417779316613,9.139238132335016,0.0288531590602526,0.0,0.0,32.9864,31.9933,56.1981,59.8382,28.63676036730072,24.83535666111243,11.764875606818002,11.404211118564843,0.0216398692951894,0.0432797385903789,0.0166666666666666,0.26934,32.1525,31.7432,58.0649,62.89854,25.67209827385976,25.389337315069284,10.769441619239286,11.92789595550843,0.0312575889819403,0.0317384749662778,0.0288531590602526,0.025182499623502913
2024,Shikarpur,41,0.0143,29.148,51.8558,1386330.0,52.0,1.0,2512.0,0.35,4186.0,1436.0,9.0,30.19483095655436,10.358284102630687,0.0649196078855683,0.05,0.0,31.4778,32.9864,58.1584,56.1981,23.54417779316613,28.63676036730072,9.139238132335016,11.764875606818002,0.0288531590602526,0.0216398692951894,0.0214333333333333,0.10362,31.204066666666662,31.37188,55.40410000000001,58.80094,27.45858970567373,26.661761629626422,10.420799280594569,11.176271161988849,0.0384708787470034,0.0346237908723031,0.0649196078855683,0.06547145230690582
2024,Shikarpur,42,0.0,28.9462,46.9204,1386330.0,52.0,1.0,2512.0,0.35,3581.0,1327.0,5.0,25.830790648691146,9.572035518238804,0.0360664488253157,0.0143,0.05,29.148,31.4778,51.8558,58.1584,30.19483095655436,23.54417779316613,10.358284102630687,9.139238132335016,0.0649196078855683,0.0288531590602526,0.0214333333333333,0.01286,29.857333333333333,30.91034,52.31153333333334,54.59418,26.52326646613721,26.60838328536496,9.689852584401502,10.447728895717471,0.0432797385903789,0.038951764731341,0.0360664488253157,0.03865845652614594
2024,Shikarpur,43,0.0,29.4674,40.3853,1386330.0,52.0,1.0,2512.0,0.35,3335.0,1296.0,9.0,24.05632136648561,9.348423535521846,0.0649196078855683,0.0,0.0143,28.9462,29.148,46.9204,51.8558,25.830790648691146,30.19483095655436,9.572035518238804,10.358284102630687,0.0360664488253157,0.0649196078855683,0.0047666666666666,0.01286,29.1872,30.40516,46.38716666666667,50.70360000000001,26.693980990577035,26.4525762264396,9.759581052130445,10.03657137910887,0.0553018881988175,0.0432797385903789,0.0649196078855683,0.06585735195285208
2024,Shikarpur,44,0.0,28.3721,46.9562,1386330.0,52.0,1.0,2512.0,0.35,3083.0,1179.0,9.0,22.238572345689697,8.504468633009456,0.0649196078855683,0.0,0.0,29.4674,28.9462,40.3853,46.9204,24.05632136648561,25.830790648691146,9.348423535521846,9.572035518238804,0.0649196078855683,0.0360664488253157,0.0,0.01286,28.92856666666667,29.4823,44.75396666666668,48.85522,24.041894786955485,25.17293862211739,9.1416425622567,9.38448998434716,0.0553018881988175,0.0519356863084547,0.0649196078855683,0.06530546394450398
2025,Shikarpur,37,1.7143,29.4995,72.7346,1488188.0,52.0,1.0,2512.0,0.35,2574.0,1277.0,212.0,17.296201823963102,8.580905100699642,1.424551199176448,0.1286,1.5714,33.3189,32.8986,56.6515,64.679,9.105032428698523,14.050644139046948,5.9669880418334245,8.795931696801748,1.0818525616387176,1.2162441842025336,1.1381,0.76286,31.905666666666672,32.969939999999994,64.68836666666667,58.86782000000001,13.483959463902858,13.471416245796902,7.781274946444938,7.821592433214083,1.240882648339233,1.169207116305198,1.424551199176448,1.2867082215561203
2025,Shikarpur,38,0.0,32.2635,58.4509,1488188.0,52.0,1.0,2512.0,0.35,2869.0,1333.0,257.0,19.278478256779383,8.957201643878326,1.7269323499450338,1.7143,0.1286,29.4995,33.3189,72.7346,56.6515,17.296201823963102,9.105032428698523,8.580905100699642,5.9669880418334245,1.424551199176448,1.0818525616387176,0.6143,0.76286,31.69396666666667,32.552620000000005,62.61233333333333,60.44748,15.226570836480336,14.629872032296992,7.835031595470464,8.165634986977452,1.4111120369200665,1.3089744037715665,1.7269323499450338,1.4619162517815985
2025,Shikarpur,39,0.0,32.7686,49.3546,1488188.0,52.0,1.0,2512.0,0.35,1718.0,907.0,163.0,11.544240378231782,6.09466008326905,1.0952917238950992,0.0,1.7143,32.2635,29.4995,58.4509,72.7346,19.278478256779383,17.296201823963102,8.957201643878326,8.580905100699642,1.7269323499450338,1.424551199176448,0.5714333333333332,0.68286,31.510533333333345,32.14982,60.18003333333333,60.37411999999999,16.03964015299142,14.25491940534395,7.877588942615673,7.6791373132964384,1.4155917576721937,1.3089744037715665,1.0952917238950992,1.1103523755330769
2025,Shikarpur,40,0.0,33.4433,44.757,1488188.0,52.0,1.0,2512.0,0.35,1336.0,738.0,90.0,8.9773603872629,4.959050872604806,0.6047623015371714,0.0,0.0,32.7686,32.2635,49.3546,58.4509,11.544240378231782,19.278478256779383,6.09466008326905,8.957201643878326,1.0952917238950992,1.7269323499450338,0.0,0.36858,32.82513333333334,32.25876,50.85416666666666,56.38972,13.266693007424688,13.240262654987138,6.6703041999173935,6.911761148457049,1.142328791792435,1.186678027238494,0.6047623015371714,0.7638556603703073
2025,Shikarpur,41,0.0,28.7248,39.4689,1488188.0,52.0,1.0,2512.0,0.35,4095.0,1348.0,266.0,27.516684719941296,9.057995360801188,1.787408580098751,0.0,0.0,33.4433,32.7686,44.757,49.3546,8.9773603872629,11.544240378231782,4.959050872604806,6.09466008326905,0.6047623015371714,1.0952917238950992,0.0,0.34286,31.64556666666667,31.33994,44.526833333333336,52.9532,16.01276182847866,16.922593113235692,6.703902105558348,7.529962612250602,1.1624875351770072,1.3277892309305006,1.787408580098751,1.4928282039313363
2025,Shikarpur,42,0.0,29.5331,28.4134,1488188.0,52.0,1.0,2512.0,0.35,3312.0,1147.0,165.0,22.255252696567908,7.70735955403484,1.1087308861514809,0.0,0.0,28.7248,33.4433,39.4689,44.757,27.516684719941296,8.9773603872629,9.057995360801188,4.959050872604806,1.787408580098751,0.6047623015371714,0.0,0.0,30.567066666666676,31.346660000000004,37.54643333333333,44.08896,19.583099267924037,17.914403287756652,7.241468595813611,7.355253502917643,1.1669672559291346,1.2646251683255072,1.1087308861514809,1.1280785325139706
2025,Shikarpur,43,0.0,29.0593,31.5548,1488188.0,52.0,1.0,2512.0,0.35,3736.0,1163.0,211.0,25.1043550949208,7.814872852085893,1.4178316180482573,0.0,0.0,29.5331,28.7248,28.4134,39.4689,22.255252696567908,27.516684719941296,7.70735955403484,9.057995360801188,1.1087308861514809,1.787408580098751,0.0,0.0,29.105733333333337,30.70582,33.1457,38.70974,24.95876417047667,19.07957865538494,8.19340925564064,7.126787744559155,1.4379903614328298,1.202805021946152,1.4178316180482573,1.2814925997970192
2024,Sibi,37,0.3462,30.7116,71.4697,224148.0,130.0,0.0,7121.0,0.2,171.0,174.0,46.0,7.6288880561057875,7.762728197440976,2.052215500472902,0.6429,7.5889,30.3328,29.625,78.109,79.7,22.931277548762424,6.424326784089084,12.402519763727536,13.562467655299177,2.8998697289291004,0.044613380445063,2.8593333333333337,4.6956,30.223133333333333,30.40474,76.42623333333334,77.67193999999999,12.328164129652434,9.466959330442387,11.242571872155898,8.878062708567553,1.6655662032823553,1.1956385959276907,2.052215500472902,1.7905895668257057
2024,Sibi,38,0.0,32.8644,54.6235,224148.0,130.0,0.0,7121.0,0.2,82.0,284.0,1.0,3.658297196495173,12.670200046397916,0.044613380445063,0.3462,0.6429,30.7116,30.3328,71.4697,78.109,7.6288880561057875,22.931277548762424,7.762728197440976,12.402519763727536,2.052215500472902,2.8998697289291004,0.3297,2.7784600000000004,31.30293333333333,30.66314,68.0674,73.39608,11.40615426712113,9.350964541285224,10.945149335855476,10.421685671966737,1.6655662032823553,1.0171850741474384,0.044613380445063,0.036450337398611865
2024,Sibi,39,0.0286,33.9858,49.5457,224148.0,130.0,0.0,7121.0,0.2,146.0,247.0,1.0,6.51355354497921,11.019504969930582,0.044613380445063,0.0,0.3462,32.8644,30.7116,54.6235,71.4697,3.658297196495173,7.6288880561057875,12.670200046397916,7.762728197440976,0.044613380445063,2.052215500472902,0.1249333333333333,1.7213200000000004,32.520599999999995,31.50392,58.5463,66.68958,5.93357959919339,9.431268626086336,10.484144404589824,11.483484126559237,0.7138140871210094,1.0171850741474384,0.044613380445063,0.0414975157601328
2024,Sibi,40,1.9,31.9447,45.462,224148.0,130.0,0.0,7121.0,0.2,148.0,143.0,18.0,6.602780305869336,6.379713403644021,0.8030408480111355,0.0286,0.0,33.9858,32.8644,49.5457,54.6235,6.51355354497921,3.658297196495173,11.019504969930582,12.670200046397916,0.044613380445063,0.044613380445063,0.6428666666666666,0.5835400000000004,32.93163333333333,31.96786,49.87706666666667,59.84198,5.591543682447907,9.466959330442386,10.023139473324171,10.046933276228206,0.2974225363004205,1.1688705676606528,0.8030408480111355,0.8002048787468603
2024,Sibi,41,2.1714,27.2385,58.6196,224148.0,130.0,0.0,7121.0,0.2,128.0,269.0,32.0,5.710512696968075,12.00099933972197,1.4276281742420187,1.9,0.0286,31.9447,33.9858,45.462,49.5457,6.602780305869336,6.51355354497921,6.379713403644021,11.019504969930582,0.8030408480111355,0.044613380445063,1.3666666666666665,0.8892400000000004,31.05633333333333,31.349,51.2091,55.944100000000006,6.275615515938874,6.022806360083516,9.80007257109886,9.966629191427092,0.7584274675660724,0.8744222567232365,1.4276281742420187,1.40576337884436
2024,Sibi,42,0.0,28.512,36.7705,224148.0,130.0,0.0,7121.0,0.2,151.0,60.0,6.0,6.736620447204526,2.676802826703785,0.2676802826703784,2.1714,1.9,27.2385,31.9447,58.6196,45.462,5.710512696968075,6.602780305869336,12.00099933972197,6.379713403644021,1.4276281742420187,0.8030408480111355,1.3571333333333335,0.8200000000000005,29.23173333333333,30.90908,46.950700000000005,49.00426,6.349971150013979,5.844352838303264,7.019171856689926,8.949444117279654,0.8327831016411776,0.5175152131627317,0.2676802826703784,0.26481322074770036
2024,Sibi,43,0.0,29.0977,36.2989,224148.0,130.0,0.0,7121.0,0.2,57.0,167.0,0.0,2.542962685368596,7.4504345343255345,0.0,0.0,2.1714,28.512,27.2385,36.7705,58.6196,6.736620447204526,5.710512696968075,2.676802826703785,12.00099933972197,0.2676802826703784,1.4276281742420187,0.7238000000000001,0.8200000000000005,28.28273333333333,30.15574,43.89633333333333,45.33934000000001,4.996698609847066,5.621285936077949,7.37607890025043,7.905491014865177,0.5651028189707991,0.5085925370737192,0.0,0.012433028065819945
2025,Sibi,37,1.7857,31.3358,62.8993,163205.0,130.0,0.0,7121.0,0.2,191.0,464.0,18.0,11.70307282252382,28.430501516497657,1.1029073864158574,0.1,4.6857,33.5566,33.5593,53.4611,60.3981,9.190894886798812,11.76434545510248,24.75414356177813,26.34723200882326,0.1225452651573174,0.1225452651573174,2.1904666666666666,1.3142800000000003,32.81723333333333,33.97126,58.919500000000006,54.14312,10.886104388141703,8.210532765540274,26.510625695699687,24.03112649734996,0.4493326389101641,0.5146901136607335,1.1029073864158574,1.082364738049431
2025,Sibi,38,0.0,33.7102,49.0047,163205.0,130.0,0.0,7121.0,0.2,161.0,412.0,2.0,9.864893845164058,25.2443246224074,0.1225452651573174,1.7857,0.1,31.3358,33.5566,62.8993,53.4611,11.70307282252382,9.190894886798812,28.430501516497657,24.75414356177813,1.1029073864158574,0.1225452651573174,0.6285666666666667,1.3142800000000003,32.867533333333334,33.596140000000005,55.1217,54.45536,10.252953851495564,9.95067553077418,26.14298990022773,25.55068778530069,0.4493326389101641,0.5269446401764653,0.1225452651573174,0.113362191093452
2025,Sibi,40,0.0,32.6891,37.4057,163205.0,130.0,0.0,7121.0,0.2,251.0,420.0,2.0,15.379430777243345,25.734505683036677,0.1225452651573174,0.0,0.0,33.2123,33.7102,46.3164,49.0047,13.970160227934194,9.864893845164058,33.20976685763304,25.2443246224074,0.1225452651573174,0.1225452651573174,0.0,0.3771400000000003,33.20386666666666,32.900800000000004,44.24226666666667,49.81744,13.071494950113866,12.021690511932846,28.062865721025705,27.474648448270575,0.1225452651573174,0.3186176894090254,0.1225452651573174,0.11514756995750125
2025,Sibi,41,0.0,27.2563,35.4467,163205.0,130.0,0.0,7121.0,0.2,231.0,364.0,0.0,14.15397812567017,22.303238258631783,0.0,0.0,0.0,32.6891,33.2123,37.4057,46.3164,15.379430777243345,13.970160227934194,25.734505683036677,33.20976685763304,0.1225452651573174,0.1225452651573174,0.0,0.3571400000000003,31.052566666666664,31.640740000000005,39.72293333333334,46.21456,14.501189710282569,13.01430715970712,27.08250359976717,26.98446738764131,0.0816968434382116,0.2941086363775619,0.0,0.004064946024361082
2025,Sibi,42,0.0,27.2236,27.5807,163205.0,130.0,0.0,7121.0,0.2,183.0,361.0,0.0,11.212891761894548,22.11942036089581,0.0,0.0,0.0,27.2563,32.6891,35.4467,37.4057,14.15397812567017,15.379430777243345,22.303238258631783,25.734505683036677,0.0,0.1225452651573174,0.0,0.0,29.056333333333328,30.8183,33.477700000000006,39.15084,13.582100221602689,12.916270947581264,23.38572143418809,25.72225115652094,0.0408484217191058,0.0735271590943904,0.0,0.004158892642398243
2025,Sibi,43,0.0,26.5105,31.1199,163205.0,130.0,0.0,7121.0,0.2,228.0,241.0,0.0,13.970160227934194,14.766704451456755,0.0,0.0,0.0,27.2236,27.2563,27.5807,35.4467,11.212891761894548,14.15397812567017,22.11942036089581,22.303238258631783,0.0,0.0,0.0,0.0,26.9968,29.37836,31.38243333333333,35.57388,13.11234337183297,13.737324224135287,19.72978769032812,23.626727122330813,0.0,0.0490181060629269,0.0,0.004878847434053535
2024,Sohbat pur,37,0.2462,31.204,69.1413,240106.0,621.2798240791644,0.6690489279824079,6292.451621770203,0.3392935678944475,283.0,238.0,11.0,11.78646097973395,9.912288739140212,0.4581309921451358,0.4571,9.9111,30.8952,30.0568,73.6775,75.1908,0.5830758081847184,15.7430468209874,14.86843310871032,13.952171124420047,0.6247240801979126,0.249889632079165,3.538133333333334,6.08572,30.718666666666667,30.87166,72.66986666666666,73.77116,9.370861202968689,7.296777256711619,12.910964324090193,11.853098214955065,0.4442482348074044,0.4164827201319417,0.4581309921451358,0.47337233741864265
2024,Sohbat pur,38,0.0,31.9354,61.579,240106.0,621.2798240791644,0.6690489279824079,6292.451621770203,0.3392935678944475,420.0,254.0,0.0,17.49227424554155,10.57866109135132,0.0,0.2462,0.4571,31.204,30.8952,69.1413,73.6775,11.78646097973395,0.5830758081847184,9.912288739140212,14.86843310871032,0.4581309921451358,0.6247240801979126,0.2344333333333345,3.5143,31.34486666666667,30.87256,68.13260000000001,72.00198,9.953937011153409,9.229257078123828,11.78646097973395,11.486593421238954,0.3609516907810161,0.2665489408844427,0.0,-0.0036166414062832053
2024,Sohbat pur,39,0.0,32.8565,57.1664,240106.0,621.2798240791644,0.6690489279824079,6292.451621770203,0.3392935678944475,257.0,644.0,5.0,10.703605907390903,26.821487176497044,0.2082413600659708,0.0,0.2462,31.9354,31.204,61.579,69.1413,17.49227424554155,11.78646097973395,10.57866109135132,9.912288739140212,0.0,0.4581309921451358,0.0820666666666678,2.1228800000000003,31.99863333333333,31.38958,62.62890000000001,67.351,13.327447044222136,11.261692752367704,15.77081233566286,15.226608248023789,0.2221241174037022,0.3081972128976368,0.2082413600659708,0.2074983298790009
2024,Sohbat pur,40,0.05,31.8015,55.8773,240106.0,621.2798240791644,0.6690489279824079,6292.451621770203,0.3392935678944475,7.0,270.0,1.0,0.2915379040923592,11.245033443562429,0.0416482720131941,0.0,0.0,32.8565,31.9354,57.1664,61.579,10.703605907390903,17.49227424554155,26.821487176497044,10.57866109135132,0.2082413600659708,0.0,0.0166666666666678,0.1506600000000007,32.197799999999994,31.73852,58.20756666666667,63.4883,9.495806019008272,8.171390968988696,16.215060570470264,14.685180711852263,0.0832965440263883,0.2665489408844427,0.0416482720131941,0.04042371754358068
2024,Sohbat pur,41,0.0571,30.0836,45.7444,240106.0,621.2798240791644,0.6690489279824079,6292.451621770203,0.3392935678944475,13.0,547.0,0.0,0.5414275361715243,22.78160479121721,0.0,0.05,0.0,31.8015,32.8565,55.8773,57.1664,0.2915379040923592,10.703605907390903,11.245033443562429,26.821487176497044,0.0416482720131941,0.2082413600659708,0.0357000000000011,0.0706600000000007,31.58053333333333,31.5762,52.92936666666666,57.90168,3.845523782551596,8.163061314586058,20.28270847042556,16.267815048353643,0.0832965440263883,0.1416041248448601,0.0,0.0029377330288979653
2024,Sohbat pur,42,0.0,29.68,42.8143,240106.0,621.2798240791644,0.6690489279824079,6292.451621770203,0.3392935678944475,35.0,435.0,0.0,1.457689520461796,18.116998325739463,0.0,0.0571,0.05,30.0836,31.8015,45.7444,55.8773,0.5414275361715243,0.2915379040923592,22.78160479121721,11.245033443562429,0.0,0.0416482720131941,0.0357000000000011,0.0214200000000007,30.5217,31.2714,48.14533333333333,52.63628,0.7635516535752265,6.097307022731627,17.3812121868397,17.908756965673497,0.0138827573377313,0.049977926415833,0.0,0.0037770306869119308
2024,Sohbat pur,43,0.0,30.0723,36.7901,240106.0,621.2798240791644,0.6690489279824079,6292.451621770203,0.3392935678944475,535.0,13.0,8.0,22.281825527058885,0.5414275361715243,0.3331861761055534,0.0,0.0571,29.68,30.0836,42.8143,45.7444,1.457689520461796,0.5414275361715243,18.116998325739463,22.78160479121721,0.0,0.0,0.0190333333333345,0.0214200000000007,29.9453,30.89878,41.78293333333334,47.6785,8.093647527897401,7.0552172790350935,13.813343551042731,15.901310254637531,0.1110620587018511,0.1166151616369437,0.3331861761055534,0.33592480918457746
2024,Sohbat pur,44,0.0,28.5256,46.0622,240106.0,621.2798240791644,0.6690489279824079,6292.451621770203,0.3392935678944475,353.0,13.0,6.0,14.701840020657542,0.5414275361715243,0.249889632079165,0.0,0.0,30.0723,29.68,36.7901,42.8143,22.281825527058885,1.457689520461796,0.5414275361715243,18.116998325739463,0.3331861761055534,0.0,0.0,0.0214200000000007,29.425966666666667,30.0326,41.888866666666665,45.45766,12.813785022726076,7.854864101688422,6.399951132694171,10.645298326572432,0.1943586027282395,0.1249448160395825,0.249889632079165,0.24893803125951114
2025,Sohbat pur,37,2.6857,29.6723,72.9825,241785.0,621.2798240791644,0.6690489279824079,6292.451621770203,0.3392935678944475,97.0,316.0,24.0,4.011828690778998,13.06946253903261,0.9926174080277932,0.0714,2.4857,32.9592,33.0181,59.7663,65.2983,3.101929400086854,4.301342101453771,9.63666066960316,11.66325454432657,0.0827181173356494,0.4549496453460719,1.7476000000000014,1.0857000000000008,31.8832,32.99192,66.0157,59.899440000000006,3.805033397439874,4.135905866782472,11.456459250987445,12.068573319271252,0.5100950569031716,0.5045805157474617,0.9926174080277932,1.0001299638780836
2025,Sohbat pur,38,0.0,32.9116,56.7961,241785.0,621.2798240791644,0.6690489279824079,6292.451621770203,0.3392935678944475,19.0,68.0,18.0,0.7858221146886697,2.812415989412081,0.7444630560208451,2.6857,0.0714,29.6723,32.9592,72.9825,59.7663,4.011828690778998,3.101929400086854,13.06946253903261,9.63666066960316,0.9926174080277932,0.0827181173356494,0.9190333333333346,1.0857000000000008,31.8477,32.68056,63.18163333333334,61.082820000000005,2.633193401851507,3.515519986765101,8.506179732682616,10.033707632814275,0.606599527128096,0.595570444816676,0.7444630560208451,0.7640227899159807
2025,Sohbat pur,39,0.0,33.0648,48.8492,241785.0,621.2798240791644,0.6690489279824079,6292.451621770203,0.3392935678944475,97.0,240.0,14.0,4.011828690778998,9.926174080277931,0.5790268213495461,0.0,2.6857,32.9116,29.6723,56.7961,72.9825,0.7858221146886697,4.011828690778998,2.812415989412081,13.06946253903261,0.7444630560208451,0.9926174080277932,0.8952333333333345,1.0485600000000008,31.8829,32.3252,59.5426,60.73848,2.936493165415555,3.2425501995574586,8.602684202907541,9.421593564530472,0.7720357617993948,0.5707550096159812,0.5790268213495461,0.5904893170999137
2025,Sohbat pur,40,0.0,33.2967,44.1758,241785.0,621.2798240791644,0.6690489279824079,6292.451621770203,0.3392935678944475,110.0,300.0,13.0,4.549496453460719,12.407717600347416,0.5376677626817213,0.0,0.0,33.0648,32.9116,48.8492,56.7961,4.011828690778998,0.7858221146886697,9.926174080277931,2.812415989412081,0.5790268213495461,0.7444630560208451,0.0,0.5514200000000008,33.09103333333333,32.38092,49.94036666666667,56.51398,3.115715752976129,3.292181069958848,8.382102556679143,9.57048617573464,0.6203858800173708,0.5872986330831111,0.5376677626817213,0.5159486366627952
2025,Sohbat pur,41,0.0,28.5166,40.5254,241785.0,621.2798240791644,0.6690489279824079,6292.451621770203,0.3392935678944475,130.0,265.0,6.0,5.376677626817214,10.96015054697355,0.2481543520069483,0.0,0.0,33.2967,33.0648,44.1758,48.8492,4.549496453460719,4.011828690778998,12.407717600347416,9.926174080277931,0.5376677626817213,0.5790268213495461,0.0,0.5371400000000007,31.62603333333333,31.492400000000004,44.51680000000001,52.6658,4.646000923685643,3.74713071530492,11.0980140758663,9.835184151208718,0.4549496453460719,0.6203858800173708,0.2481543520069483,0.2524422355828187
2025,Sohbat pur,42,0.0,29.0863,30.8847,241785.0,621.2798240791644,0.6690489279824079,6292.451621770203,0.3392935678944475,129.0,254.0,9.0,5.33531856814939,10.50520090162748,0.3722315280104225,0.0,0.0,28.5166,33.2967,40.5254,44.1758,5.376677626817214,4.549496453460719,10.96015054697355,12.407717600347416,0.2481543520069483,0.5376677626817213,0.0,0.0,30.299866666666663,31.3752,38.52863333333333,44.24624,5.08716421614244,4.011828690778998,11.291023016316148,9.32233182372769,0.3860178808996974,0.4963087040138966,0.3722315280104225,0.38793444079980277
2025,Sohbat pur,43,0.0,28.3012,34.7885,241785.0,621.2798240791644,0.6690489279824079,6292.451621770203,0.3392935678944475,114.0,180.0,2.0,4.714932688132018,7.4446305602084495,0.0827181173356494,0.0,0.0,29.0863,28.5166,30.8847,40.5254,5.33531856814939,5.376677626817214,10.50520090162748,10.96015054697355,0.3722315280104225,0.2481543520069483,0.0,0.0,28.6347,30.45312,35.39953333333333,39.84472,5.14230962769954,4.797650805467668,9.63666066960316,10.248774737886963,0.2343679991176734,0.3639597162768576,0.0827181173356494,0.08265125208596563
2025,South,37,10.1429,26.2804,87.2259,2166395.0,4.0,0.0,122.0,0.95,2.0,101.0,0.0,0.0092319267723568,0.4662123020040205,0.0,0.8286,14.2143,27.7197,28.8057,80.7671,83.1844,0.0138478901585352,0.9139607504633274,0.4015888145975226,30.903874870464527,0.0,0.2031023889918505,8.395266666666666,5.502879999999999,27.60193333333333,27.83372,83.72579999999998,81.69676,0.3123468557980731,0.4699050727129633,10.590558662355354,16.32850888226755,0.0677007963306168,0.0821641482739758,0.0,0.004094158898659439
2025,South,38,1.1286,26.8777,84.4227,2166395.0,4.0,0.0,122.0,0.95,3.0,115.0,0.0,0.0138478901585352,0.5308357894105183,0.0,10.1429,0.8286,26.2804,27.7197,87.2259,80.7671,0.0092319267723568,0.0138478901585352,0.4662123020040205,0.4015888145975226,0.0,0.0,4.033366666666667,5.4486,26.959266666666664,27.6601,84.13856666666665,82.68328,0.0123092356964757,0.321271051678018,0.4662123020040181,10.779197699403849,0.0,0.0544683679569053,0.0,0.0016250943585006394
2025,South,39,0.7857,27.0286,82.9566,2166395.0,4.0,0.0,122.0,0.95,6.0,100.0,0.0,0.0276957803170705,0.4615963386178421,0.0,1.1286,10.1429,26.8777,26.2804,84.4227,87.2259,0.0138478901585352,0.0092319267723568,0.5308357894105183,0.4662123020040205,0.0,0.0,4.019066666666666,5.420019999999999,26.7289,27.342420000000004,84.8684,83.71133999999999,0.0169251990826541,0.195716847573965,0.4862148100107912,6.552821623018886,0.0,0.0406204777983701,0.0,0.0010896693018310755
2025,South,40,0.6857,29.0917,70.3919,2166395.0,4.0,0.0,122.0,0.95,6.0,84.0,0.0,0.0276957803170705,0.3877409244389873,0.0,0.7857,1.1286,27.0286,26.8777,82.9566,84.4227,0.0276957803170705,0.0138478901585352,0.4615963386178421,0.5308357894105183,0.0,0.0,0.8666666666666667,2.7142999999999997,27.666,27.39962000000001,79.25706666666666,81.15284,0.023079816930892,0.0184638535447136,0.4600576841557802,0.4495948338137781,0.0,0.0,0.0,0.001425224596728586
2025,South,41,0.1571,26.336,64.6932,2166395.0,4.0,0.0,122.0,0.95,9.0,107.0,0.0,0.0415436704756057,0.493908082321091,0.0,0.6857,0.7857,29.0917,27.0286,70.3919,82.9566,0.0276957803170705,0.0276957803170705,0.3877409244389873,0.4615963386178421,0.0,0.0,0.5428333333333333,2.579999999999999,27.485433333333333,27.12288,72.68056666666665,77.93806000000001,0.0323117437032488,0.0240030096081277,0.4477484484593044,0.4680586873584918,0.0,0.0,0.0,0.0016725682574619538
2025,South,42,0.0,27.1464,45.1837,2166395.0,4.0,0.0,122.0,0.95,5.0,98.0,0.0,0.0230798169308921,0.4523644118454852,0.0,0.1571,0.6857,26.336,29.0917,64.6932,70.3919,0.0415436704756057,0.0276957803170705,0.493908082321091,0.3877409244389873,0.0,0.0,0.2809333333333333,0.5514199999999996,27.5247,27.29608,60.0896,69.52962,0.0307730892411894,0.0267725876398348,0.4446711395351855,0.4652891093267848,0.0,0.0,0.0,0.001829663687615557
2025,South,43,0.0,28.4417,32.2497,2166395.0,4.0,0.0,122.0,0.95,12.0,80.0,0.0,0.055391560634141,0.3692770708942737,0.0,0.0,0.1571,27.1464,26.336,45.1837,64.6932,0.0230798169308921,0.0415436704756057,0.4523644118454852,0.493908082321091,0.0,0.0,0.0523666666666666,0.3256999999999996,27.30803333333333,27.60888,47.37553333333332,59.09502,0.0400050160135462,0.035081321734956,0.4385165216869476,0.4329773656235359,0.0,0.0,0.0,0.004420849351513045
2025,South Waziristan (Lower),37,0.2143,27.0096,64.0144,820861.0,621.2798240791644,0.6690489279824079,6292.451621770203,0.3392935678944475,76.0,72.0,10.0,0.9258571183184486,0.8771277963016881,0.1218233050419011,0.9857,3.0714,25.9429,26.695,65.7561,71.1139,1.2060507199148212,1.1695037284022507,1.4375149994944332,0.9258571183184486,0.1583702965544714,0.1705526270586615,1.4238000000000002,0.8828400000000001,26.549166666666668,27.84712,66.96146666666667,63.28314,1.10047052221184,1.0744815504695675,1.08016663803819,0.984332304738561,0.1502487428850113,0.1364421016469292,0.1218233050419011,0.118844792264546
2025,South Waziristan (Lower),38,0.3,27.1798,56.7394,820861.0,621.2798240791644,0.6690489279824079,6292.451621770203,0.3392935678944475,71.0,70.0,15.0,0.8649454657974981,0.8527631352933078,0.1827349575628516,0.2143,0.9857,27.0096,25.9429,64.0144,65.7561,0.9258571183184486,1.2060507199148212,0.8771277963016881,1.4375149994944332,0.1218233050419011,0.1583702965544714,0.5000000000000001,0.92856,26.710766666666668,27.30784,62.169966666666674,63.53362,0.9989511013435892,1.0354980928561597,1.0558019770298095,0.9892052369402372,0.1543095197197414,0.1486244321511193,0.1827349575628516,0.1874293602199732
2025,South Waziristan (Lower),39,0.0,26.5262,48.3966,820861.0,621.2798240791644,0.6690489279824079,6292.451621770203,0.3392935678944475,66.0,78.0,16.0,0.8040338132765473,0.9502217793268288,0.1949172880670417,0.3,0.2143,27.1798,27.0096,56.7394,64.0144,0.8649454657974981,0.9258571183184486,0.8527631352933078,0.8771277963016881,0.1827349575628516,0.1218233050419011,0.1714333333333334,0.91428,26.9052,26.6707,56.38346666666666,61.20408000000001,0.864945465797498,0.9940781691419132,0.8933709036406082,1.0086969657469411,0.1664918502239315,0.1656796948569855,0.1949172880670417,0.19958631131059634
2025,South Waziristan (Lower),40,0.0143,24.7694,51.3844,820861.0,621.2798240791644,0.6690489279824079,6292.451621770203,0.3392935678944475,57.0,133.0,2.0,0.6943928387388364,1.6202499570572848,0.0243646610083802,0.0,0.3,26.5262,27.1798,48.3966,56.7394,0.8040338132765473,0.8649454657974981,0.9502217793268288,0.8527631352933078,0.1949172880670417,0.1827349575628516,0.1047666666666668,0.30286,26.158466666666666,26.28558,52.17346666666666,57.25818,0.7877907059376273,0.8990559912092303,1.1410782905591406,1.1475755334947086,0.1340056355460912,0.1364421016469292,0.0243646610083802,0.025934688133069955
2025,South Waziristan (Lower),41,0.0571,19.2274,54.5374,820861.0,621.2798240791644,0.6690489279824079,6292.451621770203,0.3392935678944475,39.0,107.0,16.0,0.4751108896634144,1.303509363948342,0.1949172880670417,0.0143,0.0,24.7694,26.5262,51.3844,48.3966,0.6943928387388364,0.8040338132765473,1.6202499570572848,0.9502217793268288,0.0243646610083802,0.1949172880670417,0.0238000000000001,0.11714,23.507666666666665,24.94248,51.43946666666667,55.01444,0.657845847226266,0.7528680251589489,1.291327033444152,1.1207744063854903,0.1380664123808212,0.1437514999494433,0.1949172880670417,0.1939242025049055
2025,South Waziristan (Lower),42,0.0,21.6491,46.8314,820861.0,621.2798240791644,0.6690489279824079,6292.451621770203,0.3392935678944475,69.0,114.0,2.0,0.8405808047891177,1.3887856774776728,0.0243646610083802,0.0571,0.0143,19.2274,24.7694,54.5374,51.3844,0.4751108896634144,0.6943928387388364,1.303509363948342,1.6202499570572848,0.1949172880670417,0.0243646610083802,0.0238000000000001,0.07428,21.881966666666667,23.87038,50.91773333333333,51.57784,0.6700281777304561,0.7358127624530828,1.4375149994944332,1.2231059826206874,0.0812155366946007,0.1242597711427391,0.0243646610083802,0.024579805560374007
2025,South Waziristan (Lower),43,0.0,20.3125,42.8066,820861.0,621.2798240791644,0.6690489279824079,6292.451621770203,0.3392935678944475,69.0,114.0,34.0,0.8405808047891177,1.3887856774776728,0.4141992371424638,0.0,0.0571,21.6491,19.2274,46.8314,54.5374,0.8405808047891177,0.4751108896634144,1.3887856774776728,1.303509363948342,0.0243646610083802,0.1949172880670417,0.0190333333333334,0.0142799999999999,20.39633333333333,22.49692,48.05846666666667,48.79128000000001,0.7187574997472166,0.7309398302514067,1.3603602396345622,1.3303104910575605,0.2111603954059619,0.1705526270586615,0.4141992371424638,0.3950545845354687
2024,Sujawal,37,0.1462,28.5445,74.8234,839292.0,621.2798240791644,0.6690489279824079,6292.451621770203,0.3392935678944475,1569.0,1328.0,5.0,18.69432807652164,15.822860220280903,0.0595740219137082,0.2714,20.4556,28.4783,27.9565,78.0559,82.0081,28.154682756418502,18.49177640201503,32.37252350790905,31.145298656486656,0.1072332394446748,0.0,6.957733333333333,4.68606,28.32643333333333,28.8901,78.2958,76.61019999999999,21.780262411651723,27.101414048984147,26.446894128225537,31.243000052425145,0.0556024204527943,0.0333614522716766,0.0595740219137082,0.05962452381161895
2024,Sujawal,39,0.0,29.5179,72.1973,839292.0,621.2798240791644,0.6690489279824079,6292.451621770203,0.3392935678944475,1754.0,2457.0,16.0,20.898566887328844,29.27467436839622,0.1906368701238663,0.0,0.1462,28.8393,28.5445,73.0587,74.8234,13.833087888363048,18.69432807652164,29.286589172778964,15.822860220280903,0.0714888262964498,0.0595740219137082,0.0487333333333333,4.174639999999999,28.967233333333336,28.6673,73.3598,76.02868,17.808660950737842,20.014488402129416,24.79470792048536,27.58038918517036,0.1072332394446747,0.0857865915557398,0.1906368701238663,0.1864710743396912
2024,Sujawal,40,0.0,29.3461,71.8882,839292.0,621.2798240791644,0.6690489279824079,6292.451621770203,0.3392935678944475,1538.0,2047.0,7.0,18.32496914065665,24.389604571472145,0.0834036306791915,0.0,0.0,29.5179,28.8393,72.1973,73.0587,20.898566887328844,13.833087888363048,29.27467436839622,29.286589172778964,0.1906368701238663,0.0714888262964498,0.0,0.08352,29.23443333333333,28.94522,72.3814,74.0047,17.685541305449508,19.98112694985773,27.650289370882444,26.22925036816746,0.1151764423665025,0.1024673176915781,0.0834036306791915,0.08567721449967411
2024,Sujawal,41,0.0,30.8197,49.5356,839292.0,621.2798240791644,0.6690489279824079,6292.451621770203,0.3392935678944475,1672.0,1993.0,8.0,19.92155292794403,23.746205134804097,0.0953184350619331,0.0,0.0,29.3461,29.5179,71.8882,72.1973,18.32496914065665,20.898566887328844,24.389604571472145,29.27467436839622,0.0834036306791915,0.1906368701238663,0.0,0.02924,29.894566666666663,29.4135,64.54036666666667,68.30064,19.715029651976504,18.33450098416284,25.80349469155749,24.503986693546462,0.1231196452883303,0.1000843568150298,0.0953184350619331,0.09807548317374384
2024,Sujawal,42,0.0571,31.0697,56.7823,839292.0,621.2798240791644,0.6690489279824079,6292.451621770203,0.3392935678944475,1333.0,2076.0,6.0,15.882434242194613,24.73513389857165,0.0714888262964498,0.0,0.0,30.8197,29.3461,49.5356,71.8882,19.92155292794403,18.32496914065665,23.746205134804097,24.389604571472145,0.0953184350619331,0.0834036306791915,0.0190333333333333,0.01142,30.41183333333333,29.91854,59.40203333333333,64.69242,18.04298543693176,17.772122217297436,24.2903145349493,26.28644142920461,0.0834036306791915,0.1024673176915781,0.0714888262964498,0.07249068125031005
2024,Sujawal,43,0.0,30.1239,56.5094,839292.0,621.2798240791644,0.6690489279824079,6292.451621770203,0.3392935678944475,1474.0,1463.0,15.0,17.56242166016118,17.431358811951025,0.1787220657411246,0.0571,0.0,31.0697,30.8197,56.7823,49.5356,15.882434242194613,19.92155292794403,24.73513389857165,23.746205134804097,0.0714888262964498,0.0953184350619331,0.0190333333333333,0.01142,30.6711,30.17546,54.27576666666667,61.38256,17.78880294343327,18.517988971657065,21.970899281775587,23.915395357039024,0.1151764423665025,0.123913965580513,0.1787220657411246,0.18091516684259734
2024,Sujawal,44,0.0,27.5887,67.0171,839292.0,621.2798240791644,0.6690489279824079,6292.451621770203,0.3392935678944475,1408.0,1617.0,8.0,16.776044570900236,19.26623868689324,0.0953184350619331,0.0,0.0571,30.1239,31.0697,56.5094,56.7823,17.56242166016118,15.882434242194613,17.431358811951025,24.73513389857165,0.1787220657411246,0.0714888262964498,0.0190333333333333,0.01142,29.5941,29.789620000000003,60.10293333333334,60.34652,16.740300157752007,17.69348450837134,20.477577132471968,21.91370822073843,0.1151764423665025,0.1048502785681264,0.0953184350619331,0.09619146248438418
2025,Sujawal,37,18.3429,27.0465,83.933,945380.0,621.2798240791644,0.6690489279824079,6292.451621770203,0.3392935678944475,2064.0,979.0,43.0,21.832490638684973,10.35562419344602,0.4548435549726036,2.5714,16.6,28.8509,29.0995,76.4291,83.4665,25.37603926463433,18.712052296431064,37.96357020457382,36.59903953965601,0.7404429964670292,0.8039095390213459,12.504766666666669,7.628579999999999,28.3323,28.81196,81.2762,78.01824,21.973527399916787,20.180244980854265,28.30607797922528,34.561763523662435,0.6663986968203262,0.6558209397279401,0.4548435549726036,0.4777273611937649
2025,Sujawal,39,0.0429,28.456,75.2305,945380.0,621.2798240791644,0.6690489279824079,6292.451621770203,0.3392935678944475,2595.0,1745.0,63.0,27.44927965474201,18.4581861262138,0.6663986968203262,0.0571,18.3429,28.1087,27.0465,77.5918,83.933,20.266982589011825,21.832490638684973,39.18001227019823,10.35562419344602,0.7933317819289598,0.4548435549726036,6.147633333333334,7.52286,27.8704,28.31232,78.91843333333334,79.33018000000001,23.1829176274796,22.72736888870084,22.66460752995268,28.511286466817573,0.6381913445739632,0.6917853138420529,0.6663986968203262,0.6757296663912353
2025,Sujawal,41,0.0,26.9227,65.8683,945380.0,621.2798240791644,0.6690489279824079,6292.451621770203,0.3392935678944475,1518.0,1539.0,37.0,16.057035266242146,16.279168165182256,0.3913770124182869,4.7857,0.0429,28.6637,28.456,77.4017,75.2305,12.693308510863355,27.44927965474201,30.01967462819184,18.4581861262138,0.5288878546193065,0.6663986968203262,1.6095333333333333,4.64572,28.01413333333333,27.83952,72.83350000000002,76.00506,18.733207810615838,19.659819331908864,21.58567630652929,22.85853307664643,0.5288878546193065,0.5669677801518966,0.3913770124182869,0.43119854071275865
2025,Sujawal,42,0.0,26.8301,49.0806,945380.0,621.2798240791644,0.6690489279824079,6292.451621770203,0.3392935678944475,1396.0,2058.0,62.0,14.766548900971038,21.769024096130657,0.6558209397279401,0.0,4.7857,26.9227,28.6637,65.8683,77.4017,16.057035266242146,12.693308510863355,16.279168165182256,30.01967462819184,0.3913770124182869,0.5288878546193065,1.5952333333333335,0.97714,27.472166666666663,27.79624,64.11686666666667,69.03458,14.50563089269218,18.246630984366075,22.68928896316825,25.14121305718336,0.5253619355885112,0.6071632571029639,0.6558209397279401,0.6617855709391074
2025,Sujawal,43,0.0,27.2503,43.709,945380.0,621.2798240791644,0.6690489279824079,6292.451621770203,0.3392935678944475,1057.0,1901.0,56.0,11.18068924665214,20.10831623262603,0.5923543971736234,0.0,0.0,26.8301,26.9227,49.0806,65.8683,14.766548900971038,16.057035266242146,21.769024096130657,16.279168165182256,0.6558209397279401,0.3913770124182869,0.0,0.96572,27.001033333333336,27.62456,52.88596666666667,62.25802,14.00142447128844,16.429372315894135,19.38550283131298,21.32687384966892,0.5465174497732834,0.5669677801518965,0.5923543971736234,0.623911673978194
2024,Sukkur,37,0.5769,31.3177,65.5857,1639897.0,65.0,2.0,5165.0,0.75,4393.0,1875.0,2.0,26.78826779974596,11.433644917943017,0.0121958879124725,1.0714,8.1556,30.9288,30.063,70.9788,74.4935,20.983025153409027,13.83623483670011,10.616520427807355,9.805493881627932,0.0365876637374176,0.0182938318687088,3.2679666666666662,7.512220000000001,30.76983333333333,30.80874,70.35266666666668,72.18806000000001,20.53584259661837,18.37676390651364,10.618553075792768,9.84574031173909,0.022359127839533,0.0341484861549231,0.0121958879124725,0.010034887373679968
2024,Sukkur,38,0.0,32.2553,55.8313,1639897.0,65.0,2.0,5165.0,0.75,3890.0,1423.0,9.0,23.72100198975911,8.67737424972422,0.0548814956061264,0.5769,1.0714,31.3177,30.9288,65.5857,70.9788,26.78826779974596,20.983025153409027,11.433644917943017,10.616520427807355,0.0121958879124725,0.0365876637374176,0.5494333333333333,3.1665000000000005,31.500599999999995,30.963379999999997,64.13193333333334,69.24628,23.830764980971367,20.33176473888299,10.242513198491531,10.035996163173664,0.0345550157520055,0.0390268413199121,0.0548814956061264,0.051795789436565876
2024,Sukkur,39,0.0,33.1809,55.2708,1639897.0,65.0,2.0,5165.0,0.75,4673.0,1597.0,6.0,28.495692107492115,9.738416498109332,0.0365876637374176,0.0,0.5769,32.2553,31.3177,55.8313,65.5857,23.72100198975911,26.78826779974596,8.67737424972422,11.433644917943017,0.0548814956061264,0.0121958879124725,0.1923,1.9607800000000004,32.25129999999999,31.54914,58.89593333333334,64.43202,26.334987298999057,22.764844377421262,9.949811888592189,10.054289995042373,0.0345550157520055,0.0317093085724286,0.0365876637374176,0.03469636577818294
2024,Sukkur,40,0.0,31.678,57.4588,1639897.0,65.0,2.0,5165.0,0.75,3941.0,1342.0,52.0,24.03199713152716,8.183440789269083,0.3170930857242863,0.0,0.0,33.1809,32.2553,55.2708,55.8313,28.495692107492115,23.72100198975911,9.738416498109332,8.67737424972422,0.0365876637374176,0.0548814956061264,0.0,0.3296600000000007,32.3714,31.87214,56.18696666666667,61.02508,25.4162304095928,24.80399683638668,8.866410512367546,9.729879376570604,0.1361874150226101,0.0914691593435441,0.3170930857242863,0.3167552652920436
2024,Sukkur,41,0.0429,29.3586,52.0343,1639897.0,65.0,2.0,5165.0,0.75,4249.0,1203.0,4.0,25.91016387004793,7.33582657935224,0.0243917758249451,0.0,0.0,31.678,33.1809,57.4588,55.2708,24.03199713152716,28.495692107492115,8.183440789269083,9.738416498109332,0.3170930857242863,0.0365876637374176,0.0143,0.1239600000000007,31.405833333333334,31.558100000000003,54.9213,57.23618,26.145951036355736,25.789424579714456,8.419227955576885,9.07374060687958,0.1260241750955497,0.0890299817610496,0.0243917758249451,0.017036020392693474
2024,Sukkur,42,0.0,29.2419,46.7556,1639897.0,65.0,2.0,5165.0,0.75,3650.0,1248.0,31.0,22.257495440262407,7.610234057382873,0.1890362626433245,0.0429,0.0,29.3586,31.678,52.0343,57.4588,25.91016387004793,24.03199713152716,7.33582657935224,8.183440789269083,0.0243917758249451,0.3170930857242863,0.0143,0.0085800000000007,30.09283333333333,31.14294,52.0829,53.47016,24.066552147279165,24.883270107817744,7.709833808668066,8.30905843476755,0.176840374730852,0.12439805670722,0.1890362626433245,0.17852953035233338
2024,Sukkur,43,0.0,29.6357,40.3424,1639897.0,65.0,2.0,5165.0,0.75,3399.0,1098.0,15.0,20.726911507247102,6.695542463947431,0.0914691593435441,0.0,0.0429,29.2419,29.3586,46.7556,52.0343,22.257495440262407,25.91016387004793,7.610234057382873,7.33582657935224,0.1890362626433245,0.0243917758249451,0.0143,0.0085800000000007,29.412066666666664,30.61902,46.37743333333333,50.37238,22.96485693918581,24.284452011315345,7.213867700227515,7.912692077612192,0.1016323992706045,0.1317155894547035,0.0914691593435441,0.08890474418967242
2024,Sukkur,44,0.0,28.089,48.3511,1639897.0,65.0,2.0,5165.0,0.75,3739.0,969.0,16.0,22.800212452367436,5.908907693592951,0.0975671032997804,0.0,0.0,29.6357,29.2419,40.3424,46.7556,20.726911507247102,22.257495440262407,6.695542463947431,7.610234057382873,0.0914691593435441,0.1890362626433245,0.0,0.0085800000000007,28.988866666666667,29.60064,45.1497,48.98844,21.92820646662564,23.145356080290405,6.738228071641085,7.146790316708916,0.1260241750955496,0.1439114773671761,0.0975671032997804,0.09566328986434999
2025,Sukkur,37,6.5143,28.8152,75.9727,1798882.0,65.0,2.0,5165.0,0.75,2446.0,1361.0,64.0,13.597334344331648,7.565810319965401,0.3557765323128476,0.0714,1.5714,32.8485,33.1634,58.8595,62.742,9.617084389081665,14.0920860845792,6.031524024366245,8.405220575891025,0.455838682025836,0.6559629814518129,2.7190333333333334,1.7171400000000006,31.609033333333333,32.6503,65.85806666666667,59.80416,12.4355016059975,12.425495391026203,7.334184973407557,7.58915815489843,0.4891927319301655,0.5047579552188526,0.3557765323128476,0.37177482144891816
2025,Sukkur,38,0.0,31.1324,63.1637,1798882.0,65.0,2.0,5165.0,0.75,2555.0,1465.0,73.0,14.203266250926966,8.143947184973777,0.4058076071693418,6.5143,0.0714,28.8152,32.8485,75.9727,58.8595,13.597334344331648,9.617084389081665,7.565810319965401,6.031524024366245,0.3557765323128476,0.455838682025836,2.195233333333333,1.7171400000000006,30.932033333333333,32.08874000000001,65.99863333333333,62.20405999999999,12.472561661446756,12.850203626474666,7.247093843101808,7.566922121628879,0.4058076071693419,0.4914163352571208,0.4058076071693418,0.3851474856522277
2025,Sukkur,39,0.0,31.6571,53.714,1798882.0,65.0,2.0,5165.0,0.75,3164.0,1381.0,100.0,17.588702316216406,7.676990486313166,0.5559008317388244,0.0,6.5143,31.1324,28.8152,63.1637,75.9727,14.203266250926966,13.597334344331648,8.143947184973777,7.565810319965401,0.4058076071693418,0.3557765323128476,2.1714333333333333,1.6314200000000008,30.534900000000004,31.52332,64.28346666666667,62.89037999999999,15.129767637158338,13.819694677027178,7.795582663750781,7.564698518301922,0.4391616570736713,0.4858573269397325,0.5559008317388244,0.5367767699003081
2025,Sukkur,40,0.0143,32.5509,50.6831,1798882.0,65.0,2.0,5165.0,0.75,2885.0,1322.0,63.0,16.037738995665084,7.349008995587259,0.3502175239954594,0.0,0.0,31.6571,31.1324,53.714,63.1637,17.588702316216406,14.203266250926966,7.676990486313166,8.143947184973777,0.5559008317388244,0.4058076071693418,0.0047666666666663,1.3200000000000007,31.78013333333333,31.40082,55.85360000000001,60.47860000000001,15.943235854269483,14.208825259244351,7.723315555624734,7.353456202241169,0.4373086543012086,0.4247082354484618,0.3502175239954594,0.3608163711310151
2025,Sukkur,41,0.0,28.1678,44.0514,1798882.0,65.0,2.0,5165.0,0.75,4877.0,1476.0,72.0,27.111283563902468,8.20509627646505,0.4002485988519536,0.0143,0.0,32.5509,31.6571,50.6831,53.714,16.037738995665084,17.588702316216406,7.349008995587259,7.676990486313166,0.3502175239954594,0.5559008317388244,0.0047666666666663,1.3057200000000009,30.791933333333333,30.46468,49.48283333333334,57.51698,20.245908291927982,17.707665094208515,7.743698586121826,7.788170652660931,0.4354556515287457,0.4135902188136853,0.4002485988519536,0.3913237881388351
2025,Sukkur,42,0.0,28.9202,32.2306,1798882.0,65.0,2.0,5165.0,0.75,4529.0,1392.0,57.0,25.17674866945136,7.738139577804437,0.3168634740911299,0.0,0.0143,28.1678,32.5509,44.0514,50.6831,27.111283563902468,16.037738995665084,8.20509627646505,7.349008995587259,0.4002485988519536,0.3502175239954594,0.0047666666666663,0.0028600000000007,29.87963333333333,30.48568,42.3217,48.76856,22.77525707633964,20.023547959232456,7.764081616618916,7.822636504228738,0.3557765323128476,0.4058076071693418,0.3168634740911299,0.30857004053852916
2025,Sukkur,43,0.0,28.6884,34.7294,1798882.0,65.0,2.0,5165.0,0.75,4820.0,1219.0,83.0,26.794420089811336,6.77643113889627,0.4613976903432243,0.0,0.0,28.9202,28.1678,32.2306,44.0514,25.17674866945136,27.111283563902468,7.738139577804437,8.20509627646505,0.3168634740911299,0.4002485988519536,0.0,0.0028600000000007,28.592133333333333,29.99688,37.003800000000005,43.0817,26.360817441055055,22.54177872700933,7.573222331055253,7.549133295013237,0.3928365877621025,0.4169256238041183,0.4613976903432243,0.44090778710211154
2024,Surab,37,0.0692,20.6717,39.3366,279038.0,621.2798240791644,0.6690489279824079,6292.451621770203,0.3392935678944475,54.0,44.0,2.0,1.9352202925766384,1.576846164321705,0.0716748256509866,0.8571,5.4444,20.8351,20.2868,57.6555,69.4432,1.6126835771471986,1.397659100194239,2.078569943878612,1.1109597975902925,0.0,0.0,2.1235666666666666,3.62842,20.597866666666665,20.95924,55.478433333333335,64.21598,1.6485209899726918,1.7201958156236783,1.5887919685968697,1.7632007110142704,0.0238916085503288,0.0143349651301973,0.0716748256509866,0.06132948018547296
2024,Surab,38,0.0,21.9946,35.4613,279038.0,621.2798240791644,0.6690489279824079,6292.451621770203,0.3392935678944475,48.0,51.0,2.0,1.7201958156236783,1.8277080541001585,0.0716748256509866,0.0692,0.8571,20.6717,20.8351,39.3366,57.6555,1.9352202925766384,1.6126835771471986,1.576846164321705,2.078569943878612,0.0716748256509866,0.0,0.3087666666666663,2.37128,21.16713333333333,20.93442,44.15113333333333,54.75808000000001,1.7560332284491718,1.734530780753876,1.8277080541001585,1.82054057153506,0.0477832171006577,0.0286699302603946,0.0716748256509866,0.061939504064339346
2024,Surab,39,0.0,23.2886,32.356,279038.0,621.2798240791644,0.6690489279824079,6292.451621770203,0.3392935678944475,49.0,57.0,6.0,1.7560332284491718,2.0427325310531184,0.2150244769529598,0.0,0.0692,21.9946,20.6717,35.4613,39.3366,1.7201958156236783,1.9352202925766384,1.8277080541001585,1.576846164321705,0.0716748256509866,0.0716748256509866,0.0230666666666663,1.27414,21.984966666666665,21.41536,35.71796666666666,46.85052,1.8038164455498291,1.684358402798185,1.815762249824994,1.7273632981887772,0.1194580427516443,0.0716748256509866,0.2150244769529598,0.21441726259881821
2024,Surab,40,0.45,20.9581,34.3028,279038.0,621.2798240791644,0.6690489279824079,6292.451621770203,0.3392935678944475,98.0,76.0,0.0,3.5120664568983435,2.723643374737491,0.0,0.0,0.0,23.2886,21.9946,32.356,35.4613,1.7560332284491718,1.7201958156236783,2.0427325310531184,1.8277080541001585,0.2150244769529598,0.0716748256509866,0.1499999999999997,0.27526,22.08043333333333,21.54962,34.040033333333334,39.82244,2.3294318336570647,2.107239874139006,2.198027986630256,2.049900013618217,0.0955664342013154,0.0716748256509866,0.0,-0.0003321477701549169
2024,Surab,41,0.5143,16.8333,38.9033,279038.0,621.2798240791644,0.6690489279824079,6292.451621770203,0.3392935678944475,138.0,42.0,0.0,4.945562969918076,1.5051713386707186,0.0,0.45,0.0,20.9581,23.2886,34.3028,32.356,3.5120664568983435,1.7560332284491718,2.723643374737491,2.0427325310531184,0.0,0.2150244769529598,0.321433333333333,0.2067,20.36,20.74926,35.18736666666667,36.072,3.404554218421864,2.773815752693181,2.090515748153776,1.9352202925766384,0.0716748256509866,0.0716748256509866,0.0,0.0006859482060730671
2024,Surab,42,0.0,18.1779,21.9481,279038.0,621.2798240791644,0.6690489279824079,6292.451621770203,0.3392935678944475,153.0,39.0,0.0,5.483124162300475,1.397659100194239,0.0,0.5143,0.45,16.8333,20.9581,38.9033,34.3028,4.945562969918076,3.5120664568983435,1.5051713386707186,2.723643374737491,0.0,0.0,0.321433333333333,0.1928599999999999,18.656433333333336,20.2505,31.71806666666666,32.594300000000004,4.646917863038965,3.483396526637949,1.875491271200816,1.8993828797511447,0.0,0.0573398605207892,0.0,-0.002028421598543856
2024,Surab,43,0.0,18.2919,34.8776,279038.0,621.2798240791644,0.6690489279824079,6292.451621770203,0.3392935678944475,28.0,120.0,0.0,1.0034475591138126,4.300489539059196,0.0,0.0,0.5143,18.1779,16.8333,21.9481,38.9033,5.483124162300475,4.945562969918076,1.397659100194239,1.5051713386707186,0.0,0.0,0.171433333333333,0.1928599999999999,17.7677,19.50996,31.909666666666663,32.47756,3.810711563777455,3.340046875335976,2.401106659308051,2.3939391767429528,0.0,0.0430048953905919,0.0,-0.0001706279064891958
2024,Surab,44,0.0,17.8589,25.4723,279038.0,621.2798240791644,0.6690489279824079,6292.451621770203,0.3392935678944475,29.0,112.0,0.0,1.0392849719393058,4.01379023645525,0.0,0.0,0.0,18.2919,18.1779,34.8776,21.9481,1.0034475591138126,5.483124162300475,4.300489539059196,1.397659100194239,0.0,0.0,0.0,0.1928599999999999,18.109566666666662,18.42402,27.432666666666663,31.10082,2.5086188977845314,3.196697224034003,3.237312958569561,2.788150717823379,0.0,0.0,0.0,0.00020585181932802898
2024,Swabi,37,4.4308,26.8595,76.7451,1894600.0,340.0,2.0,1543.0,0.65,114.0,1538.0,46.0,0.6017101235089201,8.117808508392272,0.2427953129948274,8.5143,3.0333,26.9179,26.9207,80.1965,81.0058,0.5489285337274359,0.5225377388366937,9.442626411907527,8.028079805763749,0.2955769027763116,0.2164045181040852,5.326133333333334,6.0214,26.89936666666667,27.35052,79.31580000000001,79.75211999999999,0.5577254653576832,0.5214821070410641,8.529504908687848,9.09743481473662,0.2515922446250747,0.2417396811991977,0.2427953129948274,0.23251530593479258
2024,Swabi,38,0.0,27.0947,69.1998,1894600.0,340.0,2.0,1543.0,0.65,110.0,1573.0,63.0,0.5805974875963263,8.302544072627468,0.3325240156233506,4.4308,8.5143,26.8595,26.9179,76.7451,80.1965,0.6017101235089201,0.5489285337274359,8.117808508392272,9.442626411907527,0.2427953129948274,0.2955769027763116,4.315033333333333,3.681399999999999,26.95736666666667,27.135,75.38046666666666,77.29668000000001,0.5770787149442275,0.5658186424575108,8.620992997642423,8.877863401245644,0.2902987437981632,0.2691861078855694,0.3325240156233506,0.3338447782475955
2024,Swabi,39,7.2286,27.0107,74.6644,1894600.0,340.0,2.0,1543.0,0.65,82.0,1347.0,39.0,0.4328090362081705,7.109680143565924,0.2058482001477884,0.0,4.4308,27.0947,26.8595,69.1998,76.7451,0.5805974875963263,0.6017101235089201,8.302544072627468,8.117808508392272,0.3325240156233506,0.2427953129948274,3.8864666666666663,4.6414,26.9883,26.960700000000003,73.53643333333333,76.36232,0.538372215771139,0.5373165839755092,7.843344241528553,8.200147788451387,0.2603891762553221,0.2586297899292726,0.2058482001477884,0.20071294339740525
2024,Swabi,40,1.5,24.9111,71.7053,1894600.0,340.0,2.0,1543.0,0.65,137.0,1360.0,122.0,0.7231077800063338,7.178296210281854,0.6439353953341075,7.2286,0.0,27.0107,27.0947,74.6644,69.1998,0.4328090362081705,0.5805974875963263,7.109680143565924,8.302544072627468,0.2058482001477884,0.3325240156233506,2.909533333333333,4.33474,26.338833333333337,26.55878,71.8565,74.50222,0.5788381012702769,0.5774305922094374,7.530173475491747,8.03019106935501,0.3941025370350821,0.3441359653752771,0.6439353953341075,0.6536125805380875
2024,Swabi,41,0.4571,22.1813,67.6614,1894600.0,340.0,2.0,1543.0,0.65,107.0,1282.0,57.0,0.5647630106618812,6.7665998099862765,0.30085506175446,1.5,7.2286,24.9111,27.0107,71.7053,74.6644,0.7231077800063338,0.4328090362081705,7.178296210281854,7.109680143565924,0.6439353953341075,0.2058482001477884,3.0619,2.7233,24.70103333333333,25.61146,71.34370000000001,71.9952,0.5735599422921286,0.5805974875963263,7.01819205461135,7.494985748970758,0.3835462190787853,0.3451915971709068,0.30085506175446,0.3128544436374481
2024,Swabi,42,0.0,22.4786,67.1094,1894600.0,340.0,2.0,1543.0,0.65,107.0,1240.0,121.0,0.5647630106618812,6.544917132904042,0.6386572363559591,0.4571,1.5,22.1813,24.9111,67.6614,71.7053,0.5647630106618812,0.7231077800063338,6.7665998099862765,7.178296210281854,0.30085506175446,0.6439353953341075,0.6523666666666667,1.83714,23.19033333333333,24.73528,68.82536666666668,70.06806,0.6175446004433655,0.5732080650269186,6.829937717724056,7.180407473873112,0.5278158978148421,0.4243639818431332,0.6386572363559591,0.6435820531119031
2024,Swabi,43,0.1714,21.4301,71.5441,1894600.0,340.0,2.0,1543.0,0.65,72.0,1002.0,41.0,0.3800274464266864,5.288715296104719,0.2164045181040852,0.0,0.4571,22.4786,22.1813,67.1094,67.6614,0.5647630106618812,0.5647630106618812,6.544917132904042,6.7665998099862765,0.6386572363559591,0.30085506175446,0.2095,1.87142,22.03,23.60236,68.77163333333333,70.53692,0.5031844892501497,0.5330940567929907,6.200077412998344,6.577641718568562,0.3853056054048347,0.4011400823392801,0.2164045181040852,0.21607704617426088
2024,Swabi,44,0.2429,19.4316,80.2676,1894600.0,340.0,2.0,1543.0,0.65,99.0,912.0,29.0,0.5225377388366937,4.8136809880713605,0.1530666103663042,0.1714,0.0,21.4301,22.4786,71.5441,67.1094,0.3800274464266864,0.5647630106618812,5.288715296104719,6.544917132904042,0.2164045181040852,0.6386572363559591,0.1381,0.47428,21.113433333333333,22.086540000000003,72.97370000000001,71.65755999999999,0.4891093986417538,0.5510397973186952,5.54910447236004,6.11844188746965,0.3360427882754495,0.3905837643829832,0.1530666103663042,0.14816870857103392
2025,Swabi,37,0.8714,28.1613,77.2495,1963296.0,340.0,2.0,1543.0,0.65,641.0,1659.0,46.0,3.264917770932147,8.45007579091487,0.2342998712369403,3.8286,25.5429,26.836,27.1173,77.6345,81.3508,0.6112170554007139,0.6417779081707495,7.0289961371082095,8.09862598405946,0.0,0.0611217055400713,10.080966666666669,11.117160000000002,27.37153333333333,27.9621,78.74493333333334,78.91141999999999,1.5059709115012037,1.0472185549198898,7.859232637360846,7.330529884439228,0.0984738589256705,0.1619725196811892,0.2342998712369403,0.24035725602034663
2025,Swabi,38,6.8429,26.8069,75.9852,1963296.0,340.0,2.0,1543.0,0.65,155.0,1311.0,58.0,0.7894886965592555,6.6775463302528,0.2954215767770117,0.8714,3.8286,28.1613,26.836,77.2495,77.6345,3.264917770932147,0.6112170554007139,8.45007579091487,7.0289961371082095,0.2342998712369403,0.0,3.847633333333333,11.40002,27.26806666666667,27.5533,76.95640000000002,78.65812000000001,1.5552078409640389,1.117508516290972,7.385539419425292,6.595032027773703,0.1765738160046506,0.1599351294965201,0.2954215767770117,0.28457471316510513
2025,Swabi,39,0.6,25.8313,72.5947,1963296.0,340.0,2.0,1543.0,0.65,175.0,1467.0,64.0,0.8913582057927077,7.472128502273727,0.3259824295470474,6.8429,0.8714,26.8069,28.1613,75.9852,77.2495,0.7894886965592555,3.264917770932147,6.6775463302528,8.45007579091487,0.2954215767770117,0.2342998712369403,2.771433333333333,7.53716,26.933166666666665,26.95056,75.27646666666668,76.96294,1.6485882244280363,1.2397519273711146,7.533250207813798,7.545474548921812,0.2852346258536664,0.1833651166202141,0.3259824295470474,0.3127441222597493
2025,Swabi,40,4.9429,23.8616,71.7846,1963296.0,340.0,2.0,1543.0,0.65,171.0,1352.0,56.0,0.8709843039460172,6.886378824181377,0.2852346258536665,0.6,6.8429,25.8313,26.8069,72.5947,75.9852,0.8913582057927077,0.7894886965592555,7.472128502273727,6.6775463302528,0.3259824295470474,0.2954215767770117,4.1286,3.41716,25.49993333333333,26.29942,73.45483333333334,75.0497,0.8506104020993268,1.2855932065261684,7.012017885569301,7.303025116946197,0.3022128773925752,0.2281877006829332,0.2852346258536665,0.26742955341577523
2025,Swabi,41,4.3143,19.5042,71.8377,1963296.0,340.0,2.0,1543.0,0.65,131.0,1255.0,51.0,0.6672452854791127,6.392311704399132,0.2597672485453034,4.9429,0.6,23.8616,25.8313,71.7846,72.5947,0.8709843039460172,0.8913582057927077,6.886378824181377,7.472128502273727,0.2852346258536665,0.3259824295470474,3.285733333333333,3.5143,23.065700000000003,24.83306,72.07233333333333,73.89034000000001,0.8098625984059459,1.296798852541848,6.916939676951412,7.17568823040438,0.2903281013153391,0.2801411503919939,0.2597672485453034,0.24326207740595907
2025,Swabi,42,0.0,21.4077,68.7796,1963296.0,340.0,2.0,1543.0,0.65,140.0,1174.0,53.0,0.7130865646341663,5.979740192003651,0.2699541994686486,4.3143,4.9429,19.5042,23.8616,71.8377,71.7846,0.6672452854791127,0.8709843039460172,6.392311704399132,6.886378824181377,0.2597672485453034,0.2852346258536665,3.0857333333333337,3.34002,21.591166666666663,23.48234,70.80063333333334,72.19636,0.7504387180197654,0.7864326112822517,6.419476906861386,6.681621110622137,0.2716520246225394,0.2872720160383355,0.2699541994686486,0.25683442849870136
2025,Swabi,43,0.0,20.2631,64.4381,1963296.0,340.0,2.0,1543.0,0.65,140.0,1174.0,46.0,0.7130865646341663,5.979740192003651,0.2342998712369403,0.0,4.3143,21.4077,19.5042,68.7796,71.8377,0.7130865646341663,0.6672452854791127,5.979740192003651,6.392311704399132,0.2699541994686486,0.2597672485453034,1.4381000000000002,1.97144,20.39166666666667,22.17358,68.35180000000001,69.88694000000001,0.6978061382491484,0.7711521848972339,6.117264029468811,6.542059882972308,0.2546737730836307,0.2750476749303213,0.2342998712369403,0.23075663071627847
2025,Swat,37,1.6,24.5581,80.1007,2791410.0,980.0,1.0,5337.0,0.35,416.0,3898.0,57.0,1.4902862710959697,13.964268953682907,0.204197878491515,6.8143,10.5857,23.4042,24.287,81.1948,82.6717,0.361824311011281,0.1468791757570547,13.12240050727052,16.30358850903307,0.0,0.0179120946045188,6.333333333333333,7.77714,24.0831,24.71668,81.3224,82.70784,0.6663299192881017,0.4972397462214436,14.46341932332883,15.615047592435364,0.0740366576986779,0.0745143135547984,0.204197878491515,0.2164845694901908
2025,Swat,38,8.8286,23.3846,74.2828,2791410.0,980.0,1.0,5337.0,0.35,155.0,3523.0,73.0,0.5552749327400848,12.62086185834399,0.2615165812259754,1.6,6.8143,24.5581,23.4042,80.1007,81.1948,1.4902862710959697,0.361824311011281,13.964268953682907,13.12240050727052,0.204197878491515,0.0,5.747633333333333,8.66572,23.782300000000003,24.25412,78.5261,81.15382000000001,0.802461838282445,0.5488265786824579,13.23584377309914,14.47225595666706,0.1552381532391634,0.1232352108790897,0.2615165812259754,0.2405233102490942
2025,Swat,39,0.3571,23.159,65.3212,2791410.0,980.0,1.0,5337.0,0.35,111.0,3271.0,35.0,0.3976485002203187,11.71809229027624,0.125384662231632,8.8286,1.6,23.3846,24.5581,74.2828,80.1007,0.5552749327400848,1.4902862710959697,12.62086185834399,13.964268953682907,0.2615165812259754,0.204197878491515,3.595233333333334,5.6371400000000005,23.700566666666663,23.75858,73.2349,76.71423999999999,0.8144032346854576,0.5903826381649416,12.767741034101045,13.545842423721345,0.1970330406497075,0.1218022433107282,0.125384662231632,0.13878790998967133
2025,Swat,40,1.4857,20.9796,63.7842,2791410.0,980.0,1.0,5337.0,0.35,143.0,2647.0,94.0,0.5122859056892395,9.482662883632289,0.3367473785649546,0.3571,8.8286,23.159,23.3846,65.3212,74.2828,0.3976485002203187,0.5552749327400848,11.71809229027624,12.62086185834399,0.125384662231632,0.2615165812259754,3.5571333333333333,3.8171400000000006,22.50773333333333,23.0971,67.79606666666666,72.93674,0.4884031128832143,0.6634639841513786,11.273872344084172,12.181657298641188,0.241216207340854,0.1855693001028154,0.3367473785649546,0.32983252491356724
2025,Swat,41,6.3143,17.0459,63.7779,2791410.0,980.0,1.0,5337.0,0.35,134.0,2399.0,55.0,0.4800441354011055,8.59422299124815,0.1970330406497075,1.4857,0.3571,20.9796,23.159,63.7842,65.3212,0.5122859056892395,0.3976485002203187,9.482662883632289,11.71809229027624,0.3367473785649546,0.125384662231632,2.7190333333333334,3.71714,20.39483333333333,21.82544,64.29443333333334,69.45336,0.4633261804368879,0.6871079490293436,9.93165938838556,11.276021795436714,0.2197216938154313,0.2249759082327569,0.1970330406497075,0.18898337731989273
2025,Swat,42,0.0,19.1825,60.8635,2791410.0,980.0,1.0,5337.0,0.35,128.0,2160.0,25.0,0.4585496218756829,7.73802486915215,0.0895604730225943,6.3143,1.4857,17.0459,20.9796,63.7779,63.7842,0.4800441354011055,0.5122859056892395,8.59422299124815,9.482662883632289,0.1970330406497075,0.3367473785649546,2.6,3.3971400000000003,19.069333333333333,20.75032,62.80853333333334,65.60592,0.4836265543220093,0.4807606191852862,8.604970248010863,10.030772978530564,0.2077802974124188,0.2020484271389727,0.0895604730225943,0.09877047837710115
2025,Swat,43,0.0143,18.0331,52.4166,2791410.0,980.0,1.0,5337.0,0.35,128.0,2160.0,2.0,0.4585496218756829,7.73802486915215,0.0071648378418075,0.0,6.3143,19.1825,17.0459,60.8635,63.7779,0.4585496218756829,0.4800441354011055,7.73802486915215,8.59422299124815,0.0895604730225943,0.1970330406497075,2.1095333333333333,1.63428,18.087166666666665,19.680020000000003,59.01933333333333,61.23268,0.4657144597174904,0.4614155570124059,8.02342424318415,9.054205580692196,0.0979194505047031,0.1511780784621392,0.0071648378418075,0.011733837173136641
2024,Tando Allahyar,40,0.0,31.1337,61.7561,922012.0,18.0,0.0,2343.0,0.2,3723.0,1364.0,7.0,40.37908400324508,14.793733704116647,0.075920920768927,0.0,0.0,31.3593,30.2262,63.5895,66.439,52.157672568252906,48.47008498804788,14.685275245875326,16.9845945605914,0.075920920768927,0.1409959957137217,0.0,0.8659399999999999,30.9064,30.11114,63.9282,68.73084,47.00228051984863,48.22713804158731,15.487867836861126,16.81756853489976,0.0976126124171919,0.093274274087539,0.075920920768927,0.08200077180866125
2024,Tando Allahyar,42,0.0,32.2304,42.3237,922012.0,18.0,0.0,2343.0,0.2,3361.0,1213.0,20.0,36.45288781490913,13.156010984672651,0.2169169164826488,0.0,0.0,31.7816,31.1337,38.743,61.7561,44.793343253666976,40.37908400324508,14.576816787634,14.793733704116647,0.1301501498895892,0.075920920768927,0.0,0.0,31.71523333333333,31.34624,47.6076,54.570260000000005,40.54177169060706,44.4506145256244,14.175520492141102,14.839286256578005,0.1409959957137217,0.1279809807247628,0.2169169164826488,0.21252446011471185
2024,Tando Allahyar,43,0.0,31.9069,35.4573,922012.0,18.0,0.0,2343.0,0.2,3056.0,1208.0,14.0,33.14490483854874,13.101781755551988,0.1518418415378541,0.0,0.0,32.2304,31.7816,42.3237,38.743,36.45288781490913,44.793343253666976,13.156010984672651,14.576816787634,0.2169169164826488,0.1301501498895892,0.0,0.0,31.972966666666668,31.68238,38.84133333333333,48.37392,38.13037863570829,41.38557849572457,13.611536509286212,14.062723695570122,0.1663029693033641,0.1301501498895893,0.1518418415378541,0.15154642528000417
2024,Tando Allahyar,44,0.0,29.5069,46.0799,922012.0,18.0,0.0,2343.0,0.2,2093.0,973.0,8.0,22.7003553099092,10.553007986880864,0.0867667665930595,0.0,0.0,31.9069,32.2304,35.4573,42.3237,33.14490483854874,36.45288781490913,13.101781755551988,13.156010984672651,0.1518418415378541,0.2169169164826488,0.0,0.0,31.21473333333334,31.3119,41.28696666666667,44.872,30.766049321122363,35.494115044055825,12.270266909035168,13.23627024377123,0.1518418415378541,0.1323193190544158,0.0867667665930595,0.0931706404309193
2025,Tando Allahyar,37,10.9571,27.2429,83.1094,1011871.0,18.0,0.0,2343.0,0.2,3955.0,1491.0,50.0,39.08600997557989,14.73507986690003,0.4941341336988608,3.7429,13.2286,30.4203,30.1819,68.0621,78.7655,22.206387968426803,33.76912669698015,11.305788979029936,17.2650466314382,0.3458938935892026,0.592960960438633,9.309533333333333,5.705720000000001,29.2817,30.07826,76.64566666666667,71.23,31.68717488032895,33.19593110188947,14.435305159122722,16.130514660465614,0.4776629959088987,0.5731955950906785,0.4941341336988608,0.4880053987340189
2025,Tando Allahyar,40,0.9571,29.6119,69.6877,1011871.0,18.0,0.0,2343.0,0.2,3724.0,1324.0,205.0,36.80311027789116,13.084671860345834,2.0259499481653296,0.0286,0.0,29.484,28.4816,66.918,75.9561,49.98660896497676,45.85564760725429,10.72271070126528,15.69370008627582,0.3063631628932937,0.3755419416111342,0.328566666666666,3.13714,29.1925,29.04814,70.85393333333333,72.74666,44.21512228337407,38.78755295882578,13.167027549295645,13.108390298763378,0.9026183508899192,0.7095766159915641,2.0259499481653296,1.4714866603119245
2025,Tando Allahyar,43,0.0,28.0575,35.0501,1011871.0,18.0,0.0,2343.0,0.2,3741.0,910.0,56.0,36.971115883348766,8.993241233319267,0.553430229742724,0.0,0.0,28.6736,27.8697,33.2672,49.3578,43.533217178869634,54.75994469650775,10.72271070126528,14.389185973310829,0.3755419416111342,0.4348380376549975,0.0,0.1971399999999999,28.200266666666664,28.73934000000001,39.225033333333336,50.85616,45.088092586242055,44.410799400318815,11.368379302631793,11.582504093901298,0.4546034030029519,0.7392246640134956,0.553430229742724,0.5508569709079915
2024,Tando Muhammad Khan,37,1.7538,28.8133,74.5564,726119.0,14.0,2.0,1733.0,0.2,2565.0,1585.0,1.0,35.3247883611364,21.82837799313887,0.0137718473142831,3.2429,17.7,28.7782,28.5802,77.7014,79.0264,35.999608879536275,24.80309701302404,25.353970905595364,18.839887125939413,0.0275436946285663,0.0275436946285663,7.565566666666666,5.24792,28.723900000000004,29.28406,77.09473333333334,75.33272,32.04249808456557,33.115784051925374,22.00741200822455,22.81995099976725,0.0229530788571386,0.0165262167771398,0.0137718473142831,0.0162210498550083
2024,Tando Muhammad Khan,38,0.0,29.6564,69.524,726119.0,14.0,2.0,1733.0,0.2,2215.0,1525.0,3.0,30.50464180113728,21.002067154281875,0.0413155419428495,1.7538,3.2429,28.8133,28.7782,74.5564,77.7014,35.3247883611364,35.999608879536275,21.82837799313887,25.353970905595364,0.0137718473142831,0.0275436946285663,1.6655666666666669,4.72792,29.082633333333337,29.24232,73.92726666666667,74.2438,33.94301301393666,32.20133339025697,22.728138684338703,22.39026936356162,0.0275436946285663,0.0247893251657097,0.0413155419428495,0.04055860324846866
2024,Tando Muhammad Khan,39,0.0,30.3073,69.3592,726119.0,14.0,2.0,1733.0,0.2,2028.0,1498.0,1.0,27.92930635336632,20.630227276796223,0.0137718473142831,0.0,1.7538,29.6564,28.8133,69.524,74.5564,30.50464180113728,35.3247883611364,21.002067154281875,21.82837799313887,0.0413155419428495,0.0137718473142831,0.5846,4.53934,29.59233333333334,29.22708,71.14653333333332,74.03348,31.25291217188,30.912288481640054,21.15355747473899,21.53090609115035,0.0229530788571386,0.0247893251657097,0.0137718473142831,0.016318829240439342
2024,Tando Muhammad Khan,40,0.0,30.0441,67.8429,726119.0,14.0,2.0,1733.0,0.2,1440.0,1214.0,0.0,19.8314601325678,16.7190226395398,0.0,0.0,0.0,30.3073,29.6564,69.3592,69.524,27.92930635336632,30.50464180113728,20.630227276796223,21.002067154281875,0.0137718473142831,0.0413155419428495,0.0,0.99934,30.002600000000005,29.51986,68.9087,71.79678,26.088469429023803,29.91796110554882,19.4504390235393,21.10673319387043,0.0183624630857109,0.0192805862399964,0.0,0.004549559983064555
2024,Tando Muhammad Khan,41,0.0,31.2966,43.8017,726119.0,14.0,2.0,1733.0,0.2,1460.0,1062.0,0.0,20.106897078853468,14.625701847768754,0.0,0.0,0.0,30.0441,30.3073,67.8429,69.3592,19.8314601325678,27.92930635336632,16.7190226395398,20.630227276796223,0.0,0.0137718473142831,0.0,0.35076,30.549333333333337,30.023540000000004,60.3346,65.01684,22.622554521595863,26.73941874541225,17.32498392136826,18.96107938230511,0.0045906157714277,0.0137718473142831,0.0,0.004719558714576494
2024,Tando Muhammad Khan,42,0.0,31.6466,48.9487,726119.0,14.0,2.0,1733.0,0.2,1301.0,963.0,2.0,17.917173355882436,13.262288963654717,0.0275436946285663,0.0,0.0,31.2966,30.0441,43.8017,67.8429,20.106897078853468,19.8314601325678,14.625701847768754,16.7190226395398,0.0,0.0,0.0,0.0,30.99576666666667,30.590200000000003,53.5311,59.8953,19.285176855767904,23.25789574436146,14.869004483654424,17.247861576408276,0.0091812315428554,0.0165262167771398,0.0275436946285663,0.035524401761062335
2024,Tando Muhammad Khan,43,0.0,31.1186,43.287,726119.0,14.0,2.0,1733.0,0.2,1232.0,967.0,0.0,16.966915891196898,13.31737635291185,0.0,0.0,0.0,31.6466,31.2966,48.9487,43.8017,17.917173355882436,20.106897078853468,13.262288963654717,14.625701847768754,0.0275436946285663,0.0,0.0,0.0,31.35393333333333,30.88264,45.3458,54.64790000000001,18.33032877531093,20.55035056237339,13.735122388111774,15.71092341613427,0.0091812315428554,0.0082631083885698,0.0,0.005236069158870205
2024,Tando Muhammad Khan,44,0.0,28.8493,54.0048,726119.0,14.0,2.0,1733.0,0.2,915.0,824.0,0.0,12.601240292569123,11.348002186969351,0.0,0.0,0.0,31.1186,31.6466,43.287,48.9487,16.966915891196898,17.917173355882436,13.31737635291185,13.262288963654717,0.0,0.0275436946285663,0.0,0.0,30.53816666666667,30.591040000000003,48.746833333333335,51.577020000000005,15.828443179882818,17.484737350213944,12.642555834511974,13.854478398168894,0.0091812315428554,0.0055087389257132,0.0,0.0030748874753898925
2025,Tando Muhammad Khan,37,12.5714,27.2002,83.3366,818443.0,14.0,2.0,1733.0,0.2,2604.0,1668.0,121.0,31.81651012959974,20.38016086642564,1.4784169453462246,2.8,13.0286,30.0761,29.7362,69.761,80.8638,23.703544412989054,33.83253323689004,17.569946838081577,20.563435694361125,0.4032046214580612,0.9285924615397774,9.466666666666669,5.851440000000001,29.004166666666663,29.71198,77.98713333333333,73.21202,29.784195926492945,33.82275857940015,19.504514466289447,20.609865317438118,0.936738009448021,0.921261468422358,1.4784169453462246,1.2642665508630473
2025,Tando Muhammad Khan,38,0.0429,28.5076,75.8615,818443.0,14.0,2.0,1733.0,0.2,2863.0,1741.0,145.0,34.981055491952404,21.272098362378323,1.7716566700429963,12.5714,2.8,27.2002,30.0761,83.3366,69.761,31.81651012959974,23.703544412989054,20.38016086642564,17.569946838081577,1.4784169453462246,0.4032046214580612,5.1381,5.85144,28.594633333333334,29.35066,76.3197,75.02996,30.1670366781804,32.9014971109778,19.740735355628512,20.06492816237661,1.2177594122824271,1.1314166044550444,1.7716566700429963,1.3979102560898358
2025,Tando Muhammad Khan,39,0.0,29.1892,69.4328,818443.0,14.0,2.0,1733.0,0.2,2831.0,1375.0,104.0,34.59006919235671,16.80019256075255,1.270705473686011,0.0429,12.5714,28.5076,27.2002,75.8615,83.3366,34.981055491952404,31.81651012959974,21.272098362378323,20.38016086642564,1.7716566700429963,1.4784169453462246,4.204766666666667,5.68858,28.299000000000003,28.94186,76.2103,75.85114,33.795878271302946,31.78474249275759,19.48415059651884,19.317166864399844,1.506926363025077,1.170515234414614,1.270705473686011,1.2206321832304452
2025,Tando Muhammad Khan,40,2.8,29.3618,72.1852,818443.0,14.0,2.0,1733.0,0.2,2089.0,1289.0,54.0,25.52407437048151,15.749416880589118,0.6597893805677365,0.0,0.0429,29.1892,28.5076,69.4328,75.8615,34.59006919235671,34.981055491952404,16.80019256075255,21.272098362378323,1.270705473686011,1.7716566700429963,0.9476333333333332,3.64286,29.01953333333334,28.86698,72.49316666666667,74.11542,31.69839968493021,30.123050719475884,17.940569267906664,18.354363101645443,1.2340505080989146,1.116754618220206,0.6597893805677365,0.7055603333239959
2025,Tando Muhammad Khan,41,0.0,27.5764,55.3799,818443.0,14.0,2.0,1733.0,0.2,2003.0,1560.0,81.0,24.47329869031808,19.06058210529017,0.9896840708516048,2.8,0.0,29.3618,29.1892,72.1852,69.4328,25.52407437048151,34.59006919235671,15.749416880589118,16.80019256075255,0.6597893805677365,1.270705473686011,0.9333333333333332,3.08286,28.709133333333337,28.367040000000003,65.66596666666666,71.23920000000001,28.195814084385432,30.27700157494169,17.20339718221061,18.65249015508716,0.9733929750351176,1.2340505080989146,0.9896840708516048,1.016549313706158
2025,Tando Muhammad Khan,42,0.0,28.1038,37.2375,818443.0,14.0,2.0,1733.0,0.2,2091.0,1172.0,89.0,25.548511014206245,14.319873222692356,1.0874306457505287,0.0,2.8,27.5764,29.3618,55.3799,72.1852,24.47329869031808,25.52407437048151,19.06058210529017,15.749416880589118,0.9896840708516048,0.6597893805677365,0.9333333333333332,0.56858,28.34733333333333,28.54776,54.9342,62.01938,25.181961358335275,29.02340175186299,16.37662406952388,17.440432626340503,0.9123013657232898,1.1558532481797754,1.0874306457505287,1.0941312764453466
2025,Tando Muhammad Khan,43,0.0,28.866,31.2365,818443.0,14.0,2.0,1733.0,0.2,1425.0,770.0,82.0,17.411108653870823,9.408107834021427,1.0019023927139703,0.0,0.0,28.1038,27.5764,37.2375,55.3799,25.548511014206245,24.47329869031808,14.319873222692356,19.06058210529017,1.0874306457505287,0.9896840708516048,0.0,0.5599999999999999,28.182066666666667,28.619440000000004,41.28463333333333,53.09438,22.477639452798385,25.50941238424668,14.26285438733465,15.067634520669122,1.0263390364387013,1.0019023927139703,1.0019023927139703,1.0723289616802194
2024,Tank,37,2.6615,28.9096,72.8749,470293.0,250.0,0.0,1679.0,0.2,274.0,366.0,24.0,5.826155184108631,7.782382472203499,0.5103201621117048,6.6571,15.0111,28.6999,28.7525,77.0942,74.6533,4.018771276629676,4.018771276629676,6.634162107452164,7.6973291118515474,0.8717969436074957,0.4677934819357294,8.109900000000001,7.188799999999999,28.787333333333333,29.0928,74.87413333333333,75.6955,4.621232579122661,5.069180276976268,7.371291230502403,6.451297382695469,0.6166368625516433,0.5911208544460581,0.5103201621117048,0.5370638352781746
2024,Tank,38,0.0,30.3086,52.1088,470293.0,250.0,0.0,1679.0,0.2,336.0,343.0,14.0,7.144482269563867,7.293325650179781,0.2976867612318278,2.6615,6.6571,28.9096,28.6999,72.8749,77.0942,5.826155184108631,4.018771276629676,7.782382472203499,6.634162107452164,0.5103201621117048,0.8717969436074957,3.1062,5.485939999999999,29.306033333333332,29.180060000000005,67.35929999999999,70.72038,5.6631362434340575,5.451920398560047,7.236623409945149,7.004144224983149,0.5599346223170095,0.480551485988522,0.2976867612318278,0.3028583141436146
2024,Tank,39,0.9143,30.5005,61.8538,470293.0,250.0,0.0,1679.0,0.2,494.0,420.0,12.0,10.504090003465926,8.930602836954835,0.2551600810558524,0.0,2.6615,30.3086,28.9096,52.1088,72.8749,7.144482269563867,5.826155184108631,7.293325650179781,7.782382472203499,0.2976867612318278,0.5103201621117048,1.1919333333333333,5.0488,29.906233333333333,29.43422,62.27916666666666,67.717,7.824909152379473,6.302454002079555,8.002103653112705,7.667560435728364,0.3543890014664617,0.480551485988522,0.2551600810558524,0.24545485247170784
2024,Tank,40,0.1875,29.5412,48.7088,470293.0,250.0,0.0,1679.0,0.2,496.0,380.0,0.0,10.5466166836419,8.080069233435326,0.0,0.9143,0.0,30.5005,30.3086,61.8538,52.1088,10.504090003465926,7.144482269563867,8.930602836954835,7.293325650179781,0.2551600810558524,0.2976867612318278,0.3672666666666666,2.08408,30.116766666666667,29.59196,54.22379999999999,62.5281,9.398396318890564,7.608023083482,8.101332573523313,7.744108460045121,0.1842822807625601,0.3869927896013762,0.0,0.011130179224324882
2024,Tank,41,0.2286,27.0529,42.4688,470293.0,250.0,0.0,1679.0,0.2,532.0,351.0,18.0,11.312096926809458,7.463432370883684,0.3827401215837786,0.1875,0.9143,29.5412,30.5005,48.7088,61.8538,10.5466166836419,10.504090003465926,8.080069233435326,8.930602836954835,0.0,0.2551600810558524,0.4434666666666667,0.7983800000000001,29.03153333333333,29.26256,51.010466666666666,55.60302,10.787601204639094,9.066688213517956,8.158034813757949,7.9099625127314255,0.212633400879877,0.2891814251966327,0.3827401215837786,0.3739353952779287
2024,Tank,42,0.0,27.1836,37.9048,470293.0,250.0,0.0,1679.0,0.2,655.0,462.0,1.0,13.927487757631944,9.823663120650318,0.0212633400879877,0.2286,0.1875,27.0529,29.5412,42.4688,48.7088,11.312096926809458,10.5466166836419,7.463432370883684,8.080069233435326,0.3827401215837786,0.0,0.1387,0.26608,27.9259,28.917359999999995,43.02746666666666,48.609,11.9287337893611,10.68695472822262,8.455721574989775,8.318218642420788,0.1346678205572554,0.1913700607918893,0.0212633400879877,0.030689751708395996
2024,Tank,43,0.0,26.7711,47.2517,470293.0,250.0,0.0,1679.0,0.2,677.0,340.0,15.0,14.395281239567677,7.229535629915818,0.3189501013198155,0.0,0.2286,27.1836,27.0529,37.9048,42.4688,13.927487757631944,11.312096926809458,9.823663120650318,7.463432370883684,0.0212633400879877,0.3827401215837786,0.0762,0.26608,27.00253333333333,28.20986,42.54176666666666,47.63758,13.211621974669692,12.13711452222338,8.172210373816608,8.305460638367995,0.240984520997194,0.1956227288094868,0.3189501013198155,0.31562309090125396
2024,Tank,44,0.0,24.1407,58.7149,470293.0,250.0,0.0,1679.0,0.2,604.0,327.0,16.0,12.843057413144573,6.953112208771978,0.3402134414078032,0.0,0.0,26.7711,27.1836,47.2517,37.9048,14.395281239567677,13.927487757631944,7.229535629915818,9.823663120650318,0.3189501013198155,0.0212633400879877,0.0,0.08322,26.0318,26.937900000000003,47.95713333333333,47.0098,13.721942136781395,12.60490800415911,8.002103653112705,7.9099625127314255,0.2268089609385355,0.212633400879877,0.3402134414078032,0.33999561463806116
2025,Tank,37,0.1714,30.9931,65.0947,472690.0,250.0,0.0,1679.0,0.2,54.0,565.0,5.0,1.142397765977702,11.952865514396327,0.1057775709238613,4.0429,10.7857,29.4857,30.3309,66.625,70.0088,3.08870507097675,5.077323404345343,11.614377287439972,12.291353741352683,0.0,0.1057775709238613,5.0,3.0914200000000003,30.2699,31.660540000000005,67.24283333333334,62.95462,3.1028087470999317,4.104169751845818,11.952865514396327,12.579068734265586,0.0705183806159075,0.0803909539021346,0.1057775709238613,0.10472176261941896
2025,Tank,38,0.6286,31.4267,58.0939,472690.0,250.0,0.0,1679.0,0.2,237.0,585.0,2.0,5.013856861791026,12.375975798091773,0.0423110283695445,0.1714,4.0429,30.9931,29.4857,65.0947,66.625,1.142397765977702,3.08870507097675,11.952865514396327,11.614377287439972,0.1057775709238613,0.0,1.6143,3.1857200000000003,30.635166666666667,31.19274,63.27119999999999,63.38618,3.0816532329151585,3.9518500497154574,11.981072866642693,12.016332056950644,0.0493628664311353,0.0676976453912712,0.0423110283695445,0.0506266842332925
2025,Tank,39,0.0,30.2904,54.7517,472690.0,250.0,0.0,1679.0,0.2,334.0,665.0,1.0,7.065941737713935,14.068416932873554,0.0211555141847722,0.6286,0.1714,31.4267,30.9931,58.0939,65.0947,5.013856861791026,1.142397765977702,12.375975798091773,11.952865514396327,0.0423110283695445,0.1057775709238613,0.2666666666666666,3.1257200000000003,30.9034,30.505360000000003,59.31343333333333,62.91482,4.40739878849422,4.277644968160951,12.799086081787218,12.460597854830862,0.056414704492726,0.0550043368804078,0.0211555141847722,0.029632544644690423
2025,Tank,40,1.3286,28.4999,54.7621,472690.0,250.0,0.0,1679.0,0.2,413.0,659.0,0.0,8.737227358310944,13.94148384776492,0.0,0.0,0.6286,30.2904,31.4267,54.7517,58.0939,7.065941737713935,5.013856861791026,14.068416932873554,12.375975798091773,0.0211555141847722,0.0423110283695445,0.6524,1.2343,30.072333333333333,30.13916,55.86923333333332,59.865480000000005,6.9390086526053,5.009625758954071,13.461958859576749,12.790623876113308,0.0211555141847723,0.0338488226956356,0.0,0.004100480484764801
2025,Tank,41,0.3,23.3002,56.0402,472690.0,250.0,0.0,1679.0,0.2,237.0,678.0,0.0,5.013856861791026,14.343438617275591,0.0,1.3286,0.0,28.4999,30.2904,54.7621,54.7517,8.737227358310944,7.065941737713935,13.94148384776492,14.068416932873554,0.0,0.0211555141847722,0.5428666666666667,0.48572,27.3635,28.90206,55.18466666666666,57.74852,6.9390086526053,5.394656117116926,14.11777979930469,13.336436142080434,0.0070518380615907,0.0338488226956356,0.0,0.004976016038843151
2025,Tank,42,0.0,24.8636,53.2352,472690.0,250.0,0.0,1679.0,0.2,353.0,642.0,0.0,7.467896507224608,13.58184010662379,0.0,0.3,1.3286,23.3002,28.4999,56.0402,54.7621,5.013856861791026,8.737227358310944,14.343438617275591,13.94148384776492,0.0,0.0,0.5428666666666667,0.45144,25.55456666666667,27.67616,54.67916666666667,55.37662,7.0729935757755245,6.659755865366307,13.9555875238881,13.662231060525926,0.0,0.0126933085108633,0.0,0.00452785561105673
2025,Tank,43,0.0,23.8598,48.7791,472690.0,250.0,0.0,1679.0,0.2,353.0,642.0,0.0,7.467896507224608,13.58184010662379,0.0,0.0,0.3,24.8636,23.3002,53.2352,56.0402,7.467896507224608,5.013856861791026,13.58184010662379,14.343438617275591,0.0,0.0,0.0999999999999999,0.32572,24.00786666666667,26.162780000000005,52.68483333333333,53.51366,6.649883292080079,7.150563794453023,13.835706276841057,13.903403922232332,0.0,0.0042311028369544,0.0,0.002983346539911891
2024,Tharparkar,37,3.7154,28.2678,77.9919,1778407.0,56.0,0.0,19638.0,0.35,4635.0,3989.0,67.0,26.06265045065612,22.430186116001565,0.3767416569997756,6.9,19.3222,27.887,27.8313,82.903,82.6859,23.8134465282694,16.599124947213998,25.494726460253474,16.59350193740803,0.3261345687460744,0.3205115589401076,9.9792,6.55324,27.99536666666667,28.914480000000005,81.1936,77.18064000000001,22.158407308713176,20.718541931065275,21.50613817122102,20.75790299970704,0.3411292615619859,0.3058917334445939,0.3767416569997756,0.3827497852814721
2024,Tharparkar,38,0.0714,30.6579,62.2928,1778407.0,56.0,0.0,19638.0,0.35,4499.0,3694.0,28.0,25.29792111704464,20.771398223241363,0.1574442745670704,3.7154,6.9,28.2678,27.887,77.9919,82.903,26.06265045065612,23.8134465282694,22.430186116001565,25.494726460253474,0.3767416569997756,0.3261345687460744,3.5622666666666656,6.29894,28.93756666666667,29.18174,74.3959,74.14096,25.058006031990057,21.993840555058547,22.8987702664988,20.96482976056662,0.2867735001043068,0.2800258883371466,0.1574442745670704,0.14084901558943858
2024,Tharparkar,39,0.4143,31.3528,63.1361,1778407.0,56.0,0.0,19638.0,0.35,5126.0,3332.0,46.0,28.82354826538582,18.73586867348138,0.2586584510744728,0.0714,3.7154,30.6579,28.2678,62.2928,77.9919,25.29792111704464,26.06265045065612,20.771398223241363,22.430186116001565,0.1574442745670704,0.3767416569997756,1.4003666666666656,6.084659999999999,30.09283333333333,29.19936,67.80693333333333,73.80194,26.728039944362195,24.119338261713995,20.6458176709081,20.80513628207716,0.2642814608804396,0.2878981020655001,0.2586584510744728,0.2453018369532589
2024,Tharparkar,40,0.0,30.9964,60.3767,1778407.0,56.0,0.0,19638.0,0.35,3972.0,2537.0,31.0,22.334594949300133,14.265575877737772,0.1743133039849708,0.4143,0.0714,31.3528,30.6579,63.1361,62.2928,28.82354826538582,25.29792111704464,18.73586867348138,20.771398223241363,0.2586584510744728,0.1574442745670704,0.1618999999999988,2.2202199999999994,31.00236666666667,29.83238,61.9352,69.34009999999999,25.48535477724353,25.266432262131225,17.92428092482017,20.33955107014311,0.196805343208838,0.2586584510744728,0.1743133039849708,0.17764505783505474
2024,Tharparkar,41,0.3714,31.6281,46.2548,1778407.0,56.0,0.0,19638.0,0.35,4099.0,2484.0,41.0,23.048717194657915,13.967556358021533,0.2305434020446388,0.0,0.4143,30.9964,31.3528,60.3767,63.1361,22.334594949300133,28.82354826538582,14.265575877737772,18.73586867348138,0.1743133039849708,0.2586584510744728,0.2618999999999988,0.9144999999999992,31.32576666666667,30.5806,56.589200000000005,62.01046000000001,24.735620136447952,25.113486395408923,15.656333636413562,18.03411704969672,0.2211717190346941,0.2395402177341857,0.2305434020446388,0.23916388912143202
2024,Tharparkar,42,0.0571,31.4299,53.5634,1778407.0,56.0,0.0,19638.0,0.35,3601.0,2031.0,43.0,20.24845831128645,11.420332915918571,0.2417894216565724,0.3714,0.0,31.6281,30.9964,46.2548,60.3767,23.048717194657915,22.334594949300133,13.967556358021533,14.265575877737772,0.2305434020446388,0.1743133039849708,0.1428333333333321,0.1828399999999992,31.35146666666667,31.21302,53.398300000000006,57.12476,21.877256818414832,23.95064796753499,13.217821717225958,15.832146409680124,0.2155487092287273,0.2125497706655451,0.2417894216565724,0.25333404536201914
2024,Tharparkar,43,0.0,31.1222,42.4608,1778407.0,56.0,0.0,19638.0,0.35,3428.0,1914.0,21.0,19.275677614854192,10.762440768620456,0.1180832059253028,0.0571,0.3714,31.4299,31.6281,53.5634,46.2548,20.24845831128645,23.048717194657915,11.420332915918571,13.967556358021533,0.2417894216565724,0.2305434020446388,0.1428333333333321,0.1685599999999993,31.393400000000003,31.30588,47.42633333333333,53.15836,20.857617706932853,22.7461992670969,12.050110014186853,13.83035491875594,0.196805343208838,0.2046775569371915,0.1180832059253028,0.12944948452481492
2024,Tharparkar,44,0.0,29.1662,40.7142,1778407.0,56.0,0.0,19638.0,0.35,2028.0,1471.0,21.0,11.403463886500672,8.271447424577163,0.1180832059253028,0.0,0.0571,31.1222,31.4299,42.4608,53.5634,19.275677614854192,20.24845831128645,10.762440768620456,11.420332915918571,0.1180832059253028,0.2417894216565724,0.0190333333333321,0.0856999999999992,30.572766666666663,30.86856,45.57946666666667,48.67397999999999,16.975866604213774,19.262182391319875,10.151407036372062,11.7374706689751,0.1593186111690593,0.1765625079073575,0.1180832059253028,0.128129891582486
2025,Tharparkar,37,5.6429,27.1492,83.1617,1994728.0,56.0,0.0,19638.0,0.35,3146.0,2447.0,0.0,15.77157386871794,12.267336699539989,0.0,15.0571,14.0143,29.6091,28.9823,72.7079,84.9886,12.487918152249328,17.235432600334484,8.201619468920073,13.46549504493846,0.0,0.0100264296686064,11.571433333333331,7.311439999999999,28.580200000000005,29.262580000000003,80.28606666666667,75.87368,15.16497487376725,16.23479491940756,11.311483737799506,12.174090903621948,0.0033421432228688,0.0020052859337212,0.0,-0.0014724139436522732
2025,Tharparkar,38,0.0714,28.9123,72.8259,1994728.0,56.0,0.0,19638.0,0.35,4077.0,2476.0,1.0,20.43887687945424,12.41271992973478,0.0050132148343032,5.6429,15.0571,27.1492,29.6091,83.1617,72.7079,15.77157386871794,12.487918152249328,12.267336699539989,8.201619468920073,0.0,0.0,6.923799999999999,7.3,28.556866666666675,29.00686,76.23183333333333,76.93028,16.23278963347384,16.56767238440529,10.96055869939828,11.745962356772452,0.0016710716114344,0.0030079289005819,0.0050132148343032,0.004044005006522161
2025,Tharparkar,39,0.0,29.9611,62.2472,1994728.0,56.0,0.0,19638.0,0.35,4282.0,2203.0,0.0,21.4665859204864,11.04411227997,0.0,0.0714,5.6429,28.9123,27.1492,72.8259,83.1617,20.43887687945424,15.77157386871794,12.41271992973478,12.267336699539989,0.0050132148343032,0.0,1.9047666666666652,6.95714,28.674200000000003,28.922799999999995,72.74493333333334,75.18625999999999,19.225678889552864,17.480077484248476,11.908056303081588,11.478256684620655,0.0016710716114344,0.0030079289005819,0.0,-0.0011768144561139504
2025,Tharparkar,40,2.7,28.6811,75.499,1994728.0,56.0,0.0,19638.0,0.35,3551.0,1922.0,38.0,17.801925876610746,9.635398911530794,0.1905021637035224,0.0,0.0714,29.9611,28.9123,62.2472,72.8259,21.4665859204864,20.43887687945424,11.04411227997,12.41271992973478,0.0,0.0050132148343032,0.923799999999999,4.69428,29.18483333333334,28.862559999999995,70.1907,73.28833999999999,19.902462892183795,17.593376139503732,11.030743707078525,10.712237457939128,0.0651717928459419,0.0391030757075651,0.1905021637035224,0.1923074690021892
2025,Tharparkar,41,0.1,27.0963,59.5271,1994728.0,56.0,0.0,19638.0,0.35,3910.0,2110.0,2.0,19.601670002125605,10.5778833003798,0.0100264296686064,2.7,0.0,28.6811,29.9611,75.499,62.2472,17.801925876610746,21.4665859204864,9.635398911530794,11.04411227997,0.1905021637035224,0.0,0.9333333333333322,1.7028599999999998,28.579500000000007,28.360000000000003,65.75776666666665,70.65218,19.62339393307425,19.016126509478987,10.419131497293533,11.187490224231071,0.0668428644573763,0.0411083616412864,0.0100264296686064,0.0080562282265641
2025,Tharparkar,42,0.0,27.9528,39.4158,1994728.0,56.0,0.0,19638.0,0.35,3704.0,1612.0,2.0,18.56894774625914,8.081302312896796,0.0100264296686064,0.1,2.7,27.0963,28.6811,59.5271,75.499,19.601670002125605,17.801925876610746,10.5778833003798,9.635398911530794,0.0100264296686064,0.1905021637035224,0.9333333333333322,0.5742799999999997,27.91006666666667,28.52072,58.1473,61.903,18.657514541665165,19.575601284987226,9.431528174935796,10.350283346902431,0.0701850076802451,0.0431136475750077,0.0100264296686064,0.008961241308849122
2025,Tharparkar,43,0.0,28.6695,34.4992,1994728.0,56.0,0.0,19638.0,0.35,3152.0,1746.0,3.0,15.80165315772376,8.753073100693427,0.0150396445029096,0.0,0.1,27.9528,27.0963,39.4158,59.5271,18.56894774625914,19.601670002125605,8.081302312896796,10.5778833003798,0.0100264296686064,0.0100264296686064,0.0333333333333321,0.5599999999999997,27.9062,28.47216,44.48069999999999,54.23765999999999,17.990756968702836,18.64815654064113,9.13741957132334,9.618353981094163,0.0116975012800408,0.045118933508729,0.0150396445029096,0.009333005334992178
2024,Thatta,37,0.2231,28.2686,77.0179,1083191.0,10.0,2.0,17355.0,0.35,2911.0,1331.0,10.0,26.874300100351647,12.287768269861918,0.0923198217119603,0.3857,19.4111,28.0468,28.1668,81.4728,80.7467,21.70439008448187,15.5835859049789,20.116489151036152,20.38421663400084,0.1107837860543523,0.1015518038831563,6.673300000000001,4.24398,28.16073333333333,28.79158,79.74579999999999,77.51737999999999,21.387425363270804,20.827351778218247,17.596158018299633,21.11908241482804,0.1015518038831563,0.1310941468309836,0.0923198217119603,0.09318905641616204
2024,Thatta,38,0.0,28.9959,72.6609,1083191.0,10.0,2.0,17355.0,0.35,586.0,447.0,10.0,5.409941552320874,4.126696030524625,0.0923198217119603,0.2231,0.3857,28.2686,28.0468,77.0179,81.4728,26.874300100351647,21.70439008448187,12.287768269861918,20.116489151036152,0.0923198217119603,0.1107837860543523,0.2029333333333345,4.11256,28.4371,28.67926,77.05053333333332,76.83655999999999,17.996210579051464,17.734637750867574,12.176984483807564,16.311066100069148,0.0984744764927576,0.1070909931858739,0.0923198217119603,0.0921431823903984
2024,Thatta,39,0.0,29.6241,71.7022,1083191.0,10.0,2.0,17355.0,0.35,1835.0,2071.0,10.0,16.94068728414472,19.119435076546974,0.0923198217119603,0.0,0.2231,28.9959,28.2686,72.6609,77.0179,5.409941552320874,26.874300100351647,4.126696030524625,12.287768269861918,0.0923198217119603,0.0923198217119603,0.0743666666666678,4.00398,28.962866666666667,28.62044,73.79366666666665,76.7201,16.408309645605744,17.302580985255602,11.844633125644506,15.206921032394105,0.0923198217119603,0.0978590110146779,0.0923198217119603,0.09636734137785172
2024,Thatta,40,0.0,29.6936,70.276,1083191.0,10.0,2.0,17355.0,0.35,1035.0,1532.0,8.0,9.555101547187892,14.143396686272318,0.0738558573695682,0.0,0.0,29.6241,28.9959,71.7022,72.6609,16.94068728414472,5.409941552320874,19.119435076546974,4.126696030524625,0.0923198217119603,0.0923198217119603,0.0,0.12176,29.437866666666668,28.9258,71.54636666666666,74.62595999999999,10.635243461217827,16.0968841136974,12.46317593111464,13.9587570428484,0.0861651669311629,0.0923198217119603,0.0738558573695682,0.084639598699944
2024,Thatta,41,0.0,31.8798,43.4347,1083191.0,10.0,2.0,17355.0,0.35,1505.0,1740.0,12.0,13.894133167650024,16.063648977881094,0.1107837860543523,0.0,0.0,29.6936,29.6241,70.276,71.7022,9.555101547187892,16.94068728414472,14.143396686272318,19.119435076546974,0.0738558573695682,0.0923198217119603,0.0,0.04462,30.399166666666662,29.6924,61.80429999999999,67.01834,13.463307332994212,14.53483273033103,16.44216024690013,13.148189008217386,0.0923198217119603,0.0923198217119603,0.1107837860543523,0.10682278645996324
2024,Thatta,42,0.0,31.6209,53.1191,1083191.0,10.0,2.0,17355.0,0.35,1597.0,1699.0,17.0,14.743475527400062,15.685137708862056,0.1569436969103325,0.0,0.0,31.8798,29.6936,43.4347,70.276,13.894133167650024,9.555101547187892,16.063648977881094,14.143396686272318,0.1107837860543523,0.0738558573695682,0.0,0.0,31.064766666666667,30.36286,55.60993333333332,62.23858,12.730903414079329,12.108667815740713,15.29739445767182,13.827662896017417,0.113861113444751,0.1052445967516347,0.1569436969103325,0.1625411216901892
2024,Thatta,43,0.0,31.1131,51.8547,1083191.0,10.0,2.0,17355.0,0.35,1514.0,1738.0,10.0,13.97722100719079,16.045185013538703,0.0923198217119603,0.0,0.0,31.6209,31.8798,53.1191,43.4347,14.743475527400062,13.894133167650024,15.685137708862056,16.063648977881094,0.1569436969103325,0.1107837860543523,0.0,0.0,31.53793333333333,30.7863,49.46949999999999,58.07733999999999,14.204943234080291,13.822123706714695,15.93132390009395,16.21136069262023,0.1200157682255484,0.1052445967516347,0.0923198217119603,0.09011986062902519
2024,Thatta,44,0.0,28.0902,65.9934,1083191.0,10.0,2.0,17355.0,0.35,581.0,689.0,13.0,5.363781641464894,6.360835715954065,0.1200157682255484,0.0,0.0,31.1131,31.6209,51.8547,53.1191,13.97722100719079,14.743475527400062,16.045185013538703,15.685137708862056,0.0923198217119603,0.1569436969103325,0.0,0.0,30.27473333333333,30.47952,56.989066666666666,56.93558,11.361492725351916,11.506742578178732,12.69705281278494,13.659640820501648,0.123093095615947,0.1107837860543523,0.1200157682255484,0.11477452543248626
2025,Thatta,37,15.1429,27.0512,83.596,1184747.0,10.0,2.0,17355.0,0.35,2312.0,1517.0,102.0,19.514714956020143,12.804421534724291,0.8609433068832417,3.1143,16.0,28.6732,29.2676,77.1403,82.3565,15.919010556684253,16.85591944946896,10.778672577351957,10.879960025220573,0.8187402036046514,0.6077246872117,11.419066666666668,6.997159999999999,28.33066666666667,28.76234,81.03093333333332,78.04223999999999,17.429881654057784,17.031484359107893,11.487684712432277,12.184879978594584,0.7624693992331978,0.7360221211786145,0.8609433068832417,0.8699471677033435
2025,Thatta,38,0.0857,27.9843,78.7473,1184747.0,10.0,2.0,17355.0,0.35,3422.0,1799.0,109.0,28.883803883867188,15.184676559636785,0.920027651473268,15.1429,3.1143,27.0512,28.6732,83.596,77.1403,19.514714956020143,15.919010556684253,12.804421534724291,10.778672577351957,0.8609433068832417,0.8187402036046514,6.114300000000001,6.96858,27.9029,28.558660000000003,79.82786666666665,79.01982,21.43917646552386,19.10956516454568,12.922590223904344,11.57040279485831,0.866570387320387,0.7664083555391994,0.920027651473268,0.8990000063639028
2025,Thatta,39,0.1286,28.2855,76.4434,1184747.0,10.0,2.0,17355.0,0.35,1883.0,1056.0,82.0,15.8936886947171,8.913295412438266,0.6921308937688806,0.0857,15.1429,27.9843,27.0512,78.7473,83.596,28.883803883867188,19.514714956020143,15.184676559636785,12.804421534724291,0.920027651473268,0.8609433068832417,5.119066666666668,6.894299999999999,27.773666666666667,28.25236,79.59556666666666,79.65669999999999,21.430735844868146,19.41342750815153,12.30079783559978,11.712205221874374,0.8243672840417968,0.7799133485883484,0.6921308937688806,0.6921249450687802
2025,Thatta,40,3.7286,28.8018,76.1334,1184747.0,10.0,2.0,17355.0,0.35,1402.0,1118.0,110.0,11.833750159316716,9.436613893092789,0.9284682721289862,0.1286,0.0857,28.2855,27.9843,76.4434,78.7473,15.8936886947171,28.883803883867188,8.913295412438266,15.184676559636785,0.6921308937688806,0.920027651473268,1.3143000000000014,4.44002,28.3572,28.15920000000001,77.10803333333332,78.41207999999999,18.870414245967,18.408993650121083,11.178195288389276,11.423535995448818,0.8468756057903782,0.8440620655718055,0.9284682721289862,0.9552691209821126
2025,Thatta,41,0.0,27.009,65.2366,1184747.0,10.0,2.0,17355.0,0.35,2288.0,1410.0,95.0,19.312140060282918,11.901275124562458,0.8018589622932153,3.7286,0.1286,28.8018,28.2855,76.1334,76.4434,11.833750159316716,15.8936886947171,9.436613893092789,8.913295412438266,0.9284682721289862,0.6921308937688806,1.2857333333333345,3.81716,28.0321,27.82636,72.60446666666665,76.03133999999999,15.679859638105576,19.087619550840813,10.083728143364503,11.648056504890915,0.8074860427303608,0.8406858173095184,0.8018589622932153,0.861476844039845
2025,Thatta,42,0.0,27.1664,46.2227,1184747.0,10.0,2.0,17355.0,0.35,2236.0,1406.0,67.0,18.873227786185574,11.867512641939587,0.5655215839331098,0.0,3.7286,27.009,28.8018,65.2366,76.1334,19.312140060282918,11.833750159316716,11.901275124562458,9.436613893092789,0.8018589622932153,0.9284682721289862,1.242866666666668,0.7885800000000001,27.659066666666664,27.849400000000003,62.5309,68.55668,16.673039335261734,18.9593221168739,11.068467219864942,11.460674726333975,0.7652829394517705,0.781601472719492,0.5655215839331098,0.5790653656382008
2025,Thatta,43,0.0,27.3033,42.1825,1184747.0,10.0,2.0,17355.0,0.35,3072.0,1484.0,112.0,25.929586654365867,12.525881053085596,0.9453495134404224,0.0,0.0,27.1664,27.009,46.2227,65.2366,18.873227786185574,19.312140060282918,11.867512641939587,11.901275124562458,0.5655215839331098,0.8018589622932153,0.0,0.77144,27.159566666666667,27.7132,51.21393333333332,61.24371999999998,21.37165150027812,18.368478670973637,12.098222939862548,10.92891562502374,0.7709100198889159,0.7866658451129228,0.9453495134404224,0.9092474376597076
2024,Tor Ghar,37,3.0846,26.3549,77.9791,200445.0,621.2798240791644,0.6690489279824079,6292.451621770203,0.3392935678944475,113.0,107.0,6.0,5.637456658933872,5.338122677043578,0.2993339818902941,4.5714,5.5556,26.4177,26.6568,81.2021,80.1452,7.483349547257352,9.12968644765397,6.136346628751029,4.39023173439098,0.4988899698171568,0.0997779939634313,4.403866666666667,4.10518,26.476466666666667,26.9639,79.77546666666667,80.15512,7.416830884615064,7.76272793035496,5.288233680061862,5.427922871610666,0.2993339818902941,0.1995559879268627,0.2993339818902941,0.29458833542780954
2024,Tor Ghar,38,0.0,26.7624,68.6055,200445.0,621.2798240791644,0.6690489279824079,6292.451621770203,0.3392935678944475,154.0,121.0,0.0,7.682905535184216,6.0365686347875975,0.0,3.0846,4.5714,26.3549,26.4177,77.9791,81.2021,5.637456658933872,7.483349547257352,5.338122677043578,6.136346628751029,0.2993339818902941,0.4988899698171568,2.552,3.2423199999999994,26.511666666666667,26.74606,75.9289,77.42438,6.93457058045848,7.862505924318393,5.837012646860735,5.557634263763127,0.2660746505691503,0.1796003891341764,0.0,-0.0035589426440230387
2024,Tor Ghar,39,4.3857,27.0058,72.2162,200445.0,621.2798240791644,0.6690489279824079,6292.451621770203,0.3392935678944475,115.0,73.0,1.0,5.737234652897303,3.641896779665245,0.0498889969817156,0.0,3.0846,26.7624,26.3549,68.6055,77.9791,7.682905535184216,5.637456658933872,6.0365686347875975,5.338122677043578,0.0,0.2993339818902941,2.4901,3.51946,26.7077,26.63952,72.9336,76.02962,6.352532282338465,7.134126568385343,5.005529363832141,5.108633290927687,0.1164076596240032,0.1895781885305196,0.0498889969817156,0.051468723833413804
2024,Tor Ghar,40,0.3625,24.8031,68.5344,200445.0,621.2798240791644,0.6690489279824079,6292.451621770203,0.3392935678944475,68.0,54.0,1.0,3.3924517947566666,2.6940058370126465,0.0498889969817156,4.3857,0.0,27.0058,26.7624,72.2162,68.6055,5.737234652897303,7.682905535184216,3.641896779665245,6.0365686347875975,0.0498889969817156,0.0,1.582733333333333,2.48084,26.19043333333333,26.26878,69.78536666666668,73.70746,5.604197327612728,5.986679637805882,4.124157083821831,4.769388111452019,0.0332593313211438,0.1796003891341764,0.0498889969817156,0.05717790654889335
2024,Tor Ghar,41,1.7714,22.2115,64.7156,200445.0,621.2798240791644,0.6690489279824079,6292.451621770203,0.3392935678944475,101.0,63.0,1.0,5.038788695153284,3.143006809848088,0.0498889969817156,0.3625,4.3857,24.8031,27.0058,68.5344,72.2162,3.3924517947566666,5.737234652897303,2.6940058370126465,3.641896779665245,0.0498889969817156,0.0498889969817156,2.1732,1.92084,24.673466666666663,25.42754,68.48873333333334,70.41015999999999,4.722825047602418,5.497767467385069,3.1596364755086603,4.170720147671432,0.0498889969817156,0.0898001945670882,0.0498889969817156,0.05369096021461223
2024,Tor Ghar,42,0.0,22.4903,60.4931,200445.0,621.2798240791644,0.6690489279824079,6292.451621770203,0.3392935678944475,107.0,39.0,8.0,5.338122677043578,1.9456708822869115,0.3991119758537255,1.7714,0.3625,22.2115,24.8031,64.7156,68.5344,5.038788695153284,3.3924517947566666,3.143006809848088,2.6940058370126465,0.0498889969817156,0.0498889969817156,0.7113,1.3039200000000002,23.1683,24.65462,64.58103333333334,66.91296,4.589787722317843,5.437900671007009,2.594227843049216,3.4922297887200977,0.166296656605719,0.1097557933597745,0.3991119758537255,0.3901514545575996
2024,Tor Ghar,43,0.0429,21.6618,64.8871,200445.0,621.2798240791644,0.6690489279824079,6292.451621770203,0.3392935678944475,75.0,29.0,0.0,3.741674773628676,1.4467809124697546,0.0,0.0,1.7714,22.4903,22.2115,60.4931,64.7156,5.338122677043578,5.038788695153284,1.9456708822869115,3.143006809848088,0.3991119758537255,0.0498889969817156,0.6047666666666667,1.3125,22.1212,23.6345,63.36526666666666,66.16928,4.706195381941846,4.649654518695902,2.1784862015349185,2.5742722442565293,0.1496669909451471,0.1097557933597745,0.0,0.0007992476906058255
2024,Tor Ghar,44,0.0143,19.4582,75.6763,200445.0,621.2798240791644,0.6690489279824079,6292.451621770203,0.3392935678944475,56.0,31.0,1.0,2.7937838309760785,1.5465589064331862,0.0498889969817156,0.0429,0.0,21.6618,22.4903,64.8871,60.4931,3.741674773628676,5.338122677043578,1.4467809124697546,1.9456708822869115,0.0,0.3991119758537255,0.0190666666666666,0.43822,21.203433333333333,22.12498,67.01883333333333,66.8613,3.957860427216111,4.060964354311657,1.6463369003966175,2.155204669610117,0.1496669909451471,0.1097557933597745,0.0498889969817156,0.046748788140528436
2025,Tor Ghar,37,0.7714,27.679,77.0435,206726.0,621.2798240791644,0.6690489279824079,6292.451621770203,0.3392935678944475,0.0,100.0,1.0,0.0,4.837320898193744,0.0483732089819374,1.9286,13.6429,26.1781,26.646,79.4175,82.9643,4.885694107175682,3.9182299275369328,4.54708164430212,6.288517167651867,1.2577034335303736,0.2902392538916247,5.447633333333333,6.2,26.834366666666664,27.45156,79.80843333333333,80.19394,2.9346413449042053,3.192631792807871,5.224306570049244,5.766086510646943,0.5321052988013119,0.4063349554482746,0.0483732089819374,0.058371527436409
2025,Tor Ghar,38,5.2857,26.7525,76.3553,206726.0,621.2798240791644,0.6690489279824079,6292.451621770203,0.3392935678944475,80.0,89.0,6.0,3.869856718554996,4.305215599392432,0.2902392538916247,0.7714,1.9286,27.679,26.1781,77.0435,79.4175,0.0,4.885694107175682,4.837320898193744,4.54708164430212,0.0483732089819374,1.2577034335303736,2.6619000000000006,6.60572,26.869866666666667,27.13924,77.60543333333334,79.64208,2.918516941910226,3.182957151011484,4.563206047296099,5.108210868492594,0.5321052988013119,0.4063349554482746,0.2902392538916247,0.30042976249491943
2025,Tor Ghar,39,0.6143,25.8951,71.0508,206726.0,621.2798240791644,0.6690489279824079,6292.451621770203,0.3392935678944475,102.0,109.0,26.0,4.93406731615762,5.272679779031182,1.2577034335303736,5.2857,0.7714,26.7525,27.679,76.3553,77.0435,3.869856718554996,0.0,4.305215599392432,4.837320898193744,0.2902392538916247,0.0483732089819374,2.2238000000000007,4.44858,26.77553333333333,26.63014,74.81653333333333,77.36628,2.9346413449042053,3.5215696138850463,4.805072092205787,5.05016301771427,0.5321052988013119,0.6288517167651868,1.2577034335303736,1.2694968848253834
2025,Tor Ghar,40,1.9714,23.8412,72.8066,206726.0,621.2798240791644,0.6690489279824079,6292.451621770203,0.3392935678944475,90.0,87.0,0.0,4.35358880837437,4.2084691814285575,0.0,0.6143,5.2857,25.8951,26.7525,71.0508,76.3553,4.93406731615762,3.869856718554996,5.272679779031182,4.305215599392432,1.2577034335303736,0.2902392538916247,2.623800000000001,2.11428,25.496266666666667,26.06918,73.40423333333332,75.33474,4.385837614362329,3.608641390052534,4.595454853284058,4.634153420469607,0.5159808958073326,0.5708038659868618,0.0,0.015705387314588815
2025,Tor Ghar,41,5.2571,19.4823,70.5666,206726.0,621.2798240791644,0.6690489279824079,6292.451621770203,0.3392935678944475,90.0,71.0,2.0,4.35358880837437,3.4344978377175583,0.0967464179638748,1.9714,0.6143,23.8412,25.8951,72.8066,71.0508,4.35358880837437,4.93406731615762,4.2084691814285575,5.272679779031182,0.0,1.2577034335303736,2.6142666666666674,2.779980000000001,23.072866666666663,24.73002,71.47466666666666,73.56456,4.5470816443021205,3.502220330292272,4.305215599392433,4.411636659152696,0.451483283831416,0.3386124628735621,0.0967464179638748,0.1000137114416568
2025,Tor Ghar,42,0.0,21.3659,70.0358,206726.0,621.2798240791644,0.6690489279824079,6292.451621770203,0.3392935678944475,92.0,78.0,0.0,4.450335226338245,3.773110300591121,0.0,5.2571,1.9714,19.4823,23.8412,70.5666,72.8066,4.35358880837437,4.35358880837437,3.4344978377175583,4.2084691814285575,0.0967464179638748,0.0,2.409500000000001,2.6257000000000006,21.56313333333333,23.4674,71.13633333333333,72.16302,4.385837614362329,4.3922873755599205,3.805359106579079,4.19879453963217,0.0322488059879582,0.3289378210771746,0.0,0.007513905822297079
2025,Tor Ghar,43,0.0,20.4284,62.2582,206726.0,621.2798240791644,0.6690489279824079,6292.451621770203,0.3392935678944475,92.0,78.0,22.0,4.450335226338245,3.773110300591121,1.0642105976026237,0.0,5.2571,21.3659,19.4823,70.0358,70.5666,4.450335226338245,4.35358880837437,3.773110300591121,3.4344978377175583,0.0,0.0967464179638748,1.7523666666666673,1.5685600000000002,20.42553333333333,22.20258,67.6202,69.3436,4.418086420350288,4.508383077116571,3.660239479633267,4.092373479871908,0.3869856718554994,0.4837320898193744,1.0642105976026237,0.9859700724625411
2024,Umerkot,37,3.5077,29.0458,74.1211,1159831.0,12.0,0.0,5608.0,0.35,3642.0,2300.0,34.0,31.40112654343607,19.830475302005205,0.2931461566383378,6.5,11.2111,28.8485,28.4457,77.9368,79.2778,26.064142103461624,22.27910790451368,21.0720354948264,20.99443798277508,0.3707436686896625,0.3534997771227015,7.072933333333334,5.0009,28.78,29.409119999999994,77.1119,74.78486000000001,26.581458850470455,23.762082579272324,20.63231625986889,20.932359973134016,0.3391298674835672,0.3000437132651222,0.2931461566383378,0.2958788253873576
2024,Umerkot,38,0.0,30.039,66.0977,1159831.0,12.0,0.0,5608.0,0.35,3387.0,2112.0,29.0,29.20253036864853,18.209549494710867,0.2500364277209352,3.5077,6.5,29.0458,28.8485,74.1211,77.9368,31.40112654343607,26.064142103461624,19.830475302005205,21.0720354948264,0.2931461566383378,0.3707436686896625,3.3359,4.526619999999999,29.3111,29.37776,72.71853333333334,73.44892,28.88926633851541,25.60890336609385,19.704020097180827,20.256399423709144,0.3046420843496452,0.3017681024218183,0.2500364277209352,0.2560069519162908
2024,Umerkot,39,0.0143,31.0027,65.998,1159831.0,12.0,0.0,5608.0,0.35,3546.0,2139.0,30.0,30.573419748221937,18.442342030864843,0.2586583735044157,0.0,3.5077,30.039,29.0458,66.0977,74.1211,29.20253036864853,31.40112654343607,18.209549494710867,19.830475302005205,0.2500364277209352,0.2931461566383378,1.174,4.24662,30.02916666666667,29.47634,68.73893333333335,72.68628000000001,30.39235888676885,27.90406533365637,18.82745560919364,19.70976806103648,0.2672803192878962,0.3052168807352106,0.2586583735044157,0.25659799737479555
2024,Umerkot,40,0.0,30.1678,64.4807,1159831.0,12.0,0.0,5608.0,0.35,2686.0,2012.0,35.0,23.15854637442869,17.347354916362814,0.3017681024218183,0.0143,0.0,31.0027,30.039,65.998,66.0977,30.573419748221937,29.20253036864853,18.442342030864843,18.209549494710867,0.2586583735044157,0.2500364277209352,0.0047666666666666,2.0043999999999995,30.403166666666667,29.82076,65.52546666666667,69.72686000000002,27.64483216376639,28.079953027639373,17.999748813979508,18.980351447754025,0.2701543012157231,0.2948705457950339,0.3017681024218183,0.3162581912422461
2024,Umerkot,41,0.0,30.1155,50.2642,1159831.0,12.0,0.0,5608.0,0.35,2685.0,1817.0,6.0,23.149924428645207,15.666075488584111,0.0517316747008831,0.0,0.0143,30.1678,31.0027,64.4807,65.998,23.15854637442869,30.573419748221937,17.347354916362814,18.442342030864843,0.3017681024218183,0.2586583735044157,0.0047666666666666,0.7043999999999996,30.42866666666667,30.07416,60.24763333333334,64.19234,25.627296850431943,27.49710949267609,17.151924145270588,17.89915944650557,0.2040527168757057,0.231068146997278,0.0517316747008831,0.06150360579679817
2024,Umerkot,42,0.0,30.5928,53.0878,1159831.0,12.0,0.0,5608.0,0.35,2413.0,1631.0,29.0,20.804755175538507,14.062393572856736,0.2500364277209352,0.0,0.0,30.1155,30.1678,50.2642,64.4807,23.149924428645207,23.15854637442869,15.666075488584111,17.347354916362814,0.0517316747008831,0.3017681024218183,0.0,0.0028599999999996,30.29203333333333,30.38356,55.94423333333335,59.98568,22.37107532620413,25.37783521909657,15.691941325934556,16.745543100675878,0.2011787349478788,0.2224462012137975,0.2500364277209352,0.25807520098355324
2024,Umerkot,43,0.0,29.7199,47.0617,1159831.0,12.0,0.0,5608.0,0.35,2023.0,1484.0,13.0,17.4421963199811,12.794967542685098,0.1120852951852468,0.0,0.0,30.5928,30.1155,53.0878,50.2642,20.804755175538507,23.149924428645207,14.062393572856736,15.666075488584111,0.2500364277209352,0.0517316747008831,0.0,0.0028599999999996,30.142733333333336,30.319740000000003,50.13790000000001,56.178480000000015,20.465625308054943,23.02576840936309,14.174478868041982,15.662626710270724,0.1379511325356884,0.1948559747066598,0.1120852951852468,0.11685152060867202
2024,Umerkot,44,0.0,27.8914,44.9469,1159831.0,12.0,0.0,5608.0,0.35,1569.0,1246.0,29.0,13.527832934280942,10.742944446216734,0.2500364277209352,0.0,0.0,29.7199,30.5928,47.0617,53.0878,17.4421963199811,20.804755175538507,12.794967542685098,14.062393572856736,0.1120852951852468,0.2500364277209352,0.0,0.0,29.401366666666664,29.69748,48.36546666666667,51.96826000000001,17.258261476600186,19.61665104657489,12.533435187252856,14.122747193341098,0.2040527168757057,0.1931315855499637,0.2500364277209352,0.25699129636824597
2025,Umerkot,37,1.8714,27.9872,77.3007,1297177.0,12.0,0.0,5608.0,0.35,2575.0,1749.0,0.0,19.85079908138982,13.483125278971182,0.0,10.1286,11.5714,30.1863,30.0137,69.2372,78.9866,15.695622108625114,22.89587311523408,9.667146426432168,13.005164291380437,0.0,0.0,7.857133333333333,4.82572,29.39573333333333,30.08892,75.17483333333335,70.70142000000001,19.48076476841634,19.033639973573383,12.05181199892793,12.237343091960463,0.0,0.0,0.0,-0.0018222808887033703
2025,Umerkot,38,0.0286,29.0152,71.7523,1297177.0,12.0,0.0,5608.0,0.35,2904.0,1690.0,0.0,22.38707593489555,13.02829143594128,0.0,1.8714,10.1286,27.9872,30.1863,77.3007,69.2372,19.85079908138982,15.695622108625114,13.483125278971182,9.667146426432168,0.0,0.0,4.009533333333334,4.82572,29.0629,29.69756,72.7634,72.5625,19.31116570830349,19.491557435878068,12.059521047114876,12.064660412572842,0.0,0.0,0.0,-0.002012830179049463
2025,Umerkot,39,0.0,29.9687,62.0819,1297177.0,12.0,0.0,5608.0,0.35,3362.0,1788.0,0.0,25.917820004517505,13.783778158262132,0.0,0.0286,1.8714,29.0152,27.9872,71.7523,77.3007,22.38707593489555,19.85079908138982,13.02829143594128,13.483125278971182,0.0,0.0,0.6333333333333333,4.72,28.990366666666663,29.43422,70.37830000000001,71.87174,22.71856500693429,21.349438048932416,13.431731624391531,12.59350111819744,0.0,0.0,0.0,-0.002168482414611178
2025,Umerkot,40,0.9,29.7589,68.7958,1297177.0,12.0,0.0,5608.0,0.35,3058.0,1687.0,44.0,23.57426935568546,13.005164291380437,0.33919812022569,0.0,0.0286,29.9687,29.0152,62.0819,71.7523,25.917820004517505,22.38707593489555,13.783778158262132,13.02829143594128,0.0,0.0,0.3095333333333333,2.58572,29.58093333333333,29.38326,67.54333333333334,69.83358000000001,23.95972176503284,21.48511729702269,13.272411295194615,12.59350111819744,0.11306604007523,0.067839624045138,0.33919812022569,0.345608808093103
2025,Umerkot,41,0.0286,27.7845,52.1506,1297177.0,12.0,0.0,5608.0,0.35,2945.0,1737.0,0.0,22.703146910560395,13.390616700727811,0.0,0.9,0.0,29.7589,29.9687,68.7958,62.0819,23.57426935568546,25.917820004517505,13.005164291380437,13.783778158262132,0.33919812022569,0.0,0.3095333333333333,0.5657199999999996,29.1707,28.9029,61.00943333333333,66.41626000000001,24.06507875692112,22.886622257409748,13.393186383456792,13.338195173056569,0.11306604007523,0.067839624045138,0.0,-0.0006186095142184933
2025,Umerkot,42,0.0,28.0812,36.0497,1297177.0,12.0,0.0,5608.0,0.35,2462.0,1497.0,0.0,18.97967663626475,11.54044513586041,0.0,0.0286,0.9,27.7845,29.7589,52.1506,68.7958,22.703146910560395,23.57426935568546,13.390616700727811,13.005164291380437,0.0,0.33919812022569,0.3095333333333333,0.1914399999999996,28.54153333333333,28.9217,52.332033333333335,58.16606,21.75236430083687,22.712397768384733,12.645408709322886,12.949659144434415,0.11306604007523,0.067839624045138,0.0,-0.004972281981390325
2025,Umerkot,43,0.0,27.7155,37.47,1297177.0,12.0,0.0,5608.0,0.35,2708.0,1416.0,0.0,20.876102490253835,10.916012232717662,0.0,0.0,0.0286,28.0812,27.7845,36.0497,52.1506,18.97967663626475,22.703146910560395,11.54044513586041,13.390616700727811,0.0,0.0,0.0095333333333333,0.1857199999999996,27.8604,28.66176,41.89010000000001,51.3096,20.852975345693,22.410203079456387,11.949024689768628,12.52720330378969,0.0,0.067839624045138,0.0,-0.004366732097774717
2024,Upper Kurram,37,1.1308,15.7139,76.0918,785434.0,621.2798240791644,0.6690489279824079,6292.451621770203,0.3392935678944475,33.0,174.0,31.0,0.420149878920444,2.215335725216886,0.3946862498949625,1.9429,2.5111,16.1985,16.3774,80.2681,82.7495,0.4710771369714068,0.4074180644077032,2.215335725216886,2.1134812091149606,0.3310271773312589,0.2419044757420738,1.8616,2.1341,16.0966,16.7789,79.70313333333334,81.81624,0.4328816934331847,0.4099644273102514,2.1813842198495776,2.1898720961914053,0.3225393009894317,0.2495435644497182,0.3946862498949625,0.41213235654773767
2024,Upper Kurram,38,0.0857,16.1497,56.8005,785434.0,621.2798240791644,0.6690489279824079,6292.451621770203,0.3392935678944475,28.0,134.0,2.0,0.3564908063567404,1.7060631447072574,0.0254636290254814,1.1308,1.9429,15.7139,16.1985,76.0918,80.2681,0.420149878920444,0.4710771369714068,2.215335725216886,2.215335725216886,0.3946862498949625,0.3310271773312589,1.053133333333333,1.32552,16.0207,16.268259999999998,71.05346666666667,75.76318,0.4159059407495304,0.4074180644077033,2.045578198380343,2.00398760430539,0.2503923520839009,0.2037090322038516,0.0254636290254814,0.02541716055997445
2024,Upper Kurram,39,0.6,16.3259,75.5305,785434.0,621.2798240791644,0.6690489279824079,6292.451621770203,0.3392935678944475,26.0,111.0,3.0,0.3310271773312589,1.4132314109142208,0.0381954435382221,0.0857,1.1308,16.1497,15.7139,56.8005,76.0918,0.3564908063567404,0.420149878920444,1.7060631447072574,2.215335725216886,0.0254636290254814,0.3946862498949625,0.6054999999999997,1.2541,16.063166666666667,16.15308,69.47426666666667,74.28808000000001,0.3692226208694811,0.3972326127975106,1.778210093612788,1.9326894430340424,0.1527817741528887,0.2062553951063998,0.0381954435382221,0.03575880861404823
2024,Upper Kurram,40,0.725,14.0398,57.8355,785434.0,621.2798240791644,0.6690489279824079,6292.451621770203,0.3392935678944475,28.0,167.0,19.0,0.3564908063567404,2.126213023627701,0.2419044757420738,0.6,0.0857,16.3259,16.1497,75.5305,56.8005,0.3310271773312589,0.3564908063567404,1.4132314109142208,1.7060631447072574,0.0381954435382221,0.0254636290254814,0.470233333333333,0.89688,15.505133333333331,15.68556,63.38883333333334,69.30528000000001,0.3480029300149132,0.3870471611873181,1.7485025264163927,1.9352358059365904,0.1018545161019258,0.2062553951063997,0.2419044757420738,0.2562002292607915
2024,Upper Kurram,41,2.9143,10.9253,66.1588,785434.0,621.2798240791644,0.6690489279824079,6292.451621770203,0.3392935678944475,24.0,165.0,5.0,0.3055635483057775,2.10074939460222,0.0636590725637036,0.725,0.6,14.0398,16.3259,57.8355,75.5305,0.3564908063567404,0.3310271773312589,2.126213023627701,1.4132314109142208,0.2419044757420738,0.0381954435382221,1.4130999999999994,1.09116,13.763666666666667,14.63092,66.50826666666667,66.48342,0.3310271773312589,0.3539444434541922,1.880064609714714,1.912318539813657,0.1145863306146665,0.1527817741528887,0.0636590725637036,0.06094140715746227
2024,Upper Kurram,42,0.1,11.4407,59.3059,785434.0,621.2798240791644,0.6690489279824079,6292.451621770203,0.3392935678944475,24.0,148.0,18.0,0.3055635483057775,1.8843085478856276,0.229172661229333,2.9143,0.725,10.9253,14.0398,66.1588,57.8355,0.3055635483057775,0.3564908063567404,2.10074939460222,2.126213023627701,0.0636590725637036,0.2419044757420738,1.246433333333333,0.8849999999999998,12.135266666666666,13.77628,61.10006666666666,63.12624,0.3225393009894318,0.3310271773312589,2.037090322038516,1.8461131043474053,0.1782454031783702,0.1196790564197628,0.229172661229333,0.23901776079072137
2024,Upper Kurram,43,0.3857,10.5666,68.8967,785434.0,621.2798240791644,0.6690489279824079,6292.451621770203,0.3392935678944475,38.0,208.0,5.0,0.4838089514841476,2.6482174186500718,0.0636590725637036,0.1,2.9143,11.4407,10.9253,59.3059,66.1588,0.3055635483057775,0.3055635483057775,1.8843085478856276,2.10074939460222,0.229172661229333,0.0636590725637036,1.133333333333333,0.945,10.977533333333334,12.65966,64.78713333333333,65.54548,0.3649786826985675,0.3564908063567403,2.211091787045973,2.034543959135968,0.1188302687855801,0.1273181451274072,0.0636590725637036,0.06038121574841432
2024,Upper Kurram,44,0.0429,9.8473,71.5614,785434.0,621.2798240791644,0.6690489279824079,6292.451621770203,0.3392935678944475,28.0,180.0,0.0,0.3564908063567404,2.291726612293331,0.0,0.3857,0.1,10.5666,11.4407,68.8967,59.3059,0.4838089514841476,0.3055635483057775,2.6482174186500718,1.8843085478856276,0.0636590725637036,0.229172661229333,0.1761999999999997,0.8335799999999999,10.618200000000002,11.36394,66.58800000000001,64.75166,0.3819544353822218,0.3615835321618367,2.2747508596096764,2.2102429994117903,0.0976105779310122,0.1196790564197628,0.0,0.0019462906869242014
2025,Upper Kurram,37,0.7286,16.9485,78.4512,748325.0,621.2798240791644,0.6690489279824079,6292.451621770203,0.3392935678944475,106.0,204.0,15.0,1.4164968429492537,2.726088263789129,0.200447666455083,3.2143,4.4143,16.2848,17.616,80.7043,84.5674,0.200447666455083,0.2271740219824274,1.657034042695353,2.5657301306250626,0.0,0.5478902883105603,2.785733333333333,2.39144,16.949766666666665,17.974800000000002,81.24096666666667,80.4153,0.6147061771289213,0.4596933150703237,2.316284145703181,2.528313232886781,0.249445984921881,0.2111382086660208,0.200447666455083,0.2136688114189305
2025,Upper Kurram,38,1.0571,15.9958,75.5352,748325.0,621.2798240791644,0.6690489279824079,6292.451621770203,0.3392935678944475,23.0,165.0,15.0,0.3073530885644606,2.204924331005913,0.200447666455083,0.7286,3.2143,16.9485,16.2848,78.4512,80.7043,1.4164968429492537,0.200447666455083,2.726088263789129,1.657034042695353,0.200447666455083,0.0,1.6666666666666663,2.22,16.4097,17.319380000000002,78.23023333333335,80.03312,0.6414325326562657,0.4650385861757926,2.196015545830132,2.2637223131660718,0.133631777636722,0.224501386429693,0.200447666455083,0.21741179202143185
2025,Upper Kurram,39,0.5286,15.0762,66.3635,748325.0,621.2798240791644,0.6690489279824079,6292.451621770203,0.3392935678944475,27.0,212.0,10.0,0.3608057996191494,2.832993685898507,0.133631777636722,1.0571,0.7286,15.9958,16.9485,75.5352,78.4512,0.3073530885644606,1.4164968429492537,2.204924331005913,2.726088263789129,0.200447666455083,0.200447666455083,0.771433333333333,1.98858,16.006833333333336,16.38426,73.44996666666667,77.12432000000001,0.6948852437109546,0.5024554839140748,2.588002093564516,2.397354090802793,0.1781757035156293,0.2164834797714896,0.133631777636722,0.143363195522261
2025,Upper Kurram,40,0.9143,13.1086,68.1837,748325.0,621.2798240791644,0.6690489279824079,6292.451621770203,0.3392935678944475,18.0,146.0,1.0,0.2405371997460996,1.951023953496141,0.0133631777636722,0.5286,1.0571,15.0762,15.9958,66.3635,75.5352,0.3608057996191494,0.3073530885644606,2.832993685898507,2.204924331005913,0.133631777636722,0.200447666455083,0.8333333333333329,1.28858,14.726866666666668,15.48278,70.02746666666667,73.84758000000001,0.3028986959765699,0.5051281194668092,2.3296473234668533,2.2744128553770087,0.115814207285159,0.109578057662112,0.0133631777636722,0.016274457246080537
2025,Upper Kurram,41,1.2857,8.7395,68.6757,748325.0,621.2798240791644,0.6690489279824079,6292.451621770203,0.3392935678944475,19.0,182.0,10.0,0.2539003775097718,2.4320983529883407,0.133631777636722,0.9143,0.5286,13.1086,15.0762,68.1837,66.3635,0.2405371997460996,0.3608057996191494,1.951023953496141,2.832993685898507,0.0133631777636722,0.133631777636722,0.9095333333333332,0.90286,12.3081,13.97372,67.74096666666667,71.44186,0.285081125625007,0.5158186616777469,2.405371997460996,2.429425717435606,0.0935422443457054,0.1363044131894564,0.133631777636722,0.13175785981258165
2025,Upper Kurram,42,0.0286,11.0562,62.8353,748325.0,621.2798240791644,0.6690489279824079,6292.451621770203,0.3392935678944475,19.0,148.0,0.0,0.2539003775097718,1.9777503090234856,0.0,1.2857,0.9143,8.7395,13.1086,68.6757,68.1837,0.2539003775097718,0.2405371997460996,2.4320983529883407,1.951023953496141,0.133631777636722,0.0133631777636722,0.7428666666666665,0.76286,10.968100000000002,12.79526,66.5649,68.31868,0.249445984921881,0.2832993685898507,2.120290871835989,2.2797581264824776,0.048998318466798,0.0962148798984398,0.0,0.0003208395450575996
2025,Upper Kurram,43,0.4,9.1592,56.0956,748325.0,621.2798240791644,0.6690489279824079,6292.451621770203,0.3392935678944475,19.0,148.0,38.0,0.2539003775097718,1.9777503090234856,0.5078007550195437,0.0286,1.2857,11.0562,8.7395,62.8353,68.6757,0.2539003775097718,0.2539003775097718,1.9777503090234856,2.4320983529883407,0.0,0.133631777636722,0.5714333333333331,0.63144,9.651633333333336,11.42794,62.53553333333334,64.43076,0.2539003775097718,0.2726088263789129,2.1291996570117706,2.2343233220859924,0.2138108442187552,0.157685497611332,0.5078007550195437,0.5109628845751408
2025,Usta Muhammad,37,7.3571,28.7627,79.5734,314321.0,621.2798240791644,0.6690489279824079,6292.451621770203,0.3392935678944475,186.0,704.0,4.0,5.91751744235988,22.397485373233096,0.1272584396206426,0.0,1.0286,32.5859,32.5713,62.0021,68.2086,4.199528507481205,5.344854464066988,14.889237435615184,17.847996156795123,0.5726629782928917,0.6362921981032129,2.795233333333333,1.6828600000000002,31.30663333333333,32.1747,69.92803333333335,64.91374,5.153966804636024,5.19850725850325,18.37823965521447,18.24886024160015,0.4454045386722491,0.4263157727291526,0.1272584396206426,0.12323151699626544
2025,Usta Muhammad,38,0.0,30.7392,70.6847,314321.0,621.2798240791644,0.6690489279824079,6292.451621770203,0.3392935678944475,186.0,578.0,21.0,5.91751744235988,18.38884452518285,0.6681068080083735,7.3571,0.0,28.7627,32.5859,79.5734,62.0021,5.91751744235988,4.199528507481205,22.397485373233096,14.889237435615184,0.1272584396206426,0.5726629782928917,2.452366666666667,1.6828600000000002,30.695933333333333,31.66304,70.7534,67.54192,5.344854464066988,5.1094263507688,18.558522444677045,18.26158608556221,0.4560094086406359,0.4390416166912169,0.6681068080083735,0.6363798391889414
2025,Usta Muhammad,39,0.0,31.1695,60.8593,314321.0,621.2798240791644,0.6690489279824079,6292.451621770203,0.3392935678944475,192.0,707.0,31.0,6.108405101790844,22.492929202948577,0.98625290705998,0.0,7.3571,30.7392,28.7627,70.6847,79.5734,5.91751744235988,5.91751744235988,18.38884452518285,22.397485373233096,0.6681068080083735,0.1272584396206426,2.452366666666667,1.67714,30.2238,31.16572,70.37246666666668,68.26562,5.981146662170201,5.49756459161176,21.09308636712151,19.203298538754968,0.5938727182296654,0.5981146662170203,0.98625290705998,0.9786988222076114
2025,Usta Muhammad,40,0.0,31.649,50.2418,314321.0,621.2798240791644,0.6690489279824079,6292.451621770203,0.3392935678944475,171.0,816.0,16.0,5.440298293782471,25.960721682611087,0.5090337584825704,0.0,0.0,31.1695,30.7392,60.8593,70.6847,6.108405101790844,5.91751744235988,22.492929202948577,18.38884452518285,0.98625290705998,0.6681068080083735,0.0,1.47142,31.185900000000004,30.98126,60.59526666666667,64.67226000000001,5.822073612644399,5.516653357554857,22.28083180358084,20.82584364391816,0.721131157850308,0.5726629782928916,0.5090337584825704,0.5227583614966517
2025,Usta Muhammad,41,0.0,27.2002,47.883,314321.0,621.2798240791644,0.6690489279824079,6292.451621770203,0.3392935678944475,241.0,789.0,20.0,7.667320987143716,25.101727215171756,0.6362921981032129,0.0,0.0,31.649,31.1695,50.2418,60.8593,5.440298293782471,6.108405101790844,25.960721682611087,22.492929202948577,0.5090337584825704,0.98625290705998,0.0,1.47142,30.00623333333333,29.90412,52.9947,61.84844,6.405341460905677,6.210211853487358,24.518459366910477,22.86834159982947,0.7105262878819212,0.5853888222549559,0.6362921981032129,0.605188169718724
2025,Usta Muhammad,42,0.0,27.2395,36.6805,314321.0,621.2798240791644,0.6690489279824079,6292.451621770203,0.3392935678944475,222.0,762.0,27.0,7.062843398945664,24.24273274773241,0.8589944674393376,0.0,0.0,27.2002,31.649,47.883,50.2418,7.667320987143716,5.440298293782471,25.101727215171756,25.960721682611087,0.6362921981032129,0.5090337584825704,0.0,0.0,28.696233333333332,29.59948,44.935100000000006,53.26986000000001,6.7234875599572845,6.4392770448045145,25.101727215171756,23.237391074729334,0.6681068080083735,0.7317360278186948,0.8589944674393376,0.8604897476395099
2025,Usta Muhammad,43,0.0,26.7651,40.2498,314321.0,621.2798240791644,0.6690489279824079,6292.451621770203,0.3392935678944475,218.0,730.0,27.0,6.935584959325022,23.224665230767272,0.8589944674393376,0.0,0.0,27.2395,27.2002,36.6805,47.883,7.062843398945664,7.667320987143716,24.24273274773241,25.101727215171756,0.8589944674393376,0.6362921981032129,0.0,0.0,27.06826666666667,28.80466,41.60443333333333,47.18288,7.221916448471467,6.642890548197544,24.189708397890477,24.20455521584622,0.7847603776606293,0.7699135597048877,0.8589944674393376,0.870125441910594
2024,Washuk,38,0.0,26.1795,33.3791,302623.0,700.0,0.0,33093.0,0.2,163.0,191.0,1.0,5.38623964470645,6.311483264656024,0.033044414998199,0.0,0.7222,25.7723,24.78,36.8615,42.5489,0.429577394976588,4.626218099747871,0.033044414998199,7.6002154495857885,0.0,0.033044414998199,0.2407333333333333,2.20802,25.57726666666667,24.7555,37.5965,50.16968,3.480678379810304,5.35319522970825,4.64824770974667,5.141710973719777,0.0220296099987993,0.0925243619949574,0.033044414998199,0.023745569029876262
2024,Washuk,39,0.0,25.7515,35.2964,302623.0,700.0,0.0,33093.0,0.2,241.0,186.0,0.0,7.963704014565978,6.1462611896650285,0.0,0.0,0.0,26.1795,25.7723,33.3791,36.8615,5.38623964470645,0.429577394976588,6.311483264656024,0.033044414998199,0.033044414998199,0.0,0.0,1.41302,25.901100000000003,25.09898,35.178999999999995,42.027,4.593173684749672,6.258612200658905,4.163596289773084,4.731960227742108,0.0110148049993996,0.033044414998199,0.0,-0.0008104962795757176
2024,Washuk,40,0.375,24.6843,33.9561,302623.0,700.0,0.0,33093.0,0.2,381.0,216.0,6.0,12.58992211431385,7.1375936396110005,0.1982664899891945,0.0,0.0,25.7515,26.1795,35.2964,33.3791,7.963704014565978,5.38623964470645,6.1462611896650285,6.311483264656024,0.0,0.033044414998199,0.125,0.21944,25.538433333333334,25.43352,34.21053333333333,36.4084,8.646621924528759,6.199132253662147,6.531779364644017,5.445719591703208,0.0771036349957978,0.0528710639971185,0.1982664899891945,0.20051388888947452
2024,Washuk,41,0.3857,22.0524,26.1323,302623.0,700.0,0.0,33093.0,0.2,360.0,257.0,3.0,11.895989399351668,8.492414654537162,0.0991332449945972,0.375,0.0,24.6843,25.7515,33.9561,35.2964,12.58992211431385,7.963704014565978,7.1375936396110005,6.1462611896650285,0.1982664899891945,0.0,0.2535666666666666,0.15214,24.162733333333332,24.888,31.794933333333336,33.12508,10.8165385094105,7.653086513582906,7.258756494604397,5.6241594326934825,0.0991332449945972,0.0660888299963981,0.0991332449945972,0.09368908910355261
2024,Washuk,42,0.3,21.897,25.0011,302623.0,700.0,0.0,33093.0,0.2,326.0,191.0,1.0,10.7724792894129,6.311483264656024,0.033044414998199,0.3857,0.375,22.0524,24.6843,26.1323,33.9561,11.895989399351668,12.58992211431385,8.492414654537162,7.1375936396110005,0.0991332449945972,0.1982664899891945,0.3535666666666666,0.21214,22.8779,24.11294,28.363166666666668,30.753,11.752796934359472,9.721666892470168,7.313830519601396,6.879847202625048,0.1101480499939969,0.0726977129960379,0.033044414998199,0.027952592342446125
2024,Washuk,44,0.0,20.1509,31.7173,302623.0,700.0,0.0,33093.0,0.2,180.0,283.0,0.0,5.947994699675834,9.35156944449034,0.0,0.3,0.3857,21.897,22.0524,25.0011,26.1323,10.7724792894129,11.895989399351668,6.311483264656024,8.492414654537162,0.033044414998199,0.0991332449945972,0.2285666666666666,0.21214,21.366766666666667,22.90722,27.6169,30.42064,9.538821129480135,9.834017903464046,8.051822454561174,7.48786443859191,0.0440592199975987,0.0660888299963981,0.0,-0.0007259842267015038
2025,Washuk,37,1.3143,24.153,62.7285,212771.0,700.0,0.0,33093.0,0.2,136.0,92.0,10.0,6.391848513190237,4.323897523628689,0.4699888612639881,0.0,3.5286,26.4905,26.2304,30.0201,55.3061,3.383919801100714,4.746887498766279,4.182900865249493,10.52775049231333,0.0939977722527976,0.1879955445055952,1.6143,0.96858,25.62463333333333,26.7283,49.35156666666666,45.90422,4.840885271019077,4.276898637502291,6.344849627063837,6.5234453943441535,0.2506607260074603,0.1879955445055952,0.4699888612639881,0.4639519570132694
2025,Washuk,39,0.0,25.5137,32.0672,212771.0,700.0,0.0,33093.0,0.2,63.0,62.0,2.0,2.9609298259631243,2.913930939836726,0.0939977722527976,1.3143,0.0,24.153,26.4905,62.7285,30.0201,6.391848513190237,3.383919801100714,4.323897523628689,4.182900865249493,0.4699888612639881,0.0939977722527976,0.4381,0.96858,25.38573333333333,26.06704,41.605266666666665,43.96,4.245566046751359,3.91970710294166,3.806909776238303,5.000681483848831,0.2193281352565278,0.1691959900550357,0.0939977722527976,0.09035801814869313
2025,West,37,11.6,26.9064,85.6258,4732945.0,15.0,0.0,929.0,0.75,326.0,804.0,51.0,0.6887889041600948,1.698730917008332,0.1077553193624688,0.1286,15.6857,28.5278,28.8001,76.2371,84.7731,0.53666374741308,0.53666374741308,1.5529443084591097,1.6247811880340888,0.2070592411278812,0.1584637049448071,9.1381,5.84,28.078100000000003,28.340360000000004,82.212,79.99652,0.5873721329954184,0.5569471016460154,1.625485471167177,1.6514030904648165,0.157759421811719,0.1567734254253958,0.1077553193624688,0.10951087118859204
2025,West,38,0.6857,27.5174,81.9526,4732945.0,15.0,0.0,929.0,0.75,333.0,834.0,63.0,0.7035788499549435,1.762116398986255,0.1331095121536379,11.6,0.1286,26.9064,28.5278,85.6258,76.2371,0.6887889041600948,0.53666374741308,1.698730917008332,1.5529443084591097,0.1077553193624688,0.2070592411278812,4.1381000000000006,5.731420000000001,27.65053333333333,28.17256,81.27183333333333,80.9512,0.6430105005093727,0.5992040896312971,1.671263874817899,1.650135380825258,0.1493080242146627,0.1529702965067204,0.1331095121536379,0.14540671338910066
2025,West,39,0.3714,27.9525,78.8954,4732945.0,15.0,0.0,929.0,0.75,387.0,799.0,71.0,0.8176727175152047,1.6881666700120117,0.1500123073477507,0.6857,11.6,27.5174,26.9064,81.9526,85.6258,0.7035788499549435,0.6887889041600948,1.762116398986255,1.698730917008332,0.1331095121536379,0.1077553193624688,4.219033333333333,5.69428,27.458766666666666,27.94084,82.15793333333333,81.4968,0.7366801572100808,0.6566735932912805,1.7163379953355329,1.6653478964999593,0.1302923796212858,0.1512800169873091,0.1500123073477507,0.16099104704938288
2025,West,40,2.5143,29.7281,71.3935,4732945.0,15.0,0.0,929.0,0.75,301.0,802.0,21.0,0.6359676691784925,1.694505218209804,0.0443698373845459,0.3714,0.6857,27.9525,27.5174,78.8954,81.9526,0.8176727175152047,0.7035788499549435,1.6881666700120117,1.762116398986255,0.1500123073477507,0.1331095121536379,1.1904666666666668,3.06,28.39933333333333,28.126439999999995,77.41383333333333,78.82088,0.7190730788828802,0.6765343776443631,1.7149294290693569,1.6792927025351023,0.1091638856286448,0.1284612434752569,0.0443698373845459,0.04523513220681588
2025,West,41,0.1429,27.5965,65.2716,4732945.0,15.0,0.0,929.0,0.75,287.0,817.0,72.0,0.6063877775887951,1.7261979591987653,0.1521251567470148,2.5143,0.3714,29.7281,27.9525,71.3935,78.8954,0.6359676691784925,0.8176727175152047,1.694505218209804,1.6881666700120117,0.0443698373845459,0.1500123073477507,1.0095333333333334,3.06286,28.425700000000003,27.940180000000005,71.85350000000001,76.62778,0.6866760547608308,0.6904791836795061,1.70295661580686,1.7139434326830336,0.1155024338264371,0.1174744265990836,0.1521251567470148,0.16730502853499046
2025,West,42,0.0,27.8921,54.9485,4732945.0,15.0,0.0,929.0,0.75,313.0,812.0,61.0,0.6613218619696616,1.7156337122024448,0.1288838133551097,0.1429,2.5143,27.5965,29.7281,65.2716,71.3935,0.6063877775887951,0.6359676691784925,1.7261979591987653,1.694505218209804,0.1521251567470148,0.0443698373845459,0.8857333333333334,0.7428600000000001,28.40556666666667,28.13732,63.8712,70.49231999999999,0.6345591029123164,0.6849857752414195,1.7121122965370048,1.7173239917218563,0.1084596024955568,0.1217001253976118,0.1288838133551097,0.1363762397000781
2025,West,43,0.0,29.1096,38.4841,4732945.0,15.0,0.0,929.0,0.75,264.0,855.0,49.0,0.557792241405721,1.806486236370801,0.1035296205639406,0.0,0.1429,27.8921,27.5965,54.9485,65.2716,0.6613218619696616,0.6063877775887951,1.7156337122024448,1.7261979591987653,0.1288838133551097,0.1521251567470148,0.0476333333333333,0.60572,28.1994,28.45576,52.9014,61.79862000000001,0.6085006269880592,0.6558284535315749,1.7494393025906705,1.7261979591987653,0.1281795302220217,0.1157841470796723,0.1035296205639406,0.10249072001956111
2024,Zhob,38,0.0,26.9447,38.7447,355692.0,1400.0,0.0,20297.0,0.2,145.0,135.0,0.0,4.076560619862128,3.795418508147498,0.0,0.2846,1.6111,25.4265,24.8885,52.4388,64.2314,3.654847452290184,3.6267332411187208,4.104674831033591,3.851646930490424,2.0804516266882582,0.0,0.6319,0.91914,25.753233333333338,25.99784,51.804966666666665,57.91058,3.786047104423677,4.127166199970761,3.917246756557172,3.9416124062391056,0.6934838755627527,0.5004329588520405,0.0,0.017377698862200835
2024,Zhob,39,0.0,27.3396,47.3949,355692.0,1400.0,0.0,20297.0,0.2,132.0,154.0,0.0,3.711075874633109,4.329588520405294,0.0,0.0,0.2846,26.9447,25.4265,38.7447,52.4388,4.076560619862128,3.654847452290184,3.795418508147498,4.104674831033591,0.0,2.0804516266882582,0.0948666666666666,0.522,26.57026666666667,25.96844,46.1928,54.50174,3.81416131559514,4.177771780079395,4.076560619862128,4.031577881987787,0.6934838755627527,0.4160903253376516,0.0,0.009775859255361702
2024,Zhob,40,0.8,24.3798,38.2274,355692.0,1400.0,0.0,20297.0,0.2,212.0,106.0,0.0,5.960212768350145,2.9801063841750723,0.0,0.0,0.0,27.3396,26.9447,47.3949,38.7447,3.711075874633109,4.076560619862128,4.329588520405294,3.795418508147498,0.0,0.0,0.2666666666666666,0.53914,26.221366666666665,25.795820000000003,41.455666666666666,48.20744,4.582616420948461,4.205885991250858,3.701704470909288,3.812287034850377,0.0,0.4160903253376516,0.0,0.006750029998097484
2024,Zhob,41,0.9143,19.92,43.487,355692.0,1400.0,0.0,20297.0,0.2,248.0,111.0,0.0,6.972324370522812,3.120677440032388,0.0,0.8,0.0,24.3798,27.3396,38.2274,47.3949,5.960212768350145,3.711075874633109,2.9801063841750723,4.329588520405294,0.0,0.0,0.5714333333333333,0.3997799999999999,23.8798,24.80212,43.03643333333333,44.05856,5.547871004502022,4.875004217131675,3.4767907815375847,3.666093136758769,0.0,0.4160903253376516,0.0,0.007182162901257116
2024,Zhob,42,0.0,21.8411,24.2529,355692.0,1400.0,0.0,20297.0,0.2,211.0,117.0,0.0,5.932098557178683,3.2893627070611653,0.0,0.9143,0.8,19.92,24.3798,43.487,38.2274,6.972324370522812,5.960212768350145,3.120677440032388,2.9801063841750723,0.0,0.0,0.5714333333333333,0.34286,22.046966666666663,24.08504,35.322433333333336,38.42138,6.28821189868388,5.330454438109375,3.1300488437562084,3.5030307119642834,0.0,0.0,0.0,0.0004324628147964471
2024,Zhob,43,0.0,21.8569,34.6213,355692.0,1400.0,0.0,20297.0,0.2,107.0,244.0,0.0,3.008220595346536,6.859867525836959,0.0,0.0,0.9143,21.8411,19.92,24.2529,43.487,5.932098557178683,6.972324370522812,3.2893627070611653,3.120677440032388,0.0,0.0,0.3047666666666667,0.34286,21.206,23.06748,34.1204,37.5967,5.304214507682677,5.116786433206256,4.423302557643503,4.115920515502175,0.0,0.0,0.0,0.0007363726585694896
2024,Zhob,44,0.0,20.8572,27.49,355692.0,1400.0,0.0,20297.0,0.2,83.0,171.0,46.0,2.333479527231425,4.807530110320164,1.2932537138872957,0.0,0.0,21.8569,21.8411,34.6213,24.2529,3.008220595346536,5.932098557178683,6.859867525836959,3.2893627070611653,0.0,0.0,0.0,0.34286,21.5184,21.771,28.788066666666666,33.61572,3.757932893252215,4.84126716372592,4.9855867810727625,4.21150883348515,0.4310845712957652,0.2586507427774591,1.2932537138872957,1.385672185529288
2025,Zhob,37,1.1429,26.4917,56.1172,374767.0,1400.0,0.0,20297.0,0.2,79.0,83.0,2.0,2.107976422683961,2.214709406110997,0.053366491713518,0.1429,0.7714,25.8432,27.8551,55.6837,55.5908,1.6810444889758172,1.4408952762649858,3.308722486238116,2.241392651967756,0.0,0.0,0.6857333333333333,0.4743,26.73,27.90848,55.79723333333332,52.62382,1.7433053959749216,1.1260329751552298,2.588274848105623,1.707727734832576,0.0177888305711726,0.0106732983427036,0.053366491713518,0.05610112065439482
2025,Zhob,38,0.0,26.2599,45.7482,374767.0,1400.0,0.0,20297.0,0.2,54.0,40.0,0.0,1.4408952762649858,1.06732983427036,0.0,1.1429,0.1429,26.4917,25.8432,56.1172,55.6837,2.107976422683961,1.6810444889758172,2.214709406110997,3.308722486238116,0.053366491713518,0.0,0.4286,0.4743,26.198266666666665,27.24242,52.51636666666665,52.68934,1.7433053959749216,1.3821921353801163,2.196920575539824,1.8731638591444817,0.0177888305711726,0.0106732983427036,0.0,0.0022917296852371094
2025,Zhob,39,0.0,25.7646,40.6245,374767.0,1400.0,0.0,20297.0,0.2,43.0,51.0,0.0,1.147379571840637,1.360845538694709,0.0,0.0,1.1429,26.2599,26.4917,45.7482,56.1172,1.4408952762649858,2.107976422683961,1.06732983427036,2.214709406110997,0.0,0.053366491713518,0.3809666666666667,0.41144,26.172066666666662,26.4429,47.49663333333333,50.75288,1.565417090263195,1.5636382072060773,1.547628259692022,2.0385999834563875,0.0177888305711726,0.0106732983427036,0.0,0.0018671660119879696
2025,Zhob,40,0.0,24.2861,36.8871,374767.0,1400.0,0.0,20297.0,0.2,47.0,76.0,0.0,1.254112555267673,2.027926685113684,0.0,0.0,0.0,25.7646,26.2599,40.6245,45.7482,1.147379571840637,1.4408952762649858,1.360845538694709,1.06732983427036,0.0,0.0,0.0,0.25716,25.436866666666663,25.7291,41.0866,47.01214,1.280795801124432,1.526281663006615,1.4853673526929174,1.995906790085573,0.0,0.0106732983427036,0.0,0.0029403126754924958
2025,Zhob,41,0.0,18.3087,42.4814,374767.0,1400.0,0.0,20297.0,0.2,10.0,33.0,0.0,0.2668324585675899,0.880547113273047,0.0,0.0,0.0,24.2861,25.7646,36.8871,40.6245,1.254112555267673,1.147379571840637,2.027926685113684,1.360845538694709,0.0,0.0,0.0,0.22858,22.78646666666667,24.2222,39.99766666666666,44.37168,0.8894415285586335,1.2434392569249697,1.4231064456938132,1.5102717154925591,0.0,0.0106732983427036,0.0,0.0035935962364674057
2025,Zhob,42,0.0,20.4048,38.695,374767.0,1400.0,0.0,20297.0,0.2,14.0,27.0,0.0,0.373565441994626,0.7204476381324929,0.0,0.0,0.0,18.3087,24.2861,42.4814,36.8871,0.2668324585675899,1.254112555267673,0.880547113273047,2.027926685113684,0.0,0.0,0.0,0.0,20.999866666666662,23.00482,39.3545,40.88724,0.6315034852766298,0.8965570607871024,1.2096404788397412,1.2114193618968585,0.0,0.0,0.0,0.002703126974826303
2025,Zhob,43,0.0,18.8819,41.7243,374767.0,1400.0,0.0,20297.0,0.2,22.0,32.0,0.0,0.587031408848698,0.853863867416288,0.0,0.0,0.0,20.4048,18.3087,38.695,42.4814,0.373565441994626,0.2668324585675899,0.7204476381324929,0.880547113273047,0.0,0.0,0.0,0.0,19.198466666666665,21.52922,40.96689999999999,40.08246,0.4091431031369714,0.7257842873038448,0.8182862062739426,1.1687261685260442,0.0,0.0,0.0,0.0009729366024878172
2024,Ziarat,37,0.0,0.0,0.0,189535.0,2400.0,0.0,3301.0,0.2,84.0,85.0,3.0,4.431899121534281,4.48465982536207,0.1582821114833671,0.0,0.0,0.0,0.0,0.0,0.0,10.815944284696757,4.906745455984383,7.808584166512781,6.911652201440367,0.5276070382778907,0.1055214076555781,0.0,0.0,0.0,0.0,0.0,0.0,6.71819628740514,7.122695016751523,6.401632064438406,6.215210910913552,0.2638035191389453,0.4748463344501015,0.1582821114833671,0.16437123257369807
