Year,District,week_index,Avg_rainfall,Avg_Temperature,Avg_Humidity,Population,Elevation_m,River_Status,Area_sq_km,Sanitation_Index,Malaria_cases,AD_cases,Typhoid_cases,Malaria_Risk,AD_Risk,Typhoid_Risk,Avg_rainfall_lag1,Avg_rainfall_lag2,Avg_Temperature_lag1,Avg_Temperature_lag2,Avg_Humidity_lag1,Avg_Humidity_lag2,Avg_rainfall_roll3,Avg_rainfall_roll5,Avg_Temperature_roll3,Avg_Temperature_roll5,Avg_Humidity_roll3,Avg_Humidity_roll5,y_true,y_pred
2024,Abbottabad,37,3.0154,22.9028,78.0351,1419072.0,1256.0,0.0,1967.0,0.75,22.0,623.0,37.0,0.1550308934289451,4.390193027556037,0.2607337753123168,5.7714,12.6444,22.4667,23.5303,85.0025,81.1787,7.1437333333333335,6.30052,22.9666,23.36802,81.40543333333333,82.42382,4.390193027556037,4.405737417402106
2024,Abbottabad,38,0.0,24.2828,61.5044,1419072.0,1256.0,0.0,1967.0,0.75,26.0,697.0,17.0,0.1832183285978442,4.91166057818067,0.1197965994678212,3.0154,5.7714,22.9028,22.4667,78.0351,85.0025,2.928933333333333,4.80338,23.21743333333333,23.40528,74.84733333333334,77.53493999999999,4.91166057818067,4.9515823791307865
2024,Abbottabad,39,3.6143,23.2851,74.9441,1419072.0,1256.0,0.0,1967.0,0.75,2.0,644.0,11.0,0.0140937175844495,4.538177062192757,0.0775154467144725,0.0,3.0154,24.2828,22.9028,61.5044,78.0351,2.2099,5.009099999999999,23.49023333333333,23.29354,71.49453333333334,76.13296,4.538177062192757,4.569045169016362
2024,Abbottabad,40,0.1625,22.4983,57.2492,1419072.0,1256.0,0.0,1967.0,0.75,24.0,542.0,5.0,0.1691246110133946,3.819397465385829,0.0352342939611238,3.6143,0.0,23.2851,24.2828,74.9441,61.5044,1.2589333333333337,2.51272,23.3554,23.08714,64.56590000000001,71.34706,3.819397465385829,3.913334039678706
2024,Abbottabad,41,1.1143,19.7137,56.4356,1419072.0,1256.0,0.0,1967.0,0.75,1.0,486.0,10.0,0.0070468587922247,3.424773373021242,0.0704685879222477,0.1625,3.6143,22.4983,23.2851,57.2492,74.9441,1.6303666666666663,1.5813,21.83236666666667,22.53654,62.87630000000001,65.63368,3.424773373021242,3.207585078766714
2024,Abbottabad,42,0.0,20.545,49.9082,1419072.0,1256.0,0.0,1967.0,0.75,2.0,449.0,26.0,0.0140937175844495,3.1640395977089253,0.1832183285978442,1.1143,0.1625,19.7137,22.4983,56.4356,57.2492,0.4256,0.97822,20.919,22.06498,54.531000000000006,60.0083,3.1640395977089253,3.102198331023213
2024,Abbottabad,43,0.0143,19.9301,54.2137,1419072.0,1256.0,0.0,1967.0,0.75,3.0,437.0,23.0,0.0211405763766743,3.079477292202228,0.1620777522211698,0.0,1.1143,20.545,19.7137,49.9082,56.4356,0.3762,0.98108,20.062933333333334,21.19444,53.51916666666667,58.550160000000005,3.079477292202228,3.0174867176359186
2024,Abbottabad,44,0.0143,19.3384,60.4715,1419072.0,1256.0,0.0,1967.0,0.75,3.0,360.0,20.0,0.0211405763766743,2.53686916520092,0.1409371758444955,0.0143,0.0,19.9301,20.545,54.2137,49.9082,0.0095333333333333,0.26108,19.937833333333334,20.4051,54.864466666666665,55.655640000000005,2.53686916520092,2.235633863729329
2025,Abbottabad,37,1.0714,23.572,79.8149,1611498.0,1256.0,0.0,1967.0,0.75,135.0,1381.0,16.0,0.8377298637665079,8.569666236011463,0.0992865023723268,6.3143,15.7571,22.0524,22.8968,82.8205,85.0062,7.714266666666667,6.182840000000001,22.8404,23.42996,82.54719999999999,83.37986,8.569666236011463,8.766289243163092
2025,Abbottabad,38,1.8571,23.2765,71.7492,1611498.0,1256.0,0.0,1967.0,0.75,1.0,1234.0,22.0,0.0062054063982704,7.657471495465709,0.1365189407619494,1.0714,6.3143,23.572,22.0524,79.8149,82.8205,3.0809333333333337,5.974259999999999,22.966966666666668,23.24496,78.12819999999999,81.22084,7.657471495465709,7.898465294033885
2025,Abbottabad,39,0.4714,23.77,57.4104,1611498.0,1256.0,0.0,1967.0,0.75,122.0,1286.0,21.0,0.7570595805889923,7.980152628175771,0.130313534363679,1.8571,1.0714,23.2765,23.572,71.7492,79.8149,1.1333,5.09426,23.5395,23.11354,69.65816666666667,75.36024,7.980152628175771,8.22372188146991
2025,Abbottabad,40,2.6714,21.4087,58.7859,1611498.0,1256.0,0.0,1967.0,0.75,3.0,1035.0,9.0,0.0186162191948112,6.422595622209895,0.0558486575844338,0.4714,1.8571,23.77,23.2765,57.4104,71.7492,1.6666333333333334,2.47712,22.8184,22.81592,62.648500000000006,70.11618,6.422595622209895,6.634509671825504
2025,Abbottabad,41,7.3714,16.3718,65.1618,1611498.0,1256.0,0.0,1967.0,0.75,200.0,926.0,12.0,1.2410812796540858,5.7462063247984165,0.0744648767792451,2.6714,0.4714,21.4087,23.77,58.7859,57.4104,3.5047333333333337,2.68854,20.51683333333333,21.6798,60.45269999999999,66.58444,5.7462063247984165,6.097921504696897
2025,Abbottabad,42,0.0,19.3301,58.2832,1611498.0,1256.0,0.0,1967.0,0.75,2.0,728.0,65.0,0.0124108127965408,4.517535857940873,0.4033514158875779,7.3714,2.6714,16.3718,21.4087,65.1618,58.7859,3.3476,2.47426,19.03686666666667,20.83142,60.74363333333333,62.2781,4.517535857940873,4.931477177687984
2025,Abbottabad,43,0.0286,18.4801,45.8736,1611498.0,1256.0,0.0,1967.0,0.75,263.0,822.0,41.0,1.632021882745123,5.100844059378293,0.2544216623290876,0.0,7.3714,19.3301,16.3718,58.2832,65.1618,2.466666666666667,2.10856,18.060666666666663,19.87214,56.43953333333334,57.10298,5.100844059378293,5.31728838582626
2024,Badin,37,1.2385,28.6327,75.2012,1947081.0,9.0,1.0,6726.0,0.35,7701.0,3929.0,68.0,39.55151326524166,20.1789242460894,0.3492407352339219,2.3,26.7,28.4877,28.0245,78.572,81.7304,10.0795,7.010560000000001,28.381633333333337,29.07452,78.5012,75.96986000000001,20.1789242460894,20.97883001231195
2024,Badin,38,0.0,29.4948,69.5094,1947081.0,9.0,1.0,6726.0,0.35,6373.0,3176.0,82.0,32.73104714184977,16.311596692690237,0.4211432395467882,1.2385,2.3,28.6327,28.4877,75.2012,78.572,1.1795,6.57056,28.87173333333333,29.00916,74.42753333333333,74.98178,16.311596692690237,17.251592033827702
2024,Badin,39,0.0286,30.3544,68.591,1947081.0,9.0,1.0,6726.0,0.35,5984.0,2642.0,104.0,30.73318470058513,13.569029742470908,0.5341328891812924,0.0,1.2385,29.4948,28.6327,69.5094,75.2012,0.4223666666666666,6.05342,29.493966666666665,28.99882,71.10053333333333,74.7208,13.569029742470908,14.571580301490116
2024,Badin,40,0.0,29.873,68.1367,1947081.0,9.0,1.0,6726.0,0.35,3338.0,2324.0,71.0,17.143611385453404,11.935815715935805,0.3646484147295361,0.0286,0.0,30.3544,29.4948,68.591,69.5094,0.0095333333333333,0.7134199999999999,29.9074,29.36852,68.7457,72.00206,11.935815715935805,13.471838723034214
2024,Badin,41,0.0,30.4195,51.2197,1947081.0,9.0,1.0,6726.0,0.35,4204.0,2290.0,82.0,21.591294866520705,11.761195348318845,0.4211432395467882,0.0,0.0286,29.873,30.3544,68.1367,68.591,0.0095333333333333,0.25342,30.215633333333333,29.75488,62.64913333333334,66.5316,11.761195348318845,12.977711136555627
2024,Badin,42,0.0571,30.3439,58.358,1947081.0,9.0,1.0,6726.0,0.35,4382.0,2506.0,88.0,22.505483849927145,12.870548272003065,0.4519585985380166,0.0,0.0,30.4195,29.873,51.2197,68.1367,0.0190333333333333,0.01714,30.212133333333338,30.09712,59.23813333333334,63.16296,12.870548272003065,13.690842166038376
2024,Badin,43,0.0,29.6987,51.6898,1947081.0,9.0,1.0,6726.0,0.35,3359.0,1941.0,114.0,17.251465141922704,9.96876863366239,0.5854918208333397,0.0571,0.0,30.3439,30.4195,58.358,51.2197,0.0190333333333333,0.01714,30.15403333333333,30.1379,53.75583333333333,59.59904,9.96876863366239,11.094707266543171
2024,Badin,44,0.0,27.9094,55.6604,1947081.0,9.0,1.0,6726.0,0.35,2988.0,1999.0,40.0,15.346048777631747,10.266650437244264,0.2054357266081893,0.0,0.0571,29.6987,30.3439,51.6898,58.358,0.0190333333333333,0.01142,29.31733333333333,29.648900000000005,55.236066666666666,57.01292,10.266650437244264,11.007723490487248
2025,Badin,37,16.7857,27.2097,82.9644,2182111.0,9.0,1.0,6726.0,0.35,5702.0,3222.0,202.0,26.1306597143775,14.765518344392197,0.9257090954584803,3.6429,16.9143,29.2401,29.1689,74.8412,83.393,12.447633333333334,7.77714,28.53956666666667,29.0824,80.39953333333334,76.58524,14.765518344392197,15.247897552433482
2025,Badin,38,0.0429,28.3002,76.7926,2182111.0,9.0,1.0,6726.0,0.35,6381.0,3452.0,164.0,29.242325436240414,15.819543552092446,0.7515658002732216,16.7857,3.6429,27.2097,29.2401,82.9644,74.8412,6.823833333333333,7.771440000000001,28.25,28.80924,78.1994,77.89959999999999,15.819543552092446,15.817950307583965
2025,Badin,39,0.0143,28.73,71.7396,2182111.0,9.0,1.0,6726.0,0.35,5586.0,2727.0,119.0,25.599064392233025,12.497072788689485,0.5453434770275206,0.0429,16.7857,28.3002,27.2097,76.7926,82.9644,5.6143,7.480020000000001,28.079966666666667,28.52978,77.16553333333333,77.94615999999999,12.497072788689485,13.593077769082178
2025,Badin,40,3.6857,28.435,78.2997,2182111.0,9.0,1.0,6726.0,0.35,4327.0,2354.0,252.0,19.829422059647744,10.78771886489734,1.154845010175926,0.0143,0.0429,28.73,28.3002,71.7396,76.7926,1.2476333333333334,4.8343,28.4884,28.383,75.61063333333333,76.9275,10.78771886489734,12.084371822074676
2025,Badin,41,0.0286,26.5356,64.0312,2182111.0,9.0,1.0,6726.0,0.35,5147.0,2423.0,95.0,23.587251061013852,11.103926427207416,0.4353582379631466,3.6857,0.0143,28.435,28.73,78.2997,71.7396,1.2428666666666668,4.11144,27.9002,27.8421,71.35683333333333,74.7655,11.103926427207416,12.381120448566708
2025,Badin,42,0.0,26.5362,47.6033,2182111.0,9.0,1.0,6726.0,0.35,4794.0,2307.0,151.0,21.969551503108686,10.572331105062942,0.6919904624466857,0.0286,3.6857,26.5356,28.435,64.0312,78.2997,1.2381,0.7543,27.16893333333333,27.7074,63.3114,67.69328,10.572331105062942,11.597663504084395
2025,Badin,43,0.0,27.0782,42.243,2182111.0,9.0,1.0,6726.0,0.35,5230.0,2148.0,165.0,23.967616679444813,9.843678896261466,0.7561485185675706,0.0,0.0286,26.5362,26.5356,47.6033,64.0312,0.0095333333333333,0.74572,26.716666666666665,27.463,51.2925,60.78336,9.843678896261466,10.826310479578908
2025,Bajaur,37,0.2429,24.0655,65.3823,1321356.0,900.0,0.0,1290.0,0.2,53.0,736.0,4.0,0.401103109230215,5.570035630064873,0.0302719327720916,2.6286,2.0714,22.3967,22.7336,71.6065,72.6607,1.6476333333333333,2.56,23.06526666666667,23.61172,69.88316666666667,72.37992,5.570035630064873,5.922851027133411
2025,Bajaur,38,1.0429,22.8006,59.1479,1321356.0,900.0,0.0,1290.0,0.2,426.0,695.0,5.0,3.223960840227766,5.259748319150932,0.0378399159651146,0.2429,2.6286,24.0655,22.3967,65.3823,71.6065,1.3048,2.59144,23.0876,23.21362,65.3789,70.23192,5.259748319150932,5.395135101994491
2025,Bajaur,39,0.0286,22.7732,46.9179,1321356.0,900.0,0.0,1290.0,0.2,482.0,620.0,1.0,3.6477678990370497,4.692149579674213,0.0075679831930229,1.0429,0.2429,22.8006,24.0655,59.1479,65.3823,0.4381333333333333,1.20288,23.2131,22.95392,57.14936666666667,63.143060000000006,4.692149579674213,4.79949278946042
2025,Bajaur,40,1.7143,19.9884,52.1313,1321356.0,900.0,0.0,1290.0,0.2,341.0,561.0,3.0,2.580682268820817,4.245638571285861,0.0227039495790687,0.0286,1.0429,22.7732,22.8006,46.9179,59.1479,0.9286,1.13146,21.854066666666668,22.40488,52.73236666666668,59.03718,4.245638571285861,4.092359436334107
2025,Bajaur,41,0.5714,15.8226,52.2083,1321356.0,900.0,0.0,1290.0,0.2,285.0,560.0,3.0,2.1568752100115334,4.238070588092838,0.0227039495790687,1.7143,0.0286,19.9884,22.7732,52.1313,46.9179,0.7714333333333333,0.72002,19.528066666666664,21.09006,50.41916666666668,55.15754,4.238070588092838,4.074494760389176
2025,Bajaur,42,0.0,18.4824,42.9558,1321356.0,900.0,0.0,1290.0,0.2,226.0,633.0,13.0,1.710364201623181,4.790533361183512,0.098383781509298,0.5714,1.7143,15.8226,19.9884,52.2083,52.1313,0.7618999999999999,0.6714399999999999,18.0978,19.97344,49.098466666666674,50.67224,4.790533361183512,4.768036160339735
2025,Bajaur,43,0.0,17.272,38.9789,1321356.0,900.0,0.0,1290.0,0.2,258.0,762.0,11.0,1.9525396637999144,5.766803193083469,0.0832478151232521,0.0,0.5714,18.4824,15.8226,42.9558,52.2083,0.1904666666666666,0.4628599999999999,17.19233333333333,18.86772,44.71433333333334,46.63844,5.766803193083469,5.673783008000326
2024,Bannu,37,2.9154,28.5396,71.7237,1357890.0,312.0,1.0,1227.0,0.2,1411.0,663.0,100.0,10.391121519416153,4.882575171773855,0.7364366774922858,6.3571,3.6889,28.2235,28.4147,75.4092,73.1792,4.320466666666667,5.77228,28.3926,28.66416,73.43736666666666,74.91384,4.882575171773855,4.838936555973145
2024,Bannu,38,0.0,29.9782,50.7282,1357890.0,312.0,1.0,1227.0,0.2,1871.0,875.0,37.0,13.778730235880667,6.443820928057501,0.2724815706721457,2.9154,6.3571,28.5396,28.2235,71.7237,75.4092,3.090833333333334,3.58656,28.913766666666664,28.7825,65.9537,69.5039,6.443820928057501,6.454871210811529
2024,Bannu,39,1.6286,29.9428,60.3322,1357890.0,312.0,1.0,1227.0,0.2,1834.0,846.0,33.0,13.506248665208522,6.230254291584738,0.2430241035724543,0.0,2.9154,29.9782,28.5396,50.7282,71.7237,1.5146666666666675,2.918,29.486866666666668,29.01976,60.92803333333333,66.2745,6.230254291584738,6.242297648606345
2024,Bannu,40,0.3125,28.6662,49.6141,1357890.0,312.0,1.0,1227.0,0.2,1510.0,774.0,2.0,11.120193830133516,5.700019883790292,0.0147287335498457,1.6286,0.0,29.9428,29.9782,60.3322,50.7282,0.6470333333333339,2.2427200000000003,29.529066666666665,29.07006,53.558166666666665,61.56148,5.700019883790292,5.7389420950083
2024,Bannu,41,0.3571,26.5089,41.3641,1357890.0,312.0,1.0,1227.0,0.2,1827.0,865.0,30.0,13.454698097784062,6.370177260308273,0.2209310032476857,0.3125,1.6286,28.6662,29.9428,49.6141,60.3322,0.7660666666666672,1.04272,28.37263333333333,28.72714,50.436800000000005,54.75246,6.370177260308273,6.4777229906825635
2024,Bannu,42,0.0,26.6743,39.8176,1357890.0,312.0,1.0,1227.0,0.2,1775.0,729.0,1.0,13.071751025488076,5.368623378918764,0.0073643667749228,0.3571,0.3125,26.5089,28.6662,41.3641,49.6141,0.2232000000000006,0.45964,27.283133333333332,28.35408,43.5986,48.37124,5.368623378918764,5.606984700859106
2024,Bannu,43,0.2857,25.824,49.6044,1357890.0,312.0,1.0,1227.0,0.2,1606.0,666.0,23.0,11.82717304052611,4.904668272098624,0.1693804358232257,0.0,0.3571,26.6743,26.5089,39.8176,41.3641,0.2142666666666672,0.51678,26.335733333333334,27.52324,43.595366666666656,48.14648,4.904668272098624,4.986928423889728
2024,Bannu,44,0.0,23.4883,62.0385,1357890.0,312.0,1.0,1227.0,0.2,1312.0,579.0,14.0,9.66204920869879,4.263968362680335,0.10310113484892,0.2857,0.0,25.824,26.6743,49.6044,39.8176,0.0952333333333339,0.19106,25.328866666666663,26.23234,50.48683333333333,48.48774,4.263968362680335,4.418602975445994
2025,Bannu,37,0.1,31.0973,58.966,1410816.0,312.0,1.0,1227.0,0.2,3.0,970.0,8.0,0.0212642896026129,6.875453638178189,0.0567047722736345,4.5429,14.8286,29.0871,29.3788,65.0313,71.3118,6.490500000000001,4.78002,29.8544,30.948519999999995,65.10303333333333,62.59478,6.875453638178189,6.958291893786196
2025,Bannu,38,1.4857,31.0229,54.9392,1410816.0,312.0,1.0,1227.0,0.2,1342.0,943.0,96.0,9.512225548902196,6.684075031754672,0.6804572672836147,0.1,4.5429,31.0973,29.0871,58.966,65.0313,2.0428666666666677,4.63144,30.40243333333333,30.65168,59.6455,61.93652,6.684075031754672,6.750554797324971
2025,Bannu,39,0.2143,29.8806,50.9607,1410816.0,312.0,1.0,1227.0,0.2,1717.0,1038.0,69.0,12.170261749228814,7.357444202504082,0.489078660860098,1.4857,0.1,31.0229,31.0973,54.9392,58.966,0.6000000000000006,4.2343,30.666933333333336,30.09334,54.9553,60.2418,7.357444202504082,7.4202835652430705
2025,Bannu,40,3.0714,27.672,55.1417,1410816.0,312.0,1.0,1227.0,0.2,1437.0,982.0,5.0,10.185594719651606,6.960510796588641,0.0354404826710215,0.2143,1.4857,29.8806,31.0229,50.9607,54.9392,1.5904666666666671,1.88286,29.525166666666667,29.751980000000003,53.68053333333333,57.00778,6.960510796588641,7.009690998209432
2025,Bannu,41,0.2857,22.2285,54.7774,1410816.0,312.0,1.0,1227.0,0.2,1749.0,880.0,82.0,12.397080838323353,6.2375249500998,0.5812239158047541,3.0714,0.2143,27.672,29.8806,55.1417,50.9607,1.1904666666666672,1.0314199999999998,26.5937,28.38026,53.6266,54.95700000000001,6.2375249500998,6.498881272767561
2025,Bannu,42,0.0,24.6952,51.6019,1410816.0,312.0,1.0,1227.0,0.2,1652.0,854.0,26.0,11.709535474505534,6.053234440210488,0.1842905098893123,0.2857,3.0714,22.2285,27.672,54.7774,55.1417,1.119033333333334,1.0114199999999998,24.865233333333336,27.09984,53.84033333333333,53.48418,6.053234440210488,6.397998688297166
2025,Bannu,43,0.0,23.4797,46.3627,1410816.0,312.0,1.0,1227.0,0.2,1471.0,948.0,6.0,10.426590001814551,6.719515514425694,0.0425285792052259,0.0,0.2857,24.6952,22.2285,51.6019,54.7774,0.0952333333333339,0.7142799999999997,23.4678,25.5912,50.91400000000001,51.76888,6.719515514425694,6.8617809050643235
2024,Barkhan,37,1.8308,26.4871,71.5928,210249.0,1100.0,0.0,3514.0,0.2,79.0,81.0,40.0,3.7574495003543418,3.852574804160781,1.9025060761287804,2.9286,4.9111,25.7467,25.5323,81.8345,78.8689,3.2235,3.8598,25.92203333333333,25.98798,77.43206666666667,80.11731999999999,3.852574804160781,3.8462437817619497
2024,Barkhan,38,0.0,28.5253,54.2244,210249.0,1100.0,0.0,3514.0,0.2,81.0,106.0,1.0,3.852574804160781,5.041641101741268,0.0475626519032195,1.8308,2.9286,26.4871,25.7467,71.5928,81.8345,1.5864666666666665,2.46552,26.9197,26.38608,69.21723333333334,74.30879999999999,5.041641101741268,4.937359523955318
2024,Barkhan,39,0.7,29.5822,51.4597,210249.0,1100.0,0.0,3514.0,0.2,110.0,147.0,2.0,5.231891709354147,6.991709829773269,0.095125303806439,0.0,1.8308,28.5253,26.4871,54.2244,71.5928,0.8436,2.0741,28.1982,27.17472,59.0923,67.59606,6.991709829773269,6.739507013507785
2024,Barkhan,40,2.025,27.2898,48.3228,210249.0,1100.0,0.0,3514.0,0.2,55.0,193.0,1.0,2.615945854677073,9.179591817321366,0.0475626519032195,0.7,0.0,29.5822,28.5253,51.4597,54.2244,0.9083333333333332,1.49688,28.465766666666667,27.52622,51.33563333333333,61.48684000000001,9.179591817321366,8.959139220383669
2024,Barkhan,41,1.0571,23.5524,52.9088,210249.0,1100.0,0.0,3514.0,0.2,101.0,146.0,0.0,4.803827842225172,6.944147177870049,0.0,2.025,0.7,27.2898,29.5822,48.3228,51.4597,1.2607,1.12258,26.80813333333333,27.08736,50.8971,55.7017,6.944147177870049,6.800947575620486
2024,Barkhan,42,0.0,25.5479,33.7151,210249.0,1100.0,0.0,3514.0,0.2,51.0,112.0,0.0,2.425695247064195,5.327017013160586,0.0,1.0571,2.025,23.5524,27.2898,52.9088,48.3228,1.0273666666666663,0.75642,25.463366666666666,26.899520000000003,44.98223333333333,48.12616,5.327017013160586,5.055709843920047
2024,Barkhan,43,0.0,25.8482,32.8212,210249.0,1100.0,0.0,3514.0,0.2,128.0,65.0,6.0,6.088019443612098,3.0915723737092686,0.285375911419317,0.0,1.0571,25.5479,23.5524,33.7151,52.9088,0.3523666666666666,0.75642,24.98283333333333,26.3641,39.81503333333333,43.84552,3.0915723737092686,3.2911648487433833
2024,Barkhan,44,0.0,23.9107,45.5511,210249.0,1100.0,0.0,3514.0,0.2,72.0,49.0,3.0,3.424510937031805,2.330569943257756,0.1426879557096585,0.0,0.0,25.8482,25.5479,32.8212,33.7151,0.0,0.61642,25.102266666666665,25.2298,37.36246666666667,42.6638,2.330569943257756,2.304451742246166
2025,Barkhan,37,0.3714,27.2851,65.0878,206726.0,1100.0,0.0,3514.0,0.2,112.0,82.0,20.0,5.417799405976994,3.96660313651887,0.967464179638749,1.0857,4.7,27.1572,28.3458,68.5679,68.3198,2.052366666666667,1.4914200000000002,27.59603333333333,28.69262,67.32516666666666,62.97986000000001,3.96660313651887,3.9803110526155168
2025,Barkhan,38,0.1,28.8164,55.0045,206726.0,1100.0,0.0,3514.0,0.2,119.0,99.0,28.0,5.756411868850556,4.788947689211807,1.3544498514942485,0.3714,1.0857,27.2851,27.1572,65.0878,68.5679,0.5190333333333333,1.45714,27.7529,28.27632,62.88673333333333,63.47456,4.788947689211807,4.770997968977907
2025,Barkhan,39,0.0,28.7795,51.276,206726.0,1100.0,0.0,3514.0,0.2,147.0,65.0,25.0,7.110861720344804,3.1442585838259336,1.209330224548436,0.1,0.3714,28.8164,27.2851,55.0045,65.0878,0.1571333333333333,1.25142,28.293666666666667,28.0768,57.12276666666667,61.6512,3.1442585838259336,3.317697548104241
2025,Barkhan,40,1.0714,27.9792,40.411,206726.0,1100.0,0.0,3514.0,0.2,113.0,84.0,33.0,5.466172614958931,4.063349554482746,1.5963158964039357,0.0,0.1,28.7795,28.8164,51.276,55.0045,0.3904666666666667,0.5257,28.525033333333337,28.003480000000003,48.89716666666667,56.06944,4.063349554482746,4.256469819640721
2025,Barkhan,41,0.0,21.7244,50.5286,206726.0,1100.0,0.0,3514.0,0.2,109.0,87.0,17.0,5.272679779031182,4.2084691814285575,0.8223445526929366,1.0714,0.0,27.9792,28.7795,40.411,51.276,0.3571333333333333,0.30856,26.161033333333336,26.91692,47.4052,52.461580000000005,4.2084691814285575,4.212020338664509
2025,Barkhan,42,0.0,23.6146,34.1999,206726.0,1100.0,0.0,3514.0,0.2,90.0,77.0,31.0,4.35358880837437,3.724737091609183,1.4995694784400608,0.0,1.0714,21.7244,27.9792,50.5286,40.411,0.3571333333333333,0.23428,24.439400000000003,26.18282,41.713166666666666,46.284000000000006,3.724737091609183,3.7325268810390915
2025,Barkhan,43,0.0,23.1408,35.9685,206726.0,1100.0,0.0,3514.0,0.2,79.0,90.0,14.0,3.821483509573058,4.35358880837437,0.6772249257471242,0.0,0.0,23.6146,21.7244,34.1999,50.5286,0.0,0.2142799999999999,22.826600000000003,25.0477,40.23233333333334,42.4768,4.35358880837437,4.1690177390996235
2024,Battagram,37,3.9846,23.667,71.5604,335984.0,1036.0,0.0,1301.0,0.2,171.0,183.0,0.0,5.089528072765369,5.446687937520835,0.0,10.3714,6.6111,23.3882,23.6543,81.6665,79.8694,6.989033333333334,6.45914,23.56983333333333,24.11804,77.69876666666666,78.74136000000001,5.446687937520835,5.439155709375049
2024,Battagram,38,0.0,24.9594,55.6901,335984.0,1036.0,0.0,1301.0,0.2,132.0,177.0,0.0,3.92875851231011,5.268108005143102,0.0,3.9846,10.3714,23.667,23.3882,71.5604,81.6665,4.785333333333334,5.13056,24.00486666666667,24.04542,69.63900000000001,72.97354,5.268108005143102,4.9983652561964185
2024,Battagram,39,5.1,23.9195,71.9155,335984.0,1036.0,0.0,1301.0,0.2,134.0,236.0,0.0,3.988285156436021,7.024144006857469,0.0,0.0,3.9846,24.9594,23.667,55.6901,71.5604,3.0282000000000004,5.21342,24.181966666666668,23.91768,66.38866666666667,72.14038000000001,7.024144006857469,7.192865562105353
2024,Battagram,42,0.0,19.9864,51.4933,335984.0,1036.0,0.0,1301.0,0.2,0.0,19.0,0.0,0.0,0.5655031191961521,0.0,5.1,0.0,23.9195,24.9594,71.9155,55.6901,1.7000000000000004,3.8912,22.9551,23.1841,59.69963333333333,66.46516,0.5655031191961521,0.5802033392245587
2024,Battagram,43,0.3429,19.5094,52.5414,335984.0,1036.0,0.0,1301.0,0.2,0.0,28.0,0.0,0.0,0.8333730177627506,0.0,0.0,5.1,19.9864,23.9195,51.4933,71.9155,1.8143000000000005,1.8855,21.13843333333333,22.40834,58.65006666666667,60.64014,0.8333730177627506,0.9314916533960975
2024,Battagram,44,0.1,18.1987,65.4858,335984.0,1036.0,0.0,1301.0,0.2,57.0,79.0,0.0,1.696509357588457,2.351302442973475,0.0,0.3429,0.0,19.5094,19.9864,52.5414,51.4933,0.1476333333333339,1.10858,19.2315,21.31468,56.50683333333333,59.42522,2.351302442973475,2.485055048445423
2025,Battagram,37,1.1714,23.8347,81.052,575449.0,1036.0,0.0,1301.0,0.2,0.0,0.0,5.0,0.0,0.0,0.0868886730188079,5.2143,13.2286,22.5189,23.6906,82.2829,83.4119,6.5381,6.842859999999999,23.348066666666668,24.0933,82.24893333333334,82.9164,0.0,-0.1421072049990233
2025,Battagram,38,2.9143,22.8385,72.8941,575449.0,1036.0,0.0,1301.0,0.2,164.0,474.0,0.0,2.8499484750169,8.237046202182992,0.0,1.1714,5.2143,23.8347,22.5189,81.052,82.2829,3.1,6.72572,23.06403333333333,23.63996,78.743,81.34636,8.237046202182992,8.131229781121974
2025,Battagram,39,0.3714,22.4445,65.2962,575449.0,1036.0,0.0,1301.0,0.2,197.0,472.0,0.0,3.423413716941032,8.202290732975468,0.0,2.9143,1.1714,22.8385,23.8347,72.8941,81.052,1.485700000000001,4.579999999999999,23.03923333333333,23.06544,73.08076666666666,76.98742,8.202290732975468,8.113332935259503
2025,Battagram,40,2.3857,20.1144,66.3392,575449.0,1036.0,0.0,1301.0,0.2,158.0,396.0,2.0,2.74568206739433,6.881582903089588,0.0347554692075231,0.3714,2.9143,22.4445,22.8385,65.2962,72.8941,1.8904666666666676,2.41142,21.799133333333334,22.3502,68.17649999999999,73.57288000000001,6.881582903089588,6.852492268390357
2025,Battagram,41,7.8857,15.929,64.0462,575449.0,1036.0,0.0,1301.0,0.2,128.0,322.0,2.0,2.224350029281483,5.59563054241123,0.0347554692075231,2.3857,0.3714,20.1144,22.4445,66.3392,65.2962,3.5476000000000005,2.9456999999999995,19.495966666666668,21.03222,65.2272,69.92554,5.59563054241123,5.873893928767838
2025,Battagram,42,0.0,18.226,65.3212,575449.0,1036.0,0.0,1301.0,0.2,151.0,234.0,2.0,2.6240379251679995,4.066389897280211,0.0347554692075231,7.8857,2.3857,15.929,20.1144,64.0462,66.3392,3.4238000000000013,2.7114199999999995,18.0898,19.91048,65.23553333333334,66.77938,4.066389897280211,4.266795956746472
2025,Battagram,43,0.0,16.7037,55.1973,575449.0,1036.0,0.0,1301.0,0.2,30.0,60.0,10.0,0.5213320381128476,1.0426640762256951,0.1737773460376158,0.0,7.8857,18.226,15.929,65.3212,64.0462,2.6285666666666674,2.12856,16.9529,18.68352,61.52156666666667,63.24002,1.0426640762256951,0.8304004551325095
2025,Buner,37,1.2,25.6446,79.987,1084406.0,700.0,0.0,1865.0,0.35,0.0,495.0,4.0,0.0,4.564711003074494,0.0368865535601979,5.0143,20.2429,24.3464,25.2866,82.4012,82.6173,8.819066666666666,7.928579999999999,25.09253333333333,25.74418,81.66850000000001,82.13124,4.564711003074494,4.5050606653517065
2025,Buner,38,2.2571,24.7321,75.3136,1084406.0,700.0,0.0,1865.0,0.35,193.0,304.0,6.0,1.7797762092795504,2.803378070575043,0.0553298303402969,1.2,5.0143,25.6446,24.3464,79.987,82.4012,2.8237999999999985,7.57714,24.9077,25.324900000000003,79.23393333333333,81.20903999999999,2.803378070575043,2.9410447770432437
2025,Buner,39,0.3714,24.4797,66.9912,1084406.0,700.0,0.0,1865.0,0.35,212.0,354.0,8.0,1.9549873386904904,3.2644599900775173,0.0737731071203958,2.2571,1.2,24.7321,25.6446,75.3136,79.987,1.2761666666666651,5.81714,24.952133333333336,24.89788,74.09726666666667,77.46206,3.2644599900775173,3.48452764025478
2025,Buner,40,0.3286,22.3497,65.6715,1084406.0,700.0,0.0,1865.0,0.35,234.0,303.0,0.0,2.1578633832715792,2.794156432184993,0.0,0.3714,2.2571,24.4797,24.7321,66.9912,75.3136,0.9856999999999988,1.83428,23.85383333333333,24.3105,69.32543333333332,74.0729,2.794156432184993,2.8967165031425646
2025,Buner,41,3.8,17.9764,68.4406,1084406.0,700.0,0.0,1865.0,0.35,252.0,236.0,5.0,2.32385287429247,2.176306660051678,0.0461081919502474,0.3286,0.3714,22.3497,24.4797,65.6715,66.9912,1.499999999999999,1.5914199999999998,21.60193333333333,23.0365,67.03443333333333,71.28078,2.176306660051678,2.2272003693424844
2025,Buner,42,0.0,20.4553,66.223,1084406.0,700.0,0.0,1865.0,0.35,172.0,176.0,0.0,1.5861218030885111,1.623008356648709,0.0,3.8,0.3286,17.9764,22.3497,68.4406,65.6715,1.3761999999999983,1.3514199999999998,20.26046666666667,21.99864,66.77836666666667,68.52798,1.623008356648709,1.6075613370861257
2025,Buner,43,0.0,19.486,54.8025,1084406.0,700.0,0.0,1865.0,0.35,157.0,158.0,0.0,1.4477972272377688,1.4570188656278182,0.0,0.0,3.8,20.4553,17.9764,66.223,68.4406,1.2666666666666653,0.9,19.3059,20.94942,63.15536666666667,64.42576,1.4570188656278182,1.3279699383777093
2025,Central,37,15.1286,26.735,86.0135,3591719.0,10.0,0.0,69.0,0.95,22.0,1034.0,14.0,0.0612520077433674,2.87884436393827,0.0389785503821429,0.1,16.1429,28.8029,28.652,74.1435,85.3103,10.457166666666668,6.6143,28.0633,28.3505,81.82243333333332,79.3059,2.87884436393827,3.000238571824827
2025,Central,38,0.4571,27.3583,82.2235,3591719.0,10.0,0.0,69.0,0.95,55.0,1065.0,15.0,0.1531300193584186,2.965154011213015,0.0417627325522959,15.1286,0.1,26.735,28.8029,86.0135,74.1435,5.228566666666667,6.48286,27.632066666666663,28.147540000000003,80.7935,80.49194,2.965154011213015,2.9855139365718184
2025,Central,39,0.3,28.1208,76.7817,3591719.0,10.0,0.0,69.0,0.95,54.0,1211.0,29.0,0.1503458371882655,3.371644608055363,0.0807412829344389,0.4571,15.1286,27.3583,26.735,82.2235,86.0135,5.295233333333333,6.42572,27.404699999999995,27.9338,81.67289999999998,80.89450000000001,3.371644608055363,3.6230092857945433
2025,Central,40,3.4857,29.6419,70.5615,3591719.0,10.0,0.0,69.0,0.95,40.0,1176.0,18.0,0.1113672868061226,3.2741982321000056,0.0501152790627551,0.3,0.4571,28.1208,27.3583,76.7817,82.2235,1.4142666666666666,3.8942799999999993,28.37366666666666,28.13178,76.52223333333335,77.94474,3.2741982321000056,3.4715011529311353
2025,Central,41,0.0857,28.0309,60.9394,3591719.0,10.0,0.0,69.0,0.95,54.0,1107.0,13.0,0.1503458371882655,3.082089662359444,0.0361943682119898,3.4857,0.3,29.6419,28.1208,70.5615,76.7817,1.2904666666666669,3.891419999999999,28.59786666666666,27.97738,69.42753333333333,75.30392,3.082089662359444,3.3053506767222194
2025,Central,42,0.0,28.7627,47.9379,3591719.0,10.0,0.0,69.0,0.95,80.0,1201.0,18.0,0.2227345736122452,3.343802786353832,0.0501152790627551,0.0857,3.4857,28.0309,29.6419,60.9394,70.5615,1.1904666666666668,0.8656999999999992,28.81183333333333,28.38292,59.81293333333334,67.68879999999999,3.343802786353832,3.3943997897823106
2025,Central,43,0.0,29.8734,33.0091,3591719.0,10.0,0.0,69.0,0.95,56.0,1781.0,30.0,0.1559142015285717,4.95862844504261,0.0835254651045919,0.0,0.0857,28.7627,28.0309,47.9379,60.9394,0.0285666666666666,0.7742799999999993,28.889,28.88594,47.29546666666666,57.84592,4.95862844504261,7.736309811196426
2024,Chagai,37,0.0,30.5464,10.7302,269192.0,919.0,0.0,44748.0,0.2,39.0,150.0,8.0,1.4487800528990462,5.572230972688639,0.2971856518767273,0.0,0.0333,32.447,32.5017,10.8459,19.2085,0.0111,0.00666,31.8317,32.630399999999995,13.594866666666666,19.162280000000003,5.572230972688639,5.370104389398661
2024,Chagai,38,0.0,31.8839,13.9582,269192.0,919.0,0.0,44748.0,0.2,70.0,157.0,19.0,2.600374453921365,5.832268418080775,0.7058159232072275,0.0,0.0,30.5464,32.447,10.7302,10.8459,0.0,0.00666,31.625766666666667,31.935920000000003,11.844766666666668,15.43978,5.832268418080775,5.7175715596767125
2024,Chagai,39,0.0,31.3988,15.7904,269192.0,919.0,0.0,44748.0,0.2,182.0,87.0,0.0,6.760973580195548,3.23189396415941,0.0,0.0,0.0,31.8839,30.5464,13.9582,10.7302,0.0,0.00666,31.276366666666664,31.755560000000003,13.492933333333331,14.10664,3.23189396415941,3.3445305432302863
2024,Chagai,40,0.0,29.4945,20.7891,269192.0,919.0,0.0,44748.0,0.2,302.0,164.0,15.0,11.21875835834646,6.092305863472912,0.5572230972688639,0.0,0.0,31.3988,31.8839,15.7904,13.9582,0.0,0.0,30.92573333333333,31.15412,16.8459,14.42276,6.092305863472912,5.896319958016897
2024,Chagai,41,0.0,25.6304,21.6734,269192.0,919.0,0.0,44748.0,0.2,380.0,105.0,20.0,14.11631846414455,3.900561680882047,0.7429641296918185,0.0,0.0,29.4945,31.3988,20.7891,15.7904,0.0,0.0,28.84123333333333,29.7908,19.41763333333333,16.58826,3.900561680882047,4.021810933634741
2024,Chagai,42,0.0,26.0539,16.4662,269192.0,919.0,0.0,44748.0,0.2,366.0,112.0,13.0,13.596243573360278,4.160599126274184,0.482926684299682,0.0,0.0,25.6304,29.4945,21.6734,20.7891,0.0,0.0,27.0596,28.8923,19.6429,17.73546,4.160599126274184,4.174451852471012
2024,Chagai,43,0.0,26.3271,23.3885,269192.0,919.0,0.0,44748.0,0.2,158.0,399.0,0.0,5.869416624565366,14.822134387351776,0.0,0.0,0.0,26.0539,25.6304,16.4662,21.6734,0.0,0.0,26.0038,27.78094,20.50936666666667,19.62152,14.822134387351776,14.556292142491209
2024,Chagai,44,0.0,23.4557,25.6682,269192.0,919.0,0.0,44748.0,0.2,179.0,424.0,0.0,6.649528960741775,15.750839549466551,0.0,0.0,0.0,26.3271,26.0539,23.3885,16.4662,0.0,0.0,25.278900000000004,26.19232,21.840966666666663,21.59708,15.750839549466551,15.80772018999685
2025,Chagai,37,0.0,32.6863,30.1753,273217.0,919.0,0.0,44748.0,0.2,58.0,160.0,9.0,2.1228547271948672,5.856150971572047,0.3294084921509276,0.0,0.0,32.1182,34.3804,10.1846,24.1779,0.0,0.0,33.06163333333334,33.92044,21.512600000000003,18.42944,5.856150971572047,5.6416850974594865
2025,Chagai,38,0.0,31.5244,13.8046,273217.0,919.0,0.0,44748.0,0.2,62.0,152.0,0.0,2.269258501484168,5.563343422993444,0.0,0.0,0.0,32.6863,32.1182,30.1753,10.1846,0.0,0.0,32.109633333333335,33.20032,18.05483333333333,18.964620000000004,5.563343422993444,5.446801490317215
2025,Chagai,39,0.0,31.3816,13.8498,273217.0,919.0,0.0,44748.0,0.2,57.0,152.0,0.0,2.0862537836225417,5.563343422993444,0.0,0.0,0.0,31.5244,32.6863,13.8046,30.1753,0.0,0.0,31.8641,32.41818,19.276566666666668,18.43844,5.563343422993444,5.443685297141892
2025,Chagai,40,0.0,28.0515,12.0817,273217.0,919.0,0.0,44748.0,0.2,37.0,147.0,0.0,1.354234912176036,5.380338705131819,0.0,0.0,0.0,31.3816,31.5244,13.8498,13.8046,0.0,0.0,30.319166666666664,31.1524,13.245366666666664,16.0192,5.380338705131819,5.208330598383855
2025,Chagai,41,0.0,22.9003,12.1425,273217.0,919.0,0.0,44748.0,0.2,62.0,169.0,0.0,2.269258501484168,6.185559463722975,0.0,0.0,0.0,28.0515,31.3816,12.0817,13.8498,0.0,0.0,27.444466666666667,29.308820000000004,12.691333333333333,16.41078,6.185559463722975,6.127743419865448
2025,Chagai,42,0.0,24.5152,13.8269,273217.0,919.0,0.0,44748.0,0.2,40.0,151.0,0.0,1.4640377428930118,5.526742479421119,0.0,0.0,0.0,22.9003,28.0515,12.1425,12.0817,0.0,0.0,25.155666666666665,27.6746,12.683699999999996,13.1411,5.526742479421119,5.209587312077616
2025,Chagai,43,0.0,23.7188,16.7922,273217.0,919.0,0.0,44748.0,0.2,72.0,221.0,0.0,2.6352679372074213,8.08880852948389,0.0,0.0,0.0,24.5152,22.9003,13.8269,12.1425,0.0,0.0,23.71143333333333,26.11348,14.253866666666667,13.73862,8.08880852948389,8.101497394167193
2024,Chaman,37,0.0,0.0,0.0,466218.0,1340.0,0.0,1341.0,0.2,54.0,157.0,34.0,1.1582564379753677,3.367523347446902,0.7292725720585648,0.0,0.0,0.0,0.0,0.0,0.0,0.0,0.0,0.0,0.0,0.0,0.0,3.367523347446902,3.405284745751631
2024,Chaman,38,0.0,0.0,0.0,466218.0,1340.0,0.0,1341.0,0.2,93.0,293.0,11.0,1.9947749765131333,6.284613635681162,0.2359411262542416,0.0,0.0,0.0,0.0,0.0,0.0,0.0,0.0,0.0,0.0,0.0,0.0,6.284613635681162,6.466569004257368
2024,Chaman,41,0.0,0.0,0.0,466218.0,1340.0,0.0,1341.0,0.2,186.0,51.0,1.0,3.9895499530262666,1.093908858087847,0.0214491932958401,0.0,0.0,0.0,0.0,0.0,0.0,0.0,0.0,0.0,0.0,0.0,0.0,1.093908858087847,1.1412859594696485
2024,Chaman,42,0.0,0.0,0.0,466218.0,1340.0,0.0,1341.0,0.2,113.0,6.0,7.0,2.4237588424299363,0.1286951597750408,0.150144353070881,0.0,0.0,0.0,0.0,0.0,0.0,0.0,0.0,0.0,0.0,0.0,0.0,0.1286951597750408,0.2549420619865277
2024,Chaman,44,0.0,0.0,0.0,466218.0,1340.0,0.0,1341.0,0.2,0.0,32.0,0.0,0.0,0.6863741854668847,0.0,0.0,0.0,0.0,0.0,0.0,0.0,0.0,0.0,0.0,0.0,0.0,0.0,0.6863741854668847,0.737299978427588
2024,Charsadda,37,7.7846,27.3774,74.8148,1835504.0,300.0,2.0,996.0,0.2,280.0,835.0,48.0,1.525466574848107,4.549159249993463,0.2615085556882469,11.8429,6.5556,27.2906,27.5272,79.5389,78.4655,8.727699999999999,8.31662,27.3984,27.780880000000003,77.60640000000001,78.41146,4.549159249993463,4.3800856373597234
2024,Charsadda,38,0.0,27.3311,68.3894,1835504.0,300.0,2.0,996.0,0.2,389.0,908.0,1.0,2.1193089200568345,4.946870178436004,0.0054480949101718,7.7846,11.8429,27.3774,27.2906,74.8148,79.5389,6.5425,6.7109,27.333033333333333,27.52612,74.2477,75.90102,4.946870178436004,4.932754999093335
2024,Charsadda,39,7.0857,27.7448,71.6484,1835504.0,300.0,2.0,996.0,0.2,405.0,848.0,3.0,2.2064784386195835,4.619984483825696,0.0163442847305154,0.0,7.7846,27.3311,27.3774,68.3894,74.8148,4.956766666666666,6.65376,27.48443333333333,27.454220000000003,71.61753333333333,74.57140000000001,4.619984483825696,4.510130902629788
2024,Charsadda,40,2.625,25.1886,70.0489,1835504.0,300.0,2.0,996.0,0.2,322.0,727.0,4.0,1.754286561075323,3.9607649996949066,0.0217923796406872,7.0857,0.0,27.7448,27.3311,71.6484,68.3894,3.2368999999999986,5.86764,26.75483333333333,26.9865,70.02890000000001,72.88808,3.9607649996949066,4.194334759704006
2024,Charsadda,41,0.4571,22.998,63.4279,1835504.0,300.0,2.0,996.0,0.2,381.0,740.0,2.0,2.07572416077546,4.03159023352714,0.0108961898203436,2.625,7.0857,25.1886,27.7448,70.0489,71.6484,3.389266666666665,3.5904800000000003,25.310466666666667,26.12798,68.37506666666665,69.66588,4.03159023352714,4.1055339757365115
2024,Charsadda,42,0.0286,22.9114,66.5207,1835504.0,300.0,2.0,996.0,0.2,362.0,753.0,2.0,1.972210357482196,4.102415467359374,0.0108961898203436,0.4571,2.625,22.998,25.1886,63.4279,70.0489,1.0368999999999988,2.03928,23.69933333333334,25.23478,66.66583333333334,68.00706,4.102415467359374,4.301669084204837
2024,Charsadda,43,1.0714,22.5516,67.2261,1835504.0,300.0,2.0,996.0,0.2,407.0,948.0,14.0,2.217374628439927,5.164793974842877,0.0762733287424053,0.0286,0.4571,22.9114,22.998,66.5207,63.4279,0.5190333333333321,2.25356,22.82033333333333,24.27888,65.7249,67.77439999999999,5.164793974842877,5.17814408837544
2024,Charsadda,44,2.6857,20.6296,77.3409,1835504.0,300.0,2.0,996.0,0.2,309.0,862.0,3.0,1.6834613272430896,4.696257812568101,0.0163442847305154,1.0714,0.0286,22.5516,22.9114,67.2261,66.5207,1.261899999999999,1.37356,22.030866666666668,22.85584,70.36256666666667,68.91290000000001,4.696257812568101,4.77385351383301
2025,Charsadda,37,0.9,28.4757,76.6427,1953624.0,300.0,2.0,996.0,0.2,1651.0,4050.0,242.0,8.45096088090646,20.73070355401039,1.238723521005065,3.1857,15.4429,27.1844,27.4757,78.7252,81.438,6.509533333333333,8.02572,27.71193333333333,28.19858,78.9353,79.46268,20.73070355401039,19.45588285247352
2025,Charsadda,38,2.9286,27.4001,73.5859,1953624.0,300.0,2.0,996.0,0.2,543.0,2437.0,153.0,2.77944988390806,12.474252978055144,0.7831599120403927,0.9,3.1857,28.4757,27.1844,76.6427,78.7252,2.338099999999999,7.280019999999999,27.686733333333336,27.86214,76.31793333333333,78.52752000000001,12.474252978055144,12.494364301444902
2025,Charsadda,39,2.5857,26.6448,71.9088,1953624.0,300.0,2.0,996.0,0.2,571.0,2234.0,37.0,2.922773266503688,11.435158454236843,0.1893916127156505,2.9286,0.9,27.4001,28.4757,73.5859,76.6427,2.138099999999999,5.00858,27.506866666666667,27.43614,74.0458,76.46012,11.435158454236843,11.741843539518502
2025,Charsadda,40,4.0571,24.2412,72.289,1953624.0,300.0,2.0,996.0,0.2,479.0,2188.0,99.0,2.4518535808323403,11.199698611401171,0.506750531320254,2.5857,2.9286,26.6448,27.4001,71.9088,73.5859,3.1904666666666657,2.73142,26.095366666666667,26.78924,72.59456666666667,74.63032000000001,11.199698611401171,11.608658486133834
2025,Charsadda,41,0.8571,20.187,71.6917,1953624.0,300.0,2.0,996.0,0.2,458.0,1904.0,149.0,2.34436104388562,9.745990016502663,0.7626851430981602,4.0571,2.5857,24.2412,26.6448,72.289,71.9088,2.4999666666666656,2.2657,23.691000000000003,25.38976,71.96316666666667,73.22362000000001,9.745990016502663,10.027870698068746
2025,Charsadda,42,0.0,22.243,73.7283,1953624.0,300.0,2.0,996.0,0.2,507.0,1956.0,55.0,2.595176963427968,10.012162012751688,0.2815280729556967,0.8571,4.0571,20.187,24.2412,71.6917,72.289,1.6380666666666654,2.0857,22.22373333333333,24.14322,72.56966666666666,72.64074000000001,10.012162012751688,10.344218251265913
2025,Charsadda,43,0.0,20.698,72.5234,1953624.0,300.0,2.0,996.0,0.2,529.0,1930.0,76.0,2.7077881926102463,9.879076014627174,0.3890206099024172,0.0,0.8571,22.243,20.187,73.7283,71.6917,0.2856999999999988,1.49998,21.04266666666667,22.8028,72.6478,72.42823999999999,9.879076014627174,10.21269295591242
2025,Chitral Lower,37,0.0429,23.8431,57.3782,336081.0,1500.0,1.0,6458.0,0.35,20.0,781.0,10.0,0.5950946349243188,23.23844549379465,0.2975473174621594,0.0857,0.1143,23.3449,23.6232,60.9889,64.943,0.0809666666666666,0.32286,23.60373333333333,24.6658,61.103366666666666,61.194500000000005,23.23844549379465,23.226544627048497
2025,Chitral Lower,38,0.4,21.4235,60.5885,336081.0,1500.0,1.0,6458.0,0.35,69.0,680.0,10.0,2.0530764904889,20.23321758742684,0.2975473174621594,0.0429,0.0857,23.8431,23.3449,57.3782,60.9889,0.1762,0.40286,22.870500000000003,23.70098,59.65186666666667,62.41646000000001,20.23321758742684,20.951043392663916
2025,Chitral Lower,39,0.0143,20.9396,48.9268,336081.0,1500.0,1.0,6458.0,0.35,38.0,694.0,7.0,1.1306798063562058,20.64978383187386,0.2082831222235116,0.4,0.0429,21.4235,23.8431,60.5885,57.3782,0.1524,0.13144,22.06873333333333,22.63486,55.63116666666667,58.56508,20.64978383187386,21.42564244245463
2025,Chitral Lower,40,1.1714,18.0577,52.8413,336081.0,1500.0,1.0,6458.0,0.35,34.0,506.0,2.0,1.011660879371342,15.055894263585268,0.0595094634924318,0.0143,0.4,20.9396,21.4235,48.9268,60.5885,0.5285666666666667,0.34286,20.140266666666665,21.52176,54.11886666666667,56.14474,15.055894263585268,16.110204521765585
2025,Chitral Lower,41,0.8143,14.5797,58.9457,336081.0,1500.0,1.0,6458.0,0.35,21.0,475.0,4.0,0.6248493666705348,14.133497579452571,0.1190189269848637,1.1714,0.0143,18.0577,20.9396,52.8413,48.9268,0.6666666666666666,0.4885799999999999,17.858999999999998,19.76872,53.571266666666666,55.7361,14.133497579452571,15.26818880452254
2025,Chitral Lower,42,0.3714,18.0666,34.3001,336081.0,1500.0,1.0,6458.0,0.35,14.0,466.0,2.0,0.4165662444470232,13.865704993736628,0.0595094634924318,0.8143,1.1714,14.5797,18.0577,58.9457,52.8413,0.7857,0.55428,16.901333333333334,18.61342,48.6957,51.12048,13.865704993736628,14.852731024697366
2025,Chitral Lower,43,0.4,14.7321,44.6428,336081.0,1500.0,1.0,6458.0,0.35,18.0,563.0,9.0,0.535585171431887,16.751913973119574,0.2677925857159435,0.3714,0.8143,18.0666,14.5797,34.3001,58.9457,0.5285666666666666,0.55428,15.7928,17.27514,45.96286666666666,47.93134,16.751913973119574,17.149936221122466
2024,Chitral Upper,37,0.4,23.109,47.8653,195528.0,2500.0,1.0,8392.0,0.2,4.0,200.0,12.0,0.2045742809214025,10.22871404607013,0.6137228427642077,0.0143,2.6667,24.1137,23.5412,47.5084,62.0616,1.027,0.77048,23.58796666666667,24.33532,52.47843333333333,55.31948,10.22871404607013,10.41193355886856
2024,Chitral Upper,38,0.1857,22.972,41.8387,195528.0,2500.0,1.0,8392.0,0.2,2.0,163.0,2.0,0.1022871404607012,8.336401947547154,0.1022871404607012,0.4,0.0143,23.109,24.1137,47.8653,47.5084,0.1999999999999999,0.8047600000000001,23.398233333333334,23.52556,45.73746666666667,52.06080000000001,8.336401947547154,8.161143125570154
2024,Chitral Upper,39,3.4143,23.1199,51.2938,195528.0,2500.0,1.0,8392.0,0.2,5.0,177.0,0.0,0.2557178511517531,9.052411930772063,0.0,0.1857,0.4,22.972,23.109,41.8387,47.8653,1.3333333333333333,1.3362,23.06696666666667,23.371160000000003,46.99926666666667,50.11355999999999,9.052411930772063,8.811894117251667
2024,Chitral Upper,40,1.0625,19.8957,49.8455,195528.0,2500.0,1.0,8392.0,0.2,0.0,146.0,2.0,0.0,7.466961253631194,0.1022871404607012,3.4143,0.1857,23.1199,22.972,51.2938,41.8387,1.5541666666666665,1.01536,21.995866666666668,22.642060000000004,47.659333333333336,47.67034,7.466961253631194,7.473363980721311
2024,Chitral Upper,41,1.8286,16.6613,54.0393,195528.0,2500.0,1.0,8392.0,0.2,4.0,121.0,1.0,0.2045742809214025,6.188371997872427,0.0511435702303506,1.0625,3.4143,19.8957,23.1199,49.8455,51.2938,2.1018000000000003,1.37822,19.8923,21.151580000000003,51.7262,48.97652,6.188371997872427,6.3022369406179095
2024,Chitral Upper,42,0.0714,17.4187,47.4794,195528.0,2500.0,1.0,8392.0,0.2,2.0,135.0,1.0,0.1022871404607012,6.904381981097337,0.0511435702303506,1.8286,1.0625,16.6613,19.8957,54.0393,49.8455,0.9875,1.3125,17.9919,20.013520000000003,50.45473333333333,48.89934,6.904381981097337,6.966388470085908
2024,Chitral Upper,43,2.3857,17.1494,51.1304,195528.0,2500.0,1.0,8392.0,0.2,1.0,130.0,2.0,0.0511435702303506,6.648664129945583,0.1022871404607012,0.0714,1.8286,17.4187,16.6613,47.4794,54.0393,1.4285666666666668,1.7525,17.076466666666665,18.849,50.88303333333334,50.75768000000001,6.648664129945583,6.53760956879848
2024,Chitral Upper,44,2.2286,16.769,50.316,195528.0,2500.0,1.0,8392.0,0.2,1.0,133.0,0.0,0.0511435702303506,6.802094840636634,0.0,2.3857,0.0714,17.1494,17.4187,51.1304,47.4794,1.5619000000000005,1.51536,17.11236666666667,17.57882,49.64193333333333,50.56212000000001,6.802094840636634,6.91978931341706
2025,Chitral Upper,37,0.0429,23.8431,57.3782,204308.0,2500.0,1.0,8392.0,0.2,29.0,241.0,12.0,1.419425573154257,11.79591597000607,0.5873485130293479,0.0857,0.1143,23.3449,23.6232,60.9889,64.943,0.0809666666666666,0.32286,23.60373333333333,24.6658,61.103366666666666,61.194500000000005,11.79591597000607,11.844493105600149
2025,Chitral Upper,38,0.4,21.4235,60.5885,204308.0,2500.0,1.0,8392.0,0.2,10.0,223.0,21.0,0.4894570941911232,10.914893200462048,1.027859897801359,0.0429,0.0857,23.8431,23.3449,57.3782,60.9889,0.1762,0.40286,22.870500000000003,23.70098,59.65186666666667,62.41646000000001,10.914893200462048,11.248081289383215
2025,Chitral Upper,39,0.0143,20.9396,48.9268,204308.0,2500.0,1.0,8392.0,0.2,11.0,203.0,14.0,0.5384028036102355,9.935979012079802,0.6852399318675725,0.4,0.0429,21.4235,23.8431,60.5885,57.3782,0.1524,0.13144,22.06873333333333,22.63486,55.63116666666667,58.56508,9.935979012079802,10.151894074270647
2025,Chitral Upper,40,1.1714,18.0577,52.8413,204308.0,2500.0,1.0,8392.0,0.2,9.0,170.0,0.0,0.4405113847720109,8.320770601249095,0.0,0.0143,0.4,20.9396,21.4235,48.9268,60.5885,0.5285666666666667,0.34286,20.140266666666665,21.52176,54.11886666666667,56.14474,8.320770601249095,8.455594072653291
2025,Chitral Upper,41,0.8143,14.5797,58.9457,204308.0,2500.0,1.0,8392.0,0.2,6.0,145.0,11.0,0.2936742565146739,7.097127865771287,0.5384028036102355,1.1714,0.0143,18.0577,20.9396,52.8413,48.9268,0.6666666666666666,0.4885799999999999,17.858999999999998,19.76872,53.571266666666666,55.7361,7.097127865771287,7.163504961725893
2025,Chitral Upper,42,0.3714,18.0666,34.3001,204308.0,2500.0,1.0,8392.0,0.2,8.0,137.0,0.0,0.3915656753528985,6.705562190418388,0.0,0.8143,1.1714,14.5797,18.0577,58.9457,52.8413,0.7857,0.55428,16.901333333333334,18.61342,48.6957,51.12048,6.705562190418388,6.690330834124397
2025,Chitral Upper,43,0.4,14.7321,44.6428,204308.0,2500.0,1.0,8392.0,0.2,6.0,116.0,10.0,0.2936742565146739,5.677702292617029,0.4894570941911232,0.3714,0.8143,18.0666,14.5797,34.3001,58.9457,0.5285666666666666,0.55428,15.7928,17.27514,45.96286666666666,47.93134,5.677702292617029,5.984096883643169
2024,D.I. Khan,37,3.1769,29.4296,75.9437,1829811.0,621.2798240791644,0.6690489279824079,6292.451621770203,0.3392935678944475,682.0,1277.0,0.0,3.727160892573058,6.978862844304685,0.0,3.9857,8.4111,29.16,29.0015,79.0966,79.3021,5.191233333333333,6.0576,29.197033333333334,29.33668,78.11413333333333,79.42240000000001,6.978862844304685,7.134023201470663
2024,D.I. Khan,38,0.0,30.8466,61.5183,1829811.0,621.2798240791644,0.6690489279824079,6292.451621770203,0.3392935678944475,725.0,1211.0,48.0,3.96215784034526,6.618169854700841,0.2623221742573413,3.1769,3.9857,29.4296,29.16,75.9437,79.0966,2.3875333333333333,4.28046,29.812066666666663,29.54382,72.1862,75.52459999999999,6.618169854700841,6.586787609172369
2024,D.I. Khan,39,0.9571,30.8347,64.4227,1829811.0,621.2798240791644,0.6690489279824079,6292.451621770203,0.3392935678944475,878.0,1112.0,42.0,4.798309770790535,6.077130370295075,0.2295319024751737,0.0,3.1769,30.8466,29.4296,61.5183,75.9437,1.378,3.30616,30.3703,29.85448,67.2949,72.05668,6.077130370295075,6.248647108457646
2024,D.I. Khan,40,0.4125,29.037,65.5048,1829811.0,621.2798240791644,0.6690489279824079,6292.451621770203,0.3392935678944475,879.0,1132.0,23.0,4.803774816087564,6.186431276235633,0.1256960418316427,0.9571,0.0,30.8347,30.8466,64.4227,61.5183,0.4565333333333333,1.70644,30.23943333333333,29.86158,63.81526666666667,69.29722000000001,6.186431276235633,6.210177810787174
2024,D.I. Khan,41,0.2429,26.8192,59.0749,1829811.0,621.2798240791644,0.6690489279824079,6292.451621770203,0.3392935678944475,908.0,1146.0,44.0,4.962261129701374,6.262941910394024,0.2404619930692295,0.4125,0.9571,29.037,30.8347,65.5048,64.4227,0.5375,0.95788,28.896966666666668,29.393420000000003,63.0008,65.29288,6.262941910394024,6.3074985347588814
2024,D.I. Khan,42,0.0,26.5204,55.8162,1829811.0,621.2798240791644,0.6690489279824079,6292.451621770203,0.3392935678944475,707.0,1247.0,13.0,3.863787024998756,6.814911485393846,0.0710455888613632,0.2429,0.4125,26.8192,29.037,59.0749,65.5048,0.2184666666666666,0.3224999999999999,27.458866666666665,28.81158,60.13196666666667,61.26738,6.814911485393846,6.915382458350633
2024,D.I. Khan,43,0.0143,26.5788,61.0922,1829811.0,621.2798240791644,0.6690489279824079,6292.451621770203,0.3392935678944475,708.0,1012.0,57.0,3.8692520702957847,5.53062584059228,0.3115075819305928,0.0,0.2429,26.5204,26.8192,55.8162,59.0749,0.0857333333333333,0.32536,26.639466666666664,27.95802,58.6611,61.18216,5.53062584059228,5.571462715941636
2024,D.I. Khan,44,0.0,24.1249,70.4093,1829811.0,621.2798240791644,0.6690489279824079,6292.451621770203,0.3392935678944475,611.0,902.0,32.0,3.339142676484074,4.929470857919205,0.1748814495048942,0.0143,0.0,26.5788,26.5204,61.0922,55.8162,0.0047666666666666,0.13394,25.741366666666664,26.61606,62.43923333333333,62.37948,4.929470857919205,4.976204845344061
2025,D.I. Khan,37,2.1,30.4999,71.0754,2050338.0,621.2798240791644,0.6690489279824079,6292.451621770203,0.3392935678944475,0.0,2011.0,3.0,0.0,9.808138950748608,0.0146317338897294,1.3857,11.2571,29.5198,30.3758,70.8674,74.439,4.914266666666666,2.99428,30.131833333333333,31.64418,72.12726666666667,66.29472,9.808138950748608,10.231146305206183
2025,D.I. Khan,38,0.7286,31.7109,62.8198,2050338.0,621.2798240791644,0.6690489279824079,6292.451621770203,0.3392935678944475,997.0,2098.0,0.0,4.862612896020071,10.23245923355076,0.0,2.1,1.3857,30.4999,29.5198,71.0754,70.8674,1.4047666666666665,3.11142,30.57686666666667,31.14024,68.25420000000001,67.51122000000001,10.23245923355076,11.035034220883242
2025,D.I. Khan,39,0.0,30.1201,67.2962,2050338.0,621.2798240791644,0.6690489279824079,6292.451621770203,0.3392935678944475,1466.0,2251.0,0.0,7.150040627447767,10.97867766192696,0.0,0.7286,2.1,31.7109,30.4999,62.8198,71.0754,0.9428666666666669,3.09428,30.776966666666667,30.445300000000003,67.0638,69.29956,10.97867766192696,11.486688981267813
2025,D.I. Khan,40,1.0286,28.6743,62.2313,2050338.0,621.2798240791644,0.6690489279824079,6292.451621770203,0.3392935678944475,1347.0,2028.0,0.0,6.569648516488501,9.891052109457076,0.0,0.0,0.7286,30.1201,31.7109,67.2962,62.8198,0.5857333333333333,1.04858,30.168433333333336,30.105,64.11576666666666,66.85802000000001,9.891052109457076,10.311581836522668
2025,D.I. Khan,41,0.7286,23.4939,65.5083,2050338.0,621.2798240791644,0.6690489279824079,6292.451621770203,0.3392935678944475,1048.0,1898.0,0.0,5.111352372145471,9.257010307568802,0.0,1.0286,0.0,28.6743,30.1201,62.2313,67.2962,0.5857333333333333,0.91716,27.42943333333333,28.89982,65.01193333333333,65.78620000000001,9.257010307568802,9.51393736059428
2025,D.I. Khan,42,0.0,24.9347,63.8934,2050338.0,621.2798240791644,0.6690489279824079,6292.451621770203,0.3392935678944475,905.0,2077.0,0.0,4.4139063900683695,10.130037096322654,0.0,0.7286,1.0286,23.4939,28.6743,65.5083,62.2313,0.5857333333333333,0.49716,25.70096666666667,27.78678,63.87766666666667,64.3498,10.130037096322654,10.345221290273527
2025,D.I. Khan,43,0.0,24.1582,62.0206,2050338.0,621.2798240791644,0.6690489279824079,6292.451621770203,0.3392935678944475,881.0,2061.0,0.0,4.2968525189505336,10.052001182244098,0.0,0.0,0.7286,24.9347,23.4939,63.8934,65.5083,0.2428666666666666,0.35144,24.1956,26.27624,63.807433333333336,64.18996000000001,10.052001182244098,10.266911062842809
2024,Dadu,37,0.0538,30.7894,68.1542,1742320.0,40.0,2.0,19070.0,0.35,5078.0,4195.0,131.0,29.14504798200101,24.07709261214932,0.7518710684604435,0.1,12.4778,30.5792,29.1878,72.3164,78.8469,4.210533333333335,10.98632,30.185466666666667,30.41048,73.10583333333334,74.05928,24.07709261214932,24.40249135427091
2024,Dadu,38,0.0,31.5099,60.9457,1742320.0,40.0,2.0,19070.0,0.35,5117.0,3777.0,129.0,29.36888746039763,21.677992561641947,0.7403921208503604,0.0538,0.1,30.7894,30.5792,68.1542,72.3164,0.0512666666666678,6.60918,30.9595,30.43078,67.13876666666667,71.73884000000001,21.677992561641947,21.281307349232243
2024,Dadu,39,0.0,32.4816,59.5207,1742320.0,40.0,2.0,19070.0,0.35,6045.0,3283.0,129.0,34.69511915147619,18.842692501951426,0.7403921208503604,0.0,0.0538,31.5099,30.7894,60.9457,68.1542,0.0179333333333345,2.526320000000001,31.593633333333333,30.90958,62.87353333333333,67.95678000000001,18.842692501951426,18.828172241674626
2024,Dadu,40,0.0,31.1585,61.493,1742320.0,40.0,2.0,19070.0,0.35,5338.0,2810.0,127.0,30.63731117131181,16.127921392166765,0.7289131732402774,0.0,0.0,32.4816,31.5099,59.5207,60.9457,0.0,0.0307600000000007,31.71666666666667,31.30372,60.65313333333334,64.486,16.127921392166765,16.054848316539704
2024,Dadu,41,0.0,28.7855,57.8971,1742320.0,40.0,2.0,19070.0,0.35,5980.0,2792.0,141.0,34.322053354148494,16.024610863676017,0.8092658065108591,0.0,0.0,31.1585,32.4816,61.493,59.5207,0.0,0.0107600000000007,30.808533333333333,30.94498,59.63693333333333,61.602140000000006,16.024610863676017,16.01546781717427
2024,Dadu,42,0.0,28.3539,56.7239,1742320.0,40.0,2.0,19070.0,0.35,5151.0,2446.0,128.0,29.564029569769044,14.03875292713164,0.7346526470453189,0.0,0.0,28.7855,31.1585,57.8971,61.493,0.0,0.0,29.43263333333333,30.45788,58.70466666666667,59.31608,14.03875292713164,14.347009323173772
2024,Dadu,43,0.0,28.5995,52.0537,1742320.0,40.0,2.0,19070.0,0.35,5357.0,2184.0,117.0,30.746361173607603,12.535010790210755,0.6715184351898618,0.0,0.0,28.3539,28.7855,56.7239,57.8971,0.0,0.0,28.579633333333334,29.8758,55.55823333333333,57.53768,12.535010790210755,12.848430797419809
2024,Dadu,44,0.0,27.8617,57.4011,1742320.0,40.0,2.0,19070.0,0.35,4027.0,1822.0,94.0,23.112861012902336,10.45732127278571,0.539510537673906,0.0,0.0,28.5995,28.3539,52.0537,56.7239,0.0,0.0,28.2717,28.95182,55.3929,57.11376,10.45732127278571,10.870982430348448
2025,Dadu,40,0.0143,30.7096,62.2434,1873835.0,40.0,2.0,19070.0,0.35,4005.0,2501.0,125.0,21.37327993126396,13.346959577550852,0.667081146418975,0.0,0.0,30.406,30.8013,65.3632,68.0975,0.0047666666666678,3.82,30.638966666666665,30.68994,65.23470000000002,65.80596,13.346959577550852,14.180655017531588
2025,Dadu,43,0.0,25.7739,50.1149,1873835.0,40.0,2.0,19070.0,0.35,5850.0,2499.0,372.0,31.219397652408027,13.33628627920815,1.9852334917428696,0.0,0.0,26.5194,26.759,45.6395,53.5925,0.0,0.0028600000000007,26.35076666666667,28.03358,49.7823,55.3907,13.33628627920815,13.893471821210206
2024,Dera Bugti,37,0.7077,28.443,73.907,355274.0,250.0,0.0,10160.0,0.2,194.0,87.0,16.0,5.460574092109189,2.44881415470876,0.4503566261533351,1.3,6.3889,28.2413,27.5569,79.121,79.1927,2.7988666666666666,4.75932,28.0804,28.07814,77.4069,80.16954,2.44881415470876,2.597247561576399
2024,Dera Bugti,38,0.1,29.7237,61.2866,355274.0,250.0,0.0,10160.0,0.2,194.0,75.0,0.0,5.460574092109189,2.1110466850937586,0.0,0.7077,1.3,28.443,28.2413,73.907,79.121,0.7025666666666667,2.30504,28.802666666666667,28.3104,71.4382,75.90348,2.1110466850937586,2.1857781131246563
2024,Dera Bugti,39,0.7143,31.4722,53.7622,355274.0,250.0,0.0,10160.0,0.2,61.0,154.0,0.0,1.7169846372095905,4.334682526725851,0.0,0.1,0.7077,29.7237,28.443,61.2866,73.907,0.5073333333333333,1.84218,29.87963333333333,29.08742,62.98526666666667,69.4539,4.334682526725851,4.447946623700846
2024,Dera Bugti,40,0.1125,29.4627,52.397,355274.0,250.0,0.0,10160.0,0.2,0.0,18.0,0.0,0.0,0.506651204422502,0.0,0.7143,0.1,31.4722,29.7237,53.7622,61.2866,0.3089333333333333,0.5869,30.21953333333333,29.46858,55.815266666666666,64.09476,0.506651204422502,0.5428838622479306
2024,Dera Bugti,41,0.1429,27.3437,45.7255,355274.0,250.0,0.0,10160.0,0.2,45.0,182.0,0.0,1.266628011056255,5.122806622494188,0.0,0.1125,0.7143,29.4627,31.4722,52.397,53.7622,0.3232333333333333,0.35548,29.4262,29.28906,50.62823333333333,57.41566,5.122806622494188,5.356467516793927
2024,Dera Bugti,42,0.0,28.2294,35.6675,355274.0,250.0,0.0,10160.0,0.2,55.0,189.0,0.0,1.5481009024020895,5.319837646436271,0.0,0.1429,0.1125,27.3437,29.4627,45.7255,52.397,0.0851333333333333,0.21394,28.345266666666664,29.24634,44.59666666666666,49.76776,5.319837646436271,5.840880910807991
2024,Dera Bugti,43,0.0,28.7874,33.5805,355274.0,250.0,0.0,10160.0,0.2,166.0,48.0,0.0,4.672449996340853,1.3510698784600057,0.0,0.0,0.1429,28.2294,27.3437,35.6675,45.7255,0.0476333333333333,0.19394,28.120166666666663,29.05908,38.3245,44.22654,1.3510698784600057,1.4499445444999983
2024,Dera Bugti,44,0.0,26.2124,48.1397,355274.0,250.0,0.0,10160.0,0.2,175.0,59.0,0.0,4.925775598552104,1.6606900589404234,0.0,0.0,0.0,28.7874,28.2294,33.5805,35.6675,0.0,0.05108,27.743066666666664,28.00712,39.12923333333333,43.10204,1.6606900589404234,1.8741632984159748
2025,Dera Bugti,37,0.4,28.1443,71.6208,378394.0,250.0,0.0,10160.0,0.2,103.0,84.0,4.0,2.722030476170341,2.219908349498142,0.1057099214046734,0.7429,1.5857,29.4309,30.6142,67.7814,67.9367,0.9095333333333334,0.6857200000000001,29.39646666666667,30.33754,69.11296666666668,66.34642,2.219908349498142,2.1686397135152573
2025,Dera Bugti,38,0.1571,29.7452,62.5358,378394.0,250.0,0.0,10160.0,0.2,82.0,85.0,0.0,2.167053388795805,2.2463358298493104,0.0,0.4,0.7429,28.1443,29.4309,71.6208,67.7814,0.4333333333333334,0.67714,29.106800000000003,29.856780000000004,67.31266666666667,66.15932000000001,2.2463358298493104,2.192112528532384
2025,Dera Bugti,39,0.0,29.6609,56.155,378394.0,250.0,0.0,10160.0,0.2,68.0,81.0,0.0,1.7970686638794482,2.1406259084446373,0.0,0.1571,0.4,29.7452,28.1443,62.5358,71.6208,0.1857000000000001,0.57714,29.183466666666664,29.5191,63.43720000000001,65.20594,2.1406259084446373,2.0314431446063805
2025,Dera Bugti,40,1.0857,29.7752,46.5951,378394.0,250.0,0.0,10160.0,0.2,79.0,86.0,0.0,2.0877709477423005,2.272763310200479,0.0,0.0,0.1571,29.6609,29.7452,56.155,62.5358,0.4142666666666668,0.47714,29.7271,29.3513,55.0953,60.93762,2.272763310200479,2.2517246731530136
2025,Dera Bugti,41,0.0,24.024,52.9749,378394.0,250.0,0.0,10160.0,0.2,50.0,42.0,0.0,1.321374017558418,1.109954174749071,0.0,1.0857,0.0,29.7752,29.6609,46.5951,56.155,0.3619000000000001,0.32856,27.82003333333334,28.269920000000003,51.90833333333334,57.97632000000001,1.109954174749071,1.1214283280378297
2025,Dera Bugti,42,0.0,25.66,37.7323,378394.0,250.0,0.0,10160.0,0.2,43.0,32.0,0.0,1.1363816551002397,0.8456793712373875,0.0,0.0,1.0857,24.024,29.7752,52.9749,46.5951,0.3619000000000001,0.24856,26.486400000000003,27.77306,45.76743333333334,51.19862,0.8456793712373875,0.8365496747464531
2025,Dera Bugti,43,0.0,25.2309,40.4825,378394.0,250.0,0.0,10160.0,0.2,45.0,41.0,0.0,1.1892366158025762,1.0835266943979027,0.0,0.0,0.0,25.66,24.024,37.7323,52.9749,0.0,0.21714,24.971633333333333,26.8702,43.72990000000001,46.78796,1.0835266943979027,1.1418369743491787
2025,Dir Lower,37,1.1,29.6405,70.8798,1734809.0,800.0,1.0,1583.0,0.35,1.0,2021.0,30.0,0.0057643233347302,11.649697459489776,0.1729297000419066,1.4571,21.3286,28.0726,28.0789,74.2379,79.6271,7.9619,7.562840000000001,28.59733333333333,29.1365,74.91493333333334,75.92626,11.649697459489776,12.012157247818669
2025,Dir Lower,38,1.4857,28.9863,67.921,1734809.0,800.0,1.0,1583.0,0.35,245.0,1741.0,33.0,1.412259217008904,10.035686925765315,0.1902226700460972,1.1,1.4571,29.6405,28.0726,70.8798,74.2379,1.3476,6.788560000000001,28.8998,28.93596,71.0129,74.44968,10.035686925765315,10.542207205102873
2025,Dir Lower,39,0.5857,28.6375,61.6696,1734809.0,800.0,1.0,1583.0,0.35,202.0,1827.0,6.0,1.164393313615505,10.531418732552115,0.0345859400083813,1.4857,1.1,28.9863,29.6405,67.921,70.8798,1.0571333333333337,5.19142,29.0881,28.68316,66.82346666666666,70.86708,10.531418732552115,10.866853199069803
2025,Dir Lower,40,3.4714,25.6744,69.3319,1734809.0,800.0,1.0,1583.0,0.35,157.0,1628.0,22.0,0.9049987635526446,9.3843183889408,0.1268151133640648,0.5857,1.4857,28.6375,28.9863,61.6696,67.921,1.8476,1.61998,27.766066666666664,28.202260000000003,66.3075,68.80804,9.3843183889408,9.802645825607136
2025,Dir Lower,41,1.8714,21.5185,60.7246,1734809.0,800.0,1.0,1583.0,0.35,117.0,1765.0,27.0,0.6744258301634358,10.17403068579884,0.1556367300377159,3.4714,0.5857,25.6744,28.6375,69.3319,61.6696,1.9761666666666668,1.7028399999999997,25.2768,26.89144,63.9087,66.10538000000001,10.17403068579884,10.682674507123162
2025,Dir Lower,42,0.0,23.8717,63.51,1734809.0,800.0,1.0,1583.0,0.35,168.0,1695.0,25.0,0.9684063202346772,9.770528052367723,0.1441080833682555,1.8714,3.4714,21.5185,25.6744,60.7246,69.3319,1.7809333333333337,1.48284,23.6882,25.73768,64.52216666666665,64.63142,9.770528052367723,10.196203640094666
2025,Dir Lower,43,0.0,22.7101,54.9922,1734809.0,800.0,1.0,1583.0,0.35,157.0,1800.0,5.0,0.9049987635526446,10.375782002514397,0.0288216166736511,0.0,1.8714,23.8717,21.5185,63.51,60.7246,0.6238,1.1857,22.700100000000003,24.48244,59.74226666666666,62.04566,10.375782002514397,10.742461121581984
2025,Dir Upper,37,0.2286,21.7979,69.328,1143644.0,1200.0,1.0,3699.0,0.35,32.0,2233.0,8.0,0.2798073526377089,19.525306826250127,0.0699518381594272,3.5286,4.0429,21.008,21.9928,73.6706,72.2894,2.6000333333333336,3.722879999999999,21.599566666666664,22.38212,71.76266666666665,73.3726,19.525306826250127,19.81166814408972
2025,Dir Upper,38,0.3143,20.0024,66.9182,1143644.0,1200.0,1.0,3699.0,0.35,25.0,1636.0,17.0,0.2185994942482101,14.30515090360287,0.1486476560887828,0.2286,3.5286,21.7979,21.008,69.328,73.6706,1.3571666666666669,3.6686,20.9361,21.71534,69.97226666666666,72.5194,14.30515090360287,14.486512091212004
2025,Dir Upper,39,0.0286,19.4827,56.7326,1143644.0,1200.0,1.0,3699.0,0.35,21.0,1595.0,11.0,0.1836235751684965,13.946647733035803,0.0961837774692124,0.3143,0.2286,20.0024,21.7979,66.9182,69.328,0.1905,1.6285999999999998,20.427666666666667,20.85676,64.32626666666665,67.78776,13.946647733035803,14.061194187725883
2025,Dir Upper,40,0.8143,17.1899,59.925,1143644.0,1200.0,1.0,3699.0,0.35,15.0,1507.0,0.0,0.131159696548926,13.177177513282103,0.0,0.0286,0.3143,19.4827,20.0024,56.7326,66.9182,0.3857333333333333,0.9828799999999996,18.89166666666667,19.89618,61.19193333333333,65.31488,13.177177513282103,13.22118813464565
2025,Dir Upper,41,2.4143,13.597,60.223,1143644.0,1200.0,1.0,3699.0,0.35,18.0,1190.0,13.0,0.1573916358587112,10.4053359262148,0.1136717370090692,0.8143,0.0286,17.1899,19.4827,59.925,56.7326,1.0857333333333334,0.7600199999999997,16.756533333333334,18.41398,58.96019999999999,62.62536,10.4053359262148,10.539958100456534
2025,Dir Upper,42,0.0,15.6369,48.526,1143644.0,1200.0,1.0,3699.0,0.35,21.0,1087.0,2.0,0.1836235751684965,9.504706009912177,0.0174879595398568,2.4143,0.8143,13.597,17.1899,60.223,59.925,1.0762,0.7142999999999996,15.4746,17.18178,56.22466666666666,58.46496,9.504706009912177,9.643585141321921
2025,Dir Upper,43,0.0,13.8741,49.0982,1143644.0,1200.0,1.0,3699.0,0.35,21.0,937.0,1.0,0.1836235751684965,8.193109044422915,0.0087439797699284,0.0,2.4143,15.6369,13.597,48.526,60.223,0.8047666666666666,0.6514399999999997,14.369333333333335,15.95612,52.61573333333333,54.90096,8.193109044422915,8.480020169226114
2024,Duki,39,0.0,0.0,0.0,205044.0,1100.0,0.0,4233.0,0.2,31.0,38.0,7.0,1.5118706228906966,1.8532607635434344,0.3413901406527379,0.0,0.0,0.0,0.0,0.0,0.0,0.0,0.0,0.0,0.0,0.0,0.0,1.8532607635434344,2.0624726401252262
2024,Duki,40,0.0,0.0,0.0,205044.0,1100.0,0.0,4233.0,0.2,49.0,66.0,5.0,2.389730984569166,3.2188213261543868,0.2438501004662413,0.0,0.0,0.0,0.0,0.0,0.0,0.0,0.0,0.0,0.0,0.0,0.0,3.2188213261543868,3.299744481411836
2024,Duki,41,0.0,0.0,0.0,205044.0,1100.0,0.0,4233.0,0.2,79.0,57.0,1.0,3.852831587366614,2.779891145315152,0.0487700200932482,0.0,0.0,0.0,0.0,0.0,0.0,0.0,0.0,0.0,0.0,0.0,0.0,2.779891145315152,2.7888081419830266
2024,Duki,42,0.0,0.0,0.0,205044.0,1100.0,0.0,4233.0,0.2,72.0,37.0,0.0,3.511441446713876,1.8044907434501865,0.0,0.0,0.0,0.0,0.0,0.0,0.0,0.0,0.0,0.0,0.0,0.0,0.0,1.8044907434501865,1.9396606350219043
2024,Duki,43,0.0,0.0,0.0,205044.0,1100.0,0.0,4233.0,0.2,22.0,37.0,15.0,1.072940442051462,1.8044907434501865,0.7315503013987242,0.0,0.0,0.0,0.0,0.0,0.0,0.0,0.0,0.0,0.0,0.0,0.0,1.8044907434501865,1.9431688567237817
2024,Duki,44,0.0,0.0,0.0,205044.0,1100.0,0.0,4233.0,0.2,20.0,64.0,0.0,0.9754004018649656,3.12128128596789,0.0,0.0,0.0,0.0,0.0,0.0,0.0,0.0,0.0,0.0,0.0,0.0,0.0,3.12128128596789,3.139239709865338
2025,East,37,20.0429,26.7655,86.664,3514347.0,10.0,0.0,165.0,0.95,49.0,207.0,0.0,0.1394284628125794,0.5890141184123252,0.0,0.0286,15.6143,28.7004,28.6765,75.2554,85.4821,11.895266666666666,7.4143,28.047466666666665,28.26748,82.46716666666667,80.49996000000002,0.5890141184123252,0.8236244085975803
2025,East,38,0.4143,27.2518,83.7523,3514347.0,10.0,0.0,165.0,0.95,62.0,279.0,3.0,0.1764196876404066,0.7938885943818297,0.0085364364987293,20.0429,0.0286,26.7655,28.7004,86.664,75.2554,6.828600000000001,7.360019999999999,27.572566666666663,28.06224,81.89056666666667,81.7183,0.7938885943818297,0.7033296420049817
2025,East,39,0.1571,27.8905,79.3725,3514347.0,10.0,0.0,165.0,0.95,44.0,328.0,2.0,0.1252010686480305,0.9333170571944092,0.0056909576658195,0.4143,20.0429,27.2518,26.7655,83.7523,86.664,6.871433333333333,7.25144,27.3026,27.85694,83.26293333333334,82.10526,0.9333170571944092,1.1165100716869727
2025,East,40,3.9714,29.1492,74.598,3514347.0,10.0,0.0,165.0,0.95,61.0,297.0,0.0,0.1735742088074968,0.8451072133742058,0.0,0.1571,0.4143,27.8905,27.2518,79.3725,83.7523,1.5142666666666666,4.92286,28.097166666666663,27.95148,79.24093333333333,79.92844,0.8451072133742058,0.9324377949299958
2025,East,41,0.0,27.4825,65.1742,3514347.0,10.0,0.0,165.0,0.95,81.0,294.0,2.0,0.2304837854656925,0.8365707768754764,0.0056909576658195,3.9714,0.1571,29.1492,27.8905,74.598,79.3725,1.376166666666667,4.91714,28.174066666666665,27.7079,73.04823333333333,77.9122,0.8365707768754764,0.8906767347976228
2025,East,42,0.0,28.8349,45.7116,3514347.0,10.0,0.0,165.0,0.95,55.0,266.0,3.0,0.1565013358100381,0.7568973695540026,0.0085364364987293,0.0,3.9714,27.4825,29.1492,65.1742,74.598,1.3238,0.90856,28.488866666666667,28.12178,61.82793333333333,69.72171999999999,0.7568973695540026,0.9316361386046585
2025,East,43,0.0,29.8411,32.3089,3514347.0,10.0,0.0,165.0,0.95,72.0,242.0,2.0,0.2048744759695044,0.6886058775641677,0.0056909576658195,0.0,0.0,28.8349,27.4825,45.7116,65.1742,0.0,0.8257000000000001,28.7195,28.63964,47.73156666666667,59.433040000000005,0.6886058775641677,0.8631035514733298
2024,Ghotki,37,0.8538,32.2142,61.4598,1772609.0,72.0,1.0,6083.0,0.35,2671.0,1969.0,1.0,15.068184805560618,11.10792058485543,0.0056414020237965,1.5857,4.2,31.6266,30.3916,68.5341,72.3269,2.2131666666666665,7.436459999999999,31.410800000000005,31.31606,67.44026666666666,69.95308,11.10792058485543,11.417699613596797
2024,Ghotki,38,0.0429,32.8097,55.5304,1772609.0,72.0,1.0,6083.0,0.35,3202.0,2019.0,193.0,18.063769280196592,11.38999068604526,1.0887905905927364,0.8538,1.5857,32.2142,31.6266,61.4598,68.5341,0.8274666666666667,2.2479,32.216833333333334,31.51524,61.84143333333333,67.0316,11.38999068604526,11.641210212136986
2024,Ghotki,39,0.0143,33.5177,55.1598,1772609.0,72.0,1.0,6083.0,0.35,3628.0,1724.0,0.0,20.467006542333927,9.725777089025271,0.0,0.0429,0.8538,32.8097,32.2142,55.5304,61.4598,0.3036666666666667,1.33934,32.84720000000001,32.11196,57.38333333333333,62.6022,9.725777089025271,10.32593944330048
2024,Ghotki,40,0.125,31.7414,57.6224,1772609.0,72.0,1.0,6083.0,0.35,3055.0,1423.0,0.0,17.234483182698497,8.027715079862508,0.0,0.0143,0.0429,33.5177,32.8097,55.1598,55.5304,0.0607333333333333,0.52434,32.689600000000006,32.38192,56.1042,59.6613,8.027715079862508,8.118854497410462
2024,Ghotki,41,0.1857,28.9698,56.2319,1772609.0,72.0,1.0,6083.0,0.35,3132.0,1413.0,0.0,17.668871138530832,7.971301059624542,0.0,0.125,0.0143,31.7414,33.5177,57.6224,55.1598,0.1083333333333333,0.24434,31.409633333333336,31.850559999999994,56.33803333333333,57.20086,7.971301059624542,7.988477561631097
2024,Ghotki,42,0.0,28.5064,53.4649,1772609.0,72.0,1.0,6083.0,0.35,3283.0,1225.0,0.0,18.520722844124112,6.910717479150788,0.0,0.1857,0.125,28.9698,31.7414,56.2319,57.6224,0.1035666666666666,0.07358,29.7392,31.109,55.77306666666667,55.60188000000001,6.910717479150788,7.027870774734381
2024,Ghotki,43,0.0,29.0299,47.5468,1772609.0,72.0,1.0,6083.0,0.35,2384.0,1049.0,3.0,13.449102424731004,5.917830722962594,0.0169242060713896,0.0,0.1857,28.5064,28.9698,53.4649,56.2319,0.0619,0.065,28.83536666666667,30.35304,52.41453333333334,54.00516,5.917830722962594,5.968545435153778
2024,Ghotki,44,0.0,27.8296,52.4139,1772609.0,72.0,1.0,6083.0,0.35,1758.0,855.0,6.0,9.917584757834357,4.823398730346061,0.0338484121427793,0.0,0.0,29.0299,28.5064,47.5468,53.4649,0.0,0.0621399999999999,28.455300000000005,29.21542,51.141866666666665,53.45598,4.823398730346061,5.041192332442682
2025,Ghotki,37,3.6714,29.0234,75.3092,1989892.0,72.0,1.0,6083.0,0.35,5365.0,1264.0,211.0,26.96126221925612,6.3521035312469225,1.0603590546622632,0.1429,0.9571,32.0924,32.7085,64.2004,66.0683,1.5904666666666667,1.00856,31.274766666666665,32.16848,68.52596666666666,63.0268,6.3521035312469225,6.206882188453127
2025,Ghotki,38,0.0,30.8731,64.7864,1989892.0,72.0,1.0,6083.0,0.35,5449.0,1310.0,238.0,27.383395681775696,6.583271855960022,1.1960448104721262,3.6714,0.1429,29.0234,32.0924,75.3092,64.2004,1.2714333333333334,1.00856,30.662966666666662,31.684500000000003,68.09866666666666,65.08116,6.583271855960022,6.484048793368057
2025,Ghotki,39,0.0,30.693,59.9124,1989892.0,72.0,1.0,6083.0,0.35,5271.0,1262.0,211.0,26.488874773103262,6.342052734520265,1.0603590546622632,0.0,3.6714,30.8731,29.0234,64.7864,75.3092,1.2238,0.95428,30.1965,31.07808,66.66933333333334,66.05533999999999,6.342052734520265,6.042546611841661
2025,Ghotki,40,0.0143,31.2454,56.7592,1989892.0,72.0,1.0,6083.0,0.35,5806.0,1211.0,78.0,29.17746289748388,6.085757417990524,0.3919810723396043,0.0,0.0,30.693,30.8731,59.9124,64.7864,0.0047666666666666,0.76572,30.93716666666667,30.78546,60.486,64.19352,6.085757417990524,5.851418297860145
2025,Ghotki,41,0.0,26.6525,53.9411,1989892.0,72.0,1.0,6083.0,0.35,6999.0,1293.0,238.0,35.1727631449345,6.497840083783442,1.1960448104721262,0.0143,0.0,31.2454,30.693,56.7592,59.9124,0.0047666666666666,0.7371399999999999,29.5303,29.697479999999995,56.8709,62.14166,6.497840083783442,6.485950279026899
2025,Ghotki,42,0.0,26.9525,48.2139,1989892.0,72.0,1.0,6083.0,0.35,6132.0,1107.0,206.0,30.815742763928892,5.563115988204386,1.0352320628456215,0.0,0.0143,26.6525,31.2454,53.9411,56.7592,0.0047666666666666,0.0028599999999999,28.28346666666667,29.2833,52.9714,56.7226,5.563115988204386,5.412641866329285
2025,Ghotki,43,0.0,26.7043,48.7234,1989892.0,72.0,1.0,6083.0,0.35,5669.0,1231.0,208.0,28.488983321707916,6.186265385257089,1.0452828595722785,0.0,0.0,26.9525,26.6525,48.2139,53.9411,0.0,0.0028599999999999,26.769766666666666,28.44954,50.2928,53.50999999999999,6.186265385257089,6.159872419348895
2024,Gwadar,38,0.0,27.4943,88.225,305160.0,12.0,0.0,12637.0,0.35,218.0,296.0,0.0,7.143793419845327,9.69982959758815,0.0,0.0,0.9222,27.6887,27.4365,84.6218,88.9563,0.3074,0.18444,27.53983333333333,28.483600000000003,87.26769999999999,87.22798,9.69982959758815,9.813184015477475
2024,Gwadar,39,0.0,27.6297,85.5231,305160.0,12.0,0.0,12637.0,0.35,299.0,250.0,0.0,9.79813868134749,8.192423646611614,0.0,0.0,0.0,27.4943,27.6887,88.225,84.6218,0.0,0.18444,27.604233333333337,27.94162,86.12330000000001,86.96725999999998,8.192423646611614,8.484579347788694
2024,Gwadar,40,0.0,28.0532,86.5693,305160.0,12.0,0.0,12637.0,0.35,1295.0,541.0,0.0,42.43675448944816,17.72840477126753,0.0,0.0,0.0,27.6297,27.4943,85.5231,88.225,0.0,0.18444,27.72573333333333,27.66048,86.77246666666667,86.7791,17.72840477126753,18.934420594119374
2024,Gwadar,41,0.0,27.7553,84.9068,305160.0,12.0,0.0,12637.0,0.35,34.0,15.0,0.0,1.1141696159391794,0.4915454187966968,0.0,0.0,0.0,28.0532,27.6297,86.5693,85.5231,0.0,0.0,27.81273333333333,27.72424,85.6664,85.9692,0.4915454187966968,0.2947239066117877
2024,Gwadar,42,0.7,27.611,80.2056,305160.0,12.0,0.0,12637.0,0.35,8.0,15.0,0.0,0.2621575566915716,0.4915454187966968,0.0,0.0,0.0,27.7553,28.0532,84.9068,86.5693,0.2333333333333333,0.1399999999999999,27.8065,27.7087,83.8939,85.08596,0.4915454187966968,0.11261615338327324
2025,Gwadar,37,2.9714,27.2762,84.6519,317947.0,12.0,0.0,12637.0,0.35,7.0,17.0,5.0,0.2201624799101737,0.534680308353279,0.1572589142215526,0.0143,0.0,27.1333,27.4857,87.4442,92.677,0.9952333333333332,0.59714,27.2984,27.76148,88.2577,87.20266,0.534680308353279,0.24799501249382327
2025,Gwadar,38,0.0,27.3494,87.8252,317947.0,12.0,0.0,12637.0,0.35,3.0,17.0,2.0,0.0943553485329316,0.534680308353279,0.062903565688621,2.9714,0.0143,27.2762,27.1333,84.6519,87.4442,0.9952333333333332,0.59714,27.252966666666666,27.50916,86.64043333333332,87.55694000000001,0.534680308353279,0.24057083327760953
2025,Gwadar,40,0.0,27.8375,85.0772,317947.0,12.0,0.0,12637.0,0.35,0.0,13.0,2.0,0.0,0.4088731769760368,0.062903565688621,0.0,2.9714,27.3494,27.2762,87.8252,84.6519,0.9904666666666668,0.59714,27.4877,27.41642,85.85143333333333,87.53509999999999,0.4088731769760368,0.1956843973589475
2025,Gwadar,42,0.0,26.9422,77.5141,317947.0,12.0,0.0,12637.0,0.35,24.0,11.0,2.0,0.7548427882634527,0.3459696112874158,0.062903565688621,0.0,0.0,27.8375,27.3494,85.0772,87.8252,0.0,0.59714,27.376366666666662,27.30772,83.47216666666667,84.50252,0.3459696112874158,0.2715359021657022
2025,Gwadar,43,0.0,26.8202,85.4915,317947.0,12.0,0.0,12637.0,0.35,207.0,294.0,2.0,6.51051904877228,9.246824156227296,0.062903565688621,0.0,0.0,26.9422,27.8375,77.5141,85.0772,0.0,0.59428,27.199966666666665,27.2451,82.69426666666668,84.11197999999999,9.246824156227296,9.703089885476492
2024,Hangu,37,1.3308,25.4121,71.607,528902.0,900.0,0.0,1097.0,0.2,202.0,82.0,0.0,3.8192330526260063,1.5503817342343196,0.0,3.8429,2.9222,25.1292,25.3686,77.856,75.8516,2.698633333333333,3.43346,25.303300000000004,25.65532,75.10486666666667,76.76068000000001,1.5503817342343196,1.3909234471306293
2024,Hangu,38,0.0,26.9425,46.3399,528902.0,900.0,0.0,1097.0,0.2,178.0,98.0,2.0,3.365462788947669,1.8528952433532109,0.0378141886398614,1.3308,3.8429,25.4121,25.1292,71.607,77.856,1.7245666666666668,2.23632,25.82793333333333,25.73328,65.26763333333334,69.70357999999999,1.8528952433532109,1.7580412787555115
2024,Hangu,39,1.6714,26.9661,60.9453,528902.0,900.0,0.0,1097.0,0.2,114.0,101.0,3.0,2.1554087524721024,1.9096165263130032,0.0567212829597921,0.0,1.3308,26.9425,25.4121,46.3399,71.607,1.0007333333333337,1.95346,26.44023333333333,25.9637,59.63073333333333,66.51996,1.9096165263130032,1.9207092734420668
2024,Hangu,40,1.225,25.4217,47.4189,528902.0,900.0,0.0,1097.0,0.2,72.0,126.0,3.0,1.361310791035012,2.382293884311271,0.0567212829597921,1.6714,0.0,26.9661,26.9425,60.9453,46.3399,0.9654666666666666,1.61402,26.44343333333333,25.97432,51.56803333333334,60.83342,2.382293884311271,2.44316801645673
2024,Hangu,41,0.9143,22.4708,45.8971,528902.0,900.0,0.0,1097.0,0.2,103.0,67.0,0.0,1.947430714952865,1.2667753194353586,0.0,1.225,1.6714,25.4217,26.9661,47.4189,60.9453,1.270233333333333,1.0283,24.952866666666665,25.44264,51.420433333333335,54.44164000000001,1.2667753194353586,1.2045433158944414
2024,Hangu,42,0.0143,23.2922,41.1636,528902.0,900.0,0.0,1097.0,0.2,138.0,79.0,0.0,2.60917901615044,1.4936604512745273,0.0,0.9143,1.225,22.4708,25.4217,45.8971,47.4189,0.7178666666666668,0.765,23.728233333333336,25.01866,44.82653333333334,48.35296,1.4936604512745273,1.3558236912791601
2024,Hangu,43,0.4,21.9979,51.1082,528902.0,900.0,0.0,1097.0,0.2,68.0,85.0,2.0,1.2856824137552894,1.6071030171941114,0.0378141886398614,0.0143,0.9143,23.2922,22.4708,41.1636,45.8971,0.4428666666666667,0.845,22.58696666666667,24.029740000000004,46.0563,49.30662,1.6071030171941114,1.4985937128222702
2024,Hangu,44,0.0429,20.3354,62.92,528902.0,900.0,0.0,1097.0,0.2,48.0,49.0,0.0,0.9075405273566748,0.9264476216766054,0.0,0.4,0.0143,21.9979,23.2922,51.1082,41.1636,0.1524,0.5193,21.87516666666667,22.7036,51.7306,49.70156,0.9264476216766054,0.9177747722857941
2025,Hangu,37,0.4429,27.8696,60.9273,627433.0,900.0,0.0,1097.0,0.2,133.0,225.0,4.0,2.119748244035618,3.5860402624662715,0.0637518268882892,6.1857,11.5286,25.3774,26.1354,70.9377,76.0144,6.0524,5.13144,26.460800000000003,27.7325,69.29313333333333,66.77594,3.5860402624662715,3.641832339523693
2025,Hangu,38,1.7429,26.4809,61.914,627433.0,900.0,0.0,1097.0,0.2,289.0,294.0,12.0,4.606069492678899,4.685759276289262,0.1912554806648678,0.4429,6.1857,27.8696,25.3774,60.9273,70.9377,2.7905,4.82002,26.575966666666663,27.16796,64.593,66.57274,4.685759276289262,4.555739015464793
2025,Hangu,39,0.7429,25.8937,52.8677,627433.0,900.0,0.0,1097.0,0.2,156.0,382.0,12.0,2.4863212486432813,6.088299467831625,0.1912554806648678,1.7429,0.4429,26.4809,27.8696,61.914,60.9273,0.9762333333333334,4.1286000000000005,26.74806666666667,26.3514,58.56966666666667,64.53222,6.088299467831625,5.8038471721782825
2025,Hangu,40,3.0571,23.5836,58.2296,627433.0,900.0,0.0,1097.0,0.2,112.0,280.0,17.0,1.7850511528720996,4.462627882180248,0.2709452642752294,0.7429,1.7429,25.8937,26.4809,52.8677,61.914,1.8476333333333332,2.4343,25.3194,25.84104,57.670433333333335,60.975260000000006,4.462627882180248,4.356883624886291
2025,Hangu,41,1.7,18.8372,56.255,627433.0,900.0,0.0,1097.0,0.2,146.0,333.0,5.0,2.326941681422558,5.307339588450082,0.0796897836103615,3.0571,0.7429,23.5836,25.8937,58.2296,52.8677,1.8333333333333333,1.53716,22.771500000000003,24.533,55.7841,58.03872,5.307339588450082,5.017912850145196
2025,Hangu,42,0.0,22.042,48.0125,627433.0,900.0,0.0,1097.0,0.2,127.0,226.0,17.0,2.024120503703184,3.601978219188344,0.2709452642752294,1.7,3.0571,18.8372,23.5836,56.255,58.2296,1.5857,1.4485800000000002,21.4876,23.36748,54.1657,55.45576,3.601978219188344,3.617302858781144
2025,Hangu,43,0.0,20.8098,38.4379,627433.0,900.0,0.0,1097.0,0.2,135.0,297.0,0.0,2.1516241574797625,4.733573146455479,0.0,0.0,1.7,22.042,18.8372,48.0125,56.255,0.5666666666666667,1.1,20.563,22.23326,47.568466666666666,50.760540000000006,4.733573146455479,4.478877025465255
2024,Haripur,37,3.9923,25.8452,78.9587,1174783.0,605.0,2.0,1725.0,0.65,31.0,1102.0,29.0,0.263878520543794,9.380455794814871,0.2468540998635492,4.4429,10.4333,25.9854,26.4012,82.6332,80.8991,6.289499999999999,5.76226,26.077266666666663,26.616300000000003,80.83033333333333,81.07994,9.380455794814871,9.550311017734831
2024,Haripur,38,0.0,26.1417,69.422,1174783.0,605.0,2.0,1725.0,0.65,55.0,950.0,27.0,0.4681715687067314,8.086599823116268,0.2298296791833044,3.9923,4.4429,25.8452,25.9854,78.9587,82.6332,2.811733333333333,4.60798,25.990766666666666,26.31232,77.00463333333333,78.42004,8.086599823116268,8.60323425947304
2024,Haripur,39,3.6429,26.4821,74.5052,1174783.0,605.0,2.0,1725.0,0.65,61.0,953.0,70.0,0.5192448307474657,8.112136454136637,0.5958547238085672,0.0,3.9923,26.1417,25.8452,69.422,78.9587,2.5450666666666666,4.50228,26.156333333333333,26.171119999999995,74.2953,77.28364,8.112136454136637,8.49170280916607
2024,Haripur,40,0.1125,24.2448,68.0237,1174783.0,605.0,2.0,1725.0,0.65,34.0,669.0,4.0,0.2894151515641612,5.6946687175418775,0.0340488413604895,3.6429,0.0,26.4821,26.1417,74.5052,69.422,1.2518,2.43812,25.622866666666667,25.73984,70.6503,74.70855999999999,5.6946687175418775,6.37626582903013
2024,Haripur,41,0.9571,21.8372,63.6415,1174783.0,605.0,2.0,1725.0,0.65,52.0,700.0,23.0,0.4426349376863642,5.958547238085671,0.1957808378228149,0.1125,3.6429,24.2448,26.4821,68.0237,74.5052,1.5708333333333335,1.74096,24.188033333333333,24.9102,68.72346666666668,70.91022,5.958547238085671,6.502313057650091
2024,Haripur,42,0.0,21.9292,60.6994,1174783.0,605.0,2.0,1725.0,0.65,40.0,755.0,2.0,0.3404884136048955,6.426718806792403,0.0170244206802447,0.9571,0.1125,21.8372,24.2448,63.6415,68.0237,0.3565333333333333,0.9425,22.6704,24.127,64.12153333333335,67.25836000000001,6.426718806792403,6.975010931741589
2024,Haripur,43,0.0,21.3774,62.1213,1174783.0,605.0,2.0,1725.0,0.65,55.0,654.0,28.0,0.4681715687067314,5.566985562440042,0.2383418895234268,0.0,0.9571,21.9292,21.8372,60.6994,63.6415,0.3190333333333333,0.9425,21.7146,23.17414,62.154066666666665,65.79821999999999,5.566985562440042,6.0663914300834225
2024,Haripur,44,0.0143,19.3149,75.1569,1174783.0,605.0,2.0,1725.0,0.65,32.0,612.0,12.0,0.2723907308839164,5.209472728154902,0.1021465240814686,0.0,0.0,21.3774,21.9292,62.1213,60.6994,0.0047666666666666,0.21678,20.873833333333334,21.7407,65.99253333333333,65.92855999999999,5.209472728154902,5.784267456464385
2025,Haripur,37,0.9857,27.047,78.9655,1212553.0,605.0,2.0,1725.0,0.65,399.0,1665.0,1.0,3.290577813918237,13.731358546801667,0.0082470621902712,2.5571,13.7143,25.7149,26.3687,81.0783,83.5104,5.752366666666666,5.61142,26.37686666666667,27.04564,81.18473333333334,81.60458,13.731358546801667,13.528997200296683
2025,Haripur,38,3.1429,26.2152,76.5695,1212553.0,605.0,2.0,1725.0,0.65,9.0,1441.0,3.0,0.0742235597124414,11.8840166161809,0.0247411865708138,0.9857,2.5571,27.047,25.7149,78.9655,81.0783,2.228566666666666,5.4428600000000005,26.3257,26.70922,78.87110000000001,80.85074,11.8840166161809,11.953827887306655
2025,Haripur,39,0.7286,25.3372,70.7964,1212553.0,605.0,2.0,1725.0,0.65,2.0,1316.0,10.0,0.0164941243805425,10.853133842396993,0.0824706219027127,3.1429,0.9857,26.2152,27.047,76.5695,78.9655,1.619066666666666,4.22572,26.1998,26.1366,75.44380000000001,78.18402,10.853133842396993,11.029882946214457
2025,Haripur,40,2.3571,23.367,71.3602,1212553.0,605.0,2.0,1725.0,0.65,10.0,1076.0,46.0,0.0824706219027127,8.873838916731886,0.3793648607524784,0.7286,3.1429,25.3372,26.2152,70.7964,76.5695,2.0762,1.95428,24.973133333333333,25.53626,72.9087,75.75398,8.873838916731886,9.001069947447913
2025,Haripur,41,6.1857,19.0464,69.9846,1212553.0,605.0,2.0,1725.0,0.65,10.0,939.0,26.0,0.0824706219027127,7.743991396664724,0.214423616947053,2.3571,0.7286,23.367,25.3372,71.3602,70.7964,3.090466666666666,2.68,22.58353333333333,24.20256,70.71373333333334,73.53524,7.743991396664724,8.09049211934937
2025,Haripur,42,0.0,21.1015,68.0529,1212553.0,605.0,2.0,1725.0,0.65,18.0,992.0,49.0,0.1484471194248828,8.1810856927491,0.4041060473232922,6.1857,2.3571,19.0464,23.367,69.9846,71.3602,2.8475999999999995,2.48286,21.171633333333336,23.01346,69.79923333333333,71.35272,8.1810856927491,8.43956973869752
2025,Haripur,43,0.0,20.0048,58.8507,1212553.0,605.0,2.0,1725.0,0.65,21.0,875.0,3.0,0.1731883059956967,7.216179416487362,0.0247411865708138,0.0,6.1857,21.1015,19.0464,68.0529,69.9846,2.061899999999999,1.85428,20.0509,21.77138,65.62939999999999,67.80896,7.216179416487362,7.514743260534168
2024,Harnai,37,0.0,0.0,0.0,127571.0,621.2798240791644,0.6690489279824079,6292.451621770203,0.3392935678944475,60.0,62.0,0.0,4.703263280839689,4.860038723534346,0.0,0.0,0.0,0.0,0.0,0.0,0.0,0.0,0.0,0.0,0.0,0.0,0.0,4.860038723534346,5.219496689752712
2024,Harnai,38,0.0,0.0,0.0,127571.0,621.2798240791644,0.6690489279824079,6292.451621770203,0.3392935678944475,76.0,95.0,4.0,5.95746682239694,7.446833527996175,0.3135508853893126,0.0,0.0,0.0,0.0,0.0,0.0,0.0,0.0,0.0,0.0,0.0,0.0,7.446833527996175,7.750183753780431
2024,Harnai,39,0.0,0.0,0.0,127571.0,621.2798240791644,0.6690489279824079,6292.451621770203,0.3392935678944475,100.0,107.0,4.0,7.838772134732816,8.387486184164112,0.3135508853893126,0.0,0.0,0.0,0.0,0.0,0.0,0.0,0.0,0.0,0.0,0.0,0.0,8.387486184164112,8.34034346900652
2024,Harnai,40,0.0,0.0,0.0,127571.0,621.2798240791644,0.6690489279824079,6292.451621770203,0.3392935678944475,9.0,83.0,3.0,0.7054894921259535,6.506180871828238,0.2351631640419844,0.0,0.0,0.0,0.0,0.0,0.0,0.0,0.0,0.0,0.0,0.0,0.0,6.506180871828238,6.480186220267687
2024,Harnai,41,0.0,0.0,0.0,127571.0,621.2798240791644,0.6690489279824079,6292.451621770203,0.3392935678944475,22.0,100.0,25.0,1.7245298696412197,7.838772134732816,1.959693033683204,0.0,0.0,0.0,0.0,0.0,0.0,0.0,0.0,0.0,0.0,0.0,0.0,7.838772134732816,7.847005952656678
2024,Harnai,42,0.0,0.0,0.0,127571.0,621.2798240791644,0.6690489279824079,6292.451621770203,0.3392935678944475,31.0,84.0,8.0,2.430019361767173,6.5845685931755655,0.6271017707786252,0.0,0.0,0.0,0.0,0.0,0.0,0.0,0.0,0.0,0.0,0.0,0.0,6.5845685931755655,6.664654116063235
2024,Harnai,43,0.0,0.0,0.0,127571.0,621.2798240791644,0.6690489279824079,6292.451621770203,0.3392935678944475,104.0,28.0,2.0,8.152323020122129,2.1948561977251884,0.1567754426946563,0.0,0.0,0.0,0.0,0.0,0.0,0.0,0.0,0.0,0.0,0.0,0.0,2.1948561977251884,3.6706243971398598
2024,Hub,37,0.1308,27.3095,81.2129,382885.0,621.2798240791644,0.6690489279824079,6292.451621770203,0.3392935678944475,89.0,110.0,0.0,2.324457735351346,2.872925290883686,0.0,0.2143,14.3,27.1365,27.9016,84.7943,80.3906,4.8817,3.30616,27.4492,27.93214,82.13260000000001,80.92616000000001,2.872925290883686,2.8877641689294196
2024,Hub,38,0.0,28.1802,75.9865,382885.0,621.2798240791644,0.6690489279824079,6292.451621770203,0.3392935678944475,119.0,101.0,0.0,3.10798281468326,2.6378677670841117,0.0,0.1308,0.2143,27.3095,27.1365,81.2129,84.7943,0.1150333333333333,3.0947400000000003,27.54206666666666,27.88274,80.66456666666669,79.73060000000001,2.6378677670841117,2.658790301189301
2024,Hub,39,0.0,28.9811,73.5485,382885.0,621.2798240791644,0.6690489279824079,6292.451621770203,0.3392935678944475,92.0,120.0,0.0,2.402810243284537,3.1341003173276567,0.0,0.0,0.1308,28.1802,27.3095,75.9865,81.2129,0.0436,2.9290200000000004,28.15693333333333,27.90178,76.91596666666668,79.18656000000001,3.1341003173276567,3.2045101818308552
2024,Hub,40,0.0,28.8825,73.6809,382885.0,621.2798240791644,0.6690489279824079,6292.451621770203,0.3392935678944475,35.0,88.0,0.0,0.9141125925539,2.2983402327069484,0.0,0.0,0.0,28.9811,28.1802,73.5485,75.9865,0.0,0.06902,28.681266666666662,28.09796,74.40530000000001,77.84461999999999,2.2983402327069484,2.1576372157268375
2024,Hub,41,0.0,31.4371,44.3025,382885.0,621.2798240791644,0.6690489279824079,6292.451621770203,0.3392935678944475,7.0,83.0,0.0,0.18282251851078,2.167752719484963,0.0,0.0,0.0,28.8825,28.9811,73.6809,73.5485,0.0,0.02616,29.7669,28.95808,63.84396666666667,69.74626,2.167752719484963,1.951161499318073
2024,Hub,42,0.0143,30.9799,53.424,382885.0,621.2798240791644,0.6690489279824079,6292.451621770203,0.3392935678944475,69.0,173.0,0.0,1.8021076824634028,4.518327957480706,0.0,0.0,0.0,31.4371,28.8825,44.3025,73.6809,0.0047666666666666,0.00286,30.433166666666665,29.69216,57.1358,64.18848,4.518327957480706,4.315718066164081
2024,Hub,43,0.0,30.3618,55.5612,382885.0,621.2798240791644,0.6690489279824079,6292.451621770203,0.3392935678944475,193.0,54.0,0.0,5.040678010368649,1.4103451427974458,0.0,0.0143,0.0,30.9799,31.4371,53.424,44.3025,0.0047666666666666,0.00286,30.926266666666663,30.128480000000003,51.09590000000001,60.10342000000001,1.4103451427974458,1.3861638317828415
2024,Hub,44,0.0,27.2829,72.803,382885.0,621.2798240791644,0.6690489279824079,6292.451621770203,0.3392935678944475,101.0,10.0,0.0,2.6378677670841117,0.2611750264439714,0.0,0.0,0.0143,30.3618,30.9799,55.5612,53.424,0.0047666666666666,0.00286,29.54153333333333,29.78884,60.59606666666667,59.95432000000001,0.2611750264439714,0.2605311598014364
2025,Hub,37,13.4286,26.5847,85.3701,461810.0,621.2798240791644,0.6690489279824079,6292.451621770203,0.3392935678944475,307.0,231.0,1.0,6.647755570472706,5.0020571230592665,0.0216539269396505,0.4143,13.2286,28.5716,28.9802,75.4284,81.7757,9.023833333333334,5.54574,28.0455,28.34706,80.85806666666667,78.32982000000001,5.0020571230592665,5.2842924139237075
2025,Hub,38,0.4286,27.2183,81.6077,461810.0,621.2798240791644,0.6690489279824079,6292.451621770203,0.3392935678944475,50.0,152.0,2.0,1.0826963469825253,3.291396894826877,0.043307853879301,13.4286,0.4143,26.5847,28.5716,85.3701,75.4284,4.7571666666666665,5.60288,27.4582,28.099200000000003,80.80206666666668,79.71592000000001,3.291396894826877,3.4531972647543014
2025,Hub,39,0.2286,27.5511,79.2712,461810.0,621.2798240791644,0.6690489279824079,6292.451621770203,0.3392935678944475,140.0,247.0,2.0,3.03154977155107,5.348519954093675,0.043307853879301,0.4286,13.4286,27.2183,26.5847,81.6077,85.3701,4.695266666666666,5.54574,27.118033333333333,27.78118,82.083,80.69062,5.348519954093675,5.439904360979108
2025,Hub,40,1.3429,29.1883,70.6579,461810.0,621.2798240791644,0.6690489279824079,6292.451621770203,0.3392935678944475,191.0,205.0,2.0,4.135900045473247,4.439055022628353,0.043307853879301,0.2286,0.4286,27.5511,27.2183,79.2712,81.6077,0.6667,3.1686,27.9859,27.8228,77.17893333333335,78.46706,4.439055022628353,4.451310130610828
2025,Hub,41,0.0,26.6505,65.042,461810.0,621.2798240791644,0.6690489279824079,6292.451621770203,0.3392935678944475,59.0,157.0,1.0,1.2775816894393797,3.3996665295251294,0.0216539269396505,1.3429,0.2286,29.1883,27.5511,70.6579,79.2712,0.5238333333333334,3.0857399999999995,27.796633333333336,27.43858,71.65703333333335,76.38978,3.3996665295251294,3.537560887390592
2025,Hub,42,0.0,26.9594,49.9529,461810.0,621.2798240791644,0.6690489279824079,6292.451621770203,0.3392935678944475,100.0,173.0,0.0,2.1653926939650505,3.7461293605595376,0.0,0.0,1.3429,26.6505,29.1883,65.042,70.6579,0.4476333333333333,0.4000199999999996,27.599400000000003,27.51352,61.88426666666667,69.30634,3.7461293605595376,3.850464565582927
2025,Hub,43,0.0,27.538,37.1313,461810.0,621.2798240791644,0.6690489279824079,6292.451621770203,0.3392935678944475,193.0,166.0,4.0,4.179207899352548,3.594551871981984,0.086615707758602,0.0,0.0,26.9594,26.6505,49.9529,65.042,0.0,0.3142999999999997,27.0493,27.57746,50.70873333333335,60.411060000000006,3.594551871981984,3.6599907242614567
2024,Hyderabad,37,1.4923,28.7588,75.5781,2432540.0,20.0,2.0,993.0,0.75,743.0,1703.0,9.0,3.054420482294228,7.000912626308303,0.0369983638501319,2.7714,14.6,28.7479,28.8243,78.1681,78.1478,6.2879000000000005,4.755599999999999,28.777,29.41226,77.298,75.25559999999999,7.000912626308303,7.230498327391774
2024,Hyderabad,38,0.0,30.3066,66.7941,2432540.0,20.0,2.0,993.0,0.75,893.0,1558.0,16.0,3.6710598797964265,6.404827875389511,0.0657748690669012,1.4923,2.7714,28.7588,28.7479,75.5781,78.1681,1.4212333333333331,3.95274,29.2711,29.3665,73.51343333333334,74.16262,6.404827875389511,6.353784249599304
2024,Hyderabad,39,0.0,31.4452,63.4509,2432540.0,20.0,2.0,993.0,0.75,975.0,1544.0,20.0,4.008156083764296,6.347274864955972,0.0822185863336265,0.0,1.4923,30.3066,28.7588,66.7941,75.5781,0.4974333333333333,3.77274,30.170200000000005,29.61656,68.60770000000001,72.4278,6.347274864955972,6.357657013550677
2024,Hyderabad,40,0.0,31.2091,61.8932,2432540.0,20.0,2.0,993.0,0.75,828.0,1480.0,15.0,3.4038494742121403,6.084175388688367,0.0616639397502199,0.0,0.0,31.4452,30.3066,63.4509,66.7941,0.0,0.85274,30.986966666666664,30.09352,64.04606666666666,69.17688000000001,6.084175388688367,6.080683552509775
2024,Hyderabad,41,0.0,31.9521,39.8386,2432540.0,20.0,2.0,993.0,0.75,978.0,1674.0,15.0,4.02048887171434,6.881695676124545,0.0616639397502199,0.0,0.0,31.2091,31.4452,61.8932,63.4509,0.0,0.29846,31.535466666666668,30.73436,55.0609,61.51098,6.881695676124545,6.859049946027389
2024,Hyderabad,42,0.0,32.3723,41.8828,2432540.0,20.0,2.0,993.0,0.75,889.0,1699.0,15.0,3.654616162529701,6.984468909041578,0.0616639397502199,0.0,0.0,31.9521,31.2091,39.8386,61.8932,0.0,0.0,31.8445,31.45706,47.87153333333333,54.77192,6.984468909041578,7.129621182204397
2024,Hyderabad,43,0.0,31.9348,36.115,2432540.0,20.0,2.0,993.0,0.75,428.0,1635.0,25.0,1.7594777475396088,6.721369432773973,0.1027732329170332,0.0,0.0,32.3723,31.9521,41.8828,39.8386,0.0,0.0,32.0864,31.7827,39.2788,48.6361,6.721369432773973,6.8073982836789675
2024,Hyderabad,44,0.0,29.2741,50.8722,2432540.0,20.0,2.0,993.0,0.75,693.0,1194.0,24.0,2.8488740164601607,4.908449604117507,0.0986623036003518,0.0,0.0,31.9348,32.3723,36.115,41.8828,0.0,0.0,31.19373333333333,31.34848,42.95666666666667,46.120360000000005,4.908449604117507,4.491541524247296
2025,Hyderabad,37,10.4,27.6512,80.4945,2659637.0,20.0,2.0,993.0,0.75,1649.0,2495.0,41.0,6.20009422338462,9.380979434411538,0.1541563754752998,0.9571,13.1714,30.8283,30.5229,65.397,76.3602,8.176166666666667,4.90856,29.667466666666662,30.15678,74.08389999999999,70.4538,9.380979434411538,9.610685899469496
2025,Hyderabad,38,0.0,28.8554,74.1076,2659637.0,20.0,2.0,993.0,0.75,1425.0,2635.0,42.0,5.357874025665908,9.907367057985732,0.1579162870722583,10.4,0.9571,27.6512,30.8283,80.4945,65.397,3.7857,4.90856,29.111633333333334,29.86626,73.33303333333333,71.99442,9.907367057985732,10.088791327114
2025,Hyderabad,39,0.0286,29.7634,65.666,2659637.0,20.0,2.0,993.0,0.75,1509.0,1942.0,40.0,5.6737065998104255,7.30174832129347,0.1503964638783413,0.0,10.4,28.8554,27.6512,74.1076,80.4945,3.4762000000000004,4.911420000000001,28.75666666666667,29.52424,73.4227,72.40506,7.30174832129347,8.019004272866804
2025,Hyderabad,40,1.7714,30.1196,67.688,2659637.0,20.0,2.0,993.0,0.75,1185.0,1553.0,83.0,4.455495242395861,5.8391427100766,0.3120726625475582,0.0286,0.0,29.7634,28.8554,65.666,74.1076,0.6,2.6314200000000008,29.579466666666665,29.44358,69.15386666666666,70.67062000000001,5.8391427100766,5.920530614941363
2025,Hyderabad,41,0.0,28.5253,46.303,2659637.0,20.0,2.0,993.0,0.75,2254.0,2769.0,50.0,8.47484073954453,10.411195211978177,0.1879955798479266,1.7714,0.0286,30.1196,29.7634,67.688,65.666,0.6,2.4400000000000004,29.46943333333333,28.98298,59.88566666666666,66.85182,10.411195211978177,10.795943058833874
2025,Hyderabad,42,0.0,29.2378,32.3864,2659637.0,20.0,2.0,993.0,0.75,2213.0,2535.0,49.0,8.320684364069232,9.53137589828988,0.184235668250968,0.0,1.7714,28.5253,30.1196,46.303,67.688,0.5904666666666667,0.3600000000000004,29.29423333333333,29.300300000000004,48.792466666666655,57.2302,9.53137589828988,9.695173079572255
2025,Hyderabad,43,0.0,29.0902,33.3887,2659637.0,20.0,2.0,993.0,0.75,1795.0,2410.0,48.0,6.749041316540565,9.061386948670062,0.1804757566540095,0.0,0.0,29.2378,28.5253,32.3864,46.303,0.0,0.3600000000000004,28.9511,29.34726,37.35936666666666,49.08642,9.061386948670062,9.274896343452408
2024,Jacobabad,37,0.9308,31.6349,66.8997,1174097.0,55.0,0.0,2686.0,0.35,1343.0,1245.0,47.0,11.438577902847893,10.60389388610992,0.4003076406804549,1.7286,9.2889,31.1042,30.2491,72.5422,74.4796,3.982766666666666,5.2182200000000005,30.996066666666664,31.11998,71.30716666666666,72.55600000000001,10.60389388610992,10.28207912827055
2024,Jacobabad,38,0.0,32.4837,57.4245,1174097.0,55.0,0.0,2686.0,0.35,1346.0,1098.0,51.0,11.464129454380686,9.351867861002969,0.4343763760575148,0.9308,1.7286,31.6349,31.1042,66.8997,72.5422,0.8864666666666666,3.16108,31.74093333333333,31.20576,65.62213333333332,70.03772000000001,9.351867861002969,9.356358211346299
2024,Jacobabad,39,0.1,33.495,54.861,1174097.0,55.0,0.0,2686.0,0.35,1323.0,1063.0,47.0,11.26823422596259,9.053766426453691,0.4003076406804549,0.0,0.9308,32.4837,31.6349,57.4245,66.8997,0.3435999999999999,2.40966,32.537866666666666,31.79338,59.7284,65.2414,9.053766426453691,8.910904741733631
2024,Jacobabad,40,0.0625,32.6915,50.8014,1174097.0,55.0,0.0,2686.0,0.35,1349.0,967.0,37.0,11.489681005913482,8.236116777404252,0.3151358022378049,0.1,0.0,33.495,32.4837,54.861,57.4245,0.0541666666666666,0.5643800000000003,32.89006666666666,32.281859999999995,54.362300000000005,60.50576,8.236116777404252,8.407765947036868
2024,Jacobabad,41,0.0714,30.4688,43.8734,1174097.0,55.0,0.0,2686.0,0.35,1327.0,1028.0,32.0,11.30230296133965,8.755664991904416,0.2725498830164798,0.0625,0.1,32.6915,33.495,50.8014,54.861,0.0779666666666666,0.2329400000000003,32.21843333333333,32.15478,49.84526666666667,54.772000000000006,8.755664991904416,8.618395333733675
2024,Jacobabad,42,0.0,30.3741,38.8525,1174097.0,55.0,0.0,2686.0,0.35,1316.0,900.0,40.0,11.208613939052736,7.665465459838497,0.3406873537705999,0.0714,0.0625,30.4688,32.6915,43.8734,50.8014,0.0446333333333333,0.0467800000000003,31.17813333333333,31.902619999999995,44.5091,49.16256,7.665465459838497,7.746556614754178
2024,Jacobabad,43,0.0,30.5932,34.923,1174097.0,55.0,0.0,2686.0,0.35,1153.0,857.0,22.0,9.820312972437542,7.299226554535102,0.1873780445738299,0.0,0.0714,30.3741,30.4688,38.8525,43.8734,0.0238,0.0467800000000003,30.4787,31.524520000000003,39.2163,44.66226,7.299226554535102,7.5786992568512215
2024,Jacobabad,44,0.0,28.8143,45.3236,1174097.0,55.0,0.0,2686.0,0.35,1379.0,710.0,36.0,11.74519652124143,6.047200529428148,0.3066186183935399,0.0,0.0,30.5932,30.3741,34.923,38.8525,0.0,0.0267800000000003,29.9272,30.588379999999997,39.6997,42.75478,6.047200529428148,6.504004854934887
2025,Jacobabad,37,2.3143,29.5816,73.8828,1216179.0,55.0,0.0,2686.0,0.35,1559.0,1003.0,168.0,12.818836700847491,8.247141251411183,1.381375603426798,0.1143,2.1286,32.8884,33.025,60.6083,65.1297,1.5190666666666666,0.9343000000000004,31.831666666666667,32.726099999999995,66.54026666666668,61.32372,8.247141251411183,7.943079058108759
2025,Jacobabad,38,0.0,32.2601,59.7912,1216179.0,55.0,0.0,2686.0,0.35,1507.0,940.0,182.0,12.391268061691576,7.729125400126132,1.4964902370456978,2.3143,0.1143,29.5816,32.8884,73.8828,60.6083,0.8095333333333333,0.9343000000000004,31.5767,32.41948,64.76076666666667,62.500800000000005,7.729125400126132,7.583906910639638
2025,Jacobabad,39,0.0,32.4914,51.211,1216179.0,55.0,0.0,2686.0,0.35,1571.0,820.0,140.0,12.917506386806547,6.742428540535563,1.1511463361889984,0.0,2.3143,32.2601,29.5816,59.7912,73.8828,0.7714333333333333,0.9114400000000004,31.444366666666667,32.0493,61.62833333333334,62.12460000000001,6.742428540535563,6.767266030937241
2025,Jacobabad,40,0.0,32.7765,45.2435,1216179.0,55.0,0.0,2686.0,0.35,1052.0,739.0,165.0,8.65004246907733,6.076408160311928,1.356708181937034,0.0,0.0,32.4914,32.2601,51.211,59.7912,0.0,0.4857200000000003,32.50933333333333,31.9996,52.0819,58.147360000000006,6.076408160311928,6.128938849648538
2025,Jacobabad,41,0.0,27.9479,43.47,1216179.0,55.0,0.0,2686.0,0.35,1766.0,766.0,185.0,14.520888783641224,6.298414953719806,1.5211576585354625,0.0,0.0,32.7765,32.4914,45.2435,51.211,0.0,0.4628600000000003,31.07193333333333,31.0115,46.6415,54.7197,6.298414953719806,6.485429554708126
2025,Jacobabad,42,0.0,28.553,34.0386,1216179.0,55.0,0.0,2686.0,0.35,1939.0,839.0,159.0,15.94337675621763,6.89865554330407,1.3073733389575053,0.0,0.0,27.9479,32.7765,43.47,45.2435,0.0,0.0,29.75913333333333,30.80578,40.917366666666666,46.75086,6.89865554330407,6.928853117026418
2025,Jacobabad,43,0.0,27.9581,37.0486,1216179.0,55.0,0.0,2686.0,0.35,2028.0,782.0,188.0,16.675176927080635,6.429974534998548,1.5458250800252265,0.0,0.0,28.553,27.9479,34.0386,43.47,0.0,0.0,28.153,29.94538,38.18573333333333,42.20234,6.429974534998548,6.5507363161831424
2024,Jaffarabad,37,0.0,0.0,0.0,594558.0,55.0,1.0,1643.0,0.2,1090.0,457.0,6.0,18.33294649134315,7.686382152792495,0.1009153017872099,0.0,0.0,0.0,0.0,0.0,0.0,0.0,0.0,0.0,0.0,0.0,0.0,7.686382152792495,8.390503048639385
2024,Jaffarabad,38,0.0,0.0,0.0,594558.0,55.0,1.0,1643.0,0.2,863.0,399.0,4.0,14.514984240393703,6.710867568849464,0.06727686785814,0.0,0.0,0.0,0.0,0.0,0.0,0.0,0.0,0.0,0.0,0.0,0.0,6.710867568849464,6.678906313936177
2024,Jaffarabad,39,0.0,0.0,0.0,594558.0,55.0,1.0,1643.0,0.2,499.0,1071.0,59.0,8.392789265302964,18.013381369016987,0.992333800907565,0.0,0.0,0.0,0.0,0.0,0.0,0.0,0.0,0.0,0.0,0.0,0.0,18.013381369016987,14.695937771146728
2024,Jaffarabad,40,0.0,0.0,0.0,594558.0,55.0,1.0,1643.0,0.2,43.0,412.0,0.0,0.723226329475005,6.92951738938842,0.0,0.0,0.0,0.0,0.0,0.0,0.0,0.0,0.0,0.0,0.0,0.0,0.0,6.92951738938842,6.884664350300684
2024,Jaffarabad,41,0.0,0.0,0.0,594558.0,55.0,1.0,1643.0,0.2,150.0,1168.0,0.0,2.52288254468025,19.64484541457688,0.0,0.0,0.0,0.0,0.0,0.0,0.0,0.0,0.0,0.0,0.0,0.0,0.0,19.64484541457688,16.12924240893573
2024,Jaffarabad,42,0.0,0.0,0.0,594558.0,55.0,1.0,1643.0,0.2,122.0,1062.0,0.0,2.05194446967327,17.86200841633617,0.0,0.0,0.0,0.0,0.0,0.0,0.0,0.0,0.0,0.0,0.0,0.0,0.0,17.86200841633617,15.100217815758759
2024,Jaffarabad,43,0.0,0.0,0.0,594558.0,55.0,1.0,1643.0,0.2,1068.0,103.0,22.0,17.96292371812338,1.732379347347105,0.3700227732197699,0.0,0.0,0.0,0.0,0.0,0.0,0.0,0.0,0.0,0.0,0.0,0.0,1.732379347347105,1.5654871957041294
2024,Jaffarabad,44,0.0,0.0,0.0,594558.0,55.0,1.0,1643.0,0.2,1093.0,94.0,70.0,18.38340414223676,1.58100639466629,1.17734518751745,0.0,0.0,0.0,0.0,0.0,0.0,0.0,0.0,0.0,0.0,0.0,0.0,1.58100639466629,1.3603712687297476
2025,Jaffarabad,37,0.0,0.0,0.0,621388.0,55.0,1.0,1643.0,0.2,802.0,468.0,9.0,12.906589763561575,7.531526196193039,0.1448370422344815,0.0,0.0,0.0,0.0,0.0,0.0,0.0,0.0,0.0,0.0,0.0,0.0,7.531526196193039,7.681168002918971
2025,Jaffarabad,38,0.0,0.0,0.0,621388.0,55.0,1.0,1643.0,0.2,777.0,555.0,36.0,12.50426464624357,8.931617604459694,0.5793481689379261,0.0,0.0,0.0,0.0,0.0,0.0,0.0,0.0,0.0,0.0,0.0,0.0,8.931617604459694,8.877152778254054
2025,Jaffarabad,39,0.0,0.0,0.0,621388.0,55.0,1.0,1643.0,0.2,845.0,602.0,59.0,13.598588965348542,9.68798882501754,0.94948727687049,0.0,0.0,0.0,0.0,0.0,0.0,0.0,0.0,0.0,0.0,0.0,0.0,9.68798882501754,9.613740128995081
2025,Jaffarabad,40,0.0,0.0,0.0,621388.0,55.0,1.0,1643.0,0.2,745.0,514.0,52.0,11.989288496076526,8.271804412058167,0.8368362440214487,0.0,0.0,0.0,0.0,0.0,0.0,0.0,0.0,0.0,0.0,0.0,0.0,8.271804412058167,8.09244818437661
2025,Jaffarabad,41,0.0,0.0,0.0,621388.0,55.0,1.0,1643.0,0.2,911.0,518.0,95.0,14.660727275068073,8.336176430829047,1.528835445808416,0.0,0.0,0.0,0.0,0.0,0.0,0.0,0.0,0.0,0.0,0.0,0.0,8.336176430829047,8.541769713413148
2025,Jaffarabad,42,0.0,0.0,0.0,621388.0,55.0,1.0,1643.0,0.2,301.0,327.0,4.0,4.843994412508771,5.262412534519496,0.0643720187708806,0.0,0.0,0.0,0.0,0.0,0.0,0.0,0.0,0.0,0.0,0.0,0.0,5.262412534519496,5.111343868957945
2025,Jaffarabad,43,0.0,0.0,0.0,621388.0,55.0,1.0,1643.0,0.2,374.0,379.0,10.0,6.018783755077343,6.099248778540944,0.1609300469272016,0.0,0.0,0.0,0.0,0.0,0.0,0.0,0.0,0.0,0.0,0.0,0.0,6.099248778540944,5.996891337233958
2024,Jamshoro,37,1.7,28.5851,77.1684,1117308.0,33.0,2.0,11204.0,0.35,3025.0,2752.0,68.0,27.074002871186817,24.63063005008467,0.6086056843770921,3.1571,14.1,28.4596,28.7296,80.7001,79.062,6.319033333333333,4.85428,28.59143333333333,29.25686,78.97683333333333,76.67508000000001,24.63063005008467,24.45548720617133
2024,Jamshoro,38,0.0,30.5808,65.5405,1117308.0,33.0,2.0,11204.0,0.35,2762.0,2248.0,37.0,24.720130886022478,20.11978791881916,0.3311530929698884,1.7,3.1571,28.5851,28.4596,77.1684,80.7001,1.619033333333333,4.05714,29.2085,29.24728,74.46966666666667,75.39704,20.11978791881916,20.915149625342238
2024,Jamshoro,39,0.0,31.7638,61.7988,1117308.0,33.0,2.0,11204.0,0.35,3680.0,2331.0,71.0,32.93630762511322,20.862644857102968,0.6354559351584343,0.0,1.7,30.5808,28.5851,65.5405,77.1684,0.5666666666666667,3.79142,30.3099,29.62378,68.16923333333334,72.85396,20.862644857102968,21.359137387010858
2024,Jamshoro,40,0.0,31.3789,61.11,1117308.0,33.0,2.0,11204.0,0.35,3143.0,2261.0,67.0,28.130112735252947,20.236139005538316,0.5996556007833113,0.0,0.0,31.7638,30.5808,61.7988,65.5405,0.0,0.97142,31.24116666666667,30.153640000000003,62.81643333333333,69.26356000000001,20.236139005538316,20.340874165173148
2024,Jamshoro,41,0.0,32.44,37.505,1117308.0,33.0,2.0,11204.0,0.35,3586.0,2086.0,63.0,32.09499976729783,18.66987437662668,0.5638552664081883,0.0,0.0,31.3789,31.7638,61.11,61.7988,0.0,0.3399999999999999,31.8609,30.949720000000003,53.47126666666667,60.62454,18.66987437662668,18.734203027329805
2024,Jamshoro,42,0.0,32.6242,40.7981,1117308.0,33.0,2.0,11204.0,0.35,3235.0,1915.0,57.0,28.95352042588078,17.139410082090166,0.5101547648455037,0.0,0.0,32.44,31.3789,37.505,61.11,0.0,0.0,32.14769999999999,31.75754,46.47103333333333,53.35047999999999,17.139410082090166,17.584537483916208
2024,Jamshoro,43,0.0,32.3063,33.9363,1117308.0,33.0,2.0,11204.0,0.35,2926.0,1904.0,75.0,26.18794459540252,17.04095916255858,0.6712562695335574,0.0,0.0,32.6242,32.44,40.7981,37.505,0.0,0.0,32.45683333333333,32.10264,37.41313333333333,47.02963999999999,17.04095916255858,17.33348997688121
2024,Jamshoro,44,0.0,29.2754,51.5839,1117308.0,33.0,2.0,11204.0,0.35,2849.0,1618.0,50.0,25.498788158681403,14.481235254737278,0.4475041796890383,0.0,0.0,32.3063,32.6242,33.9363,40.7981,0.0,0.0,31.401966666666667,31.604960000000005,42.1061,44.98666000000001,14.481235254737278,15.169889749267883
2025,Jamshoro,37,9.7571,27.8343,79.285,1200463.0,33.0,2.0,11204.0,0.35,3162.0,1873.0,86.0,26.339837212808725,15.602313440730784,0.7163902594249052,0.7857,13.9286,30.893,30.7757,65.0641,74.4739,8.157133333333332,4.90856,29.83433333333333,30.3022,72.941,69.62154,15.602313440730784,15.488054874848556
2025,Jamshoro,38,0.0,28.97,73.5318,1200463.0,33.0,2.0,11204.0,0.35,3346.0,1875.0,87.0,27.8725791632062,15.618973679322062,0.7247203787205436,9.7571,0.7857,27.8343,30.893,79.285,65.0641,3.5142666666666664,4.90856,29.23243333333333,30.00826,72.62696666666666,71.13553999999999,15.618973679322062,15.86579611374651
2025,Jamshoro,39,0.0,29.6578,66.3616,1200463.0,33.0,2.0,11204.0,0.35,3334.0,1915.0,83.0,27.77261773165853,15.9521784511476,0.6913999015379899,0.0,9.7571,28.97,27.8343,73.5318,79.285,3.252366666666666,4.894279999999999,28.8207,29.62616,73.05946666666667,71.74328,15.9521784511476,16.491842620442423
2025,Jamshoro,40,0.8571,30.0382,68.01,1200463.0,33.0,2.0,11204.0,0.35,3219.0,1793.0,143.0,26.814654012660117,14.93590389707971,1.191207059276296,0.0,0.0,29.6578,28.97,66.3616,73.5318,0.2857,2.27998,29.555333333333333,29.47866,69.30113333333334,70.45049999999999,14.93590389707971,15.452346210823048
2024,Jhal Magsi,37,0.0,0.0,0.0,203368.0,60.0,0.0,3615.0,0.2,114.0,111.0,0.0,5.605601667912356,5.458085834546241,0.0,0.0,0.0,0.0,0.0,0.0,0.0,0.0,0.0,0.0,0.0,0.0,0.0,5.458085834546241,5.516548261045908
2024,Jhal Magsi,38,0.0,0.0,0.0,203368.0,60.0,0.0,3615.0,0.2,496.0,309.0,0.0,24.389284449864288,15.194130836709808,0.0,0.0,0.0,0.0,0.0,0.0,0.0,0.0,0.0,0.0,0.0,0.0,0.0,15.194130836709808,15.8256708017618
2024,Jhal Magsi,39,0.0,0.0,0.0,203368.0,60.0,0.0,3615.0,0.2,183.0,193.0,0.0,8.998465835332992,9.490185279886708,0.0,0.0,0.0,0.0,0.0,0.0,0.0,0.0,0.0,0.0,0.0,0.0,0.0,9.490185279886708,9.867202833176144
2024,Jhal Magsi,40,0.0,0.0,0.0,203368.0,60.0,0.0,3615.0,0.2,332.0,168.0,0.0,16.325085559183353,8.260886668502419,0.0,0.0,0.0,0.0,0.0,0.0,0.0,0.0,0.0,0.0,0.0,0.0,0.0,8.260886668502419,8.51883491990047
2024,Jhal Magsi,43,0.0,0.0,0.0,203368.0,60.0,0.0,3615.0,0.2,563.0,389.0,0.0,27.68380472837418,19.12788639313953,0.0,0.0,0.0,0.0,0.0,0.0,0.0,0.0,0.0,0.0,0.0,0.0,0.0,19.12788639313953,19.181195536669634
2024,Jhal Magsi,44,0.0,0.0,0.0,203368.0,60.0,0.0,3615.0,0.2,564.0,280.0,4.0,27.73297667282955,13.768144447504032,0.1966877778214862,0.0,0.0,0.0,0.0,0.0,0.0,0.0,0.0,0.0,0.0,0.0,0.0,13.768144447504032,13.857211535228974
2025,Jhal Magsi,37,0.0,0.0,0.0,180130.0,60.0,0.0,3615.0,0.2,347.0,383.0,27.0,19.263864986398712,21.262421584411257,1.49891744850941,0.0,0.0,0.0,0.0,0.0,0.0,0.0,0.0,0.0,0.0,0.0,0.0,21.262421584411257,20.697898092078546
2025,Jhal Magsi,38,0.0,0.0,0.0,180130.0,60.0,0.0,3615.0,0.2,343.0,310.0,0.0,19.04180314217509,17.20979292733026,0.0,0.0,0.0,0.0,0.0,0.0,0.0,0.0,0.0,0.0,0.0,0.0,0.0,17.20979292733026,17.404040134260704
2025,Jhal Magsi,39,0.0,0.0,0.0,180130.0,60.0,0.0,3615.0,0.2,375.0,350.0,10.0,20.818297895964022,19.430411369566425,0.5551546105590407,0.0,0.0,0.0,0.0,0.0,0.0,0.0,0.0,0.0,0.0,0.0,0.0,19.430411369566425,19.095455816679298
2025,Jhal Magsi,40,0.0,0.0,0.0,180130.0,60.0,0.0,3615.0,0.2,206.0,253.0,9.0,11.43618497751624,14.04541164714373,0.4996391495031366,0.0,0.0,0.0,0.0,0.0,0.0,0.0,0.0,0.0,0.0,0.0,0.0,14.04541164714373,13.532915548986088
2025,Jhal Magsi,41,0.0,0.0,0.0,180130.0,60.0,0.0,3615.0,0.2,147.0,172.0,6.0,8.160772775217898,9.5486593016155,0.3330927663354244,0.0,0.0,0.0,0.0,0.0,0.0,0.0,0.0,0.0,0.0,0.0,0.0,9.5486593016155,9.471283937677242
2025,Jhal Magsi,42,0.0,0.0,0.0,180130.0,60.0,0.0,3615.0,0.2,168.0,167.0,0.0,9.326597457391884,9.27108199633598,0.0,0.0,0.0,0.0,0.0,0.0,0.0,0.0,0.0,0.0,0.0,0.0,0.0,9.27108199633598,9.186599020897532
2025,Jhal Magsi,43,0.0,0.0,0.0,180130.0,60.0,0.0,3615.0,0.2,295.0,224.0,12.0,16.3770610114917,12.435463276522512,0.6661855326708489,0.0,0.0,0.0,0.0,0.0,0.0,0.0,0.0,0.0,0.0,0.0,0.0,12.435463276522512,12.63697216035392
2025,Kachhi (Bolan),37,1.8143,27.4738,66.4015,417079.0,621.2798240791644,0.6690489279824079,6292.451621770203,0.3392935678944475,78.0,112.0,10.0,1.8701493002524705,2.6853425849779056,0.2397627308015987,0.5429,4.6857,29.5066,29.6807,53.8891,61.5848,2.347633333333333,1.5085799999999998,28.88703333333333,29.95534,60.62513333333334,58.23706,2.6853425849779056,2.5953165725888043
2025,Kachhi (Bolan),38,0.0,29.2831,46.7153,417079.0,621.2798240791644,0.6690489279824079,6292.451621770203,0.3392935678944475,122.0,197.0,29.0,2.9251053157795046,4.723325796791495,0.6953119193246364,1.8143,0.5429,27.4738,29.5066,66.4015,53.8891,0.7857333333333334,1.40858,28.7545,29.4404,55.66863333333333,56.18972,4.723325796791495,4.746348068324891
2025,Kachhi (Bolan),39,0.0,29.4372,43.7009,417079.0,621.2798240791644,0.6690489279824079,6292.451621770203,0.3392935678944475,33.0,82.0,29.0,0.7912170116452758,1.9660543925731095,0.6953119193246364,0.0,1.8143,29.2831,27.4738,46.7153,66.4015,0.6047666666666668,1.40858,28.73136666666667,29.076280000000004,52.272566666666656,54.45832,1.9660543925731095,1.944746309827571
2025,Kachhi (Bolan),40,0.0,28.8164,31.6029,417079.0,621.2798240791644,0.6690489279824079,6292.451621770203,0.3392935678944475,227.0,275.0,29.0,5.442613989196291,6.5934750970439655,0.6953119193246364,0.0,0.0,29.4372,29.2831,43.7009,46.7153,0.0,0.4714400000000002,29.1789,28.90342,40.67303333333333,48.46194,6.5934750970439655,6.515011796597271
2025,Kachhi (Bolan),41,0.0,23.231,32.5409,417079.0,621.2798240791644,0.6690489279824079,6292.451621770203,0.3392935678944475,166.0,187.0,40.0,3.980061331306539,4.483563065989896,0.959050923206395,0.0,0.0,28.8164,29.4372,31.6029,43.7009,0.0,0.3628600000000002,27.16153333333333,27.6483,35.94823333333333,44.1923,4.483563065989896,4.46965490792417
2025,Kachhi (Bolan),42,0.0,25.1646,23.6209,417079.0,621.2798240791644,0.6690489279824079,6292.451621770203,0.3392935678944475,274.0,271.0,34.0,6.569498823963806,6.497570004723326,0.8151932847254357,0.0,0.0,23.231,28.8164,32.5409,31.6029,0.0,0.0,25.737333333333336,27.18646,29.254900000000003,35.63618,6.497570004723326,6.559321649587695
2025,Kachhi (Bolan),43,0.0,24.3887,25.9235,417079.0,621.2798240791644,0.6690489279824079,6292.451621770203,0.3392935678944475,253.0,289.0,12.0,6.065997089280448,6.929142920166204,0.2877152769619184,0.0,0.0,25.1646,23.231,23.6209,32.5409,0.0,0.0,24.261433333333333,26.20758,27.361766666666664,31.47782,6.929142920166204,6.987600995719561
2024,Kalat,37,0.0,21.0485,25.9248,271560.0,2000.0,0.0,7654.0,0.2,55.0,33.0,2.0,2.0253351008985123,1.2152010605391073,0.0736485491235822,0.0429,1.6778,21.7315,22.1837,38.6995,50.1151,0.5735666666666667,0.8898400000000001,21.654566666666668,22.21756,38.24646666666667,45.19488,1.2152010605391073,1.2475302379267035
2024,Kalat,38,0.0,22.2952,23.0599,271560.0,2000.0,0.0,7654.0,0.2,39.0,33.0,0.0,1.4361467079098542,1.2152010605391073,0.0,0.0,0.0429,21.0485,21.7315,25.9248,38.6995,0.0143,0.5984200000000001,21.69173333333333,21.80458,29.228066666666667,37.93384,1.2152010605391073,1.30371551890412
2024,Kalat,39,0.0,23.2045,22.0552,271560.0,2000.0,0.0,7654.0,0.2,39.0,67.0,0.0,1.4361467079098542,2.4672263956400062,0.0,0.0,0.0,22.2952,21.0485,23.0599,25.9248,0.0,0.34414,22.18273333333333,22.09268,23.67996666666667,31.9709,2.4672263956400062,2.5096956305211906
2024,Kalat,40,1.2125,19.8423,34.5521,271560.0,2000.0,0.0,7654.0,0.2,0.0,37.0,0.0,0.0,1.362498158786272,0.0,0.0,0.0,23.2045,22.2952,22.0552,23.0599,0.4041666666666666,0.2510799999999999,21.780666666666665,21.6244,26.555733333333333,28.8583,1.362498158786272,1.3894740090464266
2024,Kalat,41,1.3857,15.7104,41.3172,271560.0,2000.0,0.0,7654.0,0.2,6.0,46.0,0.0,0.2209456473707468,1.6939166298423922,0.0,1.2125,0.0,19.8423,23.2045,34.5521,22.0552,0.8660666666666667,0.51964,19.585733333333334,20.42018,32.6415,29.38184,1.6939166298423922,1.663722136637423
2024,Kalat,42,0.0,17.0393,23.3747,271560.0,2000.0,0.0,7654.0,0.2,2.0,47.0,0.0,0.0736485491235822,1.730740904404183,0.0,1.3857,1.2125,15.7104,19.8423,41.3172,34.5521,0.8660666666666667,0.51964,17.53066666666667,19.61834,33.08133333333333,28.87182,1.730740904404183,1.6206099490037618
2024,Kalat,43,0.0,17.6196,34.2183,271560.0,2000.0,0.0,7654.0,0.2,14.0,8.0,0.0,0.5155398438650758,0.294594196494329,0.0,0.0,1.3857,17.0393,15.7104,23.3747,41.3172,0.4619,0.51964,16.78976666666667,18.68322,32.97006666666667,31.1035,0.294594196494329,0.37991306475639686
2024,Kalat,44,0.0,16.7765,27.7249,271560.0,2000.0,0.0,7654.0,0.2,30.0,0.0,2.0,1.104728236853734,0.0,0.0736485491235822,0.0,0.0,17.6196,17.0393,34.2183,23.3747,0.0,0.51964,17.145133333333334,17.39762,28.439300000000003,32.23744000000001,0.0,0.22314251055961787
2025,Kalat,37,0.0286,23.2675,46.9229,498077.0,2000.0,0.0,7654.0,0.2,15.0,37.0,20.0,0.3011582546473738,0.7428570281301887,0.4015443395298317,0.0,2.4857,23.0342,24.3562,23.5236,48.5055,0.8381,0.52858,23.552633333333333,24.4314,39.65066666666666,35.768860000000004,0.7428570281301887,0.7451875105830084
2025,Kalat,38,0.0,21.8425,18.4266,498077.0,2000.0,0.0,7654.0,0.2,1.0,2.0,0.0,0.0200772169764915,0.0401544339529831,0.0,0.0286,0.0,23.2675,23.0342,46.9229,23.5236,0.0095333333333333,0.52858,22.71473333333333,23.67192,29.624366666666663,34.46846,0.0401544339529831,0.038249019552300645
2025,Kalat,39,0.0,21.9306,20.6621,498077.0,2000.0,0.0,7654.0,0.2,5.0,2.0,0.0,0.1003860848824579,0.0401544339529831,0.0,0.0,0.0286,21.8425,23.2675,18.4266,46.9229,0.0095333333333333,0.50286,22.346866666666667,22.8862,28.670533333333328,31.60814,0.0401544339529831,0.06091662104001738
2025,Kalat,40,0.0,20.0598,22.9905,498077.0,2000.0,0.0,7654.0,0.2,11.0,11.0,0.0,0.2208493867414074,0.2208493867414074,0.0,0.0,0.0,21.9306,21.8425,20.6621,18.4266,0.0,0.00572,21.27763333333333,22.02692,20.693066666666663,26.50514,0.2208493867414074,0.20006577629960187
2025,Kalat,41,0.0,14.4071,20.9176,498077.0,2000.0,0.0,7654.0,0.2,0.0,0.0,0.0,0.0,0.0,0.0,0.0,0.0,20.0598,21.9306,22.9905,20.6621,0.0,0.00572,18.799166666666665,20.3015,21.523399999999995,25.98394,0.0,-0.011842703567763735
2025,Kalat,42,0.0,16.7777,22.8546,498077.0,2000.0,0.0,7654.0,0.2,13.0,16.0,0.0,0.2610038206943906,0.3212354716238653,0.0,0.0,0.0,14.4071,20.0598,20.9176,22.9905,0.0,0.0,17.08153333333333,19.00354,22.25423333333333,21.17028,0.3212354716238653,0.2844686807744763
2025,Kalat,43,0.0,15.2893,25.1291,498077.0,2000.0,0.0,7654.0,0.2,16.0,38.0,0.0,0.3212354716238653,0.7629342451066803,0.0,0.0,0.0,16.7777,14.4071,22.8546,20.9176,0.0,0.0,15.491366666666666,17.692899999999998,22.9671,22.510780000000004,0.7629342451066803,0.76524877067828
2024,Kamber,43,0.0,28.8571,47.4826,1514869.0,50.0,0.0,5599.0,0.2,5595.0,1932.0,18.0,36.93388669251269,12.753578032159876,0.1188221555791292,0.0,0.0,28.2783,28.8762,53.9452,58.9714,0.0,0.0142799999999992,28.67053333333333,29.79374,53.4664,56.84212,12.753578032159876,12.530144328124772
2024,Kamber,44,0.0,28.0619,51.2288,1514869.0,50.0,0.0,5599.0,0.2,4746.0,1731.0,18.0,31.329441687697088,11.426730628192932,0.1188221555791292,0.0,0.0,28.8571,28.2783,47.4826,53.9452,0.0,0.0,28.3991,29.01148,50.885533333333335,54.71506000000001,11.426730628192932,11.68623562234431
2025,Kamber,37,9.7286,28.389,81.5887,1621170.0,50.0,0.0,5599.0,0.2,4873.0,2115.0,206.0,30.05853796949117,13.046133348137456,1.2706872197240264,0.0143,1.6857,34.9333,33.3985,48.6302,62.2391,3.809533333333333,2.3542999999999994,32.24026666666667,33.04392,64.15266666666668,59.44528,13.046133348137456,13.506025075450339
2025,Kamber,38,0.0,30.8375,69.3457,1621170.0,50.0,0.0,5599.0,0.2,4646.0,2161.0,189.0,28.65831467397004,13.329879037978744,1.1658246821739855,9.7286,0.0143,28.389,34.9333,81.5887,48.6302,3.247633333333333,2.3542999999999994,31.3866,32.38202,66.52153333333332,62.86002,13.329879037978744,13.785692943021317
2025,Kamber,39,0.0,32.6678,53.6284,1621170.0,50.0,0.0,5599.0,0.2,4124.0,1780.0,185.0,25.4384179327276,10.97972451994547,1.141151143926917,0.0,9.7286,30.8375,28.389,69.3457,81.5887,3.2428666666666666,2.285719999999999,30.631433333333334,32.04522,68.18759999999999,63.08642,10.97972451994547,11.314885339785416
2025,Kamber,40,0.0143,33.4988,45.1583,1621170.0,50.0,0.0,5599.0,0.2,3230.0,1547.0,27.0,19.9238821345078,9.542490917053732,0.1665463831677122,0.0,0.0,32.6678,30.8375,53.6284,69.3457,0.0047666666666666,1.9514399999999992,32.334700000000005,32.065279999999994,56.04413333333334,59.67026,9.542490917053732,9.73648558665462
2025,Kamber,41,0.0,28.4366,42.5419,1621170.0,50.0,0.0,5599.0,0.2,5599.0,1904.0,168.0,34.5367851613341,11.744604205604595,1.036288606376876,0.0143,0.0,33.4988,32.6678,45.1583,53.6284,0.0047666666666666,1.9485799999999995,31.5344,30.76594,47.10953333333333,58.4526,11.744604205604595,11.869872485803421
2025,Kamber,42,0.0,28.9619,30.7051,1621170.0,50.0,0.0,5599.0,0.2,6502.0,1799.0,202.0,40.10683642060981,11.096923826619047,1.246013681476958,0.0,0.0143,28.4366,33.4988,42.5419,45.1583,0.0047666666666666,0.0028599999999992,30.2991,30.88052,39.46843333333334,48.27588,11.096923826619047,11.031997221513304
2025,Kamber,43,0.0,28.5896,32.398,1621170.0,50.0,0.0,5599.0,0.2,6085.0,1850.0,180.0,37.53462005835292,11.41151143926917,1.1103092211180814,0.0,0.0,28.9619,28.4366,30.7051,42.5419,0.0,0.0028599999999992,28.6627,30.43094,35.215,40.88634,11.41151143926917,11.601752643410219
2024,Karachi Central,37,0.0,0.0,0.0,3822325.0,621.2798240791644,0.6690489279824079,6292.451621770203,0.3392935678944475,152.0,1590.0,184.0,0.3976637256120293,4.159771866599518,0.481382404688246,0.0,0.0,0.0,0.0,0.0,0.0,0.0,0.0,0.0,0.0,0.0,0.0,4.159771866599518,4.560324349294277
2024,Karachi Central,38,0.0,0.0,0.0,3822325.0,621.2798240791644,0.6690489279824079,6292.451621770203,0.3392935678944475,115.0,1244.0,127.0,0.3008640029301537,3.2545636490879244,0.332258507583735,0.0,0.0,0.0,0.0,0.0,0.0,0.0,0.0,0.0,0.0,0.0,0.0,3.2545636490879244,3.1595293678801486
2024,Karachi Central,39,0.0,0.0,0.0,3822325.0,621.2798240791644,0.6690489279824079,6292.451621770203,0.3392935678944475,135.0,1497.0,169.0,0.3531881773527892,3.9164644555342623,0.4421392738712694,0.0,0.0,0.0,0.0,0.0,0.0,0.0,0.0,0.0,0.0,0.0,0.0,3.9164644555342623,4.048213988398405
2024,Karachi Central,40,0.0,0.0,0.0,3822325.0,621.2798240791644,0.6690489279824079,6292.451621770203,0.3392935678944475,160.0,1396.0,173.0,0.4185933953810835,3.6522273746999536,0.4526041087557966,0.0,0.0,0.0,0.0,0.0,0.0,0.0,0.0,0.0,0.0,0.0,0.0,3.6522273746999536,3.8152953688939175
2024,Karachi Central,41,0.0,0.0,0.0,3822325.0,621.2798240791644,0.6690489279824079,6292.451621770203,0.3392935678944475,161.0,1575.0,178.0,0.4212096041022153,4.120528735782541,0.4656851523614554,0.0,0.0,0.0,0.0,0.0,0.0,0.0,0.0,0.0,0.0,0.0,0.0,4.120528735782541,4.301987380022734
2024,Karachi Central,42,0.0,0.0,0.0,3822325.0,621.2798240791644,0.6690489279824079,6292.451621770203,0.3392935678944475,105.0,1404.0,175.0,0.274701915718836,3.673157044469008,0.4578365261980601,0.0,0.0,0.0,0.0,0.0,0.0,0.0,0.0,0.0,0.0,0.0,0.0,3.673157044469008,3.768261461060177
2024,Karachi Central,43,0.0,0.0,0.0,3822325.0,621.2798240791644,0.6690489279824079,6292.451621770203,0.3392935678944475,30.0,1036.0,139.0,0.0784862616339531,2.710392235092516,0.3636530122373163,0.0,0.0,0.0,0.0,0.0,0.0,0.0,0.0,0.0,0.0,0.0,0.0,2.710392235092516,2.576296779246513
2024,Karachi Central,44,0.0,0.0,0.0,3822325.0,621.2798240791644,0.6690489279824079,6292.451621770203,0.3392935678944475,38.0,758.0,137.0,0.0994159314030073,1.983086210617883,0.3584205947950527,0.0,0.0,0.0,0.0,0.0,0.0,0.0,0.0,0.0,0.0,0.0,0.0,1.983086210617883,1.9787860437124882
2024,Karachi East,37,0.0,0.0,0.0,3950031.0,621.2798240791644,0.6690489279824079,6292.451621770203,0.3392935678944475,111.0,529.0,1.0,0.2810104528293575,1.3392299959164875,0.0025316257011653,0.0,0.0,0.0,0.0,0.0,0.0,0.0,0.0,0.0,0.0,0.0,0.0,1.3392299959164875,1.367041111792033
2024,Karachi East,38,0.0,0.0,0.0,3950031.0,621.2798240791644,0.6690489279824079,6292.451621770203,0.3392935678944475,70.0,527.0,4.0,0.1772137990815768,1.334166744514157,0.0101265028046615,0.0,0.0,0.0,0.0,0.0,0.0,0.0,0.0,0.0,0.0,0.0,0.0,1.334166744514157,1.3609809930265788
2024,Karachi East,39,0.0,0.0,0.0,3950031.0,621.2798240791644,0.6690489279824079,6292.451621770203,0.3392935678944475,124.0,508.0,2.0,0.3139215869445075,1.2860658561920149,0.0050632514023307,0.0,0.0,0.0,0.0,0.0,0.0,0.0,0.0,0.0,0.0,0.0,0.0,1.2860658561920149,1.2602362334399437
2024,Karachi East,40,0.0,0.0,0.0,3950031.0,621.2798240791644,0.6690489279824079,6292.451621770203,0.3392935678944475,128.0,513.0,4.0,0.324048089749169,1.2987239846978416,0.0101265028046615,0.0,0.0,0.0,0.0,0.0,0.0,0.0,0.0,0.0,0.0,0.0,0.0,1.2987239846978416,1.2550701661923735
2024,Karachi East,41,0.0,0.0,0.0,3950031.0,621.2798240791644,0.6690489279824079,6292.451621770203,0.3392935678944475,140.0,423.0,5.0,0.3544275981631536,1.070877671592957,0.0126581285058269,0.0,0.0,0.0,0.0,0.0,0.0,0.0,0.0,0.0,0.0,0.0,0.0,1.070877671592957,1.0095100727395678
2024,Karachi East,42,0.0,0.0,0.0,3950031.0,621.2798240791644,0.6690489279824079,6292.451621770203,0.3392935678944475,112.0,377.0,1.0,0.2835420785305229,0.9544228893393496,0.0025316257011653,0.0,0.0,0.0,0.0,0.0,0.0,0.0,0.0,0.0,0.0,0.0,0.0,0.9544228893393496,0.9203707480908916
2024,Karachi East,43,0.0,0.0,0.0,3950031.0,621.2798240791644,0.6690489279824079,6292.451621770203,0.3392935678944475,71.0,379.0,3.0,0.1797454247827422,0.9594861407416804,0.0075948771034961,0.0,0.0,0.0,0.0,0.0,0.0,0.0,0.0,0.0,0.0,0.0,0.0,0.9594861407416804,0.9465693268696915
2024,Karachi East,44,0.0,0.0,0.0,3950031.0,621.2798240791644,0.6690489279824079,6292.451621770203,0.3392935678944475,47.0,344.0,3.0,0.118986407954773,0.8708792412008918,0.0075948771034961,0.0,0.0,0.0,0.0,0.0,0.0,0.0,0.0,0.0,0.0,0.0,0.0,0.8708792412008918,0.8352241824319258
2024,Karachi Keamari,37,0.0,0.0,0.0,2068451.0,621.2798240791644,0.6690489279824079,6292.451621770203,0.3392935678944475,22.0,473.0,17.0,0.1063597832387617,2.2867353396333776,0.0821871052299522,0.0,0.0,0.0,0.0,0.0,0.0,0.0,0.0,0.0,0.0,0.0,0.0,2.2867353396333776,2.2583765952938792
2024,Karachi Keamari,38,0.0,0.0,0.0,2068451.0,621.2798240791644,0.6690489279824079,6292.451621770203,0.3392935678944475,12.0,382.0,20.0,0.0580144272211427,1.846792599873045,0.0966907120352379,0.0,0.0,0.0,0.0,0.0,0.0,0.0,0.0,0.0,0.0,0.0,0.0,1.846792599873045,1.8918102154928658
2024,Karachi Keamari,39,0.0,0.0,0.0,2068451.0,621.2798240791644,0.6690489279824079,6292.451621770203,0.3392935678944475,6.0,407.0,22.0,0.0290072136105713,1.967655989917093,0.1063597832387617,0.0,0.0,0.0,0.0,0.0,0.0,0.0,0.0,0.0,0.0,0.0,0.0,1.967655989917093,2.036213255531619
2024,Karachi Keamari,40,0.0,0.0,0.0,2068451.0,621.2798240791644,0.6690489279824079,6292.451621770203,0.3392935678944475,5.0,382.0,15.0,0.0241726780088094,1.846792599873045,0.0725180340264284,0.0,0.0,0.0,0.0,0.0,0.0,0.0,0.0,0.0,0.0,0.0,0.0,1.846792599873045,1.918933539061701
2024,Karachi Keamari,41,0.0,0.0,0.0,2068451.0,621.2798240791644,0.6690489279824079,6292.451621770203,0.3392935678944475,24.0,407.0,10.0,0.1160288544422855,1.967655989917093,0.0483453560176189,0.0,0.0,0.0,0.0,0.0,0.0,0.0,0.0,0.0,0.0,0.0,0.0,1.967655989917093,2.0124227274983326
2024,Karachi Keamari,42,0.0,0.0,0.0,2068451.0,621.2798240791644,0.6690489279824079,6292.451621770203,0.3392935678944475,31.0,347.0,9.0,0.1498706036546188,1.6775838538113788,0.043510820415857,0.0,0.0,0.0,0.0,0.0,0.0,0.0,0.0,0.0,0.0,0.0,0.0,1.6775838538113788,1.494503614238175
2024,Karachi Keamari,43,0.0,0.0,0.0,2068451.0,621.2798240791644,0.6690489279824079,6292.451621770203,0.3392935678944475,7.0,352.0,3.0,0.0338417492123332,1.7017565318201882,0.0145036068052856,0.0,0.0,0.0,0.0,0.0,0.0,0.0,0.0,0.0,0.0,0.0,0.0,1.7017565318201882,1.557962024797555
2024,Karachi Keamari,44,0.0,0.0,0.0,2068451.0,621.2798240791644,0.6690489279824079,6292.451621770203,0.3392935678944475,5.0,446.0,11.0,0.0241726780088094,2.1562028783858067,0.0531798916193808,0.0,0.0,0.0,0.0,0.0,0.0,0.0,0.0,0.0,0.0,0.0,0.0,2.1562028783858067,2.2678099982747817
2024,Karachi Korangi,37,0.0,0.0,0.0,3128971.0,621.2798240791644,0.6690489279824079,6292.451621770203,0.3392935678944475,70.0,415.0,0.0,0.223715719960332,1.3263146254791114,0.0,0.0,0.0,0.0,0.0,0.0,0.0,0.0,0.0,0.0,0.0,0.0,0.0,1.3263146254791114,1.2554097110257496
2024,Karachi Korangi,38,0.0,0.0,0.0,3128971.0,621.2798240791644,0.6690489279824079,6292.451621770203,0.3392935678944475,66.0,364.0,1.0,0.2109319645340273,1.1633217437937264,0.0031959388565761,0.0,0.0,0.0,0.0,0.0,0.0,0.0,0.0,0.0,0.0,0.0,0.0,1.1633217437937264,1.1825528455495515
2024,Karachi Korangi,39,0.0,0.0,0.0,3128971.0,621.2798240791644,0.6690489279824079,6292.451621770203,0.3392935678944475,82.0,423.0,4.0,0.262066986239246,1.3518821363317206,0.0127837554263046,0.0,0.0,0.0,0.0,0.0,0.0,0.0,0.0,0.0,0.0,0.0,0.0,1.3518821363317206,1.331287665925938
2024,Karachi Korangi,40,0.0,0.0,0.0,3128971.0,621.2798240791644,0.6690489279824079,6292.451621770203,0.3392935678944475,59.0,384.0,2.0,0.1885603925379941,1.2272405209252495,0.0063918777131523,0.0,0.0,0.0,0.0,0.0,0.0,0.0,0.0,0.0,0.0,0.0,0.0,1.2272405209252495,1.2670960435665375
2024,Karachi Korangi,41,0.0,0.0,0.0,3128971.0,621.2798240791644,0.6690489279824079,6292.451621770203,0.3392935678944475,68.0,350.0,2.0,0.2173238422471796,1.11857859980166,0.0063918777131523,0.0,0.0,0.0,0.0,0.0,0.0,0.0,0.0,0.0,0.0,0.0,0.0,1.11857859980166,1.0962576641090784
2024,Karachi Korangi,42,0.0,0.0,0.0,3128971.0,621.2798240791644,0.6690489279824079,6292.451621770203,0.3392935678944475,49.0,335.0,1.0,0.1566010039722324,1.0706395169530174,0.0031959388565761,0.0,0.0,0.0,0.0,0.0,0.0,0.0,0.0,0.0,0.0,0.0,0.0,1.0706395169530174,1.0705442550649158
2024,Karachi Korangi,43,0.0,0.0,0.0,3128971.0,621.2798240791644,0.6690489279824079,6292.451621770203,0.3392935678944475,57.0,326.0,0.0,0.1821685148248417,1.041876067243832,0.0,0.0,0.0,0.0,0.0,0.0,0.0,0.0,0.0,0.0,0.0,0.0,0.0,1.041876067243832,1.0426575211611482
2024,Karachi Korangi,44,0.0,0.0,0.0,3128971.0,621.2798240791644,0.6690489279824079,6292.451621770203,0.3392935678944475,49.0,325.0,0.0,0.1566010039722324,1.0386801283872558,0.0,0.0,0.0,0.0,0.0,0.0,0.0,0.0,0.0,0.0,0.0,0.0,0.0,1.0386801283872558,1.0547235566670503
2024,Karachi Malir,37,0.0,0.0,0.0,2403959.0,621.2798240791644,0.6690489279824079,6292.451621770203,0.3392935678944475,591.0,2113.0,67.0,2.458444590777131,8.789667377854615,0.2787069163825173,0.0,0.0,0.0,0.0,0.0,0.0,0.0,0.0,0.0,0.0,0.0,0.0,8.789667377854615,8.85220625772822
2024,Karachi Malir,38,0.0,0.0,0.0,2403959.0,621.2798240791644,0.6690489279824079,6292.451621770203,0.3392935678944475,573.0,1914.0,51.0,2.383568105778842,7.961866238151316,0.2121500408284833,0.0,0.0,0.0,0.0,0.0,0.0,0.0,0.0,0.0,0.0,0.0,0.0,7.961866238151316,7.930909020294762
2024,Karachi Malir,39,0.0,0.0,0.0,2403959.0,621.2798240791644,0.6690489279824079,6292.451621770203,0.3392935678944475,779.0,1982.0,54.0,3.2404878785370297,8.24473295925596,0.2246294549948647,0.0,0.0,0.0,0.0,0.0,0.0,0.0,0.0,0.0,0.0,0.0,0.0,8.24473295925596,8.199746468037887
2024,Karachi Malir,40,0.0,0.0,0.0,2403959.0,621.2798240791644,0.6690489279824079,6292.451621770203,0.3392935678944475,714.0,1770.0,55.0,2.9701005715987665,7.36285435816501,0.2287892597169918,0.0,0.0,0.0,0.0,0.0,0.0,0.0,0.0,0.0,0.0,0.0,0.0,7.36285435816501,7.434586286844992
2024,Karachi Malir,41,0.0,0.0,0.0,2403959.0,621.2798240791644,0.6690489279824079,6292.451621770203,0.3392935678944475,566.0,1703.0,43.0,2.3544494727239527,7.084147441782493,0.1788716030514663,0.0,0.0,0.0,0.0,0.0,0.0,0.0,0.0,0.0,0.0,0.0,0.0,7.084147441782493,7.175686131810941
2024,Karachi Malir,42,0.0,0.0,0.0,2403959.0,621.2798240791644,0.6690489279824079,6292.451621770203,0.3392935678944475,682.0,1668.0,40.0,2.8369868204906985,6.938554276508044,0.166392188885085,0.0,0.0,0.0,0.0,0.0,0.0,0.0,0.0,0.0,0.0,0.0,0.0,6.938554276508044,6.924639596372231
2024,Karachi Malir,43,0.0,0.0,0.0,2403959.0,621.2798240791644,0.6690489279824079,6292.451621770203,0.3392935678944475,612.0,1478.0,40.0,2.5458004899418003,6.148191379303889,0.166392188885085,0.0,0.0,0.0,0.0,0.0,0.0,0.0,0.0,0.0,0.0,0.0,0.0,6.148191379303889,6.080153247355002
2024,Karachi Malir,44,0.0,0.0,0.0,2403959.0,621.2798240791644,0.6690489279824079,6292.451621770203,0.3392935678944475,597.0,1386.0,48.0,2.483403419109893,5.765489344868195,0.1996706266621019,0.0,0.0,0.0,0.0,0.0,0.0,0.0,0.0,0.0,0.0,0.0,0.0,5.765489344868195,5.458186841341691
2024,Karachi South,37,0.0,0.0,0.0,2329764.0,621.2798240791644,0.6690489279824079,6292.451621770203,0.3392935678944475,51.0,96.0,0.0,0.2189062926545349,0.4120589038203011,0.0,0.0,0.0,0.0,0.0,0.0,0.0,0.0,0.0,0.0,0.0,0.0,0.0,0.4120589038203011,0.38930689707252597
2024,Karachi South,38,0.0,0.0,0.0,2329764.0,621.2798240791644,0.6690489279824079,6292.451621770203,0.3392935678944475,33.0,79.0,0.0,0.1416452481882285,0.3390901396021227,0.0,0.0,0.0,0.0,0.0,0.0,0.0,0.0,0.0,0.0,0.0,0.0,0.0,0.3390901396021227,0.41375821496081766
2024,Karachi South,39,0.0,0.0,0.0,2329764.0,621.2798240791644,0.6690489279824079,6292.451621770203,0.3392935678944475,52.0,87.0,0.0,0.2231985729026631,0.3734283815871478,0.0,0.0,0.0,0.0,0.0,0.0,0.0,0.0,0.0,0.0,0.0,0.0,0.0,0.3734283815871478,0.4430337458173659
2024,Karachi South,40,0.0,0.0,0.0,2329764.0,621.2798240791644,0.6690489279824079,6292.451621770203,0.3392935678944475,52.0,73.0,0.0,0.2231985729026631,0.313336458113354,0.0,0.0,0.0,0.0,0.0,0.0,0.0,0.0,0.0,0.0,0.0,0.0,0.0,0.313336458113354,0.4048283177204599
2024,Karachi South,41,0.0,0.0,0.0,2329764.0,621.2798240791644,0.6690489279824079,6292.451621770203,0.3392935678944475,41.0,80.0,0.0,0.1759834901732536,0.3433824198502509,0.0,0.0,0.0,0.0,0.0,0.0,0.0,0.0,0.0,0.0,0.0,0.0,0.0,0.3433824198502509,0.42289740966021583
2024,Karachi South,42,0.0,0.0,0.0,2329764.0,621.2798240791644,0.6690489279824079,6292.451621770203,0.3392935678944475,52.0,64.0,0.0,0.2231985729026631,0.2747059358802007,0.0,0.0,0.0,0.0,0.0,0.0,0.0,0.0,0.0,0.0,0.0,0.0,0.0,0.2747059358802007,0.4170836944767293
2024,Karachi South,43,0.0,0.0,0.0,2329764.0,621.2798240791644,0.6690489279824079,6292.451621770203,0.3392935678944475,43.0,67.0,0.0,0.1845680506695098,0.2875827766245851,0.0,0.0,0.0,0.0,0.0,0.0,0.0,0.0,0.0,0.0,0.0,0.0,0.0,0.2875827766245851,0.42461825049064217
2024,Karachi South,44,0.0,0.0,0.0,2329764.0,621.2798240791644,0.6690489279824079,6292.451621770203,0.3392935678944475,48.0,77.0,0.0,0.2060294519101505,0.3305055791058665,0.0,0.0,0.0,0.0,0.0,0.0,0.0,0.0,0.0,0.0,0.0,0.0,0.0,0.3305055791058665,0.40089067604492357
2024,Karachi West,37,0.0,0.0,0.0,2679380.0,621.2798240791644,0.6690489279824079,6292.451621770203,0.3392935678944475,208.0,783.0,30.0,0.7762989945435138,2.922317849651785,0.1119662011360837,0.0,0.0,0.0,0.0,0.0,0.0,0.0,0.0,0.0,0.0,0.0,0.0,2.922317849651785,2.863600116440182
2024,Karachi West,38,0.0,0.0,0.0,2679380.0,621.2798240791644,0.6690489279824079,6292.451621770203,0.3392935678944475,184.0,788.0,29.0,0.6867260336346468,2.940978883174465,0.1082339944315475,0.0,0.0,0.0,0.0,0.0,0.0,0.0,0.0,0.0,0.0,0.0,0.0,2.940978883174465,2.893473198600777
2024,Karachi West,39,0.0,0.0,0.0,2679380.0,621.2798240791644,0.6690489279824079,6292.451621770203,0.3392935678944475,155.0,961.0,29.0,0.5784920392030992,3.5866506430592158,0.1082339944315475,0.0,0.0,0.0,0.0,0.0,0.0,0.0,0.0,0.0,0.0,0.0,0.0,3.5866506430592158,3.574222246110484
2024,Karachi West,40,0.0,0.0,0.0,2679380.0,621.2798240791644,0.6690489279824079,6292.451621770203,0.3392935678944475,212.0,944.0,30.0,0.7912278213616583,3.523203129082101,0.1119662011360837,0.0,0.0,0.0,0.0,0.0,0.0,0.0,0.0,0.0,0.0,0.0,0.0,3.523203129082101,3.4425911653937087
2024,Karachi West,41,0.0,0.0,0.0,2679380.0,621.2798240791644,0.6690489279824079,6292.451621770203,0.3392935678944475,204.0,921.0,30.0,0.7613701677253693,3.4373623748777704,0.1119662011360837,0.0,0.0,0.0,0.0,0.0,0.0,0.0,0.0,0.0,0.0,0.0,0.0,3.4373623748777704,3.3577225664281505
2024,Karachi West,42,0.0,0.0,0.0,2679380.0,621.2798240791644,0.6690489279824079,6292.451621770203,0.3392935678944475,240.0,916.0,33.0,0.8957296090886697,3.418701341355089,0.1231628212496921,0.0,0.0,0.0,0.0,0.0,0.0,0.0,0.0,0.0,0.0,0.0,0.0,3.418701341355089,3.3223912710883594
2024,Karachi West,43,0.0,0.0,0.0,2679380.0,621.2798240791644,0.6690489279824079,6292.451621770203,0.3392935678944475,261.0,894.0,32.0,0.9741059498839284,3.3365927938552957,0.1194306145451559,0.0,0.0,0.0,0.0,0.0,0.0,0.0,0.0,0.0,0.0,0.0,0.0,3.3365927938552957,3.3293014038368254
2024,Karachi West,44,0.0,0.0,0.0,2679380.0,621.2798240791644,0.6690489279824079,6292.451621770203,0.3392935678944475,226.0,881.0,30.0,0.8434787152251639,3.288074106696325,0.1119662011360837,0.0,0.0,0.0,0.0,0.0,0.0,0.0,0.0,0.0,0.0,0.0,0.0,3.288074106696325,3.258820705984025
2024,Karak,37,3.1692,26.982,76.4636,815878.0,500.0,0.0,3372.0,0.2,302.0,372.0,13.0,3.701533807750669,4.559505220143207,0.1593375480157572,5.4143,2.2778,26.7828,26.9459,79.364,76.6291,3.620433333333333,4.566540000000001,26.903566666666663,27.178680000000004,77.48556666666666,78.9534,4.559505220143207,4.7139011716182395
2024,Karak,38,0.0143,29.6328,50.3108,815878.0,500.0,0.0,3372.0,0.2,364.0,353.0,5.0,4.461451344441203,4.326627265350948,0.0612836723137527,3.1692,5.4143,26.982,26.7828,76.4636,79.364,2.865933333333334,3.4522600000000003,27.799200000000003,27.52286,68.7128,72.67803999999998,4.326627265350948,4.3416836158614105
2024,Karak,39,2.4714,29.2691,60.1774,815878.0,500.0,0.0,3372.0,0.2,351.0,393.0,7.0,4.302113796425446,4.81689664386097,0.0857971412392539,0.0143,3.1692,29.6328,26.982,50.3108,76.4636,1.8849666666666665,2.6694000000000004,28.62796666666667,27.92252,62.31726666666666,68.58898,4.81689664386097,4.89143021649833
2024,Karak,40,0.7,28.1434,51.0531,815878.0,500.0,0.0,3372.0,0.2,306.0,340.0,13.0,3.750560745601671,4.16728971733519,0.1593375480157572,2.4714,0.0143,29.2691,29.6328,60.1774,50.3108,1.0618999999999998,2.353840000000001,29.015100000000004,28.16202,53.847100000000005,63.47378,4.16728971733519,3.9998302846005203
2024,Karak,41,0.4571,25.9732,41.6524,815878.0,500.0,0.0,3372.0,0.2,339.0,430.0,7.0,4.155032982872439,5.27039581898274,0.0857971412392539,0.7,2.4714,28.1434,29.2691,51.0531,60.1774,1.2095,1.3624000000000005,27.79523333333333,28.0001,50.96096666666667,55.93146,5.27039581898274,5.323800289005138
2024,Karak,42,0.0,26.6801,37.6803,815878.0,500.0,0.0,3372.0,0.2,272.0,273.0,5.0,3.333831773868152,3.3460885083309027,0.0612836723137527,0.4571,0.7,25.9732,28.1434,41.6524,51.0531,0.3857,0.7285600000000003,26.93223333333334,27.93972,43.46193333333333,48.1748,3.3460885083309027,3.2937901373158116
2024,Karak,43,0.2571,25.6057,47.8727,815878.0,500.0,0.0,3372.0,0.2,270.0,250.0,7.0,3.309318304942651,3.0641836156876394,0.0857971412392539,0.0,0.4571,26.6801,25.9732,37.6803,41.6524,0.2380666666666666,0.7771200000000004,26.08633333333334,27.134300000000003,42.4018,47.68718,3.0641836156876394,3.0582811559926046
2024,Karak,44,0.0143,22.783,61.7846,815878.0,500.0,0.0,3372.0,0.2,288.0,272.0,4.0,3.5299395252721606,3.333831773868152,0.0490269378510022,0.2571,0.0,25.6057,26.6801,47.8727,37.6803,0.0904666666666666,0.2857000000000003,25.022933333333334,25.83708,49.11253333333334,48.00861999999999,3.333831773868152,3.2492817163552443
2025,Karak,37,0.2,29.8336,60.0725,853502.0,500.0,0.0,3372.0,0.2,48.0,838.0,7.0,0.5623888403307784,9.818371837441504,0.0820150392149051,2.7571,10.1286,27.5958,28.2572,67.3323,71.9657,4.3619,3.5800000000000005,28.562200000000004,29.61804,66.45683333333334,64.21258,9.818371837441504,9.655156228389497
2025,Karak,38,0.8857,29.9357,53.6195,853502.0,500.0,0.0,3372.0,0.2,296.0,716.0,9.0,3.468064515373133,8.388966868267444,0.1054479075620209,0.2,2.7571,29.8336,27.5958,60.0725,67.3323,1.2809333333333333,3.1485600000000007,29.121700000000004,29.465480000000003,60.341433333333335,62.42388,8.388966868267444,8.190207042105644
2025,Karak,39,0.3571,29.7964,46.8238,853502.0,500.0,0.0,3372.0,0.2,373.0,679.0,7.0,4.370229946737091,7.955458803845802,0.0820150392149051,0.8857,0.2,29.9357,29.8336,53.6195,60.0725,0.4809333333333334,2.8657000000000004,29.85523333333333,29.08374,53.50526666666667,59.96276,7.955458803845802,7.391232212210725
2025,Karak,40,1.4,27.0301,52.7518,853502.0,500.0,0.0,3372.0,0.2,273.0,639.0,2.0,3.1985865293813016,7.486801436903487,0.0234328683471157,0.3571,0.8857,29.7964,29.9357,46.8238,53.6195,0.8809333333333335,1.1199800000000004,28.92073333333333,28.83832,51.06503333333334,56.11998,7.486801436903487,7.009630314193963
2025,Karak,41,0.4714,21.7622,52.852,853502.0,500.0,0.0,3372.0,0.2,253.0,517.0,4.0,2.9642578459101445,6.057396467729425,0.0468657366942315,1.4,0.3571,27.0301,29.7964,52.7518,46.8238,0.7428333333333333,0.6628400000000003,26.19623333333334,27.6716,50.8092,53.22392,6.057396467729425,5.989437611106072
2025,Karak,42,0.0,24.7857,47.4986,853502.0,500.0,0.0,3372.0,0.2,339.0,466.0,2.0,3.971871184836122,5.459858324877974,0.0234328683471157,0.4714,1.4,21.7622,27.0301,52.852,52.7518,0.6238,0.6228400000000003,24.526,26.66202,51.03413333333334,50.709140000000005,5.459858324877974,5.349843482347749
2025,Karak,43,0.0,23.983,39.843,853502.0,500.0,0.0,3372.0,0.2,297.0,616.0,0.0,3.479780949546691,7.217323450911656,0.0,0.0,0.4714,24.7857,21.7622,47.4986,52.852,0.1571333333333333,0.4457000000000003,23.5103,25.47148,46.7312,47.95384,7.217323450911656,6.877067934996932
2024,Kashmore,37,1.8154,32.2481,61.1653,1233957.0,60.0,2.0,2592.0,0.35,1991.0,707.0,6.0,16.13508412367692,5.729535145876233,0.0486240606439284,3.3714,1.9222,31.545,30.2335,68.8454,73.0058,2.369666666666667,5.48466,31.3422,31.2376,67.67216666666667,70.24015999999999,5.729535145876233,5.597649465450758
2024,Kashmore,38,0.0,32.8298,54.6388,1233957.0,60.0,2.0,2592.0,0.35,2251.0,770.0,9.0,18.24212675158048,6.240087782637483,0.0729360909658926,1.8154,3.3714,32.2481,31.545,61.1653,68.8454,1.7289333333333332,1.9389399999999992,32.207633333333334,31.46778,61.54983333333333,67.02036,6.240087782637483,6.189281113784083
2024,Kashmore,39,0.0143,33.5167,54.8466,1233957.0,60.0,2.0,2592.0,0.35,2273.0,706.0,10.0,18.420414973941558,5.7214311357689125,0.081040101073214,0.0,1.8154,32.8298,32.2481,54.6388,61.1653,0.6099,1.4246599999999991,32.864866666666664,32.07462,56.88356666666667,62.50038000000001,5.7214311357689125,5.66497740040176
2024,Kashmore,40,0.075,31.575,57.4973,1233957.0,60.0,2.0,2592.0,0.35,2116.0,654.0,2.0,17.148085387092095,5.3000226101882,0.0162080202146428,0.0143,0.0,33.5167,32.8298,54.8466,54.6388,0.0297666666666666,1.0552199999999992,32.6405,32.34292000000001,55.660900000000005,59.39868,5.3000226101882,5.383450178075141
2024,Kashmore,41,0.1286,28.8673,54.2408,1233957.0,60.0,2.0,2592.0,0.35,2543.0,610.0,9.0,20.60849770291833,4.9434461654660575,0.0729360909658926,0.075,0.0143,31.575,33.5167,57.4973,54.8466,0.0726333333333333,0.4066599999999992,31.319666666666667,31.80738,55.52823333333333,56.47776,4.9434461654660575,5.024622082247635
2024,Kashmore,42,0.0,28.3623,53.2162,1233957.0,60.0,2.0,2592.0,0.35,2136.0,568.0,13.0,17.310165589238522,4.603077740958558,0.1053521313951782,0.1286,0.075,28.8673,31.575,54.2408,57.4973,0.0678666666666666,0.0435799999999992,29.60153333333333,31.03022,54.98476666666667,54.88794,4.603077740958558,4.504297885210777
2024,Kashmore,43,0.0,28.8102,48.5131,1233957.0,60.0,2.0,2592.0,0.35,1892.0,514.0,2.0,15.3327871230521,4.165461195163203,0.0162080202146428,0.0,0.1286,28.3623,28.8673,53.2162,54.2408,0.0428666666666666,0.0435799999999992,28.67993333333333,30.2263,51.990033333333336,53.6628,4.165461195163203,4.043560725014835
2024,Kashmore,44,0.0,27.4756,54.3432,1233957.0,60.0,2.0,2592.0,0.35,2061.0,381.0,4.0,16.702364831189417,3.0876278508894552,0.0324160404292856,0.0,0.0,28.8102,28.3623,48.5131,53.2162,0.0,0.0407199999999992,28.21603333333333,29.018080000000005,52.024166666666666,53.56212000000001,3.0876278508894552,3.119905197946909
2025,Kashmore,37,2.8857,28.8795,76.4926,1316520.0,60.0,2.0,2592.0,0.35,1957.0,339.0,122.0,14.864946981435908,2.5749703764469967,0.9266855042080636,0.2429,1.7,31.5349,32.3131,67.4025,68.3192,1.6095333333333333,1.034299999999999,30.909166666666664,31.755060000000004,70.73809999999999,65.50082,2.5749703764469967,2.4309862268641655
2025,Kashmore,38,0.0,30.7822,65.5775,1316520.0,60.0,2.0,2592.0,0.35,2125.0,373.0,121.0,16.14103849542734,2.833226992373834,0.919089721386686,2.8857,0.2429,28.8795,31.5349,76.4926,67.4025,1.0428666666666666,1.034299999999999,30.398866666666663,31.31672,69.8242,67.37318,2.833226992373834,3.002623438097163
2025,Kashmore,39,0.0,30.7027,60.0777,1316520.0,60.0,2.0,2592.0,0.35,1976.0,362.0,27.0,15.009266855042082,2.7496733813386807,0.2050861361771944,0.0,2.8857,30.7822,28.8795,65.5775,76.4926,0.9619,0.9657199999999992,30.121466666666663,30.84248,67.38260000000001,67.57390000000001,2.7496733813386807,2.8807545783020947
2025,Kashmore,40,0.0,31.3096,55.3044,1316520.0,60.0,2.0,2592.0,0.35,2194.0,335.0,3.0,16.66514751010239,2.544587245161486,0.0227873484641327,0.0,0.0,30.7027,30.7822,60.0777,65.5775,0.0,0.6257199999999992,30.9315,30.64178,60.31986666666668,64.97094,2.544587245161486,2.3792630709183618
2025,Kashmore,41,0.0571,26.2822,55.9836,1316520.0,60.0,2.0,2592.0,0.35,2189.0,306.0,80.0,16.627168595995503,2.324309543341537,0.6076626257102057,0.0,0.0,31.3096,30.7027,55.3044,60.0777,0.0190333333333333,0.5885599999999992,29.4315,29.59124,57.1219,62.68715999999999,2.324309543341537,2.2330555569666304
2025,Kashmore,42,0.0,26.5768,51.0454,1316520.0,60.0,2.0,2592.0,0.35,2122.0,240.0,95.0,16.118251146963207,1.822987877130617,0.7215993680308692,0.0571,0.0,26.2822,31.3096,55.9836,55.3044,0.0190333333333333,0.0114199999999992,28.0562,29.1307,54.11113333333335,57.59772,1.822987877130617,1.8827845866019146
2025,Kashmore,43,0.0,26.3971,50.3348,1316520.0,60.0,2.0,2592.0,0.35,2083.0,230.0,63.0,15.82201561692948,1.747030048916841,0.478534317746787,0.0,0.0571,26.5768,26.2822,51.0454,55.9836,0.0190333333333333,0.0114199999999992,26.4187,28.25368,52.454600000000006,54.54918,1.747030048916841,1.7641235207962094
2025,Keamari,37,14.2429,26.9409,85.6832,2215961.0,2.0,0.0,559.0,0.2,16.0,608.0,0.0,0.072203436793337,2.7437305981468083,0.0,0.1857,14.5429,28.3832,28.6513,77.1336,85.8159,9.657166666666669,6.2828800000000005,27.9918,28.16764,82.87756666666667,81.27992,2.7437305981468083,3.0940019796215132
2025,Keamari,38,0.4714,27.5177,82.1035,2215961.0,2.0,0.0,559.0,0.2,17.0,675.0,1.0,0.0767161515929206,3.0460824897189074,0.0045127147995835,14.2429,0.1857,26.9409,28.3832,85.6832,77.1336,4.966666666666667,6.03144,27.613933333333332,28.04514,81.6401,81.8858,3.0460824897189074,2.965271126807303
2025,Keamari,39,0.5,27.9835,78.6696,2215961.0,2.0,0.0,559.0,0.2,16.0,714.0,2.0,0.072203436793337,3.2220783669026667,0.0090254295991671,0.4714,14.2429,27.5177,26.9409,82.1035,85.6832,5.071433333333334,5.988580000000001,27.4807,27.89532,82.1521,81.88116,3.2220783669026667,3.4043779954790274
2025,Keamari,40,2.3857,29.7683,71.2507,2215961.0,2.0,0.0,559.0,0.2,11.0,638.0,0.0,0.0496398627954192,2.879112042134316,0.0,0.5,0.4714,27.9835,27.5177,78.6696,82.1035,1.119033333333333,3.5571400000000004,28.423166666666663,28.11872,77.34126666666667,78.96812,2.879112042134316,3.053574875136313
2025,Keamari,41,0.1429,27.9138,64.5391,2215961.0,2.0,0.0,559.0,0.2,17.0,669.0,0.0,0.0767161515929206,3.0190062009214063,0.0,2.3857,0.5,29.7683,27.9835,71.2507,78.6696,1.0095333333333334,3.54858,28.5552,28.02484,71.48646666666667,76.44922,3.0190062009214063,3.098045937007366
2025,Keamari,42,0.0,28.3778,52.2199,2215961.0,2.0,0.0,559.0,0.2,13.0,618.0,0.0,0.0586652923945863,2.7888577461426443,0.0,0.1429,2.3857,27.9138,29.7683,64.5391,71.2507,0.8428666666666667,0.7,28.686633333333333,28.312220000000003,62.669900000000005,69.75656000000001,2.7888577461426443,2.985789243353965
2025,Keamari,43,0.0,29.7796,36.4843,2215961.0,2.0,0.0,559.0,0.2,9.0,616.0,0.0,0.0406144331962521,2.779832316543477,0.0,0.0,0.1429,28.3778,27.9138,52.2199,64.5391,0.0476333333333333,0.60572,28.6904,28.7646,51.0811,60.63271999999999,2.779832316543477,2.913921969712862
2024,Kech (Turbat),39,0.0,0.0,0.0,1060931.0,621.2798240791644,0.6690489279824079,6292.451621770203,0.3392935678944475,75.0,118.0,0.0,0.7069262751300509,1.11223067287128,0.0,0.0,0.0,0.0,0.0,0.0,0.0,0.0,0.0,0.0,0.0,0.0,0.0,1.11223067287128,1.183764130685586
2024,Kech (Turbat),41,0.0,0.0,0.0,1060931.0,621.2798240791644,0.6690489279824079,6292.451621770203,0.3392935678944475,1329.0,1027.0,0.0,12.5267335953045,9.680177127447497,0.0,0.0,0.0,0.0,0.0,0.0,0.0,0.0,0.0,0.0,0.0,0.0,0.0,9.680177127447497,9.497055972835888
2024,Kech (Turbat),44,0.0,0.0,0.0,1060931.0,621.2798240791644,0.6690489279824079,6292.451621770203,0.3392935678944475,266.0,583.0,0.0,2.5072318557945805,5.495173578677595,0.0,0.0,0.0,0.0,0.0,0.0,0.0,0.0,0.0,0.0,0.0,0.0,0.0,5.495173578677595,5.449500726113798
2025,Kech (Turbat),37,0.0,0.0,0.0,1098914.0,621.2798240791644,0.6690489279824079,6292.451621770203,0.3392935678944475,843.0,585.0,1.0,7.671209939995304,5.323437502843716,0.0090998931672542,0.0,0.0,0.0,0.0,0.0,0.0,0.0,0.0,0.0,0.0,0.0,0.0,5.323437502843716,5.497260223505681
2025,Kech (Turbat),38,0.0,0.0,0.0,1098914.0,621.2798240791644,0.6690489279824079,6292.451621770203,0.3392935678944475,797.0,574.0,0.0,7.252614854301611,5.223338678003921,0.0,0.0,0.0,0.0,0.0,0.0,0.0,0.0,0.0,0.0,0.0,0.0,0.0,5.223338678003921,5.15901640466062
2025,Kech (Turbat),39,0.0,0.0,0.0,1098914.0,621.2798240791644,0.6690489279824079,6292.451621770203,0.3392935678944475,573.0,601.0,1.0,5.214238784836666,5.469035793519785,0.0090998931672542,0.0,0.0,0.0,0.0,0.0,0.0,0.0,0.0,0.0,0.0,0.0,0.0,5.469035793519785,5.4135140655237635
2025,Kech (Turbat),42,0.0,0.0,0.0,1098914.0,621.2798240791644,0.6690489279824079,6292.451621770203,0.3392935678944475,700.0,584.0,0.0,6.369925217077952,5.314337609676462,0.0,0.0,0.0,0.0,0.0,0.0,0.0,0.0,0.0,0.0,0.0,0.0,0.0,5.314337609676462,5.5409835272153005
2025,Kech (Turbat),43,0.0,0.0,0.0,1098914.0,621.2798240791644,0.6690489279824079,6292.451621770203,0.3392935678944475,277.0,199.0,0.0,2.5206704073294177,1.810878740283589,0.0,0.0,0.0,0.0,0.0,0.0,0.0,0.0,0.0,0.0,0.0,0.0,0.0,1.810878740283589,1.813434844562856
2024,Khairpur,38,0.0286,32.2129,55.9453,2597535.0,53.0,2.0,15910.0,0.5,10333.0,3717.0,252.0,39.78002221336767,14.309720561994352,0.9701505465758884,0.6846,1.2714,31.2409,30.742,66.1485,71.8915,0.6615333333333334,2.05884,31.3986,30.86904,64.66176666666667,69.84747999999999,14.309720561994352,13.758037307320553
2024,Khairpur,39,0.1,33.8864,50.925,2597535.0,53.0,2.0,15910.0,0.5,10681.0,3537.0,242.0,41.1197539205439,13.616755885868718,0.9316525090133532,0.0286,0.6846,32.2129,31.2409,55.9453,66.1485,0.2710666666666667,1.41026,32.446733333333334,31.61052,57.67293333333333,64.03046,13.616755885868718,13.239722093776177
2024,Khairpur,40,0.0,32.2735,53.4443,2597535.0,53.0,2.0,15910.0,0.5,7142.0,2838.0,189.0,27.49529842716268,10.925743060247504,0.7276129099319162,0.1,0.0286,33.8864,32.2129,50.925,55.9453,0.0428666666666666,0.41692,32.790933333333335,32.07114,53.4382,59.67092,10.925743060247504,10.883449869550788
2024,Khairpur,41,0.0,29.4641,49.2018,2597535.0,53.0,2.0,15910.0,0.5,7858.0,3044.0,211.0,30.2517579166402,11.718802634035727,0.8123085925694937,0.0,0.1,32.2735,33.8864,53.4443,50.925,0.0333333333333333,0.16264,31.874666666666663,31.81556,51.19036666666667,55.13298,11.718802634035727,11.614527845673921
2024,Khairpur,42,0.0,29.5947,45.1958,2597535.0,53.0,2.0,15910.0,0.5,7235.0,2798.0,206.0,27.853330176494254,10.771750909997362,0.7930595737882261,0.0,0.0,29.4641,32.2735,49.2018,53.4443,0.0,0.02572,30.4441,31.48632,49.28063333333333,50.94244,10.771750909997362,10.720627417236308
2024,Khairpur,43,0.0,30.1998,36.5906,2597535.0,53.0,2.0,15910.0,0.5,6336.0,2623.0,175.0,24.39235659962233,10.098035252652997,0.6737156573443669,0.0,0.0,29.5947,29.4641,45.1958,49.2018,0.0,0.02,29.752866666666662,31.0837,43.662733333333335,47.0715,10.098035252652997,9.962639001555758
2024,Khairpur,44,0.0,28.823,44.242,2597535.0,53.0,2.0,15910.0,0.5,5346.0,2180.0,168.0,20.581050880931347,8.392572188632684,0.6467670310505922,0.0,0.0,30.1998,29.5947,36.5906,45.1958,0.0,0.0,29.539166666666663,30.07102,42.00946666666667,45.7349,8.392572188632684,8.517317166238659
2025,Khairpur,37,8.7714,28.5352,77.9599,2908676.0,53.0,2.0,15910.0,0.5,5594.0,3008.0,195.0,19.232117980827013,10.341474952865152,0.670408116957681,0.2,2.3857,34.0337,33.451,52.7299,61.4459,3.7857,2.3257,32.00663333333333,33.0005,64.04523333333333,58.44926,10.341474952865152,11.007050285580396
2025,Khairpur,38,0.0,30.5587,67.2348,2908676.0,53.0,2.0,15910.0,0.5,6374.0,3202.0,213.0,21.91375044865774,11.00844507947946,0.7322919431383901,8.7714,0.2,28.5352,34.0337,77.9599,52.7299,2.9904666666666664,2.3257,31.04253333333334,32.25836,65.97486666666667,61.83326000000001,11.00844507947946,11.658664146568047
2025,Khairpur,39,0.0,31.8298,53.3914,2908676.0,53.0,2.0,15910.0,0.5,7173.0,3035.0,335.0,24.660704733012544,10.434300692136215,1.1517267650298624,0.0,8.7714,30.5587,28.5352,67.2348,77.9599,2.9238,2.27142,30.307900000000004,31.68168,66.19536666666667,62.55238000000001,10.434300692136215,11.113884351732683
2025,Khairpur,40,0.3571,32.8983,50.1066,2908676.0,53.0,2.0,15910.0,0.5,6690.0,2790.0,135.0,23.00015539716352,9.5919930580099,0.4641286963553176,0.0,0.0,31.8298,30.5587,53.3914,67.2348,0.1190333333333333,1.8657,31.762266666666665,31.571140000000003,56.91093333333333,60.28452,9.5919930580099,10.333963629988476
2025,Khairpur,41,0.0,28.2138,42.9493,2908676.0,53.0,2.0,15910.0,0.5,9737.0,3314.0,295.0,33.47571197342021,11.393499997937203,1.0142071512949535,0.3571,0.0,32.8983,31.8298,50.1066,53.3914,0.1190333333333333,1.8257,30.980633333333333,30.40716,48.81576666666666,58.32840000000001,11.393499997937203,11.608061196703297
2025,Khairpur,42,0.0,28.5703,32.3531,2908676.0,53.0,2.0,15910.0,0.5,9142.0,3266.0,236.0,31.43010771911344,11.228476461455315,0.8113657210359627,0.0,0.3571,28.2138,32.8983,42.9493,50.1066,0.1190333333333333,0.07142,29.894133333333333,30.41418,41.803,49.207040000000006,11.228476461455315,11.557487722024295
2025,Khairpur,43,0.0,28.4712,33.5037,2908676.0,53.0,2.0,15910.0,0.5,8402.0,3018.0,229.0,28.885994865017626,10.37585485629888,0.7872997886323536,0.0,0.0,28.5703,28.2138,32.3531,42.9493,0.0,0.07142,28.418433333333336,29.99668,36.2687,42.46082,10.37585485629888,10.808972797479742
2024,Kharan,37,0.0,30.3891,15.474,260352.0,700.0,0.0,14958.0,0.2,73.0,154.0,20.0,2.8038962635201576,5.915068829891839,0.7681907571288101,0.0,0.6667,32.4187,32.4314,20.2318,29.1121,0.2222333333333333,0.2190599999999999,31.7464,32.39144,21.60596666666667,28.0956,5.915068829891839,5.824294149266452
2024,Kharan,38,0.0,32.2354,15.8199,260352.0,700.0,0.0,14958.0,0.2,106.0,107.0,5.0,4.071411012782694,4.109820550639134,0.1920476892822025,0.0,0.0,30.3891,32.4187,15.474,20.2318,0.0,0.17048,31.681066666666663,31.85068,17.175233333333335,23.14654,4.109820550639134,4.146170888203363
2024,Kharan,39,0.0,31.5285,17.7172,260352.0,700.0,0.0,14958.0,0.2,210.0,152.0,0.0,8.066002949852507,5.838249754178958,0.0,0.0,0.0,32.2354,30.3891,15.8199,15.474,0.0,0.13334,31.38433333333333,31.80062,16.337033333333334,19.671,5.838249754178958,5.631904253417606
2024,Kharan,40,0.0,30.0593,23.1261,260352.0,700.0,0.0,14958.0,0.2,382.0,178.0,3.0,14.672443461160274,6.83689773844641,0.1152286135693215,0.0,0.0,31.5285,32.2354,17.7172,15.8199,0.0,0.0,31.2744,31.3262,18.887733333333333,18.4738,6.83689773844641,6.603999802171699
2024,Kharan,41,0.0,27.0291,21.8984,260352.0,700.0,0.0,14958.0,0.2,401.0,82.0,4.0,15.402224680432644,3.1495821042281222,0.153638151425762,0.0,0.0,30.0593,31.5285,23.1261,17.7172,0.0,0.0,29.538966666666667,30.24828,20.9139,18.80712,3.1495821042281222,3.1077096596239544
2024,Kharan,42,0.0,26.8166,18.4406,260352.0,700.0,0.0,14958.0,0.2,457.0,103.0,3.0,17.553158800393316,3.9561823992133727,0.1152286135693215,0.0,0.0,27.0291,30.0593,21.8984,23.1261,0.0,0.0,27.968333333333334,29.53378,21.15503333333333,19.40044,3.9561823992133727,4.00977351311044
2024,Kharan,44,0.0,23.9541,26.1224,260352.0,700.0,0.0,14958.0,0.2,96.0,414.0,0.0,3.687315634218289,15.901548672566372,0.0,0.0,0.0,26.5318,26.8166,24.7973,18.4406,0.0,0.0,25.7675,26.87818,23.1201,22.87696,15.901548672566372,15.313769011164542
2025,Kharan,37,0.0,32.9684,37.5639,188592.0,700.0,0.0,14958.0,0.2,46.0,226.0,5.0,2.439127852719097,11.983541189446,0.2651225926868584,0.0,0.0286,32.6401,34.8056,16.7232,33.1203,0.0095333333333333,0.00572,33.47136666666666,34.15722,29.1358,27.253300000000003,11.983541189446,12.05133328865551
2025,Kharan,38,0.0,31.8943,17.1644,188592.0,700.0,0.0,14958.0,0.2,55.0,223.0,0.0,2.9163485195554424,11.824467633833883,0.0,0.0,0.0,32.9684,32.6401,37.5639,16.7232,0.0,0.00572,32.50093333333333,33.54102,23.817166666666665,25.905359999999995,11.824467633833883,11.895113318754774
2025,Kharan,39,0.0,31.8964,14.415,188592.0,700.0,0.0,14958.0,0.2,44.0,214.0,0.0,2.333078815644354,11.34724696699754,0.0,0.0,0.0,31.8943,32.9684,17.1644,37.5639,0.0,0.00572,32.253033333333335,32.84096,23.047766666666664,23.79736,11.34724696699754,11.388521809629967
2025,Kharan,40,0.0,29.0738,12.1348,188592.0,700.0,0.0,14958.0,0.2,39.0,193.0,0.0,2.067956222957496,10.233732077712734,0.0,0.0,0.0,31.8964,31.8943,14.415,17.1644,0.0,0.0,30.95483333333333,31.6946,14.5714,19.60026,10.233732077712734,10.406350483246932
2025,Kharan,41,0.0,23.45,17.098,188592.0,700.0,0.0,14958.0,0.2,41.0,179.0,0.0,2.174005260032239,9.491388818189533,0.0,0.0,0.0,29.0738,31.8964,12.1348,14.415,0.0,0.0,28.140066666666662,29.85658,14.549266666666666,19.67522,9.491388818189533,9.369203800497711
2025,Kharan,42,0.0,25.1684,16.6599,188592.0,700.0,0.0,14958.0,0.2,60.0,196.0,0.0,3.181471112242301,10.39280563332485,0.0,0.0,0.0,23.45,29.0738,17.098,12.1348,0.0,0.0,25.8974,28.29658,15.297566666666668,15.49442,10.39280563332485,10.365135919629651
2025,Kharan,43,0.0,24.339,15.7096,188592.0,700.0,0.0,14958.0,0.2,53.0,196.0,0.0,2.8102994824806995,10.39280563332485,0.0,0.0,0.0,25.1684,23.45,16.6599,17.098,0.0,0.0,24.31913333333333,26.78552,16.489166666666666,15.203459999999998,10.39280563332485,10.334645327894695
2024,Khuzdar,37,0.0231,26.407,41.4333,997214.0,1237.0,0.0,35380.0,0.2,266.0,313.0,39.0,2.6674314640588683,3.138744542294833,0.3910895755575032,0.0429,1.7333,25.5824,24.0526,64.5482,75.4804,0.5997666666666667,5.28558,25.34733333333333,25.33622,60.4873,68.0537,3.138744542294833,3.2116344347800387
2024,Khuzdar,38,0.0,27.71,41.7643,997214.0,1237.0,0.0,35380.0,0.2,318.0,350.0,16.0,3.1888842314688723,3.5097782421827213,0.1604470053569244,0.0231,0.0429,26.407,25.5824,41.4333,64.5482,0.022,2.67986,26.566466666666667,25.70014,49.2486,60.40122,3.5097782421827213,3.4407179908678014
2024,Khuzdar,39,0.0,28.5413,40.8259,997214.0,1237.0,0.0,35380.0,0.2,243.0,212.0,0.0,2.436788893858289,2.125922820979248,0.0,0.0,0.0231,27.71,26.407,41.7643,41.4333,0.0076999999999999,0.35986,27.552766666666667,26.45866,41.341166666666666,52.81042,2.125922820979248,2.196490887151673
2024,Khuzdar,40,0.8625,26.2743,35.3151,997214.0,1237.0,0.0,35380.0,0.2,461.0,347.0,11.0,4.622879341846384,3.4796944286782976,0.1103073161828855,0.0,0.0,28.5413,27.71,40.8259,41.7643,0.2875,0.1857,27.50853333333333,26.903,39.301766666666666,44.77736,3.4796944286782976,3.438028947100909
2024,Khuzdar,41,1.0,22.3821,44.7209,997214.0,1237.0,0.0,35380.0,0.2,690.0,257.0,5.0,6.919277106017365,2.5771800235455977,0.0501396891740388,0.8625,0.0,26.2743,28.5413,35.3151,40.8259,0.6208333333333333,0.37712,25.732566666666667,26.26294,40.2873,40.8119,2.5771800235455977,2.705720300079836
2024,Khuzdar,42,0.0143,23.7725,22.405,997214.0,1237.0,0.0,35380.0,0.2,449.0,268.0,11.0,4.50254408782869,2.6874873397284835,0.1103073161828855,1.0,0.8625,22.3821,26.2743,44.7209,35.3151,0.6256,0.37536,24.142966666666663,25.736040000000003,34.147,37.006240000000005,2.6874873397284835,2.521863159110956
2024,Khuzdar,43,0.0,23.9127,32.5101,997214.0,1237.0,0.0,35380.0,0.2,83.0,430.0,0.0,0.8323188402890452,4.312013268967343,0.0,0.0143,1.0,23.7725,22.3821,22.405,44.7209,0.3381,0.37536,23.355766666666668,24.97658,33.212,35.1554,4.312013268967343,4.706710432174361
2024,Khuzdar,44,0.0,22.9133,27.2139,997214.0,1237.0,0.0,35380.0,0.2,254.0,379.0,0.0,2.547096210041175,3.8005884393921465,0.0,0.0,0.0143,23.9127,23.7725,32.5101,22.405,0.0047666666666666,0.37536,23.53283333333333,23.85098,27.37633333333333,32.433,3.8005884393921465,3.9205063381294725
2025,Khuzdar,37,0.4857,25.8243,64.6882,969559.0,1237.0,0.0,35380.0,0.2,77.0,229.0,35.0,0.7941754962823304,2.361898553878619,0.3609888619465138,0.1571,2.1143,28.1842,28.2964,47.2622,58.4946,0.9190333333333336,0.8628399999999999,27.434966666666668,28.46868,56.815,52.89618,2.361898553878619,2.523796855136699
2025,Khuzdar,38,0.0,27.8949,33.6503,969559.0,1237.0,0.0,35380.0,0.2,17.0,36.0,0.0,0.1753374472311638,0.3713028294306999,0.0,0.4857,0.1571,25.8243,28.1842,64.6882,47.2622,0.2142666666666667,0.8628399999999999,27.301133333333336,27.949580000000005,48.53356666666667,50.94686,0.3713028294306999,0.3126955220109515
2025,Khuzdar,39,0.5143,27.9464,42.5644,969559.0,1237.0,0.0,35380.0,0.2,82.0,185.0,0.0,0.845745333703261,1.9080839845744304,0.0,0.0,0.4857,27.8949,25.8243,33.6503,64.6882,0.3333333333333333,0.65428,27.221866666666667,27.62924,46.96763333333333,49.33194,1.9080839845744304,2.034218492244892
2025,Khuzdar,40,0.0,25.5916,40.0289,969559.0,1237.0,0.0,35380.0,0.2,49.0,89.0,1.0,0.5053844067251194,0.9179431060925636,0.0103139674841861,0.5143,0.0,27.9464,27.8949,42.5644,33.6503,0.1714333333333333,0.2314199999999999,27.1443,27.08828,38.74786666666667,45.6388,0.9179431060925636,0.7347015214274331
2025,Khuzdar,41,0.0,20.4934,34.6959,969559.0,1237.0,0.0,35380.0,0.2,76.0,90.0,0.0,0.7838615287981443,0.92825707357675,0.0,0.0,0.5143,25.5916,27.9464,40.0289,42.5644,0.1714333333333333,0.1999999999999999,24.67713333333333,25.55012,39.0964,43.12554,0.92825707357675,0.6406072127336389
2025,Khuzdar,42,0.0,21.9672,28.6122,969559.0,1237.0,0.0,35380.0,0.2,6.0,17.0,0.0,0.0618838049051166,0.1753374472311638,0.0,0.0,0.0,20.4934,25.5916,34.6959,40.0289,0.0,0.1028599999999999,22.684066666666663,24.7787,34.44566666666666,35.910340000000005,0.1753374472311638,0.04066709297464843
2025,Khuzdar,43,0.0,21.2434,28.9656,969559.0,1237.0,0.0,35380.0,0.2,40.0,289.0,0.0,0.4125586993674444,2.980736602929785,0.0,0.0,0.0,21.9672,20.4934,28.6122,34.6959,0.0,0.1028599999999999,21.234666666666666,23.4484,30.757900000000003,34.973400000000005,2.980736602929785,3.222574509372955
2024,Khyber,37,1.8538,25.8326,70.1548,1146267.0,1000.0,0.0,2576.0,0.2,344.0,316.0,43.0,3.001046004115969,2.756774817734437,0.3751307505144962,3.3714,3.2778,25.3519,25.7753,76.3436,74.6256,2.8343333333333334,4.05774,25.653266666666667,25.97792,73.708,75.50757999999999,2.756774817734437,2.7364061018275745
2024,Khyber,38,0.0,27.1112,47.5495,1146267.0,1000.0,0.0,2576.0,0.2,342.0,472.0,9.0,2.9835980622315748,4.117714284717261,0.0785157384797782,1.8538,3.3714,25.8326,25.3519,70.1548,76.3436,1.7417333333333334,2.66632,26.09856666666667,26.07918,64.68263333333333,68.7898,4.117714284717261,4.163387218011571
2024,Khyber,39,0.6143,26.9472,61.7565,1146267.0,1000.0,0.0,2576.0,0.2,399.0,450.0,9.0,3.4808644059368365,3.9257869239889134,0.0785157384797782,0.0,1.8538,27.1112,25.8326,47.5495,70.1548,0.8226999999999999,1.82346,26.630333333333336,26.20364,59.82026666666667,66.08599999999998,3.9257869239889134,4.0388590391590675
2024,Khyber,40,1.1,25.6903,44.0899,1146267.0,1000.0,0.0,2576.0,0.2,259.0,296.0,20.0,2.259508474029175,2.5822953988904853,0.1744794188439517,0.6143,0.0,26.9472,27.1112,61.7565,47.5495,0.5714333333333333,1.3879,26.5829,26.18664,51.13196666666667,59.97886,2.5822953988904853,2.5551103153984034
2024,Khyber,41,0.6,23.2436,42.2388,1146267.0,1000.0,0.0,2576.0,0.2,328.0,316.0,15.0,2.8614624690408084,2.756774817734437,0.1308595641329638,1.1,0.6143,25.6903,26.9472,44.0899,61.7565,0.7714333333333333,0.83362,25.2937,25.76498,49.36173333333334,53.1579,2.756774817734437,2.753804063088583
2024,Khyber,42,0.0,23.4388,42.464,1146267.0,1000.0,0.0,2576.0,0.2,347.0,343.0,9.0,3.027217916942562,2.992322033173772,0.0785157384797782,0.6,1.1,23.2436,25.6903,42.2388,44.0899,0.5666666666666665,0.46286,24.124233333333336,25.28622,42.9309,47.61974,2.992322033173772,2.8654605320084787
2024,Khyber,43,0.6143,22.2118,47.7302,1146267.0,1000.0,0.0,2576.0,0.2,286.0,409.0,10.0,2.4950556894685096,3.5681041153588127,0.0872397094219758,0.0,0.6,23.4388,23.2436,42.464,42.2388,0.4047666666666665,0.58572,22.96473333333333,24.30634,44.14433333333333,47.65588,3.5681041153588127,3.5453288047762195
2024,Khyber,44,0.0,21.0005,56.846,1146267.0,1000.0,0.0,2576.0,0.2,95.0,238.0,0.0,0.8287772395087707,2.076305084243025,0.0,0.6143,0.0,22.2118,23.4388,47.7302,42.464,0.2047666666666665,0.46286,22.217033333333333,23.117,49.0134,46.67378,2.076305084243025,2.329675448089347
2025,Khyber,37,0.2714,28.1353,62.8539,1193210.0,1000.0,0.0,2576.0,0.2,48.0,855.0,28.0,0.4022762129046857,7.165545042364713,0.2346611241943999,4.4429,7.9714,25.7502,25.7386,69.5805,77.14,4.228566666666667,4.53142,26.541366666666665,26.90654,69.85813333333333,72.50514000000001,7.165545042364713,7.226540884005786
2025,Khyber,38,1.2,27.1716,59.4637,1193210.0,1000.0,0.0,2576.0,0.2,720.0,779.0,155.0,6.0341431935702845,6.528607705265628,1.299016937504714,0.2714,4.4429,28.1353,25.7502,62.8539,69.5805,1.9714333333333331,3.97142,27.01903333333333,26.74244,63.96603333333332,70.10097999999999,6.528607705265628,6.634636724396134
2025,Khyber,39,0.0143,26.4034,51.4882,1193210.0,1000.0,0.0,2576.0,0.2,774.0,836.0,133.0,6.486703933088056,7.006310708089942,1.1146403399234,1.2,0.2714,27.1716,28.1353,59.4637,62.8539,0.4952333333333333,2.78,27.236766666666668,26.639820000000004,57.93526666666666,64.10526,7.006310708089942,7.231881953049639
2025,Khyber,40,2.4143,23.6305,58.6334,1193210.0,1000.0,0.0,2576.0,0.2,594.0,647.0,0.0,4.978168134695485,5.422348119777743,0.0,0.0143,1.2,26.4034,27.1716,51.4882,59.4637,1.2095333333333331,1.66858,25.735166666666668,26.218200000000003,56.52843333333333,60.40394,5.422348119777743,5.723777998036672
2025,Khyber,41,0.7,19.2906,54.6953,1193210.0,1000.0,0.0,2576.0,0.2,687.0,761.0,67.0,5.757578297198314,6.377754125426371,0.561510547179457,2.4143,0.0143,23.6305,26.4034,58.6334,51.4882,1.0428666666666666,0.92,23.108166666666666,24.92628,54.938966666666666,57.4269,6.377754125426371,6.467786184265787
2025,Khyber,42,0.0,22.3243,49.042,1193210.0,1000.0,0.0,2576.0,0.2,724.0,753.0,12.0,6.067666211312343,6.310708089942256,0.1005690532261714,0.7,2.4143,19.2906,23.6305,54.6953,58.6334,1.0381,0.8657199999999999,21.74846666666667,23.76408,54.12356666666667,54.66452,6.310708089942256,6.482047632715515
2025,Khyber,43,0.0,21.0308,38.5252,1193210.0,1000.0,0.0,2576.0,0.2,540.0,698.0,92.0,4.525607395177714,5.849766595988971,0.7710294080673142,0.0,0.7,22.3243,19.2906,49.042,54.6953,0.2333333333333333,0.6257199999999999,20.8819,22.53592,47.42083333333333,50.47682,5.849766595988971,5.773304846204415
2024,Killa Abdullah,37,0.0,27.0697,10.82,361971.0,1500.0,0.0,3553.0,0.2,28.0,183.0,15.0,0.7735426318682987,5.055653629710667,0.4143978385008744,0.5111,0.0,29.038,29.7418,30.0147,19.8352,0.1703666666666666,0.16222,28.6165,30.319939999999995,20.2233,24.18564,5.055653629710667,5.1123823541730165
2024,Killa Abdullah,38,0.0,27.9826,15.0052,361971.0,1500.0,0.0,3553.0,0.2,15.0,116.0,0.0,0.4143978385008744,3.204676617740095,0.0,0.0,0.5111,27.0697,29.038,10.82,30.0147,0.1703666666666666,0.10222,28.030100000000004,29.40116,18.6133,20.90048,3.204676617740095,3.2715932238800596
2024,Killa Abdullah,39,0.0,28.0365,15.1924,361971.0,1500.0,0.0,3553.0,0.2,139.0,19.0,1.0,3.840086636774769,0.5249039287677743,0.0276265225667249,0.0,0.0,27.9826,27.0697,15.0052,10.82,0.0,0.10222,27.69626666666667,28.37372,13.672533333333334,18.1735,0.5249039287677743,0.4898107082657637
2024,Killa Abdullah,40,0.1125,25.3666,20.8466,361971.0,1500.0,0.0,3553.0,0.2,68.0,128.0,2.0,1.8786035345372971,3.5361948885407943,0.0552530451334499,0.0,0.0,28.0365,27.9826,15.1924,15.0052,0.0375,0.12472,27.128566666666668,27.49868,17.014733333333332,18.37578,3.5361948885407943,3.5363524149809926
2024,Killa Abdullah,41,0.1286,21.39,23.5854,361971.0,1500.0,0.0,3553.0,0.2,93.0,19.0,0.0,2.569266598705421,0.5249039287677743,0.0,0.1125,0.0,25.3666,28.0365,20.8466,15.1924,0.0803666666666666,0.04822,24.93103333333333,25.96908,19.8748,17.08992,0.5249039287677743,0.5190280138782644
2024,Killa Abdullah,42,0.0,22.3109,14.951,361971.0,1500.0,0.0,3553.0,0.2,106.0,15.0,4.0,2.9284113920728454,0.4143978385008744,0.1105060902668998,0.1286,0.1125,21.39,25.3666,23.5854,20.8466,0.0803666666666666,0.04822,23.0225,25.01732,19.79433333333333,17.91612,0.4143978385008744,0.4287508515812535
2024,Killa Abdullah,43,0.0,22.6856,23.3539,361971.0,1500.0,0.0,3553.0,0.2,258.0,466.0,0.0,7.127642822215039,12.87395951609383,0.0,0.0,0.1286,22.3109,21.39,14.951,23.5854,0.0428666666666666,0.04822,22.128833333333336,23.95792,20.6301,19.58586,12.87395951609383,12.548752831985283
2025,Killa Abdullah,37,0.0,29.4275,23.9032,915157.0,1500.0,0.0,3553.0,0.2,13.0,227.0,33.0,0.1420521287604203,2.4804487098934938,0.3605938653149131,0.0,0.0,27.51,30.6838,9.3396,20.1531,0.0,0.0,29.2071,30.046100000000003,17.79863333333333,16.13732,2.4804487098934938,2.785981623198813
2025,Killa Abdullah,38,0.0,26.2147,13.1129,915157.0,1500.0,0.0,3553.0,0.2,14.0,233.0,1.0,0.1529792155881449,2.546011230859841,0.0109270868277246,0.0,0.0,29.4275,27.51,23.9032,9.3396,0.0,0.0,27.7174,29.08616,15.4519,16.6695,2.546011230859841,2.885093239952968
2025,Killa Abdullah,39,0.0,26.7204,13.2692,915157.0,1500.0,0.0,3553.0,0.2,23.0,250.0,13.0,0.2513229970376667,2.7317717069311604,0.1420521287604203,0.0,0.0,26.2147,29.4275,13.1129,23.9032,0.0,0.0,27.4542,28.11128,16.761766666666666,15.9556,2.7317717069311604,3.0726107941341345
2025,Killa Abdullah,40,0.0,24.0585,10.6517,915157.0,1500.0,0.0,3553.0,0.2,9.0,230.0,2.0,0.0983437814495217,2.513229970376668,0.0218541736554492,0.0,0.0,26.7204,26.2147,13.2692,13.1129,0.0,0.0,25.66453333333333,26.786220000000004,12.3446,14.05532,2.513229970376668,2.841450414944223
2025,Killa Abdullah,41,0.0,18.6201,12.2732,915157.0,1500.0,0.0,3553.0,0.2,19.0,246.0,14.0,0.2076146497267681,2.6880633596202617,0.1529792155881449,0.0,0.0,24.0585,26.7204,10.6517,13.2692,0.0,0.0,23.133,25.00824,12.0647,14.64204,2.6880633596202617,2.944384382691271
2025,Killa Abdullah,42,0.0,20.8811,12.3911,915157.0,1500.0,0.0,3553.0,0.2,19.0,209.0,14.0,0.2076146497267681,2.28376114699445,0.1529792155881449,0.0,0.0,18.6201,24.0585,12.2732,10.6517,0.0,0.0,21.186566666666668,23.29896,11.772,12.33962,2.28376114699445,2.565078832277102
2025,Killa Abdullah,43,0.0,19.8439,15.717,915157.0,1500.0,0.0,3553.0,0.2,18.0,218.0,8.0,0.1966875628990435,2.382104928443972,0.0874166946217971,0.0,0.0,20.8811,18.6201,12.3911,12.2732,0.0,0.0,19.7817,22.0248,13.460433333333333,12.86044,2.382104928443972,2.620486241889817
2024,Killa Saifullah,37,0.0538,24.0936,48.7529,380200.0,1500.0,0.0,6831.0,0.2,208.0,150.0,0.0,5.470804839558127,3.9452919516044185,0.0,1.5714,3.1333,23.4894,23.9328,66.932,66.7359,1.586166666666667,1.3859800000000002,23.8386,24.353340000000003,60.806933333333326,64.82320000000001,3.9452919516044185,3.886815238233596
2024,Killa Saifullah,39,0.0,26.3621,35.9054,380200.0,1500.0,0.0,6831.0,0.2,175.0,188.0,0.0,4.602840610205155,4.944765912677538,0.0,0.0538,1.5714,24.0936,23.4894,48.7529,66.932,0.5417333333333333,0.9717,24.648366666666664,24.39752,50.5301,58.21718,4.944765912677538,4.936992148374521
2024,Killa Saifullah,40,0.9125,23.6509,30.401,380200.0,1500.0,0.0,6831.0,0.2,0.0,122.0,0.0,0.0,3.208837453971594,0.0,0.0,0.0538,26.3621,24.0936,35.9054,48.7529,0.3221,1.1342,24.7022,24.30576,38.35309999999999,49.74544,3.208837453971594,3.1919722163287485
2024,Killa Saifullah,41,1.0429,18.7094,42.5106,380200.0,1500.0,0.0,6831.0,0.2,0.0,141.0,0.0,0.0,3.7085744345081535,0.0,0.9125,0.0,23.6509,26.3621,30.401,35.9054,0.6518,0.7161199999999999,22.907466666666664,23.26108,36.27233333333333,44.90038,3.7085744345081535,3.6575015415525
2024,Killa Saifullah,42,0.0,20.9496,18.1387,380200.0,1500.0,0.0,6831.0,0.2,0.0,102.0,0.0,0.0,2.682798527091005,0.0,1.0429,0.9125,18.7094,23.6509,42.5106,30.401,0.6518,0.40184,21.1033,22.753120000000003,30.350099999999998,35.14172,2.682798527091005,2.618538419098458
2024,Killa Saifullah,43,0.0,20.86,31.4638,380200.0,1500.0,0.0,6831.0,0.2,7.0,79.0,1.0,0.1841136244082062,2.077853761178327,0.0263019463440294,0.0,1.0429,20.9496,18.7094,18.1387,42.5106,0.3476333333333333,0.39108,20.173,22.1064,30.704366666666655,31.6839,2.077853761178327,1.946402077883783
2024,Killa Saifullah,44,0.0,20.4502,24.0571,380200.0,1500.0,0.0,6831.0,0.2,171.0,0.0,0.0,4.497632824829037,0.0,0.0,0.0,0.0,20.86,20.9496,31.4638,18.1387,0.0,0.39108,20.753266666666665,20.92402,24.553199999999997,29.314239999999995,0.0,0.06618902348633782
2025,Killa Saifullah,37,0.0286,25.232,56.8286,413453.0,1500.0,0.0,6831.0,0.2,331.0,336.0,53.0,8.005746723327682,8.126679453287315,1.2818869375721065,0.0143,0.1571,25.0743,26.6752,51.5898,60.1088,0.0666666666666666,0.0857199999999999,25.6605,26.62398,56.17573333333333,54.70194,8.126679453287315,8.104947357474352
2025,Killa Saifullah,38,0.0,25.6868,19.9387,413453.0,1500.0,0.0,6831.0,0.2,324.0,306.0,5.0,7.836440901384196,7.401083073529518,0.1209327299596326,0.0286,0.0143,25.232,25.0743,56.8286,51.5898,0.0142999999999999,0.04572,25.33103333333333,26.27822,42.78569999999999,48.69636,7.401083073529518,7.492952710886867
2025,Killa Saifullah,39,0.0,25.4793,16.5323,413453.0,1500.0,0.0,6831.0,0.2,264.0,267.0,10.0,6.385248141868604,6.457807779844384,0.2418654599192653,0.0,0.0286,25.6868,25.232,19.9387,56.8286,0.0095333333333333,0.0399999999999999,25.46603333333333,25.629520000000003,31.09986666666666,40.99964,6.457807779844384,6.547997898688557
2025,Killa Saifullah,40,0.0,23.5755,27.7245,413453.0,1500.0,0.0,6831.0,0.2,192.0,129.0,0.0,4.643816830449894,3.1200644329585225,0.0,0.0,0.0,25.4793,25.6868,16.5323,19.9387,0.0,0.00858,24.913866666666667,25.00958,21.398499999999995,34.52278,3.1200644329585225,3.172188166254358
2025,Killa Saifullah,41,0.0,17.9773,23.2689,413453.0,1500.0,0.0,6831.0,0.2,193.0,139.0,0.0,4.6680033764418205,3.361929892877788,0.0,0.0,0.0,23.5755,25.4793,27.7245,16.5323,0.0,0.00572,22.34403333333333,23.59018,22.508566666666663,28.858600000000003,3.361929892877788,3.4332876310015354
2025,Killa Saifullah,43,0.0,18.671,23.9609,413453.0,1500.0,0.0,6831.0,0.2,235.0,254.0,0.0,5.683838308102734,6.143382681949339,0.0,0.0,0.0,17.9773,23.5755,23.2689,27.7245,0.0,0.0,20.0746,22.27798,24.98476666666666,22.28506,6.143382681949339,6.019918981773511
2024,Kohat,38,0.0,29.007,50.557,1234661.0,500.0,0.0,2545.0,0.65,11.0,118.0,0.0,0.0890932814756439,0.9557279285569076,0.0,4.5444,4.3286,27.4214,28.0153,73.5129,74.5217,2.957666666666667,4.81102,28.147900000000003,28.186380000000003,66.19720000000001,71.6553,0.9557279285569076,1.1757787827058541
2024,Kohat,39,3.4571,28.4665,63.0571,1234661.0,500.0,0.0,2545.0,0.65,17.0,81.0,0.0,0.1376896168259951,0.6560505272297416,0.0,0.0,4.5444,29.007,27.4214,50.557,73.5129,2.6671666666666667,3.87744,28.2983,28.23104,62.37566666666667,68.08104,0.6560505272297416,0.6073616523324352
2024,Kohat,41,0.3286,25.2272,42.4674,1234661.0,500.0,0.0,2545.0,0.65,302.0,388.0,2.0,2.4460155459676787,3.1425630193227128,0.016198778450117,3.4571,0.0,28.4665,29.007,63.0571,50.557,1.2619,2.53174,27.5669,27.62748,52.027166666666666,60.82321999999999,3.1425630193227128,3.0964957613119584
2024,Kohat,42,0.0,25.6754,44.0555,1234661.0,500.0,0.0,2545.0,0.65,255.0,432.0,1.0,2.0653442523899272,3.4989361452252883,0.0080993892250585,0.3286,3.4571,25.2272,28.4665,42.4674,63.0571,1.2619,1.6660199999999996,26.456366666666668,27.1595,49.86000000000001,54.72998,3.4989361452252883,3.563853055216622
2024,Kohat,43,2.0571,24.5745,47.9657,1234661.0,500.0,0.0,2545.0,0.65,264.0,401.0,0.0,2.138238755415454,3.247855079248474,0.0,0.0,0.3286,25.6754,25.2272,44.0555,42.4674,0.7952333333333335,1.1685599999999998,25.159033333333337,26.59012,44.82953333333334,49.620540000000005,3.247855079248474,3.097409636052351
2024,Kohat,44,0.0571,22.3385,64.9644,1234661.0,500.0,0.0,2545.0,0.65,166.0,311.0,0.0,1.3444986113597177,2.518910048993205,0.0,2.0571,0.0,24.5745,25.6754,47.9657,44.0555,0.7047333333333334,1.1799799999999998,24.196133333333336,25.25642,52.32853333333335,52.50202,2.518910048993205,2.5473334010061723
2025,Kohat,37,0.2286,29.57,61.4204,1200463.0,500.0,0.0,2545.0,0.65,0.0,989.0,9.0,0.0,8.23848798338641,0.0749710736607458,2.5,10.3286,27.4534,28.1885,68.9679,71.5604,4.3524,3.6771599999999993,28.403966666666676,29.42534,67.31623333333333,65.6516,8.23848798338641,8.096995957763603
2025,Kohat,38,1.0857,29.2897,56.9021,1200463.0,500.0,0.0,2545.0,0.65,503.0,926.0,14.0,4.190050005706132,7.713690467761189,0.116621670138938,0.2286,2.5,29.57,27.4534,61.4204,68.9679,1.2714333333333334,3.3514399999999998,28.77103333333333,29.14416,62.43013333333334,64.4847,7.713690467761189,7.740877768057735
2025,Kohat,39,0.2,29.0796,48.1121,1200463.0,500.0,0.0,2545.0,0.65,428.0,865.0,18.0,3.565291058533249,7.205553190727244,0.1499421473214917,1.0857,0.2286,29.2897,29.57,56.9021,61.4204,0.5047666666666667,2.86858,29.3131,28.71624,55.47820000000001,61.39258,7.205553190727244,7.1564692931285725
2025,Kohat,40,2.4714,26.4215,54.2221,1200463.0,500.0,0.0,2545.0,0.65,341.0,787.0,3.0,2.8405706798127057,6.555803885667446,0.0249903578869153,0.2,1.0857,29.0796,29.2897,48.1121,56.9021,1.2523666666666669,1.2971399999999995,28.2636,28.36284,53.07876666666667,57.92492,6.555803885667446,6.422814801513469
2025,Kohat,41,0.2429,22.0876,48.5468,1200463.0,500.0,0.0,2545.0,0.65,273.0,680.0,12.0,2.274122567709292,5.664481121034135,0.0999614315476612,2.4714,0.2,26.4215,29.0796,54.2221,48.1121,0.9714333333333336,0.8457199999999997,25.862900000000007,27.28968,50.293666666666674,53.840700000000005,5.664481121034135,5.7693865510585285
2025,Kohat,42,0.0,24.6111,47.3398,1200463.0,500.0,0.0,2545.0,0.65,271.0,463.0,27.0,2.257462329118016,3.8568452338805934,0.2249132209822377,0.2429,2.4714,22.0876,26.4215,48.5468,54.2221,0.9047666666666668,0.7999999999999996,24.373400000000004,26.2979,50.036233333333335,51.02457999999999,3.8568452338805934,3.922670768939531
2025,Kohat,43,0.0,23.7433,37.6934,1200463.0,500.0,0.0,2545.0,0.65,282.0,411.0,0.0,2.349093641370038,3.423679030507396,0.0,0.0,0.2429,24.6111,22.0876,47.3398,48.5468,0.0809666666666666,0.5828599999999996,23.480666666666668,25.18862,44.52666666666666,47.18284,3.423679030507396,3.565717781049388
2024,Kohistan Lower,37,0.8308,5.2734,76.1085,340017.0,1500.0,2.0,1200.0,0.2,19.0,111.0,1.0,0.558795589632283,3.26454265522018,0.0294102941911727,1.2714,6.4889,6.3582,7.0084,81.0759,84.2407,2.8637,3.0982200000000004,6.213333333333332,7.2363,80.47503333333333,81.26986000000001,3.26454265522018,3.3035452851204523
2024,Kohistan Lower,38,0.6714,5.4154,64.8228,340017.0,1500.0,2.0,1200.0,0.2,17.0,124.0,2.0,0.4999750012499375,3.6468764797054263,0.0588205883823455,0.8308,1.2714,5.2734,6.3582,76.1085,81.0759,0.9245333333333332,2.26108,5.682333333333332,6.26338,74.00240000000001,77.57826,3.6468764797054263,3.808713638714914
2024,Kohistan Lower,39,0.6714,6.4318,68.6352,340017.0,1500.0,2.0,1200.0,0.2,8.0,101.0,0.0,0.2352823535293823,2.970439713308452,0.0,0.6714,0.8308,5.4154,5.2734,64.8228,76.1085,0.7245333333333334,1.98678,5.706866666666666,6.097440000000001,69.8555,74.97662,2.970439713308452,3.1476404653086867
2024,Kohistan Lower,40,0.1625,2.4393,70.512,340017.0,1500.0,2.0,1200.0,0.2,7.0,95.0,0.0,0.2058720593382095,2.793977948161415,0.0,0.6714,0.6714,6.4318,5.4154,68.6352,64.8228,0.5017666666666667,0.7215000000000004,4.762166666666666,5.18362,67.99000000000001,72.23088,2.793977948161415,2.838553066417142
2024,Kohistan Lower,41,0.0286,-0.9334,80.7041,340017.0,1500.0,2.0,1200.0,0.2,7.0,99.0,0.0,0.2058720593382095,2.9116191249261067,0.0,0.1625,0.6714,2.4393,6.4318,70.512,68.6352,0.2875,0.4729400000000003,2.6459,3.7253,73.28376666666666,72.15652,2.9116191249261067,2.9965100573723236
2024,Kohistan Lower,42,0.0,-0.6549,72.9941,340017.0,1500.0,2.0,1200.0,0.2,6.0,120.0,0.0,0.1764617651470367,3.529235302940735,0.0,0.0286,0.1625,-0.9334,2.4393,80.7041,70.512,0.0636999999999999,0.3067800000000004,0.283666666666666,2.5396399999999995,74.73673333333333,71.53364,3.529235302940735,3.812492576319203
2024,Kohistan Lower,43,0.0,-0.6337,73.1153,340017.0,1500.0,2.0,1200.0,0.2,4.0,121.0,0.0,0.1176411767646911,3.558645597131908,0.0,0.0,0.0286,-0.6549,-0.9334,72.9941,80.7041,0.0095333333333333,0.1725000000000003,-0.7406666666666673,1.32982,75.60449999999999,73.19214,3.558645597131908,3.7617605611554583
2024,Kohistan Lower,44,0.0143,-0.6233,71.0678,340017.0,1500.0,2.0,1200.0,0.2,5.0,94.0,0.0,0.1470514709558639,2.7645676539702424,0.0,0.0,0.0,-0.6337,-0.6549,73.1153,72.9941,0.0047666666666666,0.0410800000000003,-0.6373000000000006,-0.0812,72.39240000000001,73.67866000000001,2.7645676539702424,2.7769193963441934
2025,Kohistan Lower,37,1.2571,7.9859,70.8962,244203.0,1500.0,2.0,1200.0,0.2,1.0,164.0,0.0,0.0409495378844649,6.715724213052256,0.0,2.2429,1.7286,6.6243,8.0663,80.1492,80.3784,1.7428666666666668,2.0914400000000004,7.558833333333333,8.393299999999998,77.14126666666665,78.57077999999998,6.715724213052256,6.397173181293558
2025,Kohistan Lower,38,0.6,5.0579,73.0253,244203.0,1500.0,2.0,1200.0,0.2,2.0,218.0,0.0,0.0818990757689299,8.926999258813364,0.0,1.2571,2.2429,7.9859,6.6243,70.8962,80.1492,1.3666666666666665,1.8514400000000009,6.556033333333333,7.63668,74.69023333333332,77.85794,8.926999258813364,9.031999653709663
2025,Kohistan Lower,39,0.2714,4.5184,64.9711,244203.0,1500.0,2.0,1200.0,0.2,1.0,120.0,0.0,0.0409495378844649,4.913944546135797,0.0,0.6,1.2571,5.0579,7.9859,73.0253,70.8962,0.7094999999999999,1.2200000000000002,5.854066666666667,6.450559999999999,69.63086666666666,73.88404,4.913944546135797,5.025050189009846
2025,Kohistan Lower,40,0.0429,1.3841,71.873,244203.0,1500.0,2.0,1200.0,0.2,6.0,187.0,1.0,0.2456972273067898,7.65756358439495,0.0409495378844649,0.2714,0.6,4.5184,5.0579,64.9711,73.0253,0.3047666666666667,0.8828600000000003,3.653466666666666,5.11412,69.95646666666666,72.18296000000001,7.65756358439495,7.676832907600091
2025,Kohistan Lower,41,0.0,-4.8376,79.5008,244203.0,1500.0,2.0,1200.0,0.2,12.0,131.0,0.0,0.4913944546135797,5.364389462864912,0.0,0.0429,0.2714,1.3841,4.5184,71.873,64.9711,0.1047666666666666,0.4342800000000004,0.3549666666666666,2.8217399999999992,72.11496666666666,72.05328,5.364389462864912,5.343213183122499
2025,Kohistan Lower,42,0.0,-0.3974,55.9147,244203.0,1500.0,2.0,1200.0,0.2,4.0,155.0,0.0,0.1637981515378599,6.347178372092071,0.0,0.0,0.0429,-4.8376,1.3841,79.5008,71.873,0.0143,0.1828600000000003,-1.2836333333333334,1.1450799999999992,69.09616666666666,69.05698000000001,6.347178372092071,6.322421941093375
2025,Kohistan Lower,43,0.0,-2.3802,64.477,244203.0,1500.0,2.0,1200.0,0.2,2.0,136.0,0.0,0.0818990757689299,5.569137152287236,0.0,0.0,0.0,-0.3974,-4.8376,55.9147,79.5008,0.0,0.0628600000000003,-2.5384,-0.3425400000000007,66.63083333333334,67.34732,5.569137152287236,5.591973889110664
2024,Kohistan Upper,37,0.8308,5.2734,76.1085,422947.0,2500.0,2.0,4000.0,0.2,11.0,418.0,19.0,0.2600798681631505,9.883034990199716,0.4492288631908963,1.2714,6.4889,6.3582,7.0084,81.0759,84.2407,2.8637,3.0982200000000004,6.213333333333332,7.2363,80.47503333333333,81.26986000000001,9.883034990199716,10.205170612706262
2024,Kohistan Upper,38,0.6714,5.4154,64.8228,422947.0,2500.0,2.0,4000.0,0.2,7.0,460.0,15.0,0.1655053706492775,10.876067214095382,0.3546543656770233,0.8308,1.2714,5.2734,6.3582,76.1085,81.0759,0.9245333333333332,2.26108,5.682333333333332,6.26338,74.00240000000001,77.57826,10.876067214095382,10.900782527218619
2024,Kohistan Upper,39,0.6714,6.4318,68.6352,422947.0,2500.0,2.0,4000.0,0.2,13.0,309.0,17.0,0.3073671169200869,7.305879932946681,0.4019416144339598,0.6714,0.8308,5.4154,5.2734,64.8228,76.1085,0.7245333333333334,1.98678,5.706866666666666,6.097440000000001,69.8555,74.97662,7.305879932946681,7.690685514639677
2024,Kohistan Upper,40,0.1625,2.4393,70.512,422947.0,2500.0,2.0,4000.0,0.2,7.0,345.0,1.0,0.1655053706492775,8.157050410571538,0.0236436243784682,0.6714,0.6714,6.4318,5.4154,68.6352,64.8228,0.5017666666666667,0.7215000000000004,4.762166666666666,5.18362,67.99000000000001,72.23088,8.157050410571538,8.092241138145448
2024,Kohistan Upper,41,0.0286,-0.9334,80.7041,422947.0,2500.0,2.0,4000.0,0.2,33.0,337.0,15.0,0.7802396044894514,7.967901415543792,0.3546543656770233,0.1625,0.6714,2.4393,6.4318,70.512,68.6352,0.2875,0.4729400000000003,2.6459,3.7253,73.28376666666666,72.15652,7.967901415543792,7.97071952226341
2024,Kohistan Upper,42,0.0,-0.6549,72.9941,422947.0,2500.0,2.0,4000.0,0.2,73.0,368.0,5.0,1.7259845796281803,8.700853771276305,0.1182181218923411,0.0286,0.1625,-0.9334,2.4393,80.7041,70.512,0.0636999999999999,0.3067800000000004,0.283666666666666,2.5396399999999995,74.73673333333333,71.53364,8.700853771276305,9.112566416986787
2024,Kohistan Upper,43,0.0,-0.6337,73.1153,422947.0,2500.0,2.0,4000.0,0.2,28.0,422.0,0.0,0.6620214825971102,9.977609487713591,0.0,0.0,0.0286,-0.6549,-0.9334,72.9941,80.7041,0.0095333333333333,0.1725000000000003,-0.7406666666666673,1.32982,75.60449999999999,73.19214,9.977609487713591,10.352542913240315
2024,Kohistan Upper,44,0.0143,-0.6233,71.0678,422947.0,2500.0,2.0,4000.0,0.2,22.0,316.0,0.0,0.520159736326301,7.47138530359596,0.0,0.0,0.0,-0.6337,-0.6549,73.1153,72.9941,0.0047666666666666,0.0410800000000003,-0.6373000000000006,-0.0812,72.39240000000001,73.67866000000001,7.47138530359596,7.798261879358818
2025,Kohistan Upper,37,1.2571,7.9859,70.8962,369931.0,2500.0,2.0,4000.0,0.2,0.0,336.0,3.0,0.0,9.082774895858956,0.0810962044273121,2.2429,1.7286,6.6243,8.0663,80.1492,80.3784,1.7428666666666668,2.0914400000000004,7.558833333333333,8.393299999999998,77.14126666666665,78.57077999999998,9.082774895858956,8.900751280326341
2025,Kohistan Upper,38,0.6,5.0579,73.0253,369931.0,2500.0,2.0,4000.0,0.2,53.0,327.0,2.0,1.4326996115491806,8.83948628257702,0.0540641362848747,1.2571,2.2429,7.9859,6.6243,70.8962,80.1492,1.3666666666666665,1.8514400000000009,6.556033333333333,7.63668,74.69023333333332,77.85794,8.83948628257702,8.756034613908863
2025,Kohistan Upper,39,0.2714,4.5184,64.9711,369931.0,2500.0,2.0,4000.0,0.2,78.0,395.0,7.0,2.108501315110115,10.677666916262762,0.1892244769970616,0.6,1.2571,5.0579,7.9859,73.0253,70.8962,0.7094999999999999,1.2200000000000002,5.854066666666667,6.450559999999999,69.63086666666666,73.88404,10.677666916262762,10.283857560757335
2025,Kohistan Upper,40,0.0429,1.3841,71.873,369931.0,2500.0,2.0,4000.0,0.2,48.0,235.0,0.0,1.297539270836994,6.352536013472783,0.0,0.2714,0.6,4.5184,5.0579,64.9711,73.0253,0.3047666666666667,0.8828600000000003,3.653466666666666,5.11412,69.95646666666666,72.18296000000001,6.352536013472783,6.396397580681291
2025,Kohistan Upper,41,0.0,-4.8376,79.5008,369931.0,2500.0,2.0,4000.0,0.2,14.0,311.0,4.0,0.3784489539941232,8.406973192298024,0.1081282725697495,0.0429,0.2714,1.3841,4.5184,71.873,64.9711,0.1047666666666666,0.4342800000000004,0.3549666666666666,2.8217399999999992,72.11496666666666,72.05328,8.406973192298024,8.715222880192242
2025,Kohistan Upper,42,0.0,-0.3974,55.9147,369931.0,2500.0,2.0,4000.0,0.2,10.0,281.0,19.0,0.2703206814243737,7.596011148024901,0.5136092947063101,0.0,0.0429,-4.8376,1.3841,79.5008,71.873,0.0143,0.1828600000000003,-1.2836333333333334,1.1450799999999992,69.09616666666666,69.05698000000001,7.596011148024901,7.610128916580312
2025,Kohistan Upper,43,0.0,-2.3802,64.477,369931.0,2500.0,2.0,4000.0,0.2,96.0,299.0,0.0,2.595078541673988,8.082588374588775,0.0,0.0,0.0,-0.3974,-4.8376,55.9147,79.5008,0.0,0.0628600000000003,-2.5384,-0.3425400000000007,66.63083333333334,67.34732,8.082588374588775,8.388374702319451
2024,Kohlu,38,0.0429,26.9713,53.0405,260220.0,1000.0,0.0,7610.0,0.2,143.0,149.0,2.0,5.49535008838675,5.7259242179694105,0.0768580431942202,1.7308,3.3143,25.2123,24.7734,70.8325,80.4038,1.696,3.13284,25.65233333333333,25.25528,68.09226666666666,72.91850000000001,5.7259242179694105,5.464936625924734
2024,Kohlu,39,1.2714,28.1836,53.3978,260220.0,1000.0,0.0,7610.0,0.2,229.0,192.0,4.0,8.80024594573822,7.378372146645146,0.1537160863884405,0.0429,1.7308,26.9713,25.2123,53.0405,70.8325,1.0150333333333332,2.15854,26.789066666666667,25.94856,59.09026666666667,66.91304,7.378372146645146,7.474137687272286
2024,Kohlu,40,1.5375,25.5971,47.2078,260220.0,1000.0,0.0,7610.0,0.2,218.0,111.0,2.0,8.37752670817001,4.265621397279226,0.0768580431942202,1.2714,0.0429,28.1836,26.9713,53.3978,53.0405,0.9506,1.57938,26.917333333333332,26.14754,51.21536666666666,60.97648,4.265621397279226,4.279611838985662
2024,Kohlu,41,2.0286,22.696,45.9407,260220.0,1000.0,0.0,7610.0,0.2,429.0,244.0,2.0,16.486050265160248,9.376681269694874,0.0768580431942202,1.5375,1.2714,25.5971,28.1836,47.2078,53.3978,1.6125,1.32224,25.49223333333333,25.73206,48.848766666666656,54.08386,9.376681269694874,9.745351215265611
2024,Kohlu,42,0.0,24.0088,31.9931,260220.0,1000.0,0.0,7610.0,0.2,410.0,189.0,4.0,15.755898854815156,7.263085081853816,0.1537160863884405,2.0286,1.5375,22.696,25.5971,45.9407,47.2078,1.1887,0.97608,24.100633333333334,25.49136,41.71386666666667,46.31598,7.263085081853816,7.601635783673327
2024,Kohlu,43,0.0,24.2199,32.8995,260220.0,1000.0,0.0,7610.0,0.2,146.0,0.0,0.0,5.6106371531780805,0.0,0.0,0.0,2.0286,24.0088,22.696,31.9931,45.9407,0.6762,0.9675,23.641566666666677,24.941080000000003,36.94443333333333,42.28778,0.0,0.2885210193062546
2024,Kohlu,44,0.0,22.3303,43.8312,260220.0,1000.0,0.0,7610.0,0.2,105.0,274.0,1.0,4.035047267696564,10.529551917608178,0.0384290215971101,0.0,0.0,24.2199,24.0088,32.8995,31.9931,0.0,0.71322,23.51966666666667,23.77042,36.24126666666667,40.37446,10.529551917608178,10.217911009314593
2025,Kohlu,37,0.2714,26.4202,62.9397,258710.0,1000.0,0.0,7610.0,0.2,67.0,117.0,32.0,2.5897723319546984,4.522438251323877,1.2369061883962738,1.1286,1.5286,25.5746,27.1901,70.3711,68.7193,0.9762,0.92286,26.394966666666665,27.45444,67.34336666666667,63.57536,4.522438251323877,4.88919916003945
2025,Kohlu,38,0.1429,27.4633,55.4864,258710.0,1000.0,0.0,7610.0,0.2,97.0,142.0,2.0,3.749371883576205,5.488771211008465,0.0773066367747671,0.2714,1.1286,26.4202,25.5746,62.9397,70.3711,0.5143,0.90858,26.48603333333333,27.05254,62.9324,63.77624000000001,5.488771211008465,5.448953162708094
2025,Kohlu,39,0.0,27.2047,53.3399,258710.0,1000.0,0.0,7610.0,0.2,90.0,164.0,3.0,3.47879865486452,6.339144215530904,0.1159599551621506,0.1429,0.2714,27.4633,26.4202,55.4864,62.9397,0.1381,0.6143,27.0294,26.77058,57.25533333333334,62.17128,6.339144215530904,6.137788984563625
2025,Kohlu,40,0.8143,25.9401,43.4581,258710.0,1000.0,0.0,7610.0,0.2,94.0,165.0,26.0,3.6334119284140542,6.377797533918288,1.0049862780719725,0.0,0.1429,27.2047,27.4633,53.3399,55.4864,0.3190666666666666,0.47144,26.869366666666668,26.52058,50.76146666666667,57.11904,6.377797533918288,6.174515516305857
2025,Kohlu,41,0.0571,20.4038,49.8314,258710.0,1000.0,0.0,7610.0,0.2,95.0,143.0,1.0,3.672065246801438,5.527424529395849,0.0386533183873835,0.8143,0.0,25.9401,27.2047,43.4581,53.3399,0.2904666666666667,0.25714,24.5162,25.486420000000003,48.876466666666666,53.0111,5.527424529395849,5.501550476831348
2025,Kohlu,42,0.0,22.1136,39.3831,258710.0,1000.0,0.0,7610.0,0.2,79.0,131.0,0.0,3.053612152603301,5.063584708747245,0.0,0.0571,0.8143,20.4038,25.9401,49.8314,43.4581,0.2904666666666667,0.2028599999999999,22.81916666666667,24.6251,44.2242,48.29978,5.063584708747245,5.164304573518781
2025,Kohlu,43,0.0,21.2776,39.0719,258710.0,1000.0,0.0,7610.0,0.2,35.0,40.0,0.0,1.3528661435584244,1.5461327354953425,0.0,0.0,0.0571,22.1136,20.4038,39.3831,49.8314,0.0190333333333333,0.17428,21.265000000000004,23.38796,42.76213333333334,45.01688,1.5461327354953425,1.5323982117646056
2024,Kolai Palas,37,0.8308,5.2734,76.1085,280162.0,621.2798240791644,0.6690489279824079,6292.451621770203,0.3392935678944475,8.0,84.0,5.0,0.2855490751779327,2.9982652893682937,0.1784681719862079,1.2714,6.4889,6.3582,7.0084,81.0759,84.2407,2.8637,3.0982200000000004,6.213333333333332,7.2363,80.47503333333333,81.26986000000001,2.9982652893682937,2.945895304163164
2024,Kolai Palas,38,0.6714,5.4154,64.8228,280162.0,621.2798240791644,0.6690489279824079,6292.451621770203,0.3392935678944475,1.0,73.0,2.0,0.0356936343972415,2.6056353109986365,0.0713872687944831,0.8308,1.2714,5.2734,6.3582,76.1085,81.0759,0.9245333333333332,2.26108,5.682333333333332,6.26338,74.00240000000001,77.57826,2.6056353109986365,2.586550744541717
2024,Kolai Palas,39,0.6714,6.4318,68.6352,280162.0,621.2798240791644,0.6690489279824079,6292.451621770203,0.3392935678944475,4.0,108.0,2.0,0.1427745375889663,3.8549125149020926,0.0713872687944831,0.6714,0.8308,5.4154,5.2734,64.8228,76.1085,0.7245333333333334,1.98678,5.706866666666666,6.097440000000001,69.8555,74.97662,3.8549125149020926,3.707875817427722
2024,Kolai Palas,40,0.1625,2.4393,70.512,280162.0,621.2798240791644,0.6690489279824079,6292.451621770203,0.3392935678944475,5.0,71.0,2.0,0.1784681719862079,2.5342480422041533,0.0713872687944831,0.6714,0.6714,6.4318,5.4154,68.6352,64.8228,0.5017666666666667,0.7215000000000004,4.762166666666666,5.18362,67.99000000000001,72.23088,2.5342480422041533,2.510874056485644
2024,Kolai Palas,41,0.0286,-0.9334,80.7041,280162.0,621.2798240791644,0.6690489279824079,6292.451621770203,0.3392935678944475,5.0,68.0,2.0,0.1784681719862079,2.4271671390124285,0.0713872687944831,0.1625,0.6714,2.4393,6.4318,70.512,68.6352,0.2875,0.4729400000000003,2.6459,3.7253,73.28376666666666,72.15652,2.4271671390124285,2.4590678803973613
2024,Kolai Palas,42,0.0,-0.6549,72.9941,280162.0,621.2798240791644,0.6690489279824079,6292.451621770203,0.3392935678944475,4.0,68.0,2.0,0.1427745375889663,2.4271671390124285,0.0713872687944831,0.0286,0.1625,-0.9334,2.4393,80.7041,70.512,0.0636999999999999,0.3067800000000004,0.283666666666666,2.5396399999999995,74.73673333333333,71.53364,2.4271671390124285,2.472559715989891
2024,Kolai Palas,43,0.0,-0.6337,73.1153,280162.0,621.2798240791644,0.6690489279824079,6292.451621770203,0.3392935678944475,9.0,82.0,2.0,0.3212427095751743,2.926878020573811,0.0713872687944831,0.0,0.0286,-0.6549,-0.9334,72.9941,80.7041,0.0095333333333333,0.1725000000000003,-0.7406666666666673,1.32982,75.60449999999999,73.19214,2.926878020573811,2.6727950041271686
2024,Kolai Palas,44,0.0143,-0.6233,71.0678,280162.0,621.2798240791644,0.6690489279824079,6292.451621770203,0.3392935678944475,3.0,56.0,0.0,0.1070809031917247,1.9988435262455293,0.0,0.0,0.0,-0.6337,-0.6549,73.1153,72.9941,0.0047666666666666,0.0410800000000003,-0.6373000000000006,-0.0812,72.39240000000001,73.67866000000001,1.9988435262455293,1.8724454848436016
2025,Kolai Palas,37,1.2571,7.9859,70.8962,331246.0,621.2798240791644,0.6690489279824079,6292.451621770203,0.3392935678944475,6.0,81.0,2.0,0.1811342627533615,2.445312547170381,0.0603780875844538,2.2429,1.7286,6.6243,8.0663,80.1492,80.3784,1.7428666666666668,2.8457200000000005,7.558833333333333,8.16354,77.14126666666665,78.79129999999999,2.445312547170381,2.397591870951472
2025,Kolai Palas,38,0.6,5.0579,73.0253,331246.0,621.2798240791644,0.6690489279824079,6292.451621770203,0.3392935678944475,6.0,68.0,2.0,0.1811342627533615,2.052854977871431,0.0603780875844538,1.2571,2.2429,7.9859,6.6243,70.8962,80.1492,1.366666666666667,1.5257200000000004,6.556033333333333,7.315079999999999,74.69023333333332,76.20772,2.052854977871431,2.142380381046457
2025,Kolai Palas,39,0.2714,4.5184,64.9711,331246.0,621.2798240791644,0.6690489279824079,6292.451621770203,0.3392935678944475,12.0,116.0,4.0,0.3622685255067231,3.501929079898324,0.1207561751689077,0.6,1.2571,5.0579,7.9859,73.0253,70.8962,0.7094999999999999,1.2200000000000004,5.854066666666667,6.450559999999999,69.63086666666666,73.88404,3.501929079898324,3.618643787325556
2025,Kolai Palas,40,0.0429,1.3841,71.873,331246.0,621.2798240791644,0.6690489279824079,6292.451621770203,0.3392935678944475,0.0,53.0,0.0,0.0,1.6000193209880271,0.0,0.2714,0.6,4.5184,5.0579,64.9711,73.0253,0.3047666666666667,0.8828600000000003,3.653466666666666,5.114119999999999,69.95646666666666,72.18296000000001,1.6000193209880271,1.680147965427781
2025,Kolai Palas,41,0.0,-4.8376,79.5008,331246.0,621.2798240791644,0.6690489279824079,6292.451621770203,0.3392935678944475,6.0,91.0,3.0,0.1811342627533615,2.74720298509265,0.0905671313766807,0.0429,0.2714,1.3841,4.5184,71.873,64.9711,0.1047666666666666,0.4342800000000004,0.3549666666666666,2.8217399999999992,72.11496666666666,72.05328,2.74720298509265,2.6968232993804024
2025,Kolai Palas,42,0.0,-0.3974,55.9147,331246.0,621.2798240791644,0.6690489279824079,6292.451621770203,0.3392935678944475,2.0,104.0,0.0,0.0603780875844538,3.1396605543916003,0.0,0.0,0.0429,-4.8376,1.3841,79.5008,71.873,0.0143,0.1828600000000003,-1.2836333333333334,1.1450799999999992,69.09616666666666,69.05698000000001,3.1396605543916003,3.177879264287226
2025,Kolai Palas,43,0.0,-2.3802,64.477,331246.0,621.2798240791644,0.6690489279824079,6292.451621770203,0.3392935678944475,7.0,72.0,3.0,0.2113233065455884,2.1736111530403384,0.0905671313766807,0.0,0.0,-0.3974,-4.8376,55.9147,79.5008,0.0,0.0628600000000003,-2.5384,-0.3425400000000007,66.63083333333334,67.34732,2.1736111530403384,2.1775490350887967
2025,Korangi,37,17.8143,26.8835,86.3352,2970331.0,8.0,0.0,95.0,0.2,65.0,323.0,0.0,0.2188308306380669,1.0874208968630097,0.0,0.0714,15.7429,28.6552,28.6564,75.576,85.9388,11.209533333333331,7.13144,28.06503333333333,28.2545,82.61666666666666,80.8057,1.0874208968630097,1.244391260234461
2025,Korangi,38,0.4143,27.4145,82.9867,2970331.0,8.0,0.0,95.0,0.2,63.0,386.0,0.0,0.2120975743107418,1.2995184711737513,0.0,17.8143,0.0714,26.8835,28.6552,86.3352,75.576,6.1000000000000005,6.954299999999999,27.651066666666665,28.0916,81.63263333333333,81.74164,1.2995184711737513,1.2908766805240255
2025,Korangi,39,0.3714,28.0698,78.3287,2970331.0,8.0,0.0,95.0,0.2,109.0,397.0,0.0,0.3669624698392199,1.3365513809740397,0.0,0.4143,17.8143,27.4145,26.8835,82.9867,86.3352,6.199999999999999,6.882859999999999,27.45593333333333,27.935880000000004,82.5502,81.83308,1.3365513809740397,1.5019459101534292
2025,Korangi,40,2.9,29.632,71.7966,2970331.0,8.0,0.0,95.0,0.2,115.0,386.0,0.0,0.3871622388211954,1.2995184711737513,0.0,0.3714,0.4143,28.0698,27.4145,78.3287,82.9867,1.2285666666666666,4.314279999999999,28.3721,28.131,77.70400000000001,79.00464,1.2995184711737513,1.3797834446877983
2025,Korangi,41,0.0286,28.0915,62.5448,2970331.0,8.0,0.0,95.0,0.2,105.0,414.0,0.0,0.3534959571845696,1.3937840597563032,0.0,2.9,0.3714,29.632,28.0698,71.7966,78.3287,1.1,4.305719999999999,28.59776666666667,28.01826,70.89003333333334,76.39840000000001,1.3937840597563032,1.3869085153105187
2025,Korangi,42,0.0,29.0844,46.91,2970331.0,8.0,0.0,95.0,0.2,112.0,334.0,0.0,0.3770623543302076,1.124453806663298,0.0,0.0286,2.9,28.0915,29.632,62.5448,71.7966,0.9762,0.7428599999999992,28.935966666666666,28.458440000000003,60.41713333333333,68.51336,1.124453806663298,1.1639452417015734
2025,Korangi,43,0.0,30.4877,32.0779,2970331.0,8.0,0.0,95.0,0.2,114.0,399.0,0.0,0.3837956106575327,1.3432846373013647,0.0,0.0,0.0286,29.0844,28.0915,46.91,62.5448,0.0095333333333333,0.6599999999999993,29.2212,29.07308,47.17756666666667,58.3316,1.3432846373013647,1.2445190573685148
2025,L & C Kurram,37,0.7286,16.9485,78.4512,604463.0,621.2798240791644,0.6690489279824079,6292.451621770203,0.3392935678944475,0.0,52.0,1.0,0.0,0.8602677086935016,0.0165436097825673,3.2143,4.4143,16.2848,17.616,80.7043,84.5674,2.7857333333333334,2.39144,16.949766666666665,17.974800000000002,81.24096666666667,80.4153,0.8602677086935016,0.7583759007207256
2025,L & C Kurram,38,1.0571,15.9958,75.5352,604463.0,621.2798240791644,0.6690489279824079,6292.451621770203,0.3392935678944475,27.0,38.0,7.0,0.4466774641293181,0.6286571717375588,0.1158052684779713,0.7286,3.2143,16.9485,16.2848,78.4512,80.7043,1.6666666666666667,2.22,16.4097,17.319380000000002,78.23023333333335,80.03312,0.6286571717375588,0.5563562089442762
2025,L & C Kurram,39,0.5286,15.0762,66.3635,604463.0,621.2798240791644,0.6690489279824079,6292.451621770203,0.3392935678944475,15.0,37.0,0.0,0.24815414673851,0.6121135619549914,0.0,1.0571,0.7286,15.9958,16.9485,75.5352,78.4512,0.7714333333333333,1.98858,16.006833333333333,16.38426,73.44996666666667,77.12432000000001,0.6121135619549914,0.5297123129163905
2025,L & C Kurram,40,0.9143,13.1086,68.1837,604463.0,621.2798240791644,0.6690489279824079,6292.451621770203,0.3392935678944475,1.0,17.0,0.0,0.0165436097825673,0.2812413663036447,0.0,0.5286,1.0571,15.0762,15.9958,66.3635,75.5352,0.8333333333333331,1.28858,14.726866666666666,15.48278,70.02746666666667,73.84758000000001,0.2812413663036447,0.21551534758454505
2025,L & C Kurram,41,1.2857,8.7395,68.6757,604463.0,621.2798240791644,0.6690489279824079,6292.451621770203,0.3392935678944475,0.0,20.0,3.0,0.0,0.3308721956513467,0.049630829347702,0.9143,0.5286,13.1086,15.0762,68.1837,66.3635,0.9095333333333334,0.90286,12.3081,13.97372,67.74096666666667,71.44186,0.3308721956513467,0.2888945188430405
2025,L & C Kurram,42,0.0286,11.0562,62.8353,604463.0,621.2798240791644,0.6690489279824079,6292.451621770203,0.3392935678944475,8.0,13.0,0.0,0.1323488782605387,0.2150669271733754,0.0,1.2857,0.9143,8.7395,13.1086,68.6757,68.1837,0.7428666666666667,0.76286,10.9681,12.79526,66.5649,68.31868,0.2150669271733754,0.1918854423380072
2025,L & C Kurram,43,0.4,9.1592,56.0956,604463.0,621.2798240791644,0.6690489279824079,6292.451621770203,0.3392935678944475,0.0,7.0,3.0,0.0,0.1158052684779713,0.049630829347702,0.0286,1.2857,11.0562,8.7395,62.8353,68.6757,0.5714333333333335,0.63144,9.651633333333336,11.42794,62.53553333333334,64.43076,0.1158052684779713,0.10760255636198046
2024,Lakki Marwat,37,2.8615,28.6302,74.0996,1040856.0,250.0,1.0,3164.0,0.2,395.0,755.0,5.0,3.7949533845219694,7.253645076744525,0.0480373846142021,7.6143,3.6,28.4956,28.5336,77.1594,75.6881,4.691933333333333,4.94944,28.55313333333333,28.84574,75.64903333333335,76.58504,7.253645076744525,7.117901348920774
2024,Lakki Marwat,38,0.0571,29.6254,58.743,1040856.0,250.0,1.0,3164.0,0.2,431.0,769.0,3.0,4.140822553744226,7.388149753664292,0.0288224307685212,2.8615,7.6143,28.6302,28.4956,74.0996,77.1594,3.5109666666666666,4.14658,28.91706666666667,28.85192,70.00066666666667,72.6883,7.388149753664292,7.353006214160533
2024,Lakki Marwat,39,3.0286,29.9971,63.4177,1040856.0,250.0,1.0,3164.0,0.2,444.0,731.0,4.0,4.265719753741151,7.023065630596356,0.0384299076913617,0.0571,2.8615,29.6254,28.6302,58.743,74.0996,1.9824,3.4323,29.41756666666667,29.05638,65.4201,69.82156,7.023065630596356,7.016587695614817
2024,Lakki Marwat,40,2.0375,27.9583,60.8086,1040856.0,250.0,1.0,3164.0,0.2,516.0,722.0,25.0,4.957458092185664,6.936598338290791,0.2401869230710107,3.0286,0.0571,29.9971,29.6254,63.4177,58.743,1.7077333333333335,3.1198,29.193600000000004,28.94132,60.98976666666667,66.84566000000001,6.936598338290791,6.918229424300517
2024,Lakki Marwat,41,0.9143,25.6459,53.1195,1040856.0,250.0,1.0,3164.0,0.2,706.0,708.0,4.0,6.782878707525345,6.802093661371025,0.0384299076913617,2.0375,3.0286,27.9583,29.9971,60.8086,63.4177,1.9934666666666667,1.7798000000000005,27.867100000000004,28.37138,59.11526666666666,62.03768,6.802093661371025,6.796272125650127
2024,Lakki Marwat,42,0.0,25.8552,47.824,1040856.0,250.0,1.0,3164.0,0.2,566.0,687.0,59.0,5.437831938327685,6.600336645991376,0.5668411384475854,0.9143,2.0375,25.6459,27.9583,53.1195,60.8086,0.9839333333333332,1.2075,26.486466666666672,27.81638,53.91736666666666,56.78256,6.600336645991376,6.57580614813109
2024,Lakki Marwat,43,0.0714,25.2317,58.254,1040856.0,250.0,1.0,3164.0,0.2,536.0,623.0,5.0,5.149607630642472,5.985458122929589,0.0480373846142021,0.0,0.9143,25.8552,25.6459,47.824,53.1195,0.3285666666666667,1.21036,25.577600000000004,26.93764,53.06583333333333,56.68476,5.985458122929589,5.885697072959346
2024,Lakki Marwat,44,0.0,23.1049,67.6811,1040856.0,250.0,1.0,3164.0,0.2,470.0,690.0,6.0,4.515514153735003,6.629159076759898,0.0576448615370425,0.0714,0.0,25.2317,25.8552,58.254,47.824,0.0238,0.6046400000000001,24.73060000000001,25.5592,57.9197,57.53743999999999,6.629159076759898,6.706996116317498
2025,Lakki Marwat,37,0.1,31.3927,61.8723,1059019.0,250.0,1.0,3164.0,0.2,0.0,980.0,1.0,0.0,9.253847192543288,0.0094427012168809,1.3143,11.0143,29.4263,30.2364,65.3691,68.9929,4.1428666666666665,3.22,30.3518,31.56718,65.41143333333333,62.15712,9.253847192543288,8.99890915601815
2025,Lakki Marwat,38,2.2286,31.4123,57.6717,1059019.0,250.0,1.0,3164.0,0.2,859.0,931.0,18.0,8.111280345300699,8.791154832916122,0.1699686219038563,0.1,1.3143,31.3927,29.4263,61.8723,65.3691,1.2142999999999995,3.2143,30.74376666666667,31.20052,61.6377,62.09740000000001,8.791154832916122,8.907715161317562
2025,Lakki Marwat,39,0.3714,29.5992,59.0626,1059019.0,250.0,1.0,3164.0,0.2,1184.0,965.0,14.0,11.18015824078699,9.112206674290071,0.1321978170363326,2.2286,0.1,31.4123,31.3927,57.6717,61.8723,0.8999999999999994,3.00572,30.8014,30.41338,59.53553333333334,62.593720000000005,9.112206674290071,9.275935237514846
2025,Lakki Marwat,40,1.7143,27.7653,59.4387,1059019.0,250.0,1.0,3164.0,0.2,974.0,1002.0,14.0,9.197190985242004,9.461586619314668,0.1321978170363326,0.3714,2.2286,29.5992,31.4123,59.0626,57.6717,1.4380999999999995,1.14572,29.59226666666667,29.91916,58.72433333333333,60.68288,9.461586619314668,9.419899385012851
2025,Lakki Marwat,41,0.4857,22.4787,60.0243,1059019.0,250.0,1.0,3164.0,0.2,852.0,986.0,12.0,8.045181436782531,9.310503399844574,0.1133124146025708,1.7143,0.3714,27.7653,29.5992,59.4387,59.0626,0.8571333333333326,0.98,26.614400000000003,28.52964,59.50853333333333,59.61391999999999,9.310503399844574,9.30501457100776
2025,Lakki Marwat,42,0.0,24.2656,59.4776,1059019.0,250.0,1.0,3164.0,0.2,823.0,779.0,11.0,7.7713431014929855,7.355864247950226,0.1038697133856899,0.4857,1.7143,22.4787,27.7653,60.0243,59.4387,0.7333333333333328,0.96,24.836533333333332,27.10422,59.64686666666666,59.13498,7.355864247950226,7.43347014563041
2025,Lakki Marwat,43,0.0,22.7343,57.4578,1059019.0,250.0,1.0,3164.0,0.2,638.0,689.0,0.0,6.024443376370018,6.506021138430944,0.0,0.0,0.4857,24.2656,22.4787,59.4776,60.0243,0.1618999999999994,0.51428,23.15953333333333,25.36862,58.98656666666667,59.092200000000005,6.506021138430944,6.767215950206968
2024,Larkana,44,0.0,28.9062,46.2792,1784453.0,48.0,2.0,1906.0,0.5,7364.0,1751.0,16.0,41.26754809457016,9.812530786745294,0.0896633310039547,0.0,0.0,29.8554,29.2057,41.7302,48.5274,0.0,0.0,29.322433333333333,29.91542,45.51226666666668,48.76052,9.812530786745294,10.241345475287494
2025,Larkana,37,6.8286,28.6967,78.3998,1842403.0,48.0,2.0,1906.0,0.5,7126.0,1950.0,46.0,38.67774857075244,10.584003608331075,0.249673931273451,0.1857,3.1571,34.6827,33.7161,49.7399,60.121,3.3904666666666667,2.0457,32.36516666666666,33.322799999999994,62.75356666666666,57.50424,10.584003608331075,10.941205521388602
2025,Larkana,38,0.0,31.1973,66.2391,1842403.0,48.0,2.0,1906.0,0.5,7146.0,1951.0,34.0,38.78630245391481,10.589431302489194,0.184541601376029,6.8286,0.1857,28.6967,34.6827,78.3998,49.7399,2.3381000000000003,2.0457,31.525566666666663,32.66106,64.79293333333332,60.69298,10.589431302489194,11.123575231138588
2025,Larkana,39,0.0,32.4664,52.8564,1842403.0,48.0,2.0,1906.0,0.5,6906.0,1765.0,22.0,37.48365585596637,9.579880189079152,0.119409271478607,0.0,6.8286,31.1973,28.6967,66.2391,78.3998,2.2762,2.03428,30.7868,32.15184,65.83176666666667,61.47124,9.579880189079152,9.999706337833178
2025,Larkana,40,0.0429,33.519,45.7695,1842403.0,48.0,2.0,1906.0,0.5,5508.0,1401.0,13.0,29.8957394229167,7.604199515524018,0.0705600240555405,0.0,0.0,32.4664,31.1973,52.8564,66.2391,0.0143000000000002,1.4114400000000002,32.39423333333334,32.11242,54.955000000000005,58.60094,7.604199515524018,7.737550230953971
2025,Larkana,43,0.0,29.0812,29.9232,1842403.0,48.0,2.0,1906.0,0.5,7841.0,1596.0,45.0,42.55854989380716,8.662599876357127,0.2442462371153325,0.0,0.0,29.4146,28.8339,28.4133,40.7802,0.0,0.0085800000000001,29.1099,30.66302,33.038900000000005,39.54852,8.662599876357127,8.642846372246849
2024,Lasbella,37,0.5692,26.6161,84.2922,680977.0,621.2798240791644,0.6690489279824079,6292.451621770203,0.3392935678944475,527.0,395.0,1.0,7.738881048845996,5.800489590691022,0.0146847837739013,0.4,6.0,26.5654,27.3564,86.8871,82.1621,2.3230666666666666,2.0624200000000004,26.84596666666667,27.0192,84.44713333333333,84.99719999999999,5.800489590691022,5.783145841433201
2024,Lasbella,38,0.0571,27.0189,81.6119,680977.0,621.2798240791644,0.6690489279824079,6292.451621770203,0.3392935678944475,673.0,436.0,0.0,9.882859479835588,6.402565725420976,0.0,0.5692,0.4,26.6161,26.5654,84.2922,86.8871,0.3421,1.6738400000000002,26.73346666666667,26.95312,84.26373333333332,83.93162,6.402565725420976,6.757900109070716
2024,Lasbella,39,0.1714,27.4728,81.3978,680977.0,621.2798240791644,0.6690489279824079,6292.451621770203,0.3392935678944475,401.0,715.0,10.0,5.888598293334431,10.499620398339443,0.1468478377390132,0.0571,0.5692,27.0189,26.6161,81.6119,84.2922,0.2659,1.43954,27.03593333333333,27.00592,82.43396666666666,83.27022000000001,10.499620398339443,10.72387930955608
2024,Lasbella,40,0.2625,27.6037,80.3387,680977.0,621.2798240791644,0.6690489279824079,6292.451621770203,0.3392935678944475,55.0,348.0,0.0,0.8076631075645726,5.11030475331766,0.0,0.1714,0.0571,27.4728,27.0189,81.3978,81.6119,0.1636666666666666,0.2920399999999999,27.365133333333333,27.05538,81.11613333333334,82.90554,5.11030475331766,5.239179800585104
2024,Lasbella,41,0.0,30.4963,45.7284,680977.0,621.2798240791644,0.6690489279824079,6292.451621770203,0.3392935678944475,79.0,766.0,0.0,1.1600979181382045,11.24854437080841,0.0,0.2625,0.1714,27.6037,27.4728,80.3387,81.3978,0.1446333333333333,0.21204,28.524266666666666,27.84156,69.15496666666665,74.6738,11.24854437080841,11.498514509501135
2024,Lasbella,42,0.0,30.1097,53.2915,680977.0,621.2798240791644,0.6690489279824079,6292.451621770203,0.3392935678944475,79.0,719.0,0.0,1.1600979181382045,10.55835953343505,0.0,0.0,0.2625,30.4963,27.6037,45.7284,80.3387,0.0875,0.0982,29.403233333333333,28.540280000000003,59.7862,68.47366,10.55835953343505,11.076164463403318
2024,Lasbella,43,0.0143,29.4323,56.6685,680977.0,621.2798240791644,0.6690489279824079,6292.451621770203,0.3392935678944475,161.0,299.0,0.0,2.364250187598113,4.390750348396495,0.0,0.0,0.0,30.1097,30.4963,53.2915,45.7284,0.0047666666666666,0.08964,30.012766666666668,29.02296,51.89613333333333,63.48497999999999,4.390750348396495,4.621873849011582
2024,Lasbella,44,0.0,26.4413,76.6693,680977.0,621.2798240791644,0.6690489279824079,6292.451621770203,0.3392935678944475,521.0,56.0,0.0,7.650772346202588,0.8223478913384741,0.0,0.0143,0.0,29.4323,30.1097,56.6685,53.2915,0.0047666666666666,0.05536,28.6611,28.81666,62.20976666666667,62.53928,0.8223478913384741,0.6187059502692644
2025,Lasbella,37,14.2143,26.0365,87.4427,697550.0,621.2798240791644,0.6690489279824079,6292.451621770203,0.3392935678944475,342.0,441.0,6.0,4.902874345925024,6.322127446061214,0.0860153394021933,0.7143,12.4286,26.5892,28.1175,85.6714,84.718,9.119066666666669,6.0143,26.9144,26.99282,85.94403333333332,84.61554,6.322127446061214,6.337679184923407
2025,Lasbella,38,1.7857,26.166,87.159,697550.0,621.2798240791644,0.6690489279824079,6292.451621770203,0.3392935678944475,515.0,545.0,5.0,7.3829832986882655,7.813059995699233,0.0716794495018278,14.2143,0.7143,26.0365,26.5892,87.4427,85.6714,5.571433333333332,5.9743,26.263900000000003,26.89444,86.7577,85.39048,7.813059995699233,8.361499499712197
2025,Lasbella,39,0.9286,26.274,85.9094,697550.0,621.2798240791644,0.6690489279824079,6292.451621770203,0.3392935678944475,460.0,514.0,7.0,6.594509354168159,7.3686474087879,0.1003512293025589,1.7857,14.2143,26.166,26.0365,87.159,87.4427,5.6428666666666665,6.0143,26.15883333333333,26.63664,86.83703333333334,86.1801,7.3686474087879,7.537169652838977
2025,Lasbella,40,0.1714,29.5424,65.4988,697550.0,621.2798240791644,0.6690489279824079,6292.451621770203,0.3392935678944475,544.0,406.0,4.0,7.798724105798867,5.820371299548419,0.0573435596014622,0.9286,1.7857,26.274,26.166,85.9094,87.159,0.9619,3.56286,27.327466666666663,26.92162,79.52239999999999,82.33626000000001,5.820371299548419,5.891937345545715
2025,Lasbella,41,0.0429,25.6707,68.1699,697550.0,621.2798240791644,0.6690489279824079,6292.451621770203,0.3392935678944475,686.0,390.0,13.0,9.83442047165078,5.590997061142571,0.1863665687047523,0.1714,0.9286,29.5424,26.274,65.4988,85.9094,0.3809666666666667,3.42858,27.162366666666667,26.737919999999995,73.1927,78.83596,5.590997061142571,5.909218380997488
2025,Lasbella,42,0.0,26.3445,52.021,697550.0,621.2798240791644,0.6690489279824079,6292.451621770203,0.3392935678944475,680.0,426.0,11.0,9.748405132248584,6.107089097555732,0.1576947889040212,0.0429,0.1714,25.6707,29.5424,68.1699,65.4988,0.0714333333333333,0.58572,27.18586666666667,26.79952,61.896566666666665,71.75161999999999,6.107089097555732,6.4960546694459405
2025,Lasbella,43,0.0,27.8124,35.9829,697550.0,621.2798240791644,0.6690489279824079,6292.451621770203,0.3392935678944475,700.0,366.0,14.0,10.035122930255897,5.246935703533796,0.2007024586051179,0.0,0.0429,26.3445,25.6707,52.021,68.1699,0.0143,0.22858,26.6092,27.1288,52.05793333333333,61.5164,5.246935703533796,5.5779772237196505
2024,Loralai,38,0.0,25.6514,39.4614,272432.0,1400.0,0.0,3785.0,0.2,82.0,285.0,16.0,3.00992541258002,10.461326129089093,0.5873025195278088,0.3615,1.6571,23.3587,22.6927,64.5364,81.2684,0.6728666666666667,1.52722,23.90093333333333,23.6209,61.75539999999999,68.67627999999999,10.461326129089093,10.143689715567543
2024,Loralai,39,0.0,26.16,48.97,272432.0,1400.0,0.0,3785.0,0.2,276.0,73.0,0.0,10.1309684618547,2.6795677453456275,0.0,0.0,0.3615,25.6514,23.3587,39.4614,64.5364,0.1205,1.0015,25.0567,24.20304,50.98926666666667,61.82348,2.6795677453456275,2.671255797202
2024,Loralai,40,0.8875,24.3556,34.8562,272432.0,1400.0,0.0,3785.0,0.2,317.0,201.0,9.0,11.635931168144712,7.377987901568098,0.3303576672343924,0.0,0.0,26.16,25.6514,48.97,39.4614,0.2958333333333333,0.58122,25.389,24.44368,41.095866666666666,53.81848,7.377987901568098,7.745748075990478
2024,Loralai,41,1.0,19.9868,40.3518,272432.0,1400.0,0.0,3785.0,0.2,376.0,60.0,1.0,13.801609208903503,2.202384448229283,0.036706407470488,0.8875,0.0,24.3556,26.16,34.8562,48.97,0.6291666666666667,0.4497999999999999,23.5008,23.9025,41.39266666666666,45.63516,2.202384448229283,2.0858421985360964
2024,Loralai,42,0.0,21.7374,20.1146,272432.0,1400.0,0.0,3785.0,0.2,243.0,25.0,0.0,8.919657015328596,0.9176601867622012,0.0,1.0,0.8875,19.9868,24.3556,40.3518,34.8562,0.6291666666666667,0.3775,22.0266,23.57824,31.7742,36.7508,0.9176601867622012,1.1264829524198863
2024,Loralai,43,0.0,21.5808,33.0026,272432.0,1400.0,0.0,3785.0,0.2,653.0,41.0,24.0,23.969284078228696,1.50496270629001,0.8809537792917131,0.0,1.0,21.7374,19.9868,20.1146,40.3518,0.3333333333333333,0.3775,21.101666666666667,22.76412,31.156333333333333,35.459039999999995,1.50496270629001,2.076090194088228
2024,Loralai,44,0.0,20.8847,26.8243,272432.0,1400.0,0.0,3785.0,0.2,64.0,287.0,0.0,2.349210078111235,10.534738944030073,0.0,0.0,0.0,21.5808,21.7374,33.0026,20.1146,0.0,0.3775,21.400966666666665,21.70906,26.647166666666664,31.029900000000005,10.534738944030073,10.315610811394674
2025,Loralai,37,0.0857,24.5094,64.7079,479944.0,1400.0,0.0,3785.0,0.2,58.0,289.0,22.0,1.2084743220042338,6.021535845848683,0.4583868117947094,0.0429,0.9143,25.477,25.9189,58.228,67.2769,0.3476333333333333,0.22572,25.30176666666667,26.24946,63.404266666666665,59.49416,6.021535845848683,5.966584096722583
2025,Loralai,38,0.0,25.4165,36.0449,479944.0,1400.0,0.0,3785.0,0.2,79.0,279.0,1.0,1.6460253696264564,5.813178204123814,0.0208357641724867,0.0857,0.0429,24.5094,25.477,64.7079,58.228,0.0428666666666666,0.22572,25.1343,25.7676,52.9936,56.61608,5.813178204123814,5.662020614579345
2025,Loralai,39,0.0,25.4594,30.8717,479944.0,1400.0,0.0,3785.0,0.2,56.0,262.0,0.0,1.1668027936592602,5.458970213191538,0.0,0.0,0.0857,25.4165,24.5094,36.0449,64.7079,0.0285666666666666,0.20858,25.128433333333334,25.35624,43.87483333333333,51.42587999999999,5.458970213191538,5.335433301774756
2025,Loralai,40,0.0143,23.9124,37.0343,479944.0,1400.0,0.0,3785.0,0.2,52.0,245.0,2.0,1.083459736969313,5.104762222259264,0.0416715283449735,0.0,0.0,25.4594,25.4165,30.8717,36.0449,0.0047666666666666,0.02858,24.92943333333333,24.95494,34.650299999999994,45.37736,5.104762222259264,4.953607436631058
2025,Loralai,41,0.0,18.2627,35.4362,479944.0,1400.0,0.0,3785.0,0.2,58.0,252.0,0.0,1.2084743220042338,5.250612571466671,0.0,0.0143,0.0,23.9124,25.4594,37.0343,30.8717,0.0047666666666666,0.02,22.544833333333333,23.51208,34.447399999999995,40.819,5.250612571466671,5.0697175607854685
2025,Loralai,42,0.0,20.1427,24.2206,479944.0,1400.0,0.0,3785.0,0.2,77.0,245.0,0.0,1.6043538412814828,5.104762222259264,0.0,0.0,0.0143,18.2627,23.9124,35.4362,37.0343,0.0047666666666666,0.00286,20.7726,22.63874,32.23036666666666,32.72154,5.104762222259264,4.938745586346929
2025,Loralai,43,0.0,19.0627,29.2803,479944.0,1400.0,0.0,3785.0,0.2,70.0,263.0,0.0,1.4585034920740754,5.479805977364026,0.0,0.0,0.0,20.1427,18.2627,24.2206,35.4362,0.0,0.00286,19.156033333333333,21.36798,29.645699999999994,31.36862,5.479805977364026,5.321944094661882
2025,Malakand,37,0.9286,27.2358,69.9752,870427.0,700.0,1.0,952.0,0.2,40.0,817.0,0.0,0.4595445683555312,9.386197808661729,0.0,4.7143,7.6857,25.654,26.2543,74.9762,76.0212,4.442866666666666,7.385720000000001,26.38136666666667,26.7847,73.65753333333333,75.15812,9.386197808661729,9.878897234111333
2025,Malakand,38,5.8857,26.0849,65.9642,870427.0,700.0,1.0,952.0,0.2,52.0,1068.0,9.0,0.5974079388621906,12.269839975092683,0.1033975278799945,0.9286,4.7143,27.2358,25.654,69.9752,74.9762,3.842866666666667,7.314279999999999,26.3249,26.440520000000003,70.3052,73.67112,12.269839975092683,12.205179802325919
2025,Malakand,39,0.9714,26.4165,54.5215,870427.0,700.0,1.0,952.0,0.2,101.0,1532.0,6.0,1.1603500350977165,17.600556968016846,0.0689316852533297,5.8857,0.9286,26.0849,27.2358,65.9642,69.9752,2.5952333333333333,4.03714,26.579066666666662,26.3291,63.48696666666667,68.29166000000001,17.600556968016846,17.65038343520419
2025,Malakand,40,4.2571,24.0269,56.6419,870427.0,700.0,1.0,952.0,0.2,96.0,1045.0,0.0,1.1029069640532752,12.005601848288254,0.0,0.9714,5.8857,26.4165,26.0849,54.5215,65.9642,3.704733333333333,3.35142,25.50943333333333,25.88362,59.04253333333333,64.4158,12.005601848288254,12.05478179611853
2025,Malakand,41,1.7143,19.9584,53.763,870427.0,700.0,1.0,952.0,0.2,46.0,917.0,5.0,0.528476253608861,10.535059229550557,0.0574430710444414,4.2571,0.9714,24.0269,26.4165,56.6419,54.5215,2.3142666666666667,2.7514200000000004,23.467266666666664,24.7445,54.97546666666667,60.17316000000001,10.535059229550557,10.607482506561713
2025,Malakand,42,0.0,22.7448,52.9454,870427.0,700.0,1.0,952.0,0.2,29.0,806.0,0.0,0.3331698120577602,9.259823052363956,0.0,1.7143,4.2571,19.9584,24.0269,53.763,56.6419,1.9904666666666664,2.5657,22.243366666666663,23.846300000000003,54.4501,56.7672,9.259823052363956,9.7929317380679
2025,Malakand,43,0.0,21.9977,39.5671,870427.0,700.0,1.0,952.0,0.2,41.0,611.0,0.0,0.4710331825644195,7.01954328163074,0.0,0.0,1.7143,22.7448,19.9584,52.9454,53.763,0.5714333333333333,1.38856,21.56696666666667,23.02886,48.758500000000005,51.48778,7.01954328163074,7.239253154952927
2025,Malir,37,17.0857,26.6916,86.8396,2428732.0,20.0,0.0,2268.0,0.75,198.0,1450.0,67.0,0.815240215882197,5.970193500147403,0.2758641134550868,0.0286,14.5,29.0895,28.7991,73.1818,84.8921,10.5381,6.50858,28.1934,28.50048,81.63783333333333,78.96268,5.970193500147403,6.025381527901865
2025,Malir,38,0.4429,27.2035,83.736,2428732.0,20.0,0.0,2268.0,0.75,181.0,1739.0,38.0,0.7452448438115032,7.160114825349194,0.1564602434521388,17.0857,0.0286,26.6916,29.0895,86.8396,73.1818,5.8524,6.500019999999999,27.66153333333333,28.228160000000003,81.25246666666668,80.59360000000001,7.160114825349194,7.714059713213441
2025,Malir,39,0.0571,27.9208,78.8545,2428732.0,20.0,0.0,2268.0,0.75,187.0,1660.0,42.0,0.7699490927776305,6.834842213961853,0.1729297427628902,0.4429,17.0857,27.2035,26.6916,83.736,86.8396,5.8619,6.42286,27.271966666666668,27.9409,83.14336666666667,81.5008,6.834842213961853,7.13922603968094
2025,Malir,40,2.7286,29.1735,73.7716,2428732.0,20.0,0.0,2268.0,0.75,143.0,1277.0,2.0,0.5887846003593645,5.257887654957401,0.0082347496553757,0.0571,0.4429,27.9208,27.2035,78.8545,83.736,1.0762,4.06858,28.099266666666665,28.01578,78.78736666666667,79.2767,5.257887654957401,5.277062823847608
2025,Malir,41,0.0,27.5193,63.6568,2428732.0,20.0,0.0,2268.0,0.75,119.0,1177.0,35.0,0.4899676044948557,4.846150172188615,0.1441081189690752,2.7286,0.0571,29.1735,27.9208,73.7716,78.8545,0.9285666666666668,4.06286,28.20453333333333,27.70174,72.0943,77.3717,4.846150172188615,4.555247549610462
2025,Malir,42,0.0,28.655,46.5167,2428732.0,20.0,0.0,2268.0,0.75,192.0,1450.0,63.0,0.7905359669160698,5.970193500147403,0.2593946141443354,0.0,2.7286,27.5193,29.1735,63.6568,73.7716,0.9095333333333334,0.6457200000000001,28.449266666666663,28.094420000000003,61.31503333333334,69.30712000000001,5.970193500147403,6.041154701838165
2025,Malir,43,0.0,29.4062,33.6802,2428732.0,20.0,0.0,2268.0,0.75,152.0,1287.0,43.0,0.6258409738085552,5.299061403234281,0.1770471175905781,0.0,0.0,28.655,27.5193,46.5167,63.6568,0.0,0.5571400000000001,28.52683333333333,28.53496,47.95123333333333,59.29596,5.299061403234281,5.214016457410779
2024,Mansehra,37,3.6231,23.3981,75.0005,1797177.0,1000.0,0.0,4579.0,0.2,4.0,628.0,22.0,0.0222571288192537,3.4943692246228397,0.1224142085058956,8.3,9.9667,23.2157,23.6389,80.7639,79.3015,7.296600000000001,6.96652,23.41756666666667,23.91774,78.3553,79.18878,3.4943692246228397,3.720440132458121
2024,Mansehra,38,0.0,24.0162,63.0372,1797177.0,1000.0,0.0,4579.0,0.2,5.0,521.0,3.0,0.0278214110240671,2.898991028707801,0.0166928466144403,3.6231,8.3,23.3981,23.2157,75.0005,80.7639,3.974366666666667,4.9151,23.543333333333333,23.73262,72.93386666666667,75.38456000000001,2.898991028707801,3.1435909819022934
2024,Mansehra,39,4.9429,23.9353,71.7159,1797177.0,1000.0,0.0,4579.0,0.2,6.0,584.0,5.0,0.0333856932288806,3.249540807611048,0.0278214110240671,0.0,3.6231,24.0162,23.3981,63.0372,75.0005,2.855333333333333,5.3665400000000005,23.783200000000004,23.64084,69.91786666666667,73.9638,3.249540807611048,3.604895741990442
2024,Mansehra,40,0.1125,22.1821,59.2088,1797177.0,1000.0,0.0,4579.0,0.2,3.0,454.0,5.0,0.0166928466144403,2.5261841209853007,0.0278214110240671,4.9429,0.0,23.9353,24.0162,71.7159,63.0372,1.6851333333333331,3.3957,23.377866666666662,23.34948,64.65396666666668,69.94526,2.5261841209853007,2.7766051657112776
2024,Mansehra,41,0.6,19.4073,57.1669,1797177.0,1000.0,0.0,4579.0,0.2,8.0,434.0,3.0,0.0445142576385075,2.4148984768890323,0.0166928466144403,0.1125,4.9429,22.1821,23.9353,59.2088,71.7159,1.885133333333333,1.8557,21.841566666666665,22.5878,62.6972,65.22586,2.4148984768890323,2.7219178656346656
2024,Mansehra,42,0.0143,19.7282,53.4558,1797177.0,1000.0,0.0,4579.0,0.2,4.0,407.0,1.0,0.0222571288192537,2.264662857359069,0.0055642822048134,0.6,0.1125,19.4073,22.1821,57.1669,59.2088,0.2422666666666666,1.13394,20.4392,21.85382,56.6105,60.916920000000005,2.264662857359069,2.4781152831759066
2024,Mansehra,43,0.0,18.7936,59.2287,1797177.0,1000.0,0.0,4579.0,0.2,12.0,378.0,3.0,0.0667713864577612,2.1032986734194794,0.0166928466144403,0.0143,0.6,19.7282,19.4073,53.4558,57.1669,0.2047666666666666,1.13394,19.309700000000003,20.8093,56.617133333333335,60.15522,2.1032986734194794,2.375433444978584
2024,Mansehra,44,0.1286,16.9073,72.4758,1797177.0,1000.0,0.0,4579.0,0.2,0.0,239.0,1.0,0.0,1.3298634469504118,0.0055642822048134,0.0,0.0143,18.7936,19.7282,59.2287,53.4558,0.0476333333333333,0.17108,18.476366666666667,19.4037,61.7201,60.3072,1.3298634469504118,1.3574225198515686
2025,Mansehra,37,2.0571,23.8421,79.2301,1881089.0,1000.0,0.0,4579.0,0.2,271.0,1025.0,5.0,1.4406548547144766,5.448971313956968,0.0265803478729608,9.2857,15.8429,22.3561,23.1326,81.5973,84.2687,9.0619,8.111419999999999,23.110266666666664,23.78116,81.69869999999999,82.42573999999999,5.448971313956968,5.241140966838445
2025,Mansehra,38,1.5714,23.207,72.6392,1881089.0,1000.0,0.0,4579.0,0.2,12.0,1105.0,24.0,0.0637928348951059,5.874256879924342,0.1275856697902119,2.0571,9.2857,23.8421,22.3561,79.2301,81.5973,4.304733333333334,7.72856,23.13506666666667,23.49086,77.8222,80.69521999999999,5.874256879924342,5.6938559127490445
2025,Mansehra,39,0.5571,22.8722,63.2341,1881089.0,1000.0,0.0,4579.0,0.2,16.0,1142.0,31.0,0.0850571131934746,6.070951454184252,0.1647981568123571,1.5714,2.0571,23.207,23.8421,72.6392,79.2301,1.3952,5.86284,23.3071,23.082,71.70113333333335,76.19388000000001,6.070951454184252,5.941991238277255
2025,Mansehra,40,1.8429,20.671,63.8696,1881089.0,1000.0,0.0,4579.0,0.2,24.0,788.0,45.0,0.1275856697902119,4.189062824778626,0.2392231308566474,0.5571,1.5714,22.8722,23.207,63.2341,72.6392,1.3238,3.06284,22.250066666666665,22.58968,66.58096666666667,72.11406,4.189062824778626,4.294737250465865
2025,Mansehra,41,5.2571,15.8901,67.9589,1881089.0,1000.0,0.0,4579.0,0.2,11.0,716.0,10.0,0.0584767653205138,3.80630581540799,0.0531606957459216,1.8429,0.5571,20.671,22.8722,63.8696,63.2341,2.552366666666667,2.25712,19.8111,21.296479999999995,65.02086666666666,69.38638,3.80630581540799,4.054062092438597
2025,Mansehra,42,0.0,18.0689,65.0519,1881089.0,1000.0,0.0,4579.0,0.2,6.0,854.0,26.0,0.0318964174475529,4.539923416701709,0.1382178089393962,5.2571,1.8429,15.8901,20.671,67.9589,63.8696,2.3666666666666667,1.8457,18.21,20.14184,65.6268,66.55074,4.539923416701709,4.749635164669225
2025,Mansehra,43,0.1571,16.9353,54.0046,1881089.0,1000.0,0.0,4579.0,0.2,6.0,918.0,0.0,0.0318964174475529,4.880151869475607,0.0,0.0,5.2571,18.0689,15.8901,65.0519,67.9589,1.8047333333333333,1.56284,16.964766666666666,18.8875,62.33846666666667,62.82382,4.880151869475607,4.977537659147016
2024,Mardan,37,5.7538,27.3811,75.0878,2744898.0,300.0,0.0,1632.0,0.65,78.0,697.0,5.0,0.2841635645477536,2.539256467817748,0.0182156131120354,9.7143,3.6222,27.2779,27.5328,79.5706,78.5197,6.363433333333333,6.06376,27.397266666666667,27.75184,77.72603333333335,78.62152,2.539256467817748,2.611661274482607
2024,Mardan,38,0.0,26.9308,70.5089,2744898.0,300.0,0.0,1632.0,0.65,55.0,301.0,5.0,0.2003717442323904,1.0965799093445368,0.0182156131120354,5.7538,9.7143,27.3811,27.2779,75.0878,79.5706,5.156033333333332,4.53234,27.1966,27.45016,75.05576666666667,76.43884,1.0965799093445368,1.1365261726964473
2024,Mardan,39,6.6,27.4779,72.8084,2744898.0,300.0,0.0,1632.0,0.65,60.0,768.0,7.0,0.2185873573444259,2.797918174008652,0.0255018583568496,0.0,5.7538,26.9308,27.3811,70.5089,75.0878,4.117933333333332,5.13806,27.263266666666667,27.320100000000004,72.8017,75.29908,2.797918174008652,2.818722849113514
2024,Mardan,40,1.95,24.7998,70.7195,2744898.0,300.0,0.0,1632.0,0.65,83.0,618.0,5.0,0.3023791776597891,2.251449780647587,0.0182156131120354,6.6,0.0,27.4779,26.9308,72.8084,70.5089,2.849999999999999,4.80362,26.402833333333334,26.7735,71.34559999999999,73.73904,2.251449780647587,2.309015429741984
2024,Mardan,41,0.2,22.4005,65.0721,2744898.0,300.0,0.0,1632.0,0.65,47.0,557.0,5.0,0.1712267632531336,2.029219300680754,0.0182156131120354,1.95,6.6,24.7998,27.4779,70.7195,72.8084,2.916666666666666,2.90076,24.892733333333336,25.79802,69.53333333333335,70.83934,2.029219300680754,2.0247038618905435
2024,Mardan,42,0.0,22.5368,65.6165,2744898.0,300.0,0.0,1632.0,0.65,26.0,501.0,5.0,0.0947211881825845,1.8252044338259563,0.0182156131120354,0.2,1.95,22.4005,24.7998,65.0721,70.7195,0.716666666666666,1.75,23.2457,24.82916,67.13603333333333,68.94508,1.8252044338259563,1.8065299454477515
2024,Mardan,43,0.4571,21.6642,70.1178,2744898.0,300.0,0.0,1632.0,0.65,56.0,413.0,5.0,0.2040148668547975,1.5046096430541318,0.0182156131120354,0.0,0.2,22.5368,22.4005,65.6165,65.0721,0.2190333333333327,1.84142,22.2005,23.77584,66.93546666666667,68.86686,1.5046096430541318,1.4667928001842503
2024,Mardan,44,1.2143,19.5535,80.9968,2744898.0,300.0,0.0,1632.0,0.65,20.0,379.0,5.0,0.0728624524481419,1.3807434738922904,0.0182156131120354,0.4571,0.0,21.6642,22.5368,70.1178,65.6165,0.5571333333333327,0.76428,21.2515,22.19096,72.2437,70.50453999999999,1.3807434738922904,1.335718099176396
2025,Mardan,37,0.4286,28.6136,75.9501,2868781.0,300.0,0.0,1632.0,0.65,17.0,1220.0,20.0,0.0592586189046846,4.252677356689131,0.0697160222408054,3.7714,18.3286,27.1493,27.377,78.375,81.913,7.509533333333334,8.83144,27.7133,28.206560000000003,78.74603333333334,79.39472,4.252677356689131,4.20369256400077
2025,Mardan,38,2.6143,27.2948,74.5329,2868781.0,300.0,0.0,1632.0,0.65,346.0,971.0,10.0,1.2060871847659338,3.384712879791103,0.0348580111204027,0.4286,3.7714,28.6136,27.1493,75.9501,78.375,2.271433333333333,8.13716,27.685900000000004,27.851440000000004,76.286,78.6266,3.384712879791103,3.3405972859161954
2025,Mardan,39,1.5429,26.1005,73.086,2868781.0,300.0,0.0,1632.0,0.65,432.0,1452.0,19.0,1.505866080401397,5.061383214682474,0.0662302211287651,2.6143,0.4286,27.2948,28.6136,74.5329,75.9501,1.5286,5.33716,27.3363,27.30704,74.52300000000001,76.7714,5.061383214682474,5.2384320169642145
2025,Mardan,40,4.5143,23.9719,72.6425,2868781.0,300.0,0.0,1632.0,0.65,384.0,1276.0,32.0,1.3385476270234635,4.447882218963385,0.1115456355852886,1.5429,2.6143,26.1005,27.2948,73.086,74.5329,2.8905,2.5743,25.789066666666667,26.62602,73.42046666666666,74.9173,4.447882218963385,4.426725455096859
2025,Mardan,41,1.1,19.5806,73.9256,2868781.0,300.0,0.0,1632.0,0.65,311.0,1371.0,15.0,1.084084145844524,4.779033324607211,0.052287016680604,4.5143,1.5429,23.9719,26.1005,72.6425,73.086,2.385733333333333,2.04002,23.21766666666667,25.11228,73.21803333333334,74.02742,4.779033324607211,4.613915876459885
2025,Mardan,42,0.0,21.7877,72.7964,2868781.0,300.0,0.0,1632.0,0.65,222.0,1038.0,15.0,0.7738478468729402,3.618261554297801,0.052287016680604,1.1,4.5143,19.5806,23.9719,73.9256,72.6425,1.8714333333333333,1.9543000000000004,21.78006666666667,23.7471,73.12150000000001,73.39667999999999,3.618261554297801,3.504745878773117
2025,Mardan,43,0.0,20.1841,70.0025,2868781.0,300.0,0.0,1632.0,0.65,175.0,1231.0,64.0,0.6100151946070473,4.291021168921573,0.2230912711705773,0.0,1.1,21.7877,19.5806,72.7964,73.9256,0.3666666666666667,1.4314400000000005,20.517466666666667,22.32496,72.2415,72.4906,4.291021168921573,4.0840975076015225
2024,Mastung,37,0.0,23.2113,25.871,313271.0,1700.0,0.0,3308.0,0.2,180.0,205.0,32.0,5.745823903265863,6.543855000941677,1.0214798050250422,0.3,2.8667,23.8232,23.8065,41.3803,60.278,1.0555666666666663,0.7676399999999999,23.61366666666667,24.54052,42.50976666666666,48.11072,6.543855000941677,6.5887674342276705
2024,Mastung,38,0.0,24.3,24.6983,313271.0,1700.0,0.0,3308.0,0.2,173.0,211.0,1.0,5.522375195916634,6.735382464383871,0.0319212439070325,0.0,0.3,23.2113,23.8232,25.871,41.3803,0.0999999999999999,0.70192,23.778166666666667,24.078560000000003,30.649866666666657,40.36018,6.735382464383871,6.96963400686605
2024,Mastung,39,0.0,24.8494,26.786,313271.0,1700.0,0.0,3308.0,0.2,224.0,169.0,53.0,7.150358635175295,5.3946902202885045,1.6918259270727265,0.0,0.0,24.3,23.2113,24.6983,25.871,0.0,0.6333399999999999,24.12023333333333,23.99808,25.7851,35.80272,5.3946902202885045,5.522461404052142
2024,Mastung,40,0.6375,21.8973,33.4896,313271.0,1700.0,0.0,3308.0,0.2,174.0,238.0,2.0,5.554296439823667,7.597256049873751,0.0638424878140651,0.0,0.0,24.8494,24.3,26.786,24.6983,0.2125,0.1875,23.682233333333333,23.61624,28.32463333333333,30.44504,7.597256049873751,7.843929555930745
2024,Mastung,41,0.7286,18.3756,32.5839,313271.0,1700.0,0.0,3308.0,0.2,172.0,211.0,3.0,5.490453952009602,6.735382464383871,0.0957637317210977,0.6375,0.0,21.8973,24.8494,33.4896,26.786,0.4553666666666666,0.2732199999999999,21.70743333333333,22.52672,30.953166666666664,28.68576,6.735382464383871,7.011934392303393
2024,Mastung,42,0.0,19.1587,19.5185,313271.0,1700.0,0.0,3308.0,0.2,140.0,285.0,4.0,4.46897414698456,9.09755451350428,0.1276849756281302,0.7286,0.6375,18.3756,21.8973,32.5839,33.4896,0.4553666666666666,0.2732199999999999,19.810533333333336,21.7162,28.530666666666665,27.41526,9.09755451350428,8.941367594161353
2024,Mastung,43,0.0,19.0902,35.5176,313271.0,1700.0,0.0,3308.0,0.2,50.0,349.0,0.0,1.5960621953516283,11.140514123554366,0.0,0.0,0.7286,19.1587,18.3756,19.5185,32.5839,0.2428666666666666,0.2732199999999999,18.87483333333333,20.67424,29.206666666666667,29.57912,11.140514123554366,11.32411240804483
2024,Mastung,44,0.0,18.0033,31.1454,313271.0,1700.0,0.0,3308.0,0.2,137.0,192.0,2.0,4.373210415263462,6.128878830150254,0.0638424878140651,0.0,0.0,19.0902,19.1587,35.5176,19.5185,0.0,0.2732199999999999,18.750733333333333,19.30502,28.727166666666665,30.451000000000004,6.128878830150254,6.238234210046537
2025,Mastung,37,0.0,23.9959,57.4386,321574.0,1700.0,0.0,3308.0,0.2,76.0,139.0,20.0,2.363375148488373,4.322488758419524,0.6219408285495718,0.0,0.1429,24.2259,26.0822,30.0471,53.9664,0.0476333333333333,0.02858,24.768,25.79824,47.1507,41.79812,4.322488758419524,4.375013107880421
2025,Mastung,38,0.0,23.3402,18.6759,321574.0,1700.0,0.0,3308.0,0.2,76.0,179.0,0.0,2.363375148488373,5.566370415518668,0.0,0.0,0.0,23.9959,24.2259,57.4386,30.0471,0.0,0.02858,23.854,24.9864,35.3872,40.04348,5.566370415518668,5.432787014329466
2025,Mastung,39,0.0,23.9161,17.6893,321574.0,1700.0,0.0,3308.0,0.2,86.0,177.0,2.0,2.6743455627631585,5.504176332663711,0.0621940828549571,0.0,0.0,23.3402,23.9959,18.6759,57.4386,0.0,0.02858,23.750733333333333,24.31206,31.26793333333333,35.563460000000006,5.504176332663711,5.351552275726568
2025,Mastung,40,0.0,21.353,29.905,321574.0,1700.0,0.0,3308.0,0.2,48.0,100.0,0.0,1.492657988518972,3.109704142747859,0.0,0.0,0.0,23.9161,23.3402,17.6893,18.6759,0.0,0.0,22.869766666666667,23.36622,22.09006666666666,30.75118,3.109704142747859,3.2878722788478365
2025,Mastung,41,0.0,15.7956,20.3217,321574.0,1700.0,0.0,3308.0,0.2,77.0,119.0,0.0,2.3944721899158514,3.700547929869952,0.0,0.0,0.0,21.353,23.9161,29.905,17.6893,0.0,0.0,20.3549,21.68016,22.638666666666666,28.8061,3.700547929869952,3.928746203092033
2025,Mastung,42,0.0,18.1828,19.8205,321574.0,1700.0,0.0,3308.0,0.2,73.0,136.0,1.0,2.270084024205937,4.229197634137089,0.0310970414274785,0.0,0.0,15.7956,21.353,20.3217,29.905,0.0,0.0,18.4438,20.51754,23.349066666666666,21.28248,4.229197634137089,4.323144502912339
2025,Mastung,43,0.0,17.1872,21.5166,321574.0,1700.0,0.0,3308.0,0.2,42.0,104.0,1.0,1.3060757399541008,3.234092308457773,0.0310970414274785,0.0,0.0,18.1828,15.7956,19.8205,20.3217,0.0,0.0,17.0552,19.28694,20.55293333333333,21.85062,3.234092308457773,3.3591097807389607
2024,Matiari,38,0.0,30.8862,63.6378,849383.0,25.0,2.0,1417.0,0.2,2826.0,1999.0,8.0,33.27120980758974,23.534730504377887,0.094186015025024,1.9077,3.5429,29.2635,29.1645,73.2341,76.3988,1.816866666666667,4.054259999999999,29.7714,29.72276,71.09023333333333,72.51804,23.534730504377887,23.96678534262519
2024,Matiari,39,0.0,32.0871,59.8298,849383.0,25.0,2.0,1417.0,0.2,2911.0,1862.0,19.0,34.271936217230625,21.921794997074347,0.2236917856844321,0.0,1.9077,30.8862,29.2635,63.6378,73.2341,0.6359000000000006,3.8456799999999993,30.7456,30.070680000000003,65.56723333333333,70.18925999999999,21.921794997074347,22.03636464675606
2024,Matiari,40,0.0,31.8681,57.7962,849383.0,25.0,2.0,1417.0,0.2,2323.0,1549.0,14.0,27.34926411289136,18.23676715922028,0.164825526293792,0.0,0.0,32.0871,30.8862,59.8298,63.6378,0.0,1.0901199999999995,31.6138,30.653880000000004,60.42126666666666,66.17934,18.23676715922028,18.462064283189214
2024,Matiari,41,0.0,31.9305,37.9023,849383.0,25.0,2.0,1417.0,0.2,2867.0,1559.0,4.0,33.75391313459299,18.35449967800156,0.047093007512512,0.0,0.0,31.8681,32.0871,57.7962,59.8298,0.0,0.3815399999999996,31.9619,31.20708,51.842766666666655,58.48004,18.35449967800156,18.521276353987982
2024,Matiari,42,0.0,32.304,40.2287,849383.0,25.0,2.0,1417.0,0.2,2391.0,1484.0,11.0,28.149845240604066,17.47150578714196,0.129505770659408,0.0,0.0,31.9305,31.8681,37.9023,57.7962,0.0,0.0,32.034200000000006,31.81518,45.30906666666666,51.87895999999999,17.47150578714196,17.89446097857021
2024,Matiari,43,0.0,32.0365,33.9214,849383.0,25.0,2.0,1417.0,0.2,2488.0,1411.0,9.0,29.29185067278248,16.612058400038617,0.105959266903152,0.0,0.0,32.304,31.9305,40.2287,37.9023,0.0,0.0,32.09033333333334,32.04524,37.35079999999999,45.93568,16.612058400038617,17.076345056820266
2024,Matiari,44,0.0,29.5398,47.1855,849383.0,25.0,2.0,1417.0,0.2,1954.0,1235.0,8.0,23.00493416986212,14.539966069488086,0.094186015025024,0.0,0.0,32.0365,32.304,33.9214,40.2287,0.0,0.0,31.293433333333336,31.535779999999995,40.44519999999999,43.40682,14.539966069488086,15.032799414720184
2025,Matiari,40,0.5857,30.307,66.1033,930873.0,25.0,2.0,1417.0,0.2,3184.0,1211.0,61.0,34.20445109053544,13.009293426708046,0.6552988431289768,0.0,0.0,30.1148,29.0883,63.9783,73.1031,0.1952333333333339,3.1057,29.836700000000004,29.67702,67.72823333333332,69.5619,13.009293426708046,14.055523961568436
2024,Mirpurkhas,38,0.0,30.6679,64.1908,1681386.0,16.0,0.0,2925.0,0.5,7092.0,2856.0,7.0,42.1794876369852,16.985986561087103,0.0416323200026644,1.6846,3.1286,29.3673,29.2405,72.5709,76.1959,1.6043999999999994,3.402940000000001,29.758566666666667,29.765,70.98586666666667,72.16479999999999,16.985986561087103,17.7421600085737
2024,Mirpurkhas,39,0.0,31.7164,62.3097,1681386.0,16.0,0.0,2925.0,0.5,7230.0,3053.0,8.0,43.0002390884663,18.1576389954478,0.0475797942887593,0.0,1.6846,30.6679,29.3673,64.1908,72.5709,0.5615333333333328,3.2315200000000006,30.583866666666665,29.99656,66.35713333333334,70.51422,18.1576389954478,18.66708383643577
2024,Mirpurkhas,40,0.0,31.2885,60.7813,1681386.0,16.0,0.0,2925.0,0.5,4858.0,2697.0,33.0,28.89283008184914,16.04033814959801,0.1962666514411325,0.0,0.0,31.7164,30.6679,62.3097,64.1908,0.0,0.9626400000000008,31.224266666666665,30.45612,62.42726666666667,67.20971999999999,16.04033814959801,16.66512102380242
2024,Mirpurkhas,41,0.0,31.6521,40.0844,1681386.0,16.0,0.0,2925.0,0.5,5655.0,2746.0,8.0,33.632967087866795,16.331764389616662,0.0475797942887593,0.0,0.0,31.2885,31.7164,60.7813,62.3097,0.0,0.3369200000000007,31.552333333333333,30.938440000000003,54.3918,59.98742,16.331764389616662,16.946245756482288
2024,Mirpurkhas,42,0.0,32.0494,42.9353,1681386.0,16.0,0.0,2925.0,0.5,4857.0,2336.0,14.0,28.886882607563045,13.893299932317744,0.0832646400053289,0.0,0.0,31.6521,31.2885,40.0844,60.7813,0.0,0.0,31.663333333333338,31.47486,47.933666666666674,54.0603,13.893299932317744,14.782120476863684
2024,Mirpurkhas,43,0.0,31.692,36.4316,1681386.0,16.0,0.0,2925.0,0.5,3601.0,2086.0,8.0,21.416854904227822,12.406431360794013,0.0475797942887593,0.0,0.0,32.0494,31.6521,42.9353,40.0844,0.0,0.0,31.797833333333333,31.67968,39.8171,48.50846,12.406431360794013,12.937303812572885
2024,Mirpurkhas,44,0.0,29.6384,42.8928,1681386.0,16.0,0.0,2925.0,0.5,2754.0,1843.0,38.0,16.37934418390542,10.961195109272946,0.2260040228716071,0.0,0.0,31.692,32.0494,36.4316,42.9353,0.0,0.0,31.1266,31.26408,40.75323333333333,44.62508,10.961195109272946,11.400061721974875
2025,Mirpurkhas,37,7.3714,27.561,81.0322,1820642.0,16.0,0.0,2925.0,0.5,5292.0,3582.0,124.0,29.06666988897323,19.67437859831861,0.6810784327726154,4.2857,15.1714,30.3911,30.3744,69.252,78.0299,8.942833333333333,5.488560000000001,29.44216666666667,30.30428,76.1047,70.50748,19.67437859831861,20.08197621416988
2025,Mirpurkhas,38,0.0143,28.8039,74.3047,1820642.0,16.0,0.0,2925.0,0.5,6278.0,3346.0,99.0,34.482341943116765,18.378132548848157,0.5437642326168461,7.3714,4.2857,27.561,30.3911,81.0322,69.252,3.8904666666666654,5.491420000000001,28.91866666666667,29.82846,74.86296666666668,72.84264,18.378132548848157,19.200154015750705
2025,Mirpurkhas,39,0.0143,29.6438,65.9514,1820642.0,16.0,0.0,2925.0,0.5,6566.0,2999.0,114.0,36.06420152891123,16.47221145068608,0.6261527527103077,0.0143,7.3714,28.8039,27.561,74.3047,81.0322,2.4666666666666663,5.371420000000001,28.669566666666668,29.354840000000003,73.76276666666666,73.71404,16.47221145068608,17.619174323579827
2025,Mirpurkhas,40,1.8857,29.975,67.0224,1820642.0,16.0,0.0,2925.0,0.5,5970.0,2493.0,28.0,32.790630997197695,13.692972039533307,0.1537919041744615,0.0143,0.0143,29.6438,28.8039,65.9514,74.3047,0.6380999999999993,2.7142800000000005,29.47423333333334,29.27496,69.09283333333333,71.51254,13.692972039533307,15.266597186343507
2025,Mirpurkhas,41,0.0,27.7482,50.888,1820642.0,16.0,0.0,2925.0,0.5,6166.0,3017.0,96.0,33.867174326418926,16.571077674798232,0.5272865285981538,1.8857,0.0143,29.975,29.6438,67.0224,65.9514,0.6333333333333327,1.8571400000000005,29.12233333333334,28.74638,61.28726666666668,67.83973999999999,16.571077674798232,17.47206498323122
2025,Mirpurkhas,42,0.0,28.5128,34.6562,1820642.0,16.0,0.0,2925.0,0.5,5117.0,2602.0,156.0,28.105470487882847,14.291661952212465,0.8568406089720001,0.0,1.8857,27.7482,29.975,50.888,67.0224,0.628566666666666,0.3828600000000003,28.74533333333334,28.93674,50.85553333333334,58.56454,14.291661952212465,15.087773357671235
2025,Mirpurkhas,43,0.0,28.9304,31.2484,1820642.0,16.0,0.0,2925.0,0.5,4794.0,2365.0,155.0,26.331371021870307,12.98992333473577,0.8513480409657692,0.0,0.0,28.5128,27.7482,34.6562,50.888,0.0,0.3800000000000003,28.39713333333334,28.962039999999995,38.93086666666667,49.95328,12.98992333473577,14.42940021293397
2024,Mohmand,37,3.5154,26.0753,68.6732,553933.0,600.0,0.0,2296.0,0.2,312.0,182.0,13.0,5.632450133860954,3.28559591141889,0.2346854222442064,7.4143,4.4,25.5451,26.3287,76.4775,73.8359,5.1099000000000006,5.00308,25.98303333333333,26.32248,72.99553333333333,74.12958,3.28559591141889,3.111497385112539
2024,Mohmand,38,0.0,27.5096,49.7752,553933.0,600.0,0.0,2296.0,0.2,425.0,129.0,4.0,7.672408034906749,2.3288014976540485,0.0722108991520635,3.5154,7.4143,26.0753,25.5451,68.6732,76.4775,3.643233333333333,3.66308,26.376666666666665,26.4561,64.9753,68.26285999999999,2.3288014976540485,2.230903031325794
2024,Mohmand,39,4.6286,26.6254,62.8239,553933.0,600.0,0.0,2296.0,0.2,496.0,134.0,4.0,8.954151494855877,2.419065121594128,0.0722108991520635,0.0,3.5154,27.5096,26.0753,49.7752,68.6732,2.7146666666666674,3.99166,26.736766666666664,26.41682,60.4241,66.31714000000001,2.419065121594128,2.523715321773566
2024,Mohmand,40,2.2375,25.5244,49.8792,553933.0,600.0,0.0,2296.0,0.2,411.0,128.0,13.0,7.419669887874527,2.3107487728660328,0.2346854222442064,4.6286,0.0,26.6254,27.5096,62.8239,49.7752,2.2887000000000004,3.55916,26.55313333333333,26.25596,54.15943333333333,61.5258,2.3107487728660328,2.2241468823536996
2024,Mohmand,41,0.7429,23.1394,45.5127,553933.0,600.0,0.0,2296.0,0.2,417.0,132.0,3.0,7.527986236602621,2.382959672018096,0.0541581743640476,2.2375,4.6286,25.5244,26.6254,49.8792,62.8239,2.5363333333333338,2.22488,25.0964,25.77482,52.7386,55.33284,2.382959672018096,2.2320949940012493
2024,Mohmand,42,0.0714,24.0436,42.1304,553933.0,600.0,0.0,2296.0,0.2,282.0,121.0,14.0,5.090868390220478,2.1843796993499214,0.2527381470322223,0.7429,2.2375,23.1394,25.5244,45.5127,49.8792,1.0172666666666668,1.5360799999999997,24.2358,25.36848,45.84076666666667,50.02428,2.1843796993499214,2.1729945027680353
2024,Mohmand,43,0.0857,22.7361,48.041,553933.0,600.0,0.0,2296.0,0.2,319.0,134.0,7.0,5.758819207377066,2.419065121594128,0.1263690735161111,0.0714,0.7429,24.0436,23.1394,42.1304,45.5127,0.3000000000000003,1.5532199999999998,23.306366666666666,24.41378,45.228033333333336,49.67744,2.419065121594128,2.452770057978901
2024,Mohmand,44,0.0,21.1808,57.9369,553933.0,600.0,0.0,2296.0,0.2,290.0,120.0,1.0,5.235290188524605,2.1663269745619056,0.0180527247880158,0.0857,0.0714,22.7361,24.0436,48.041,42.1304,0.0523666666666669,0.6275,22.653500000000005,23.32486,49.369433333333326,48.70004,2.1663269745619056,2.113304172783187
2025,Mohmand,37,0.9286,27.2358,69.9752,563359.0,600.0,0.0,2296.0,0.2,67.0,163.0,7.0,1.1892949256158152,2.893359296647431,0.1242546937210553,4.7143,7.6857,25.654,26.2543,74.9762,76.0212,4.442866666666666,7.385720000000001,26.38136666666667,26.7847,73.65753333333333,75.15812,2.893359296647431,2.83887589767777
2025,Mohmand,38,5.8857,26.0849,65.9642,563359.0,600.0,0.0,2296.0,0.2,374.0,161.0,6.0,6.638750778810669,2.857857955584272,0.1065040231894759,0.9286,4.7143,27.2358,25.654,69.9752,74.9762,3.842866666666667,7.314279999999999,26.324900000000003,26.440520000000003,70.3052,73.67112,2.857857955584272,2.717677574726026
2025,Mohmand,39,0.9714,26.4165,54.5215,563359.0,600.0,0.0,2296.0,0.2,391.0,132.0,5.0,6.940512177847518,2.343088510168472,0.0887533526578966,5.8857,0.9286,26.0849,27.2358,65.9642,69.9752,2.5952333333333333,4.03714,26.579066666666677,26.3291,63.48696666666667,68.29166000000001,2.343088510168472,2.300690920997253
2025,Mohmand,40,4.2571,24.0269,56.6419,563359.0,600.0,0.0,2296.0,0.2,296.0,117.0,1.0,5.254198477347481,2.076828452194781,0.0177506705315793,0.9714,5.8857,26.4165,26.0849,54.5215,65.9642,3.704733333333333,3.35142,25.50943333333333,25.88362,59.04253333333333,64.4158,2.076828452194781,2.060026264799725
2025,Mohmand,41,1.7143,19.9584,53.763,563359.0,600.0,0.0,2296.0,0.2,289.0,96.0,4.0,5.129943783626427,1.7040643710316157,0.0710026821263173,4.2571,0.9714,24.0269,26.4165,56.6419,54.5215,2.3142666666666667,2.7514200000000004,23.46726666666667,24.7445,54.97546666666667,60.17316000000001,1.7040643710316157,1.475693618132806
2025,Mohmand,42,0.0,22.7448,52.9454,563359.0,600.0,0.0,2296.0,0.2,285.0,123.0,9.0,5.05894110150011,2.183332475384258,0.159756034784214,1.7143,4.2571,19.9584,24.0269,53.763,56.6419,1.9904666666666664,2.5657,22.24336666666667,23.846300000000003,54.4501,56.7672,2.183332475384258,2.084354303864231
2025,MusaKhel,37,0.2571,25.2493,61.2327,201891.0,621.2798240791644,0.6690489279824079,6292.451621770203,0.3392935678944475,274.0,129.0,27.0,13.571679767795494,6.389586460020506,1.3373553055856873,0.6571,2.8143,24.812,25.8326,64.4239,68.0501,1.2428333333333332,2.2057,25.297966666666667,25.477120000000003,64.5689,64.2547,6.389586460020506,5.870728787250732
2025,MusaKhel,38,0.0,26.0966,49.7795,201891.0,621.2798240791644,0.6690489279824079,6292.451621770203,0.3392935678944475,306.0,149.0,3.0,15.156693463304457,7.380220019713607,0.1485950339539652,0.2571,0.6571,25.2493,24.812,61.2327,64.4239,0.3047333333333333,1.39428,25.385966666666665,25.54462,58.4787,61.82392,7.380220019713607,6.860360486132469
2025,MusaKhel,40,0.1143,24.365,42.9771,201891.0,621.2798240791644,0.6690489279824079,6292.451621770203,0.3392935678944475,239.0,139.0,1.0,11.838071038332563,6.884903239867056,0.049531677984655,0.0,0.2571,26.0966,25.2493,49.7795,61.2327,0.1238,0.76856,25.23696666666667,25.2711,51.32976666666666,57.29266,6.884903239867056,6.406315981993764
2025,MusaKhel,42,0.0,20.2722,37.8436,201891.0,621.2798240791644,0.6690489279824079,6292.451621770203,0.3392935678944475,158.0,68.0,1.0,7.826005121575504,3.3681541029565456,0.049531677984655,0.1143,0.0,24.365,26.0966,42.9771,49.7795,0.0381,0.2057,23.57793333333333,24.15902,43.5334,51.25136,3.3681541029565456,3.376166887218111
2025,MusaKhel,43,0.0,19.0641,44.1594,201891.0,621.2798240791644,0.6690489279824079,6292.451621770203,0.3392935678944475,142.0,61.0,0.0,7.033498273821022,3.02143235706396,0.0,0.0,0.1143,20.2722,24.365,37.8436,42.9771,0.0381,0.07428,21.233766666666668,23.00944,41.66003333333333,47.19846,3.02143235706396,2.9353444105102877
2024,Musakhel,37,0.0,0.0,0.0,196756.0,1200.0,0.0,5728.0,0.2,266.0,44.0,2.0,13.51928276647218,2.2362723373111875,0.1016487426050539,0.0,0.0,0.0,0.0,0.0,0.0,0.0,0.0,0.0,0.0,0.0,0.0,2.2362723373111875,2.501760812701507
2024,Musakhel,38,0.0,0.0,0.0,196756.0,1200.0,0.0,5728.0,0.2,220.0,59.0,24.0,11.181361686555936,2.9986379068490923,1.2197849112606478,0.0,0.0,0.0,0.0,0.0,0.0,0.0,0.0,0.0,0.0,0.0,0.0,2.9986379068490923,3.0764276773991117
2024,Musakhel,39,0.0,0.0,0.0,196756.0,1200.0,0.0,5728.0,0.2,77.0,252.0,4.0,3.913476590294578,12.8077415682368,0.2032974852101079,0.0,0.0,0.0,0.0,0.0,0.0,0.0,0.0,0.0,0.0,0.0,0.0,12.8077415682368,12.157990316316164
2024,Musakhel,40,0.0,0.0,0.0,196756.0,1200.0,0.0,5728.0,0.2,48.0,56.0,13.0,2.439569822521296,2.8461647929415115,0.6607168269328508,0.0,0.0,0.0,0.0,0.0,0.0,0.0,0.0,0.0,0.0,0.0,0.0,2.8461647929415115,2.696478375194264
2024,Musakhel,41,0.0,0.0,0.0,196756.0,1200.0,0.0,5728.0,0.2,71.0,257.0,13.0,3.608530362479416,13.061863424749436,0.6607168269328508,0.0,0.0,0.0,0.0,0.0,0.0,0.0,0.0,0.0,0.0,0.0,0.0,13.061863424749436,12.348719368355386
2024,Musakhel,42,0.0,0.0,0.0,196756.0,1200.0,0.0,5728.0,0.2,49.0,219.0,18.0,2.490394193823822,11.130537315253411,0.9148386834454856,0.0,0.0,0.0,0.0,0.0,0.0,0.0,0.0,0.0,0.0,0.0,0.0,11.130537315253411,10.785601170837289
2024,Musakhel,43,0.0,0.0,0.0,196756.0,1200.0,0.0,5728.0,0.2,143.0,295.0,3.0,7.267885096261359,14.99318953424546,0.1524731139075809,0.0,0.0,0.0,0.0,0.0,0.0,0.0,0.0,0.0,0.0,0.0,0.0,14.99318953424546,14.657910340222642
2024,Musakhel,44,0.0,0.0,0.0,196756.0,1200.0,0.0,5728.0,0.2,99.0,38.0,1.0,5.031612758950171,1.9313261094960257,0.0508243713025269,0.0,0.0,0.0,0.0,0.0,0.0,0.0,0.0,0.0,0.0,0.0,0.0,1.9313261094960257,2.1279790053926337
2024,Naseerabad,37,0.3923,30.9827,71.0468,563315.0,621.2798240791644,0.6690489279824079,6292.451621770203,0.3392935678944475,167.0,334.0,5.0,2.9645935222743933,5.929187044548787,0.0887602850980357,0.7286,15.9333,30.7768,29.8892,74.4758,76.7998,5.684733333333333,8.1337,30.549566666666664,30.75756,74.10746666666667,74.78672,5.929187044548787,5.88829666231024
2024,Naseerabad,38,0.0,31.5364,64.2905,563315.0,621.2798240791644,0.6690489279824079,6292.451621770203,0.3392935678944475,296.0,295.0,0.0,5.254608877803715,5.236856820784109,0.0,0.3923,0.7286,30.9827,30.7768,71.0468,74.4758,0.3736333333333333,5.11656,31.098633333333336,30.69406,69.9377,73.44346,5.236856820784109,5.28562801717887
2024,Naseerabad,39,0.0286,32.4956,59.3086,563315.0,621.2798240791644,0.6690489279824079,6292.451621770203,0.3392935678944475,303.0,328.0,19.0,5.378873276940966,5.8226747024311445,0.3372890833725357,0.0,0.3923,31.5364,30.9827,64.2905,71.0468,0.1403,3.41656,31.671566666666667,31.13614,64.88196666666667,69.18430000000001,5.8226747024311445,5.849915061339566
2024,Naseerabad,40,0.0875,32.0473,54.5488,563315.0,621.2798240791644,0.6690489279824079,6292.451621770203,0.3392935678944475,33.0,336.0,6.0,0.5858178816470359,5.964691158588002,0.1065123421176428,0.0286,0.0,32.4956,31.5364,59.3086,64.2905,0.0387,0.2474,32.02643333333334,31.567760000000003,59.38263333333333,64.7341,5.964691158588002,5.828447554488497
2024,Naseerabad,41,0.1,30.2971,45.8101,563315.0,621.2798240791644,0.6690489279824079,6292.451621770203,0.3392935678944475,11.0,488.0,1.0,0.1952726272156786,8.663003825568287,0.0177520570196071,0.0875,0.0286,32.0473,32.4956,54.5488,59.3086,0.0720333333333333,0.1216799999999999,31.613333333333333,31.47182,53.2225,59.00096,8.663003825568287,8.106951924098944
2024,Naseerabad,42,0.0,29.5179,46.1759,563315.0,621.2798240791644,0.6690489279824079,6292.451621770203,0.3392935678944475,59.0,453.0,13.0,1.0473713641568216,8.041681829882037,0.2307767412548929,0.1,0.0875,30.2971,32.0473,45.8101,54.5488,0.0625,0.04322,30.62076666666667,31.178860000000004,48.84493333333333,54.02678,8.041681829882037,7.518966242681072
2024,Naseerabad,43,0.0,29.9986,38.3708,563315.0,621.2798240791644,0.6690489279824079,6292.451621770203,0.3392935678944475,427.0,30.0,89.0,7.580128347372252,0.5325617105882143,1.5799330747450362,0.0,0.1,29.5179,30.2971,46.1759,45.8101,0.0333333333333333,0.04322,29.937866666666668,30.8713,43.45226666666667,48.84284,0.5325617105882143,0.6211038247368901
2024,Naseerabad,44,0.0,28.6265,46.4646,563315.0,621.2798240791644,0.6690489279824079,6292.451621770203,0.3392935678944475,202.0,37.0,0.0,3.585915517960644,0.6568261097254644,0.0,0.0,0.0,29.9986,29.5179,38.3708,46.1759,0.0,0.0375,29.381,30.09748,43.670433333333335,46.27404,0.6568261097254644,0.5653200065937485
2025,Naseerabad,37,5.1429,29.3757,75.1884,592374.0,621.2798240791644,0.6690489279824079,6292.451621770203,0.3392935678944475,109.0,337.0,52.0,1.840053749826968,5.688973520107229,0.8778238072569019,0.0286,3.0286,33.8953,33.6274,54.712,61.4196,2.7333666666666665,1.70288,32.29946666666667,33.361900000000006,63.77333333333333,58.13969999999999,5.688973520107229,5.524877875919361
2025,Naseerabad,38,0.0,33.1096,56.4138,592374.0,621.2798240791644,0.6690489279824079,6292.451621770203,0.3392935678944475,130.0,368.0,57.0,2.194559518142255,6.212291559048844,0.9622299425700654,5.1429,0.0286,29.3757,33.8953,75.1884,54.712,1.723833333333333,1.70288,32.126866666666665,33.0209,62.104733333333336,59.44272,6.212291559048844,6.072773803496133
2025,Naseerabad,39,0.0,33.592,47.5181,592374.0,621.2798240791644,0.6690489279824079,6292.451621770203,0.3392935678944475,154.0,334.0,60.0,2.5997089676454403,5.638329838919331,1.0128736237579636,0.0,5.1429,33.1096,29.3757,56.4138,75.1884,1.7143,1.6400200000000005,32.02576666666667,32.72,59.70676666666666,59.05038,5.638329838919331,5.561891141165157
2025,Naseerabad,40,0.0143,33.764,42.5086,592374.0,621.2798240791644,0.6690489279824079,6292.451621770203,0.3392935678944475,122.0,279.0,94.0,2.059509701641193,4.709862350474531,1.5868353438874765,0.0,0.0,33.592,33.1096,47.5181,56.4138,0.0047666666666666,1.03716,33.488533333333336,32.74732,48.8135,55.26818,4.709862350474531,4.83296347406246
2025,Naseerabad,41,0.0,28.912,39.3751,592374.0,621.2798240791644,0.6690489279824079,6292.451621770203,0.3392935678944475,154.0,312.0,100.0,2.5997089676454403,5.266942843541411,1.6881227062632729,0.0143,0.0,33.764,33.592,42.5086,47.5181,0.0047666666666666,1.03144,32.089333333333336,31.750659999999996,43.13393333333333,52.2008,5.266942843541411,5.348940941796972
2025,Naseerabad,42,0.0,29.4337,28.9064,592374.0,621.2798240791644,0.6690489279824079,6292.451621770203,0.3392935678944475,157.0,326.0,80.0,2.6503526488333384,5.503280022418269,1.3504981650106185,0.0,0.0143,28.912,33.764,39.3751,42.5086,0.0047666666666666,0.00286,30.703233333333333,31.76226,36.93003333333333,42.9444,5.503280022418269,5.4141616104163095
2025,Naseerabad,43,0.0,28.67,33.3553,592374.0,621.2798240791644,0.6690489279824079,6292.451621770203,0.3392935678944475,159.0,324.0,39.0,2.684115102958604,5.469517568293004,0.6583678554426764,0.0,0.0,29.4337,28.912,28.9064,39.3751,0.0,0.00286,29.005233333333337,30.87434,33.878933333333336,38.3327,5.469517568293004,5.345157046903422
2024,Naushero Feroze,37,0.0462,30.2172,72.4486,1777082.0,38.0,2.0,2945.0,0.2,3852.0,2289.0,208.0,21.67598343801805,12.880666170722566,1.1704580880342044,0.0857,16.6556,30.0316,29.0834,76.1635,80.5919,5.595833333333334,11.2832,29.7774,30.06402,76.40133333333334,76.95334,12.880666170722566,13.143572728093961
2024,Naushero Feroze,38,0.0,30.9165,64.0628,1777082.0,38.0,2.0,2945.0,0.2,3484.0,1918.0,110.0,19.605172974572923,10.792974100238482,0.6189922580950119,0.0462,0.0857,30.2172,30.0316,72.4486,76.1635,0.0439666666666666,7.248920000000001,30.38843333333333,30.0182,70.89163333333333,74.87433999999999,10.792974100238482,10.886476134816315
2024,Naushero Feroze,39,0.0,32.3162,60.7775,1777082.0,38.0,2.0,2945.0,0.2,4590.0,2026.0,171.0,25.828858769600952,11.400711953640856,0.9622516012204276,0.0,0.0462,30.9165,30.2172,64.0628,72.4486,0.0153999999999999,3.3575000000000004,31.149966666666668,30.51298,65.76296666666666,70.80886000000001,11.400711953640856,11.411606157860039
2024,Naushero Feroze,40,0.0,31.0826,61.3046,1777082.0,38.0,2.0,2945.0,0.2,2975.0,1832.0,116.0,16.740926980296916,10.309034698455108,0.6527554721729216,0.0,0.0,32.3162,30.9165,60.7775,64.0628,0.0,0.0263799999999999,31.43843333333333,30.91282,62.048300000000005,66.9514,10.309034698455108,10.338403329565343
2024,Naushero Feroze,41,0.0,28.9456,55.0485,1777082.0,38.0,2.0,2945.0,0.2,3682.0,1583.0,141.0,20.719359039143946,8.907861314221854,0.7934355308308789,0.0,0.0,31.0826,32.3162,61.3046,60.7775,0.0,0.00924,30.781466666666663,30.69562,59.043533333333336,62.7284,8.907861314221854,8.86847959958648
2024,Naushero Feroze,42,0.0,28.8745,53.8362,1777082.0,38.0,2.0,2945.0,0.2,2748.0,1497.0,114.0,15.463552047682663,8.42392191243848,0.6415010674802851,0.0,0.0,28.9456,31.0826,55.0485,61.3046,0.0,0.0,29.63423333333333,30.42708,56.72976666666667,59.00592,8.42392191243848,8.312345728097487
2024,Naushero Feroze,43,0.0,29.1605,45.2352,1777082.0,38.0,2.0,2945.0,0.2,2808.0,1413.0,106.0,15.80118418846176,7.951236915347744,0.5964834487097388,0.0,0.0,28.8745,28.9456,53.8362,55.0485,0.0,0.0,28.99353333333333,30.07588,51.3733,55.2404,7.951236915347744,7.89677176544474
2024,Naushero Feroze,44,0.0,28.2429,51.6823,1777082.0,38.0,2.0,2945.0,0.2,2536.0,1238.0,85.0,14.270585150263184,6.966476504742044,0.4783121994370547,0.0,0.0,29.1605,28.8745,45.2352,53.8362,0.0,0.0,28.7593,29.26122,50.251233333333325,53.42135999999999,6.966476504742044,7.03548262774037
2025,Naushero Feroze,37,14.3143,28.1292,79.5362,1948788.0,38.0,2.0,2945.0,0.2,1888.0,1420.0,185.0,9.688072791909638,7.28658017188119,0.9493079801394508,0.2,4.9429,33.6423,32.384,53.2212,66.9103,6.485733333333333,3.91144,31.385166666666667,32.45476000000001,66.5559,60.80096,7.28658017188119,7.515029353565913
2025,Naushero Feroze,38,0.0,29.9935,72.0366,1948788.0,38.0,2.0,2945.0,0.2,1832.0,1255.0,247.0,9.400714700624183,6.439900081486545,1.267454438348348,14.3143,0.2,28.1292,33.6423,79.5362,53.2212,4.8381,3.91144,30.58833333333333,31.68088,68.26466666666666,64.74954,6.439900081486545,6.440447392585089
2025,Naushero Feroze,39,0.0,31.0548,59.9504,1948788.0,38.0,2.0,2945.0,0.2,1773.0,1431.0,184.0,9.097962425877006,7.343025511240833,0.9441765856522104,0.0,14.3143,29.9935,28.1292,72.0366,79.5362,4.771433333333333,3.8914399999999993,29.725833333333338,31.04076,70.50773333333332,66.33094,7.343025511240833,7.521963822965987
2025,Naushero Feroze,40,0.0429,32.017,55.5074,1948788.0,38.0,2.0,2945.0,0.2,2074.0,1335.0,21.0,10.64251216653633,6.850411640465766,0.1077592842320457,0.0,0.0,31.0548,29.9935,59.9504,72.0366,0.0143000000000005,2.91144,31.021766666666668,30.967360000000003,62.498133333333335,64.05036,6.850411640465766,6.842751581515875
2025,Naushero Feroze,41,0.0,27.756,46.1347,1948788.0,38.0,2.0,2945.0,0.2,2434.0,1526.0,219.0,12.489814181942828,7.830507987528659,1.1237753927056202,0.0429,0.0,32.017,31.0548,55.5074,59.9504,0.0143000000000005,2.87144,30.27593333333333,29.7901,53.86416666666667,62.63306,7.830507987528659,8.049170418168709
2025,Naushero Feroze,42,0.0,28.5501,33.564,1948788.0,38.0,2.0,2945.0,0.2,2491.0,1562.0,193.0,12.782303667715524,8.015238189069308,0.990359136037373,0.0,0.0429,27.756,32.017,46.1347,55.5074,0.0143000000000005,0.00858,29.441033333333337,29.87428,45.0687,53.43862,8.015238189069308,8.065215367064646
2025,Naushero Feroze,43,0.0,27.3804,38.8921,1948788.0,38.0,2.0,2945.0,0.2,2194.0,1438.0,191.0,11.258279505005165,7.378945272651515,0.9800963470628924,0.0,0.0,28.5501,27.756,33.564,46.1347,0.0,0.00858,27.8955,29.351660000000003,39.53026666666667,46.80972,7.378945272651515,7.658768735246848
2024,North Waziristan,37,0.7769,14.186,63.0802,693332.0,1000.0,1.0,4707.0,0.2,15.0,16.0,4.0,0.2163465698972498,0.2307696745570664,0.0576924186392666,0.8429,3.6778,14.9458,14.4015,64.0615,79.9039,1.7658666666666667,2.0481000000000003,14.5111,15.13998,69.0152,73.03858,0.2307696745570664,0.26814357686497914
2024,North Waziristan,38,0.0857,14.9134,47.8136,693332.0,1000.0,1.0,4707.0,0.2,26.0,11.0,0.0,0.375000721155233,0.1586541512579831,0.0,0.7769,0.8429,14.186,14.9458,63.0802,64.0615,0.5685,1.46524,14.681733333333334,14.70564,58.31843333333333,66.74942,0.1586541512579831,0.24712789538867508
2024,North Waziristan,39,0.7286,14.9083,65.4575,693332.0,1000.0,1.0,4707.0,0.2,32.0,37.0,0.0,0.4615393491141329,0.5336548724132162,0.0,0.0857,0.7769,14.9134,14.186,47.8136,63.0802,0.5304000000000001,1.22238,14.669233333333333,14.671,58.78376666666666,64.06334,0.5336548724132162,0.663191138640963
2024,North Waziristan,40,3.2625,12.064,53.7296,693332.0,1000.0,1.0,4707.0,0.2,27.0,0.0,0.0,0.3894238258150496,0.0,0.0,0.7286,0.0857,14.9083,14.9134,65.4575,47.8136,1.3589333333333335,1.13932,13.9619,14.2035,55.6669,58.82847999999999,0.0,0.06805981371052727
2024,North Waziristan,41,4.0,8.6018,65.7314,693332.0,1000.0,1.0,4707.0,0.2,15.0,16.0,0.0,0.2163465698972498,0.2307696745570664,0.0,3.2625,0.7286,12.064,14.9083,53.7296,65.4575,2.6637,1.77074,11.858033333333331,12.9347,61.6395,59.16246,0.2307696745570664,0.3197647252279081
2024,North Waziristan,42,1.7286,9.6702,55.813,693332.0,1000.0,1.0,4707.0,0.2,6.0,30.0,0.0,0.0865386279588999,0.4326931397944996,0.0,4.0,3.2625,8.6018,12.064,65.7314,53.7296,2.997033333333333,1.96108,10.112,12.03154,58.42466666666667,57.70902,0.4326931397944996,0.4907239374150292
2024,North Waziristan,43,0.5857,8.889,65.2555,693332.0,1000.0,1.0,4707.0,0.2,38.0,59.0,0.0,0.5480779770730329,0.8509631749291825,0.0,1.7286,4.0,9.6702,8.6018,55.813,65.7314,2.104766666666667,2.06108,9.053666666666668,10.82666,62.26663333333333,61.1974,0.8509631749291825,0.8843846482245965
2024,North Waziristan,44,0.1,10.0154,53.6065,693332.0,1000.0,1.0,4707.0,0.2,7.0,51.0,1.0,0.1009617326187165,0.7355783376506494,0.0144231046598166,0.5857,1.7286,8.889,9.6702,65.2555,55.813,0.8047666666666666,1.93536,9.524866666666666,9.84808,58.225,58.82719999999999,0.7355783376506494,0.8012203712581236
2025,North Waziristan,37,0.9143,15.0259,75.4609,656447.0,1000.0,1.0,4707.0,0.2,0.0,46.0,16.0,0.0,0.7007420248702485,0.2437363564766081,2.5571,4.8429,13.9065,15.511,79.2088,82.7543,2.771433333333333,2.72858,14.814466666666666,15.7777,79.14133333333334,78.6564,0.7007420248702485,0.7833398391820925
2025,North Waziristan,38,0.3571,13.7648,71.5011,656447.0,1000.0,1.0,4707.0,0.2,85.0,34.0,34.0,1.2948493937819807,0.5179397575127924,0.5179397575127924,0.9143,2.5571,15.0259,13.9065,75.4609,79.2088,1.2761666666666664,2.29142,14.232399999999998,15.19496,75.39026666666666,77.57274,0.5179397575127924,0.6998085213410148
2025,North Waziristan,39,1.1714,13.5166,59.2119,656447.0,1000.0,1.0,4707.0,0.2,80.0,35.0,19.0,1.218681782383041,0.5331732797925803,0.2894369233159722,0.3571,0.9143,13.7648,15.0259,71.5011,75.4609,0.8142666666666664,1.96856,14.102433333333332,14.34496,68.72463333333333,73.6274,0.5331732797925803,0.5843960859649302
2025,North Waziristan,40,3.1429,11.1687,61.4109,656447.0,1000.0,1.0,4707.0,0.2,93.0,42.0,14.0,1.416717572020285,0.6398079357510964,0.2132693119170321,1.1714,0.3571,13.5166,13.7648,59.2119,71.5011,1.557133333333333,1.6285600000000002,12.8167,13.476499999999998,64.0413,69.35871999999999,0.6398079357510964,0.6565037047639279
2025,North Waziristan,41,1.3286,6.1029,68.1418,656447.0,1000.0,1.0,4707.0,0.2,118.0,39.0,21.0,1.7975556290149852,0.5941073689117324,0.3199039678755482,3.1429,1.1714,11.1687,13.5166,61.4109,59.2119,1.8809666666666665,1.38286,10.262733333333331,11.91578,62.92153333333334,67.14532,0.5941073689117324,0.7377817794432717
2025,North Waziristan,42,0.5,10.1309,52.5082,656447.0,1000.0,1.0,4707.0,0.2,108.0,24.0,28.0,1.6452204062171052,0.3656045347149122,0.4265386238340642,1.3286,3.1429,6.1029,11.1687,68.1418,61.4109,1.6571666666666662,1.3,9.134166666666667,10.93678,60.68696666666667,62.55478000000001,0.3656045347149122,0.4348563490554227
2025,North Waziristan,43,1.6571,7.2756,52.8147,656447.0,1000.0,1.0,4707.0,0.2,118.0,24.0,13.0,1.7975556290149852,0.3656045347149122,0.1980357896372441,0.5,1.3286,10.1309,6.1029,52.5082,68.1418,1.1618999999999997,1.56,7.836466666666667,9.638940000000002,57.82156666666668,58.81750000000001,0.3656045347149122,0.4312633652827582
2024,Nowshera,37,6.3923,27.8239,76.5358,1740705.0,280.0,2.0,1748.0,0.65,216.0,1743.0,9.0,1.2408765414013287,10.01318431325239,0.0517031892250553,9.5714,8.3333,27.6782,28.1419,79.7942,76.0824,8.099,7.696540000000001,27.88133333333333,28.33768,77.4708,77.90208,10.01318431325239,10.271276295352399
2024,Nowshera,38,0.0,28.4371,63.8286,1740705.0,280.0,2.0,1748.0,0.65,320.0,1617.0,10.0,1.8383356168908571,9.289339664101616,0.0574479880278392,6.3923,9.5714,27.8239,27.6782,76.5358,79.7942,5.321233333333333,6.27654,27.97973333333333,28.1915,73.38619999999999,74.57834,9.289339664101616,9.751357743719694
2024,Nowshera,39,13.3,28.1359,73.0862,1740705.0,280.0,2.0,1748.0,0.65,336.0,1565.0,8.0,1.9302523977354005,8.99061012635685,0.0459583904222714,0.0,6.3923,28.4371,27.8239,63.8286,76.5358,6.5641,7.519399999999999,28.1323,28.0434,71.1502,73.86544,8.99061012635685,8.949440908361543
2024,Nowshera,40,1.025,26.4459,65.3166,1740705.0,280.0,2.0,1748.0,0.65,333.0,1425.0,8.0,1.9130180013270488,8.1863382939671,0.0459583904222714,13.3,0.0,28.1359,28.4371,73.0862,63.8286,4.775,6.05774,27.672966666666667,27.704200000000004,67.41046666666666,71.71227999999999,8.1863382939671,8.48052693672071
2024,Nowshera,41,0.4429,24.1648,56.3268,1740705.0,280.0,2.0,1748.0,0.65,318.0,1247.0,8.0,1.8268460192852896,7.16376410707156,0.0459583904222714,1.025,13.3,26.4459,28.1359,65.3166,73.0862,4.922633333333333,4.23204,26.248866666666668,27.00152,64.90986666666666,67.0188,7.16376410707156,7.406601680942514
2024,Nowshera,42,0.0,24.2496,63.2351,1740705.0,280.0,2.0,1748.0,0.65,370.0,1353.0,11.0,2.125575557030054,7.772712780166656,0.0631927868306232,0.4429,1.025,24.1648,26.4459,56.3268,65.3166,0.4892999999999994,2.95358,24.953433333333333,26.28666,61.626166666666656,64.35866,7.772712780166656,7.974838125946027
2024,Nowshera,43,0.5,23.724,61.6993,1740705.0,280.0,2.0,1748.0,0.65,322.0,1266.0,12.0,1.8498252144964251,7.272915284324455,0.0689375856334071,0.0,0.4429,24.2496,24.1648,63.2351,56.3268,0.3142999999999994,3.05358,24.046133333333334,25.34404,60.4204,63.9328,7.272915284324455,7.685862427573595
2024,Nowshera,44,0.3857,21.3511,79.0452,1740705.0,280.0,2.0,1748.0,0.65,196.0,1202.0,11.0,1.12598056534565,6.905248160946284,0.0631927868306232,0.5,0.0,23.724,24.2496,61.6993,63.2351,0.2952333333333327,0.47072,23.10823333333333,23.98708,67.99319999999999,65.1246,6.905248160946284,7.017085048844581
2025,Nowshera,37,1.1,29.699,70.8899,1835149.0,280.0,2.0,1748.0,0.65,53.0,2805.0,16.0,0.2888048872325898,15.284862428064423,0.0871863810513478,1.4571,21.3286,28.1311,28.1374,74.2469,79.6345,7.9619,7.562840000000001,28.655833333333337,29.195,74.92376666666667,75.93482,15.284862428064423,15.187148716948673
2025,Nowshera,38,1.4857,29.0448,67.9318,1835149.0,280.0,2.0,1748.0,0.65,778.0,2700.0,13.0,4.239437778621791,14.712701802414951,0.0708389346042201,1.1,1.4571,29.699,28.1311,70.8899,74.2469,1.3476,6.788560000000001,28.958300000000005,28.99446,71.02286666666666,74.45863999999999,14.712701802414951,14.935039292703228
2025,Nowshera,39,0.5857,28.696,61.682,1835149.0,280.0,2.0,1748.0,0.65,861.0,2762.0,18.0,4.6917171303256575,15.050549028988929,0.0980846786827663,1.4857,1.1,29.0448,29.699,67.9318,70.8899,1.0571333333333337,5.19142,29.146600000000003,28.741660000000003,66.83456666666666,70.87701999999999,15.050549028988929,15.280780345821727
2025,Nowshera,40,3.4714,25.7329,69.3424,1835149.0,280.0,2.0,1748.0,0.65,739.0,2309.0,14.0,4.02692097480913,12.58208461547264,0.0762880834199293,0.5857,1.4857,28.696,29.0448,61.682,67.9318,1.8476,1.61998,27.82456666666667,28.26076,66.31873333333333,68.81859999999999,12.58208461547264,13.044907509967505
2025,Nowshera,41,1.8714,21.577,60.7371,1835149.0,280.0,2.0,1748.0,0.65,632.0,2346.0,19.0,3.443862051528241,12.783703121653884,0.1035338274984756,3.4714,0.5857,25.7329,28.696,69.3424,61.682,1.9761666666666668,1.7028399999999997,25.335300000000004,26.949940000000005,63.92049999999998,66.11663999999999,12.783703121653884,13.405978820595084
2025,Nowshera,42,0.0,23.9302,63.5221,1835149.0,280.0,2.0,1748.0,0.65,482.0,2524.0,8.0,2.6264897291718547,13.753651610850126,0.0435931905256739,1.8714,3.4714,21.577,25.7329,60.7371,69.3424,1.7809333333333337,1.48284,23.746700000000004,25.796180000000003,64.53386666666665,64.64308,13.753651610850126,14.320381536622076
2025,Nowshera,43,0.0,22.7686,55.0062,1835149.0,280.0,2.0,1748.0,0.65,482.0,2524.0,11.0,2.6264897291718547,13.753651610850126,0.0599406369728016,0.0,1.8714,23.9302,21.577,63.5221,60.7371,0.6238,1.1857,22.7586,24.54094,59.755133333333326,62.05796,13.753651610850126,14.150210186805985
2024,Nushki,37,0.0,28.9427,12.3892,207834.0,900.0,0.0,5797.0,0.2,24.0,183.0,0.0,1.1547677473368168,8.805104073443228,0.0,0.0,0.6778,30.7729,30.555,15.978,31.5602,0.2259333333333333,0.55556,30.0902,30.97512,19.9758,25.75394,8.805104073443228,8.763857095042733
2024,Nushki,39,0.0,30.1208,15.8257,207834.0,900.0,0.0,5797.0,0.2,204.0,8.0,0.0,9.815525852362944,0.3849225824456057,0.0,0.0,0.0,28.9427,30.7729,12.3892,15.978,0.0,0.16698,29.945466666666665,30.15464,14.730966666666667,21.42512,0.3849225824456057,0.7342321376101291
2024,Nushki,41,0.0143,23.7979,22.7966,207834.0,900.0,0.0,5797.0,0.2,11.0,12.0,7.0,0.5292685508627077,0.5773838736684084,0.3368072596399049,0.0,0.0,30.1208,28.9427,15.8257,12.3892,0.0047666666666666,0.13842,27.62046666666667,28.83786,17.003833333333333,19.70994,0.5773838736684084,0.4982463229840466
2024,Nushki,42,0.0,24.3964,15.2869,207834.0,900.0,0.0,5797.0,0.2,29.0,17.0,0.0,1.3953443613653205,0.817960487696912,0.0,0.0143,0.0,23.7979,30.1208,22.7966,15.8257,0.0047666666666666,0.00286,26.10503333333333,27.60614,17.969733333333334,16.45528,0.817960487696912,0.49789838680164955
2024,Nushki,43,0.0,24.68,24.7439,207834.0,900.0,0.0,5797.0,0.2,61.0,34.0,0.0,2.935034691147743,1.635920975393824,0.0,0.0,0.0143,24.3964,23.7979,15.2869,22.7966,0.0047666666666666,0.00286,24.29143333333333,26.38756,20.942466666666665,18.20846,1.635920975393824,1.6400687997424628
2024,Orakzai,37,1.5385,24.0084,73.1869,387561.0,1200.0,0.0,1538.0,0.2,3.0,4.0,1.0,0.0774071694520346,0.1032095592693795,0.0258023898173448,3.9,3.3111,23.8421,24.1121,79.159,77.1597,2.9165333333333323,4.04706,23.98753333333333,24.41276,76.50186666666666,77.99137999999999,0.1032095592693795,0.08098435525905945
2024,Orakzai,38,0.0143,25.2808,48.5298,387561.0,1200.0,0.0,1538.0,0.2,43.0,18.0,0.0,1.10950276214583,0.4644430167122079,0.0,1.5385,3.9,24.0084,23.8421,73.1869,79.159,1.8176,2.3642,24.3771,24.37002,66.95856666666667,71.14232000000001,0.4644430167122079,0.4812791654319044
2024,Orakzai,39,1.4714,25.4876,62.986,387561.0,1200.0,0.0,1538.0,0.2,12.0,24.0,0.0,0.3096286778081386,0.6192573556162773,0.0,0.0143,1.5385,25.2808,24.0084,48.5298,73.1869,1.008066666666666,2.04706,24.925600000000003,24.5462,61.56756666666666,68.20428000000001,0.6192573556162773,0.6178787150099314
2024,Orakzai,40,0.8,24.1349,46.904,387561.0,1200.0,0.0,1538.0,0.2,27.0,28.0,15.0,0.6966645250683118,0.7224669148856566,0.3870358472601732,1.4714,0.0143,25.4876,25.2808,62.986,48.5298,0.7618999999999995,1.5448400000000002,24.967766666666662,24.55076,52.8066,62.15314000000001,0.7224669148856566,0.8064206453281653
2024,Orakzai,41,0.7571,21.1224,46.668,387561.0,1200.0,0.0,1538.0,0.2,16.0,10.0,0.0,0.4128382370775181,0.2580238981734488,0.0,0.8,1.4714,24.1349,25.4876,46.904,62.986,1.0094999999999994,0.91626,23.581633333333333,24.00682,52.186,55.65494,0.2580238981734488,0.24263820206827447
2024,Orakzai,42,0.0,21.8683,42.5263,387561.0,1200.0,0.0,1538.0,0.2,22.0,74.0,0.0,0.5676525759815875,1.9093768464835212,0.0,0.7571,0.8,21.1224,24.1349,46.668,46.904,0.5190333333333328,0.60856,22.3752,23.5788,45.3661,49.52282,1.9093768464835212,1.7308609194854752
2024,Orakzai,43,0.5286,20.4489,53.0769,387561.0,1200.0,0.0,1538.0,0.2,35.0,153.0,1.0,0.9030836436070708,3.947765642053767,0.0258023898173448,0.0,0.7571,21.8683,21.1224,42.5263,46.668,0.428566666666666,0.71142,21.14653333333333,22.61242,47.42373333333334,50.43224,3.947765642053767,3.711262927991318
2024,Orakzai,44,0.0286,18.6132,64.8508,387561.0,1200.0,0.0,1538.0,0.2,22.0,130.0,1.0,0.5676525759815875,3.3543106762548347,0.0258023898173448,0.5286,0.0,20.4489,21.8683,53.0769,42.5263,0.1857333333333327,0.42286,20.31013333333333,21.23754,53.48466666666667,50.8052,3.3543106762548347,3.0945456881805358
2025,Orakzai,37,0.3571,26.6543,61.7902,307067.0,1200.0,0.0,1538.0,0.2,6.0,101.0,0.0,0.1953970957478335,3.289184445088531,0.0,3.7429,10.4714,24.4126,25.0733,70.6997,77.0366,4.857133333333333,4.66286,25.380066666666664,26.54552,69.84216666666667,67.81548000000001,3.289184445088531,3.2993389280396306
2025,Orakzai,38,1.3,25.6537,60.7526,307067.0,1200.0,0.0,1538.0,0.2,30.0,75.0,0.0,0.9769854787391676,2.4424636968479194,0.0,0.3571,3.7429,26.6543,24.4126,61.7902,70.6997,1.7999999999999996,3.96286,25.57353333333333,26.07278,64.41416666666667,67.1163,2.4424636968479194,2.527147329336027
2025,Orakzai,39,0.6714,24.8439,52.8297,307067.0,1200.0,0.0,1538.0,0.2,21.0,109.0,0.0,0.6838898351174174,3.549713906085642,0.0,1.3,0.3571,25.6537,26.6543,60.7526,61.7902,0.7761666666666661,3.30856,25.7173,25.32756,58.4575,64.62176000000001,3.549713906085642,3.5781895853340258
2025,Orakzai,40,2.5429,22.4903,58.0011,307067.0,1200.0,0.0,1538.0,0.2,50.0,82.0,0.0,1.628309131231946,2.6704269752203915,0.0,0.6714,1.3,24.8439,25.6537,52.8297,60.7526,1.504766666666666,1.72286,24.3293,24.81096,57.19446666666667,60.81466,2.6704269752203915,2.676631358282184
2025,Orakzai,41,0.8286,17.5921,57.1428,307067.0,1200.0,0.0,1538.0,0.2,24.0,53.0,0.0,0.7815883829913342,1.726007679105863,0.0,2.5429,0.6714,22.4903,24.8439,58.0011,52.8297,1.3476333333333328,1.14,21.6421,23.44686,55.9912,58.10328,1.726007679105863,1.793760200618454
2025,Orakzai,42,0.0,20.5403,49.4958,307067.0,1200.0,0.0,1538.0,0.2,20.0,43.0,0.0,0.6513236524927785,1.4003458528594737,0.0,0.8286,2.5429,17.5921,22.4903,57.1428,58.0011,1.1238333333333328,1.06858,20.207566666666665,22.22406,54.8799,55.644400000000005,1.4003458528594737,1.5234219083252372
2025,Orakzai,43,0.0143,19.3686,40.0982,307067.0,1200.0,0.0,1538.0,0.2,13.0,43.0,0.0,0.423360374120306,1.4003458528594737,0.0,0.0,0.8286,20.5403,17.5921,49.4958,57.1428,0.2809666666666661,0.8114399999999999,19.167,20.96704,48.91226666666666,51.51351999999999,1.4003458528594737,1.4726634756021655
2024,Panjgur,37,0.0,28.3089,29.9373,509781.0,900.0,0.0,16891.0,0.2,316.0,248.0,27.0,6.198740243359404,4.864834115041557,0.5296391980085566,0.0,0.1333,28.9504,29.2317,46.0558,39.1735,0.0444333333333333,0.39238,28.83033333333334,28.31366,38.388866666666665,48.4021,4.864834115041557,4.8345875946201025
2024,Panjgur,38,0.0,29.5362,40.5762,509781.0,900.0,0.0,16891.0,0.2,310.0,273.0,36.0,6.081042643801946,5.355240779864295,0.7061855973447422,0.0,0.0,28.3089,28.9504,29.9373,46.0558,0.0,0.34666,28.931833333333334,28.60076,38.856433333333335,43.51134,5.355240779864295,5.189225872603796
2024,Panjgur,39,0.0,28.8385,37.9466,509781.0,900.0,0.0,16891.0,0.2,285.0,356.0,3.0,5.590635978979209,6.983390907075783,0.0588487997787285,0.0,0.0,29.5362,28.3089,40.5762,29.9373,0.0,0.02666,28.89453333333334,28.97314,36.15336666666666,38.73788,6.983390907075783,6.565707692724235
2024,Panjgur,40,0.0125,28.4438,41.3822,509781.0,900.0,0.0,16891.0,0.2,130.0,253.0,25.0,2.550114657078236,4.962915448006105,0.4904066648227376,0.0,0.0,28.8385,29.5362,37.9466,40.5762,0.0041666666666666,0.0025,28.9395,28.81556,39.96833333333333,39.17961999999999,4.962915448006105,4.726471975921433
2024,Panjgur,41,0.0143,25.9329,27.8778,509781.0,900.0,0.0,16891.0,0.2,138.0,266.0,28.0,2.7070447898215115,5.217926913713929,0.5492554646014661,0.0125,0.0,28.4438,28.8385,41.3822,37.9466,0.0089333333333333,0.00536,27.7384,28.21206,35.73553333333333,35.54402,5.217926913713929,4.976079964428025
2024,Panjgur,42,0.0571,25.2888,27.7807,509781.0,900.0,0.0,16891.0,0.2,139.0,231.0,23.0,2.726661056414421,4.531357582962095,0.4511741316369186,0.0143,0.0125,25.9329,28.4438,27.8778,41.3822,0.0279666666666666,0.01678,26.55516666666667,27.60804,32.3469,35.112700000000004,4.531357582962095,4.39051643996825
2024,Panjgur,43,0.0,25.3394,36.5472,509781.0,900.0,0.0,16891.0,0.2,215.0,110.0,0.0,4.217497317475544,2.1577893252200453,0.0,0.0571,0.0143,25.2888,25.9329,27.7807,27.8778,0.0238,0.01678,25.52036666666667,26.76868,30.735233333333337,34.3069,2.1577893252200453,1.942106298208091
2024,Panjgur,44,0.0,23.1644,34.6049,509781.0,900.0,0.0,16891.0,0.2,192.0,151.0,0.0,3.766323185838625,2.962056255529335,0.0,0.0,0.0571,25.3394,25.2888,36.5472,27.7807,0.0190333333333333,0.01678,24.59753333333333,25.63386,32.977599999999995,33.63856,2.962056255529335,2.8037498975509507
2025,Panjgur,37,0.2571,27.3918,59.2945,382021.0,900.0,0.0,16891.0,0.2,149.0,41.0,0.0,3.9003091453087655,1.073239429246036,0.0,0.0,0.0,30.9954,31.0838,51.8453,40.8899,0.0857,0.0657,29.82366666666667,30.35996,50.676566666666666,48.45682,1.073239429246036,1.1987159648569445
2025,Panjgur,38,0.0,28.8135,38.0776,382021.0,900.0,0.0,16891.0,0.2,18.0,54.0,0.0,0.4711782860104549,1.4135348580313647,0.0,0.2571,0.0,27.3918,30.9954,59.2945,51.8453,0.0857,0.05142,29.066900000000004,29.93204,49.739133333333335,45.97288,1.4135348580313647,1.3745725985742334
2025,Panjgur,39,0.0,28.7412,40.1992,382021.0,900.0,0.0,16891.0,0.2,257.0,102.0,0.0,6.727378861371495,2.6700102873925777,0.0,0.0,0.2571,28.8135,27.3918,38.0776,59.2945,0.0857,0.05142,28.315500000000004,29.40514,45.8571,46.0613,2.6700102873925777,2.6620078998263805
2025,Panjgur,40,0.0,27.1537,23.7377,382021.0,900.0,0.0,16891.0,0.2,151.0,93.0,0.0,3.952662288198817,2.4344211443873505,0.0,0.0,0.0,28.7412,28.8135,40.1992,38.0776,0.0,0.05142,28.23613333333334,28.61912,34.00483333333333,42.63086,2.4344211443873505,2.284249594627668
2025,Panjgur,41,0.0,22.468,40.7853,382021.0,900.0,0.0,16891.0,0.2,87.0,62.0,0.0,2.277361715717199,1.6229474295915671,0.0,0.0,0.0,27.1537,28.7412,23.7377,40.1992,0.0,0.05142,26.12096666666667,26.91364,34.9074,40.41886,1.6229474295915671,1.5674503996318423
2024,Peshawar,37,4.0846,27.4626,74.0347,4758762.0,330.0,0.0,1257.0,0.75,104.0,3557.0,58.0,0.2185442348240992,7.474633108358854,0.1218804386519014,7.5571,5.8889,27.1207,27.6253,79.4233,76.0556,5.843533333333333,6.48326,27.402866666666664,27.80916,76.50453333333333,77.2994,7.474633108358854,7.77083116327472
2024,Peshawar,38,0.0,28.0421,61.8818,4758762.0,330.0,0.0,1257.0,0.75,79.0,3293.0,16.0,0.166009562991383,6.919866973805372,0.0336221899729383,4.0846,7.5571,27.4626,27.1207,74.0347,79.4233,3.8805666666666663,4.431839999999999,27.5418,27.70964,71.77993333333333,73.56356,6.919866973805372,7.394095772057389
2024,Peshawar,39,3.9714,28.3076,68.4044,4758762.0,330.0,0.0,1257.0,0.75,95.0,3210.0,11.0,0.1996317529643214,6.7454518633207545,0.0231152556063951,0.0,4.0846,28.0421,27.4626,61.8818,74.0347,2.6853333333333325,4.3004,27.93743333333333,27.71166,68.10696666666666,71.95996,6.7454518633207545,7.295574119402614
2024,Peshawar,40,1.0125,26.5851,60.9389,4758762.0,330.0,0.0,1257.0,0.75,73.0,2970.0,5.0,0.1534012417515311,6.241119013726679,0.0105069343665432,3.9714,0.0,28.3076,28.0421,68.4044,61.8818,1.6612999999999996,3.32512,27.64493333333333,27.50362,63.7417,68.93661999999999,6.241119013726679,6.971972174179374
2024,Peshawar,41,0.4571,24.1046,55.162,4758762.0,330.0,0.0,1257.0,0.75,94.0,2736.0,16.0,0.1975303660910127,5.749394485372457,0.0336221899729383,1.0125,3.9714,26.5851,28.3076,60.9389,68.4044,1.813666666666666,1.90512,26.33243333333333,26.9004,61.50176666666666,64.08435999999999,5.749394485372457,6.768169647395628
2024,Peshawar,42,0.0,24.4201,57.8721,4758762.0,330.0,0.0,1257.0,0.75,76.0,2851.0,4.0,0.1597054023714571,5.99105397580295,0.0084055474932345,0.4571,1.0125,24.1046,26.5851,55.162,60.9389,0.489866666666666,1.0882,25.036600000000004,26.2919,57.99100000000001,60.85184,5.99105397580295,6.760169016373177
2024,Peshawar,43,0.2714,23.6505,58.5717,4758762.0,330.0,0.0,1257.0,0.75,95.0,2745.0,21.0,0.1996317529643214,5.768306967232234,0.0441291243394815,0.0,0.4571,24.4201,24.1046,57.8721,55.162,0.2428333333333327,1.14248,24.0584,25.413580000000003,57.201933333333336,60.18982,5.768306967232234,6.707071433559217
2024,Peshawar,44,0.3429,22.0186,69.0439,4758762.0,330.0,0.0,1257.0,0.75,66.0,2312.0,23.0,0.1386915336383706,4.85840645108959,0.0483318980860988,0.2714,0.0,23.6505,24.4201,58.5717,57.8721,0.204766666666666,0.41678,23.36306666666667,24.15578,61.82923333333333,60.31772,4.85840645108959,6.175725313745016
2025,Peshawar,37,0.0714,30.0722,66.6531,5160904.0,330.0,0.0,1257.0,0.75,461.0,5069.0,15.0,0.8932543600888526,9.82192267091192,0.0290646754909604,2.2429,9.5571,27.4344,27.3002,77.2184,82.2839,3.9571333333333327,4.43142,28.268933333333333,28.63832,75.38513333333333,76.91936000000001,9.82192267091192,10.364498094201817
2025,Peshawar,38,0.6429,29.6374,61.3572,5160904.0,330.0,0.0,1257.0,0.75,81.0,4929.0,203.0,0.1569492476511866,9.55065236632962,0.3933419416443321,0.0714,2.2429,30.0722,27.4344,66.6531,77.2184,0.9857333333333336,3.87714,29.048,28.66446,68.40956666666666,74.02068,9.55065236632962,10.433507159180987
2025,Peshawar,39,0.3,28.5564,64.0743,5160904.0,330.0,0.0,1257.0,0.75,81.0,5047.0,125.0,0.1569492476511866,9.779294480191842,0.2422056290913375,0.6429,0.0714,29.6374,30.0722,61.3572,66.6531,0.3381,2.56286,29.422,28.60012,64.02819999999998,70.31738,9.779294480191842,10.24044032868788
2025,Peshawar,40,1.8143,25.8743,67.073,5160904.0,330.0,0.0,1257.0,0.75,65.0,4514.0,108.0,0.1259469271274955,8.746529677746379,0.2092656635349156,0.3,0.6429,28.5564,29.6374,64.0743,61.3572,0.9190666666666668,1.0143,28.0227,28.31494,64.16816666666666,67.2752,8.746529677746379,9.271051553936527
2025,Peshawar,41,0.9857,21.5763,60.5702,5160904.0,330.0,0.0,1257.0,0.75,66.0,4456.0,78.0,0.1278845721602262,8.634146265847999,0.1511363125529946,1.8143,0.3,25.8743,28.5564,67.073,64.0743,1.0333333333333332,0.7628600000000001,25.33566666666667,27.14332,63.90583333333333,63.94556,8.634146265847999,9.393162769331855
2025,Peshawar,42,0.0,24.4252,61.1154,5160904.0,330.0,0.0,1257.0,0.75,88.0,4553.0,100.0,0.1705127628803016,8.822097834022877,0.19376450327307,0.9857,1.8143,21.5763,25.8743,60.5702,67.073,0.9333333333333332,0.7485799999999999,23.9586,26.01392,62.91953333333333,62.83801999999999,8.822097834022877,9.525665501041122
2025,Peshawar,43,0.0,23.1731,53.866,5160904.0,330.0,0.0,1257.0,0.75,59.0,4456.0,1.0,0.1143210569311112,8.634146265847999,0.0019376450327306,0.0,0.9857,24.4252,21.5763,61.1154,60.5702,0.3285666666666666,0.6199999999999999,23.0582,24.72106,58.5172,61.33978,8.634146265847999,9.186380768799744
2024,Pishin,37,0.0,25.0023,17.2304,835482.0,1550.0,0.0,6218.0,0.2,38.0,202.0,27.0,0.4548272733583728,2.4177660320629286,0.3231667468598965,0.0714,1.1444,26.5617,26.711,25.0998,42.3134,0.4052666666666666,0.24888,26.09166666666667,27.058119999999995,28.21453333333333,32.40774,2.4177660320629286,2.6510530410220285
2024,Pishin,39,0.0,26.0051,21.1735,835482.0,1550.0,0.0,6218.0,0.2,206.0,66.0,0.0,2.465642587153284,0.7899631589908579,0.0,0.0,0.0714,25.0023,26.5617,17.2304,25.0998,0.0238,0.2431599999999999,25.856366666666663,26.298119999999997,21.1679,28.072040000000005,0.7899631589908579,0.5574608367487786
2024,Pishin,41,0.0429,18.9888,27.9753,835482.0,1550.0,0.0,6218.0,0.2,479.0,58.0,39.0,5.733217472070015,0.6942100488101479,0.4667964121309615,0.0,0.0,26.0051,25.0023,21.1735,17.2304,0.0143,0.2517399999999999,23.332066666666663,24.65378,22.1264,26.75848,0.6942100488101479,0.5496601838199275
2024,Pishin,42,0.0,19.4215,19.5741,835482.0,1550.0,0.0,6218.0,0.2,336.0,53.0,65.0,4.021630627589822,0.6343643549472041,0.7779940202182692,0.0429,0.0,18.9888,26.0051,27.9753,21.1735,0.0143,0.0228599999999999,21.4718,23.19588,22.907633333333337,22.21062,0.6343643549472041,0.4264402903973412
2024,Pishin,43,0.0,19.795,31.4899,835482.0,1550.0,0.0,6218.0,0.2,40.0,338.0,0.0,0.4787655509035503,4.045568905135,0.0,0.0,0.0429,19.4215,18.9888,19.5741,27.9753,0.0143,0.0085799999999999,19.401766666666663,21.84254,26.346433333333334,23.48864,4.045568905135,4.179279786026381
2024,Pishin,44,0.0,18.6117,28.7438,835482.0,1550.0,0.0,6218.0,0.2,210.0,462.0,1.0,2.5135191422436387,5.529742112936006,0.0119691387725887,0.0,0.0,19.795,19.4215,31.4899,19.5741,0.0,0.0085799999999999,19.276066666666665,20.56442,26.6026,25.791319999999995,5.529742112936006,5.566379329020396
2025,Pishin,37,0.0,26.4188,41.7497,889769.0,1550.0,0.0,6218.0,0.2,59.0,497.0,38.0,0.6630934545932708,5.585719439539925,0.4270771402465134,0.0,0.0,24.8825,28.1617,27.0435,39.1176,0.0,0.0028599999999999,26.487666666666662,27.71246,35.97026666666667,35.75332,5.585719439539925,5.4793734576907545
2025,Pishin,38,0.0,23.8313,17.7026,889769.0,1550.0,0.0,6218.0,0.2,43.0,531.0,3.0,0.4832715008052651,5.967841091339438,0.033716616335251,0.0,0.0,26.4188,24.8825,41.7497,27.0435,0.0,0.0,25.0442,26.6965,28.83193333333333,32.30698,5.967841091339438,6.044117178619357
2025,Pishin,39,0.0,24.1307,16.6026,889769.0,1550.0,0.0,6218.0,0.2,47.0,460.0,8.0,0.5282269892522666,5.169881171405163,0.0899109768940028,0.0,0.0,23.8313,26.4188,17.7026,41.7497,0.0,0.0,24.7936,25.485000000000003,25.351633333333336,28.4432,5.169881171405163,5.3982747979037
2025,Pishin,40,0.0,21.7242,25.0349,889769.0,1550.0,0.0,6218.0,0.2,31.0,416.0,0.0,0.3484050354642609,4.675370798488147,0.0,0.0,0.0,24.1307,23.8313,16.6026,17.7026,0.0,0.0,23.22873333333333,24.1975,19.78003333333333,25.62666,4.675370798488147,4.840846446414723
2025,Pishin,41,0.0,15.9706,20.4331,889769.0,1550.0,0.0,6218.0,0.2,31.0,383.0,11.0,0.3484050354642609,4.304488018800385,0.1236275932292538,0.0,0.0,21.7242,24.1307,25.0349,16.6026,0.0,0.0,20.6085,22.41512,20.6902,24.30458,4.304488018800385,4.614318749799584
2025,Pishin,42,0.0,18.1715,17.8847,889769.0,1550.0,0.0,6218.0,0.2,44.0,448.0,8.0,0.4945103729170155,5.035014706064159,0.0899109768940028,0.0,0.0,15.9706,21.7242,20.4331,25.0349,0.0,0.0,18.6221,20.76566,21.117566666666665,19.53158,5.035014706064159,5.235983792725717
2025,Pishin,43,0.0,17.0956,20.9359,889769.0,1550.0,0.0,6218.0,0.2,49.0,380.0,1.0,0.5507047334757673,4.270771402465134,0.0112388721117503,0.0,0.0,18.1715,15.9706,17.8847,20.4331,0.0,0.0,17.079233333333335,19.41852,19.75123333333333,20.17824,4.270771402465134,4.6962967644773315
2024,Quetta,37,0.0,24.2275,24.8055,2595492.0,1680.0,0.0,3447.0,0.75,13.0,332.0,23.0,0.0500868428798855,1.2791409104709242,0.0886151835567206,0.0857,2.3222,24.9587,24.3681,39.6609,58.5464,0.8026333333333334,0.61016,24.5181,25.29066,41.004266666666666,46.34006,1.2791409104709242,1.2409643668270993
2024,Quetta,38,0.0,24.8679,27.8751,2595492.0,1680.0,0.0,3447.0,0.75,32.0,178.0,8.0,0.1232906901658722,0.6858044640476643,0.030822672541468,0.0,0.0857,24.2275,24.9587,24.8055,39.6609,0.0285666666666666,0.50444,24.684700000000003,24.80482,30.7805,40.2103,0.6858044640476643,0.6788711177522488
2024,Quetta,39,0.0,25.292,30.2853,2595492.0,1680.0,0.0,3447.0,0.75,355.0,70.0,6.0,1.3677560940276448,0.2696983847378454,0.023117004406101,0.0,0.0,24.8679,24.2275,27.8751,24.8055,0.0,0.48158,24.7958,24.74284,27.6553,36.23464,0.2696983847378454,0.3954401870007951
2024,Quetta,40,0.3,22.5451,33.3204,2595492.0,1680.0,0.0,3447.0,0.75,780.0,555.0,16.0,3.005210572793135,2.138322907564346,0.0616453450829361,0.0,0.0,25.292,24.8679,30.2853,27.8751,0.0999999999999999,0.07714,24.235,24.37824,30.4936,31.18944,2.138322907564346,2.041850347288795
2024,Quetta,41,0.3429,19.0099,30.662,2595492.0,1680.0,0.0,3447.0,0.75,684.0,41.0,30.0,2.6353385022955185,0.1579661967750237,0.1155850220305051,0.3,0.0,22.5451,25.292,33.3204,30.2853,0.2143,0.12858,22.282333333333337,23.18848,31.422566666666665,29.38966,0.1579661967750237,0.5439148931106859
2024,Quetta,42,0.0,19.981,19.2714,2595492.0,1680.0,0.0,3447.0,0.75,929.0,60.0,6.0,3.5792828488779778,0.2311700440610103,0.023117004406101,0.3429,0.3,19.0099,22.5451,30.662,33.3204,0.2143,0.12858,20.512,22.33918,27.751266666666663,28.28284,0.2311700440610103,0.45129080099339003
2024,Quetta,43,0.0143,19.8304,34.0682,2595492.0,1680.0,0.0,3447.0,0.75,32.0,621.0,0.0,0.1232906901658722,2.3926099560314573,0.0,0.0,0.3429,19.981,19.0099,19.2714,30.662,0.1190666666666666,0.13144,19.6071,21.33168,28.000533333333333,29.52146,2.3926099560314573,2.4537518030910395
2024,Quetta,44,0.0,19.4367,27.0639,2595492.0,1680.0,0.0,3447.0,0.75,28.0,856.0,0.0,0.1078793538951381,3.298025961937081,0.0,0.0143,0.0,19.8304,19.981,34.0682,19.2714,0.0047666666666666,0.13144,19.749366666666667,20.16062,26.801166666666663,28.87718,3.298025961937081,3.330646044892232
2025,Quetta,37,0.1429,24.6757,55.8224,2751515.0,1680.0,0.0,3447.0,0.75,31.0,573.0,19.0,0.1126652044419165,2.082489101458651,0.069052867238594,0.0,0.1571,24.4548,26.5278,33.8071,52.1671,0.1,0.06572,25.21943333333333,26.15354,47.26553333333333,43.08216,2.082489101458651,1.9218265073131384
2025,Quetta,38,0.0,23.4944,20.1374,2751515.0,1680.0,0.0,3447.0,0.75,25.0,584.0,0.0,0.0908590358402552,2.122467077228363,0.0,0.1429,0.0,24.6757,24.4548,55.8224,33.8071,0.0476333333333333,0.06572,24.2083,25.3602,36.58896666666666,40.4252,2.122467077228363,2.1147083384762
2025,Quetta,39,0.0,24.1212,18.1929,2751515.0,1680.0,0.0,3447.0,0.75,26.0,540.0,0.0,0.0944933972738654,1.962555174149514,0.0,0.0,0.1429,23.4944,24.6757,20.1374,55.8224,0.0476333333333333,0.06,24.0971,24.65478,31.384233333333334,36.02538,1.962555174149514,1.8399554639130393
2025,Quetta,40,0.0,21.667,30.6473,2751515.0,1680.0,0.0,3447.0,0.75,14.0,476.0,0.0,0.0508810600705429,1.7299560423984603,0.0,0.0,0.0,24.1212,23.4944,18.1929,20.1374,0.0,0.02858,23.0942,23.682620000000004,22.99253333333333,31.72142,1.7299560423984603,1.6365502722768666
2025,Quetta,41,0.0,16.09,22.4936,2751515.0,1680.0,0.0,3447.0,0.75,19.0,420.0,0.0,0.069052867238594,1.5264318021162888,0.0,0.0,0.0,21.667,24.1212,30.6473,18.1929,0.0,0.02858,20.62606666666667,22.00966,23.777933333333333,29.45872,1.5264318021162888,1.4555552322912115
2025,Quetta,42,0.0,18.7179,20.1734,2751515.0,1680.0,0.0,3447.0,0.75,26.0,525.0,0.0,0.0944933972738654,1.908039752645361,0.0,0.0,0.0,16.09,21.667,22.4936,30.6473,0.0,0.0,18.82496666666667,20.8181,24.4381,22.32892,1.908039752645361,1.843746759127888
2025,Quetta,43,0.0,17.3108,23.6004,2751515.0,1680.0,0.0,3447.0,0.75,27.0,452.0,1.0,0.0981277587074757,1.6427313679918154,0.0036343614336102,0.0,0.0,18.7179,16.09,20.1734,22.4936,0.0,0.0,17.3729,19.581380000000003,22.089133333333336,23.02152,1.6427313679918154,1.5934402717317067
2025,SD Tank,38,0.6286,31.4267,58.0939,604463.0,621.2798240791644,0.6690489279824079,6292.451621770203,0.3392935678944475,13.0,22.0,0.0,0.2150669271733754,0.3639594152164814,0.0,4.0429,10.7857,29.4857,30.3309,66.625,70.0088,5.1524,3.18286,30.41443333333333,31.74726,64.90923333333333,61.55445999999999,0.3639594152164814,0.3862905947454287
2025,SD Tank,41,0.3,23.3002,56.0402,604463.0,621.2798240791644,0.6690489279824079,6292.451621770203,0.3392935678944475,13.0,22.0,3.0,0.2150669271733754,0.3639594152164814,0.049630829347702,0.6286,4.0429,31.4267,29.4857,58.0939,66.625,1.657166666666667,3.2114400000000005,28.07086666666667,29.65416,60.25303333333333,61.57528,0.3639594152164814,0.3243969041217536
2025,SD Tank,43,0.0,23.8598,48.7791,604463.0,621.2798240791644,0.6690489279824079,6292.451621770203,0.3392935678944475,13.0,22.0,0.0,0.2150669271733754,0.3639594152164814,0.0,0.3,0.6286,23.3002,31.4267,56.0402,58.0939,0.3095333333333334,3.15144,26.195566666666668,27.68066,54.3044,59.90939999999999,0.3639594152164814,0.302050540425868
2024,Sanghar,37,1.3846,29.524,72.7137,2308465.0,16.0,1.0,10608.0,0.2,4072.0,1284.0,18.0,17.639427065171013,5.562137610923275,0.077973891741915,2.5714,13.4889,28.9897,28.6804,78.8068,79.9196,5.814966666666667,4.9547,29.0647,29.49332,77.14670000000001,76.17188000000002,5.562137610923275,5.5405820296072825
2024,Sanghar,38,0.0,31.334,59.8996,2308465.0,16.0,1.0,10608.0,0.2,4517.0,1389.0,33.0,19.56711494434613,6.016985312751114,0.1429521348601776,1.3846,2.5714,29.524,28.9897,72.7137,78.8068,1.318666666666667,3.78612,29.949233333333336,29.69564,70.47336666666668,73.40026,6.016985312751114,5.969510026068487
2024,Sanghar,39,0.0,32.3447,59.3159,2308465.0,16.0,1.0,10608.0,0.2,5703.0,1731.0,39.0,24.704728033563427,7.4984892558475,0.1689434321074827,0.0,1.3846,31.334,29.524,59.8996,72.7137,0.4615333333333339,3.4889799999999997,31.067566666666664,30.174560000000003,63.976400000000005,70.13112,7.4984892558475,7.982397686032458
2024,Sanghar,40,0.0,31.4337,59.9741,2308465.0,16.0,1.0,10608.0,0.2,4740.0,1584.0,58.0,20.53312482537097,6.861702473288528,0.2512492067239486,0.0,0.0,32.3447,31.334,59.3159,59.8996,0.0,0.7912000000000001,31.70413333333333,30.72522,59.72986666666666,66.14202,6.861702473288528,6.967480649319815
2024,Sanghar,41,0.0,31.4498,43.2931,2308465.0,16.0,1.0,10608.0,0.2,5488.0,1919.0,56.0,23.773373215535,8.312883236263058,0.2425854409748469,0.0,0.0,31.4337,32.3447,59.9741,59.3159,0.0,0.27692,31.742733333333334,31.21724,54.19436666666667,59.03928,8.312883236263058,8.500450079997673
2024,Sanghar,42,0.0,31.579,44.9652,2308465.0,16.0,1.0,10608.0,0.2,4494.0,2070.0,39.0,19.467481638231465,8.966997550320235,0.1689434321074827,0.0,0.0,31.4498,31.4337,43.2931,59.9741,0.0,0.0,31.4875,31.62824,49.4108,53.48958,8.966997550320235,9.161113496666868
2024,Sanghar,43,0.0,31.0281,41.3838,2308465.0,16.0,1.0,10608.0,0.2,4664.0,1892.0,82.0,20.20390172690511,8.195922398650186,0.3552143957131687,0.0,0.0,31.579,31.4498,44.9652,43.2931,0.0,0.0,31.3523,31.56706,43.21403333333333,49.78642,8.195922398650186,8.5410718687637
2024,Sanghar,44,0.0,29.1465,41.6294,2308465.0,16.0,1.0,10608.0,0.2,3506.0,1555.0,31.0,15.187581358175237,6.736077869926553,0.1342883691110759,0.0,0.0,31.0281,31.579,41.3838,44.9652,0.0,0.0,30.584533333333336,30.92742,42.65946666666667,46.24912,6.736077869926553,6.754120757828986
2025,Sanghar,37,3.6714,27.5153,81.6858,2486760.0,16.0,1.0,10608.0,0.2,5840.0,2272.0,189.0,23.48437324068265,9.136386301854625,0.7600250928919559,8.6429,5.0143,30.8778,30.0409,67.1992,81.4084,5.7762,3.61144,29.478,30.418560000000003,76.76446666666668,70.51928000000001,9.136386301854625,8.916720997697722
2025,Sanghar,38,0.0,29.204,72.1334,2486760.0,16.0,1.0,10608.0,0.2,8070.0,2346.0,226.0,32.45186507745018,9.433962264150944,0.9088130740401164,3.6714,8.6429,27.5153,30.8778,81.6858,67.1992,4.104766666666667,3.61144,29.199033333333333,29.93816,73.67280000000001,72.89766,9.433962264150944,9.748707917471359
2025,Sanghar,39,0.0,30.4876,61.2962,2486760.0,16.0,1.0,10608.0,0.2,7532.0,2121.0,135.0,30.288407405620163,8.529170486898614,0.542875066351397,0.0,3.6714,29.204,27.5153,72.1334,81.6858,1.2238000000000009,3.46572,29.068966666666665,29.62512,71.70513333333334,72.74459999999999,8.529170486898614,9.018670562145715
2025,Sanghar,41,0.0,28.1733,50.6758,2486760.0,16.0,1.0,10608.0,0.2,8099.0,2307.0,192.0,32.56848268429604,9.277131689427206,0.7720889832553202,1.3429,0.0,29.9572,30.4876,68.7766,61.2962,0.4476333333333339,1.00286,29.539366666666663,29.06748,60.24953333333335,66.91355999999999,9.277131689427206,9.261907751348488
2025,Sanghar,42,0.0,28.2757,39.2011,2486760.0,16.0,1.0,10608.0,0.2,8399.0,2116.0,213.0,33.77487172063247,8.509064002959674,0.8565362157988707,0.0,1.3429,28.1733,29.9572,50.6758,68.7766,0.4476333333333339,0.26858,28.80206666666666,29.21956,52.88450000000001,58.41662,8.509064002959674,8.867013555012782
2025,Sanghar,43,0.0,26.9034,47.0666,2486760.0,16.0,1.0,10608.0,0.2,6981.0,1909.0,200.0,28.072672875548903,7.676655567887533,0.8042593575576251,0.0,0.0,28.2757,28.1733,39.2011,50.6758,0.0,0.26858,27.78413333333333,28.75944,45.64783333333335,53.40326,7.676655567887533,7.77257704399467
2024,Shaheed Benazirabad,37,0.4692,30.1355,71.7337,1845102.0,30.0,2.0,4502.0,0.5,3053.0,2532.0,82.0,16.546510707809105,13.72281857588361,0.4444198748903855,0.8714,14.7778,29.9644,28.8632,76.1947,81.4524,5.372799999999999,5.083679999999999,29.654366666666665,30.02094,76.46026666666667,76.19685999999999,13.72281857588361,13.960324148861396
2024,Shaheed Benazirabad,38,0.0,31.476,61.2952,1845102.0,30.0,2.0,4502.0,0.5,2851.0,2344.0,95.0,15.451720284298649,12.703904716378824,0.5148766843242271,0.4692,0.8714,30.1355,29.9644,71.7337,76.1947,0.4468666666666661,3.9694,30.5253,30.11986,69.7412,73.60208,12.703904716378824,13.199773571469052
2024,Shaheed Benazirabad,39,0.0857,32.8096,57.9212,1845102.0,30.0,2.0,4502.0,0.5,3001.0,2328.0,70.0,16.26468347007374,12.61718864322948,0.3793828200283778,0.0,0.4692,31.476,30.1355,61.2952,71.7337,0.184966666666666,3.2408200000000003,31.4737,30.64974,63.65003333333333,69.71943999999999,12.61718864322948,13.037461145398991
2024,Shaheed Benazirabad,40,0.0,31.6601,58.246,1845102.0,30.0,2.0,4502.0,0.5,2694.0,1993.0,106.0,14.600818816520713,10.801570861665102,0.5744939846144007,0.0857,0.0,32.8096,31.476,57.9212,61.2952,0.028566666666666,0.2852599999999999,31.9819,31.20912,59.15413333333333,65.07816,10.801570861665102,10.76056707376047
2024,Shaheed Benazirabad,41,0.0,29.9971,48.8068,1845102.0,30.0,2.0,4502.0,0.5,2560.0,1834.0,82.0,13.87457170389496,9.9398298847435,0.4444198748903855,0.0,0.0857,31.6601,32.8096,58.246,57.9212,0.028566666666666,0.11098,31.48893333333333,31.21566,54.99133333333334,59.60058,9.9398298847435,10.19758688040173
2024,Shaheed Benazirabad,42,0.0,30.4269,45.4397,1845102.0,30.0,2.0,4502.0,0.5,2405.0,1827.0,98.0,13.034509745260696,9.901891602740662,0.531135948039729,0.0,0.0,29.9971,31.6601,48.8068,58.246,0.0,0.01714,30.6947,31.27394,50.83083333333334,54.34178000000001,9.901891602740662,10.033582823356753
2024,Shaheed Benazirabad,43,0.0,30.4415,37.4996,1845102.0,30.0,2.0,4502.0,0.5,2028.0,1679.0,97.0,10.99126227167929,9.099767926109235,0.525716193467895,0.0,0.0,30.4269,29.9971,45.4397,48.8068,0.0,0.01714,30.2885,31.06704,43.91536666666667,49.58266,9.099767926109235,9.222274543019294
2024,Shaheed Benazirabad,44,0.0,29.3843,47.8921,1845102.0,30.0,2.0,4502.0,0.5,1635.0,1404.0,84.0,8.86129872494854,7.609335418854893,0.4552593840340533,0.0,0.0,30.4415,30.4269,37.4996,45.4397,0.0,0.0,30.084233333333334,30.38198,43.61046666666667,47.57684,7.609335418854893,7.82373038553552
2025,Shaheed Benazirabad,37,17.3429,27.9248,79.8123,1949997.0,30.0,2.0,4502.0,0.5,3021.0,2063.0,142.0,15.492331526663888,10.579503455646345,0.7282062485224337,1.5429,6.6429,33.0558,31.2698,55.7252,73.7824,8.509566666666666,5.18288,30.750133333333338,31.71138,69.7733,64.0026,10.579503455646345,10.606670615253249
2025,Shaheed Benazirabad,38,0.0,29.671,72.8371,1949997.0,30.0,2.0,4502.0,0.5,3467.0,2112.0,143.0,17.77951453258646,10.830785893516758,0.7333344615401972,17.3429,1.5429,27.9248,33.0558,79.8123,55.7252,6.295266666666667,5.18288,30.2172,31.10888,69.4582,67.34532,10.830785893516758,11.337332628643205
2025,Shaheed Benazirabad,39,0.0,30.3659,64.1912,1949997.0,30.0,2.0,4502.0,0.5,2746.0,1783.0,143.0,14.082072946778892,9.143603810672529,0.7333344615401972,0.0,17.3429,29.671,27.9248,72.8371,79.8123,5.780966666666667,5.10574,29.320566666666668,30.45746,72.2802,69.26964,9.143603810672529,9.682153145676022
2025,Shaheed Benazirabad,40,0.4714,30.8641,62.33,1949997.0,30.0,2.0,4502.0,0.5,2520.0,1574.0,47.0,12.923096804764317,8.071807289959933,0.24102601183489,0.0,0.0,30.3659,29.671,64.1912,72.8371,0.1571333333333333,3.87144,30.30033333333333,30.37632,66.45276666666668,66.97916000000001,8.071807289959933,7.866742287841912
2025,Shaheed Benazirabad,41,0.0,27.3013,49.4816,1949997.0,30.0,2.0,4502.0,0.5,4687.0,1835.0,114.0,24.035934414258072,9.410270887596235,0.5846162840250524,0.4714,0.0,30.8641,30.3659,62.33,64.1912,0.1571333333333333,3.56286,29.51043333333333,29.225420000000003,58.66759999999999,65.73044,9.410270887596235,9.793923210254164
2025,Shaheed Benazirabad,42,0.0,27.9683,38.95,1949997.0,30.0,2.0,4502.0,0.5,4295.0,1745.0,121.0,22.025674911294733,8.94873171599751,0.6205137751493977,0.0,0.4714,27.3013,30.8641,49.4816,62.33,0.1571333333333333,0.09428,28.711233333333336,29.23412,50.25386666666666,57.55798,8.94873171599751,9.318476241178207
2025,Shaheed Benazirabad,43,0.0,27.932,37.1743,1949997.0,30.0,2.0,4502.0,0.5,4091.0,1657.0,134.0,20.97951945567096,8.497448970434313,0.6871805443803246,0.0,0.0,27.9683,27.3013,38.95,49.4816,0.0,0.09428,27.733866666666668,28.88632,41.868633333333335,50.42542,8.497448970434313,8.79547230395665
2025,Shangla,37,3.3143,18.1631,80.1396,915157.0,2000.0,2.0,1586.0,0.35,0.0,1399.0,15.0,0.0,15.286994471986771,0.1639063024158696,6.0143,7.4,16.9857,17.9827,81.0142,81.9614,5.5762,7.228579999999999,17.7105,18.2932,81.03840000000001,83.52746,15.286994471986771,15.630286211967018
2025,Shangla,38,2.5714,17.4869,68.5831,915157.0,2000.0,2.0,1586.0,0.35,1158.0,1688.0,105.0,12.653566546505136,18.4449225651992,1.1473441169110874,3.3143,6.0143,18.1631,16.9857,80.1396,81.0142,3.966666666666667,6.87714,17.545233333333332,18.0069,76.57896666666669,80.44876000000001,18.4449225651992,18.616267618670374
2025,Shangla,39,0.7286,17.9982,57.2778,915157.0,2000.0,2.0,1586.0,0.35,1127.0,1230.0,2.0,12.314826854845672,13.44031679810131,0.0218541736554492,2.5714,3.3143,17.4869,18.1631,68.5831,80.1396,2.2047666666666665,4.00572,17.882733333333334,17.72332,68.66683333333334,73.79522,13.44031679810131,13.868975546043899
2025,Shangla,40,5.8429,14.8428,61.0113,915157.0,2000.0,2.0,1586.0,0.35,755.0,1099.0,5.0,8.249950554932104,12.008868423669382,0.0546354341386232,0.7286,2.5714,17.9982,17.4869,57.2778,68.5831,3.0476333333333336,3.6943,16.775966666666665,17.09534,62.29073333333334,69.6052,12.008868423669382,12.102523844837915
2025,Shangla,41,4.6,10.9672,59.7681,915157.0,2000.0,2.0,1586.0,0.35,652.0,1106.0,24.0,7.124460611676466,12.085358031463452,0.2622500838653914,5.8429,0.7286,14.8428,17.9982,61.0113,57.2778,3.723833333333333,3.41144,14.602733333333331,15.89164,59.35240000000001,65.35598,12.085358031463452,11.975948660585837
2025,Shangla,42,0.0857,14.478,54.0226,915157.0,2000.0,2.0,1586.0,0.35,543.0,1212.0,6.0,5.93340814745448,13.243629235202263,0.0655625209663478,4.6,5.8429,10.9672,14.8428,59.7681,61.0113,3.509533333333333,2.76572,13.429333333333332,15.15462,58.26733333333334,60.13258,13.243629235202263,13.066364926763343
2025,Shangla,43,0.1143,12.817,42.8301,915157.0,2000.0,2.0,1586.0,0.35,543.0,1212.0,0.0,5.93340814745448,13.243629235202263,0.0,0.0857,4.6,14.478,10.9672,54.0226,59.7681,1.6000000000000003,2.2743,12.754066666666668,14.22064,52.20693333333333,54.98198,13.243629235202263,12.947383014610732
2024,Sherani,37,0.0,0.0,0.0,191687.0,1500.0,0.0,2700.0,0.2,2.0,18.0,4.0,0.1043367573179193,0.9390308158612738,0.2086735146358386,0.0,0.0,0.0,0.0,0.0,0.0,0.0,0.0,0.0,0.0,0.0,0.0,0.9390308158612738,0.7890302540753948
2024,Sherani,38,0.0,0.0,0.0,191687.0,1500.0,0.0,2700.0,0.2,7.0,35.0,0.0,0.3651786506127176,1.825893253063588,0.0,0.0,0.0,0.0,0.0,0.0,0.0,0.0,0.0,0.0,0.0,0.0,0.0,1.825893253063588,1.74331995115561
2024,Sherani,39,0.0,0.0,0.0,191687.0,1500.0,0.0,2700.0,0.2,19.0,6.0,0.0,0.9911991945202334,0.3130102719537579,0.0,0.0,0.0,0.0,0.0,0.0,0.0,0.0,0.0,0.0,0.0,0.0,0.0,0.3130102719537579,0.43039065010764155
2024,Sherani,40,0.0,0.0,0.0,191687.0,1500.0,0.0,2700.0,0.2,37.0,16.0,0.0,1.9302300103815075,0.8346940585433544,0.0,0.0,0.0,0.0,0.0,0.0,0.0,0.0,0.0,0.0,0.0,0.0,0.0,0.8346940585433544,0.7805750844494277
2024,Sherani,41,0.0,0.0,0.0,191687.0,1500.0,0.0,2700.0,0.2,62.0,11.0,5.0,3.234439476855499,0.5738521652485562,0.2608418932947983,0.0,0.0,0.0,0.0,0.0,0.0,0.0,0.0,0.0,0.0,0.0,0.0,0.5738521652485562,0.5802046636126619
2024,Sherani,42,0.0,0.0,0.0,191687.0,1500.0,0.0,2700.0,0.2,72.0,9.0,6.0,3.756123263445095,0.4695154079306369,0.3130102719537579,0.0,0.0,0.0,0.0,0.0,0.0,0.0,0.0,0.0,0.0,0.0,0.0,0.4695154079306369,0.5717944130221397
2024,Sherani,43,0.0,0.0,0.0,191687.0,1500.0,0.0,2700.0,0.2,8.0,44.0,0.0,0.4173470292716772,2.295408660994225,0.0,0.0,0.0,0.0,0.0,0.0,0.0,0.0,0.0,0.0,0.0,0.0,0.0,2.295408660994225,2.115189435801166
2024,Sherani,44,0.0,0.0,0.0,191687.0,1500.0,0.0,2700.0,0.2,11.0,45.0,0.0,0.5738521652485562,2.3475770396531845,0.0,0.0,0.0,0.0,0.0,0.0,0.0,0.0,0.0,0.0,0.0,0.0,0.0,2.3475770396531845,2.1661932897659444
2024,Shikarpur,37,0.4538,31.2539,67.9542,1386330.0,52.0,1.0,2512.0,0.35,3618.0,1832.0,2.0,26.097682369998488,13.214746849595697,0.0144265795301263,0.8429,6.5667,31.0046,29.9961,72.3438,75.2456,2.6211333333333333,6.30124,30.751533333333334,30.764700000000005,71.84786666666668,73.66290000000001,13.214746849595697,13.229782247150657
2024,Shikarpur,38,0.0,31.9933,59.8382,1386330.0,52.0,1.0,2512.0,0.35,3443.0,1581.0,6.0,24.83535666111243,11.404211118564843,0.0432797385903789,0.4538,0.8429,31.2539,31.0046,67.9542,72.3438,0.4322333333333333,2.8441,31.417266666666663,30.869360000000007,66.71206666666667,71.23906000000001,11.404211118564843,11.189059025102843
2024,Shikarpur,39,0.0,32.9864,56.1981,1386330.0,52.0,1.0,2512.0,0.35,3970.0,1631.0,3.0,28.63676036730072,11.764875606818002,0.0216398692951894,0.0,0.4538,31.9933,31.2539,59.8382,67.9542,0.1512666666666666,1.57268,32.07786666666667,31.446860000000004,61.33016666666666,66.31598,11.764875606818002,11.52285432623611
2024,Shikarpur,40,0.05,31.4778,58.1584,1386330.0,52.0,1.0,2512.0,0.35,3264.0,1267.0,4.0,23.54417779316613,9.139238132335016,0.0288531590602526,0.0,0.0,32.9864,31.9933,56.1981,59.8382,0.0166666666666666,0.26934,32.1525,31.7432,58.0649,62.89854,9.139238132335016,9.035400269332257
2024,Shikarpur,41,0.0143,29.148,51.8558,1386330.0,52.0,1.0,2512.0,0.35,4186.0,1436.0,9.0,30.19483095655436,10.358284102630687,0.0649196078855683,0.05,0.0,31.4778,32.9864,58.1584,56.1981,0.0214333333333333,0.10362,31.204066666666662,31.37188,55.40410000000001,58.80094,10.358284102630687,10.053084248999427
2024,Shikarpur,42,0.0,28.9462,46.9204,1386330.0,52.0,1.0,2512.0,0.35,3581.0,1327.0,5.0,25.830790648691146,9.572035518238804,0.0360664488253157,0.0143,0.05,29.148,31.4778,51.8558,58.1584,0.0214333333333333,0.01286,29.857333333333333,30.91034,52.31153333333334,54.59418,9.572035518238804,9.327926212619747
2024,Shikarpur,43,0.0,29.4674,40.3853,1386330.0,52.0,1.0,2512.0,0.35,3335.0,1296.0,9.0,24.05632136648561,9.348423535521846,0.0649196078855683,0.0,0.0143,28.9462,29.148,46.9204,51.8558,0.0047666666666666,0.01286,29.1872,30.40516,46.38716666666667,50.70360000000001,9.348423535521846,9.239965731951244
2024,Shikarpur,44,0.0,28.3721,46.9562,1386330.0,52.0,1.0,2512.0,0.35,3083.0,1179.0,9.0,22.238572345689697,8.504468633009456,0.0649196078855683,0.0,0.0,29.4674,28.9462,40.3853,46.9204,0.0,0.01286,28.92856666666667,29.4823,44.75396666666668,48.85522,8.504468633009456,8.526965246915633
2025,Shikarpur,37,1.7143,29.4995,72.7346,1488188.0,52.0,1.0,2512.0,0.35,2574.0,1277.0,212.0,17.296201823963102,8.580905100699642,1.424551199176448,0.1286,1.5714,33.3189,32.8986,56.6515,64.679,1.1381,0.76286,31.905666666666672,32.969939999999994,64.68836666666667,58.86782000000001,8.580905100699642,8.775108674818835
2025,Shikarpur,38,0.0,32.2635,58.4509,1488188.0,52.0,1.0,2512.0,0.35,2869.0,1333.0,257.0,19.278478256779383,8.957201643878326,1.7269323499450338,1.7143,0.1286,29.4995,33.3189,72.7346,56.6515,0.6143,0.76286,31.69396666666667,32.552620000000005,62.61233333333333,60.44748,8.957201643878326,8.759359547167492
2025,Shikarpur,39,0.0,32.7686,49.3546,1488188.0,52.0,1.0,2512.0,0.35,1718.0,907.0,163.0,11.544240378231782,6.09466008326905,1.0952917238950992,0.0,1.7143,32.2635,29.4995,58.4509,72.7346,0.5714333333333332,0.68286,31.510533333333345,32.14982,60.18003333333333,60.37411999999999,6.09466008326905,6.061602424233316
2025,Shikarpur,40,0.0,33.4433,44.757,1488188.0,52.0,1.0,2512.0,0.35,1336.0,738.0,90.0,8.9773603872629,4.959050872604806,0.6047623015371714,0.0,0.0,32.7686,32.2635,49.3546,58.4509,0.0,0.36858,32.82513333333334,32.25876,50.85416666666666,56.38972,4.959050872604806,4.9027299007960945
2025,Shikarpur,41,0.0,28.7248,39.4689,1488188.0,52.0,1.0,2512.0,0.35,4095.0,1348.0,266.0,27.516684719941296,9.057995360801188,1.787408580098751,0.0,0.0,33.4433,32.7686,44.757,49.3546,0.0,0.34286,31.64556666666667,31.33994,44.526833333333336,52.9532,9.057995360801188,8.85347710052177
2025,Shikarpur,42,0.0,29.5331,28.4134,1488188.0,52.0,1.0,2512.0,0.35,3312.0,1147.0,165.0,22.255252696567908,7.70735955403484,1.1087308861514809,0.0,0.0,28.7248,33.4433,39.4689,44.757,0.0,0.0,30.567066666666676,31.346660000000004,37.54643333333333,44.08896,7.70735955403484,7.517900497018099
2025,Shikarpur,43,0.0,29.0593,31.5548,1488188.0,52.0,1.0,2512.0,0.35,3736.0,1163.0,211.0,25.1043550949208,7.814872852085893,1.4178316180482573,0.0,0.0,29.5331,28.7248,28.4134,39.4689,0.0,0.0,29.105733333333337,30.70582,33.1457,38.70974,7.814872852085893,7.688640045157074
2024,Sibi,37,0.3462,30.7116,71.4697,224148.0,130.0,0.0,7121.0,0.2,171.0,174.0,46.0,7.6288880561057875,7.762728197440976,2.052215500472902,0.6429,7.5889,30.3328,29.625,78.109,79.7,2.8593333333333337,4.6956,30.223133333333333,30.40474,76.42623333333334,77.67193999999999,7.762728197440976,7.251826791426455
2024,Sibi,38,0.0,32.8644,54.6235,224148.0,130.0,0.0,7121.0,0.2,82.0,284.0,1.0,3.658297196495173,12.670200046397916,0.044613380445063,0.3462,0.6429,30.7116,30.3328,71.4697,78.109,0.3297,2.7784600000000004,31.30293333333333,30.66314,68.0674,73.39608,12.670200046397916,11.895017490407074
2024,Sibi,39,0.0286,33.9858,49.5457,224148.0,130.0,0.0,7121.0,0.2,146.0,247.0,1.0,6.51355354497921,11.019504969930582,0.044613380445063,0.0,0.3462,32.8644,30.7116,54.6235,71.4697,0.1249333333333333,1.7213200000000004,32.520599999999995,31.50392,58.5463,66.68958,11.019504969930582,10.697015169874899
2024,Sibi,40,1.9,31.9447,45.462,224148.0,130.0,0.0,7121.0,0.2,148.0,143.0,18.0,6.602780305869336,6.379713403644021,0.8030408480111355,0.0286,0.0,33.9858,32.8644,49.5457,54.6235,0.6428666666666666,0.5835400000000004,32.93163333333333,31.96786,49.87706666666667,59.84198,6.379713403644021,6.349823529781421
2024,Sibi,41,2.1714,27.2385,58.6196,224148.0,130.0,0.0,7121.0,0.2,128.0,269.0,32.0,5.710512696968075,12.00099933972197,1.4276281742420187,1.9,0.0286,31.9447,33.9858,45.462,49.5457,1.3666666666666665,0.8892400000000004,31.05633333333333,31.349,51.2091,55.944100000000006,12.00099933972197,11.88870613088444
2024,Sibi,42,0.0,28.512,36.7705,224148.0,130.0,0.0,7121.0,0.2,151.0,60.0,6.0,6.736620447204526,2.676802826703785,0.2676802826703784,2.1714,1.9,27.2385,31.9447,58.6196,45.462,1.3571333333333335,0.8200000000000005,29.23173333333333,30.90908,46.950700000000005,49.00426,2.676802826703785,2.716068033320152
2024,Sibi,43,0.0,29.0977,36.2989,224148.0,130.0,0.0,7121.0,0.2,57.0,167.0,0.0,2.542962685368596,7.4504345343255345,0.0,0.0,2.1714,28.512,27.2385,36.7705,58.6196,0.7238000000000001,0.8200000000000005,28.28273333333333,30.15574,43.89633333333333,45.33934000000001,7.4504345343255345,7.011623152215857
2025,Sibi,37,1.7857,31.3358,62.8993,163205.0,130.0,0.0,7121.0,0.2,191.0,464.0,18.0,11.70307282252382,28.430501516497657,1.1029073864158574,0.1,4.6857,33.5566,33.5593,53.4611,60.3981,2.1904666666666666,1.3142800000000003,32.81723333333333,33.97126,58.919500000000006,54.14312,28.430501516497657,25.246251334537405
2025,Sibi,38,0.0,33.7102,49.0047,163205.0,130.0,0.0,7121.0,0.2,161.0,412.0,2.0,9.864893845164058,25.2443246224074,0.1225452651573174,1.7857,0.1,31.3358,33.5566,62.8993,53.4611,0.6285666666666667,1.3142800000000003,32.867533333333334,33.596140000000005,55.1217,54.45536,25.2443246224074,25.242121331575493
2025,Sibi,40,0.0,32.6891,37.4057,163205.0,130.0,0.0,7121.0,0.2,251.0,420.0,2.0,15.379430777243345,25.734505683036677,0.1225452651573174,0.0,0.0,33.2123,33.7102,46.3164,49.0047,0.0,0.3771400000000003,33.20386666666666,32.900800000000004,44.24226666666667,49.81744,25.734505683036677,25.59921313410819
2025,Sibi,41,0.0,27.2563,35.4467,163205.0,130.0,0.0,7121.0,0.2,231.0,364.0,0.0,14.15397812567017,22.303238258631783,0.0,0.0,0.0,32.6891,33.2123,37.4057,46.3164,0.0,0.3571400000000003,31.052566666666664,31.640740000000005,39.72293333333334,46.21456,22.303238258631783,23.89296869735713
2025,Sibi,42,0.0,27.2236,27.5807,163205.0,130.0,0.0,7121.0,0.2,183.0,361.0,0.0,11.212891761894548,22.11942036089581,0.0,0.0,0.0,27.2563,32.6891,35.4467,37.4057,0.0,0.0,29.056333333333328,30.8183,33.477700000000006,39.15084,22.11942036089581,23.816943315400348
2025,Sibi,43,0.0,26.5105,31.1199,163205.0,130.0,0.0,7121.0,0.2,228.0,241.0,0.0,13.970160227934194,14.766704451456755,0.0,0.0,0.0,27.2236,27.2563,27.5807,35.4467,0.0,0.0,26.9968,29.37836,31.38243333333333,35.57388,14.766704451456755,15.02880902894944
2024,Sohbat pur,37,0.2462,31.204,69.1413,240106.0,621.2798240791644,0.6690489279824079,6292.451621770203,0.3392935678944475,283.0,238.0,11.0,11.78646097973395,9.912288739140212,0.4581309921451358,0.4571,9.9111,30.8952,30.0568,73.6775,75.1908,3.538133333333334,6.08572,30.718666666666667,30.87166,72.66986666666666,73.77116,9.912288739140212,9.64363936668623
2024,Sohbat pur,38,0.0,31.9354,61.579,240106.0,621.2798240791644,0.6690489279824079,6292.451621770203,0.3392935678944475,420.0,254.0,0.0,17.49227424554155,10.57866109135132,0.0,0.2462,0.4571,31.204,30.8952,69.1413,73.6775,0.2344333333333345,3.5143,31.34486666666667,30.87256,68.13260000000001,72.00198,10.57866109135132,10.669139239373509
2024,Sohbat pur,39,0.0,32.8565,57.1664,240106.0,621.2798240791644,0.6690489279824079,6292.451621770203,0.3392935678944475,257.0,644.0,5.0,10.703605907390903,26.821487176497044,0.2082413600659708,0.0,0.2462,31.9354,31.204,61.579,69.1413,0.0820666666666678,2.1228800000000003,31.99863333333333,31.38958,62.62890000000001,67.351,26.821487176497044,22.50292193923145
2024,Sohbat pur,40,0.05,31.8015,55.8773,240106.0,621.2798240791644,0.6690489279824079,6292.451621770203,0.3392935678944475,7.0,270.0,1.0,0.2915379040923592,11.245033443562429,0.0416482720131941,0.0,0.0,32.8565,31.9354,57.1664,61.579,0.0166666666666678,0.1506600000000007,32.197799999999994,31.73852,58.20756666666667,63.4883,11.245033443562429,11.308996936799021
2024,Sohbat pur,41,0.0571,30.0836,45.7444,240106.0,621.2798240791644,0.6690489279824079,6292.451621770203,0.3392935678944475,13.0,547.0,0.0,0.5414275361715243,22.78160479121721,0.0,0.05,0.0,31.8015,32.8565,55.8773,57.1664,0.0357000000000011,0.0706600000000007,31.58053333333333,31.5762,52.92936666666666,57.90168,22.78160479121721,20.060773571661407
2024,Sohbat pur,42,0.0,29.68,42.8143,240106.0,621.2798240791644,0.6690489279824079,6292.451621770203,0.3392935678944475,35.0,435.0,0.0,1.457689520461796,18.116998325739463,0.0,0.0571,0.05,30.0836,31.8015,45.7444,55.8773,0.0357000000000011,0.0214200000000007,30.5217,31.2714,48.14533333333333,52.63628,18.116998325739463,17.606741890485218
2024,Sohbat pur,43,0.0,30.0723,36.7901,240106.0,621.2798240791644,0.6690489279824079,6292.451621770203,0.3392935678944475,535.0,13.0,8.0,22.281825527058885,0.5414275361715243,0.3331861761055534,0.0,0.0571,29.68,30.0836,42.8143,45.7444,0.0190333333333345,0.0214200000000007,29.9453,30.89878,41.78293333333334,47.6785,0.5414275361715243,0.6979962506638282
2024,Sohbat pur,44,0.0,28.5256,46.0622,240106.0,621.2798240791644,0.6690489279824079,6292.451621770203,0.3392935678944475,353.0,13.0,6.0,14.701840020657542,0.5414275361715243,0.249889632079165,0.0,0.0,30.0723,29.68,36.7901,42.8143,0.0,0.0214200000000007,29.425966666666667,30.0326,41.888866666666665,45.45766,0.5414275361715243,0.38370655768492057
2025,Sohbat pur,37,2.6857,29.6723,72.9825,241785.0,621.2798240791644,0.6690489279824079,6292.451621770203,0.3392935678944475,97.0,316.0,24.0,4.011828690778998,13.06946253903261,0.9926174080277932,0.0714,2.4857,32.9592,33.0181,59.7663,65.2983,1.7476000000000014,1.0857000000000008,31.8832,32.99192,66.0157,59.899440000000006,13.06946253903261,12.934321124892806
2025,Sohbat pur,38,0.0,32.9116,56.7961,241785.0,621.2798240791644,0.6690489279824079,6292.451621770203,0.3392935678944475,19.0,68.0,18.0,0.7858221146886697,2.812415989412081,0.7444630560208451,2.6857,0.0714,29.6723,32.9592,72.9825,59.7663,0.9190333333333346,1.0857000000000008,31.8477,32.68056,63.18163333333334,61.082820000000005,2.812415989412081,2.894001644269542
2025,Sohbat pur,39,0.0,33.0648,48.8492,241785.0,621.2798240791644,0.6690489279824079,6292.451621770203,0.3392935678944475,97.0,240.0,14.0,4.011828690778998,9.926174080277931,0.5790268213495461,0.0,2.6857,32.9116,29.6723,56.7961,72.9825,0.8952333333333345,1.0485600000000008,31.8829,32.3252,59.5426,60.73848,9.926174080277931,9.6340917851008
2025,Sohbat pur,40,0.0,33.2967,44.1758,241785.0,621.2798240791644,0.6690489279824079,6292.451621770203,0.3392935678944475,110.0,300.0,13.0,4.549496453460719,12.407717600347416,0.5376677626817213,0.0,0.0,33.0648,32.9116,48.8492,56.7961,0.0,0.5514200000000008,33.09103333333333,32.38092,49.94036666666667,56.51398,12.407717600347416,12.497555726102771
2025,Sohbat pur,41,0.0,28.5166,40.5254,241785.0,621.2798240791644,0.6690489279824079,6292.451621770203,0.3392935678944475,130.0,265.0,6.0,5.376677626817214,10.96015054697355,0.2481543520069483,0.0,0.0,33.2967,33.0648,44.1758,48.8492,0.0,0.5371400000000007,31.62603333333333,31.492400000000004,44.51680000000001,52.6658,10.96015054697355,11.020325813567384
2025,Sohbat pur,42,0.0,29.0863,30.8847,241785.0,621.2798240791644,0.6690489279824079,6292.451621770203,0.3392935678944475,129.0,254.0,9.0,5.33531856814939,10.50520090162748,0.3722315280104225,0.0,0.0,28.5166,33.2967,40.5254,44.1758,0.0,0.0,30.299866666666663,31.3752,38.52863333333333,44.24624,10.50520090162748,10.355503002656583
2025,Sohbat pur,43,0.0,28.3012,34.7885,241785.0,621.2798240791644,0.6690489279824079,6292.451621770203,0.3392935678944475,114.0,180.0,2.0,4.714932688132018,7.4446305602084495,0.0827181173356494,0.0,0.0,29.0863,28.5166,30.8847,40.5254,0.0,0.0,28.6347,30.45312,35.39953333333333,39.84472,7.4446305602084495,7.126709574021157
2025,South,37,10.1429,26.2804,87.2259,2166395.0,4.0,0.0,122.0,0.95,2.0,101.0,0.0,0.0092319267723568,0.4662123020040205,0.0,0.8286,14.2143,27.7197,28.8057,80.7671,83.1844,8.395266666666666,5.502879999999999,27.60193333333333,27.83372,83.72579999999998,81.69676,0.4662123020040205,1.1384195754039563
2025,South,38,1.1286,26.8777,84.4227,2166395.0,4.0,0.0,122.0,0.95,3.0,115.0,0.0,0.0138478901585352,0.5308357894105183,0.0,10.1429,0.8286,26.2804,27.7197,87.2259,80.7671,4.033366666666667,5.4486,26.959266666666664,27.6601,84.13856666666665,82.68328,0.5308357894105183,0.7345575612444968
2025,South,39,0.7857,27.0286,82.9566,2166395.0,4.0,0.0,122.0,0.95,6.0,100.0,0.0,0.0276957803170705,0.4615963386178421,0.0,1.1286,10.1429,26.8777,26.2804,84.4227,87.2259,4.019066666666666,5.420019999999999,26.7289,27.342420000000004,84.8684,83.71133999999999,0.4615963386178421,1.0046954922895504
2025,South,40,0.6857,29.0917,70.3919,2166395.0,4.0,0.0,122.0,0.95,6.0,84.0,0.0,0.0276957803170705,0.3877409244389873,0.0,0.7857,1.1286,27.0286,26.8777,82.9566,84.4227,0.8666666666666667,2.7142999999999997,27.666,27.39962000000001,79.25706666666666,81.15284,0.3877409244389873,0.7862689215212688
2025,South,41,0.1571,26.336,64.6932,2166395.0,4.0,0.0,122.0,0.95,9.0,107.0,0.0,0.0415436704756057,0.493908082321091,0.0,0.6857,0.7857,29.0917,27.0286,70.3919,82.9566,0.5428333333333333,2.579999999999999,27.485433333333333,27.12288,72.68056666666665,77.93806000000001,0.493908082321091,0.8939615672039078
2025,South,42,0.0,27.1464,45.1837,2166395.0,4.0,0.0,122.0,0.95,5.0,98.0,0.0,0.0230798169308921,0.4523644118454852,0.0,0.1571,0.6857,26.336,29.0917,64.6932,70.3919,0.2809333333333333,0.5514199999999996,27.5247,27.29608,60.0896,69.52962,0.4523644118454852,0.6415361232213739
2025,South,43,0.0,28.4417,32.2497,2166395.0,4.0,0.0,122.0,0.95,12.0,80.0,0.0,0.055391560634141,0.3692770708942737,0.0,0.0,0.1571,27.1464,26.336,45.1837,64.6932,0.0523666666666666,0.3256999999999996,27.30803333333333,27.60888,47.37553333333332,59.09502,0.3692770708942737,0.4350698721992998
2025,South Waziristan (Lower),37,0.2143,27.0096,64.0144,820861.0,621.2798240791644,0.6690489279824079,6292.451621770203,0.3392935678944475,76.0,72.0,10.0,0.9258571183184486,0.8771277963016881,0.1218233050419011,0.9857,3.0714,25.9429,26.695,65.7561,71.1139,1.4238000000000002,0.8828400000000001,26.549166666666668,27.84712,66.96146666666667,63.28314,0.8771277963016881,0.8324320549373185
2025,South Waziristan (Lower),38,0.3,27.1798,56.7394,820861.0,621.2798240791644,0.6690489279824079,6292.451621770203,0.3392935678944475,71.0,70.0,15.0,0.8649454657974981,0.8527631352933078,0.1827349575628516,0.2143,0.9857,27.0096,25.9429,64.0144,65.7561,0.5000000000000001,0.92856,26.710766666666668,27.30784,62.169966666666674,63.53362,0.8527631352933078,0.7568067678584471
2025,South Waziristan (Lower),39,0.0,26.5262,48.3966,820861.0,621.2798240791644,0.6690489279824079,6292.451621770203,0.3392935678944475,66.0,78.0,16.0,0.8040338132765473,0.9502217793268288,0.1949172880670417,0.3,0.2143,27.1798,27.0096,56.7394,64.0144,0.1714333333333334,0.91428,26.9052,26.6707,56.38346666666666,61.20408000000001,0.9502217793268288,0.8254597986217611
2025,South Waziristan (Lower),40,0.0143,24.7694,51.3844,820861.0,621.2798240791644,0.6690489279824079,6292.451621770203,0.3392935678944475,57.0,133.0,2.0,0.6943928387388364,1.6202499570572848,0.0243646610083802,0.0,0.3,26.5262,27.1798,48.3966,56.7394,0.1047666666666668,0.30286,26.158466666666666,26.28558,52.17346666666666,57.25818,1.6202499570572848,1.9338633341678264
2025,South Waziristan (Lower),41,0.0571,19.2274,54.5374,820861.0,621.2798240791644,0.6690489279824079,6292.451621770203,0.3392935678944475,39.0,107.0,16.0,0.4751108896634144,1.303509363948342,0.1949172880670417,0.0143,0.0,24.7694,26.5262,51.3844,48.3966,0.0238000000000001,0.11714,23.507666666666665,24.94248,51.43946666666667,55.01444,1.303509363948342,1.3634476441485548
2025,South Waziristan (Lower),42,0.0,21.6491,46.8314,820861.0,621.2798240791644,0.6690489279824079,6292.451621770203,0.3392935678944475,69.0,114.0,2.0,0.8405808047891177,1.3887856774776728,0.0243646610083802,0.0571,0.0143,19.2274,24.7694,54.5374,51.3844,0.0238000000000001,0.07428,21.881966666666667,23.87038,50.91773333333333,51.57784,1.3887856774776728,1.4473799007777775
2025,South Waziristan (Lower),43,0.0,20.3125,42.8066,820861.0,621.2798240791644,0.6690489279824079,6292.451621770203,0.3392935678944475,69.0,114.0,34.0,0.8405808047891177,1.3887856774776728,0.4141992371424638,0.0,0.0571,21.6491,19.2274,46.8314,54.5374,0.0190333333333334,0.0142799999999999,20.39633333333333,22.49692,48.05846666666667,48.79128000000001,1.3887856774776728,1.4293600812511364
2024,Sujawal,37,0.1462,28.5445,74.8234,839292.0,621.2798240791644,0.6690489279824079,6292.451621770203,0.3392935678944475,1569.0,1328.0,5.0,18.69432807652164,15.822860220280903,0.0595740219137082,0.2714,20.4556,28.4783,27.9565,78.0559,82.0081,6.957733333333333,4.68606,28.32643333333333,28.8901,78.2958,76.61019999999999,15.822860220280903,15.937026419923733
2024,Sujawal,39,0.0,29.5179,72.1973,839292.0,621.2798240791644,0.6690489279824079,6292.451621770203,0.3392935678944475,1754.0,2457.0,16.0,20.898566887328844,29.27467436839622,0.1906368701238663,0.0,0.1462,28.8393,28.5445,73.0587,74.8234,0.0487333333333333,4.174639999999999,28.967233333333336,28.6673,73.3598,76.02868,29.27467436839622,27.743089715711232
2024,Sujawal,40,0.0,29.3461,71.8882,839292.0,621.2798240791644,0.6690489279824079,6292.451621770203,0.3392935678944475,1538.0,2047.0,7.0,18.32496914065665,24.389604571472145,0.0834036306791915,0.0,0.0,29.5179,28.8393,72.1973,73.0587,0.0,0.08352,29.23443333333333,28.94522,72.3814,74.0047,24.389604571472145,24.16499229790579
2024,Sujawal,41,0.0,30.8197,49.5356,839292.0,621.2798240791644,0.6690489279824079,6292.451621770203,0.3392935678944475,1672.0,1993.0,8.0,19.92155292794403,23.746205134804097,0.0953184350619331,0.0,0.0,29.3461,29.5179,71.8882,72.1973,0.0,0.02924,29.894566666666663,29.4135,64.54036666666667,68.30064,23.746205134804097,23.500059655678026
2024,Sujawal,42,0.0571,31.0697,56.7823,839292.0,621.2798240791644,0.6690489279824079,6292.451621770203,0.3392935678944475,1333.0,2076.0,6.0,15.882434242194613,24.73513389857165,0.0714888262964498,0.0,0.0,30.8197,29.3461,49.5356,71.8882,0.0190333333333333,0.01142,30.41183333333333,29.91854,59.40203333333333,64.69242,24.73513389857165,23.466368654202448
2024,Sujawal,43,0.0,30.1239,56.5094,839292.0,621.2798240791644,0.6690489279824079,6292.451621770203,0.3392935678944475,1474.0,1463.0,15.0,17.56242166016118,17.431358811951025,0.1787220657411246,0.0571,0.0,31.0697,30.8197,56.7823,49.5356,0.0190333333333333,0.01142,30.6711,30.17546,54.27576666666667,61.38256,17.431358811951025,17.574718933731713
2024,Sujawal,44,0.0,27.5887,67.0171,839292.0,621.2798240791644,0.6690489279824079,6292.451621770203,0.3392935678944475,1408.0,1617.0,8.0,16.776044570900236,19.26623868689324,0.0953184350619331,0.0,0.0571,30.1239,31.0697,56.5094,56.7823,0.0190333333333333,0.01142,29.5941,29.789620000000003,60.10293333333334,60.34652,19.26623868689324,18.949711736179836
2025,Sujawal,37,18.3429,27.0465,83.933,945380.0,621.2798240791644,0.6690489279824079,6292.451621770203,0.3392935678944475,2064.0,979.0,43.0,21.832490638684973,10.35562419344602,0.4548435549726036,2.5714,16.6,28.8509,29.0995,76.4291,83.4665,12.504766666666669,7.628579999999999,28.3323,28.81196,81.2762,78.01824,10.35562419344602,10.900058893866948
2025,Sujawal,39,0.0429,28.456,75.2305,945380.0,621.2798240791644,0.6690489279824079,6292.451621770203,0.3392935678944475,2595.0,1745.0,63.0,27.44927965474201,18.4581861262138,0.6663986968203262,0.0571,18.3429,28.1087,27.0465,77.5918,83.933,6.147633333333334,7.52286,27.8704,28.31232,78.91843333333334,79.33018000000001,18.4581861262138,18.372567770827096
2025,Sujawal,41,0.0,26.9227,65.8683,945380.0,621.2798240791644,0.6690489279824079,6292.451621770203,0.3392935678944475,1518.0,1539.0,37.0,16.057035266242146,16.279168165182256,0.3913770124182869,4.7857,0.0429,28.6637,28.456,77.4017,75.2305,1.6095333333333333,4.64572,28.01413333333333,27.83952,72.83350000000002,76.00506,16.279168165182256,16.67118970702616
2025,Sujawal,42,0.0,26.8301,49.0806,945380.0,621.2798240791644,0.6690489279824079,6292.451621770203,0.3392935678944475,1396.0,2058.0,62.0,14.766548900971038,21.769024096130657,0.6558209397279401,0.0,4.7857,26.9227,28.6637,65.8683,77.4017,1.5952333333333335,0.97714,27.472166666666663,27.79624,64.11686666666667,69.03458,21.769024096130657,21.529494000080767
2025,Sujawal,43,0.0,27.2503,43.709,945380.0,621.2798240791644,0.6690489279824079,6292.451621770203,0.3392935678944475,1057.0,1901.0,56.0,11.18068924665214,20.10831623262603,0.5923543971736234,0.0,0.0,26.8301,26.9227,49.0806,65.8683,0.0,0.96572,27.001033333333336,27.62456,52.88596666666667,62.25802,20.10831623262603,19.743604614969342
2024,Sukkur,37,0.5769,31.3177,65.5857,1639897.0,65.0,2.0,5165.0,0.75,4393.0,1875.0,2.0,26.78826779974596,11.433644917943017,0.0121958879124725,1.0714,8.1556,30.9288,30.063,70.9788,74.4935,3.2679666666666662,7.512220000000001,30.76983333333333,30.80874,70.35266666666668,72.18806000000001,11.433644917943017,11.628110014942372
2024,Sukkur,38,0.0,32.2553,55.8313,1639897.0,65.0,2.0,5165.0,0.75,3890.0,1423.0,9.0,23.72100198975911,8.67737424972422,0.0548814956061264,0.5769,1.0714,31.3177,30.9288,65.5857,70.9788,0.5494333333333333,3.1665000000000005,31.500599999999995,30.963379999999997,64.13193333333334,69.24628,8.67737424972422,8.7174768465634
2024,Sukkur,39,0.0,33.1809,55.2708,1639897.0,65.0,2.0,5165.0,0.75,4673.0,1597.0,6.0,28.495692107492115,9.738416498109332,0.0365876637374176,0.0,0.5769,32.2553,31.3177,55.8313,65.5857,0.1923,1.9607800000000004,32.25129999999999,31.54914,58.89593333333334,64.43202,9.738416498109332,9.651613426164324
2024,Sukkur,40,0.0,31.678,57.4588,1639897.0,65.0,2.0,5165.0,0.75,3941.0,1342.0,52.0,24.03199713152716,8.183440789269083,0.3170930857242863,0.0,0.0,33.1809,32.2553,55.2708,55.8313,0.0,0.3296600000000007,32.3714,31.87214,56.18696666666667,61.02508,8.183440789269083,7.90528108838347
2024,Sukkur,41,0.0429,29.3586,52.0343,1639897.0,65.0,2.0,5165.0,0.75,4249.0,1203.0,4.0,25.91016387004793,7.33582657935224,0.0243917758249451,0.0,0.0,31.678,33.1809,57.4588,55.2708,0.0143,0.1239600000000007,31.405833333333334,31.558100000000003,54.9213,57.23618,7.33582657935224,7.048881386954647
2024,Sukkur,42,0.0,29.2419,46.7556,1639897.0,65.0,2.0,5165.0,0.75,3650.0,1248.0,31.0,22.257495440262407,7.610234057382873,0.1890362626433245,0.0429,0.0,29.3586,31.678,52.0343,57.4588,0.0143,0.0085800000000007,30.09283333333333,31.14294,52.0829,53.47016,7.610234057382873,7.374276365470594
2024,Sukkur,43,0.0,29.6357,40.3424,1639897.0,65.0,2.0,5165.0,0.75,3399.0,1098.0,15.0,20.726911507247102,6.695542463947431,0.0914691593435441,0.0,0.0429,29.2419,29.3586,46.7556,52.0343,0.0143,0.0085800000000007,29.412066666666664,30.61902,46.37743333333333,50.37238,6.695542463947431,6.68628519612732
2024,Sukkur,44,0.0,28.089,48.3511,1639897.0,65.0,2.0,5165.0,0.75,3739.0,969.0,16.0,22.800212452367436,5.908907693592951,0.0975671032997804,0.0,0.0,29.6357,29.2419,40.3424,46.7556,0.0,0.0085800000000007,28.988866666666667,29.60064,45.1497,48.98844,5.908907693592951,6.020853021831097
2025,Sukkur,37,6.5143,28.8152,75.9727,1798882.0,65.0,2.0,5165.0,0.75,2446.0,1361.0,64.0,13.597334344331648,7.565810319965401,0.3557765323128476,0.0714,1.5714,32.8485,33.1634,58.8595,62.742,2.7190333333333334,1.7171400000000006,31.609033333333333,32.6503,65.85806666666667,59.80416,7.565810319965401,7.482379918637207
2025,Sukkur,38,0.0,31.1324,63.1637,1798882.0,65.0,2.0,5165.0,0.75,2555.0,1465.0,73.0,14.203266250926966,8.143947184973777,0.4058076071693418,6.5143,0.0714,28.8152,32.8485,75.9727,58.8595,2.195233333333333,1.7171400000000006,30.932033333333333,32.08874000000001,65.99863333333333,62.20405999999999,8.143947184973777,8.277928082172295
2025,Sukkur,39,0.0,31.6571,53.714,1798882.0,65.0,2.0,5165.0,0.75,3164.0,1381.0,100.0,17.588702316216406,7.676990486313166,0.5559008317388244,0.0,6.5143,31.1324,28.8152,63.1637,75.9727,2.1714333333333333,1.6314200000000008,30.534900000000004,31.52332,64.28346666666667,62.89037999999999,7.676990486313166,7.682767173266886
2025,Sukkur,40,0.0143,32.5509,50.6831,1798882.0,65.0,2.0,5165.0,0.75,2885.0,1322.0,63.0,16.037738995665084,7.349008995587259,0.3502175239954594,0.0,0.0,31.6571,31.1324,53.714,63.1637,0.0047666666666663,1.3200000000000007,31.78013333333333,31.40082,55.85360000000001,60.47860000000001,7.349008995587259,7.412713942650127
2025,Sukkur,41,0.0,28.1678,44.0514,1798882.0,65.0,2.0,5165.0,0.75,4877.0,1476.0,72.0,27.111283563902468,8.20509627646505,0.4002485988519536,0.0143,0.0,32.5509,31.6571,50.6831,53.714,0.0047666666666663,1.3057200000000009,30.791933333333333,30.46468,49.48283333333334,57.51698,8.20509627646505,8.462124901387314
2025,Sukkur,42,0.0,28.9202,32.2306,1798882.0,65.0,2.0,5165.0,0.75,4529.0,1392.0,57.0,25.17674866945136,7.738139577804437,0.3168634740911299,0.0,0.0143,28.1678,32.5509,44.0514,50.6831,0.0047666666666663,0.0028600000000007,29.87963333333333,30.48568,42.3217,48.76856,7.738139577804437,7.727115590063018
2025,Sukkur,43,0.0,28.6884,34.7294,1798882.0,65.0,2.0,5165.0,0.75,4820.0,1219.0,83.0,26.794420089811336,6.77643113889627,0.4613976903432243,0.0,0.0,28.9202,28.1678,32.2306,44.0514,0.0,0.0028600000000007,28.592133333333333,29.99688,37.003800000000005,43.0817,6.77643113889627,6.997251123009445
2024,Surab,37,0.0692,20.6717,39.3366,279038.0,621.2798240791644,0.6690489279824079,6292.451621770203,0.3392935678944475,54.0,44.0,2.0,1.9352202925766384,1.576846164321705,0.0716748256509866,0.8571,5.4444,20.8351,20.2868,57.6555,69.4432,2.1235666666666666,3.62842,20.597866666666665,20.95924,55.478433333333335,64.21598,1.576846164321705,1.71714382253779
2024,Surab,38,0.0,21.9946,35.4613,279038.0,621.2798240791644,0.6690489279824079,6292.451621770203,0.3392935678944475,48.0,51.0,2.0,1.7201958156236783,1.8277080541001585,0.0716748256509866,0.0692,0.8571,20.6717,20.8351,39.3366,57.6555,0.3087666666666663,2.37128,21.16713333333333,20.93442,44.15113333333333,54.75808000000001,1.8277080541001585,1.9097465943651644
2024,Surab,39,0.0,23.2886,32.356,279038.0,621.2798240791644,0.6690489279824079,6292.451621770203,0.3392935678944475,49.0,57.0,6.0,1.7560332284491718,2.0427325310531184,0.2150244769529598,0.0,0.0692,21.9946,20.6717,35.4613,39.3366,0.0230666666666663,1.27414,21.984966666666665,21.41536,35.71796666666666,46.85052,2.0427325310531184,2.069373778029891
2024,Surab,40,0.45,20.9581,34.3028,279038.0,621.2798240791644,0.6690489279824079,6292.451621770203,0.3392935678944475,98.0,76.0,0.0,3.5120664568983435,2.723643374737491,0.0,0.0,0.0,23.2886,21.9946,32.356,35.4613,0.1499999999999997,0.27526,22.08043333333333,21.54962,34.040033333333334,39.82244,2.723643374737491,2.661370753840905
2024,Surab,41,0.5143,16.8333,38.9033,279038.0,621.2798240791644,0.6690489279824079,6292.451621770203,0.3392935678944475,138.0,42.0,0.0,4.945562969918076,1.5051713386707186,0.0,0.45,0.0,20.9581,23.2886,34.3028,32.356,0.321433333333333,0.2067,20.36,20.74926,35.18736666666667,36.072,1.5051713386707186,1.770999630083998
2024,Surab,42,0.0,18.1779,21.9481,279038.0,621.2798240791644,0.6690489279824079,6292.451621770203,0.3392935678944475,153.0,39.0,0.0,5.483124162300475,1.397659100194239,0.0,0.5143,0.45,16.8333,20.9581,38.9033,34.3028,0.321433333333333,0.1928599999999999,18.656433333333336,20.2505,31.71806666666666,32.594300000000004,1.397659100194239,1.643209428087241
2024,Surab,43,0.0,18.2919,34.8776,279038.0,621.2798240791644,0.6690489279824079,6292.451621770203,0.3392935678944475,28.0,120.0,0.0,1.0034475591138126,4.300489539059196,0.0,0.0,0.5143,18.1779,16.8333,21.9481,38.9033,0.171433333333333,0.1928599999999999,17.7677,19.50996,31.909666666666663,32.47756,4.300489539059196,4.421686534741767
2024,Surab,44,0.0,17.8589,25.4723,279038.0,621.2798240791644,0.6690489279824079,6292.451621770203,0.3392935678944475,29.0,112.0,0.0,1.0392849719393058,4.01379023645525,0.0,0.0,0.0,18.2919,18.1779,34.8776,21.9481,0.0,0.1928599999999999,18.109566666666662,18.42402,27.432666666666663,31.10082,4.01379023645525,3.9584498651360427
2024,Swabi,37,4.4308,26.8595,76.7451,1894600.0,340.0,2.0,1543.0,0.65,114.0,1538.0,46.0,0.6017101235089201,8.117808508392272,0.2427953129948274,8.5143,3.0333,26.9179,26.9207,80.1965,81.0058,5.326133333333334,6.0214,26.89936666666667,27.35052,79.31580000000001,79.75211999999999,8.117808508392272,8.306244250945833
2024,Swabi,38,0.0,27.0947,69.1998,1894600.0,340.0,2.0,1543.0,0.65,110.0,1573.0,63.0,0.5805974875963263,8.302544072627468,0.3325240156233506,4.4308,8.5143,26.8595,26.9179,76.7451,80.1965,4.315033333333333,3.681399999999999,26.95736666666667,27.135,75.38046666666666,77.29668000000001,8.302544072627468,8.464213921291828
2024,Swabi,39,7.2286,27.0107,74.6644,1894600.0,340.0,2.0,1543.0,0.65,82.0,1347.0,39.0,0.4328090362081705,7.109680143565924,0.2058482001477884,0.0,4.4308,27.0947,26.8595,69.1998,76.7451,3.8864666666666663,4.6414,26.9883,26.960700000000003,73.53643333333333,76.36232,7.109680143565924,7.088027369201672
2024,Swabi,40,1.5,24.9111,71.7053,1894600.0,340.0,2.0,1543.0,0.65,137.0,1360.0,122.0,0.7231077800063338,7.178296210281854,0.6439353953341075,7.2286,0.0,27.0107,27.0947,74.6644,69.1998,2.909533333333333,4.33474,26.338833333333337,26.55878,71.8565,74.50222,7.178296210281854,7.350304588108762
2024,Swabi,41,0.4571,22.1813,67.6614,1894600.0,340.0,2.0,1543.0,0.65,107.0,1282.0,57.0,0.5647630106618812,6.7665998099862765,0.30085506175446,1.5,7.2286,24.9111,27.0107,71.7053,74.6644,3.0619,2.7233,24.70103333333333,25.61146,71.34370000000001,71.9952,6.7665998099862765,7.064253930949421
2024,Swabi,42,0.0,22.4786,67.1094,1894600.0,340.0,2.0,1543.0,0.65,107.0,1240.0,121.0,0.5647630106618812,6.544917132904042,0.6386572363559591,0.4571,1.5,22.1813,24.9111,67.6614,71.7053,0.6523666666666667,1.83714,23.19033333333333,24.73528,68.82536666666668,70.06806,6.544917132904042,6.822929833679547
2024,Swabi,43,0.1714,21.4301,71.5441,1894600.0,340.0,2.0,1543.0,0.65,72.0,1002.0,41.0,0.3800274464266864,5.288715296104719,0.2164045181040852,0.0,0.4571,22.4786,22.1813,67.1094,67.6614,0.2095,1.87142,22.03,23.60236,68.77163333333333,70.53692,5.288715296104719,5.435630666927125
2024,Swabi,44,0.2429,19.4316,80.2676,1894600.0,340.0,2.0,1543.0,0.65,99.0,912.0,29.0,0.5225377388366937,4.8136809880713605,0.1530666103663042,0.1714,0.0,21.4301,22.4786,71.5441,67.1094,0.1381,0.47428,21.113433333333333,22.086540000000003,72.97370000000001,71.65755999999999,4.8136809880713605,5.038843559955101
2025,Swabi,37,0.8714,28.1613,77.2495,1963296.0,340.0,2.0,1543.0,0.65,641.0,1659.0,46.0,3.264917770932147,8.45007579091487,0.2342998712369403,3.8286,25.5429,26.836,27.1173,77.6345,81.3508,10.080966666666669,11.117160000000002,27.37153333333333,27.9621,78.74493333333334,78.91141999999999,8.45007579091487,8.42322756403964
2025,Swabi,38,6.8429,26.8069,75.9852,1963296.0,340.0,2.0,1543.0,0.65,155.0,1311.0,58.0,0.7894886965592555,6.6775463302528,0.2954215767770117,0.8714,3.8286,28.1613,26.836,77.2495,77.6345,3.847633333333333,11.40002,27.26806666666667,27.5533,76.95640000000002,78.65812000000001,6.6775463302528,6.623819190487546
2025,Swabi,39,0.6,25.8313,72.5947,1963296.0,340.0,2.0,1543.0,0.65,175.0,1467.0,64.0,0.8913582057927077,7.472128502273727,0.3259824295470474,6.8429,0.8714,26.8069,28.1613,75.9852,77.2495,2.771433333333333,7.53716,26.933166666666665,26.95056,75.27646666666668,76.96294,7.472128502273727,7.590818363849564
2025,Swabi,40,4.9429,23.8616,71.7846,1963296.0,340.0,2.0,1543.0,0.65,171.0,1352.0,56.0,0.8709843039460172,6.886378824181377,0.2852346258536665,0.6,6.8429,25.8313,26.8069,72.5947,75.9852,4.1286,3.41716,25.49993333333333,26.29942,73.45483333333334,75.0497,6.886378824181377,6.531929160469176
2025,Swabi,41,4.3143,19.5042,71.8377,1963296.0,340.0,2.0,1543.0,0.65,131.0,1255.0,51.0,0.6672452854791127,6.392311704399132,0.2597672485453034,4.9429,0.6,23.8616,25.8313,71.7846,72.5947,3.285733333333333,3.5143,23.065700000000003,24.83306,72.07233333333333,73.89034000000001,6.392311704399132,6.339705109602491
2025,Swabi,42,0.0,21.4077,68.7796,1963296.0,340.0,2.0,1543.0,0.65,140.0,1174.0,53.0,0.7130865646341663,5.979740192003651,0.2699541994686486,4.3143,4.9429,19.5042,23.8616,71.8377,71.7846,3.0857333333333337,3.34002,21.591166666666663,23.48234,70.80063333333334,72.19636,5.979740192003651,5.818763636232967
2025,Swabi,43,0.0,20.2631,64.4381,1963296.0,340.0,2.0,1543.0,0.65,140.0,1174.0,46.0,0.7130865646341663,5.979740192003651,0.2342998712369403,0.0,4.3143,21.4077,19.5042,68.7796,71.8377,1.4381000000000002,1.97144,20.39166666666667,22.17358,68.35180000000001,69.88694000000001,5.979740192003651,5.7392800379613425
2025,Swat,37,1.6,24.5581,80.1007,2791410.0,980.0,1.0,5337.0,0.35,416.0,3898.0,57.0,1.4902862710959697,13.964268953682907,0.204197878491515,6.8143,10.5857,23.4042,24.287,81.1948,82.6717,6.333333333333333,7.77714,24.0831,24.71668,81.3224,82.70784,13.964268953682907,13.958512550378849
2025,Swat,38,8.8286,23.3846,74.2828,2791410.0,980.0,1.0,5337.0,0.35,155.0,3523.0,73.0,0.5552749327400848,12.62086185834399,0.2615165812259754,1.6,6.8143,24.5581,23.4042,80.1007,81.1948,5.747633333333333,8.66572,23.782300000000003,24.25412,78.5261,81.15382000000001,12.62086185834399,13.235269913177216
2025,Swat,39,0.3571,23.159,65.3212,2791410.0,980.0,1.0,5337.0,0.35,111.0,3271.0,35.0,0.3976485002203187,11.71809229027624,0.125384662231632,8.8286,1.6,23.3846,24.5581,74.2828,80.1007,3.595233333333334,5.6371400000000005,23.700566666666663,23.75858,73.2349,76.71423999999999,11.71809229027624,12.6049963653596
2025,Swat,40,1.4857,20.9796,63.7842,2791410.0,980.0,1.0,5337.0,0.35,143.0,2647.0,94.0,0.5122859056892395,9.482662883632289,0.3367473785649546,0.3571,8.8286,23.159,23.3846,65.3212,74.2828,3.5571333333333333,3.8171400000000006,22.50773333333333,23.0971,67.79606666666666,72.93674,9.482662883632289,10.706961209041506
2025,Swat,41,6.3143,17.0459,63.7779,2791410.0,980.0,1.0,5337.0,0.35,134.0,2399.0,55.0,0.4800441354011055,8.59422299124815,0.1970330406497075,1.4857,0.3571,20.9796,23.159,63.7842,65.3212,2.7190333333333334,3.71714,20.39483333333333,21.82544,64.29443333333334,69.45336,8.59422299124815,9.36334535208731
2025,Swat,42,0.0,19.1825,60.8635,2791410.0,980.0,1.0,5337.0,0.35,128.0,2160.0,25.0,0.4585496218756829,7.73802486915215,0.0895604730225943,6.3143,1.4857,17.0459,20.9796,63.7779,63.7842,2.6,3.3971400000000003,19.069333333333333,20.75032,62.80853333333334,65.60592,7.73802486915215,8.428459397541248
2025,Swat,43,0.0143,18.0331,52.4166,2791410.0,980.0,1.0,5337.0,0.35,128.0,2160.0,2.0,0.4585496218756829,7.73802486915215,0.0071648378418075,0.0,6.3143,19.1825,17.0459,60.8635,63.7779,2.1095333333333333,1.63428,18.087166666666665,19.680020000000003,59.01933333333333,61.23268,7.73802486915215,8.411201378432567
2024,Tando Allahyar,40,0.0,31.1337,61.7561,922012.0,18.0,0.0,2343.0,0.2,3723.0,1364.0,7.0,40.37908400324508,14.793733704116647,0.075920920768927,0.0,0.0,31.3593,30.2262,63.5895,66.439,0.0,0.8659399999999999,30.9064,30.11114,63.9282,68.73084,14.793733704116647,14.859850425187375
2024,Tando Allahyar,42,0.0,32.2304,42.3237,922012.0,18.0,0.0,2343.0,0.2,3361.0,1213.0,20.0,36.45288781490913,13.156010984672651,0.2169169164826488,0.0,0.0,31.7816,31.1337,38.743,61.7561,0.0,0.0,31.71523333333333,31.34624,47.6076,54.570260000000005,13.156010984672651,13.321476893593246
2024,Tando Allahyar,43,0.0,31.9069,35.4573,922012.0,18.0,0.0,2343.0,0.2,3056.0,1208.0,14.0,33.14490483854874,13.101781755551988,0.1518418415378541,0.0,0.0,32.2304,31.7816,42.3237,38.743,0.0,0.0,31.972966666666668,31.68238,38.84133333333333,48.37392,13.101781755551988,13.375158357768099
2024,Tando Allahyar,44,0.0,29.5069,46.0799,922012.0,18.0,0.0,2343.0,0.2,2093.0,973.0,8.0,22.7003553099092,10.553007986880864,0.0867667665930595,0.0,0.0,31.9069,32.2304,35.4573,42.3237,0.0,0.0,31.21473333333334,31.3119,41.28696666666667,44.872,10.553007986880864,11.566945963410422
2025,Tando Allahyar,37,10.9571,27.2429,83.1094,1011871.0,18.0,0.0,2343.0,0.2,3955.0,1491.0,50.0,39.08600997557989,14.73507986690003,0.4941341336988608,3.7429,13.2286,30.4203,30.1819,68.0621,78.7655,9.309533333333333,5.705720000000001,29.2817,30.07826,76.64566666666667,71.23,14.73507986690003,14.512541339677533
2025,Tando Allahyar,40,0.9571,29.6119,69.6877,1011871.0,18.0,0.0,2343.0,0.2,3724.0,1324.0,205.0,36.80311027789116,13.084671860345834,2.0259499481653296,0.0286,0.0,29.484,28.4816,66.918,75.9561,0.328566666666666,3.13714,29.1925,29.04814,70.85393333333333,72.74666,13.084671860345834,13.189196124110287
2025,Tando Allahyar,43,0.0,28.0575,35.0501,1011871.0,18.0,0.0,2343.0,0.2,3741.0,910.0,56.0,36.971115883348766,8.993241233319267,0.553430229742724,0.0,0.0,28.6736,27.8697,33.2672,49.3578,0.0,0.1971399999999999,28.200266666666664,28.73934000000001,39.225033333333336,50.85616,8.993241233319267,9.874598198239498
2024,Tando Muhammad Khan,37,1.7538,28.8133,74.5564,726119.0,14.0,2.0,1733.0,0.2,2565.0,1585.0,1.0,35.3247883611364,21.82837799313887,0.0137718473142831,3.2429,17.7,28.7782,28.5802,77.7014,79.0264,7.565566666666666,5.24792,28.723900000000004,29.28406,77.09473333333334,75.33272,21.82837799313887,22.00976754826381
2024,Tando Muhammad Khan,38,0.0,29.6564,69.524,726119.0,14.0,2.0,1733.0,0.2,2215.0,1525.0,3.0,30.50464180113728,21.002067154281875,0.0413155419428495,1.7538,3.2429,28.8133,28.7782,74.5564,77.7014,1.6655666666666669,4.72792,29.082633333333337,29.24232,73.92726666666667,74.2438,21.002067154281875,21.42902925969117
2024,Tando Muhammad Khan,39,0.0,30.3073,69.3592,726119.0,14.0,2.0,1733.0,0.2,2028.0,1498.0,1.0,27.92930635336632,20.630227276796223,0.0137718473142831,0.0,1.7538,29.6564,28.8133,69.524,74.5564,0.5846,4.53934,29.59233333333334,29.22708,71.14653333333332,74.03348,20.630227276796223,20.884431705316743
2024,Tando Muhammad Khan,40,0.0,30.0441,67.8429,726119.0,14.0,2.0,1733.0,0.2,1440.0,1214.0,0.0,19.8314601325678,16.7190226395398,0.0,0.0,0.0,30.3073,29.6564,69.3592,69.524,0.0,0.99934,30.002600000000005,29.51986,68.9087,71.79678,16.7190226395398,17.294421696219132
2024,Tando Muhammad Khan,41,0.0,31.2966,43.8017,726119.0,14.0,2.0,1733.0,0.2,1460.0,1062.0,0.0,20.106897078853468,14.625701847768754,0.0,0.0,0.0,30.0441,30.3073,67.8429,69.3592,0.0,0.35076,30.549333333333337,30.023540000000004,60.3346,65.01684,14.625701847768754,15.519982103961269
2024,Tando Muhammad Khan,42,0.0,31.6466,48.9487,726119.0,14.0,2.0,1733.0,0.2,1301.0,963.0,2.0,17.917173355882436,13.262288963654717,0.0275436946285663,0.0,0.0,31.2966,30.0441,43.8017,67.8429,0.0,0.0,30.99576666666667,30.590200000000003,53.5311,59.8953,13.262288963654717,14.593298838652423
2024,Tando Muhammad Khan,43,0.0,31.1186,43.287,726119.0,14.0,2.0,1733.0,0.2,1232.0,967.0,0.0,16.966915891196898,13.31737635291185,0.0,0.0,0.0,31.6466,31.2966,48.9487,43.8017,0.0,0.0,31.35393333333333,30.88264,45.3458,54.64790000000001,13.31737635291185,14.380971773562557
2024,Tando Muhammad Khan,44,0.0,28.8493,54.0048,726119.0,14.0,2.0,1733.0,0.2,915.0,824.0,0.0,12.601240292569123,11.348002186969351,0.0,0.0,0.0,31.1186,31.6466,43.287,48.9487,0.0,0.0,30.53816666666667,30.591040000000003,48.746833333333335,51.577020000000005,11.348002186969351,12.924698192314326
2025,Tando Muhammad Khan,37,12.5714,27.2002,83.3366,818443.0,14.0,2.0,1733.0,0.2,2604.0,1668.0,121.0,31.81651012959974,20.38016086642564,1.4784169453462246,2.8,13.0286,30.0761,29.7362,69.761,80.8638,9.466666666666669,5.851440000000001,29.004166666666663,29.71198,77.98713333333333,73.21202,20.38016086642564,20.639813063526454
2025,Tando Muhammad Khan,38,0.0429,28.5076,75.8615,818443.0,14.0,2.0,1733.0,0.2,2863.0,1741.0,145.0,34.981055491952404,21.272098362378323,1.7716566700429963,12.5714,2.8,27.2002,30.0761,83.3366,69.761,5.1381,5.85144,28.594633333333334,29.35066,76.3197,75.02996,21.272098362378323,21.506987891034917
2025,Tando Muhammad Khan,39,0.0,29.1892,69.4328,818443.0,14.0,2.0,1733.0,0.2,2831.0,1375.0,104.0,34.59006919235671,16.80019256075255,1.270705473686011,0.0429,12.5714,28.5076,27.2002,75.8615,83.3366,4.204766666666667,5.68858,28.299000000000003,28.94186,76.2103,75.85114,16.80019256075255,17.14535793216612
2025,Tando Muhammad Khan,40,2.8,29.3618,72.1852,818443.0,14.0,2.0,1733.0,0.2,2089.0,1289.0,54.0,25.52407437048151,15.749416880589118,0.6597893805677365,0.0,0.0429,29.1892,28.5076,69.4328,75.8615,0.9476333333333332,3.64286,29.01953333333334,28.86698,72.49316666666667,74.11542,15.749416880589118,16.472128784580672
2025,Tando Muhammad Khan,41,0.0,27.5764,55.3799,818443.0,14.0,2.0,1733.0,0.2,2003.0,1560.0,81.0,24.47329869031808,19.06058210529017,0.9896840708516048,2.8,0.0,29.3618,29.1892,72.1852,69.4328,0.9333333333333332,3.08286,28.709133333333337,28.367040000000003,65.66596666666666,71.23920000000001,19.06058210529017,19.180232823020795
2025,Tando Muhammad Khan,42,0.0,28.1038,37.2375,818443.0,14.0,2.0,1733.0,0.2,2091.0,1172.0,89.0,25.548511014206245,14.319873222692356,1.0874306457505287,0.0,2.8,27.5764,29.3618,55.3799,72.1852,0.9333333333333332,0.56858,28.34733333333333,28.54776,54.9342,62.01938,14.319873222692356,14.875691200759814
2025,Tando Muhammad Khan,43,0.0,28.866,31.2365,818443.0,14.0,2.0,1733.0,0.2,1425.0,770.0,82.0,17.411108653870823,9.408107834021427,1.0019023927139703,0.0,0.0,28.1038,27.5764,37.2375,55.3799,0.0,0.5599999999999999,28.182066666666667,28.619440000000004,41.28463333333333,53.09438,9.408107834021427,11.414620439066997
2024,Tank,37,2.6615,28.9096,72.8749,470293.0,250.0,0.0,1679.0,0.2,274.0,366.0,24.0,5.826155184108631,7.782382472203499,0.5103201621117048,6.6571,15.0111,28.6999,28.7525,77.0942,74.6533,8.109900000000001,7.188799999999999,28.787333333333333,29.0928,74.87413333333333,75.6955,7.782382472203499,8.124241446908215
2024,Tank,38,0.0,30.3086,52.1088,470293.0,250.0,0.0,1679.0,0.2,336.0,343.0,14.0,7.144482269563867,7.293325650179781,0.2976867612318278,2.6615,6.6571,28.9096,28.6999,72.8749,77.0942,3.1062,5.485939999999999,29.306033333333332,29.180060000000005,67.35929999999999,70.72038,7.293325650179781,7.473177490020197
2024,Tank,39,0.9143,30.5005,61.8538,470293.0,250.0,0.0,1679.0,0.2,494.0,420.0,12.0,10.504090003465926,8.930602836954835,0.2551600810558524,0.0,2.6615,30.3086,28.9096,52.1088,72.8749,1.1919333333333333,5.0488,29.906233333333333,29.43422,62.27916666666666,67.717,8.930602836954835,9.310599099631975
2024,Tank,40,0.1875,29.5412,48.7088,470293.0,250.0,0.0,1679.0,0.2,496.0,380.0,0.0,10.5466166836419,8.080069233435326,0.0,0.9143,0.0,30.5005,30.3086,61.8538,52.1088,0.3672666666666666,2.08408,30.116766666666667,29.59196,54.22379999999999,62.5281,8.080069233435326,8.578457211498591
2024,Tank,41,0.2286,27.0529,42.4688,470293.0,250.0,0.0,1679.0,0.2,532.0,351.0,18.0,11.312096926809458,7.463432370883684,0.3827401215837786,0.1875,0.9143,29.5412,30.5005,48.7088,61.8538,0.4434666666666667,0.7983800000000001,29.03153333333333,29.26256,51.010466666666666,55.60302,7.463432370883684,7.785687366060008
2024,Tank,42,0.0,27.1836,37.9048,470293.0,250.0,0.0,1679.0,0.2,655.0,462.0,1.0,13.927487757631944,9.823663120650318,0.0212633400879877,0.2286,0.1875,27.0529,29.5412,42.4688,48.7088,0.1387,0.26608,27.9259,28.917359999999995,43.02746666666666,48.609,9.823663120650318,10.312740841661654
2024,Tank,43,0.0,26.7711,47.2517,470293.0,250.0,0.0,1679.0,0.2,677.0,340.0,15.0,14.395281239567677,7.229535629915818,0.3189501013198155,0.0,0.2286,27.1836,27.0529,37.9048,42.4688,0.0762,0.26608,27.00253333333333,28.20986,42.54176666666666,47.63758,7.229535629915818,7.660316999927205
2024,Tank,44,0.0,24.1407,58.7149,470293.0,250.0,0.0,1679.0,0.2,604.0,327.0,16.0,12.843057413144573,6.953112208771978,0.3402134414078032,0.0,0.0,26.7711,27.1836,47.2517,37.9048,0.0,0.08322,26.0318,26.937900000000003,47.95713333333333,47.0098,6.953112208771978,7.633932714215581
2025,Tank,37,0.1714,30.9931,65.0947,472690.0,250.0,0.0,1679.0,0.2,54.0,565.0,5.0,1.142397765977702,11.952865514396327,0.1057775709238613,4.0429,10.7857,29.4857,30.3309,66.625,70.0088,5.0,3.0914200000000003,30.2699,31.660540000000005,67.24283333333334,62.95462,11.952865514396327,11.807724878731458
2025,Tank,38,0.6286,31.4267,58.0939,472690.0,250.0,0.0,1679.0,0.2,237.0,585.0,2.0,5.013856861791026,12.375975798091773,0.0423110283695445,0.1714,4.0429,30.9931,29.4857,65.0947,66.625,1.6143,3.1857200000000003,30.635166666666667,31.19274,63.27119999999999,63.38618,12.375975798091773,12.331216178307656
2025,Tank,39,0.0,30.2904,54.7517,472690.0,250.0,0.0,1679.0,0.2,334.0,665.0,1.0,7.065941737713935,14.068416932873554,0.0211555141847722,0.6286,0.1714,31.4267,30.9931,58.0939,65.0947,0.2666666666666666,3.1257200000000003,30.9034,30.505360000000003,59.31343333333333,62.91482,14.068416932873554,13.956860002717715
2025,Tank,40,1.3286,28.4999,54.7621,472690.0,250.0,0.0,1679.0,0.2,413.0,659.0,0.0,8.737227358310944,13.94148384776492,0.0,0.0,0.6286,30.2904,31.4267,54.7517,58.0939,0.6524,1.2343,30.072333333333333,30.13916,55.86923333333332,59.865480000000005,13.94148384776492,13.681988797749305
2025,Tank,41,0.3,23.3002,56.0402,472690.0,250.0,0.0,1679.0,0.2,237.0,678.0,0.0,5.013856861791026,14.343438617275591,0.0,1.3286,0.0,28.4999,30.2904,54.7621,54.7517,0.5428666666666667,0.48572,27.3635,28.90206,55.18466666666666,57.74852,14.343438617275591,13.819786841555388
2025,Tank,42,0.0,24.8636,53.2352,472690.0,250.0,0.0,1679.0,0.2,353.0,642.0,0.0,7.467896507224608,13.58184010662379,0.0,0.3,1.3286,23.3002,28.4999,56.0402,54.7621,0.5428666666666667,0.45144,25.55456666666667,27.67616,54.67916666666667,55.37662,13.58184010662379,13.738905893556385
2025,Tank,43,0.0,23.8598,48.7791,472690.0,250.0,0.0,1679.0,0.2,353.0,642.0,0.0,7.467896507224608,13.58184010662379,0.0,0.0,0.3,24.8636,23.3002,53.2352,56.0402,0.0999999999999999,0.32572,24.00786666666667,26.162780000000005,52.68483333333333,53.51366,13.58184010662379,13.71372242513382
2024,Tharparkar,37,3.7154,28.2678,77.9919,1778407.0,56.0,0.0,19638.0,0.35,4635.0,3989.0,67.0,26.06265045065612,22.430186116001565,0.3767416569997756,6.9,19.3222,27.887,27.8313,82.903,82.6859,9.9792,6.55324,27.99536666666667,28.914480000000005,81.1936,77.18064000000001,22.430186116001565,22.278585237971296
2024,Tharparkar,38,0.0714,30.6579,62.2928,1778407.0,56.0,0.0,19638.0,0.35,4499.0,3694.0,28.0,25.29792111704464,20.771398223241363,0.1574442745670704,3.7154,6.9,28.2678,27.887,77.9919,82.903,3.5622666666666656,6.29894,28.93756666666667,29.18174,74.3959,74.14096,20.771398223241363,20.317465204741097
2024,Tharparkar,39,0.4143,31.3528,63.1361,1778407.0,56.0,0.0,19638.0,0.35,5126.0,3332.0,46.0,28.82354826538582,18.73586867348138,0.2586584510744728,0.0714,3.7154,30.6579,28.2678,62.2928,77.9919,1.4003666666666656,6.084659999999999,30.09283333333333,29.19936,67.80693333333333,73.80194,18.73586867348138,18.80999112544135
2024,Tharparkar,40,0.0,30.9964,60.3767,1778407.0,56.0,0.0,19638.0,0.35,3972.0,2537.0,31.0,22.334594949300133,14.265575877737772,0.1743133039849708,0.4143,0.0714,31.3528,30.6579,63.1361,62.2928,0.1618999999999988,2.2202199999999994,31.00236666666667,29.83238,61.9352,69.34009999999999,14.265575877737772,14.763926592813732
2024,Tharparkar,41,0.3714,31.6281,46.2548,1778407.0,56.0,0.0,19638.0,0.35,4099.0,2484.0,41.0,23.048717194657915,13.967556358021533,0.2305434020446388,0.0,0.4143,30.9964,31.3528,60.3767,63.1361,0.2618999999999988,0.9144999999999992,31.32576666666667,30.5806,56.589200000000005,62.01046000000001,13.967556358021533,14.2369395204876
2024,Tharparkar,42,0.0571,31.4299,53.5634,1778407.0,56.0,0.0,19638.0,0.35,3601.0,2031.0,43.0,20.24845831128645,11.420332915918571,0.2417894216565724,0.3714,0.0,31.6281,30.9964,46.2548,60.3767,0.1428333333333321,0.1828399999999992,31.35146666666667,31.21302,53.398300000000006,57.12476,11.420332915918571,11.655557605679576
2024,Tharparkar,43,0.0,31.1222,42.4608,1778407.0,56.0,0.0,19638.0,0.35,3428.0,1914.0,21.0,19.275677614854192,10.762440768620456,0.1180832059253028,0.0571,0.3714,31.4299,31.6281,53.5634,46.2548,0.1428333333333321,0.1685599999999993,31.393400000000003,31.30588,47.42633333333333,53.15836,10.762440768620456,11.320565660204752
2024,Tharparkar,44,0.0,29.1662,40.7142,1778407.0,56.0,0.0,19638.0,0.35,2028.0,1471.0,21.0,11.403463886500672,8.271447424577163,0.1180832059253028,0.0,0.0571,31.1222,31.4299,42.4608,53.5634,0.0190333333333321,0.0856999999999992,30.572766666666663,30.86856,45.57946666666667,48.67397999999999,8.271447424577163,8.554516463494874
2025,Tharparkar,37,5.6429,27.1492,83.1617,1994728.0,56.0,0.0,19638.0,0.35,3146.0,2447.0,0.0,15.77157386871794,12.267336699539989,0.0,15.0571,14.0143,29.6091,28.9823,72.7079,84.9886,11.571433333333331,7.311439999999999,28.580200000000005,29.262580000000003,80.28606666666667,75.87368,12.267336699539989,12.171250749389088
2025,Tharparkar,38,0.0714,28.9123,72.8259,1994728.0,56.0,0.0,19638.0,0.35,4077.0,2476.0,1.0,20.43887687945424,12.41271992973478,0.0050132148343032,5.6429,15.0571,27.1492,29.6091,83.1617,72.7079,6.923799999999999,7.3,28.556866666666675,29.00686,76.23183333333333,76.93028,12.41271992973478,12.829578623728535
2025,Tharparkar,39,0.0,29.9611,62.2472,1994728.0,56.0,0.0,19638.0,0.35,4282.0,2203.0,0.0,21.4665859204864,11.04411227997,0.0,0.0714,5.6429,28.9123,27.1492,72.8259,83.1617,1.9047666666666652,6.95714,28.674200000000003,28.922799999999995,72.74493333333334,75.18625999999999,11.04411227997,11.458739140229621
2025,Tharparkar,40,2.7,28.6811,75.499,1994728.0,56.0,0.0,19638.0,0.35,3551.0,1922.0,38.0,17.801925876610746,9.635398911530794,0.1905021637035224,0.0,0.0714,29.9611,28.9123,62.2472,72.8259,0.923799999999999,4.69428,29.18483333333334,28.862559999999995,70.1907,73.28833999999999,9.635398911530794,9.735582721279407
2025,Tharparkar,41,0.1,27.0963,59.5271,1994728.0,56.0,0.0,19638.0,0.35,3910.0,2110.0,2.0,19.601670002125605,10.5778833003798,0.0100264296686064,2.7,0.0,28.6811,29.9611,75.499,62.2472,0.9333333333333322,1.7028599999999998,28.579500000000007,28.360000000000003,65.75776666666665,70.65218,10.5778833003798,11.007906321007614
2025,Tharparkar,42,0.0,27.9528,39.4158,1994728.0,56.0,0.0,19638.0,0.35,3704.0,1612.0,2.0,18.56894774625914,8.081302312896796,0.0100264296686064,0.1,2.7,27.0963,28.6811,59.5271,75.499,0.9333333333333322,0.5742799999999997,27.91006666666667,28.52072,58.1473,61.903,8.081302312896796,8.138595076753543
2025,Tharparkar,43,0.0,28.6695,34.4992,1994728.0,56.0,0.0,19638.0,0.35,3152.0,1746.0,3.0,15.80165315772376,8.753073100693427,0.0150396445029096,0.0,0.1,27.9528,27.0963,39.4158,59.5271,0.0333333333333321,0.5599999999999997,27.9062,28.47216,44.48069999999999,54.23765999999999,8.753073100693427,9.042120373562911
2024,Thatta,37,0.2231,28.2686,77.0179,1083191.0,10.0,2.0,17355.0,0.35,2911.0,1331.0,10.0,26.874300100351647,12.287768269861918,0.0923198217119603,0.3857,19.4111,28.0468,28.1668,81.4728,80.7467,6.673300000000001,4.24398,28.16073333333333,28.79158,79.74579999999999,77.51737999999999,12.287768269861918,12.845020581871164
2024,Thatta,38,0.0,28.9959,72.6609,1083191.0,10.0,2.0,17355.0,0.35,586.0,447.0,10.0,5.409941552320874,4.126696030524625,0.0923198217119603,0.2231,0.3857,28.2686,28.0468,77.0179,81.4728,0.2029333333333345,4.11256,28.4371,28.67926,77.05053333333332,76.83655999999999,4.126696030524625,4.693930000938991
2024,Thatta,39,0.0,29.6241,71.7022,1083191.0,10.0,2.0,17355.0,0.35,1835.0,2071.0,10.0,16.94068728414472,19.119435076546974,0.0923198217119603,0.0,0.2231,28.9959,28.2686,72.6609,77.0179,0.0743666666666678,4.00398,28.962866666666667,28.62044,73.79366666666665,76.7201,19.119435076546974,19.065065268681515
2024,Thatta,40,0.0,29.6936,70.276,1083191.0,10.0,2.0,17355.0,0.35,1035.0,1532.0,8.0,9.555101547187892,14.143396686272318,0.0738558573695682,0.0,0.0,29.6241,28.9959,71.7022,72.6609,0.0,0.12176,29.437866666666668,28.9258,71.54636666666666,74.62595999999999,14.143396686272318,14.3756031885923
2024,Thatta,41,0.0,31.8798,43.4347,1083191.0,10.0,2.0,17355.0,0.35,1505.0,1740.0,12.0,13.894133167650024,16.063648977881094,0.1107837860543523,0.0,0.0,29.6936,29.6241,70.276,71.7022,0.0,0.04462,30.399166666666662,29.6924,61.80429999999999,67.01834,16.063648977881094,16.633697539746066
2024,Thatta,42,0.0,31.6209,53.1191,1083191.0,10.0,2.0,17355.0,0.35,1597.0,1699.0,17.0,14.743475527400062,15.685137708862056,0.1569436969103325,0.0,0.0,31.8798,29.6936,43.4347,70.276,0.0,0.0,31.064766666666667,30.36286,55.60993333333332,62.23858,15.685137708862056,16.354170078526867
2024,Thatta,43,0.0,31.1131,51.8547,1083191.0,10.0,2.0,17355.0,0.35,1514.0,1738.0,10.0,13.97722100719079,16.045185013538703,0.0923198217119603,0.0,0.0,31.6209,31.8798,53.1191,43.4347,0.0,0.0,31.53793333333333,30.7863,49.46949999999999,58.07733999999999,16.045185013538703,16.540258870883545
2024,Thatta,44,0.0,28.0902,65.9934,1083191.0,10.0,2.0,17355.0,0.35,581.0,689.0,13.0,5.363781641464894,6.360835715954065,0.1200157682255484,0.0,0.0,31.1131,31.6209,51.8547,53.1191,0.0,0.0,30.27473333333333,30.47952,56.989066666666666,56.93558,6.360835715954065,7.117795242371214
2025,Thatta,37,15.1429,27.0512,83.596,1184747.0,10.0,2.0,17355.0,0.35,2312.0,1517.0,102.0,19.514714956020143,12.804421534724291,0.8609433068832417,3.1143,16.0,28.6732,29.2676,77.1403,82.3565,11.419066666666668,6.997159999999999,28.33066666666667,28.76234,81.03093333333332,78.04223999999999,12.804421534724291,13.338683816994003
2025,Thatta,38,0.0857,27.9843,78.7473,1184747.0,10.0,2.0,17355.0,0.35,3422.0,1799.0,109.0,28.883803883867188,15.184676559636785,0.920027651473268,15.1429,3.1143,27.0512,28.6732,83.596,77.1403,6.114300000000001,6.96858,27.9029,28.558660000000003,79.82786666666665,79.01982,15.184676559636785,15.552869586845736
2025,Thatta,39,0.1286,28.2855,76.4434,1184747.0,10.0,2.0,17355.0,0.35,1883.0,1056.0,82.0,15.8936886947171,8.913295412438266,0.6921308937688806,0.0857,15.1429,27.9843,27.0512,78.7473,83.596,5.119066666666668,6.894299999999999,27.773666666666667,28.25236,79.59556666666666,79.65669999999999,8.913295412438266,9.083249131613744
2025,Thatta,40,3.7286,28.8018,76.1334,1184747.0,10.0,2.0,17355.0,0.35,1402.0,1118.0,110.0,11.833750159316716,9.436613893092789,0.9284682721289862,0.1286,0.0857,28.2855,27.9843,76.4434,78.7473,1.3143000000000014,4.44002,28.3572,28.15920000000001,77.10803333333332,78.41207999999999,9.436613893092789,9.322964669000523
2025,Thatta,41,0.0,27.009,65.2366,1184747.0,10.0,2.0,17355.0,0.35,2288.0,1410.0,95.0,19.312140060282918,11.901275124562458,0.8018589622932153,3.7286,0.1286,28.8018,28.2855,76.1334,76.4434,1.2857333333333345,3.81716,28.0321,27.82636,72.60446666666665,76.03133999999999,11.901275124562458,12.755371846986787
2025,Thatta,42,0.0,27.1664,46.2227,1184747.0,10.0,2.0,17355.0,0.35,2236.0,1406.0,67.0,18.873227786185574,11.867512641939587,0.5655215839331098,0.0,3.7286,27.009,28.8018,65.2366,76.1334,1.242866666666668,0.7885800000000001,27.659066666666664,27.849400000000003,62.5309,68.55668,11.867512641939587,12.672363488846194
2025,Thatta,43,0.0,27.3033,42.1825,1184747.0,10.0,2.0,17355.0,0.35,3072.0,1484.0,112.0,25.929586654365867,12.525881053085596,0.9453495134404224,0.0,0.0,27.1664,27.009,46.2227,65.2366,0.0,0.77144,27.159566666666667,27.7132,51.21393333333332,61.24371999999998,12.525881053085596,13.138919810223538
2024,Tor Ghar,37,3.0846,26.3549,77.9791,200445.0,621.2798240791644,0.6690489279824079,6292.451621770203,0.3392935678944475,113.0,107.0,6.0,5.637456658933872,5.338122677043578,0.2993339818902941,4.5714,5.5556,26.4177,26.6568,81.2021,80.1452,4.403866666666667,4.10518,26.476466666666667,26.9639,79.77546666666667,80.15512,5.338122677043578,5.42662128305926
2024,Tor Ghar,38,0.0,26.7624,68.6055,200445.0,621.2798240791644,0.6690489279824079,6292.451621770203,0.3392935678944475,154.0,121.0,0.0,7.682905535184216,6.0365686347875975,0.0,3.0846,4.5714,26.3549,26.4177,77.9791,81.2021,2.552,3.2423199999999994,26.511666666666667,26.74606,75.9289,77.42438,6.0365686347875975,6.030699780482093
2024,Tor Ghar,39,4.3857,27.0058,72.2162,200445.0,621.2798240791644,0.6690489279824079,6292.451621770203,0.3392935678944475,115.0,73.0,1.0,5.737234652897303,3.641896779665245,0.0498889969817156,0.0,3.0846,26.7624,26.3549,68.6055,77.9791,2.4901,3.51946,26.7077,26.63952,72.9336,76.02962,3.641896779665245,3.8786629869380023
2024,Tor Ghar,40,0.3625,24.8031,68.5344,200445.0,621.2798240791644,0.6690489279824079,6292.451621770203,0.3392935678944475,68.0,54.0,1.0,3.3924517947566666,2.6940058370126465,0.0498889969817156,4.3857,0.0,27.0058,26.7624,72.2162,68.6055,1.582733333333333,2.48084,26.19043333333333,26.26878,69.78536666666668,73.70746,2.6940058370126465,2.8222081441589095
2024,Tor Ghar,41,1.7714,22.2115,64.7156,200445.0,621.2798240791644,0.6690489279824079,6292.451621770203,0.3392935678944475,101.0,63.0,1.0,5.038788695153284,3.143006809848088,0.0498889969817156,0.3625,4.3857,24.8031,27.0058,68.5344,72.2162,2.1732,1.92084,24.673466666666663,25.42754,68.48873333333334,70.41015999999999,3.143006809848088,3.3800732170973085
2024,Tor Ghar,42,0.0,22.4903,60.4931,200445.0,621.2798240791644,0.6690489279824079,6292.451621770203,0.3392935678944475,107.0,39.0,8.0,5.338122677043578,1.9456708822869115,0.3991119758537255,1.7714,0.3625,22.2115,24.8031,64.7156,68.5344,0.7113,1.3039200000000002,23.1683,24.65462,64.58103333333334,66.91296,1.9456708822869115,2.276469252323726
2024,Tor Ghar,43,0.0429,21.6618,64.8871,200445.0,621.2798240791644,0.6690489279824079,6292.451621770203,0.3392935678944475,75.0,29.0,0.0,3.741674773628676,1.4467809124697546,0.0,0.0,1.7714,22.4903,22.2115,60.4931,64.7156,0.6047666666666667,1.3125,22.1212,23.6345,63.36526666666666,66.16928,1.4467809124697546,1.6568940401096883
2024,Tor Ghar,44,0.0143,19.4582,75.6763,200445.0,621.2798240791644,0.6690489279824079,6292.451621770203,0.3392935678944475,56.0,31.0,1.0,2.7937838309760785,1.5465589064331862,0.0498889969817156,0.0429,0.0,21.6618,22.4903,64.8871,60.4931,0.0190666666666666,0.43822,21.203433333333333,22.12498,67.01883333333333,66.8613,1.5465589064331862,1.7333044425535604
2025,Tor Ghar,37,0.7714,27.679,77.0435,206726.0,621.2798240791644,0.6690489279824079,6292.451621770203,0.3392935678944475,0.0,100.0,1.0,0.0,4.837320898193744,0.0483732089819374,1.9286,13.6429,26.1781,26.646,79.4175,82.9643,5.447633333333333,6.2,26.834366666666664,27.45156,79.80843333333333,80.19394,4.837320898193744,4.869421500223411
2025,Tor Ghar,38,5.2857,26.7525,76.3553,206726.0,621.2798240791644,0.6690489279824079,6292.451621770203,0.3392935678944475,80.0,89.0,6.0,3.869856718554996,4.305215599392432,0.2902392538916247,0.7714,1.9286,27.679,26.1781,77.0435,79.4175,2.6619000000000006,6.60572,26.869866666666667,27.13924,77.60543333333334,79.64208,4.305215599392432,4.250324731827712
2025,Tor Ghar,39,0.6143,25.8951,71.0508,206726.0,621.2798240791644,0.6690489279824079,6292.451621770203,0.3392935678944475,102.0,109.0,26.0,4.93406731615762,5.272679779031182,1.2577034335303736,5.2857,0.7714,26.7525,27.679,76.3553,77.0435,2.2238000000000007,4.44858,26.77553333333333,26.63014,74.81653333333333,77.36628,5.272679779031182,5.288462585742085
2025,Tor Ghar,40,1.9714,23.8412,72.8066,206726.0,621.2798240791644,0.6690489279824079,6292.451621770203,0.3392935678944475,90.0,87.0,0.0,4.35358880837437,4.2084691814285575,0.0,0.6143,5.2857,25.8951,26.7525,71.0508,76.3553,2.623800000000001,2.11428,25.496266666666667,26.06918,73.40423333333332,75.33474,4.2084691814285575,4.124022040645662
2025,Tor Ghar,41,5.2571,19.4823,70.5666,206726.0,621.2798240791644,0.6690489279824079,6292.451621770203,0.3392935678944475,90.0,71.0,2.0,4.35358880837437,3.4344978377175583,0.0967464179638748,1.9714,0.6143,23.8412,25.8951,72.8066,71.0508,2.6142666666666674,2.779980000000001,23.072866666666663,24.73002,71.47466666666666,73.56456,3.4344978377175583,3.574025344585357
2025,Tor Ghar,42,0.0,21.3659,70.0358,206726.0,621.2798240791644,0.6690489279824079,6292.451621770203,0.3392935678944475,92.0,78.0,0.0,4.450335226338245,3.773110300591121,0.0,5.2571,1.9714,19.4823,23.8412,70.5666,72.8066,2.409500000000001,2.6257000000000006,21.56313333333333,23.4674,71.13633333333333,72.16302,3.773110300591121,3.7807258314511416
2025,Tor Ghar,43,0.0,20.4284,62.2582,206726.0,621.2798240791644,0.6690489279824079,6292.451621770203,0.3392935678944475,92.0,78.0,22.0,4.450335226338245,3.773110300591121,1.0642105976026237,0.0,5.2571,21.3659,19.4823,70.0358,70.5666,1.7523666666666673,1.5685600000000002,20.42553333333333,22.20258,67.6202,69.3436,3.773110300591121,3.8679194180947425
2024,Umerkot,37,3.5077,29.0458,74.1211,1159831.0,12.0,0.0,5608.0,0.35,3642.0,2300.0,34.0,31.40112654343607,19.830475302005205,0.2931461566383378,6.5,11.2111,28.8485,28.4457,77.9368,79.2778,7.072933333333334,5.0009,28.78,29.409119999999994,77.1119,74.78486000000001,19.830475302005205,19.70943609160435
2024,Umerkot,38,0.0,30.039,66.0977,1159831.0,12.0,0.0,5608.0,0.35,3387.0,2112.0,29.0,29.20253036864853,18.209549494710867,0.2500364277209352,3.5077,6.5,29.0458,28.8485,74.1211,77.9368,3.3359,4.526619999999999,29.3111,29.37776,72.71853333333334,73.44892,18.209549494710867,18.756919426166263
2024,Umerkot,39,0.0143,31.0027,65.998,1159831.0,12.0,0.0,5608.0,0.35,3546.0,2139.0,30.0,30.573419748221937,18.442342030864843,0.2586583735044157,0.0,3.5077,30.039,29.0458,66.0977,74.1211,1.174,4.24662,30.02916666666667,29.47634,68.73893333333335,72.68628000000001,18.442342030864843,18.81735526202334
2024,Umerkot,40,0.0,30.1678,64.4807,1159831.0,12.0,0.0,5608.0,0.35,2686.0,2012.0,35.0,23.15854637442869,17.347354916362814,0.3017681024218183,0.0143,0.0,31.0027,30.039,65.998,66.0977,0.0047666666666666,2.0043999999999995,30.403166666666667,29.82076,65.52546666666667,69.72686000000002,17.347354916362814,17.614555730366956
2024,Umerkot,41,0.0,30.1155,50.2642,1159831.0,12.0,0.0,5608.0,0.35,2685.0,1817.0,6.0,23.149924428645207,15.666075488584111,0.0517316747008831,0.0,0.0143,30.1678,31.0027,64.4807,65.998,0.0047666666666666,0.7043999999999996,30.42866666666667,30.07416,60.24763333333334,64.19234,15.666075488584111,16.068215066646506
2024,Umerkot,42,0.0,30.5928,53.0878,1159831.0,12.0,0.0,5608.0,0.35,2413.0,1631.0,29.0,20.804755175538507,14.062393572856736,0.2500364277209352,0.0,0.0,30.1155,30.1678,50.2642,64.4807,0.0,0.0028599999999996,30.29203333333333,30.38356,55.94423333333335,59.98568,14.062393572856736,14.274745050512152
2024,Umerkot,43,0.0,29.7199,47.0617,1159831.0,12.0,0.0,5608.0,0.35,2023.0,1484.0,13.0,17.4421963199811,12.794967542685098,0.1120852951852468,0.0,0.0,30.5928,30.1155,53.0878,50.2642,0.0,0.0028599999999996,30.142733333333336,30.319740000000003,50.13790000000001,56.178480000000015,12.794967542685098,13.55752814273483
2024,Umerkot,44,0.0,27.8914,44.9469,1159831.0,12.0,0.0,5608.0,0.35,1569.0,1246.0,29.0,13.527832934280942,10.742944446216734,0.2500364277209352,0.0,0.0,29.7199,30.5928,47.0617,53.0878,0.0,0.0,29.401366666666664,29.69748,48.36546666666667,51.96826000000001,10.742944446216734,10.815044416315494
2025,Umerkot,37,1.8714,27.9872,77.3007,1297177.0,12.0,0.0,5608.0,0.35,2575.0,1749.0,0.0,19.85079908138982,13.483125278971182,0.0,10.1286,11.5714,30.1863,30.0137,69.2372,78.9866,7.857133333333333,4.82572,29.39573333333333,30.08892,75.17483333333335,70.70142000000001,13.483125278971182,14.07390198733592
2025,Umerkot,38,0.0286,29.0152,71.7523,1297177.0,12.0,0.0,5608.0,0.35,2904.0,1690.0,0.0,22.38707593489555,13.02829143594128,0.0,1.8714,10.1286,27.9872,30.1863,77.3007,69.2372,4.009533333333334,4.82572,29.0629,29.69756,72.7634,72.5625,13.02829143594128,13.320985548029014
2025,Umerkot,39,0.0,29.9687,62.0819,1297177.0,12.0,0.0,5608.0,0.35,3362.0,1788.0,0.0,25.917820004517505,13.783778158262132,0.0,0.0286,1.8714,29.0152,27.9872,71.7523,77.3007,0.6333333333333333,4.72,28.990366666666663,29.43422,70.37830000000001,71.87174,13.783778158262132,14.228354543016993
2025,Umerkot,40,0.9,29.7589,68.7958,1297177.0,12.0,0.0,5608.0,0.35,3058.0,1687.0,44.0,23.57426935568546,13.005164291380437,0.33919812022569,0.0,0.0286,29.9687,29.0152,62.0819,71.7523,0.3095333333333333,2.58572,29.58093333333333,29.38326,67.54333333333334,69.83358000000001,13.005164291380437,13.278914111839466
2025,Umerkot,41,0.0286,27.7845,52.1506,1297177.0,12.0,0.0,5608.0,0.35,2945.0,1737.0,0.0,22.703146910560395,13.390616700727811,0.0,0.9,0.0,29.7589,29.9687,68.7958,62.0819,0.3095333333333333,0.5657199999999996,29.1707,28.9029,61.00943333333333,66.41626000000001,13.390616700727811,13.73447908846559
2025,Umerkot,42,0.0,28.0812,36.0497,1297177.0,12.0,0.0,5608.0,0.35,2462.0,1497.0,0.0,18.97967663626475,11.54044513586041,0.0,0.0286,0.9,27.7845,29.7589,52.1506,68.7958,0.3095333333333333,0.1914399999999996,28.54153333333333,28.9217,52.332033333333335,58.16606,11.54044513586041,11.936134889493252
2025,Umerkot,43,0.0,27.7155,37.47,1297177.0,12.0,0.0,5608.0,0.35,2708.0,1416.0,0.0,20.876102490253835,10.916012232717662,0.0,0.0,0.0286,28.0812,27.7845,36.0497,52.1506,0.0095333333333333,0.1857199999999996,27.8604,28.66176,41.89010000000001,51.3096,10.916012232717662,11.548589215493937
2024,Upper Kurram,37,1.1308,15.7139,76.0918,785434.0,621.2798240791644,0.6690489279824079,6292.451621770203,0.3392935678944475,33.0,174.0,31.0,0.420149878920444,2.215335725216886,0.3946862498949625,1.9429,2.5111,16.1985,16.3774,80.2681,82.7495,1.8616,2.1341,16.0966,16.7789,79.70313333333334,81.81624,2.215335725216886,2.1913175350462053
2024,Upper Kurram,38,0.0857,16.1497,56.8005,785434.0,621.2798240791644,0.6690489279824079,6292.451621770203,0.3392935678944475,28.0,134.0,2.0,0.3564908063567404,1.7060631447072574,0.0254636290254814,1.1308,1.9429,15.7139,16.1985,76.0918,80.2681,1.053133333333333,1.32552,16.0207,16.268259999999998,71.05346666666667,75.76318,1.7060631447072574,1.9186668138228908
2024,Upper Kurram,39,0.6,16.3259,75.5305,785434.0,621.2798240791644,0.6690489279824079,6292.451621770203,0.3392935678944475,26.0,111.0,3.0,0.3310271773312589,1.4132314109142208,0.0381954435382221,0.0857,1.1308,16.1497,15.7139,56.8005,76.0918,0.6054999999999997,1.2541,16.063166666666667,16.15308,69.47426666666667,74.28808000000001,1.4132314109142208,1.3315970005314242
2024,Upper Kurram,40,0.725,14.0398,57.8355,785434.0,621.2798240791644,0.6690489279824079,6292.451621770203,0.3392935678944475,28.0,167.0,19.0,0.3564908063567404,2.126213023627701,0.2419044757420738,0.6,0.0857,16.3259,16.1497,75.5305,56.8005,0.470233333333333,0.89688,15.505133333333331,15.68556,63.38883333333334,69.30528000000001,2.126213023627701,2.1458394021508402
2024,Upper Kurram,41,2.9143,10.9253,66.1588,785434.0,621.2798240791644,0.6690489279824079,6292.451621770203,0.3392935678944475,24.0,165.0,5.0,0.3055635483057775,2.10074939460222,0.0636590725637036,0.725,0.6,14.0398,16.3259,57.8355,75.5305,1.4130999999999994,1.09116,13.763666666666667,14.63092,66.50826666666667,66.48342,2.10074939460222,1.9389498209715903
2024,Upper Kurram,42,0.1,11.4407,59.3059,785434.0,621.2798240791644,0.6690489279824079,6292.451621770203,0.3392935678944475,24.0,148.0,18.0,0.3055635483057775,1.8843085478856276,0.229172661229333,2.9143,0.725,10.9253,14.0398,66.1588,57.8355,1.246433333333333,0.8849999999999998,12.135266666666666,13.77628,61.10006666666666,63.12624,1.8843085478856276,1.8235877096838093
2024,Upper Kurram,43,0.3857,10.5666,68.8967,785434.0,621.2798240791644,0.6690489279824079,6292.451621770203,0.3392935678944475,38.0,208.0,5.0,0.4838089514841476,2.6482174186500718,0.0636590725637036,0.1,2.9143,11.4407,10.9253,59.3059,66.1588,1.133333333333333,0.945,10.977533333333334,12.65966,64.78713333333333,65.54548,2.6482174186500718,2.7946650224054155
2024,Upper Kurram,44,0.0429,9.8473,71.5614,785434.0,621.2798240791644,0.6690489279824079,6292.451621770203,0.3392935678944475,28.0,180.0,0.0,0.3564908063567404,2.291726612293331,0.0,0.3857,0.1,10.5666,11.4407,68.8967,59.3059,0.1761999999999997,0.8335799999999999,10.618200000000002,11.36394,66.58800000000001,64.75166,2.291726612293331,2.3338290382199904
2025,Upper Kurram,37,0.7286,16.9485,78.4512,748325.0,621.2798240791644,0.6690489279824079,6292.451621770203,0.3392935678944475,106.0,204.0,15.0,1.4164968429492537,2.726088263789129,0.200447666455083,3.2143,4.4143,16.2848,17.616,80.7043,84.5674,2.785733333333333,2.39144,16.949766666666665,17.974800000000002,81.24096666666667,80.4153,2.726088263789129,2.838116344350767
2025,Upper Kurram,38,1.0571,15.9958,75.5352,748325.0,621.2798240791644,0.6690489279824079,6292.451621770203,0.3392935678944475,23.0,165.0,15.0,0.3073530885644606,2.204924331005913,0.200447666455083,0.7286,3.2143,16.9485,16.2848,78.4512,80.7043,1.6666666666666663,2.22,16.4097,17.319380000000002,78.23023333333335,80.03312,2.204924331005913,1.9934675381928262
2025,Upper Kurram,39,0.5286,15.0762,66.3635,748325.0,621.2798240791644,0.6690489279824079,6292.451621770203,0.3392935678944475,27.0,212.0,10.0,0.3608057996191494,2.832993685898507,0.133631777636722,1.0571,0.7286,15.9958,16.9485,75.5352,78.4512,0.771433333333333,1.98858,16.006833333333336,16.38426,73.44996666666667,77.12432000000001,2.832993685898507,3.0096322909075264
2025,Upper Kurram,40,0.9143,13.1086,68.1837,748325.0,621.2798240791644,0.6690489279824079,6292.451621770203,0.3392935678944475,18.0,146.0,1.0,0.2405371997460996,1.951023953496141,0.0133631777636722,0.5286,1.0571,15.0762,15.9958,66.3635,75.5352,0.8333333333333329,1.28858,14.726866666666668,15.48278,70.02746666666667,73.84758000000001,1.951023953496141,1.898988436439562
2025,Upper Kurram,41,1.2857,8.7395,68.6757,748325.0,621.2798240791644,0.6690489279824079,6292.451621770203,0.3392935678944475,19.0,182.0,10.0,0.2539003775097718,2.4320983529883407,0.133631777636722,0.9143,0.5286,13.1086,15.0762,68.1837,66.3635,0.9095333333333332,0.90286,12.3081,13.97372,67.74096666666667,71.44186,2.4320983529883407,2.3556785953339787
2025,Upper Kurram,42,0.0286,11.0562,62.8353,748325.0,621.2798240791644,0.6690489279824079,6292.451621770203,0.3392935678944475,19.0,148.0,0.0,0.2539003775097718,1.9777503090234856,0.0,1.2857,0.9143,8.7395,13.1086,68.6757,68.1837,0.7428666666666665,0.76286,10.968100000000002,12.79526,66.5649,68.31868,1.9777503090234856,1.9311963318592635
2025,Upper Kurram,43,0.4,9.1592,56.0956,748325.0,621.2798240791644,0.6690489279824079,6292.451621770203,0.3392935678944475,19.0,148.0,38.0,0.2539003775097718,1.9777503090234856,0.5078007550195437,0.0286,1.2857,11.0562,8.7395,62.8353,68.6757,0.5714333333333331,0.63144,9.651633333333336,11.42794,62.53553333333334,64.43076,1.9777503090234856,1.8333618304637307
2025,Usta Muhammad,37,7.3571,28.7627,79.5734,314321.0,621.2798240791644,0.6690489279824079,6292.451621770203,0.3392935678944475,186.0,704.0,4.0,5.91751744235988,22.397485373233096,0.1272584396206426,0.0,1.0286,32.5859,32.5713,62.0021,68.2086,2.795233333333333,1.6828600000000002,31.30663333333333,32.1747,69.92803333333335,64.91374,22.397485373233096,21.392816307524463
2025,Usta Muhammad,38,0.0,30.7392,70.6847,314321.0,621.2798240791644,0.6690489279824079,6292.451621770203,0.3392935678944475,186.0,578.0,21.0,5.91751744235988,18.38884452518285,0.6681068080083735,7.3571,0.0,28.7627,32.5859,79.5734,62.0021,2.452366666666667,1.6828600000000002,30.695933333333333,31.66304,70.7534,67.54192,18.38884452518285,18.42045928113479
2025,Usta Muhammad,39,0.0,31.1695,60.8593,314321.0,621.2798240791644,0.6690489279824079,6292.451621770203,0.3392935678944475,192.0,707.0,31.0,6.108405101790844,22.492929202948577,0.98625290705998,0.0,7.3571,30.7392,28.7627,70.6847,79.5734,2.452366666666667,1.67714,30.2238,31.16572,70.37246666666668,68.26562,22.492929202948577,21.11922355457494
2025,Usta Muhammad,40,0.0,31.649,50.2418,314321.0,621.2798240791644,0.6690489279824079,6292.451621770203,0.3392935678944475,171.0,816.0,16.0,5.440298293782471,25.960721682611087,0.5090337584825704,0.0,0.0,31.1695,30.7392,60.8593,70.6847,0.0,1.47142,31.185900000000004,30.98126,60.59526666666667,64.67226000000001,25.960721682611087,23.715179516026083
2025,Usta Muhammad,41,0.0,27.2002,47.883,314321.0,621.2798240791644,0.6690489279824079,6292.451621770203,0.3392935678944475,241.0,789.0,20.0,7.667320987143716,25.101727215171756,0.6362921981032129,0.0,0.0,31.649,31.1695,50.2418,60.8593,0.0,1.47142,30.00623333333333,29.90412,52.9947,61.84844,25.101727215171756,22.833191575767174
2025,Usta Muhammad,42,0.0,27.2395,36.6805,314321.0,621.2798240791644,0.6690489279824079,6292.451621770203,0.3392935678944475,222.0,762.0,27.0,7.062843398945664,24.24273274773241,0.8589944674393376,0.0,0.0,27.2002,31.649,47.883,50.2418,0.0,0.0,28.696233333333332,29.59948,44.935100000000006,53.26986000000001,24.24273274773241,22.783518722383967
2025,Usta Muhammad,43,0.0,26.7651,40.2498,314321.0,621.2798240791644,0.6690489279824079,6292.451621770203,0.3392935678944475,218.0,730.0,27.0,6.935584959325022,23.224665230767272,0.8589944674393376,0.0,0.0,27.2395,27.2002,36.6805,47.883,0.0,0.0,27.06826666666667,28.80466,41.60443333333333,47.18288,23.224665230767272,22.705674891219118
2024,Washuk,38,0.0,26.1795,33.3791,302623.0,700.0,0.0,33093.0,0.2,163.0,191.0,1.0,5.38623964470645,6.311483264656024,0.033044414998199,0.0,0.7222,25.7723,24.78,36.8615,42.5489,0.2407333333333333,2.20802,25.57726666666667,24.7555,37.5965,50.16968,6.311483264656024,6.6158075972529655
2024,Washuk,39,0.0,25.7515,35.2964,302623.0,700.0,0.0,33093.0,0.2,241.0,186.0,0.0,7.963704014565978,6.1462611896650285,0.0,0.0,0.0,26.1795,25.7723,33.3791,36.8615,0.0,1.41302,25.901100000000003,25.09898,35.178999999999995,42.027,6.1462611896650285,6.1951436225484375
2024,Washuk,40,0.375,24.6843,33.9561,302623.0,700.0,0.0,33093.0,0.2,381.0,216.0,6.0,12.58992211431385,7.1375936396110005,0.1982664899891945,0.0,0.0,25.7515,26.1795,35.2964,33.3791,0.125,0.21944,25.538433333333334,25.43352,34.21053333333333,36.4084,7.1375936396110005,7.60305701057055
2024,Washuk,41,0.3857,22.0524,26.1323,302623.0,700.0,0.0,33093.0,0.2,360.0,257.0,3.0,11.895989399351668,8.492414654537162,0.0991332449945972,0.375,0.0,24.6843,25.7515,33.9561,35.2964,0.2535666666666666,0.15214,24.162733333333332,24.888,31.794933333333336,33.12508,8.492414654537162,8.818361659627971
2024,Washuk,42,0.3,21.897,25.0011,302623.0,700.0,0.0,33093.0,0.2,326.0,191.0,1.0,10.7724792894129,6.311483264656024,0.033044414998199,0.3857,0.375,22.0524,24.6843,26.1323,33.9561,0.3535666666666666,0.21214,22.8779,24.11294,28.363166666666668,30.753,6.311483264656024,6.7644743418323445
2024,Washuk,44,0.0,20.1509,31.7173,302623.0,700.0,0.0,33093.0,0.2,180.0,283.0,0.0,5.947994699675834,9.35156944449034,0.0,0.3,0.3857,21.897,22.0524,25.0011,26.1323,0.2285666666666666,0.21214,21.366766666666667,22.90722,27.6169,30.42064,9.35156944449034,9.568222644656814
2025,Washuk,37,1.3143,24.153,62.7285,212771.0,700.0,0.0,33093.0,0.2,136.0,92.0,10.0,6.391848513190237,4.323897523628689,0.4699888612639881,0.0,3.5286,26.4905,26.2304,30.0201,55.3061,1.6143,0.96858,25.62463333333333,26.7283,49.35156666666666,45.90422,4.323897523628689,4.408830860394292
2025,Washuk,39,0.0,25.5137,32.0672,212771.0,700.0,0.0,33093.0,0.2,63.0,62.0,2.0,2.9609298259631243,2.913930939836726,0.0939977722527976,1.3143,0.0,24.153,26.4905,62.7285,30.0201,0.4381,0.96858,25.38573333333333,26.06704,41.605266666666665,43.96,2.913930939836726,2.8381821094978568
2025,West,37,11.6,26.9064,85.6258,4732945.0,15.0,0.0,929.0,0.75,326.0,804.0,51.0,0.6887889041600948,1.698730917008332,0.1077553193624688,0.1286,15.6857,28.5278,28.8001,76.2371,84.7731,9.1381,5.84,28.078100000000003,28.340360000000004,82.212,79.99652,1.698730917008332,2.1141622582176627
2025,West,38,0.6857,27.5174,81.9526,4732945.0,15.0,0.0,929.0,0.75,333.0,834.0,63.0,0.7035788499549435,1.762116398986255,0.1331095121536379,11.6,0.1286,26.9064,28.5278,85.6258,76.2371,4.1381000000000006,5.731420000000001,27.65053333333333,28.17256,81.27183333333333,80.9512,1.762116398986255,1.9678652147094429
2025,West,39,0.3714,27.9525,78.8954,4732945.0,15.0,0.0,929.0,0.75,387.0,799.0,71.0,0.8176727175152047,1.6881666700120117,0.1500123073477507,0.6857,11.6,27.5174,26.9064,81.9526,85.6258,4.219033333333333,5.69428,27.458766666666666,27.94084,82.15793333333333,81.4968,1.6881666700120117,2.0468950074385592
2025,West,40,2.5143,29.7281,71.3935,4732945.0,15.0,0.0,929.0,0.75,301.0,802.0,21.0,0.6359676691784925,1.694505218209804,0.0443698373845459,0.3714,0.6857,27.9525,27.5174,78.8954,81.9526,1.1904666666666668,3.06,28.39933333333333,28.126439999999995,77.41383333333333,78.82088,1.694505218209804,1.9710507567596531
2025,West,41,0.1429,27.5965,65.2716,4732945.0,15.0,0.0,929.0,0.75,287.0,817.0,72.0,0.6063877775887951,1.7261979591987653,0.1521251567470148,2.5143,0.3714,29.7281,27.9525,71.3935,78.8954,1.0095333333333334,3.06286,28.425700000000003,27.940180000000005,71.85350000000001,76.62778,1.7261979591987653,1.8856496856308018
2025,West,42,0.0,27.8921,54.9485,4732945.0,15.0,0.0,929.0,0.75,313.0,812.0,61.0,0.6613218619696616,1.7156337122024448,0.1288838133551097,0.1429,2.5143,27.5965,29.7281,65.2716,71.3935,0.8857333333333334,0.7428600000000001,28.40556666666667,28.13732,63.8712,70.49231999999999,1.7156337122024448,1.9103118308737628
2025,West,43,0.0,29.1096,38.4841,4732945.0,15.0,0.0,929.0,0.75,264.0,855.0,49.0,0.557792241405721,1.806486236370801,0.1035296205639406,0.0,0.1429,27.8921,27.5965,54.9485,65.2716,0.0476333333333333,0.60572,28.1994,28.45576,52.9014,61.79862000000001,1.806486236370801,2.0176504901262833
2024,Zhob,38,0.0,26.9447,38.7447,355692.0,1400.0,0.0,20297.0,0.2,145.0,135.0,0.0,4.076560619862128,3.795418508147498,0.0,0.2846,1.6111,25.4265,24.8885,52.4388,64.2314,0.6319,0.91914,25.753233333333338,25.99784,51.804966666666665,57.91058,3.795418508147498,3.7971692707596225
2024,Zhob,39,0.0,27.3396,47.3949,355692.0,1400.0,0.0,20297.0,0.2,132.0,154.0,0.0,3.711075874633109,4.329588520405294,0.0,0.0,0.2846,26.9447,25.4265,38.7447,52.4388,0.0948666666666666,0.522,26.57026666666667,25.96844,46.1928,54.50174,4.329588520405294,4.221943283723338
2024,Zhob,40,0.8,24.3798,38.2274,355692.0,1400.0,0.0,20297.0,0.2,212.0,106.0,0.0,5.960212768350145,2.9801063841750723,0.0,0.0,0.0,27.3396,26.9447,47.3949,38.7447,0.2666666666666666,0.53914,26.221366666666665,25.795820000000003,41.455666666666666,48.20744,2.9801063841750723,3.066095180125709
2024,Zhob,41,0.9143,19.92,43.487,355692.0,1400.0,0.0,20297.0,0.2,248.0,111.0,0.0,6.972324370522812,3.120677440032388,0.0,0.8,0.0,24.3798,27.3396,38.2274,47.3949,0.5714333333333333,0.3997799999999999,23.8798,24.80212,43.03643333333333,44.05856,3.120677440032388,3.0418028788552505
2024,Zhob,42,0.0,21.8411,24.2529,355692.0,1400.0,0.0,20297.0,0.2,211.0,117.0,0.0,5.932098557178683,3.2893627070611653,0.0,0.9143,0.8,19.92,24.3798,43.487,38.2274,0.5714333333333333,0.34286,22.046966666666663,24.08504,35.322433333333336,38.42138,3.2893627070611653,3.463901687684184
2024,Zhob,43,0.0,21.8569,34.6213,355692.0,1400.0,0.0,20297.0,0.2,107.0,244.0,0.0,3.008220595346536,6.859867525836959,0.0,0.0,0.9143,21.8411,19.92,24.2529,43.487,0.3047666666666667,0.34286,21.206,23.06748,34.1204,37.5967,6.859867525836959,6.509191644231047
2024,Zhob,44,0.0,20.8572,27.49,355692.0,1400.0,0.0,20297.0,0.2,83.0,171.0,46.0,2.333479527231425,4.807530110320164,1.2932537138872957,0.0,0.0,21.8569,21.8411,34.6213,24.2529,0.0,0.34286,21.5184,21.771,28.788066666666666,33.61572,4.807530110320164,4.756184751555104
2025,Zhob,37,1.1429,26.4917,56.1172,374767.0,1400.0,0.0,20297.0,0.2,79.0,83.0,2.0,2.107976422683961,2.214709406110997,0.053366491713518,0.1429,0.7714,25.8432,27.8551,55.6837,55.5908,0.6857333333333333,0.4743,26.73,27.90848,55.79723333333332,52.62382,2.214709406110997,2.196104851823624
2025,Zhob,38,0.0,26.2599,45.7482,374767.0,1400.0,0.0,20297.0,0.2,54.0,40.0,0.0,1.4408952762649858,1.06732983427036,0.0,1.1429,0.1429,26.4917,25.8432,56.1172,55.6837,0.4286,0.4743,26.198266666666665,27.24242,52.51636666666665,52.68934,1.06732983427036,1.1993166630139136
2025,Zhob,39,0.0,25.7646,40.6245,374767.0,1400.0,0.0,20297.0,0.2,43.0,51.0,0.0,1.147379571840637,1.360845538694709,0.0,0.0,1.1429,26.2599,26.4917,45.7482,56.1172,0.3809666666666667,0.41144,26.172066666666662,26.4429,47.49663333333333,50.75288,1.360845538694709,1.4627149171116356
2025,Zhob,40,0.0,24.2861,36.8871,374767.0,1400.0,0.0,20297.0,0.2,47.0,76.0,0.0,1.254112555267673,2.027926685113684,0.0,0.0,0.0,25.7646,26.2599,40.6245,45.7482,0.0,0.25716,25.436866666666663,25.7291,41.0866,47.01214,2.027926685113684,2.034691444777141
2025,Zhob,41,0.0,18.3087,42.4814,374767.0,1400.0,0.0,20297.0,0.2,10.0,33.0,0.0,0.2668324585675899,0.880547113273047,0.0,0.0,0.0,24.2861,25.7646,36.8871,40.6245,0.0,0.22858,22.78646666666667,24.2222,39.99766666666666,44.37168,0.880547113273047,0.8596595668274247
2025,Zhob,42,0.0,20.4048,38.695,374767.0,1400.0,0.0,20297.0,0.2,14.0,27.0,0.0,0.373565441994626,0.7204476381324929,0.0,0.0,0.0,18.3087,24.2861,42.4814,36.8871,0.0,0.0,20.999866666666662,23.00482,39.3545,40.88724,0.7204476381324929,0.8019709646312618
2025,Zhob,43,0.0,18.8819,41.7243,374767.0,1400.0,0.0,20297.0,0.2,22.0,32.0,0.0,0.587031408848698,0.853863867416288,0.0,0.0,0.0,20.4048,18.3087,38.695,42.4814,0.0,0.0,19.198466666666665,21.52922,40.96689999999999,40.08246,0.853863867416288,0.8550424772957266
2024,Ziarat,37,0.0,0.0,0.0,189535.0,2400.0,0.0,3301.0,0.2,84.0,85.0,3.0,4.431899121534281,4.48465982536207,0.1582821114833671,0.0,0.0,0.0,0.0,0.0,0.0,0.0,0.0,0.0,0.0,0.0,0.0,4.48465982536207,4.723764327683686
