Year,District,week_index,Avg_rainfall,Avg_Temperature,Avg_Humidity,Population,Elevation_m_y,River_Status_y,Area_sq_km_y,Sanitation_Index_y,Malaria_cases,AD_cases,Typhoid_cases,Flood_Inundation,Mean_NDVI,Stagnant_Water,Malaria_Risk,AD_Risk,Typhoid_Risk,Malaria_Risk_next_week,AD_Risk_next_week,Typhoid_Risk_next_week,Avg_rainfall_lag1,Avg_rainfall_lag2,Avg_Temperature_lag1,Avg_Temperature_lag2,Avg_Humidity_lag1,Avg_Humidity_lag2,Flood_Inundation_lag1,Flood_Inundation_lag2,Stagnant_Water_lag1,Stagnant_Water_lag2,Mean_NDVI_lag1,Mean_NDVI_lag2,Avg_rainfall_roll3,Avg_rainfall_roll5,Avg_Temperature_roll3,Avg_Temperature_roll5,Avg_Humidity_roll3,Avg_Humidity_roll5,Flood_Inundation_roll3,Flood_Inundation_roll5,Stagnant_Water_roll3,Stagnant_Water_roll5,Mean_NDVI_roll3,Mean_NDVI_roll5,y_true,y_pred
2024,Abbottabad,37,3.0154,22.9028,78.0351,1419072.0,1256.0,0.0,1967.0,0.75,22.0,623.0,37.0,0.0882186498764419,0.4806772942007528,0.0,0.1550308934289451,4.390193027556037,0.2607337753123168,0.1832183285978442,4.91166057818067,0.1197965994678212,5.7714,12.6444,22.4667,23.5303,85.0025,81.1787,0.0559148335452125,0.0,0.0,0.0,0.0,0.0,7.1437333333333335,6.30052,22.9666,23.36802,81.40543333333333,82.42382,0.0480444944738848,0.047138729276008,0.0,9.476207287388e-05,0.1602257647335842,0.1891387355060798,0.1832183285978442,0.26323787307454616
2024,Abbottabad,38,0.0,24.2828,61.5044,1419072.0,1256.0,0.0,1967.0,0.75,26.0,697.0,17.0,0.1306644026389285,0.4582010744147312,0.0380976872502841,0.1832183285978442,4.91166057818067,0.1197965994678212,0.0140937175844495,4.538177062192757,0.0775154467144725,3.0154,5.7714,22.9028,22.4667,78.0351,85.0025,0.0882186498764419,0.0559148335452125,0.0,0.0,0.4806772942007528,0.0,2.928933333333333,4.80338,23.21743333333333,23.40528,74.84733333333334,77.53493999999999,0.0915992953535276,0.0550077996252323,0.012699229083428,0.0076195374500568,0.3129594562051613,0.280778950389026,0.0140937175844495,0.3103981765799917
2024,Abbottabad,39,3.6143,23.2851,74.9441,1419072.0,1256.0,0.0,1967.0,0.75,2.0,644.0,11.0,0.0028522139051692,0.0,0.0051091895448812,0.0140937175844495,4.538177062192757,0.0775154467144725,0.1691246110133946,3.819397465385829,0.0352342939611238,0.0,3.0154,24.2828,22.9028,61.5044,78.0351,0.1306644026389285,0.0882186498764419,0.0380976872502841,0.0,0.4582010744147312,0.4806772942007528,2.2099,5.009099999999999,23.49023333333333,23.29354,71.49453333333334,76.13296,0.0739117554735132,0.0555300199931504,0.0144022922650551,0.008641375359033,0.3129594562051613,0.1877756737230968,0.1691246110133946,0.11561824637676921
2024,Abbottabad,40,0.1625,22.4983,57.2492,1419072.0,1256.0,0.0,1967.0,0.75,24.0,542.0,5.0,0.1198603078582487,0.4185635539296424,0.0046388049231674,0.1691246110133946,3.819397465385829,0.0352342939611238,0.0070468587922247,3.424773373021242,0.0704685879222477,3.6143,0.0,23.2851,24.2828,74.9441,61.5044,0.0028522139051692,0.1306644026389285,0.0051091895448812,0.0380976872502841,0.0,0.4582010744147312,1.2589333333333337,2.51272,23.3554,23.08714,64.56590000000001,71.34706,0.0844589748007821,0.0795020815648001,0.0159485605727775,0.0095691363436665,0.2922548761147912,0.2714883845090253,0.0070468587922247,0.12725881107954606
2024,Abbottabad,41,1.1143,19.7137,56.4356,1419072.0,1256.0,0.0,1967.0,0.75,1.0,486.0,10.0,0.004784419811091,0.3986617206176372,0.0050875998710185,0.0070468587922247,3.424773373021242,0.0704685879222477,0.0140937175844495,3.1640395977089253,0.1832183285978442,0.1625,3.6143,22.4983,23.2851,57.2492,74.9441,0.1198603078582487,0.0028522139051692,0.0046388049231674,0.0051091895448812,0.4185635539296424,0.0,1.6303666666666663,1.5813,21.83236666666667,22.53654,62.87630000000001,65.63368,0.0424989805248363,0.0692759988179758,0.0049451981130223,0.0105866563178702,0.2724084248490932,0.3512207286325527,0.0140937175844495,0.027220808634281113
2024,Abbottabad,42,0.0,20.545,49.9082,1419072.0,1256.0,0.0,1967.0,0.75,2.0,449.0,26.0,0.0,0.3696769628412227,0.0,0.0140937175844495,3.1640395977089253,0.1832183285978442,0.0211405763766743,3.079477292202228,0.1620777522211698,1.1143,0.1625,19.7137,22.4983,56.4356,57.2492,0.004784419811091,0.1198603078582487,0.0050875998710185,0.0046388049231674,0.3986617206176372,0.4185635539296424,0.4256,0.97822,20.919,22.06498,54.531000000000006,60.0083,0.0415482425564465,0.0516322688426874,0.0032421349313953,0.0105866563178702,0.3956340791295007,0.3290206623606467,0.0211405763766743,0.09186867613332161
2024,Abbottabad,43,0.0143,19.9301,54.2137,1419072.0,1256.0,0.0,1967.0,0.75,3.0,437.0,23.0,0.1686313318365046,0.333174380803012,0.0,0.0211405763766743,3.079477292202228,0.1620777522211698,0.0211405763766743,2.53686916520092,0.1409371758444955,0.0,1.1143,20.545,19.7137,49.9082,56.4356,0.0,0.004784419811091,0.0,0.0050875998710185,0.3696769628412227,0.3986617206176372,0.3762,0.98108,20.062933333333334,21.19444,53.51916666666667,58.550160000000005,0.0578052505491985,0.0592256546822027,0.0016958666236728,0.0029671188678134,0.367171021420624,0.3040153236383028,0.0211405763766743,0.04507008116725686
2024,Abbottabad,44,0.0143,19.3384,60.4715,1419072.0,1256.0,0.0,1967.0,0.75,3.0,360.0,20.0,0.019508802717853,0.3447337222611743,0.0203857651219072,0.0211405763766743,2.53686916520092,0.1409371758444955,0.0,0.0,0.0,0.0143,0.0,19.9301,20.545,54.2137,49.9082,0.1686313318365046,0.0,0.0,0.0,0.333174380803012,0.3696769628412227,0.0095333333333333,0.26108,19.937833333333334,20.4051,54.864466666666665,55.655640000000005,0.0627133781847858,0.0625569724447394,0.0067952550406357,0.0060224339832186,0.3491950219684696,0.3729620680905377,0.0,-0.04955758665211185
2025,Abbottabad,37,1.0714,23.572,79.8149,1611498.0,1256.0,0.0,1967.0,0.75,135.0,1381.0,16.0,0.0,0.3640503212282939,0.0,0.8377298637665079,8.569666236011463,0.0992865023723268,0.0062054063982704,7.657471495465709,0.1365189407619494,6.3143,15.7571,22.0524,22.8968,82.8205,85.0062,0.0001267020266178,0.0009663393373389,0.0,0.0,0.0,0.0,7.714266666666667,6.182840000000001,22.8404,23.42996,82.54719999999999,83.37986,0.0003643471213188,0.0261591437659114,0.0,0.0040390531461242,0.1213501070760979,0.1295299750319978,0.0062054063982704,0.6627106316963687
2025,Abbottabad,38,1.8571,23.2765,71.7492,1611498.0,1256.0,0.0,1967.0,0.75,1.0,1234.0,22.0,0.0938594588477172,0.3225836082923744,0.0,0.0062054063982704,7.657471495465709,0.1365189407619494,0.7570595805889923,7.980152628175771,0.130313534363679,1.0714,6.3143,23.572,22.0524,79.8149,82.8205,0.0,0.0001267020266178,0.0,0.0,0.3640503212282939,0.0,3.0809333333333337,5.974259999999999,22.966966666666668,23.24496,78.12819999999999,81.22084,0.031328720291445,0.0340745629293313,0.0,0.0040390531461242,0.2288779765068894,0.1940466966904727,0.7570595805889923,0.14014691275412794
2025,Abbottabad,39,0.4714,23.77,57.4104,1611498.0,1256.0,0.0,1967.0,0.75,122.0,1286.0,21.0,0.0023610071676471,0.0,0.0036177416464685,0.7570595805889923,7.980152628175771,0.130313534363679,0.0186162191948112,6.422595622209895,0.0558486575844338,1.8571,1.0714,23.2765,23.572,71.7492,79.8149,0.0938594588477172,0.0,0.0,0.0,0.3225836082923744,0.3640503212282939,1.1333,5.09426,23.5395,23.11354,69.65816666666667,75.36024,0.0320734886717881,0.0194627014758642,0.0012059138821561,0.0007235483292937,0.2288779765068894,0.1373267859041336,0.0186162191948112,0.4410153866100064
2025,Abbottabad,40,2.6714,21.4087,58.7859,1611498.0,1256.0,0.0,1967.0,0.75,3.0,1035.0,9.0,0.1072280691064263,0.0,0.0039321274809058,0.0186162191948112,6.422595622209895,0.0558486575844338,1.2410812796540858,5.7462063247984165,0.0744648767792451,0.4714,1.8571,23.77,23.2765,57.4104,71.7492,0.0023610071676471,0.0938594588477172,0.0036177416464685,0.0,0.0,0.3225836082923744,1.6666333333333334,2.47712,22.8184,22.81592,62.648500000000006,70.11618,0.0678161783739302,0.0407150474296816,0.0025166230424581,0.0015099738254748,0.1075278694307914,0.1373267859041336,1.2410812796540858,0.07180803098719046
2025,Abbottabad,41,7.3714,16.3718,65.1618,1611498.0,1256.0,0.0,1967.0,0.75,200.0,926.0,12.0,0.0046094953713574,0.3663228296543437,0.0049394376200822,1.2410812796540858,5.7462063247984165,0.0744648767792451,0.0124108127965408,4.517535857940873,0.4033514158875779,2.6714,0.4714,21.4087,23.77,58.7859,57.4104,0.1072280691064263,0.0023610071676471,0.0039321274809058,0.0036177416464685,0.0,0.0,3.5047333333333337,2.68854,20.51683333333333,21.6798,60.45269999999999,66.58444,0.0380661905484769,0.0416116060986296,0.0041631022491521,0.0024978613494913,0.1221076098847812,0.2105913518350023,0.0124108127965408,0.7438853355885229
2025,Abbottabad,42,0.0,19.3301,58.2832,1611498.0,1256.0,0.0,1967.0,0.75,2.0,728.0,65.0,0.0,0.3166883863056231,0.0,0.0124108127965408,4.517535857940873,0.4033514158875779,1.632021882745123,5.100844059378293,0.2544216623290876,7.3714,2.6714,16.3718,21.4087,65.1618,58.7859,0.0046094953713574,0.1072280691064263,0.0049394376200822,0.0039321274809058,0.3663228296543437,0.0,3.3476,2.47426,19.03686666666667,20.83142,60.74363333333333,62.2781,0.0372791881592612,0.0416116060986296,0.002957188366996,0.0024978613494913,0.2276704053199889,0.2011189648504682,1.632021882745123,-0.01594320808549643
2025,Abbottabad,43,0.0286,18.4801,45.8736,1611498.0,1256.0,0.0,1967.0,0.75,263.0,822.0,41.0,0.1091490682436972,0.3331478819526016,0.0,1.632021882745123,5.100844059378293,0.2544216623290876,0.0124108127965408,4.449276387559897,0.0682594703809747,0.0,7.3714,19.3301,16.3718,58.2832,65.1618,0.0,0.0046094953713574,0.0,0.0049394376200822,0.3166883863056231,0.3663228296543437,2.466666666666667,2.10856,18.060666666666663,19.87214,56.43953333333334,57.10298,0.0379195212050182,0.0446695279778256,0.001646479206694,0.0024978613494913,0.3387196993041894,0.2032318195825136,0.0124108127965408,0.8390907428325862
2024,Badin,37,1.2385,28.6327,75.2012,1947081.0,9.0,1.0,6726.0,0.35,7701.0,3929.0,68.0,0.4397175689130839,0.1879656511798386,0.335829326895986,39.55151326524166,20.1789242460894,0.3492407352339219,32.73104714184977,16.311596692690237,0.4211432395467882,2.3,26.7,28.4877,28.0245,78.572,81.7304,0.3796069662401008,0.5077115886564256,0.3022546533240327,0.3366670309929043,0.0,0.0,10.0795,7.010560000000001,28.381633333333337,29.07452,78.5012,75.96986000000001,0.4423453746032034,0.48700277062044,0.324917003737641,0.2706540873085007,0.0626552170599462,0.0375931302359677,32.73104714184977,32.6365612380589
2024,Badin,38,0.0,29.4948,69.5094,1947081.0,9.0,1.0,6726.0,0.35,6373.0,3176.0,82.0,0.3118925731239874,0.0,0.3171638784377656,32.73104714184977,16.311596692690237,0.4211432395467882,30.73318470058513,13.569029742470908,0.5341328891812924,1.2385,2.3,28.6327,28.4877,75.2012,78.572,0.4397175689130839,0.3796069662401008,0.335829326895986,0.3022546533240327,0.1879656511798386,0.0,1.1795,6.57056,28.87173333333333,29.00916,74.42753333333333,74.98178,0.377072369425724,0.4084416503612756,0.318415952885928,0.3340868629960539,0.0626552170599462,0.0375931302359677,30.73318470058513,32.103068311036
2024,Badin,39,0.0286,30.3544,68.591,1947081.0,9.0,1.0,6726.0,0.35,5984.0,2642.0,104.0,0.2553035481265147,0.3059793801583282,0.2341001039565633,30.73318470058513,13.569029742470908,0.5341328891812924,17.143611385453404,11.935815715935805,0.3646484147295361,0.0,1.2385,29.4948,28.6327,69.5094,75.2012,0.3118925731239874,0.4397175689130839,0.3171638784377656,0.335829326895986,0.0,0.1879656511798386,0.4223666666666666,6.05342,29.493966666666665,28.99882,71.10053333333333,74.7208,0.3356378967211953,0.3788464490120224,0.2956977697634382,0.3052029987214503,0.1646483437793889,0.0987890062676333,17.143611385453404,29.37149337757088
2024,Badin,40,0.0,29.873,68.1367,1947081.0,9.0,1.0,6726.0,0.35,3338.0,2324.0,71.0,0.3453622230134107,0.1266105713273677,0.2326128029477312,17.143611385453404,11.935815715935805,0.3646484147295361,21.591294866520705,11.761195348318845,0.4211432395467882,0.0286,0.0,30.3544,29.4948,68.591,69.5094,0.2553035481265147,0.3118925731239874,0.2341001039565633,0.3171638784377656,0.3059793801583282,0.0,0.0095333333333333,0.7134199999999999,29.9074,29.36852,68.7457,72.00206,0.3041861147546376,0.3463765758834195,0.2612922617806867,0.2843921531124157,0.1441966504952319,0.1241111205331069,21.591294866520705,17.920048575574206
2024,Badin,41,0.0,30.4195,51.2197,1947081.0,9.0,1.0,6726.0,0.35,4204.0,2290.0,82.0,0.2347497551998578,0.282986433644777,0.2088637387382822,21.591294866520705,11.761195348318845,0.4211432395467882,22.505483849927145,12.870548272003065,0.4519585985380166,0.0,0.0286,29.873,30.3544,68.1367,68.591,0.3453622230134107,0.2553035481265147,0.2326128029477312,0.2341001039565633,0.1266105713273677,0.3059793801583282,0.0095333333333333,0.25342,30.215633333333333,29.75488,62.64913333333334,66.5316,0.278471842113261,0.3174051336753709,0.2251922152141922,0.2657139701952656,0.2385254617101576,0.1807084072620623,22.505483849927145,21.179924111220018
2024,Badin,42,0.0571,30.3439,58.358,1947081.0,9.0,1.0,6726.0,0.35,4382.0,2506.0,88.0,0.2448427150363233,0.0,0.1915554553601244,22.505483849927145,12.870548272003065,0.4519585985380166,17.251465141922704,9.96876863366239,0.5854918208333397,0.0,0.0,30.4195,29.873,51.2197,68.1367,0.2347497551998578,0.3453622230134107,0.2088637387382822,0.2326128029477312,0.282986433644777,0.1266105713273677,0.0190333333333333,0.01714,30.212133333333338,30.09712,59.23813333333334,63.16296,0.2749848977498639,0.2784301629000187,0.2110106656820459,0.2368591958880933,0.1365323349907149,0.1431152770260945,17.251465141922704,22.1731297376465
2024,Badin,43,0.0,29.6987,51.6898,1947081.0,9.0,1.0,6726.0,0.35,3359.0,1941.0,114.0,0.269549096606933,0.2437285207696646,0.1933898937791005,17.251465141922704,9.96876863366239,0.5854918208333397,15.346048777631747,10.266650437244264,0.2054357266081893,0.0571,0.0,30.3439,30.4195,58.358,51.2197,0.2448427150363233,0.2347497551998578,0.1915554553601244,0.2088637387382822,0.0,0.282986433644777,0.0190333333333333,0.01714,30.15403333333333,30.1379,53.75583333333333,59.59904,0.2497138556143713,0.2699614675966079,0.1979363626258357,0.2121043989563603,0.1755716514714805,0.1918609811800275,15.346048777631747,16.899264597057538
2024,Badin,44,0.0,27.9094,55.6604,1947081.0,9.0,1.0,6726.0,0.35,2988.0,1999.0,40.0,0.1563347455849658,0.232252580038881,0.1386675615587902,15.346048777631747,10.266650437244264,0.2054357266081893,12.739956858289975,13.90855002334895,0.2566322244835391,0.0,0.0571,29.6987,30.3439,51.6898,58.358,0.269549096606933,0.2448427150363233,0.1933898937791005,0.1915554553601244,0.2437285207696646,0.0,0.0190333333333333,0.01142,29.31733333333333,29.648900000000005,55.236066666666666,57.01292,0.223575519076074,0.2501677070882981,0.1745376368993383,0.1930178904768057,0.1586603669361818,0.177115621156138,12.739956858289975,16.21233199194461
2025,Badin,37,16.7857,27.2097,82.9644,2182111.0,9.0,1.0,6726.0,0.35,5702.0,3222.0,202.0,0.36620672031269,0.2266938474745364,0.0,26.1306597143775,14.765518344392197,0.9257090954584803,29.242325436240414,15.819543552092446,0.7515658002732216,3.6429,16.9143,29.2401,29.1689,74.8412,83.393,0.0,0.4124311076670328,0.0,0.3776720585067853,0.0,0.0,12.447633333333334,7.77714,28.53956666666667,29.0824,80.39953333333334,76.58524,0.2595459426599076,0.394181340743149,0.1258906861689284,0.3162649838737464,0.0755646158248454,0.0808952448592001,29.242325436240414,28.72997844263006
2025,Badin,38,0.0429,28.3002,76.7926,2182111.0,9.0,1.0,6726.0,0.35,6381.0,3452.0,164.0,0.2645034045841233,0.084115666028801,0.2582382820063673,29.242325436240414,15.819543552092446,0.7515658002732216,25.599064392233025,12.497072788689485,0.5453434770275206,16.7857,3.6429,27.2097,29.2401,82.9644,74.8412,0.36620672031269,0.0,0.0,0.0,0.2266938474745364,0.0,6.823833333333333,7.771440000000001,28.25,28.80924,78.1994,77.89959999999999,0.2102367082989378,0.2984309893123116,0.0860794273354557,0.2327744692228656,0.1036031711677791,0.0621619027006674,25.599064392233025,30.19812657277641
2025,Badin,39,0.0143,28.73,71.7396,2182111.0,9.0,1.0,6726.0,0.35,5586.0,2727.0,119.0,0.1962580129945419,0.0,0.1781014068788541,25.599064392233025,12.497072788689485,0.5453434770275206,19.829422059647744,10.78771886489734,1.154845010175926,0.0429,16.7857,28.3002,27.2097,76.7926,82.9644,0.2645034045841233,0.36620672031269,0.2582382820063673,0.0,0.084115666028801,0.2266938474745364,5.6143,7.480020000000001,28.079966666666667,28.52978,77.16553333333333,77.94615999999999,0.2756560459637851,0.2478798491116776,0.1454465629617404,0.1628023494784013,0.1036031711677791,0.0621619027006674,19.829422059647744,25.140352129450857
2025,Badin,40,3.6857,28.435,78.2997,2182111.0,9.0,1.0,6726.0,0.35,4327.0,2354.0,252.0,0.2744305737194578,0.2684140945008034,0.1758560141940895,19.829422059647744,10.78771886489734,1.154845010175926,23.587251061013852,11.103926427207416,0.4353582379631466,0.0143,0.0429,28.73,28.3002,71.7396,76.7926,0.1962580129945419,0.2645034045841233,0.1781014068788541,0.2582382820063673,0.0,0.084115666028801,1.2476333333333334,4.8343,28.4884,28.383,75.61063333333333,76.9275,0.2450639970993743,0.2202797423221626,0.2040652343597702,0.1224391406158621,0.1175099201765347,0.1158447216008281,23.587251061013852,19.57753016800867
2025,Badin,41,0.0286,26.5356,64.0312,2182111.0,9.0,1.0,6726.0,0.35,5147.0,2423.0,95.0,0.2080722162607378,0.2899907485073647,0.183269475510027,23.587251061013852,11.103926427207416,0.4353582379631466,21.969551503108686,10.572331105062942,0.6919904624466857,3.6857,0.0143,28.435,28.73,78.2997,71.7396,0.2744305737194578,0.1962580129945419,0.1758560141940895,0.1781014068788541,0.2684140945008034,0.0,1.2428666666666668,4.11144,27.9002,27.8421,71.35683333333333,74.7655,0.2262536009915792,0.2618941855743101,0.1790756321943235,0.1590930357178675,0.1861349476693893,0.173842871302301,21.969551503108686,22.912843049082802
2025,Badin,42,0.0,26.5362,47.6033,2182111.0,9.0,1.0,6726.0,0.35,4794.0,2307.0,151.0,0.2875073975305773,0.2606226461102581,0.1912827763423195,21.969551503108686,10.572331105062942,0.6919904624466857,23.967616679444813,9.843678896261466,0.7561485185675706,0.0286,3.6857,26.5356,28.435,64.0312,78.2997,0.2080722162607378,0.2744305737194578,0.183269475510027,0.1758560141940895,0.2899907485073647,0.2684140945008034,1.2381,0.7543,27.16893333333333,27.7074,63.3114,67.69328,0.256670062503591,0.2461543210178876,0.1834694220154786,0.1973495909863314,0.2730091630394753,0.1806286310294454,23.967616679444813,21.659917906070483
2025,Badin,43,0.0,27.0782,42.243,2182111.0,9.0,1.0,6726.0,0.35,5230.0,2148.0,165.0,0.2123022797236527,0.2330016359707867,0.183951052683495,23.967616679444813,9.843678896261466,0.7561485185675706,15.553745891020208,8.821732716621657,0.577422505087963,0.0,0.0286,26.5362,26.5356,47.6033,64.0312,0.2875073975305773,0.2080722162607378,0.1912827763423195,0.183269475510027,0.2606226461102581,0.2899907485073647,0.0095333333333333,0.74572,26.716666666666665,27.463,51.2925,60.78336,0.2359606311716559,0.2357140960457935,0.1861677681786138,0.182492145121757,0.2612050101961365,0.2104058250178425,15.553745891020208,21.32967538128883
2025,Bajaur,37,0.2429,24.0655,65.3823,1321356.0,900.0,0.0,1290.0,0.2,53.0,736.0,4.0,0.0,0.2219763582743239,0.0,0.401103109230215,5.570035630064873,0.0302719327720916,3.223960840227766,5.259748319150932,0.0378399159651146,2.6286,2.0714,22.3967,22.7336,71.6065,72.6607,0.1361993848629705,0.0,0.0054393571235726,0.0,0.262538599490046,0.258659064239468,1.6476333333333333,2.56,23.06526666666667,23.61172,69.88316666666667,72.37992,0.0453997949543235,0.0331457128373489,0.0018131190411908,0.0010878714247145,0.2477246740012793,0.2045257024918516,3.223960840227766,0.6499957289143818
2025,Bajaur,38,1.0429,22.8006,59.1479,1321356.0,900.0,0.0,1290.0,0.2,426.0,695.0,5.0,0.0137901615452067,0.1932897635594327,0.0,3.223960840227766,5.259748319150932,0.0378399159651146,3.6477678990370497,4.692149579674213,0.0075679831930229,0.2429,2.6286,24.0655,22.3967,65.3823,71.6065,0.0,0.1361993848629705,0.0,0.0054393571235726,0.2219763582743239,0.262538599490046,1.3048,2.59144,23.0876,23.21362,65.3789,70.23192,0.0499965154693924,0.0359037451463903,0.0018131190411908,0.0010878714247145,0.2259349071079341,0.2431836552037381,3.6477678990370497,2.336038901235911
2025,Bajaur,39,0.0286,22.7732,46.9179,1321356.0,900.0,0.0,1290.0,0.2,482.0,620.0,1.0,0.0,0.2563553234397718,0.0,3.6477678990370497,4.692149579674213,0.0075679831930229,2.580682268820817,4.245638571285861,0.0227039495790687,1.0429,0.2429,22.8006,24.0655,59.1479,65.3823,0.0137901615452067,0.0,0.0,0.0,0.1932897635594327,0.2219763582743239,0.4381333333333333,1.20288,23.2131,22.95392,57.14936666666667,63.143060000000006,0.0045967205150689,0.0299979092816354,0.0,0.0010878714247145,0.2238738150911761,0.2385638218006084,2.580682268820817,2.345915458973524
2025,Bajaur,40,1.7143,19.9884,52.1313,1321356.0,900.0,0.0,1290.0,0.2,341.0,561.0,3.0,0.0190382584312023,0.2463425467234845,0.0,2.580682268820817,4.245638571285861,0.0227039495790687,2.1568752100115334,4.238070588092838,0.0227039495790687,0.0286,1.0429,22.7732,22.8006,46.9179,59.1479,0.0,0.0137901615452067,0.0,0.0,0.2563553234397718,0.1932897635594327,0.9286,1.13146,21.854066666666668,22.40488,52.73236666666668,59.03718,0.010942806658803,0.0338055609678759,0.0,0.0010878714247145,0.2319958779075629,0.2361005182974117,2.1568752100115334,1.8293864364513786
2025,Bajaur,41,0.5714,15.8226,52.2083,1321356.0,900.0,0.0,1290.0,0.2,285.0,560.0,3.0,0.0,0.2327465655389753,0.0,2.1568752100115334,4.238070588092838,0.0227039495790687,1.710364201623181,4.790533361183512,0.098383781509298,1.7143,0.0286,19.9884,22.7732,52.1313,46.9179,0.0190382584312023,0.0,0.0,0.0,0.2463425467234845,0.2563553234397718,0.7714333333333333,0.72002,19.528066666666664,21.09006,50.41916666666668,55.15754,0.006346086143734,0.0065656839952818,0.0,0.0,0.2451481452340772,0.2301421115071976,1.710364201623181,1.3775516099748195
2025,Bajaur,42,0.0,18.4824,42.9558,1321356.0,900.0,0.0,1290.0,0.2,226.0,633.0,13.0,0.2641638768740473,0.2236950276806728,0.0,1.710364201623181,4.790533361183512,0.098383781509298,1.9525396637999144,5.766803193083469,0.0832478151232521,0.5714,1.7143,15.8226,19.9884,52.2083,52.1313,0.0,0.0190382584312023,0.0,0.0,0.2327465655389753,0.2463425467234845,0.7618999999999999,0.6714399999999999,18.0978,19.97344,49.098466666666674,50.67224,0.0944007117684165,0.0593984593700912,0.0,0.0,0.2342613799810442,0.2304858453884674,1.9525396637999144,1.2078809256242948
2025,Bajaur,43,0.0,17.272,38.9789,1321356.0,900.0,0.0,1290.0,0.2,258.0,762.0,11.0,0.2899933979755199,0.2071487768935933,0.1072807885306171,1.9525396637999144,5.766803193083469,0.0832478151232521,2.2703949579068774,5.819779075434629,0.0908157983162751,0.0,0.5714,18.4824,15.8226,42.9558,52.2083,0.2641638768740473,0.0,0.0,0.0,0.2236950276806728,0.2327465655389753,0.1904666666666666,0.4628599999999999,17.19233333333333,18.86772,44.71433333333334,46.63844,0.1847190916165223,0.1146391066561538,0.035760262843539,0.0214561577061234,0.2211967900377471,0.2332576480552995,2.2703949579068774,1.25312079517502
2024,Bannu,37,2.9154,28.5396,71.7237,1357890.0,312.0,1.0,1227.0,0.2,1411.0,663.0,100.0,0.4453762848713258,0.0,0.5426860534254119,10.391121519416153,4.882575171773855,0.7364366774922858,13.778730235880667,6.443820928057501,0.2724815706721457,6.3571,3.6889,28.2235,28.4147,75.4092,73.1792,0.5539395377507209,0.426642088499618,0.5297101805030517,0.1882910986709969,0.2052891162324758,0.0,4.320466666666667,5.77228,28.3926,28.66416,73.43736666666666,74.91384,0.4753193037072216,0.4267526139905351,0.4202291108664868,0.3745142539911033,0.0684297054108252,0.0410578232464951,13.778730235880667,11.483003212504133
2024,Bannu,38,0.0,29.9782,50.7282,1357890.0,312.0,1.0,1227.0,0.2,1871.0,875.0,37.0,0.4296935247319851,0.192180196252306,0.3832286884855147,13.778730235880667,6.443820928057501,0.2724815706721457,13.506248665208522,6.230254291584738,0.2430241035724543,2.9154,6.3571,28.5396,28.2235,71.7237,75.4092,0.4453762848713258,0.5539395377507209,0.5426860534254119,0.5297101805030517,0.0,0.2052891162324758,3.090833333333334,3.58656,28.913766666666664,28.7825,65.9537,69.5039,0.4763364491180106,0.4130327699706103,0.4852083074713261,0.3643555667071718,0.1324897708282606,0.0794938624969563,13.506248665208522,13.442372272801954
2024,Bannu,39,1.6286,29.9428,60.3322,1357890.0,312.0,1.0,1227.0,0.2,1834.0,846.0,33.0,0.4486167074084121,0.1886942503703613,0.3887754730049944,13.506248665208522,6.230254291584738,0.2430241035724543,11.120193830133516,5.700019883790292,0.0147287335498457,0.0,2.9154,29.9782,28.5396,50.7282,71.7237,0.4296935247319851,0.4453762848713258,0.3832286884855147,0.5426860534254119,0.192180196252306,0.0,1.5146666666666675,2.918,29.486866666666668,29.01976,60.92803333333333,66.2745,0.4412288390039076,0.4608536286524123,0.4382300716386402,0.4065382988179939,0.1269581488742224,0.1172327125710286,11.120193830133516,12.740806281691704
2024,Bannu,40,0.3125,28.6662,49.6141,1357890.0,312.0,1.0,1227.0,0.2,1510.0,774.0,2.0,0.4713126477591098,0.164325184512247,0.4116579308256002,11.120193830133516,5.700019883790292,0.0147287335498457,13.454698097784062,6.370177260308273,0.2209310032476857,1.6286,0.0,29.9428,29.9782,60.3322,50.7282,0.4486167074084121,0.4296935247319851,0.3887754730049944,0.3832286884855147,0.1886942503703613,0.192180196252306,0.6470333333333339,2.2427200000000003,29.529066666666665,29.07006,53.558166666666665,61.56148,0.4498742932998356,0.4697877405043106,0.3945540307720364,0.4512116652489146,0.1817332103783047,0.150097749473478,13.454698097784062,9.9430140889406
2024,Bannu,41,0.3571,26.5089,41.3641,1357890.0,312.0,1.0,1227.0,0.2,1827.0,865.0,30.0,0.0,0.1812962569942786,0.0,13.454698097784062,6.370177260308273,0.2209310032476857,13.071751025488076,5.368623378918764,0.0073643667749228,0.3125,1.6286,28.6662,29.9428,49.6141,60.3322,0.4713126477591098,0.4486167074084121,0.4116579308256002,0.3887754730049944,0.164325184512247,0.1886942503703613,0.7660666666666672,1.04272,28.37263333333333,28.72714,50.436800000000005,54.75246,0.3066431183891739,0.3589998329541665,0.2668111346101982,0.3452696291483043,0.178105230625629,0.1452991776258386,13.071751025488076,12.846756176620428
2024,Bannu,42,0.0,26.6743,39.8176,1357890.0,312.0,1.0,1227.0,0.2,1775.0,729.0,1.0,0.4611313944046138,0.1654404222402241,0.0,13.071751025488076,5.368623378918764,0.0073643667749228,11.82717304052611,4.904668272098624,0.1693804358232257,0.3571,0.3125,26.5089,28.6662,41.3641,49.6141,0.0,0.4713126477591098,0.0,0.4116579308256002,0.1812962569942786,0.164325184512247,0.2232000000000006,0.45964,27.283133333333332,28.35408,43.5986,48.37124,0.3108146807212412,0.3621508548608241,0.1372193102752,0.2367324184632218,0.1703539545822499,0.1783872620738834,11.82717304052611,12.378849909893017
2024,Bannu,43,0.2857,25.824,49.6044,1357890.0,312.0,1.0,1227.0,0.2,1606.0,666.0,23.0,0.4740292659394476,0.1779075188897502,0.4200648873936571,11.82717304052611,4.904668272098624,0.1693804358232257,9.66204920869879,4.263968362680335,0.10310113484892,0.0,0.3571,26.6743,26.5089,39.8176,41.3641,0.4611313944046138,0.0,0.0,0.0,0.1654404222402241,0.1812962569942786,0.2142666666666672,0.51678,26.335733333333334,27.52324,43.595366666666656,48.14648,0.3117202201146871,0.3710180031023166,0.140021629131219,0.2440996582448503,0.1748813993747509,0.1755327266013722,9.66204920869879,11.053320868987235
2024,Bannu,44,0.0,23.4883,62.0385,1357890.0,312.0,1.0,1227.0,0.2,1312.0,579.0,14.0,0.4619175033963135,0.1334027482413224,0.4156544518403579,9.66204920869879,4.263968362680335,0.10310113484892,0.0,9.63272318998367,0.0,0.2857,0.0,25.824,26.6743,49.6044,39.8176,0.4740292659394476,0.4611313944046138,0.4200648873936571,0.0,0.1779075188897502,0.1654404222402241,0.0952333333333339,0.19106,25.328866666666663,26.23234,50.48683333333333,48.48774,0.4656927212467916,0.3736781622998969,0.278573113078005,0.249475454011923,0.1589168964570989,0.1644744261755644,0.0,9.210838564476218
2025,Bannu,37,0.1,31.0973,58.966,1410816.0,312.0,1.0,1227.0,0.2,3.0,970.0,8.0,0.34917742311791,0.169258185140673,0.3045580647670409,0.0212642896026129,6.875453638178189,0.0567047722736345,9.512225548902196,6.684075031754672,0.6804572672836147,4.5429,14.8286,29.0871,29.3788,65.0313,71.3118,0.4482745209883586,0.5112223714568173,0.3157000517026017,0.437312860476904,0.1870287282202462,0.1569141997098904,6.490500000000001,4.78002,29.8544,30.948519999999995,65.10303333333333,62.59478,0.4362247718543619,0.4689180173116711,0.3525236589821822,0.4248480623894108,0.1710670376902698,0.1352467235763041,9.512225548902196,3.1404412315271126
2025,Bannu,38,1.4857,31.0229,54.9392,1410816.0,312.0,1.0,1227.0,0.2,1342.0,943.0,96.0,0.427383765364147,0.166470578220964,0.3108539415654076,9.512225548902196,6.684075031754672,0.6804572672836147,12.170261749228814,7.357444202504082,0.489078660860098,0.1,4.5429,31.0973,29.0871,58.966,65.0313,0.34917742311791,0.4482745209883586,0.3045580647670409,0.3157000517026017,0.169258185140673,0.1870287282202462,2.0428666666666677,4.63144,30.40243333333333,30.65168,59.6455,61.93652,0.4082785698234719,0.4446874453480501,0.3103706860116833,0.3614614910014895,0.174252497193961,0.1685408392204969,12.170261749228814,10.008457606177384
2025,Bannu,39,0.2143,29.8806,50.9607,1410816.0,312.0,1.0,1227.0,0.2,1717.0,1038.0,69.0,0.4692986604618709,0.1650078280814466,0.3850330596475975,12.170261749228814,7.357444202504082,0.489078660860098,10.185594719651606,6.960510796588641,0.0354404826710215,1.4857,0.1,31.0229,31.0973,54.9392,58.966,0.427383765364147,0.34917742311791,0.3108539415654076,0.3045580647670409,0.166470578220964,0.169258185140673,0.6000000000000006,4.2343,30.666933333333336,30.09334,54.9553,60.2418,0.4152866163146427,0.4410713482778208,0.3334816886600153,0.3506915956319103,0.1669121971476945,0.168935903874644,10.185594719651606,11.873755616335302
2025,Bannu,40,3.0714,27.672,55.1417,1410816.0,312.0,1.0,1227.0,0.2,1437.0,982.0,5.0,0.5095235691510398,0.1547269013513432,0.415436258549759,10.185594719651606,6.960510796588641,0.0354404826710215,12.397080838323353,6.2375249500998,0.5812239158047541,0.2143,1.4857,29.8806,31.0229,50.9607,54.9392,0.4692986604618709,0.427383765364147,0.3850330596475975,0.3108539415654076,0.1650078280814466,0.166470578220964,1.5904666666666671,1.88286,29.525166666666667,29.751980000000003,53.68053333333333,57.00778,0.4687353316590193,0.4407315878166652,0.370441086587588,0.3463162752464813,0.1620684358845846,0.1684984442029345,12.397080838323353,10.307266992951547
2025,Bannu,41,0.2857,22.2285,54.7774,1410816.0,312.0,1.0,1227.0,0.2,1749.0,880.0,82.0,0.2172764154364594,0.1540475755363601,0.2104988036701615,12.397080838323353,6.2375249500998,0.5812239158047541,11.709535474505534,6.053234440210488,0.1842905098893123,3.0714,0.2143,27.672,29.8806,55.1417,50.9607,0.5095235691510398,0.4692986604618709,0.415436258549759,0.3850330596475975,0.1547269013513432,0.1650078280814466,1.1904666666666672,1.0314199999999998,26.5937,28.38026,53.6266,54.95700000000001,0.3986995483497901,0.3945319667062854,0.3369893739558393,0.3252760256399932,0.1579274349897166,0.1619022136661573,11.709535474505534,12.029761780742884
2025,Bannu,42,0.0,24.6952,51.6019,1410816.0,312.0,1.0,1227.0,0.2,1652.0,854.0,26.0,0.5312842652788552,0.1417838453996958,0.1942366706041783,11.709535474505534,6.053234440210488,0.1842905098893123,10.426590001814551,6.719515514425694,0.0425285792052259,0.2857,3.0714,22.2285,27.672,54.7774,55.1417,0.2172764154364594,0.5095235691510398,0.2104988036701615,0.415436258549759,0.1540475755363601,0.1547269013513432,1.119033333333334,1.0114199999999998,24.865233333333336,27.09984,53.84033333333333,53.48418,0.4193614166221182,0.4309533351384744,0.2733905776080329,0.3032117468074208,0.150186107429133,0.1564073457179619,10.426590001814551,10.849890372127605
2025,Bannu,43,0.0,23.4797,46.3627,1410816.0,312.0,1.0,1227.0,0.2,1471.0,948.0,6.0,0.6275860475420906,0.1231788490062474,0.6186438719796876,10.426590001814551,6.719515514425694,0.0425285792052259,8.278896751950644,6.244613046634005,0.666281074215206,0.0,0.2857,24.6952,22.2285,51.6019,54.7774,0.5312842652788552,0.2172764154364594,0.1942366706041783,0.2104988036701615,0.1417838453996958,0.1540475755363601,0.0952333333333339,0.7142799999999997,23.4678,25.5912,50.91400000000001,51.76888,0.4587155760858017,0.4709937915740632,0.3411264487513425,0.3647697328902767,0.1396700899807677,0.1477489998750186,8.278896751950644,10.36455468256413
2024,Barkhan,37,1.8308,26.4871,71.5928,210249.0,1100.0,0.0,3514.0,0.2,79.0,81.0,40.0,0.0959295198630074,0.2186048862283627,0.0840651611060225,3.7574495003543418,3.852574804160781,1.9025060761287804,3.852574804160781,5.041641101741268,0.0475626519032195,2.9286,4.9111,25.7467,25.5323,81.8345,78.8689,0.2112136003772591,0.0987973978628374,0.090794937268918,0.0536944224950506,0.1698022134718314,0.0,3.2235,3.8598,25.92203333333333,25.98798,77.43206666666667,80.11731999999999,0.1353135060343679,0.1304712102672892,0.076184840289997,0.0719143704699026,0.129469033233398,0.1351014568824429,3.852574804160781,4.272325021135904
2024,Barkhan,38,0.0,28.5253,54.2244,210249.0,1100.0,0.0,3514.0,0.2,81.0,106.0,1.0,0.1523708978622461,0.1993558915352489,0.0781174929332105,3.852574804160781,5.041641101741268,0.0475626519032195,5.231891709354147,6.991709829773269,0.095125303806439,1.8308,2.9286,26.4871,25.7467,71.5928,81.8345,0.0959295198630074,0.2112136003772591,0.0840651611060225,0.090794937268918,0.2186048862283627,0.1698022134718314,1.5864666666666665,2.46552,26.9197,26.38608,69.21723333333334,74.30879999999999,0.1531713393675041,0.1249707459685362,0.0843258637693836,0.0726342228358815,0.1959209970784809,0.1411997799815748,5.231891709354147,3.8793908324208086
2024,Barkhan,39,0.7,29.5822,51.4597,210249.0,1100.0,0.0,3514.0,0.2,110.0,147.0,2.0,0.115809467968515,0.1917928587830981,0.0943147578845229,5.231891709354147,6.991709829773269,0.095125303806439,2.615945854677073,9.179591817321366,0.0475626519032195,0.0,1.8308,28.5253,26.4871,54.2244,71.5928,0.1523708978622461,0.0959295198630074,0.0781174929332105,0.0840651611060225,0.1993558915352489,0.2186048862283627,0.8436,2.0741,28.1982,27.17472,59.0923,67.59606,0.1213699618979228,0.134824176786773,0.0854991373079186,0.0801973543375449,0.2032512121822366,0.1559111700037082,2.615945854677073,4.463088752348443
2024,Barkhan,40,2.025,27.2898,48.3228,210249.0,1100.0,0.0,3514.0,0.2,55.0,193.0,1.0,0.2281280679511946,0.1790811857929766,0.0974903244378851,2.615945854677073,9.179591817321366,0.0475626519032195,4.803827842225172,6.944147177870049,0.0,0.7,0.0,29.5822,28.5253,51.4597,54.2244,0.115809467968515,0.1523708978622461,0.0943147578845229,0.0781174929332105,0.1917928587830981,0.1993558915352489,0.9083333333333332,1.49688,28.465766666666667,27.52622,51.33563333333333,61.48684000000001,0.1654361445939852,0.1606903108044444,0.0899741917518728,0.0889565347261118,0.1900766453704412,0.1917274071623035,4.803827842225172,3.1871055165657354
2024,Barkhan,41,1.0571,23.5524,52.9088,210249.0,1100.0,0.0,3514.0,0.2,101.0,146.0,0.0,0.1781260321109726,0.1561993245373797,0.1381107846544698,4.803827842225172,6.944147177870049,0.0,2.425695247064195,5.327017013160586,0.0,2.025,0.7,27.2898,29.5822,48.3228,51.4597,0.2281280679511946,0.115809467968515,0.0974903244378851,0.0943147578845229,0.1790811857929766,0.1917928587830981,1.2607,1.12258,26.80813333333333,27.08736,50.8971,55.7017,0.1740211893435607,0.1540727971511871,0.1099719556589592,0.0984197042032221,0.1756911230378181,0.1890068293754132,2.425695247064195,4.2397775758832905
2024,Barkhan,42,0.0,25.5479,33.7151,210249.0,1100.0,0.0,3514.0,0.2,51.0,112.0,0.0,0.1437196982138562,0.1661668349618969,0.1223057725388856,2.425695247064195,5.327017013160586,0.0,6.088019443612098,3.0915723737092686,0.285375911419317,1.0571,2.025,23.5524,27.2898,52.9088,48.3228,0.1781260321109726,0.2281280679511946,0.1381107846544698,0.0974903244378851,0.1561993245373797,0.1790811857929766,1.0273666666666663,0.75642,25.463366666666666,26.899520000000003,44.98223333333333,48.12616,0.1833245994253411,0.1636308328213569,0.1193022938770801,0.1060678264897947,0.1671491150974177,0.17851921912212,6.088019443612098,3.387672001564637
2024,Barkhan,43,0.0,25.8482,32.8212,210249.0,1100.0,0.0,3514.0,0.2,128.0,65.0,6.0,0.2033315435976322,0.1528965072343221,0.1346802780694005,6.088019443612098,3.0915723737092686,0.285375911419317,3.424510937031805,2.330569943257756,0.1426879557096585,0.0,1.0571,25.5479,23.5524,33.7151,52.9088,0.1437196982138562,0.1781260321109726,0.1223057725388856,0.1381107846544698,0.1661668349618969,0.1561993245373797,0.3523666666666666,0.75642,24.98283333333333,26.3641,39.81503333333333,43.84552,0.1750590913074869,0.1738229619684341,0.1316989450875853,0.1173803835170328,0.1584208889111995,0.1692273422619346,3.424510937031805,4.573416271239294
2024,Barkhan,44,0.0,23.9107,45.5511,210249.0,1100.0,0.0,3514.0,0.2,72.0,49.0,3.0,0.1542807074177407,0.1428372096332867,0.1418218882009673,3.424510937031805,2.330569943257756,0.1426879557096585,2.5154068670607472,3.579617464663371,1.1125838065845612,0.0,0.0,25.8482,25.5479,32.8212,33.7151,0.2033315435976322,0.1437196982138562,0.1346802780694005,0.1223057725388856,0.1528965072343221,0.1661668349618969,0.0,0.61642,25.102266666666665,25.2298,37.36246666666667,42.6638,0.1671106497430763,0.1815172098582792,0.1329359796030844,0.1268818095803216,0.1539668506098352,0.1594362124319724,2.5154068670607472,4.016843419539283
2025,Barkhan,37,0.3714,27.2851,65.0878,206726.0,1100.0,0.0,3514.0,0.2,112.0,82.0,20.0,0.151863387795571,0.1378656862447469,0.138233826916674,5.417799405976994,3.96660313651887,0.967464179638749,5.756411868850556,4.788947689211807,1.3544498514942485,1.0857,4.7,27.1572,28.3458,68.5679,68.3198,0.2065411061251529,0.1444126129780465,0.1137524438853608,0.123322122780261,0.0,0.0547657477357119,2.052366666666667,1.4914200000000002,27.59603333333333,28.69262,67.32516666666666,62.97986000000001,0.1676057022995901,0.1708110025307784,0.1251027978607652,0.1258574412863114,0.0642104779934862,0.0719337041225374,5.756411868850556,4.860333877681363
2025,Barkhan,38,0.1,28.8164,55.0045,206726.0,1100.0,0.0,3514.0,0.2,119.0,99.0,28.0,0.1909374277968698,0.1543332530215907,0.1281897019454787,5.756411868850556,4.788947689211807,1.3544498514942485,7.110861720344804,3.1442585838259336,1.209330224548436,0.3714,1.0857,27.2851,27.1572,65.0878,68.5679,0.151863387795571,0.2065411061251529,0.138233826916674,0.1137524438853608,0.1378656862447469,0.0,0.5190333333333333,1.45714,27.7529,28.27632,62.88673333333333,63.47456,0.1831139739058645,0.1811077394551591,0.1267253242491711,0.1249497065139877,0.0973996464221125,0.1028003547268556,7.110861720344804,4.634478251160547
2025,Barkhan,39,0.0,28.7795,51.276,206726.0,1100.0,0.0,3514.0,0.2,147.0,65.0,25.0,0.1557008740334273,0.142871776815644,0.1285843688785002,7.110861720344804,3.1442585838259336,1.209330224548436,5.466172614958931,4.063349554482746,1.5963158964039357,0.1,0.3714,28.8164,27.2851,55.0045,65.0878,0.1909374277968698,0.151863387795571,0.1281897019454787,0.138233826916674,0.1543332530215907,0.1378656862447469,0.1571333333333333,1.25142,28.293666666666667,28.0768,57.12276666666667,61.6512,0.1661672298752893,0.1698910817458135,0.1316692992468843,0.1264164928812549,0.1450235720273272,0.0979672927635387,5.466172614958931,4.755587559007612
2025,Barkhan,40,1.0714,27.9792,40.411,206726.0,1100.0,0.0,3514.0,0.2,113.0,84.0,33.0,0.3776418772896352,0.1465582611686516,0.1488664940833504,5.466172614958931,4.063349554482746,1.5963158964039357,5.272679779031182,4.2084691814285575,0.8223445526929366,0.0,0.1,28.7795,28.8164,51.276,55.0045,0.1557008740334273,0.1909374277968698,0.1285843688785002,0.1281897019454787,0.142871776815644,0.1543332530215907,0.3904666666666667,0.5257,28.525033333333337,28.003480000000003,48.89716666666667,56.06944,0.2414267263733107,0.2165369346081312,0.1352135216357764,0.1315253671418728,0.1479210970019621,0.1163257954501266,5.272679779031182,4.3574271868119565
2025,Barkhan,41,0.0,21.7244,50.5286,206726.0,1100.0,0.0,3514.0,0.2,109.0,87.0,17.0,0.1946551681471615,0.1412192114886084,0.1837232360215246,5.272679779031182,4.2084691814285575,0.8223445526929366,4.35358880837437,3.724737091609183,1.4995694784400608,1.0714,0.0,27.9792,28.7795,40.411,51.276,0.3776418772896352,0.1557008740334273,0.1488664940833504,0.1285843688785002,0.1465582611686516,0.142871776815644,0.3571333333333333,0.30856,26.161033333333336,26.91692,47.4052,52.461580000000005,0.2426659731567413,0.2141597470125329,0.1537246996611251,0.1455195255691055,0.1435497498243013,0.1445696377478483,4.35358880837437,4.434658730665784
2025,Barkhan,42,0.0,23.6146,34.1999,206726.0,1100.0,0.0,3514.0,0.2,90.0,77.0,31.0,0.2198894362118189,0.1315263770537373,0.1724930921252995,4.35358880837437,3.724737091609183,1.4995694784400608,3.821483509573058,4.35358880837437,0.6772249257471242,0.0,1.0714,21.7244,27.9792,50.5286,40.411,0.1946551681471615,0.3776418772896352,0.1837232360215246,0.1488664940833504,0.1412192114886084,0.1465582611686516,0.3571333333333333,0.23428,24.439400000000003,26.18282,41.713166666666666,46.284000000000006,0.2640621605495385,0.2277649566957825,0.1683609407433915,0.1523713786108306,0.1397679499036657,0.1433017759096463,3.821483509573058,4.121933187378332
2025,Barkhan,43,0.0,23.1408,35.9685,206726.0,1100.0,0.0,3514.0,0.2,79.0,90.0,14.0,0.2238491739363073,0.1313685404573241,0.1764680110971937,3.821483509573058,4.35358880837437,0.6772249257471242,3.869856718554996,4.2084691814285575,1.209330224548436,0.0,0.0,23.6146,21.7244,34.1999,50.5286,0.2198894362118189,0.1946551681471615,0.1724930921252995,0.1837232360215246,0.1315263770537373,0.1412192114886084,0.0,0.2142799999999999,22.826600000000003,25.0477,40.23233333333334,42.4768,0.2127979260984292,0.23434730592367,0.1775614464146726,0.1620270404411737,0.1347047096665566,0.138708833396793,3.869856718554996,4.1042047882465
2024,Battagram,37,3.9846,23.667,71.5604,335984.0,1036.0,0.0,1301.0,0.2,171.0,183.0,0.0,0.0,0.0,0.0,5.089528072765369,5.446687937520835,0.0,3.92875851231011,5.268108005143102,0.0,10.3714,6.6111,23.3882,23.6543,81.6665,79.8694,0.0,0.0,0.0,0.0,0.0,0.0,6.989033333333334,6.45914,23.56983333333333,24.11804,77.69876666666666,78.74136000000001,0.0,0.0,0.0,0.0,0.0,0.0,3.92875851231011,3.6127653329756297
2024,Battagram,38,0.0,24.9594,55.6901,335984.0,1036.0,0.0,1301.0,0.2,132.0,177.0,0.0,0.0,0.0,0.0,3.92875851231011,5.268108005143102,0.0,3.988285156436021,7.024144006857469,0.0,3.9846,10.3714,23.667,23.3882,71.5604,81.6665,0.0,0.0,0.0,0.0,0.0,0.0,4.785333333333334,5.13056,24.00486666666667,24.04542,69.63900000000001,72.97354,0.0,0.0,0.0,0.0,0.0,0.0,3.988285156436021,2.9185877127760045
2024,Battagram,39,5.1,23.9195,71.9155,335984.0,1036.0,0.0,1301.0,0.2,134.0,236.0,0.0,0.0,0.0,0.0,3.988285156436021,7.024144006857469,0.0,0.0,0.5655031191961521,0.0,0.0,3.9846,24.9594,23.667,55.6901,71.5604,0.0,0.0,0.0,0.0,0.0,0.0,3.0282000000000004,5.21342,24.181966666666668,23.91768,66.38866666666667,72.14038000000001,0.0,0.0,0.0,0.0,0.0,0.0,0.0,2.9802676240513892
2024,Battagram,42,0.0,19.9864,51.4933,335984.0,1036.0,0.0,1301.0,0.2,0.0,19.0,0.0,0.0,0.0,0.0,0.0,0.5655031191961521,0.0,0.0,0.8333730177627506,0.0,5.1,0.0,23.9195,24.9594,71.9155,55.6901,0.0,0.0,0.0,0.0,0.0,0.0,1.7000000000000004,3.8912,22.9551,23.1841,59.69963333333333,66.46516,0.0,0.0,0.0,0.0,0.0,0.0,0.0,0.9539260642723004
2024,Battagram,43,0.3429,19.5094,52.5414,335984.0,1036.0,0.0,1301.0,0.2,0.0,28.0,0.0,0.0,0.0,0.0,0.0,0.8333730177627506,0.0,1.696509357588457,2.351302442973475,0.0,0.0,5.1,19.9864,23.9195,51.4933,71.9155,0.0,0.0,0.0,0.0,0.0,0.0,1.8143000000000005,1.8855,21.13843333333333,22.40834,58.65006666666667,60.64014,0.0,0.0,0.0,0.0,0.0,0.0,1.696509357588457,1.0637088415349503
2024,Battagram,44,0.1,18.1987,65.4858,335984.0,1036.0,0.0,1301.0,0.2,57.0,79.0,0.0,0.0,0.0,0.0,1.696509357588457,2.351302442973475,0.0,0.0,0.503954303509086,0.0,0.3429,0.0,19.5094,19.9864,52.5414,51.4933,0.0,0.0,0.0,0.0,0.0,0.0,0.1476333333333339,1.10858,19.2315,21.31468,56.50683333333333,59.42522,0.0,0.0,0.0,0.0,0.0,0.0,0.0,1.4691228944576258
2025,Battagram,37,1.1714,23.8347,81.052,575449.0,1036.0,0.0,1301.0,0.2,0.0,0.0,5.0,0.0,0.0,0.0,0.0,0.0,0.0868886730188079,2.8499484750169,8.237046202182992,0.0,5.2143,13.2286,22.5189,23.6906,82.2829,83.4119,0.0,0.0,0.0,0.0,0.0,0.0,6.5381,6.842859999999999,23.348066666666668,24.0933,82.24893333333334,82.9164,0.0,0.0,0.0,0.0,0.0,0.0,2.8499484750169,1.1130195251928967
2025,Battagram,38,2.9143,22.8385,72.8941,575449.0,1036.0,0.0,1301.0,0.2,164.0,474.0,0.0,0.0,0.0,0.0,2.8499484750169,8.237046202182992,0.0,3.423413716941032,8.202290732975468,0.0,1.1714,5.2143,23.8347,22.5189,81.052,82.2829,0.0,0.0,0.0,0.0,0.0,0.0,3.1,6.72572,23.06403333333333,23.63996,78.743,81.34636,0.0,0.0,0.0,0.0,0.0,0.0,3.423413716941032,2.464744405418167
2025,Battagram,39,0.3714,22.4445,65.2962,575449.0,1036.0,0.0,1301.0,0.2,197.0,472.0,0.0,0.0,0.0,0.0,3.423413716941032,8.202290732975468,0.0,2.74568206739433,6.881582903089588,0.0347554692075231,2.9143,1.1714,22.8385,23.8347,72.8941,81.052,0.0,0.0,0.0,0.0,0.0,0.0,1.485700000000001,4.579999999999999,23.03923333333333,23.06544,73.08076666666666,76.98742,0.0,0.0,0.0,0.0,0.0,0.0,2.74568206739433,2.7643948707077084
2025,Battagram,40,2.3857,20.1144,66.3392,575449.0,1036.0,0.0,1301.0,0.2,158.0,396.0,2.0,0.0,0.0,0.0,2.74568206739433,6.881582903089588,0.0347554692075231,2.224350029281483,5.59563054241123,0.0347554692075231,0.3714,2.9143,22.4445,22.8385,65.2962,72.8941,0.0,0.0,0.0,0.0,0.0,0.0,1.8904666666666676,2.41142,21.799133333333334,22.3502,68.17649999999999,73.57288000000001,0.0,0.0,0.0,0.0,0.0,0.0,2.224350029281483,2.3161942167562994
2025,Battagram,41,7.8857,15.929,64.0462,575449.0,1036.0,0.0,1301.0,0.2,128.0,322.0,2.0,0.0,0.0,0.0,2.224350029281483,5.59563054241123,0.0347554692075231,2.6240379251679995,4.066389897280211,0.0347554692075231,2.3857,0.3714,20.1144,22.4445,66.3392,65.2962,0.0,0.0,0.0,0.0,0.0,0.0,3.5476000000000005,2.9456999999999995,19.495966666666668,21.03222,65.2272,69.92554,0.0,0.0,0.0,0.0,0.0,0.0,2.6240379251679995,1.8653674588816322
2025,Battagram,42,0.0,18.226,65.3212,575449.0,1036.0,0.0,1301.0,0.2,151.0,234.0,2.0,0.0,0.0,0.0,2.6240379251679995,4.066389897280211,0.0347554692075231,0.5213320381128476,1.0426640762256951,0.1737773460376158,7.8857,2.3857,15.929,20.1144,64.0462,66.3392,0.0,0.0,0.0,0.0,0.0,0.0,3.4238000000000013,2.7114199999999995,18.0898,19.91048,65.23553333333334,66.77938,0.0,0.0,0.0,0.0,0.0,0.0,0.5213320381128476,2.1744380445730207
2025,Battagram,43,0.0,16.7037,55.1973,575449.0,1036.0,0.0,1301.0,0.2,30.0,60.0,10.0,0.0,0.0,0.0,0.5213320381128476,1.0426640762256951,0.1737773460376158,1.2164414222633109,3.8926125512425953,0.0,0.0,7.8857,18.226,15.929,65.3212,64.0462,0.0,0.0,0.0,0.0,0.0,0.0,2.6285666666666674,2.12856,16.9529,18.68352,61.52156666666667,63.24002,0.0,0.0,0.0,0.0,0.0,0.0,1.2164414222633109,0.9836670746301444
2025,Buner,37,1.2,25.6446,79.987,1084406.0,700.0,0.0,1865.0,0.35,0.0,495.0,4.0,0.0,0.3545409038879076,0.0,0.0,4.564711003074494,0.0368865535601979,1.7797762092795504,2.803378070575043,0.0553298303402969,5.0143,20.2429,24.3464,25.2866,82.4012,82.6173,0.0453518363081507,0.013187694596846,0.0004900898096524,2.333852337638896e-05,0.402780018489331,0.4110021273708127,8.819066666666666,7.928579999999999,25.09253333333333,25.74418,81.66850000000001,82.13124,0.0195131769683322,0.0193276529899611,0.0001711427776762,0.0002622695095427,0.3894410165826837,0.310081101148073,1.7797762092795504,1.456163922876108
2025,Buner,38,2.2571,24.7321,75.3136,1084406.0,700.0,0.0,1865.0,0.35,193.0,304.0,6.0,0.0038484557075544,0.2799939549460177,0.0,1.7797762092795504,2.803378070575043,0.0553298303402969,1.9549873386904904,3.2644599900775173,0.0737731071203958,1.2,5.0143,25.6446,24.3464,79.987,82.4012,0.0,0.0453518363081507,0.0,0.0004900898096524,0.3545409038879076,0.402780018489331,2.8237999999999985,7.57714,24.9077,25.324900000000003,79.23393333333333,81.20903999999999,0.0164000973385683,0.0126550116864959,0.0001633632698841,0.000148082676812,0.3457716257744188,0.3660798921372765,1.9549873386904904,1.8521384398338707
2025,Buner,39,0.3714,24.4797,66.9912,1084406.0,700.0,0.0,1865.0,0.35,212.0,354.0,8.0,0.0157790889375073,0.3740051309650065,0.0023462495556345,1.9549873386904904,3.2644599900775173,0.0737731071203958,2.1578633832715792,2.794156432184993,0.0,2.2571,1.2,24.7321,25.6446,75.3136,79.987,0.0038484557075544,0.0,0.0,0.0,0.2799939549460177,0.3545409038879076,1.2761666666666651,5.81714,24.952133333333336,24.89788,74.09726666666667,77.46206,0.0065425148816872,0.0156334151100116,0.0007820831852115,0.0005719355777326,0.3361799965996439,0.3644644271318151,2.1578633832715792,1.8681144604230147
2025,Buner,40,0.3286,22.3497,65.6715,1084406.0,700.0,0.0,1865.0,0.35,234.0,303.0,0.0,0.0019830571598508,0.3522215034488385,0.0002667385604229,2.1578633832715792,2.794156432184993,0.0,2.32385287429247,2.176306660051678,0.0461081919502474,0.3714,2.2571,24.4797,24.7321,66.9912,75.3136,0.0157790889375073,0.0038484557075544,0.0023462495556345,0.0,0.3740051309650065,0.2799939549460177,0.9856999999999988,1.83428,23.85383333333333,24.3105,69.32543333333332,74.0729,0.0072035339349708,0.0133924876226126,0.0008709960386858,0.0006206155851419,0.3354068631199542,0.3527083023474202,2.32385287429247,1.9264845249448737
2025,Buner,41,3.8,17.9764,68.4406,1084406.0,700.0,0.0,1865.0,0.35,252.0,236.0,5.0,0.0286283515552036,0.3391124631002567,0.0002664987263839,2.32385287429247,2.176306660051678,0.0461081919502474,1.5861218030885111,1.623008356648709,0.0,0.3286,0.3714,22.3497,24.4797,65.6715,66.9912,0.0019830571598508,0.0157790889375073,0.0002667385604229,0.0023462495556345,0.3522215034488385,0.3740051309650065,1.499999999999999,1.5914199999999998,21.60193333333333,23.0365,67.03443333333333,71.28078,0.0154634992175205,0.0100477906720232,0.0009598289474804,0.0005758973684882,0.3551130325047005,0.3399747912696054,1.5861218030885111,2.110480100028578
2025,Buner,42,0.0,20.4553,66.223,1084406.0,700.0,0.0,1865.0,0.35,172.0,176.0,0.0,0.1212421043659683,0.3282876091015082,0.0149778005130696,1.5861218030885111,1.623008356648709,0.0,1.4477972272377688,1.4570188656278182,0.0,3.8,0.3286,17.9764,22.3497,68.4406,65.6715,0.0286283515552036,0.0019830571598508,0.0002664987263839,0.0002667385604229,0.3391124631002567,0.3522215034488385,1.3761999999999983,1.3514199999999998,20.26046666666667,21.99864,66.77836666666667,68.52798,0.0506178376936742,0.0342962115452168,0.0051703459332921,0.0035714574711021,0.3398738585502012,0.3347241323123255,1.4477972272377688,1.5619567682189546
2025,Buner,43,0.0,19.486,54.8025,1084406.0,700.0,0.0,1865.0,0.35,157.0,158.0,0.0,0.0680460517660836,0.3045351684732509,0.0149347689536906,1.4477972272377688,1.4570188656278182,0.0,2.2777446823422225,1.8166627628397485,0.0368865535601979,0.0,3.8,20.4553,17.9764,66.223,68.4406,0.1212421043659683,0.0286283515552036,0.0149778005130696,0.0002664987263839,0.3282876091015082,0.3391124631002567,1.2666666666666653,0.9,19.3059,20.94942,63.15536666666667,64.42576,0.0726388358957518,0.0471357307569227,0.0100596893977147,0.0065584112618402,0.3239784135583386,0.3396323750177721,2.2777446823422225,1.6073595108360692
2025,Central,37,15.1286,26.735,86.0135,3591719.0,10.0,0.0,69.0,0.95,22.0,1034.0,14.0,0.0,0.0,0.0,0.0612520077433674,2.87884436393827,0.0389785503821429,0.1531300193584186,2.965154011213015,0.0417627325522959,0.1,16.1429,28.8029,28.652,74.1435,85.3103,0.0,0.0,0.0,0.0,0.0,0.0111216258866775,10.457166666666668,6.6143,28.0633,28.3505,81.82243333333332,79.3059,0.0,0.0,0.0,0.0,0.0037072086288925,0.0022243251773355,0.1531300193584186,0.3606305954641851
2025,Central,38,0.4571,27.3583,82.2235,3591719.0,10.0,0.0,69.0,0.95,55.0,1065.0,15.0,0.0,0.0,0.0,0.1531300193584186,2.965154011213015,0.0417627325522959,0.1503458371882655,3.371644608055363,0.0807412829344389,15.1286,0.1,26.735,28.8029,86.0135,74.1435,0.0,0.0,0.0,0.0,0.0,0.0,5.228566666666667,6.48286,27.632066666666663,28.147540000000003,80.7935,80.49194,0.0,0.0,0.0,0.0,0.0,0.0022243251773355,0.1503458371882655,0.39712610245617874
2025,Central,39,0.3,28.1208,76.7817,3591719.0,10.0,0.0,69.0,0.95,54.0,1211.0,29.0,0.0,0.0674648565585158,0.0,0.1503458371882655,3.371644608055363,0.0807412829344389,0.1113672868061226,3.2741982321000056,0.0501152790627551,0.4571,15.1286,27.3583,26.735,82.2235,86.0135,0.0,0.0,0.0,0.0,0.0,0.0,5.295233333333333,6.42572,27.404699999999995,27.9338,81.67289999999998,80.89450000000001,0.0,0.0,0.0,0.0,0.0224882855195052,0.0157172964890386,0.1113672868061226,0.3322073283182281
2025,Central,40,3.4857,29.6419,70.5615,3591719.0,10.0,0.0,69.0,0.95,40.0,1176.0,18.0,0.0,0.0839951384751387,0.0,0.1113672868061226,3.2741982321000056,0.0501152790627551,0.1503458371882655,3.082089662359444,0.0361943682119898,0.3,0.4571,28.1208,27.3583,76.7817,82.2235,0.0,0.0,0.0,0.0,0.0674648565585158,0.0,1.4142666666666666,3.8942799999999993,28.37366666666666,28.13178,76.52223333333335,77.94474,0.0,0.0,0.0,0.0,0.0504866650112181,0.0302919990067309,0.1503458371882655,0.24048239103089397
2025,Central,41,0.0857,28.0309,60.9394,3591719.0,10.0,0.0,69.0,0.95,54.0,1107.0,13.0,0.0,0.0887988352480974,0.0,0.1503458371882655,3.082089662359444,0.0361943682119898,0.2227345736122452,3.343802786353832,0.0501152790627551,3.4857,0.3,29.6419,28.1208,70.5615,76.7817,0.0,0.0,0.0,0.0,0.0839951384751387,0.0674648565585158,1.2904666666666669,3.891419999999999,28.59786666666666,27.97738,69.42753333333333,75.30392,0.0,0.0,0.0,0.0,0.0800862767605839,0.0480517660563503,0.2227345736122452,0.1896479795853674
2025,Central,42,0.0,28.7627,47.9379,3591719.0,10.0,0.0,69.0,0.95,80.0,1201.0,18.0,0.0,0.0889655293312453,0.0,0.2227345736122452,3.343802786353832,0.0501152790627551,0.1559142015285717,4.95862844504261,0.0835254651045919,0.0857,3.4857,28.0309,29.6419,60.9394,70.5615,0.0,0.0,0.0,0.0,0.0887988352480974,0.0839951384751387,1.1904666666666668,0.8656999999999992,28.81183333333333,28.38292,59.81293333333334,67.68879999999999,0.0,0.0,0.0,0.0,0.0872531676848271,0.0658448719225994,0.1559142015285717,0.2527730264657446
2025,Central,43,0.0,29.8734,33.0091,3591719.0,10.0,0.0,69.0,0.95,56.0,1781.0,30.0,0.0,0.0855519477340817,0.0,0.1559142015285717,4.95862844504261,0.0835254651045919,0.1392091085076533,5.058859003168121,0.1392091085076533,0.0,0.0857,28.7627,28.0309,47.9379,60.9394,0.0,0.0,0.0,0.0,0.0889655293312453,0.0887988352480974,0.0285666666666666,0.7742799999999993,28.889,28.88594,47.29546666666666,57.84592,0.0,0.0,0.0,0.0,0.0877721041044748,0.0829552614694157,0.1392091085076533,0.19293133859035194
2024,Chagai,37,0.0,30.5464,10.7302,269192.0,919.0,0.0,44748.0,0.2,39.0,150.0,8.0,0.7323220183925568,0.0460330921778799,0.7065214499952752,1.4487800528990462,5.572230972688639,0.2971856518767273,2.600374453921365,5.832268418080775,0.7058159232072275,0.0,0.0333,32.447,32.5017,10.8459,19.2085,0.7868056298757078,0.7734532174530617,0.7533694255419772,0.7654441416790903,0.0403270259887889,0.0410215677927517,0.0111,0.00666,31.8317,32.630399999999995,13.594866666666666,19.162280000000003,0.7641936219071087,0.7856042156150449,0.7417783390721141,0.7758809999085157,0.0424605619864735,0.0383146708648143,2.600374453921365,3.024277705939989
2024,Chagai,38,0.0,31.8839,13.9582,269192.0,919.0,0.0,44748.0,0.2,70.0,157.0,19.0,0.8389290229394322,0.03786373706383,0.7749667789631295,2.600374453921365,5.832268418080775,0.7058159232072275,6.760973580195548,3.23189396415941,0.0,0.0,0.0,30.5464,32.447,10.7302,10.8459,0.7323220183925568,0.7868056298757078,0.7065214499952752,0.7533694255419772,0.0460330921778799,0.0403270259887889,0.0,0.00666,31.625766666666667,31.935920000000003,11.844766666666668,15.43978,0.7860188904025657,0.7851309630876053,0.7449525515001273,0.7677723744817496,0.0414079517434996,0.0401989146815379,6.760973580195548,3.5059790746818993
2024,Chagai,39,0.0,31.3988,15.7904,269192.0,919.0,0.0,44748.0,0.2,182.0,87.0,0.0,0.7813147196093203,0.0425957446657435,0.8327761602110128,6.760973580195548,3.23189396415941,0.0,11.21875835834646,6.092305863472912,0.5572230972688639,0.0,0.0,31.8839,30.5464,13.9582,10.7302,0.8389290229394322,0.7323220183925568,0.7749667789631295,0.7065214499952752,0.03786373706383,0.0460330921778799,0.0,0.00666,31.276366666666664,31.755560000000003,13.492933333333331,14.10664,0.7841885869804365,0.7825649216540158,0.7714214630564724,0.7666155912780969,0.0421641913024844,0.0415682335377988,11.21875835834646,3.7799561127140313
2024,Chagai,40,0.0,29.4945,20.7891,269192.0,919.0,0.0,44748.0,0.2,302.0,164.0,15.0,0.7713712392570129,0.0336289430777881,0.7612111787669446,11.21875835834646,6.092305863472912,0.5572230972688639,14.11631846414455,3.900561680882047,0.7429641296918185,0.0,0.0,31.3988,31.8839,15.7904,13.9582,0.7813147196093203,0.8389290229394322,0.8327761602110128,0.7749667789631295,0.0425957446657435,0.03786373706383,0.0,0.0,30.92573333333333,31.15412,16.8459,14.42276,0.7972049939352551,0.782148526014806,0.7896513726470289,0.7657689986956677,0.0380294749357872,0.040089708594806,14.11631846414455,5.5940432426295565
2024,Chagai,41,0.0,25.6304,21.6734,269192.0,919.0,0.0,44748.0,0.2,380.0,105.0,20.0,0.7849070569425213,0.0393327651464714,0.7505504164305501,14.11631846414455,3.900561680882047,0.7429641296918185,13.596243573360278,4.160599126274184,0.482926684299682,0.0,0.0,29.4945,31.3988,20.7891,15.7904,0.7713712392570129,0.7813147196093203,0.7612111787669446,0.8327761602110128,0.0336289430777881,0.0425957446657435,0.0,0.0,28.84123333333333,29.7908,19.41763333333333,16.58826,0.7791976719362849,0.7817688114281687,0.7815125851361691,0.7652051968733824,0.0385191509633343,0.0398908564263425,13.596243573360278,6.4917618955247205
2024,Chagai,42,0.0,26.0539,16.4662,269192.0,919.0,0.0,44748.0,0.2,366.0,112.0,13.0,0.7302254475140958,0.0417520703768528,0.704661047653496,13.596243573360278,4.160599126274184,0.482926684299682,5.869416624565366,14.822134387351776,0.0,0.0,0.0,25.6304,29.4945,21.6734,20.7891,0.7849070569425213,0.7713712392570129,0.7505504164305501,0.7612111787669446,0.0393327651464714,0.0336289430777881,0.0,0.0,27.0596,28.8923,19.6429,17.73546,0.76216791457121,0.7813494972524765,0.738807547616997,0.7648331164050266,0.0382379262003707,0.0390346520661371,5.869416624565366,6.472656041926492
2024,Chagai,43,0.0,26.3271,23.3885,269192.0,919.0,0.0,44748.0,0.2,158.0,399.0,0.0,0.8418033176784083,0.0308066592737924,0.7795473027056427,5.869416624565366,14.822134387351776,0.0,6.649528960741775,15.750839549466551,0.0,0.0,0.0,26.0539,25.6304,16.4662,21.6734,0.7302254475140958,0.7849070569425213,0.704661047653496,0.7505504164305501,0.0417520703768528,0.0393327651464714,0.0,0.0,26.0038,27.78094,20.50936666666667,19.62152,0.7856452740450085,0.7819243562002718,0.7449195889298963,0.7657492211535292,0.0372971649323722,0.0376232365081296,6.649528960741775,5.089570604909629
2024,Chagai,44,0.0,23.4557,25.6682,269192.0,919.0,0.0,44748.0,0.2,179.0,424.0,0.0,0.7510664056063808,0.0339893994315418,0.8180153841739654,6.649528960741775,15.750839549466551,0.0,0.0732018871446505,1.1712301943144094,0.0,0.0,0.0,26.3271,26.0539,23.3885,16.4662,0.8418033176784083,0.7302254475140958,0.7795473027056427,0.704661047653496,0.0308066592737924,0.0417520703768528,0.0,0.0,25.278900000000004,26.19232,21.840966666666663,21.59708,0.7743650569329615,0.7758746933996838,0.7674079115110346,0.7627970659461198,0.0355160430273956,0.0359019674612893,0.0732018871446505,4.9619231543708615
2025,Chagai,37,0.0,32.6863,30.1753,273217.0,919.0,0.0,44748.0,0.2,58.0,160.0,9.0,0.7156398166640133,0.0340746731857973,0.6875341168917868,2.1228547271948672,5.856150971572047,0.3294084921509276,2.269258501484168,5.563343422993444,0.0,0.0,0.0,32.1182,34.3804,10.1846,24.1779,0.7629912375133269,0.7759043879049411,0.7366473803797232,0.8288187783276547,0.0314241778307685,0.035038982941616,0.0,0.0,33.06163333333334,33.92044,21.512600000000003,18.42944,0.7515118140274271,0.7610326200665493,0.7510000918663883,0.7406956900547953,0.0335126113193939,0.0323014571418371,2.269258501484168,2.5035937296293462
2025,Chagai,38,0.0,31.5244,13.8046,273217.0,919.0,0.0,44748.0,0.2,62.0,152.0,0.0,0.8302416417170754,0.0329406935928637,0.7696698087373479,2.269258501484168,5.563343422993444,0.0,2.0862537836225417,5.563343422993444,0.0,0.0,0.0,32.6863,32.1182,30.1753,10.1846,0.7156398166640133,0.7629912375133269,0.6875341168917868,0.7366473803797232,0.0340746731857973,0.0314241778307685,0.0,0.0,32.109633333333335,33.20032,18.05483333333333,18.964620000000004,0.7696242319648051,0.7835769755961791,0.7312837686696193,0.7571456693176287,0.0328131815364765,0.0320900857487872,2.0862537836225417,2.886653783846994
2025,Chagai,39,0.0,31.3816,13.8498,273217.0,919.0,0.0,44748.0,0.2,57.0,152.0,0.0,0.7281032021702246,0.0456377266257911,0.805771355138395,2.0862537836225417,5.563343422993444,0.0,1.354234912176036,5.380338705131819,0.0,0.0,0.0,31.5244,32.6863,13.8046,30.1753,0.8302416417170754,0.7156398166640133,0.7696698087373479,0.6875341168917868,0.0329406935928637,0.0340746731857973,0.0,0.0,31.8641,32.41818,19.276566666666668,18.43844,0.7579948868504379,0.7625760571939162,0.7543250935891765,0.7656882878949814,0.0375510311348173,0.0358232508353673,1.354234912176036,2.819196702629622
2025,Chagai,40,0.0,28.0515,12.0817,273217.0,919.0,0.0,44748.0,0.2,37.0,147.0,0.0,0.8201815217644916,0.047157310540517,0.7957917005879784,1.354234912176036,5.380338705131819,0.0,2.269258501484168,6.185559463722975,0.0,0.0,0.0,31.3816,31.5244,13.8498,13.8046,0.7281032021702246,0.8302416417170754,0.805771355138395,0.7696698087373479,0.0456377266257911,0.0329406935928637,0.0,0.0,30.319166666666664,31.1524,13.245366666666664,16.0192,0.7928421218839304,0.7714314839658264,0.7904109548212405,0.7590828723470463,0.0419119102530572,0.0382469163551475,2.269258501484168,3.0766377565637613
2025,Chagai,41,0.0,22.9003,12.1425,273217.0,919.0,0.0,44748.0,0.2,62.0,169.0,0.0,0.7741698976093188,0.0448740353675133,0.8247488625896702,2.269258501484168,6.185559463722975,0.0,1.4640377428930118,5.526742479421119,0.0,0.0,0.0,28.0515,31.3816,12.0817,13.8498,0.8201815217644916,0.7281032021702246,0.7957917005879784,0.805771355138395,0.047157310540517,0.0456377266257911,0.0,0.0,27.444466666666667,29.308820000000004,12.691333333333333,16.41078,0.7741515405146783,0.7736672159850247,0.8087706394386812,0.7767031687890357,0.0458896908446071,0.0409368878624964,1.4640377428930118,3.869314411660572
2025,Chagai,42,0.0,24.5152,13.8269,273217.0,919.0,0.0,44748.0,0.2,40.0,151.0,0.0,0.7617771929791981,0.0430711769539708,0.7541520335881546,1.4640377428930118,5.526742479421119,0.0,2.6352679372074213,8.08880852948389,0.0,0.0,0.0,22.9003,28.0515,12.1425,12.0817,0.7741698976093188,0.8201815217644916,0.8247488625896702,0.7957917005879784,0.0448740353675133,0.047157310540517,0.0,0.0,25.155666666666665,27.6746,12.683699999999996,13.1411,0.7853762041176694,0.7828946912480617,0.7915641989219343,0.7900267521283093,0.0450341742873337,0.0427361886161311,2.6352679372074213,4.1494940226393275
2025,Chagai,43,0.0,23.7188,16.7922,273217.0,919.0,0.0,44748.0,0.2,72.0,221.0,0.0,0.7603603859139577,0.0424037133483306,0.7376078069145964,2.6352679372074213,8.08880852948389,0.0,2.3058594450564938,6.807775504452505,0.0,0.0,0.0,24.5152,22.9003,13.8269,12.1425,0.7617771929791981,0.7741698976093188,0.7541520335881546,0.8247488625896702,0.0430711769539708,0.0448740353675133,0.0,0.0,23.71143333333333,26.11348,14.253866666666667,13.73862,0.7654358255008248,0.7689184400874381,0.7721695676974738,0.7836143517637589,0.0434496418899382,0.0446287925672245,2.3058594450564938,4.507785595908802
2024,Chaman,37,0.0,0.0,0.0,466218.0,1340.0,0.0,1341.0,0.2,54.0,157.0,34.0,0.0,0.0,0.0,1.1582564379753677,3.367523347446902,0.7292725720585648,1.9947749765131333,6.284613635681162,0.2359411262542416,0.0,0.0,0.0,0.0,0.0,0.0,0.0,0.0,0.0,0.0,0.0,0.0,0.0,0.0,0.0,0.0,0.0,0.0,0.0,0.0,0.0,0.0,0.0,0.0,1.9947749765131333,1.5668321092296935
2024,Chaman,38,0.0,0.0,0.0,466218.0,1340.0,0.0,1341.0,0.2,93.0,293.0,11.0,0.0,0.0,0.0,1.9947749765131333,6.284613635681162,0.2359411262542416,3.9895499530262666,1.093908858087847,0.0214491932958401,0.0,0.0,0.0,0.0,0.0,0.0,0.0,0.0,0.0,0.0,0.0,0.0,0.0,0.0,0.0,0.0,0.0,0.0,0.0,0.0,0.0,0.0,0.0,0.0,3.9895499530262666,1.91026266305601
2024,Chaman,41,0.0,0.0,0.0,466218.0,1340.0,0.0,1341.0,0.2,186.0,51.0,1.0,0.0,0.0,0.0,3.9895499530262666,1.093908858087847,0.0214491932958401,2.4237588424299363,0.1286951597750408,0.150144353070881,0.0,0.0,0.0,0.0,0.0,0.0,0.0,0.0,0.0,0.0,0.0,0.0,0.0,0.0,0.0,0.0,0.0,0.0,0.0,0.0,0.0,0.0,0.0,0.0,2.4237588424299363,2.7732128090440784
2024,Chaman,42,0.0,0.0,0.0,466218.0,1340.0,0.0,1341.0,0.2,113.0,6.0,7.0,0.0,0.0,0.0,2.4237588424299363,0.1286951597750408,0.150144353070881,0.0,0.6863741854668847,0.0,0.0,0.0,0.0,0.0,0.0,0.0,0.0,0.0,0.0,0.0,0.0,0.0,0.0,0.0,0.0,0.0,0.0,0.0,0.0,0.0,0.0,0.0,0.0,0.0,0.0,2.1846979145115046
2024,Charsadda,37,7.7846,27.3774,74.8148,1835504.0,300.0,2.0,996.0,0.2,280.0,835.0,48.0,0.0,0.3484376455055661,0.0,1.525466574848107,4.549159249993463,0.2615085556882469,2.1193089200568345,4.946870178436004,0.0054480949101718,11.8429,6.5556,27.2906,27.5272,79.5389,78.4655,0.0517131751474466,0.0302573014219573,0.0207198539508435,0.0,0.3553602111109807,0.0,8.727699999999999,8.31662,27.3984,27.780880000000003,77.60640000000001,78.41146,0.0273234921898013,0.0226417129755552,0.0069066179836145,0.0041439707901687,0.2345992855388489,0.2225650886965908,2.1193089200568345,1.471262431050798
2024,Charsadda,38,0.0,27.3311,68.3894,1835504.0,300.0,2.0,996.0,0.2,389.0,908.0,1.0,0.0327520358915547,0.3067540256758377,0.0,2.1193089200568345,4.946870178436004,0.0054480949101718,2.2064784386195835,4.619984483825696,0.0163442847305154,7.7846,11.8429,27.3774,27.2906,74.8148,79.5389,0.0,0.0517131751474466,0.0,0.0207198539508435,0.3484376455055661,0.3553602111109807,6.5425,6.7109,27.333033333333333,27.52612,74.2477,75.90102,0.0281550703463337,0.0229445024921917,0.0069066179836145,0.0041439707901687,0.3368506274307948,0.2839158938317584,2.2064784386195835,1.5330034643306512
2024,Charsadda,39,7.0857,27.7448,71.6484,1835504.0,300.0,2.0,996.0,0.2,405.0,848.0,3.0,0.0,0.2848642294950021,0.0,2.2064784386195835,4.619984483825696,0.0163442847305154,1.754286561075323,3.9607649996949066,0.0217923796406872,0.0,7.7846,27.3311,27.3774,68.3894,74.8148,0.0327520358915547,0.0,0.0,0.0,0.3067540256758377,0.3484376455055661,4.956766666666666,6.65376,27.48443333333333,27.454220000000003,71.61753333333333,74.57140000000001,0.0109173452971848,0.0229445024921917,0.0,0.0041439707901687,0.3133519668921353,0.2590832223574773,1.754286561075323,1.6040168753380009
2024,Charsadda,40,2.625,25.1886,70.0489,1835504.0,300.0,2.0,996.0,0.2,322.0,727.0,4.0,0.0516172614829741,0.2626463399371846,0.0,1.754286561075323,3.9607649996949066,0.0217923796406872,2.07572416077546,4.03159023352714,0.0108961898203436,7.0857,0.0,27.7448,27.3311,71.6484,68.3894,0.0,0.0327520358915547,0.0,0.0,0.2848642294950021,0.3067540256758377,3.2368999999999986,5.86764,26.75483333333333,26.9865,70.02890000000001,72.88808,0.0281230991248429,0.027216494504395,0.0,0.0041439707901687,0.2847548650360081,0.3116124903449143,2.07572416077546,1.2842157502968847
2024,Charsadda,41,0.4571,22.998,63.4279,1835504.0,300.0,2.0,996.0,0.2,381.0,740.0,2.0,0.0,0.2992754946364583,0.0,2.07572416077546,4.03159023352714,0.0108961898203436,1.972210357482196,4.102415467359374,0.0108961898203436,2.625,7.0857,25.1886,27.7448,70.0489,71.6484,0.0516172614829741,0.0,0.0,0.0,0.2626463399371846,0.2848642294950021,3.389266666666665,3.5904800000000003,25.310466666666667,26.12798,68.37506666666665,69.66588,0.017205753827658,0.0168738594749057,0.0,0.0,0.282262021356215,0.3003955470500098,1.972210357482196,1.4594848181865876
2024,Charsadda,42,0.0286,22.9114,66.5207,1835504.0,300.0,2.0,996.0,0.2,362.0,753.0,2.0,0.0,0.2532575381520953,0.0,1.972210357482196,4.102415467359374,0.0108961898203436,2.217374628439927,5.164793974842877,0.0762733287424053,0.4571,2.625,22.998,25.1886,63.4279,70.0489,0.0,0.0516172614829741,0.0,0.0,0.2992754946364583,0.2626463399371846,1.0368999999999988,2.03928,23.69933333333334,25.23478,66.66583333333334,68.00706,0.017205753827658,0.0168738594749057,0.0,0.0,0.2717264575752461,0.2813595255793156,2.217374628439927,1.2134195388088287
2024,Charsadda,43,1.0714,22.5516,67.2261,1835504.0,300.0,2.0,996.0,0.2,407.0,948.0,14.0,0.0491582335679635,0.272232696834339,0.0,2.217374628439927,5.164793974842877,0.0762733287424053,1.6834613272430896,4.696257812568101,0.0163442847305154,0.0286,0.4571,22.9114,22.998,66.5207,63.4279,0.0,0.0,0.0,0.0,0.2532575381520953,0.2992754946364583,0.5190333333333321,2.25356,22.82033333333333,24.27888,65.7249,67.77439999999999,0.0163860778559878,0.0201550990101875,0.0,0.0,0.2749219098742975,0.2744552598110158,1.6834613272430896,1.4092119388774096
2024,Charsadda,44,2.6857,20.6296,77.3409,1835504.0,300.0,2.0,996.0,0.2,309.0,862.0,3.0,0.0,0.2771925351435418,0.0,1.6834613272430896,4.696257812568101,0.0163442847305154,0.0,1.60726936196525,0.0,1.0714,0.0286,22.5516,22.9114,67.2261,66.5207,0.0491582335679635,0.0,0.0,0.0,0.272232696834339,0.2532575381520953,1.261899999999999,1.37356,22.030866666666668,22.85584,70.36256666666667,68.91290000000001,0.0163860778559878,0.0201550990101875,0.0,0.0,0.2675609233766587,0.2729209209407238,0.0,1.0983407862621917
2025,Charsadda,37,0.9,28.4757,76.6427,1953624.0,300.0,2.0,996.0,0.2,1651.0,4050.0,242.0,0.0,0.2923691253747109,0.0,8.45096088090646,20.73070355401039,1.238723521005065,2.77944988390806,12.474252978055144,0.7831599120403927,3.1857,15.4429,27.1844,27.4757,78.7252,81.438,0.0395246981820227,0.0,0.0157662220186353,0.0,0.3446280348537761,0.381542077987661,6.509533333333333,8.02572,27.71193333333333,28.19858,78.9353,79.46268,0.0131748993940075,0.0131143745643576,0.0052554073395451,0.003153244403727,0.3395130794053826,0.2782402982388703,2.77944988390806,9.382434038382694
2025,Charsadda,38,2.9286,27.4001,73.5859,1953624.0,300.0,2.0,996.0,0.2,543.0,2437.0,153.0,0.0352358690646185,0.2711538913571179,0.0,2.77944988390806,12.474252978055144,0.7831599120403927,2.922773266503688,11.435158454236843,0.1893916127156505,0.9,3.1857,28.4757,27.1844,76.6427,78.7252,0.0,0.0395246981820227,0.0,0.0157662220186353,0.2923691253747109,0.3446280348537761,2.338099999999999,7.280019999999999,27.686733333333336,27.86214,76.31793333333333,78.52752000000001,0.0249201890822137,0.0201615483772813,0.0052554073395451,0.003153244403727,0.3027170171952016,0.3324710765102939,2.922773266503688,2.3000715598776265
2025,Charsadda,39,2.5857,26.6448,71.9088,1953624.0,300.0,2.0,996.0,0.2,571.0,2234.0,37.0,0.0,0.2585713552114894,0.0,2.922773266503688,11.435158454236843,0.1893916127156505,2.4518535808323403,11.199698611401171,0.506750531320254,2.9286,0.9,27.4001,28.4757,73.5859,76.6427,0.0352358690646185,0.0,0.0,0.0,0.2711538913571179,0.2923691253747109,2.138099999999999,5.00858,27.506866666666667,27.43614,74.0458,76.46012,0.0117452896882061,0.0149521134493282,0.0,0.003153244403727,0.2740314573144394,0.3096528969569511,2.4518535808323403,2.3692763310096074
2025,Charsadda,40,4.0571,24.2412,72.289,1953624.0,300.0,2.0,996.0,0.2,479.0,2188.0,99.0,0.0319648823693321,0.2767328804922269,0.0,2.4518535808323403,11.199698611401171,0.506750531320254,2.34436104388562,9.745990016502663,0.7626851430981602,2.5857,2.9286,26.6448,27.4001,71.9088,73.5859,0.0,0.0352358690646185,0.0,0.0,0.2585713552114894,0.2711538913571179,3.1904666666666657,2.73142,26.095366666666667,26.78924,72.59456666666667,74.63032000000001,0.0224002504779835,0.0213450899231946,0.0,0.003153244403727,0.2688193756869447,0.2886910574578642,2.34436104388562,2.038043762288537
2025,Charsadda,41,0.8571,20.187,71.6917,1953624.0,300.0,2.0,996.0,0.2,458.0,1904.0,149.0,0.0,0.2560799215192764,0.0,2.34436104388562,9.745990016502663,0.7626851430981602,2.595176963427968,10.012162012751688,0.2815280729556967,4.0571,2.5857,24.2412,26.6448,72.289,71.9088,0.0319648823693321,0.0,0.0,0.0,0.2767328804922269,0.2585713552114894,2.4999666666666656,2.2657,23.691000000000003,25.38976,71.96316666666667,73.22362000000001,0.0106549607897773,0.0134401502867901,0.0,0.0,0.2637947190743309,0.2709814347909643,2.595176963427968,1.782438011643035
2025,Charsadda,42,0.0,22.243,73.7283,1953624.0,300.0,2.0,996.0,0.2,507.0,1956.0,55.0,0.0569556253856607,0.2562684477173734,0.0,2.595176963427968,10.012162012751688,0.2815280729556967,2.7077881926102463,9.879076014627174,0.3890206099024172,0.8571,4.0571,20.187,24.2412,71.6917,72.289,0.0,0.0319648823693321,0.0,0.0,0.2560799215192764,0.2767328804922269,1.6380666666666654,2.0857,22.22373333333333,24.14322,72.56966666666666,72.64074000000001,0.0296401692516642,0.0248312753639222,0.0,0.0,0.2630270832429588,0.2637612992594967,2.7077881926102463,1.939885077406129
2025,Charsadda,43,0.0,20.698,72.5234,1953624.0,300.0,2.0,996.0,0.2,529.0,1930.0,76.0,0.0845834494357218,0.2068057319155639,0.0345213170068804,2.7077881926102463,9.879076014627174,0.3890206099024172,2.3648358128278524,9.193171255062389,0.5528187614402771,0.0,0.8571,22.243,20.187,73.7283,71.6917,0.0569556253856607,0.0,0.0,0.0,0.2562684477173734,0.2560799215192764,0.2856999999999988,1.49998,21.04266666666667,22.8028,72.6478,72.42823999999999,0.0471796916071275,0.0347007914381429,0.0115071056689601,0.006904263401376,0.2397180337174045,0.2508916673711859,2.3648358128278524,1.9089009603066698
2025,Chitral Lower,37,0.0429,23.8431,57.3782,336081.0,1500.0,1.0,6458.0,0.35,20.0,781.0,10.0,0.0239837398373983,0.0282051819868572,0.0235772357723577,0.5950946349243188,23.23844549379465,0.2975473174621594,2.0530764904889,20.23321758742684,0.2975473174621594,0.0857,0.1143,23.3449,23.6232,60.9889,64.943,0.1941395023841753,0.1782356730484822,0.0346703758093445,0.0505124289779899,0.0549374324265226,0.0621923905913532,0.0809666666666666,0.32286,23.60373333333333,24.6658,61.103366666666666,61.194500000000005,0.1321196384233519,0.1440193664507003,0.0362533468532307,0.0634402359795148,0.0484450016682443,0.0480082968126738,2.0530764904889,0.6218279344961406
2025,Chitral Lower,38,0.4,21.4235,60.5885,336081.0,1500.0,1.0,6458.0,0.35,69.0,680.0,10.0,0.1020466065103868,0.0555383284620093,0.0,2.0530764904889,20.23321758742684,0.2975473174621594,1.1306798063562058,20.64978383187386,0.2082831222235116,0.0429,0.0857,23.8431,23.3449,57.3782,60.9889,0.0239837398373983,0.1941395023841753,0.0235772357723577,0.0346703758093445,0.0282051819868572,0.0549374324265226,0.1762,0.40286,22.870500000000003,23.70098,59.65186666666667,62.41646000000001,0.1067232829106534,0.116441636621396,0.019415870527234,0.0314143956448054,0.046226980958463,0.0519274387857541,1.1306798063562058,1.355582176549385
2025,Chitral Lower,39,0.0143,20.9396,48.9268,336081.0,1500.0,1.0,6458.0,0.35,38.0,694.0,7.0,0.1681848987037423,0.0467272121629456,0.0492673283543538,1.1306798063562058,20.64978383187386,0.2082831222235116,1.011660879371342,15.055894263585268,0.0595094634924318,0.4,0.0429,21.4235,23.8431,60.5885,57.3782,0.1020466065103868,0.0239837398373983,0.0,0.0235772357723577,0.0555383284620093,0.0282051819868572,0.1524,0.13144,22.06873333333333,22.63486,55.63116666666667,58.56508,0.0980717483505091,0.133318084096837,0.0242815213755705,0.0316054737828091,0.043490240870604,0.0495201091259375,1.011660879371342,1.0062619823769756
2025,Chitral Lower,40,1.1714,18.0577,52.8413,336081.0,1500.0,1.0,6458.0,0.35,34.0,506.0,2.0,0.1209830215455447,0.0329990816980385,0.053241172212437,1.011660879371342,15.055894263585268,0.0595094634924318,0.6248493666705348,14.133497579452571,0.1190189269848637,0.0143,0.4,20.9396,21.4235,48.9268,60.5885,0.1681848987037423,0.1020466065103868,0.0492673283543538,0.0,0.0467272121629456,0.0555383284620093,0.5285666666666667,0.34286,20.140266666666665,21.52176,54.11886666666667,56.14474,0.1304048422532246,0.1218675537962494,0.0341695001889302,0.0321512224296986,0.0450882074409978,0.0436814473472746,0.6248493666705348,0.924351254788494
2025,Chitral Lower,41,0.8143,14.5797,58.9457,336081.0,1500.0,1.0,6458.0,0.35,21.0,475.0,4.0,0.1663102484423728,0.0452965867262216,0.0541709768244811,0.6248493666705348,14.133497579452571,0.1190189269848637,0.4165662444470232,13.865704993736628,0.0595094634924318,1.1714,0.0143,18.0577,20.9396,52.8413,48.9268,0.1209830215455447,0.1681848987037423,0.053241172212437,0.0492673283543538,0.0329990816980385,0.0467272121629456,0.6666666666666666,0.4885799999999999,17.858999999999998,19.76872,53.571266666666666,55.7361,0.1518260562305532,0.1163017030078889,0.0522264924637573,0.0360513426327259,0.0416742935290685,0.0417532782072144,0.4165662444470232,0.5451234149243565
2025,Chitral Lower,42,0.3714,18.0666,34.3001,336081.0,1500.0,1.0,6458.0,0.35,14.0,466.0,2.0,0.3215476685723076,0.0340562232169045,0.0,0.4165662444470232,13.865704993736628,0.0595094634924318,0.535585171431887,16.751913973119574,0.2677925857159435,0.8143,1.1714,14.5797,18.0577,58.9457,52.8413,0.1663102484423728,0.1209830215455447,0.0541709768244811,0.053241172212437,0.0452965867262216,0.0329990816980385,0.7857,0.55428,16.901333333333334,18.61342,48.6957,51.12048,0.202946979520075,0.1758144887548708,0.0358040496789727,0.0313358954782543,0.0374506305470548,0.0429234864532239,0.535585171431887,0.43907254388118755
2025,Chitral Lower,43,0.4,14.7321,44.6428,336081.0,1500.0,1.0,6458.0,0.35,18.0,563.0,9.0,0.2647399817884063,0.0439740746242799,0.0110765750299894,0.535585171431887,16.751913973119574,0.2677925857159435,0.535585171431887,17.198234949312813,0.2677925857159435,0.3714,0.8143,18.0666,14.5797,34.3001,58.9457,0.3215476685723076,0.1663102484423728,0.0,0.0541709768244811,0.0340562232169045,0.0452965867262216,0.5285666666666666,0.55428,15.7928,17.27514,45.96286666666666,47.93134,0.2508659662676956,0.2083531638104747,0.0217491839514901,0.0335512104842522,0.0411089615224686,0.040610635685678,0.535585171431887,0.4316325332164972
2024,Chitral Upper,37,0.4,23.109,47.8653,195528.0,2500.0,1.0,8392.0,0.2,4.0,200.0,12.0,0.2265002462670433,0.0521390317002339,0.1606590403472313,0.2045742809214025,10.22871404607013,0.6137228427642077,0.1022871404607012,8.336401947547154,0.1022871404607012,0.0143,2.6667,24.1137,23.5412,47.5084,62.0616,0.317120497742379,0.2593006993477795,0.062024335789314,0.0492741875932702,0.0638527491486021,0.0,1.027,0.77048,23.58796666666667,24.33532,52.47843333333333,55.31948,0.2676404811190672,0.2227197477788494,0.0906525212432718,0.0811829483727908,0.038663926949612,0.0376734263520895,0.1022871404607012,0.8447060760797598
2024,Chitral Upper,38,0.1857,22.972,41.8387,195528.0,2500.0,1.0,8392.0,0.2,2.0,163.0,2.0,0.1136422036386941,0.0576525528198052,0.0481362078474133,0.1022871404607012,8.336401947547154,0.1022871404607012,0.2557178511517531,9.052411930772063,0.0,0.4,0.0143,23.109,24.1137,47.8653,47.5084,0.2265002462670433,0.317120497742379,0.1606590403472313,0.062024335789314,0.0521390317002339,0.0638527491486021,0.1999999999999999,0.8047600000000001,23.398233333333334,23.52556,45.73746666666667,52.06080000000001,0.2190876492160388,0.2264549172976807,0.0902731946613195,0.0774628340698301,0.0578814445562137,0.041124928522053,0.2557178511517531,0.8450573082341233
2024,Chitral Upper,39,3.4143,23.1199,51.2938,195528.0,2500.0,1.0,8392.0,0.2,5.0,177.0,0.0,0.1805716807164669,0.0603503206249779,0.0554047265098796,0.2557178511517531,9.052411930772063,0.0,0.0,7.466961253631194,0.1022871404607012,0.1857,0.4,22.972,23.109,41.8387,47.8653,0.1136422036386941,0.2265002462670433,0.0481362078474133,0.1606590403472313,0.0576525528198052,0.0521390317002339,1.3333333333333333,1.3362,23.06696666666667,23.371160000000003,46.99926666666667,50.11355999999999,0.1735713768740681,0.2194270655424725,0.0880666582348414,0.0750996996174216,0.0567139683816723,0.0467989308587238,0.0,0.8682249648099445
2024,Chitral Upper,40,1.0625,19.8957,49.8455,195528.0,2500.0,1.0,8392.0,0.2,0.0,146.0,2.0,0.123678005261906,0.0567416025347299,0.0566682158100494,0.0,7.466961253631194,0.1022871404607012,0.2045742809214025,6.188371997872427,0.0511435702303506,3.4143,0.1857,23.1199,22.972,51.2938,41.8387,0.1805716807164669,0.1136422036386941,0.0554047265098796,0.0481362078474133,0.0603503206249779,0.0576525528198052,1.5541666666666665,1.01536,21.995866666666668,22.642060000000004,47.659333333333336,47.67034,0.1392972965390223,0.1923025267252978,0.0534030500557807,0.0765785052607775,0.0582481586598376,0.0581472513656698,0.2045742809214025,0.682021429902715
2024,Chitral Upper,41,1.8286,16.6613,54.0393,195528.0,2500.0,1.0,8392.0,0.2,4.0,121.0,1.0,0.2135234253970559,0.0069497405981102,0.0629238014512811,0.2045742809214025,6.188371997872427,0.0511435702303506,0.1022871404607012,6.904381981097337,0.0511435702303506,1.0625,3.4143,19.8957,23.1199,49.8455,51.2938,0.123678005261906,0.1805716807164669,0.0566682158100494,0.0554047265098796,0.0567416025347299,0.0603503206249779,2.1018000000000003,1.37822,19.8923,21.151580000000003,51.7262,48.97652,0.1725910371251429,0.1715831122562332,0.0583322479237367,0.0767583983931709,0.041347221252606,0.0467666496555714,0.1022871404607012,0.7551497459951975
2024,Chitral Upper,42,0.0714,17.4187,47.4794,195528.0,2500.0,1.0,8392.0,0.2,2.0,135.0,1.0,0.0677419354838709,-0.0178752991380617,0.0,0.1022871404607012,6.904381981097337,0.0511435702303506,0.0511435702303506,6.648664129945583,0.1022871404607012,1.8286,1.0625,16.6613,19.8957,54.0393,49.8455,0.2135234253970559,0.123678005261906,0.0629238014512811,0.0566682158100494,0.0069497405981102,0.0567416025347299,0.9875,1.3125,17.9919,20.013520000000003,50.45473333333333,48.89934,0.1349811220476109,0.1398314500995987,0.0398640057537768,0.0446265903237246,0.0152720146649261,0.0327637834879123,0.0511435702303506,0.5775431786873364
2024,Chitral Upper,43,2.3857,17.1494,51.1304,195528.0,2500.0,1.0,8392.0,0.2,1.0,130.0,2.0,0.1134380315805665,0.040453662149494,0.0,0.0511435702303506,6.648664129945583,0.1022871404607012,0.0511435702303506,6.802094840636634,0.0,0.0714,1.8286,17.4187,16.6613,47.4794,54.0393,0.0677419354838709,0.2135234253970559,0.0,0.0629238014512811,-0.0178752991380617,0.0069497405981102,1.4285666666666668,1.7525,17.076466666666665,18.849,50.88303333333334,50.75768000000001,0.1315677974871644,0.1397906156879732,0.0209746004837603,0.034999348754242,0.0098427012031808,0.02932400535385,0.0511435702303506,0.6447084735236688
2024,Chitral Upper,44,2.2286,16.769,50.316,195528.0,2500.0,1.0,8392.0,0.2,1.0,133.0,0.0,0.2073783943179231,0.0033529815343353,0.0682066156390102,0.0511435702303506,6.802094840636634,0.0,0.0,0.0978914188382246,0.0,2.3857,0.0714,17.1494,17.4187,51.1304,47.4794,0.1134380315805665,0.0677419354838709,0.0,0.0,0.040453662149494,-0.0178752991380617,1.5619000000000005,1.51536,17.11236666666667,17.57882,49.64193333333333,50.56212000000001,0.1295194537941201,0.1451519584082644,0.0227355385463367,0.0375597265800681,0.0086437815152558,0.0179245375357215,0.0,0.7024593143191646
2025,Chitral Upper,37,0.0429,23.8431,57.3782,204308.0,2500.0,1.0,8392.0,0.2,29.0,241.0,12.0,0.0239837398373983,0.0282051819868572,0.0235772357723577,1.419425573154257,11.79591597000607,0.5873485130293479,0.4894570941911232,10.914893200462048,1.027859897801359,0.0857,0.1143,23.3449,23.6232,60.9889,64.943,0.1941395023841753,0.1782356730484822,0.0346703758093445,0.0505124289779899,0.0549374324265226,0.0621923905913532,0.0809666666666666,0.32286,23.60373333333333,24.6658,61.103366666666666,61.194500000000005,0.1321196384233519,0.1440193664507003,0.0362533468532307,0.0634402359795148,0.0484450016682443,0.0480082968126738,0.4894570941911232,1.4762550291354417
2025,Chitral Upper,38,0.4,21.4235,60.5885,204308.0,2500.0,1.0,8392.0,0.2,10.0,223.0,21.0,0.1020466065103868,0.0555383284620093,0.0,0.4894570941911232,10.914893200462048,1.027859897801359,0.5384028036102355,9.935979012079802,0.6852399318675725,0.0429,0.0857,23.8431,23.3449,57.3782,60.9889,0.0239837398373983,0.1941395023841753,0.0235772357723577,0.0346703758093445,0.0282051819868572,0.0549374324265226,0.1762,0.40286,22.870500000000003,23.70098,59.65186666666667,62.41646000000001,0.1067232829106534,0.116441636621396,0.019415870527234,0.0314143956448054,0.046226980958463,0.0519274387857541,0.5384028036102355,0.7186729414882107
2025,Chitral Upper,39,0.0143,20.9396,48.9268,204308.0,2500.0,1.0,8392.0,0.2,11.0,203.0,14.0,0.1681848987037423,0.0467272121629456,0.0492673283543538,0.5384028036102355,9.935979012079802,0.6852399318675725,0.4405113847720109,8.320770601249095,0.0,0.4,0.0429,21.4235,23.8431,60.5885,57.3782,0.1020466065103868,0.0239837398373983,0.0,0.0235772357723577,0.0555383284620093,0.0282051819868572,0.1524,0.13144,22.06873333333333,22.63486,55.63116666666667,58.56508,0.0980717483505091,0.133318084096837,0.0242815213755705,0.0316054737828091,0.043490240870604,0.0495201091259375,0.4405113847720109,0.8252620512384823
2025,Chitral Upper,40,1.1714,18.0577,52.8413,204308.0,2500.0,1.0,8392.0,0.2,9.0,170.0,0.0,0.1209830215455447,0.0329990816980385,0.053241172212437,0.4405113847720109,8.320770601249095,0.0,0.2936742565146739,7.097127865771287,0.5384028036102355,0.0143,0.4,20.9396,21.4235,48.9268,60.5885,0.1681848987037423,0.1020466065103868,0.0492673283543538,0.0,0.0467272121629456,0.0555383284620093,0.5285666666666667,0.34286,20.140266666666665,21.52176,54.11886666666667,56.14474,0.1304048422532246,0.1218675537962494,0.0341695001889302,0.0321512224296986,0.0450882074409978,0.0436814473472746,0.2936742565146739,0.66784029699844
2025,Chitral Upper,41,0.8143,14.5797,58.9457,204308.0,2500.0,1.0,8392.0,0.2,6.0,145.0,11.0,0.1663102484423728,0.0452965867262216,0.0541709768244811,0.2936742565146739,7.097127865771287,0.5384028036102355,0.3915656753528985,6.705562190418388,0.0,1.1714,0.0143,18.0577,20.9396,52.8413,48.9268,0.1209830215455447,0.1681848987037423,0.053241172212437,0.0492673283543538,0.0329990816980385,0.0467272121629456,0.6666666666666666,0.4885799999999999,17.858999999999998,19.76872,53.571266666666666,55.7361,0.1518260562305532,0.1163017030078889,0.0522264924637573,0.0360513426327259,0.0416742935290685,0.0417532782072144,0.3915656753528985,0.6796567776873728
2025,Chitral Upper,42,0.3714,18.0666,34.3001,204308.0,2500.0,1.0,8392.0,0.2,8.0,137.0,0.0,0.3215476685723076,0.0340562232169045,0.0,0.3915656753528985,6.705562190418388,0.0,0.2936742565146739,5.677702292617029,0.4894570941911232,0.8143,1.1714,14.5797,18.0577,58.9457,52.8413,0.1663102484423728,0.1209830215455447,0.0541709768244811,0.053241172212437,0.0452965867262216,0.0329990816980385,0.7857,0.55428,16.901333333333334,18.61342,48.6957,51.12048,0.202946979520075,0.1758144887548708,0.0358040496789727,0.0313358954782543,0.0374506305470548,0.0429234864532239,0.2936742565146739,0.6944795512696196
2025,Chitral Upper,43,0.4,14.7321,44.6428,204308.0,2500.0,1.0,8392.0,0.2,6.0,116.0,10.0,0.2647399817884063,0.0439740746242799,0.0110765750299894,0.2936742565146739,5.677702292617029,0.4894570941911232,0.0489457094191123,4.160385300624547,0.7831313507057971,0.3714,0.8143,18.0666,14.5797,34.3001,58.9457,0.3215476685723076,0.1663102484423728,0.0,0.0541709768244811,0.0340562232169045,0.0452965867262216,0.5285666666666666,0.55428,15.7928,17.27514,45.96286666666666,47.93134,0.2508659662676956,0.2083531638104747,0.0217491839514901,0.0335512104842522,0.0411089615224686,0.040610635685678,0.0489457094191123,0.6834655083446082
2024,D.I. Khan,37,3.1769,29.4296,75.9437,1829811.0,0.0,0.0,0.0,0.0,682.0,1277.0,0.0,0.0,0.0,0.0,3.727160892573058,6.978862844304685,0.0,3.96215784034526,6.618169854700841,0.2623221742573413,3.9857,8.4111,29.16,29.0015,79.0966,79.3021,0.0,0.0,0.0,0.0,0.0,0.0,5.191233333333333,6.0576,29.197033333333334,29.33668,78.11413333333333,79.42240000000001,0.0,0.0,0.0,0.0,0.0,0.0,3.96215784034526,3.3294162569874737
2024,D.I. Khan,38,0.0,30.8466,61.5183,1829811.0,0.0,0.0,0.0,0.0,725.0,1211.0,48.0,0.0,0.0,0.0,3.96215784034526,6.618169854700841,0.2623221742573413,4.798309770790535,6.077130370295075,0.2295319024751737,3.1769,3.9857,29.4296,29.16,75.9437,79.0966,0.0,0.0,0.0,0.0,0.0,0.0,2.3875333333333333,4.28046,29.812066666666663,29.54382,72.1862,75.52459999999999,0.0,0.0,0.0,0.0,0.0,0.0,4.798309770790535,3.4413054135893235
2024,D.I. Khan,39,0.9571,30.8347,64.4227,1829811.0,0.0,0.0,0.0,0.0,878.0,1112.0,42.0,0.0,0.0,0.0,4.798309770790535,6.077130370295075,0.2295319024751737,4.803774816087564,6.186431276235633,0.1256960418316427,0.0,3.1769,30.8466,29.4296,61.5183,75.9437,0.0,0.0,0.0,0.0,0.0,0.0,1.378,3.30616,30.3703,29.85448,67.2949,72.05668,0.0,0.0,0.0,0.0,0.0,0.0,4.803774816087564,4.6015648137910405
2024,D.I. Khan,40,0.4125,29.037,65.5048,1829811.0,0.0,0.0,0.0,0.0,879.0,1132.0,23.0,0.0,0.0,0.0,4.803774816087564,6.186431276235633,0.1256960418316427,4.962261129701374,6.262941910394024,0.2404619930692295,0.9571,0.0,30.8347,30.8466,64.4227,61.5183,0.0,0.0,0.0,0.0,0.0,0.0,0.4565333333333333,1.70644,30.23943333333333,29.86158,63.81526666666667,69.29722000000001,0.0,0.0,0.0,0.0,0.0,0.0,4.962261129701374,4.3949491148107285
2024,D.I. Khan,41,0.2429,26.8192,59.0749,1829811.0,0.0,0.0,0.0,0.0,908.0,1146.0,44.0,0.0,0.0,0.0,4.962261129701374,6.262941910394024,0.2404619930692295,3.863787024998756,6.814911485393846,0.0710455888613632,0.4125,0.9571,29.037,30.8347,65.5048,64.4227,0.0,0.0,0.0,0.0,0.0,0.0,0.5375,0.95788,28.896966666666668,29.393420000000003,63.0008,65.29288,0.0,0.0,0.0,0.0,0.0,0.0,3.863787024998756,4.469312752040548
2024,D.I. Khan,42,0.0,26.5204,55.8162,1829811.0,0.0,0.0,0.0,0.0,707.0,1247.0,13.0,0.0,0.0,0.0,3.863787024998756,6.814911485393846,0.0710455888613632,3.8692520702957847,5.53062584059228,0.3115075819305928,0.2429,0.4125,26.8192,29.037,59.0749,65.5048,0.0,0.0,0.0,0.0,0.0,0.0,0.2184666666666666,0.3224999999999999,27.458866666666665,28.81158,60.13196666666667,61.26738,0.0,0.0,0.0,0.0,0.0,0.0,3.8692520702957847,3.0698037026611145
2024,D.I. Khan,43,0.0143,26.5788,61.0922,1829811.0,0.0,0.0,0.0,0.0,708.0,1012.0,57.0,0.0,0.0,0.0,3.8692520702957847,5.53062584059228,0.3115075819305928,3.339142676484074,4.929470857919205,0.1748814495048942,0.0,0.2429,26.5204,26.8192,55.8162,59.0749,0.0,0.0,0.0,0.0,0.0,0.0,0.0857333333333333,0.32536,26.639466666666664,27.95802,58.6611,61.18216,0.0,0.0,0.0,0.0,0.0,0.0,3.339142676484074,3.0778557081153433
2024,D.I. Khan,44,0.0,24.1249,70.4093,1829811.0,0.0,0.0,0.0,0.0,611.0,902.0,32.0,0.0,0.0,0.0,3.339142676484074,4.929470857919205,0.1748814495048942,0.0,0.7510956730061092,0.0,0.0143,0.0,26.5788,26.5204,61.0922,55.8162,0.0,0.0,0.0,0.0,0.0,0.0,0.0047666666666666,0.13394,25.741366666666664,26.61606,62.43923333333333,62.37948,0.0,0.0,0.0,0.0,0.0,0.0,0.0,2.502873775659207
2025,D.I. Khan,37,2.1,30.4999,71.0754,2050338.0,0.0,0.0,0.0,0.0,0.0,2011.0,3.0,0.0,0.0,0.0,0.0,9.808138950748608,0.0146317338897294,4.862612896020071,10.23245923355076,0.0,1.3857,11.2571,29.5198,30.3758,70.8674,74.439,0.0,0.0,0.0,0.0,0.0,0.0,4.914266666666666,2.99428,30.131833333333333,31.64418,72.12726666666667,66.29472,0.0,0.0,0.0,0.0,0.0,0.0,4.862612896020071,0.6140446603177798
2025,D.I. Khan,38,0.7286,31.7109,62.8198,2050338.0,0.0,0.0,0.0,0.0,997.0,2098.0,0.0,0.0,0.0,0.0,4.862612896020071,10.23245923355076,0.0,7.150040627447767,10.97867766192696,0.0,2.1,1.3857,30.4999,29.5198,71.0754,70.8674,0.0,0.0,0.0,0.0,0.0,0.0,1.4047666666666665,3.11142,30.57686666666667,31.14024,68.25420000000001,67.51122000000001,0.0,0.0,0.0,0.0,0.0,0.0,7.150040627447767,4.602829570269195
2025,D.I. Khan,39,0.0,30.1201,67.2962,2050338.0,0.0,0.0,0.0,0.0,1466.0,2251.0,0.0,0.0,0.0,0.0,7.150040627447767,10.97867766192696,0.0,6.569648516488501,9.891052109457076,0.0,0.7286,2.1,31.7109,30.4999,62.8198,71.0754,0.0,0.0,0.0,0.0,0.0,0.0,0.9428666666666669,3.09428,30.776966666666667,30.445300000000003,67.0638,69.29956,0.0,0.0,0.0,0.0,0.0,0.0,6.569648516488501,8.246981387463075
2025,D.I. Khan,40,1.0286,28.6743,62.2313,2050338.0,0.0,0.0,0.0,0.0,1347.0,2028.0,0.0,0.0,0.0,0.0,6.569648516488501,9.891052109457076,0.0,5.111352372145471,9.257010307568802,0.0,0.0,0.7286,30.1201,31.7109,67.2962,62.8198,0.0,0.0,0.0,0.0,0.0,0.0,0.5857333333333333,1.04858,30.168433333333336,30.105,64.11576666666666,66.85802000000001,0.0,0.0,0.0,0.0,0.0,0.0,5.111352372145471,7.483811015912343
2025,D.I. Khan,41,0.7286,23.4939,65.5083,2050338.0,0.0,0.0,0.0,0.0,1048.0,1898.0,0.0,0.0,0.0,0.0,5.111352372145471,9.257010307568802,0.0,4.4139063900683695,10.130037096322654,0.0,1.0286,0.0,28.6743,30.1201,62.2313,67.2962,0.0,0.0,0.0,0.0,0.0,0.0,0.5857333333333333,0.91716,27.42943333333333,28.89982,65.01193333333333,65.78620000000001,0.0,0.0,0.0,0.0,0.0,0.0,4.4139063900683695,4.87354220371191
2025,D.I. Khan,42,0.0,24.9347,63.8934,2050338.0,0.0,0.0,0.0,0.0,905.0,2077.0,0.0,0.0,0.0,0.0,4.4139063900683695,10.130037096322654,0.0,4.2968525189505336,10.052001182244098,0.0,0.7286,1.0286,23.4939,28.6743,65.5083,62.2313,0.0,0.0,0.0,0.0,0.0,0.0,0.5857333333333333,0.49716,25.70096666666667,27.78678,63.87766666666667,64.3498,0.0,0.0,0.0,0.0,0.0,0.0,4.2968525189505336,3.967508835421507
2025,D.I. Khan,43,0.0,24.1582,62.0206,2050338.0,0.0,0.0,0.0,0.0,881.0,2061.0,0.0,0.0,0.0,0.0,4.2968525189505336,10.052001182244098,0.0,4.248080072651436,9.359432444796909,0.0,0.0,0.7286,24.9347,23.4939,63.8934,65.5083,0.0,0.0,0.0,0.0,0.0,0.0,0.2428666666666666,0.35144,24.1956,26.27624,63.807433333333336,64.18996000000001,0.0,0.0,0.0,0.0,0.0,0.0,4.248080072651436,3.8732926188049364
2024,Dadu,37,0.0538,30.7894,68.1542,1742320.0,40.0,2.0,19070.0,0.35,5078.0,4195.0,131.0,0.4339960435203483,0.1587070556491785,0.4025652752297567,29.14504798200101,24.07709261214932,0.7518710684604435,29.36888746039763,21.677992561641947,0.7403921208503604,0.1,12.4778,30.5792,29.1878,72.3164,78.8469,0.4442534322207055,0.4431892686648089,0.3835624684447009,0.328066356735805,0.1356746509182947,0.0,4.210533333333335,10.98632,30.185466666666667,30.41048,73.10583333333334,74.05928,0.4404795814686209,0.4527597799969675,0.3713980334700875,0.2966489496119,0.098127235522491,0.101390269344464,29.36888746039763,29.531670401986702
2024,Dadu,38,0.0,31.5099,60.9457,1742320.0,40.0,2.0,19070.0,0.35,5117.0,3777.0,129.0,0.3806911676466438,0.1803805182261563,0.3583852305416091,29.36888746039763,21.677992561641947,0.7403921208503604,34.69511915147619,18.842692501951426,0.7403921208503604,0.0538,0.1,30.7894,30.5792,68.1542,72.3164,0.4339960435203483,0.4442534322207055,0.4025652752297567,0.3835624684447009,0.1587070556491785,0.1356746509182947,0.0512666666666678,6.60918,30.9595,30.43078,67.13876666666667,71.73884000000001,0.4196468811292326,0.4233935191957971,0.3815043247386889,0.3683259957202218,0.1582540749312098,0.1198649549424502,34.69511915147619,28.690868211286002
2024,Dadu,39,0.0,32.4816,59.5207,1742320.0,40.0,2.0,19070.0,0.35,6045.0,3283.0,129.0,0.4150941522238815,0.1597202033685711,0.3333921055055954,34.69511915147619,18.842692501951426,0.7403921208503604,30.63731117131181,16.127921392166765,0.7289131732402774,0.0,0.0538,31.5099,30.7894,60.9457,68.1542,0.3806911676466438,0.4339960435203483,0.3583852305416091,0.4025652752297567,0.1803805182261563,0.1587070556491785,0.0179333333333345,2.526320000000001,31.593633333333333,30.90958,62.87353333333333,67.95678000000001,0.4099271211302912,0.4234448128552776,0.3647808704256537,0.3611942872914934,0.1662692590813019,0.1268964856324401,30.63731117131181,27.75057922877089
2024,Dadu,40,0.0,31.1585,61.493,1742320.0,40.0,2.0,19070.0,0.35,5338.0,2810.0,127.0,0.4027340447760957,0.1606783552444071,0.3459605920502365,30.63731117131181,16.127921392166765,0.7289131732402774,34.322053354148494,16.024610863676017,0.8092658065108591,0.0,0.0,32.4816,31.5099,59.5207,60.9457,0.4150941522238815,0.3806911676466438,0.3333921055055954,0.3583852305416091,0.1597202033685711,0.1803805182261563,0.0,0.0307600000000007,31.71666666666667,31.30372,60.65313333333334,64.486,0.399506454882207,0.415353768077535,0.345912642699147,0.3647731343543797,0.1669263589463781,0.1590321566813215,34.322053354148494,27.033786773350354
2024,Dadu,41,0.0,28.7855,57.8971,1742320.0,40.0,2.0,19070.0,0.35,5980.0,2792.0,141.0,0.3542876996625596,0.1464350378117602,0.3296842228319545,34.322053354148494,16.024610863676017,0.8092658065108591,29.564029569769044,14.03875292713164,0.7346526470453189,0.0,0.0,31.1585,32.4816,61.493,59.5207,0.4027340447760957,0.4150941522238815,0.3459605920502365,0.3333921055055954,0.1606783552444071,0.1597202033685711,0.0,0.0107600000000007,30.808533333333333,30.94498,59.63693333333333,61.602140000000006,0.3907052988875123,0.3973606215659057,0.3363456401292621,0.3539974852318304,0.1556111988082461,0.1611842340600146,29.564029569769044,27.314291385745513
2024,Dadu,42,0.0,28.3539,56.7239,1742320.0,40.0,2.0,19070.0,0.35,5151.0,2446.0,128.0,0.4046836528136683,0.1837019232894176,0.3299035997425295,29.564029569769044,14.03875292713164,0.7346526470453189,30.746361173607603,12.535010790210755,0.6715184351898618,0.0,0.0,28.7855,31.1585,57.8971,61.493,0.3542876996625596,0.4027340447760957,0.3296842228319545,0.3459605920502365,0.1464350378117602,0.1606783552444071,0.0,0.0,29.43263333333333,30.45788,58.70466666666667,59.31608,0.3872351324174412,0.3914981434245698,0.3351828048749068,0.339465150134385,0.1636051054485283,0.1661832075880624,30.746361173607603,27.372258091875754
2024,Dadu,43,0.0,28.5995,52.0537,1742320.0,40.0,2.0,19070.0,0.35,5357.0,2184.0,117.0,0.3561632332893904,0.1473554068994114,0.3296142396320531,30.746361173607603,12.535010790210755,0.6715184351898618,23.112861012902336,10.45732127278571,0.539510537673906,0.0,0.0,28.3539,28.7855,56.7239,57.8971,0.4046836528136683,0.3542876996625596,0.3299035997425295,0.3296842228319545,0.1837019232894176,0.1464350378117602,0.0,0.0,28.579633333333334,29.8758,55.55823333333333,57.53768,0.3717115285885394,0.3865925565531191,0.3297340207355123,0.3337109519524738,0.159164122666863,0.1595781853227134,23.112861012902336,26.34839269100452
2024,Dadu,44,0.0,27.8617,57.4011,1742320.0,40.0,2.0,19070.0,0.35,4027.0,1822.0,94.0,0.4003620915824381,0.1442604540096146,0.3170339628770223,23.112861012902336,10.45732127278571,0.539510537673906,14.846557994700708,15.076033909068832,0.8004973757027699,0.0,0.0,28.5995,28.3539,52.0537,56.7239,0.3561632332893904,0.4046836528136683,0.3296142396320531,0.3299035997425295,0.1473554068994114,0.1837019232894176,0.0,0.0,28.2717,28.95182,55.3929,57.11376,0.3870696592284989,0.3836461444248303,0.3255172674172016,0.3304393234267592,0.1584392613994812,0.1564862354509221,14.846557994700708,21.404158556945482
2025,Dadu,39,0.0,30.406,65.3632,1873835.0,40.0,2.0,19070.0,0.35,3719.0,2535.0,402.0,0.3640179281307015,0.1497199076872531,0.2865212059398489,19.846998268257344,13.528405649376811,2.145332966883424,21.37327993126396,13.346959577550852,0.667081146418975,0.0,19.0714,30.8013,29.0024,68.0975,73.454,0.3965672933654576,0.466262757865431,0.369513610274183,0.0024117461230532,0.140550079821917,0.1287615303793741,6.357133333333334,4.460000000000001,30.0699,31.04518,68.97156666666667,66.52852,0.4089493264538633,0.3584826578006933,0.219482187445695,0.2193355153812812,0.1396771726295147,0.1760630575747835,21.37327993126396,20.12317231213863
2025,Dadu,42,0.0,26.5194,45.6395,1873835.0,40.0,2.0,19070.0,0.35,5124.0,2519.0,508.0,0.3998076351299857,0.1639253898342049,0.3363546561149829,27.344990354006622,13.443019262635184,2.7110177790467143,31.219397652408027,13.33628627920815,1.9852334917428696,0.0,0.0143,26.759,30.7096,53.5925,62.2434,0.3983423685069881,0.4122739620739445,0.3448910878069384,0.3105805366177983,0.1675253420310827,0.1598080016625763,0.0047666666666678,0.0028600000000007,27.996,29.03906,53.82513333333335,58.98722,0.4034746552369727,0.3942018374414154,0.3306087601799065,0.3295722193507503,0.1637529111759546,0.1563057442074068,31.219397652408027,25.408189507802295
2024,Dera Bugti,37,0.7077,28.443,73.907,355274.0,250.0,0.0,10160.0,0.2,194.0,87.0,16.0,0.3232380543988554,0.1583937517602078,0.3061297449379719,5.460574092109189,2.44881415470876,0.4503566261533351,5.460574092109189,2.1110466850937586,0.0,1.3,6.3889,28.2413,27.5569,79.121,79.1927,0.4335520314014021,0.4312761761259172,0.3812076677349167,0.2339892343093991,0.1308137084064578,0.0,2.7988666666666666,4.75932,28.0804,28.07814,77.4069,80.16954,0.3960220873087248,0.3921076217668243,0.3071088823274292,0.2700498693932537,0.0964024867222218,0.0879186058987838,5.460574092109189,4.004615280715123
2024,Dera Bugti,38,0.1,29.7237,61.2866,355274.0,250.0,0.0,10160.0,0.2,194.0,75.0,0.0,0.4386723586640511,0.131708243706042,0.305915140424598,5.460574092109189,2.1110466850937586,0.0,1.7169846372095905,4.334682526725851,0.0,0.7077,1.3,28.443,28.2413,73.907,79.121,0.3232380543988554,0.4335520314014021,0.3061297449379719,0.3812076677349167,0.1583937517602078,0.1308137084064578,0.7025666666666667,2.30504,28.802666666666667,28.3104,71.4382,75.90348,0.3984874814881028,0.3770940986681388,0.3310841843658289,0.2928819378330817,0.1403052346242358,0.0920514211105156,1.7169846372095905,3.613204765904373
2024,Dera Bugti,39,0.7143,31.4722,53.7622,355274.0,250.0,0.0,10160.0,0.2,61.0,154.0,0.0,0.388959235751755,0.1485103060272257,0.3664150234766544,1.7169846372095905,4.334682526725851,0.0,0.0,0.506651204422502,0.0,0.1,0.7077,29.7237,28.443,61.2866,73.907,0.4386723586640511,0.3232380543988554,0.305915140424598,0.3061297449379719,0.131708243706042,0.1583937517602078,0.5073333333333333,1.84218,29.87963333333333,29.08742,62.98526666666667,69.4539,0.3836232162715538,0.4031395712683961,0.3261533029464081,0.318731362176708,0.1462041004978251,0.1138852019799866,0.0,2.1109154680843876
2024,Dera Bugti,40,0.1125,29.4627,52.397,355274.0,250.0,0.0,10160.0,0.2,0.0,18.0,0.0,0.5361805918677109,0.1421727731071045,0.3991877046332384,0.0,0.506651204422502,0.0,1.266628011056255,5.122806622494188,0.0,0.7143,0.1,31.4722,29.7237,53.7622,61.2866,0.388959235751755,0.4386723586640511,0.3664150234766544,0.305915140424598,0.1485103060272257,0.131708243706042,0.3089333333333333,0.5869,30.21953333333333,29.46858,55.815266666666666,64.09476,0.4546040620945057,0.4241204544167549,0.3571726228448302,0.3517710562414758,0.1407971076134574,0.1423197566014075,1.266628011056255,1.5642797117686662
2024,Dera Bugti,41,0.1429,27.3437,45.7255,355274.0,250.0,0.0,10160.0,0.2,45.0,182.0,0.0,0.4363360685127411,0.1317145489353212,0.4462668220351802,1.266628011056255,5.122806622494188,0.0,1.5481009024020895,5.319837646436271,0.0,0.1125,0.7143,29.4627,31.4722,52.397,53.7622,0.5361805918677109,0.388959235751755,0.3991877046332384,0.3664150234766544,0.1421727731071045,0.1485103060272257,0.3232333333333333,0.35548,29.4262,29.28906,50.62823333333333,57.41566,0.4538252987107357,0.4246772618390227,0.4039565167150243,0.3647828871015285,0.1407992093565504,0.1424999247071802,1.5481009024020895,2.027827925181952
2024,Dera Bugti,42,0.0,28.2294,35.6675,355274.0,250.0,0.0,10160.0,0.2,55.0,189.0,0.0,0.4096213578067946,0.1365571241259886,0.3810654841748509,1.5481009024020895,5.319837646436271,0.0,4.672449996340853,1.3510698784600057,0.0,0.1429,0.1125,27.3437,29.4627,45.7255,52.397,0.4363360685127411,0.5361805918677109,0.4462668220351802,0.3991877046332384,0.1317145489353212,0.1421727731071045,0.0851333333333333,0.21394,28.345266666666664,29.24634,44.59666666666666,49.76776,0.4607126727290822,0.4419539225206105,0.4088400036144231,0.3797700349489044,0.1368148153894714,0.1381325991803364,4.672449996340853,2.0253807909959876
2024,Dera Bugti,43,0.0,28.7874,33.5805,355274.0,250.0,0.0,10160.0,0.2,166.0,48.0,0.0,0.446901304287758,0.122967366890699,0.3896564793979101,4.672449996340853,1.3510698784600057,0.0,4.925775598552104,1.6606900589404234,0.0,0.0,0.1429,28.2294,27.3437,35.6675,45.7255,0.4096213578067946,0.4363360685127411,0.3810654841748509,0.4462668220351802,0.1365571241259886,0.1317145489353212,0.0476333333333333,0.19394,28.120166666666663,29.05908,38.3245,44.22654,0.4309529102024312,0.4435997116453519,0.4056629285359803,0.3965183027435667,0.1304130133173362,0.1363844238172678,4.925775598552104,3.241907938742125
2024,Dera Bugti,44,0.0,26.2124,48.1397,355274.0,250.0,0.0,10160.0,0.2,175.0,59.0,0.0,0.4145077468503179,0.1208457765974378,0.3929237200291492,4.925775598552104,1.6606900589404234,0.0,1.7177862228259433,2.219908349498142,0.0,0.0,0.0,28.7874,28.2294,33.5805,35.6675,0.446901304287758,0.4096213578067946,0.3896564793979101,0.3810654841748509,0.122967366890699,0.1365571241259886,0.0,0.05108,27.743066666666664,28.00712,39.12923333333333,43.10204,0.4236768029816235,0.4487094138650644,0.3878818945339701,0.4018200420540657,0.1267900892047084,0.1308515179313102,1.7177862228259433,3.3434998283490485
2025,Dera Bugti,37,0.4,28.1443,71.6208,378394.0,250.0,0.0,10160.0,0.2,103.0,84.0,4.0,0.4462557999389221,0.0836421230821025,0.2029032448933526,2.722030476170341,2.219908349498142,0.1057099214046734,2.167053388795805,2.2463358298493104,0.0,0.7429,1.5857,29.4309,30.6142,67.7814,67.9367,0.2616936169020104,0.457679068903864,0.3424686172436795,0.4366444312940503,0.0,0.0152570938242015,0.9095333333333334,0.6857200000000001,29.39646666666667,30.33754,69.11296666666668,66.34642,0.3885428285815988,0.4431972901056014,0.3273387644770274,0.3770880809704235,0.0329664056354346,0.0490385836579954,2.167053388795805,2.7086822754471847
2025,Dera Bugti,38,0.1571,29.7452,62.5358,378394.0,250.0,0.0,10160.0,0.2,82.0,85.0,0.0,0.4698220557304416,0.0970401007031831,0.4244377261352392,2.167053388795805,2.2463358298493104,0.0,1.7970686638794482,2.1406259084446373,0.0,0.4,0.7429,28.1443,29.4309,71.6208,67.7814,0.4462557999389221,0.2616936169020104,0.2029032448933526,0.3424686172436795,0.0836421230821025,0.0,0.4333333333333334,0.67714,29.106800000000003,29.856780000000004,67.31266666666667,66.15932000000001,0.3925904908571247,0.4289544056876281,0.3232698627574237,0.3664260140951063,0.0602274079284285,0.054884762299464,1.7970686638794482,2.3814291914403887
2025,Dera Bugti,39,0.0,29.6609,56.155,378394.0,250.0,0.0,10160.0,0.2,68.0,81.0,0.0,0.4393712060118743,0.0944360595379599,0.4138255674744911,1.7970686638794482,2.1406259084446373,0.0,2.0877709477423005,2.272763310200479,0.0,0.1571,0.4,29.7452,28.1443,62.5358,71.6208,0.4698220557304416,0.4462557999389221,0.4244377261352392,0.2029032448933526,0.0970401007031831,0.0836421230821025,0.1857000000000001,0.57714,29.183466666666664,29.5191,63.43720000000001,65.20594,0.451816353893746,0.4149643494974224,0.347055512834361,0.3640559174081625,0.0917060944410818,0.0580750754294894,2.0877709477423005,2.104170643694911
2025,Dera Bugti,40,1.0857,29.7752,46.5951,378394.0,250.0,0.0,10160.0,0.2,79.0,86.0,0.0,0.6316358095514695,0.0960418637042039,0.4705020637285465,2.0877709477423005,2.272763310200479,0.0,1.321374017558418,1.109954174749071,0.0,0.0,0.1571,29.6609,29.7452,56.155,62.5358,0.4393712060118743,0.4698220557304416,0.4138255674744911,0.4244377261352392,0.0944360595379599,0.0970401007031831,0.4142666666666668,0.47714,29.7271,29.3513,55.0953,60.93762,0.5136096904312618,0.4497556976269435,0.436255119112759,0.3708274438950618,0.0958393413151156,0.0742320294054898,1.321374017558418,2.494705421896506
2025,Dera Bugti,41,0.0,24.024,52.9749,378394.0,250.0,0.0,10160.0,0.2,50.0,42.0,0.0,0.4549406062318383,0.1042257726113179,0.4877430544317602,1.321374017558418,1.109954174749071,0.0,1.1363816551002397,0.8456793712373875,0.0,1.0857,0.0,29.7752,29.6609,46.5951,56.155,0.6316358095514695,0.4393712060118743,0.4705020637285465,0.4138255674744911,0.0960418637042039,0.0944360595379599,0.3619000000000001,0.32856,27.82003333333334,28.269920000000003,51.90833333333334,57.97632000000001,0.5086492072650607,0.4884050954929091,0.4573568952115993,0.3998823313326779,0.0982345652844939,0.0950771839277534,1.1363816551002397,2.2441605226867725
2025,Dera Bugti,42,0.0,25.66,37.7323,378394.0,250.0,0.0,10160.0,0.2,43.0,32.0,0.0,0.5322191561865988,0.1000925256572841,0.4802072341234868,1.1363816551002397,0.8456793712373875,0.0,1.1892366158025762,1.0835266943979027,0.0,0.0,1.0857,24.024,29.7752,52.9749,46.5951,0.4549406062318383,0.6316358095514695,0.4877430544317602,0.4705020637285465,0.1042257726113179,0.0960418637042039,0.3619000000000001,0.24856,26.486400000000003,27.77306,45.76743333333334,51.19862,0.5395985239899689,0.5055977667424445,0.4794841174279312,0.4553431291787048,0.1001200539909353,0.0983672644427897,1.1892366158025762,2.2866138190475707
2025,Dera Bugti,43,0.0,25.2309,40.4825,378394.0,250.0,0.0,10160.0,0.2,45.0,41.0,0.0,0.4679899417837091,0.0960668650899726,0.4855565216719559,1.1892366158025762,1.0835266943979027,0.0,1.1892366158025762,0.8192518908862192,0.0,0.0,0.0,25.66,24.024,37.7323,52.9749,0.5322191561865988,0.4549406062318383,0.4802072341234868,0.4877430544317602,0.1000925256572841,0.1042257726113179,0.0,0.21714,24.971633333333333,26.8702,43.72990000000001,46.78796,0.4850499014007154,0.505231343953098,0.4845022700757342,0.4675668882860481,0.1001283877861915,0.0981726173201476,1.1892366158025762,2.345084348339776
2025,Dir Lower,37,1.1,29.6405,70.8798,1734809.0,800.0,1.0,1583.0,0.35,1.0,2021.0,30.0,0.0,0.0,0.0,0.0057643233347302,11.649697459489776,0.1729297000419066,1.412259217008904,10.035686925765315,0.1902226700460972,1.4571,21.3286,28.0726,28.0789,74.2379,79.6271,0.0,0.0,0.0,0.0,0.0,0.0,7.9619,7.562840000000001,28.59733333333333,29.1365,74.91493333333334,75.92626,0.0,0.0,0.0,0.0,0.0,0.0,1.412259217008904,0.405632349509256
2025,Dir Lower,38,1.4857,28.9863,67.921,1734809.0,800.0,1.0,1583.0,0.35,245.0,1741.0,33.0,0.0,0.0,0.0,1.412259217008904,10.035686925765315,0.1902226700460972,1.164393313615505,10.531418732552115,0.0345859400083813,1.1,1.4571,29.6405,28.0726,70.8798,74.2379,0.0,0.0,0.0,0.0,0.0,0.0,1.3476,6.788560000000001,28.8998,28.93596,71.0129,74.44968,0.0,0.0,0.0,0.0,0.0,0.0,1.164393313615505,1.1362612875780735
2025,Dir Lower,39,0.5857,28.6375,61.6696,1734809.0,800.0,1.0,1583.0,0.35,202.0,1827.0,6.0,0.0,0.0,0.0,1.164393313615505,10.531418732552115,0.0345859400083813,0.9049987635526446,9.3843183889408,0.1268151133640648,1.4857,1.1,28.9863,29.6405,67.921,70.8798,0.0,0.0,0.0,0.0,0.0,0.0,1.0571333333333337,5.19142,29.0881,28.68316,66.82346666666666,70.86708,0.0,0.0,0.0,0.0,0.0,0.0,0.9049987635526446,0.9383045303354498
2025,Dir Lower,40,3.4714,25.6744,69.3319,1734809.0,800.0,1.0,1583.0,0.35,157.0,1628.0,22.0,0.0,0.0,0.0,0.9049987635526446,9.3843183889408,0.1268151133640648,0.6744258301634358,10.17403068579884,0.1556367300377159,0.5857,1.4857,28.6375,28.9863,61.6696,67.921,0.0,0.0,0.0,0.0,0.0,0.0,1.8476,1.61998,27.766066666666664,28.202260000000003,66.3075,68.80804,0.0,0.0,0.0,0.0,0.0,0.0,0.6744258301634358,0.7569045327200472
2025,Dir Lower,41,1.8714,21.5185,60.7246,1734809.0,800.0,1.0,1583.0,0.35,117.0,1765.0,27.0,0.0,0.0,0.0,0.6744258301634358,10.17403068579884,0.1556367300377159,0.9684063202346772,9.770528052367723,0.1441080833682555,3.4714,0.5857,25.6744,28.6375,69.3319,61.6696,0.0,0.0,0.0,0.0,0.0,0.0,1.9761666666666668,1.7028399999999997,25.2768,26.89144,63.9087,66.10538000000001,0.0,0.0,0.0,0.0,0.0,0.0,0.9684063202346772,0.5206069888054543
2025,Dir Lower,42,0.0,23.8717,63.51,1734809.0,800.0,1.0,1583.0,0.35,168.0,1695.0,25.0,0.0,0.0,0.0,0.9684063202346772,9.770528052367723,0.1441080833682555,0.9049987635526446,10.375782002514397,0.0288216166736511,1.8714,3.4714,21.5185,25.6744,60.7246,69.3319,0.0,0.0,0.0,0.0,0.0,0.0,1.7809333333333337,1.48284,23.6882,25.73768,64.52216666666665,64.63142,0.0,0.0,0.0,0.0,0.0,0.0,0.9049987635526446,0.7411499541065467
2025,Dir Lower,43,0.0,22.7101,54.9922,1734809.0,800.0,1.0,1583.0,0.35,157.0,1800.0,5.0,0.0,0.0,0.0,0.9049987635526446,10.375782002514397,0.0288216166736511,0.6974831235023567,8.928936845497113,0.1556367300377159,0.0,1.8714,23.8717,21.5185,63.51,60.7246,0.0,0.0,0.0,0.0,0.0,0.0,0.6238,1.1857,22.700100000000003,24.48244,59.74226666666666,62.04566,0.0,0.0,0.0,0.0,0.0,0.0,0.6974831235023567,0.4925546334427642
2025,Dir Upper,37,0.2286,21.7979,69.328,1143644.0,1200.0,1.0,3699.0,0.35,32.0,2233.0,8.0,0.0,0.0,0.0,0.2798073526377089,19.525306826250127,0.0699518381594272,0.2185994942482101,14.30515090360287,0.1486476560887828,3.5286,4.0429,21.008,21.9928,73.6706,72.2894,0.0,0.0,0.0,0.0,0.0,0.0,2.6000333333333336,3.722879999999999,21.599566666666664,22.38212,71.76266666666665,73.3726,0.0,0.0,0.0,0.0,0.0,0.0,0.2185994942482101,0.4173310696693395
2025,Dir Upper,38,0.3143,20.0024,66.9182,1143644.0,1200.0,1.0,3699.0,0.35,25.0,1636.0,17.0,0.0,0.0,0.0,0.2185994942482101,14.30515090360287,0.1486476560887828,0.1836235751684965,13.946647733035803,0.0961837774692124,0.2286,3.5286,21.7979,21.008,69.328,73.6706,0.0,0.0,0.0,0.0,0.0,0.0,1.3571666666666669,3.6686,20.9361,21.71534,69.97226666666666,72.5194,0.0,0.0,0.0,0.0,0.0,0.0,0.1836235751684965,0.36345459429232196
2025,Dir Upper,39,0.0286,19.4827,56.7326,1143644.0,1200.0,1.0,3699.0,0.35,21.0,1595.0,11.0,0.0,0.0,0.0,0.1836235751684965,13.946647733035803,0.0961837774692124,0.131159696548926,13.177177513282103,0.0,0.3143,0.2286,20.0024,21.7979,66.9182,69.328,0.0,0.0,0.0,0.0,0.0,0.0,0.1905,1.6285999999999998,20.427666666666667,20.85676,64.32626666666665,67.78776,0.0,0.0,0.0,0.0,0.0,0.0,0.131159696548926,0.1819019138912079
2025,Dir Upper,40,0.8143,17.1899,59.925,1143644.0,1200.0,1.0,3699.0,0.35,15.0,1507.0,0.0,0.0,0.0,0.0,0.131159696548926,13.177177513282103,0.0,0.1573916358587112,10.4053359262148,0.1136717370090692,0.0286,0.3143,19.4827,20.0024,56.7326,66.9182,0.0,0.0,0.0,0.0,0.0,0.0,0.3857333333333333,0.9828799999999996,18.89166666666667,19.89618,61.19193333333333,65.31488,0.0,0.0,0.0,0.0,0.0,0.0,0.1573916358587112,0.08162937425473693
2025,Dir Upper,41,2.4143,13.597,60.223,1143644.0,1200.0,1.0,3699.0,0.35,18.0,1190.0,13.0,0.0,0.0,0.0,0.1573916358587112,10.4053359262148,0.1136717370090692,0.1836235751684965,9.504706009912177,0.0174879595398568,0.8143,0.0286,17.1899,19.4827,59.925,56.7326,0.0,0.0,0.0,0.0,0.0,0.0,1.0857333333333334,0.7600199999999997,16.756533333333334,18.41398,58.96019999999999,62.62536,0.0,0.0,0.0,0.0,0.0,0.0,0.1836235751684965,0.1021419341456582
2025,Dir Upper,42,0.0,15.6369,48.526,1143644.0,1200.0,1.0,3699.0,0.35,21.0,1087.0,2.0,0.0,0.0,0.0,0.1836235751684965,9.504706009912177,0.0174879595398568,0.1836235751684965,8.193109044422915,0.0087439797699284,2.4143,0.8143,13.597,17.1899,60.223,59.925,0.0,0.0,0.0,0.0,0.0,0.0,1.0762,0.7142999999999996,15.4746,17.18178,56.22466666666666,58.46496,0.0,0.0,0.0,0.0,0.0,0.0,0.1836235751684965,0.12760861625376485
2025,Dir Upper,43,0.0,13.8741,49.0982,1143644.0,1200.0,1.0,3699.0,0.35,21.0,937.0,1.0,0.0,0.0,0.0,0.1836235751684965,8.193109044422915,0.0087439797699284,0.2273434740181385,7.633494339147497,0.0699518381594272,0.0,2.4143,15.6369,13.597,48.526,60.223,0.0,0.0,0.0,0.0,0.0,0.0,0.8047666666666666,0.6514399999999997,14.369333333333335,15.95612,52.61573333333333,54.90096,0.0,0.0,0.0,0.0,0.0,0.0,0.2273434740181385,0.16523884743571582
2024,Duki,39,0.0,0.0,0.0,205044.0,1100.0,0.0,4233.0,0.2,31.0,38.0,7.0,0.0,0.0,0.0,1.5118706228906966,1.8532607635434344,0.3413901406527379,2.389730984569166,3.2188213261543868,0.2438501004662413,0.0,0.0,0.0,0.0,0.0,0.0,0.0,0.0,0.0,0.0,0.0,0.0,0.0,0.0,0.0,0.0,0.0,0.0,0.0,0.0,0.0,0.0,0.0,0.0,2.389730984569166,4.459831300275152
2024,Duki,40,0.0,0.0,0.0,205044.0,1100.0,0.0,4233.0,0.2,49.0,66.0,5.0,0.0,0.0,0.0,2.389730984569166,3.2188213261543868,0.2438501004662413,3.852831587366614,2.779891145315152,0.0487700200932482,0.0,0.0,0.0,0.0,0.0,0.0,0.0,0.0,0.0,0.0,0.0,0.0,0.0,0.0,0.0,0.0,0.0,0.0,0.0,0.0,0.0,0.0,0.0,0.0,3.852831587366614,3.1590853656691835
2024,Duki,41,0.0,0.0,0.0,205044.0,1100.0,0.0,4233.0,0.2,79.0,57.0,1.0,0.0,0.0,0.0,3.852831587366614,2.779891145315152,0.0487700200932482,3.511441446713876,1.8044907434501865,0.0,0.0,0.0,0.0,0.0,0.0,0.0,0.0,0.0,0.0,0.0,0.0,0.0,0.0,0.0,0.0,0.0,0.0,0.0,0.0,0.0,0.0,0.0,0.0,0.0,3.511441446713876,3.8433474632664684
2024,Duki,42,0.0,0.0,0.0,205044.0,1100.0,0.0,4233.0,0.2,72.0,37.0,0.0,0.0,0.0,0.0,3.511441446713876,1.8044907434501865,0.0,1.072940442051462,1.8044907434501865,0.7315503013987242,0.0,0.0,0.0,0.0,0.0,0.0,0.0,0.0,0.0,0.0,0.0,0.0,0.0,0.0,0.0,0.0,0.0,0.0,0.0,0.0,0.0,0.0,0.0,0.0,1.072940442051462,3.79602665193576
2024,Duki,43,0.0,0.0,0.0,205044.0,1100.0,0.0,4233.0,0.2,22.0,37.0,15.0,0.0,0.0,0.0,1.072940442051462,1.8044907434501865,0.7315503013987242,0.9754004018649656,3.12128128596789,0.0,0.0,0.0,0.0,0.0,0.0,0.0,0.0,0.0,0.0,0.0,0.0,0.0,0.0,0.0,0.0,0.0,0.0,0.0,0.0,0.0,0.0,0.0,0.0,0.0,0.9754004018649656,3.978777511040632
2025,East,37,20.0429,26.7655,86.664,3514347.0,10.0,0.0,165.0,0.95,49.0,207.0,0.0,0.0247205380285228,0.0,0.0,0.1394284628125794,0.5890141184123252,0.0,0.1764196876404066,0.7938885943818297,0.0085364364987293,0.0286,15.6143,28.7004,28.6765,75.2554,85.4821,0.0,0.0281403076079882,0.0,0.0,0.0,0.0055440257843817,11.895266666666666,7.4143,28.047466666666665,28.26748,82.46716666666667,80.49996000000002,0.017620281878837,0.0203313579739434,0.0,0.0,0.0018480085947939,0.0011088051568763,0.1764196876404066,0.43767689691675127
2025,East,38,0.4143,27.2518,83.7523,3514347.0,10.0,0.0,165.0,0.95,62.0,279.0,3.0,0.0,0.0,0.0,0.1764196876404066,0.7938885943818297,0.0085364364987293,0.1252010686480305,0.9333170571944092,0.0056909576658195,20.0429,0.0286,26.7655,28.7004,86.664,75.2554,0.0247205380285228,0.0,0.0,0.0,0.0,0.0,6.828600000000001,7.360019999999999,27.572566666666663,28.06224,81.89056666666667,81.7183,0.0082401793428409,0.0105721691273022,0.0,0.0,0.0,0.0011088051568763,0.1252010686480305,0.289862313788241
2025,East,39,0.1571,27.8905,79.3725,3514347.0,10.0,0.0,165.0,0.95,44.0,328.0,2.0,0.0103164000502403,0.1000591574589211,0.0,0.1252010686480305,0.9333170571944092,0.0056909576658195,0.1735742088074968,0.8451072133742058,0.0,0.4143,20.0429,27.2518,26.7655,83.7523,86.664,0.0,0.0247205380285228,0.0,0.0,0.0,0.0,6.871433333333333,7.25144,27.3026,27.85694,83.26293333333334,82.10526,0.0116789793595876,0.0126354491373502,0.0,0.0,0.033353052486307,0.0211206366486605,0.1735742088074968,0.319832717877202
2025,East,40,3.9714,29.1492,74.598,3514347.0,10.0,0.0,165.0,0.95,61.0,297.0,0.0,0.0401009374393404,0.1220952130648976,0.0059603329565306,0.1735742088074968,0.8451072133742058,0.0,0.2304837854656925,0.8365707768754764,0.0056909576658195,0.1571,0.4143,27.8905,27.2518,79.3725,83.7523,0.0103164000502403,0.0,0.0,0.0,0.1000591574589211,0.0,1.5142666666666666,4.92286,28.097166666666663,27.95148,79.24093333333333,79.92844,0.0168057791631935,0.0150275751036207,0.0019867776521768,0.0011920665913061,0.0740514568412729,0.0444308741047637,0.2304837854656925,0.2861690620610773
2025,East,41,0.0,27.4825,65.1742,3514347.0,10.0,0.0,165.0,0.95,81.0,294.0,2.0,0.0393187864670754,0.1322213222075187,0.0231048539033329,0.2304837854656925,0.8365707768754764,0.0056909576658195,0.1565013358100381,0.7568973695540026,0.0085364364987293,3.9714,0.1571,29.1492,27.8905,74.598,79.3725,0.0401009374393404,0.0103164000502403,0.0059603329565306,0.0,0.1220952130648976,0.1000591574589211,1.376166666666667,4.91714,28.174066666666665,27.7079,73.04823333333333,77.9122,0.0299120413188853,0.0228913323970357,0.0096883956199545,0.0058130373719727,0.1181252309104458,0.0708751385462674,0.1565013358100381,0.35460693372587393
2025,East,42,0.0,28.8349,45.7116,3514347.0,10.0,0.0,165.0,0.95,55.0,266.0,3.0,0.0364585117436828,0.1240258040699604,0.0218602633051302,0.1565013358100381,0.7568973695540026,0.0085364364987293,0.2048744759695044,0.6886058775641677,0.0056909576658195,0.0,3.9714,27.4825,29.1492,65.1742,74.598,0.0393187864670754,0.0401009374393404,0.0231048539033329,0.0059603329565306,0.1322213222075187,0.1220952130648976,1.3238,0.90856,28.488866666666667,28.12178,61.82793333333333,69.72171999999999,0.0386260785500328,0.0252389271400677,0.0169751500549979,0.0101850900329987,0.1261141131141255,0.0956802993602595,0.2048744759695044,0.13565089811854314
2025,East,43,0.0,29.8411,32.3089,3514347.0,10.0,0.0,165.0,0.95,72.0,242.0,2.0,0.0,0.1233218238867136,0.0,0.2048744759695044,0.6886058775641677,0.0056909576658195,0.2077199548024142,0.5491774147515883,0.0028454788329097,0.0,0.0,28.8349,27.4825,45.7116,65.1742,0.0364585117436828,0.0393187864670754,0.0218602633051302,0.0231048539033329,0.1240258040699604,0.1322213222075187,0.0,0.8257000000000001,28.7195,28.63964,47.73156666666667,59.433040000000005,0.025259099403586,0.0252389271400677,0.014988372402821,0.0101850900329987,0.1265229833880642,0.1203446641376022,0.2077199548024142,0.20426740801966403
2024,Ghotki,37,0.8538,32.2142,61.4598,1772609.0,72.0,1.0,6083.0,0.35,2671.0,1969.0,1.0,0.4785177838689102,0.2430844919849238,0.4717811020380448,15.068184805560618,11.10792058485543,0.0056414020237965,18.063769280196592,11.38999068604526,1.0887905905927364,1.5857,4.2,31.6266,30.3916,68.5341,72.3269,0.578061694601993,0.54573716702163,0.5115455342997113,0.51640154285133,0.0775460875489887,0.0,2.2131666666666665,7.436459999999999,31.410800000000005,31.31606,67.44026666666666,69.95308,0.534105548497511,0.5610801475155203,0.4999093930630287,0.5453489901534743,0.1068768598446375,0.1526269882537931,18.063769280196592,16.951616630958476
2024,Ghotki,38,0.0429,32.8097,55.5304,1772609.0,72.0,1.0,6083.0,0.35,3202.0,2019.0,193.0,0.5516283398513346,0.0854194443783111,0.4705375758137194,18.063769280196592,11.38999068604526,1.0887905905927364,20.467006542333927,9.725777089025271,0.0,0.8538,1.5857,32.2142,31.6266,61.4598,68.5341,0.4785177838689102,0.578061694601993,0.4717811020380448,0.5115455342997113,0.2430844919849238,0.0775460875489887,0.8274666666666667,2.2479,32.216833333333334,31.51524,61.84143333333333,67.0316,0.5360692727740792,0.5492298422885303,0.4846214040504918,0.5035006475189984,0.1353500079707412,0.1254619311850807,20.467006542333927,18.683989352606783
2024,Ghotki,39,0.0143,33.5177,55.1598,1772609.0,72.0,1.0,6083.0,0.35,3628.0,1724.0,0.0,0.493518722891282,0.2372992782145838,0.4853637416788228,20.467006542333927,9.725777089025271,0.0,17.234483182698497,8.027715079862508,0.0,0.0429,0.8538,32.8097,32.2142,55.5304,61.4598,0.5516283398513346,0.4785177838689102,0.4705375758137194,0.4717811020380448,0.0854194443783111,0.2430844919849238,0.3036666666666667,1.33934,32.84720000000001,32.11196,57.38333333333333,62.6022,0.5078882822038423,0.52949274164703,0.475894139843529,0.4911258993363256,0.1886010715259395,0.1286698604253615,17.234483182698497,19.752678444784742
2024,Ghotki,40,0.125,31.7414,57.6224,1772609.0,72.0,1.0,6083.0,0.35,3055.0,1423.0,0.0,0.5488611371752213,0.2379062513042731,0.4810713801829987,17.234483182698497,8.027715079862508,0.0,17.668871138530832,7.971301059624542,0.0,0.0143,0.0429,33.5177,32.8097,55.1598,55.5304,0.493518722891282,0.5516283398513346,0.4853637416788228,0.4705375758137194,0.2372992782145838,0.0854194443783111,0.0607333333333333,0.52434,32.689600000000006,32.38192,56.1042,59.6613,0.5313360666392793,0.5301175356777482,0.4789908992251803,0.4840598668026594,0.186874991299056,0.1762511106862161,17.668871138530832,16.828456531338016
2024,Ghotki,41,0.1857,28.9698,56.2319,1772609.0,72.0,1.0,6083.0,0.35,3132.0,1413.0,0.0,0.5508439331663306,0.2161182229888804,0.5200892941645394,17.668871138530832,7.971301059624542,0.0,18.520722844124112,6.910717479150788,0.0,0.125,0.0143,31.7414,33.5177,57.6224,55.1598,0.5488611371752213,0.493518722891282,0.4810713801829987,0.4853637416788228,0.2379062513042731,0.2372992782145838,0.1083333333333333,0.24434,31.409633333333336,31.850559999999994,56.33803333333333,57.20086,0.531074597744278,0.5246739833906158,0.4955081386754537,0.485768618775625,0.2304412508359124,0.2039655377741944,18.520722844124112,17.157663551337784
2024,Ghotki,42,0.0,28.5064,53.4649,1772609.0,72.0,1.0,6083.0,0.35,3283.0,1225.0,0.0,0.5018732676259428,0.1927470651929534,0.4914845169158334,18.520722844124112,6.910717479150788,0.0,13.449102424731004,5.917830722962594,0.0169242060713896,0.1857,0.125,28.9698,31.7414,56.2319,57.6224,0.5508439331663306,0.5488611371752213,0.5200892941645394,0.4810713801829987,0.2161182229888804,0.2379062513042731,0.1035666666666666,0.07358,29.7392,31.109,55.77306666666667,55.60188000000001,0.5338594459891649,0.5293450801420223,0.4975483970877905,0.4897093017511827,0.2155905131620356,0.1938980524158003,13.449102424731004,17.937552168420076
2024,Ghotki,43,0.0,29.0299,47.5468,1772609.0,72.0,1.0,6083.0,0.35,2384.0,1049.0,3.0,0.5667268681134987,0.1918198635730476,0.4944127320185729,13.449102424731004,5.917830722962594,0.0169242060713896,9.917584757834357,4.823398730346061,0.0338484121427793,0.0,0.1857,28.5064,28.9698,53.4649,56.2319,0.5018732676259428,0.5508439331663306,0.4914845169158334,0.5200892941645394,0.1927470651929534,0.2161182229888804,0.0619,0.065,28.83536666666667,30.35304,52.41453333333334,54.00516,0.5398146896352574,0.532364785794455,0.5019955143663153,0.4944843329921534,0.2002283839182937,0.2151781362547476,9.917584757834357,13.73921608353663
2024,Ghotki,44,0.0,27.8296,52.4139,1772609.0,72.0,1.0,6083.0,0.35,1758.0,855.0,6.0,0.513511183983272,0.1668748076729785,0.502195947899507,9.917584757834357,4.823398730346061,0.0338484121427793,5.20128730604475,4.623366494262,0.0,0.0,0.0,29.0299,28.5064,47.5468,53.4649,0.5667268681134987,0.5018732676259428,0.4944127320185729,0.4914845169158334,0.1918198635730476,0.1927470651929534,0.0,0.0621399999999999,28.455300000000005,29.21542,51.141866666666665,53.45598,0.5273704399075712,0.5363632780128531,0.4960310656113044,0.4978507742362902,0.1838139121463264,0.2010932421464266,5.20128730604475,10.48590665087649
2025,Ghotki,37,3.6714,29.0234,75.3092,1989892.0,72.0,1.0,6083.0,0.35,5365.0,1264.0,211.0,0.5076022315091473,0.2406812363830644,0.0,26.96126221925612,6.3521035312469225,1.0603590546622632,27.383395681775696,6.583271855960022,1.1960448104721262,0.1429,0.9571,32.0924,32.7085,64.2004,66.0683,0.0,0.5388162283308575,0.0,0.5271491974002499,0.0,0.2166361100215454,1.5904666666666667,1.00856,31.274766666666665,32.16848,68.52596666666666,63.0268,0.3488061532800016,0.4519834747181286,0.1757163991334166,0.3295188981867215,0.1524391154682032,0.0914634692809219,27.383395681775696,25.27404983489017
2025,Ghotki,38,0.0,30.8731,64.7864,1989892.0,72.0,1.0,6083.0,0.35,5449.0,1310.0,238.0,0.5581099120292534,0.2415853269487571,0.4974804662233684,27.383395681775696,6.583271855960022,1.1960448104721262,26.488874773103262,6.342052734520265,1.0603590546622632,3.6714,0.1429,29.0234,32.0924,75.3092,64.2004,0.5076022315091473,0.0,0.0,0.0,0.2406812363830644,0.0,1.2714333333333334,1.00856,30.662966666666662,31.684500000000003,68.09866666666666,65.08116,0.3552373811794669,0.447362118991354,0.1658268220744561,0.315418976674196,0.1607555211106071,0.1397805346706733,26.488874773103262,27.27767607776768
2025,Ghotki,39,0.0,30.693,59.9124,1989892.0,72.0,1.0,6083.0,0.35,5271.0,1262.0,211.0,0.1510642406430775,0.2065112663090891,0.1393562394985935,26.488874773103262,6.342052734520265,1.0603590546622632,29.17746289748388,6.085757417990524,0.3919810723396043,0.0,3.6714,30.8731,29.0234,64.7864,75.3092,0.5581099120292534,0.5076022315091473,0.4974804662233684,0.0,0.2415853269487571,0.2406812363830644,1.2238,0.95428,30.1965,31.07808,66.66933333333334,66.05533999999999,0.4055921280604928,0.3511185225024671,0.2122789019073206,0.2327971806244423,0.2295926098803035,0.1810827879324912,29.17746289748388,25.272520454127573
2025,Ghotki,40,0.0143,31.2454,56.7592,1989892.0,72.0,1.0,6083.0,0.35,5806.0,1211.0,78.0,0.5495179548633107,0.2167753109872805,0.1431919700023137,29.17746289748388,6.085757417990524,0.3919810723396043,35.1727631449345,6.497840083783442,1.1960448104721262,0.0,0.0,30.693,30.8731,59.9124,64.7864,0.1510642406430775,0.5581099120292534,0.1393562394985935,0.4974804662233684,0.2065112663090891,0.2415853269487571,0.0047666666666666,0.76572,30.93716666666667,30.78546,60.486,64.19352,0.4195640358452139,0.3532588678089577,0.2600095585747585,0.1560057351448551,0.2216239680817089,0.1811106281256382,35.1727631449345,26.83428307003516
2025,Ghotki,41,0.0,26.6525,53.9411,1989892.0,72.0,1.0,6083.0,0.35,6999.0,1293.0,238.0,0.5518955499612854,0.2237666442487378,0.5164625571901468,35.1727631449345,6.497840083783442,1.1960448104721262,30.815742763928892,5.563115988204386,1.0352320628456215,0.0143,0.0,31.2454,30.693,56.7592,59.9124,0.5495179548633107,0.1510642406430775,0.1431919700023137,0.1393562394985935,0.2167753109872805,0.2065112663090891,0.0047666666666666,0.7371399999999999,29.5303,29.697479999999995,56.8709,62.14166,0.4174925818225579,0.4636379778012148,0.2663369222303513,0.2592982465828845,0.2156844071817024,0.2258639569753858,30.815742763928892,26.938241185606202
2025,Ghotki,42,0.0,26.9525,48.2139,1989892.0,72.0,1.0,6083.0,0.35,6132.0,1107.0,206.0,0.5619467145612245,0.2033945450437094,0.53009074072748,30.815742763928892,5.563115988204386,1.0352320628456215,28.488983321707916,6.186265385257089,1.0452828595722785,0.0,0.0143,26.6525,31.2454,53.9411,56.7592,0.5518955499612854,0.5495179548633107,0.5164625571901468,0.1431919700023137,0.2237666442487378,0.2167753109872805,0.0047666666666666,0.0028599999999999,28.28346666666667,29.2833,52.9714,56.7226,0.5544534064619402,0.4745068744116302,0.3965817559733135,0.3653163947283804,0.2146455000932425,0.2184066187075148,28.488983321707916,26.532939049497966
2025,Ghotki,43,0.0,26.7043,48.7234,1989892.0,72.0,1.0,6083.0,0.35,5669.0,1231.0,208.0,0.594022918425034,0.1765474317233665,0.540463423465603,28.488983321707916,6.186265385257089,1.0452828595722785,25.48379510043761,4.749001453345207,0.7739113479525521,0.0,0.0,26.9525,26.6525,48.2139,53.9411,0.5619467145612245,0.5518955499612854,0.53009074072748,0.5164625571901468,0.2033945450437094,0.2237666442487378,0.0,0.0028599999999999,26.769766666666666,28.44954,50.2928,53.50999999999999,0.5692883943158479,0.4816894756907864,0.5290055737944099,0.3739129861768274,0.2012362070052712,0.2053990396624367,25.48379510043761,24.267981782078973
2024,Gwadar,38,0.0,27.4943,88.225,305160.0,12.0,0.0,12637.0,0.35,218.0,296.0,0.0,0.6760099313973487,0.0330395546202513,0.6445459875890379,7.143793419845327,9.69982959758815,0.0,9.79813868134749,8.192423646611614,0.0,0.0,0.9222,27.6887,27.4365,84.6218,88.9563,0.7095923500343496,0.6867904601561717,0.6473098630898385,0.6574296309257464,0.0146241607595008,0.031817871354897,0.3074,0.18444,27.53983333333333,28.483600000000003,87.26769999999999,87.22798,0.69079758052929,0.6885403682588889,0.649761827201541,0.6359136374934129,0.026493862244883,0.0219048674100895,9.79813868134749,6.163730979987773
2024,Gwadar,39,0.0,27.6297,85.5231,305160.0,12.0,0.0,12637.0,0.35,299.0,250.0,0.0,0.6892318363885138,0.02925332633088,0.5916089875652419,9.79813868134749,8.192423646611614,0.0,42.43675448944816,17.72840477126753,0.0,0.0,0.0,27.4943,27.6887,88.225,84.6218,0.6760099313973487,0.7095923500343496,0.6445459875890379,0.6473098630898385,0.0330395546202513,0.0146241607595008,0.0,0.18444,27.604233333333337,27.94162,86.12330000000001,86.96725999999998,0.6916113726067374,0.6885676804626869,0.6278216127480395,0.6363377983225267,0.025639013903544,0.0237039809142779,42.43675448944816,7.339893414834053
2024,Gwadar,40,0.0,28.0532,86.5693,305160.0,12.0,0.0,12637.0,0.35,1295.0,541.0,0.0,0.6806640177620453,0.0225540040970202,0.6440278277936153,42.43675448944816,17.72840477126753,0.0,1.1141696159391794,0.4915454187966968,0.0,0.0,0.0,27.6297,27.4943,85.5231,88.225,0.6892318363885138,0.6760099313973487,0.5916089875652419,0.6445459875890379,0.02925332633088,0.0330395546202513,0.0,0.18444,27.72573333333333,27.66048,86.77246666666667,86.7791,0.681968595182636,0.6884577191476857,0.6267276009826318,0.636984459392696,0.0282822950160504,0.0262577834325098,1.1141696159391794,11.11204354218355
2024,Gwadar,41,0.0,27.7553,84.9068,305160.0,12.0,0.0,12637.0,0.35,34.0,15.0,0.0,0.6871835330869552,0.0343407876642429,0.6416090767188368,1.1141696159391794,0.4915454187966968,0.0,0.2621575566915716,0.4915454187966968,0.0,0.0,0.0,28.0532,27.6297,86.5693,85.5231,0.6806640177620453,0.6892318363885138,0.6440278277936153,0.5916089875652419,0.0225540040970202,0.02925332633088,0.0,0.0,27.81273333333333,27.72424,85.6664,85.9692,0.6856931290791715,0.6885363337338426,0.6257486306925647,0.6338203485513141,0.0287160393640476,0.026762366694379,0.2621575566915716,4.5226785013293425
2024,Gwadar,44,0.0,26.5726,87.9346,305160.0,12.0,0.0,12637.0,0.35,224.0,1389.0,1.0,0.6876447085900171,0.0442612643435399,0.6400562515509214,7.340411587364006,45.51710578057412,0.0327696945864464,1.698396273592769,5.9443869575746895,0.4088731769760368,0.0,0.7,27.1464,27.611,86.8181,80.2056,0.6925107490618639,0.7124014895720543,0.6668679225117244,0.6884833852263516,0.0396757020842715,0.0447953728014218,0.2333333333333333,0.1399999999999999,27.11,27.4277,84.98610000000001,85.28688000000001,0.6975189824079785,0.6920808996145873,0.6651358530963325,0.6562088927602899,0.0429107797430777,0.0371254261980992,1.698396273592769,6.506827746171563
2025,Gwadar,37,2.9714,27.2762,84.6519,317947.0,12.0,0.0,12637.0,0.35,7.0,17.0,5.0,0.7520955737243875,0.0109346146757252,0.7017052609548,0.2201624799101737,0.534680308353279,0.1572589142215526,0.0943553485329316,0.534680308353279,0.062903565688621,0.0143,0.0,27.1333,27.4857,87.4442,92.677,0.6557885246954652,0.7138646896303573,0.6456119802252943,0.6179544178586328,0.0217342470360096,0.0046053297491426,0.9952333333333332,0.59714,27.2984,27.76148,88.2577,87.20266,0.7072495960167368,0.7007844498289657,0.6550905530129091,0.6453154711393208,0.0124247304869591,0.0120428903279069,0.0943553485329316,10.978278489519997
2025,Gwadar,38,0.0,27.3494,87.8252,317947.0,12.0,0.0,12637.0,0.35,3.0,17.0,2.0,0.7144229670783641,0.0182872488293812,0.6936980805001801,0.0943553485329316,0.534680308353279,0.062903565688621,0.0,0.4088731769760368,0.062903565688621,2.9714,0.0143,27.2762,27.1333,84.6519,87.4442,0.7520955737243875,0.6557885246954652,0.7017052609548,0.6456119802252943,0.0109346146757252,0.0217342470360096,0.9952333333333332,0.59714,27.252966666666666,27.50916,86.64043333333332,87.55694000000001,0.7074356884994056,0.70282385614311,0.6803384405600915,0.6626660590203671,0.0169853701803719,0.0157003400937831,0.0,7.0124751630095155
2025,Gwadar,40,0.0,27.8375,85.0772,317947.0,12.0,0.0,12637.0,0.35,0.0,13.0,2.0,0.6798253811960773,0.0274741822118609,0.6199067893739313,0.0,0.4088731769760368,0.062903565688621,0.7548427882634527,0.3459696112874158,0.062903565688621,0.0,2.9714,27.3494,27.2762,87.8252,84.6519,0.7144229670783641,0.7520955737243875,0.6936980805001801,0.7017052609548,0.0182872488293812,0.0109346146757252,0.9904666666666668,0.59714,27.4877,27.41642,85.85143333333333,87.53509999999999,0.7154479739996097,0.7031994272649303,0.6717700436096372,0.6557753057825677,0.0188986819056557,0.0166071245004239,0.7548427882634527,7.200309146666374
2025,Gwadar,42,0.0,26.9422,77.5141,317947.0,12.0,0.0,12637.0,0.35,24.0,11.0,2.0,0.6796409153624041,0.0387873556384999,0.6537016520302642,0.7548427882634527,0.3459696112874158,0.062903565688621,6.51051904877228,9.246824156227296,0.062903565688621,0.0,0.0,27.8375,27.3494,85.0772,87.8252,0.6798253811960773,0.7144229670783641,0.6199067893739313,0.6936980805001801,0.0274741822118609,0.0182872488293812,0.0,0.59714,27.376366666666662,27.30772,83.47216666666667,84.50252,0.6912964212122817,0.6963546724113396,0.6557688406347918,0.662924752616894,0.0281829288932473,0.0234435296782953,6.51051904877228,5.153461856685135
2025,Gwadar,43,0.0,26.8202,85.4915,317947.0,12.0,0.0,12637.0,0.35,207.0,294.0,2.0,0.6699992941702781,0.0406873963923033,0.6371158641661696,6.51051904877228,9.246824156227296,0.062903565688621,5.504061997754343,9.49843841898178,0.0943553485329316,0.0,0.0,26.9422,27.8375,77.5141,85.0772,0.6796409153624041,0.6798253811960773,0.6537016520302642,0.6199067893739313,0.0387873556384999,0.0274741822118609,0.0,0.59428,27.199966666666665,27.2451,82.69426666666668,84.11197999999999,0.6764885302429198,0.6991968263063022,0.6369081018567884,0.6612255294050691,0.0356496447475546,0.0272341595495541,5.504061997754343,5.467744434848737
2024,Hangu,37,1.3308,25.4121,71.607,528902.0,900.0,0.0,1097.0,0.2,202.0,82.0,0.0,0.1110094925166064,0.2107878607577561,0.0458956105402303,3.8192330526260063,1.5503817342343196,0.0,3.365462788947669,1.8528952433532109,0.0378141886398614,3.8429,2.9222,25.1292,25.3686,77.856,75.8516,0.0698196510000479,0.0700590882708355,0.0359856281126699,0.079683015600699,0.2684592102932732,0.0,2.698633333333333,3.43346,25.303300000000004,25.65532,75.10486666666667,76.76068000000001,0.0836294105958299,0.0854503350440162,0.0538547514178664,0.0597416655873403,0.1597490236836764,0.0958494142102058,3.365462788947669,2.6804904781263295
2024,Hangu,38,0.0,26.9425,46.3399,528902.0,900.0,0.0,1097.0,0.2,178.0,98.0,2.0,0.0992963643110651,0.2728403910032417,0.0595603032399683,3.365462788947669,1.8528952433532109,0.0378141886398614,2.1554087524721024,1.9096165263130032,0.0567212829597921,1.3308,3.8429,25.4121,25.1292,71.607,77.856,0.1110094925166064,0.0698196510000479,0.0458956105402303,0.0359856281126699,0.2107878607577561,0.2684592102932732,1.7245666666666668,2.23632,25.82793333333333,25.73328,65.26763333333334,69.70357999999999,0.0933751692759064,0.0903354649716069,0.0471471806309561,0.0601398692501605,0.250695820684757,0.1504174924108542,2.1554087524721024,2.3707502692734037
2024,Hangu,39,1.6714,26.9661,60.9453,528902.0,900.0,0.0,1097.0,0.2,114.0,101.0,3.0,0.1529923699029956,0.2496858414820758,0.0830367798017644,2.1554087524721024,1.9096165263130032,0.0567212829597921,1.361310791035012,2.382293884311271,0.0567212829597921,0.0,1.3308,26.9425,25.4121,46.3399,71.607,0.0992963643110651,0.1110094925166064,0.0595603032399683,0.0458956105402303,0.2728403910032417,0.2107878607577561,1.0007333333333337,1.95346,26.44023333333333,25.9637,59.63073333333333,66.51996,0.1210994089102223,0.10063539320031,0.0628308978606543,0.0608322674590663,0.2444380310810245,0.2003546607072693,1.361310791035012,1.5498647354394786
2024,Hangu,40,1.225,25.4217,47.4189,528902.0,900.0,0.0,1097.0,0.2,72.0,126.0,3.0,0.1434841146750146,0.2270408730929176,0.1054076917061127,1.361310791035012,2.382293884311271,0.0567212829597921,1.947430714952865,1.2667753194353586,0.0,1.6714,0.0,26.9661,26.9425,60.9453,46.3399,0.1529923699029956,0.0992963643110651,0.0830367798017644,0.0595603032399683,0.2496858414820758,0.2728403910032417,0.9654666666666666,1.61402,26.44343333333333,25.97432,51.56803333333334,60.83342,0.131924282963025,0.1153203984811459,0.0826682582492818,0.0659772026801491,0.2498557018594117,0.2457628353258528,1.947430714952865,1.3094727866664702
2024,Hangu,41,0.9143,22.4708,45.8971,528902.0,900.0,0.0,1097.0,0.2,103.0,67.0,0.0,0.0,0.2485434028617357,0.0,1.947430714952865,1.2667753194353586,0.0,2.60917901615044,1.4936604512745273,0.0,1.225,1.6714,25.4217,26.9661,47.4189,60.9453,0.1434841146750146,0.1529923699029956,0.1054076917061127,0.0830367798017644,0.2270408730929176,0.2496858414820758,1.270233333333333,1.0283,24.952866666666665,25.44264,51.420433333333335,54.44164000000001,0.0988254948593367,0.1013564682811363,0.062814823835959,0.0587800770576151,0.241756705812243,0.2417796738395453,2.60917901615044,1.4696673710115675
2024,Hangu,42,0.0143,23.2922,41.1636,528902.0,900.0,0.0,1097.0,0.2,138.0,79.0,0.0,0.2463469327840407,0.2318767217435846,0.0,2.60917901615044,1.4936604512745273,0.0,1.2856824137552894,1.6071030171941114,0.0378141886398614,0.9143,1.225,22.4708,25.4217,45.8971,47.4189,0.0,0.1434841146750146,0.0,0.1054076917061127,0.2485434028617357,0.2270408730929176,0.7178666666666668,0.765,23.728233333333336,25.01866,44.82653333333334,48.35296,0.1299436824863517,0.1284239563346232,0.0351358972353708,0.049600954949569,0.2358203325660793,0.2459974460367111,1.2856824137552894,1.8233293104337838
2024,Hangu,43,0.4,21.9979,51.1082,528902.0,900.0,0.0,1097.0,0.2,68.0,85.0,2.0,0.2081892204344559,0.2355271423305475,0.1715968951912222,1.2856824137552894,1.6071030171941114,0.0378141886398614,0.9075405273566748,0.9264476216766054,0.0,0.0143,0.9143,23.2922,22.4708,41.1636,45.8971,0.2463469327840407,0.0,0.0,0.0,0.2318767217435846,0.2485434028617357,0.4428666666666667,0.845,22.58696666666667,24.029740000000004,46.0563,49.30662,0.1515120510728322,0.1502025275593013,0.0571989650637407,0.0720082733398198,0.2386490889786226,0.2385347963021722,0.9075405273566748,1.1199491556376993
2024,Hangu,44,0.0429,20.3354,62.92,528902.0,900.0,0.0,1097.0,0.2,48.0,49.0,0.0,0.2484769533457497,0.1521875176678253,0.1556733003014168,0.9075405273566748,0.9264476216766054,0.0,0.0,1.2272226675995683,0.0,0.4,0.0143,21.9979,23.2922,51.1082,41.1636,0.2081892204344559,0.2463469327840407,0.1715968951912222,0.0,0.2355271423305475,0.2318767217435846,0.1524,0.5193,21.87516666666667,22.7036,51.7306,49.70156,0.2343377021880821,0.1692994442478521,0.109090065164213,0.0865355774397503,0.2065304605806524,0.2190351315393221,0.0,0.7971776248537266
2025,Hangu,37,0.4429,27.8696,60.9273,627433.0,900.0,0.0,1097.0,0.2,133.0,225.0,4.0,0.0543445758381146,0.2363099986904065,0.0207758241482771,2.119748244035618,3.5860402624662715,0.0637518268882892,4.606069492678899,4.685759276289262,0.1912554806648678,6.1857,11.5286,25.3774,26.1354,70.9377,76.0144,0.1049548274451222,0.1739663839070475,0.026794889483049,0.0820526009270442,0.2565239119188426,0.213216589416318,6.0524,5.13144,26.460800000000003,27.7325,69.29313333333333,66.77594,0.1110885957300947,0.1226119529470768,0.0432077715194567,0.0576011981157969,0.235350166675189,0.1649577149807283,4.606069492678899,1.5745928232794535
2025,Hangu,38,1.7429,26.4809,61.914,627433.0,900.0,0.0,1097.0,0.2,289.0,294.0,12.0,0.1169925164371962,0.2173203675041686,0.0276831933018872,4.606069492678899,4.685759276289262,0.1912554806648678,2.4863212486432813,6.088299467831625,0.1912554806648678,0.4429,6.1857,27.8696,25.3774,60.9273,70.9377,0.0543445758381146,0.1049548274451222,0.0207758241482771,0.026794889483049,0.2363099986904065,0.2565239119188426,2.7905,4.82002,26.575966666666663,27.16796,64.593,66.57274,0.0920973065734776,0.1118808994287892,0.0250846356444044,0.0480887387944994,0.2367180927044726,0.208421788481562,2.4863212486432813,2.7182931324082875
2025,Hangu,39,0.7429,25.8937,52.8677,627433.0,900.0,0.0,1097.0,0.2,156.0,382.0,12.0,0.1853488980125905,0.2203093584620408,0.0988541384369818,2.4863212486432813,6.088299467831625,0.1912554806648678,1.7850511528720996,4.462627882180248,0.2709452642752294,1.7429,0.4429,26.4809,27.8696,61.914,60.9273,0.1169925164371962,0.0543445758381146,0.0276831933018872,0.0207758241482771,0.2173203675041686,0.2363099986904065,0.9762333333333334,4.1286000000000005,26.74806666666667,26.3514,58.56966666666667,64.53222,0.1188953300959671,0.1271214403280142,0.0491043852957153,0.0512321292594478,0.2246465748855386,0.2287360451983552,1.7850511528720996,1.9121799982563021
2025,Hangu,40,3.0571,23.5836,58.2296,627433.0,900.0,0.0,1097.0,0.2,112.0,280.0,17.0,0.1318490299437663,0.2100583858527337,0.0909926064589917,1.7850511528720996,4.462627882180248,0.2709452642752294,2.326941681422558,5.307339588450082,0.0796897836103615,0.7429,1.7429,25.8937,26.4809,52.8677,61.914,0.1853488980125905,0.1169925164371962,0.0988541384369818,0.0276831933018872,0.2203093584620408,0.2173203675041686,1.8476333333333332,2.4343,25.3194,25.84104,57.670433333333335,60.975260000000006,0.1447301481311843,0.1186979695353579,0.0725099793992869,0.0530201303658373,0.2158960372729811,0.2281044044856384,2.326941681422558,1.3893236695901878
2025,Hangu,41,1.7,18.8372,56.255,627433.0,900.0,0.0,1097.0,0.2,146.0,333.0,5.0,0.1615501134074579,0.2092494864349554,0.1121345979983186,2.326941681422558,5.307339588450082,0.0796897836103615,2.024120503703184,3.601978219188344,0.2709452642752294,3.0571,0.7429,23.5836,25.8937,58.2296,52.8677,0.1318490299437663,0.1853488980125905,0.0909926064589917,0.0988541384369818,0.2100583858527337,0.2203093584620408,1.8333333333333333,1.53716,22.771500000000003,24.533,55.7841,58.03872,0.1595826804546049,0.1300170267278251,0.1006604476314307,0.0700880720688912,0.2132057435832433,0.2186495193888609,2.024120503703184,1.5961737791703934
2025,Hangu,42,0.0,22.042,48.0125,627433.0,900.0,0.0,1097.0,0.2,127.0,226.0,17.0,0.2444565904234658,0.1983782495691569,0.1074357225561881,2.024120503703184,3.601978219188344,0.2709452642752294,2.1516241574797625,4.733573146455479,0.0,1.7,3.0571,18.8372,23.5836,56.255,58.2296,0.1615501134074579,0.1318490299437663,0.1121345979983186,0.0909926064589917,0.2092494864349554,0.2100583858527337,1.5857,1.4485800000000002,21.4876,23.36748,54.1657,55.45576,0.1792852445915633,0.1680394296448953,0.1035209756711661,0.0874200517504734,0.205895373952282,0.211063169564611,2.1516241574797625,1.4126146854217874
2025,Hangu,43,0.0,20.8098,38.4379,627433.0,900.0,0.0,1097.0,0.2,135.0,297.0,0.0,0.1886623124708426,0.1736826512589026,0.154137795307117,2.1516241574797625,4.733573146455479,0.0,2.5181971620874264,3.012273820471668,0.0159379567220723,0.0,1.7,22.042,18.8372,48.0125,56.255,0.2444565904234658,0.1615501134074579,0.1074357225561881,0.1121345979983186,0.1983782495691569,0.2092494864349554,0.5666666666666667,1.1,20.563,22.23326,47.568466666666666,50.760540000000006,0.1982230054339221,0.1823733888516246,0.1245693719538745,0.1127109721515194,0.1937701290876716,0.2023356263155578,2.5181971620874264,1.3290770557099618
2024,Haripur,37,3.9923,25.8452,78.9587,1174783.0,605.0,2.0,1725.0,0.65,31.0,1102.0,29.0,0.1366656797920984,0.408989146089693,0.0986360043894831,0.263878520543794,9.380455794814871,0.2468540998635492,0.4681715687067314,8.086599823116268,0.2298296791833044,4.4429,10.4333,25.9854,26.4012,82.6332,80.8991,0.1085528285765135,0.1885613487631113,0.1587166134848149,0.1547925156752688,0.2971485906245893,0.0,6.289499999999999,5.76226,26.077266666666663,26.616300000000003,80.83033333333333,81.07994,0.1445932857105744,0.1350914619979818,0.1373817111831889,0.1224487243004186,0.2353792455714274,0.2189328371526277,0.4681715687067314,0.5109518201706917
2024,Haripur,38,0.0,26.1417,69.422,1174783.0,605.0,2.0,1725.0,0.65,55.0,950.0,27.0,0.1474006846756654,0.3868750277951581,0.1084621303281099,0.4681715687067314,8.086599823116268,0.2298296791833044,0.5192448307474657,8.112136454136637,0.5958547238085672,3.9923,4.4429,25.8452,25.9854,78.9587,82.6332,0.1366656797920984,0.1085528285765135,0.0986360043894831,0.1587166134848149,0.408989146089693,0.2971485906245893,2.811733333333333,4.60798,25.990766666666666,26.31232,77.00463333333333,78.42004,0.1308730643480924,0.1369959005611199,0.1219382494008026,0.1241365340069976,0.3643375881698135,0.2963078427116593,0.5192448307474657,0.560399822403264
2024,Haripur,39,3.6429,26.4821,74.5052,1174783.0,605.0,2.0,1725.0,0.65,61.0,953.0,70.0,0.1218136392813191,0.0,0.1045120134791037,0.5192448307474657,8.112136454136637,0.5958547238085672,0.2894151515641612,5.6946687175418775,0.0340488413604895,0.0,3.9923,26.1417,25.8452,69.422,78.9587,0.1474006846756654,0.1366656797920984,0.1084621303281099,0.0986360043894831,0.3868750277951581,0.408989146089693,2.5450666666666666,4.50228,26.156333333333333,26.171119999999995,74.2953,77.28364,0.1352933345830276,0.1405988362177415,0.1038700493988988,0.125023855471356,0.265288057961617,0.218602552901888,0.2894151515641612,0.49874176083542476
2024,Haripur,40,0.1125,24.2448,68.0237,1174783.0,605.0,2.0,1725.0,0.65,34.0,669.0,4.0,0.1446264216234465,0.3611900401681059,0.1035465153081678,0.2894151515641612,5.6946687175418775,0.0340488413604895,0.4426349376863642,5.958547238085671,0.1957808378228149,3.6429,0.0,26.4821,26.1417,74.5052,69.422,0.1218136392813191,0.1474006846756654,0.1045120134791037,0.1084621303281099,0.0,0.3868750277951581,1.2518,2.43812,25.622866666666667,25.73984,70.6503,74.70855999999999,0.137946915193477,0.1318118507898085,0.1055068863717938,0.1147746553979358,0.2493550226544213,0.2908405609355092,0.4426349376863642,0.2572205177445772
2024,Haripur,41,0.9571,21.8372,63.6415,1174783.0,605.0,2.0,1725.0,0.65,52.0,700.0,23.0,0.1301000117244072,0.3404205998275837,0.1040588272529698,0.4426349376863642,5.958547238085671,0.1957808378228149,0.3404884136048955,6.426718806792403,0.0170244206802447,0.1125,3.6429,24.2448,26.4821,68.0237,74.5052,0.1446264216234465,0.1218136392813191,0.1035465153081678,0.1045120134791037,0.3611900401681059,0.0,1.5708333333333335,1.74096,24.188033333333333,24.9102,68.72346666666668,70.91022,0.1321800242097242,0.1361212874193873,0.1040391186800804,0.1038430981515668,0.2338702133318965,0.2994949627761081,0.3404884136048955,0.3368789443308824
2024,Haripur,42,0.0,21.9292,60.6994,1174783.0,605.0,2.0,1725.0,0.65,40.0,755.0,2.0,0.0,0.3132918975668832,0.0,0.3404884136048955,6.426718806792403,0.0170244206802447,0.4681715687067314,5.566985562440042,0.2383418895234268,0.9571,0.1125,21.8372,24.2448,63.6415,68.0237,0.1301000117244072,0.1446264216234465,0.1040588272529698,0.1035465153081678,0.3404205998275837,0.3611900401681059,0.3565333333333333,0.9425,22.6704,24.127,64.12153333333335,67.25836000000001,0.0915754777826179,0.1087881514609676,0.0692017808537125,0.0841158972736702,0.3383008458541909,0.2803555130715461,0.4681715687067314,0.1453640558906253
2024,Haripur,43,0.0,21.3774,62.1213,1174783.0,605.0,2.0,1725.0,0.65,55.0,654.0,28.0,0.2149873873660988,0.2697251197692175,0.0,0.4681715687067314,5.566985562440042,0.2383418895234268,0.2723907308839164,5.209472728154902,0.1021465240814686,0.0,0.9571,21.9292,21.8372,60.6994,63.6415,0.0,0.1301000117244072,0.0,0.1040588272529698,0.3132918975668832,0.3404205998275837,0.3190333333333333,0.9425,21.7146,23.17414,62.154066666666665,65.79821999999999,0.1150291330301686,0.1223054919990543,0.0346862757509899,0.0624234712080482,0.3078125390545614,0.256925531466358,0.2723907308839164,0.17934683089578218
2024,Haripur,44,0.0143,19.3149,75.1569,1174783.0,605.0,2.0,1725.0,0.65,32.0,612.0,12.0,0.1814605068823957,0.3016205552951518,0.1488763404879473,0.2723907308839164,5.209472728154902,0.1021465240814686,0.0,0.0,0.0,0.0,0.0,21.3774,21.9292,62.1213,60.6994,0.2149873873660988,0.0,0.0,0.0,0.2697251197692175,0.3132918975668832,0.0047666666666666,0.21678,20.873833333333334,21.7407,65.99253333333333,65.92855999999999,0.1321492980828315,0.1342348655192696,0.0496254468293157,0.0712963366098169,0.2948791908770842,0.3172496425253884,0.0,0.1510116991157595
2025,Haripur,37,0.9857,27.047,78.9655,1212553.0,605.0,2.0,1725.0,0.65,399.0,1665.0,1.0,0.0,0.3063582888769315,0.0,3.290577813918237,13.731358546801667,0.0082470621902712,0.0742235597124414,11.8840166161809,0.0247411865708138,2.5571,13.7143,25.7149,26.3687,81.0783,83.5104,0.1187505324483514,0.1071720476635111,0.1027211016439056,0.0995466750048421,0.0,0.2350787831866649,5.752366666666666,5.61142,26.37686666666667,27.04564,81.18473333333334,81.60458,0.0753075267039541,0.0955157419712558,0.0674225922162492,0.0806958647218788,0.1804790240211987,0.1655043290209565,0.0742235597124414,2.2902166902010124
2025,Haripur,38,3.1429,26.2152,76.5695,1212553.0,605.0,2.0,1725.0,0.65,9.0,1441.0,3.0,0.1661279806554118,0.3000861224948515,0.0,0.0742235597124414,11.8840166161809,0.0247411865708138,0.0164941243805425,10.853133842396993,0.0824706219027127,0.9857,2.5571,27.047,25.7149,78.9655,81.0783,0.0,0.1187505324483514,0.0,0.1027211016439056,0.3063582888769315,0.0,2.228566666666666,5.4428600000000005,26.3257,26.70922,78.87110000000001,80.85074,0.094959504367921,0.1032577906509629,0.0342403672146352,0.0609501915764228,0.2021481371239276,0.2255215535199267,0.0164941243805425,0.27942745559898086
2025,Haripur,39,0.7286,25.3372,70.7964,1212553.0,605.0,2.0,1725.0,0.65,2.0,1316.0,10.0,0.1433747398910726,0.0,0.1208260274174932,0.0164941243805425,10.853133842396993,0.0824706219027127,0.0824706219027127,8.873838916731886,0.3793648607524784,3.1429,0.9857,26.2152,27.047,76.5695,78.9655,0.1661279806554118,0.0,0.0,0.0,0.3000861224948515,0.3063582888769315,1.619066666666666,4.22572,26.1998,26.1366,75.44380000000001,78.18402,0.1031675735154948,0.1070850601316693,0.0402753424724977,0.0646187608132481,0.2021481371239276,0.1683046389116895,0.0824706219027127,0.21532495824792974
2025,Haripur,40,2.3571,23.367,71.3602,1212553.0,605.0,2.0,1725.0,0.65,10.0,1076.0,46.0,0.1422106783276324,0.0,0.1011524617242644,0.0824706219027127,8.873838916731886,0.3793648607524784,0.0824706219027127,7.743991396664724,0.214423616947053,0.7286,3.1429,25.3372,26.2152,70.7964,76.5695,0.1433747398910726,0.1661279806554118,0.1208260274174932,0.0,0.0,0.3000861224948515,2.0762,1.95428,24.973133333333333,25.53626,72.9087,75.75398,0.1505711329580389,0.1140927862644936,0.0739928297139192,0.0649399181571326,0.1000287074982838,0.1212888822743566,0.0824706219027127,0.2114696954817621
2025,Haripur,41,6.1857,19.0464,69.9846,1212553.0,605.0,2.0,1725.0,0.65,10.0,939.0,26.0,0.1556259019991379,0.3060676059086473,0.1025606930389218,0.0824706219027127,7.743991396664724,0.214423616947053,0.1484471194248828,8.1810856927491,0.4041060473232922,2.3571,0.7286,23.367,25.3372,71.3602,70.7964,0.1422106783276324,0.1433747398910726,0.1011524617242644,0.1208260274174932,0.0,0.0,3.090466666666666,2.68,22.58353333333333,24.20256,70.71373333333334,73.53524,0.1470704400726143,0.1214678601746509,0.1081797273935598,0.0649078364361358,0.1020225353028824,0.182502403456086,0.1484471194248828,0.1151301304035961
2025,Haripur,42,0.0,21.1015,68.0529,1212553.0,605.0,2.0,1725.0,0.65,18.0,992.0,49.0,0.2751409467982746,0.2935175677478034,0.2327658548229522,0.1484471194248828,8.1810856927491,0.4041060473232922,0.1731883059956967,7.216179416487362,0.0247411865708138,6.1857,2.3571,19.0464,23.367,69.9846,71.3602,0.1556259019991379,0.1422106783276324,0.1025606930389218,0.1011524617242644,0.3060676059086473,0.0,2.8475999999999995,2.48286,21.171633333333336,23.01346,69.79923333333333,71.35272,0.1909925090416816,0.1764960495343058,0.1454930031953794,0.1114610074007263,0.1998617245521502,0.1799342592302604,0.1731883059956967,0.254697262671427
2025,Haripur,43,0.0,20.0048,58.8507,1212553.0,605.0,2.0,1725.0,0.65,21.0,875.0,3.0,0.2398113635654344,0.2771868356718459,0.2488575373007613,0.1731883059956967,7.216179416487362,0.0247411865708138,0.1566941816151541,8.362521060935068,0.2886471766594944,0.0,6.1857,21.1015,19.0464,68.0529,69.9846,0.2751409467982746,0.1556259019991379,0.2327658548229522,0.1025606930389218,0.2935175677478034,0.3060676059086473,2.061899999999999,1.85428,20.0509,21.77138,65.62939999999999,67.80896,0.2235260707876156,0.1912327261163103,0.1947280283875451,0.1612325148608785,0.2922573364427656,0.1753544018656593,0.1566941816151541,0.17829780971056586
2024,Harnai,37,0.0,0.0,0.0,127571.0,0.0,0.0,0.0,0.0,60.0,62.0,0.0,0.0,0.0,0.0,4.703263280839689,4.860038723534346,0.0,5.95746682239694,7.446833527996175,0.3135508853893126,0.0,0.0,0.0,0.0,0.0,0.0,0.0,0.0,0.0,0.0,0.0,0.0,0.0,0.0,0.0,0.0,0.0,0.0,0.0,0.0,0.0,0.0,0.0,0.0,5.95746682239694,5.2872006197393535
2024,Harnai,38,0.0,0.0,0.0,127571.0,0.0,0.0,0.0,0.0,76.0,95.0,4.0,0.0,0.0,0.0,5.95746682239694,7.446833527996175,0.3135508853893126,7.838772134732816,8.387486184164112,0.3135508853893126,0.0,0.0,0.0,0.0,0.0,0.0,0.0,0.0,0.0,0.0,0.0,0.0,0.0,0.0,0.0,0.0,0.0,0.0,0.0,0.0,0.0,0.0,0.0,0.0,7.838772134732816,5.813560436084805
2024,Harnai,39,0.0,0.0,0.0,127571.0,0.0,0.0,0.0,0.0,100.0,107.0,4.0,0.0,0.0,0.0,7.838772134732816,8.387486184164112,0.3135508853893126,0.7054894921259535,6.506180871828238,0.2351631640419844,0.0,0.0,0.0,0.0,0.0,0.0,0.0,0.0,0.0,0.0,0.0,0.0,0.0,0.0,0.0,0.0,0.0,0.0,0.0,0.0,0.0,0.0,0.0,0.0,0.7054894921259535,6.359488409067678
2024,Harnai,40,0.0,0.0,0.0,127571.0,0.0,0.0,0.0,0.0,9.0,83.0,3.0,0.0,0.0,0.0,0.7054894921259535,6.506180871828238,0.2351631640419844,1.7245298696412197,7.838772134732816,1.959693033683204,0.0,0.0,0.0,0.0,0.0,0.0,0.0,0.0,0.0,0.0,0.0,0.0,0.0,0.0,0.0,0.0,0.0,0.0,0.0,0.0,0.0,0.0,0.0,0.0,1.7245298696412197,4.927363020686453
2024,Harnai,41,0.0,0.0,0.0,127571.0,0.0,0.0,0.0,0.0,22.0,100.0,25.0,0.0,0.0,0.0,1.7245298696412197,7.838772134732816,1.959693033683204,2.430019361767173,6.5845685931755655,0.6271017707786252,0.0,0.0,0.0,0.0,0.0,0.0,0.0,0.0,0.0,0.0,0.0,0.0,0.0,0.0,0.0,0.0,0.0,0.0,0.0,0.0,0.0,0.0,0.0,0.0,2.430019361767173,4.185240382358973
2024,Harnai,42,0.0,0.0,0.0,127571.0,0.0,0.0,0.0,0.0,31.0,84.0,8.0,0.0,0.0,0.0,2.430019361767173,6.5845685931755655,0.6271017707786252,8.152323020122129,2.1948561977251884,0.1567754426946563,0.0,0.0,0.0,0.0,0.0,0.0,0.0,0.0,0.0,0.0,0.0,0.0,0.0,0.0,0.0,0.0,0.0,0.0,0.0,0.0,0.0,0.0,0.0,0.0,8.152323020122129,4.453138849572108
2024,Hub,37,0.1308,27.3095,81.2129,382885.0,0.0,0.0,0.0,0.0,89.0,110.0,0.0,0.0,0.0,0.0,2.324457735351346,2.872925290883686,0.0,3.10798281468326,2.6378677670841117,0.0,0.2143,14.3,27.1365,27.9016,84.7943,80.3906,0.0,0.0,0.0,0.0,0.0,0.0,4.8817,3.30616,27.4492,27.93214,82.13260000000001,80.92616000000001,0.0,0.0,0.0,0.0,0.0,0.0,3.10798281468326,2.4886128755526737
2024,Hub,38,0.0,28.1802,75.9865,382885.0,0.0,0.0,0.0,0.0,119.0,101.0,0.0,0.0,0.0,0.0,3.10798281468326,2.6378677670841117,0.0,2.402810243284537,3.1341003173276567,0.0,0.1308,0.2143,27.3095,27.1365,81.2129,84.7943,0.0,0.0,0.0,0.0,0.0,0.0,0.1150333333333333,3.0947400000000003,27.54206666666666,27.88274,80.66456666666669,79.73060000000001,0.0,0.0,0.0,0.0,0.0,0.0,2.402810243284537,3.0213929295471846
2024,Hub,39,0.0,28.9811,73.5485,382885.0,0.0,0.0,0.0,0.0,92.0,120.0,0.0,0.0,0.0,0.0,2.402810243284537,3.1341003173276567,0.0,0.9141125925539,2.2983402327069484,0.0,0.0,0.1308,28.1802,27.3095,75.9865,81.2129,0.0,0.0,0.0,0.0,0.0,0.0,0.0436,2.9290200000000004,28.15693333333333,27.90178,76.91596666666668,79.18656000000001,0.0,0.0,0.0,0.0,0.0,0.0,0.9141125925539,2.679493414999877
2024,Hub,40,0.0,28.8825,73.6809,382885.0,0.0,0.0,0.0,0.0,35.0,88.0,0.0,0.0,0.0,0.0,0.9141125925539,2.2983402327069484,0.0,0.18282251851078,2.167752719484963,0.0,0.0,0.0,28.9811,28.1802,73.5485,75.9865,0.0,0.0,0.0,0.0,0.0,0.0,0.0,0.06902,28.681266666666662,28.09796,74.40530000000001,77.84461999999999,0.0,0.0,0.0,0.0,0.0,0.0,0.18282251851078,2.225260355882688
2024,Hub,41,0.0,31.4371,44.3025,382885.0,0.0,0.0,0.0,0.0,7.0,83.0,0.0,0.0,0.0,0.0,0.18282251851078,2.167752719484963,0.0,1.8021076824634028,4.518327957480706,0.0,0.0,0.0,28.8825,28.9811,73.6809,73.5485,0.0,0.0,0.0,0.0,0.0,0.0,0.0,0.02616,29.7669,28.95808,63.84396666666667,69.74626,0.0,0.0,0.0,0.0,0.0,0.0,1.8021076824634028,2.6913274375676073
2024,Hub,42,0.0143,30.9799,53.424,382885.0,0.0,0.0,0.0,0.0,69.0,173.0,0.0,0.0,0.0,0.0,1.8021076824634028,4.518327957480706,0.0,5.040678010368649,1.4103451427974458,0.0,0.0,0.0,31.4371,28.8825,44.3025,73.6809,0.0,0.0,0.0,0.0,0.0,0.0,0.0047666666666666,0.00286,30.433166666666665,29.69216,57.1358,64.18848,0.0,0.0,0.0,0.0,0.0,0.0,5.040678010368649,2.5467622615049965
2024,Hub,43,0.0,30.3618,55.5612,382885.0,0.0,0.0,0.0,0.0,193.0,54.0,0.0,0.0,0.0,0.0,5.040678010368649,1.4103451427974458,0.0,2.6378677670841117,0.2611750264439714,0.0,0.0143,0.0,30.9799,31.4371,53.424,44.3025,0.0,0.0,0.0,0.0,0.0,0.0,0.0047666666666666,0.00286,30.926266666666663,30.128480000000003,51.09590000000001,60.10342000000001,0.0,0.0,0.0,0.0,0.0,0.0,2.6378677670841117,4.081788161921395
2024,Hub,44,0.0,27.2829,72.803,382885.0,0.0,0.0,0.0,0.0,101.0,10.0,0.0,0.0,0.0,0.0,2.6378677670841117,0.2611750264439714,0.0,1.9055455706892444,4.417401095688703,0.086615707758602,0.0,0.0143,30.3618,30.9799,55.5612,53.424,0.0,0.0,0.0,0.0,0.0,0.0,0.0047666666666666,0.00286,29.54153333333333,29.78884,60.59606666666667,59.95432000000001,0.0,0.0,0.0,0.0,0.0,0.0,1.9055455706892444,2.9409224931827844
2025,Hub,37,13.4286,26.5847,85.3701,461810.0,0.0,0.0,0.0,0.0,307.0,231.0,1.0,0.0,0.0,0.0,6.647755570472706,5.0020571230592665,0.0216539269396505,1.0826963469825253,3.291396894826877,0.043307853879301,0.4143,13.2286,28.5716,28.9802,75.4284,81.7757,0.0,0.0,0.0,0.0,0.0,0.0,9.023833333333334,5.54574,28.0455,28.34706,80.85806666666667,78.32982000000001,0.0,0.0,0.0,0.0,0.0,0.0,1.0826963469825253,4.482363842835657
2025,Hub,38,0.4286,27.2183,81.6077,461810.0,0.0,0.0,0.0,0.0,50.0,152.0,2.0,0.0,0.0,0.0,1.0826963469825253,3.291396894826877,0.043307853879301,3.03154977155107,5.348519954093675,0.043307853879301,13.4286,0.4143,26.5847,28.5716,85.3701,75.4284,0.0,0.0,0.0,0.0,0.0,0.0,4.7571666666666665,5.60288,27.4582,28.099200000000003,80.80206666666668,79.71592000000001,0.0,0.0,0.0,0.0,0.0,0.0,3.03154977155107,2.3688480073092655
2025,Hub,39,0.2286,27.5511,79.2712,461810.0,0.0,0.0,0.0,0.0,140.0,247.0,2.0,0.0,0.0,0.0,3.03154977155107,5.348519954093675,0.043307853879301,4.135900045473247,4.439055022628353,0.043307853879301,0.4286,13.4286,27.2183,26.5847,81.6077,85.3701,0.0,0.0,0.0,0.0,0.0,0.0,4.695266666666666,5.54574,27.118033333333333,27.78118,82.083,80.69062,0.0,0.0,0.0,0.0,0.0,0.0,4.135900045473247,3.0410674599374503
2025,Hub,40,1.3429,29.1883,70.6579,461810.0,0.0,0.0,0.0,0.0,191.0,205.0,2.0,0.0,0.0,0.0,4.135900045473247,4.439055022628353,0.043307853879301,1.2775816894393797,3.3996665295251294,0.0216539269396505,0.2286,0.4286,27.5511,27.2183,79.2712,81.6077,0.0,0.0,0.0,0.0,0.0,0.0,0.6667,3.1686,27.9859,27.8228,77.17893333333335,78.46706,0.0,0.0,0.0,0.0,0.0,0.0,1.2775816894393797,3.4848393318047384
2025,Hub,41,0.0,26.6505,65.042,461810.0,0.0,0.0,0.0,0.0,59.0,157.0,1.0,0.0,0.0,0.0,1.2775816894393797,3.3996665295251294,0.0216539269396505,2.1653926939650505,3.7461293605595376,0.0,1.3429,0.2286,29.1883,27.5511,70.6579,79.2712,0.0,0.0,0.0,0.0,0.0,0.0,0.5238333333333334,3.0857399999999995,27.796633333333336,27.43858,71.65703333333335,76.38978,0.0,0.0,0.0,0.0,0.0,0.0,2.1653926939650505,2.053351769930411
2025,Hub,42,0.0,26.9594,49.9529,461810.0,0.0,0.0,0.0,0.0,100.0,173.0,0.0,0.0,0.0,0.0,2.1653926939650505,3.7461293605595376,0.0,4.179207899352548,3.594551871981984,0.086615707758602,0.0,1.3429,26.6505,29.1883,65.042,70.6579,0.0,0.0,0.0,0.0,0.0,0.0,0.4476333333333333,0.4000199999999996,27.599400000000003,27.51352,61.88426666666667,69.30634,0.0,0.0,0.0,0.0,0.0,0.0,4.179207899352548,2.438610048132234
2025,Hub,43,0.0,27.538,37.1313,461810.0,0.0,0.0,0.0,0.0,193.0,166.0,4.0,0.0,0.0,0.0,4.179207899352548,3.594551871981984,0.086615707758602,3.2697429678872263,2.2087005478443515,0.0,0.0,0.0,26.9594,26.6505,49.9529,65.042,0.0,0.0,0.0,0.0,0.0,0.0,0.0,0.3142999999999997,27.0493,27.57746,50.70873333333335,60.411060000000006,0.0,0.0,0.0,0.0,0.0,0.0,3.2697429678872263,3.4549689466621825
2024,Hyderabad,37,1.4923,28.7588,75.5781,2432540.0,20.0,2.0,993.0,0.75,743.0,1703.0,9.0,0.1935868532685024,0.3290012268156118,0.1494045386957081,3.054420482294228,7.000912626308303,0.0369983638501319,3.6710598797964265,6.404827875389511,0.0657748690669012,2.7714,14.6,28.7479,28.8243,78.1681,78.1478,0.179487015372642,0.2131645977619735,0.1440684111488278,0.1523345486938923,0.0,0.0,6.2879000000000005,4.755599999999999,28.777,29.41226,77.298,75.25559999999999,0.1954128221343726,0.2250323278348872,0.1486024995128093,0.1244269326769205,0.1096670756052039,0.0658002453631223,3.6710598797964265,3.2920071907512276
2024,Hyderabad,38,0.0,30.3066,66.7941,2432540.0,20.0,2.0,993.0,0.75,893.0,1558.0,16.0,0.1671716634007339,0.0,0.1453688615086037,3.6710598797964265,6.404827875389511,0.0657748690669012,4.008156083764296,6.347274864955972,0.0822185863336265,1.4923,2.7714,28.7588,28.7479,75.5781,78.1681,0.1935868532685024,0.179487015372642,0.1494045386957081,0.1440684111488278,0.3290012268156118,0.0,1.4212333333333331,3.95274,29.2711,29.3665,73.51343333333334,74.16262,0.1800818440139594,0.1881598657463643,0.1462806037843798,0.1535007049786413,0.1096670756052039,0.0658002453631223,4.008156083764296,4.161076820482297
2024,Hyderabad,39,0.0,31.4452,63.4509,2432540.0,20.0,2.0,993.0,0.75,975.0,1544.0,20.0,0.1715251368276693,0.3160776852465477,0.1331905410376345,4.008156083764296,6.347274864955972,0.0822185863336265,3.4038494742121403,6.084175388688367,0.0616639397502199,0.0,1.4923,30.3066,28.7588,66.7941,75.5781,0.1671716634007339,0.1935868532685024,0.1453688615086037,0.1494045386957081,0.0,0.3290012268156118,0.4974333333333333,3.77274,30.170200000000005,29.61656,68.60770000000001,72.4278,0.1774278844989685,0.1849870533263042,0.1426546470806488,0.1448733802169332,0.2150263040207198,0.1290157824124319,3.4038494742121403,3.729339667343972
2024,Hyderabad,40,0.0,31.2091,61.8932,2432540.0,20.0,2.0,993.0,0.75,828.0,1480.0,15.0,0.2139504405850617,0.2960783888404713,0.1465655954022614,3.4038494742121403,6.084175388688367,0.0616639397502199,4.02048887171434,6.881695676124545,0.0616639397502199,0.0,0.0,31.4452,30.3066,63.4509,66.7941,0.1715251368276693,0.1671716634007339,0.1331905410376345,0.1453688615086037,0.3160776852465477,0.0,0.0,0.85274,30.986966666666664,30.09352,64.04606666666666,69.17688000000001,0.1842157469378216,0.1851442218909218,0.1417083326494998,0.1437195895586071,0.204052024695673,0.1882314601805261,4.02048887171434,3.7636285877944737
2024,Hyderabad,41,0.0,31.9521,39.8386,2432540.0,20.0,2.0,993.0,0.75,978.0,1674.0,15.0,0.165370773054194,0.2796280051408509,0.1458383571930694,4.02048887171434,6.881695676124545,0.0616639397502199,3.654616162529701,6.984468909041578,0.0616639397502199,0.0,0.0,31.2091,31.4452,61.8932,63.4509,0.2139504405850617,0.1715251368276693,0.1465655954022614,0.1331905410376345,0.2960783888404713,0.3160776852465477,0.0,0.29846,31.535466666666668,30.73436,55.0609,61.51098,0.1836154501556416,0.1823209734272322,0.1418648312109884,0.1440735787674554,0.2972613597426233,0.2441570612086963,3.654616162529701,3.790928880479911
2024,Hyderabad,42,0.0,32.3723,41.8828,2432540.0,20.0,2.0,993.0,0.75,889.0,1699.0,15.0,0.1877926436505807,0.0,0.1375690615819331,3.654616162529701,6.984468909041578,0.0616639397502199,1.7594777475396088,6.721369432773973,0.1027732329170332,0.0,0.0,31.9521,31.2091,39.8386,61.8932,0.165370773054194,0.2139504405850617,0.1458383571930694,0.1465655954022614,0.2796280051408509,0.2960783888404713,0.0,0.0,31.8445,31.45706,47.87153333333333,54.77192,0.1890379524299454,0.1811621315036479,0.1433243380590879,0.1417064833447004,0.1919021313271074,0.178356815845574,1.7594777475396088,3.609619914427582
2024,Hyderabad,43,0.0,31.9348,36.115,2432540.0,20.0,2.0,993.0,0.75,428.0,1635.0,25.0,0.23227350934811,0.2536921437488399,0.159940647508351,1.7594777475396088,6.721369432773973,0.1027732329170332,2.8488740164601607,4.908449604117507,0.0986623036003518,0.0,0.0,32.3723,31.9521,41.8828,39.8386,0.1877926436505807,0.165370773054194,0.1375690615819331,0.1458383571930694,0.0,0.2796280051408509,0.0,0.0,32.0864,31.7827,39.2788,48.6361,0.1951456420176282,0.1941825006931231,0.1477826887611178,0.1446208405446498,0.1777733829632302,0.2290952445953419,2.8488740164601607,1.2345447475377487
2024,Hyderabad,44,0.0,29.2741,50.8722,2432540.0,20.0,2.0,993.0,0.75,693.0,1194.0,24.0,0.1921557605302148,0.243587138183429,0.1571333302638457,2.8488740164601607,4.908449604117507,0.0986623036003518,2.48530156558959,9.253142440114948,0.0300792927756682,0.0,0.0,31.9348,32.3723,36.115,41.8828,0.23227350934811,0.1877926436505807,0.159940647508351,0.1375690615819331,0.2536921437488399,0.0,0.0,0.0,31.19373333333333,31.34848,42.95666666666667,46.120360000000005,0.2040739711763018,0.1983086254336322,0.1515476797847099,0.1494093983898921,0.1657597606440896,0.2145971351827182,2.48530156558959,2.5137676288921296
2025,Hyderabad,37,10.4,27.6512,80.4945,2659637.0,20.0,2.0,993.0,0.75,1649.0,2495.0,41.0,0.1867027827008759,0.2422520224096085,0.0,6.20009422338462,9.380979434411538,0.1541563754752998,5.357874025665908,9.907367057985732,0.1579162870722583,0.9571,13.1714,30.8283,30.5229,65.397,76.3602,0.0,0.2087835209432136,0.0,0.1658578168953885,0.0,0.0,8.176166666666667,4.90856,29.667466666666662,30.15678,74.08389999999999,70.4538,0.1318287678813631,0.1852529187251891,0.0552859389651295,0.1218516481484253,0.0807506741365361,0.0898009556127792,5.357874025665908,7.883821004309725
2025,Hyderabad,38,0.0,28.8554,74.1076,2659637.0,20.0,2.0,993.0,0.75,1425.0,2635.0,42.0,0.179959946965008,0.1952903993154193,0.1543988041911899,5.357874025665908,9.907367057985732,0.1579162870722583,5.6737065998104255,7.30174832129347,0.1503964638783413,10.4,0.9571,27.6512,30.8283,80.4945,65.397,0.1867027827008759,0.0,0.0,0.0,0.2422520224096085,0.0,3.7857,4.90856,29.111633333333334,29.86626,73.33303333333333,71.99442,0.1222209098886279,0.1600394001764511,0.0514662680637299,0.1051502081760151,0.1458474739083426,0.0875084843450055,5.6737065998104255,6.948684905197117
2025,Hyderabad,39,0.0286,29.7634,65.666,2659637.0,20.0,2.0,993.0,0.75,1509.0,1942.0,40.0,0.1136335246298653,0.0,0.1027525690704305,5.6737065998104255,7.30174832129347,0.1503964638783413,4.455495242395861,5.8391427100766,0.3120726625475582,0.0,10.4,28.8554,27.6512,74.1076,80.4945,0.179959946965008,0.1867027827008759,0.1543988041911899,0.0,0.1952903993154193,0.2422520224096085,3.4762000000000004,4.911420000000001,28.75666666666667,29.52424,73.4227,72.40506,0.1600987514319163,0.1378159550477925,0.0857171244205401,0.0846018380314017,0.1458474739083426,0.0875084843450055,4.455495242395861,7.276096493201704
2025,Hyderabad,40,1.7714,30.1196,67.688,2659637.0,20.0,2.0,993.0,0.75,1185.0,1553.0,83.0,0.2052419915780056,0.2709423253832811,0.1039308381215947,4.455495242395861,5.8391427100766,0.3120726625475582,8.47484073954453,10.411195211978177,0.1879955798479266,0.0286,0.0,29.7634,28.8554,65.666,74.1076,0.1136335246298653,0.179959946965008,0.1027525690704305,0.1543988041911899,0.0,0.1952903993154193,0.6,2.6314200000000008,29.579466666666665,29.44358,69.15386666666666,70.67062000000001,0.1662784877242929,0.1371076491747509,0.1203607371277383,0.072216442276643,0.1554109082329001,0.1416969494216617,8.47484073954453,4.8207413840180315
2025,Hyderabad,41,0.0,28.5253,46.303,2659637.0,20.0,2.0,993.0,0.75,2254.0,2769.0,50.0,0.1646928266468328,0.2919306132178833,0.1432803523107669,8.47484073954453,10.411195211978177,0.1879955798479266,8.320684364069232,9.53137589828988,0.184235668250968,1.7714,0.0286,30.1196,29.7634,67.688,65.666,0.2052419915780056,0.1136335246298653,0.1039308381215947,0.1027525690704305,0.2709423253832811,0.0,0.6,2.4400000000000004,29.46943333333333,28.98298,59.88566666666666,66.85182,0.1611894476182345,0.1700462145041175,0.1166545865009307,0.1008725127387964,0.1876243128670548,0.2000830720652384,8.320684364069232,10.550609376705019
2025,Hyderabad,42,0.0,29.2378,32.3864,2659637.0,20.0,2.0,993.0,0.75,2213.0,2535.0,49.0,0.2512226166391353,0.2704573199643996,0.145712902487936,8.320684364069232,9.53137589828988,0.184235668250968,6.749041316540565,9.061386948670062,0.1804757566540095,0.0,1.7714,28.5253,30.1196,46.303,67.688,0.1646928266468328,0.2052419915780056,0.1432803523107669,0.1039308381215947,0.2919306132178833,0.2709423253832811,0.5904666666666667,0.3600000000000004,29.29423333333333,29.300300000000004,48.792466666666655,57.2302,0.2070524782879912,0.1829501812917693,0.1309746976400992,0.1300150932363836,0.277776752855188,0.2057241315761966,6.749041316540565,9.843535378116544
2025,Hyderabad,43,0.0,29.0902,33.3887,2659637.0,20.0,2.0,993.0,0.75,1795.0,2410.0,48.0,0.2173811391794146,0.2536233898666265,0.1639181886555311,6.749041316540565,9.061386948670062,0.1804757566540095,7.328067702472179,8.226686574145269,0.1879955798479266,0.0,0.0,29.2378,28.5253,32.3864,46.303,0.2512226166391353,0.1646928266468328,0.145712902487936,0.1432803523107669,0.2704573199643996,0.2919306132178833,0.0,0.3600000000000004,28.9511,29.34726,37.35936666666666,49.08642,0.2110988608217942,0.1904344197346507,0.1509704811514113,0.1319189701292518,0.2720037743496364,0.217390729686438,7.328067702472179,7.3674631344711665
2024,Jacobabad,37,0.9308,31.6349,66.8997,1174097.0,55.0,0.0,2686.0,0.35,1343.0,1245.0,47.0,0.3540952235150031,0.2980192352529763,0.3341751824351909,11.438577902847893,10.60389388610992,0.4003076406804549,11.464129454380686,9.351867861002969,0.4343763760575148,1.7286,9.2889,31.1042,30.2491,72.5422,74.4796,0.521582974588652,0.600884063906028,0.444040047012074,0.4544260180540005,0.2121945456238587,0.0,3.982766666666666,5.2182200000000005,30.996066666666664,31.11998,71.30716666666666,72.55600000000001,0.4921874206698944,0.5506454540989563,0.4108804158337551,0.3872339410984595,0.1700712602922783,0.1879009752324192,11.464129454380686,11.618466041774727
2024,Jacobabad,38,0.0,32.4837,57.4245,1174097.0,55.0,0.0,2686.0,0.35,1346.0,1098.0,51.0,0.4249640417313894,0.2840704628649416,0.3091871427842418,11.464129454380686,9.351867861002969,0.4343763760575148,11.26823422596259,9.053766426453691,0.4003076406804549,0.9308,1.7286,31.6349,31.1042,66.8997,72.5422,0.3540952235150031,0.521582974588652,0.3341751824351909,0.444040047012074,0.2980192352529763,0.2121945456238587,0.8864666666666666,3.16108,31.74093333333333,31.20576,65.62213333333332,70.03772000000001,0.4335474132783481,0.5096569183167661,0.3624674574105022,0.4030493776510859,0.2647614145805922,0.2014200235967852,11.26823422596259,10.913180492878578
2024,Jacobabad,39,0.1,33.495,54.861,1174097.0,55.0,0.0,2686.0,0.35,1323.0,1063.0,47.0,0.3042026117598244,0.3115223049579909,0.2779398962587017,11.26823422596259,9.053766426453691,0.4003076406804549,11.489681005913482,8.236116777404252,0.3151358022378049,0.0,0.9308,32.4837,31.6349,57.4245,66.8997,0.4249640417313894,0.3540952235150031,0.3091871427842418,0.3341751824351909,0.2840704628649416,0.2980192352529763,0.3435999999999999,2.40966,32.537866666666666,31.79338,59.7284,65.2414,0.3610872923354056,0.4411457831001794,0.3071007404927114,0.3639536573088417,0.2978706676919696,0.2211613097399535,11.489681005913482,10.801708588570254
2024,Jacobabad,40,0.0625,32.6915,50.8014,1174097.0,55.0,0.0,2686.0,0.35,1349.0,967.0,37.0,0.4255536632015636,0.3211965482904171,0.2895911118364633,11.489681005913482,8.236116777404252,0.3151358022378049,11.30230296133965,8.755664991904416,0.2725498830164798,0.1,0.0,33.495,32.4837,54.861,57.4245,0.3042026117598244,0.4249640417313894,0.2779398962587017,0.3091871427842418,0.3115223049579909,0.2840704628649416,0.0541666666666666,0.5643800000000003,32.89006666666666,32.281859999999995,54.362300000000005,60.50576,0.3849067722309258,0.4060797029592865,0.2922393836264689,0.3309866760653343,0.3055964387044498,0.2854006193980369,11.30230296133965,10.119952036102148
2024,Jacobabad,41,0.0714,30.4688,43.8734,1174097.0,55.0,0.0,2686.0,0.35,1327.0,1028.0,32.0,0.3422094293783375,0.3040994040178444,0.341936227337897,11.30230296133965,8.755664991904416,0.2725498830164798,11.208613939052736,7.665465459838497,0.3406873537705999,0.0625,0.1,32.6915,33.495,50.8014,54.861,0.4255536632015636,0.3042026117598244,0.2895911118364633,0.2779398962587017,0.3211965482904171,0.3115223049579909,0.0779666666666666,0.2329400000000003,32.21843333333333,32.15478,49.84526666666667,54.772000000000006,0.3573219014465751,0.3702049939172236,0.303155745144354,0.3105659121304989,0.3122727524220841,0.303781591076834,11.208613939052736,10.373995672559875
2024,Jacobabad,42,0.0,30.3741,38.8525,1174097.0,55.0,0.0,2686.0,0.35,1316.0,900.0,40.0,0.2761853716851128,0.3227337401542073,0.252430707251481,11.208613939052736,7.665465459838497,0.3406873537705999,9.820312972437542,7.299226554535102,0.1873780445738299,0.0714,0.0625,30.4688,32.6915,43.8734,50.8014,0.3422094293783375,0.4255536632015636,0.341936227337897,0.2895911118364633,0.3040994040178444,0.3211965482904171,0.0446333333333333,0.0467800000000003,31.17813333333333,31.902619999999995,44.5091,49.16256,0.3479828214216713,0.3546230235512455,0.2946526821419471,0.2942170170937569,0.3160098974874896,0.3087244920570803,9.820312972437542,9.961726104681363
2024,Jacobabad,43,0.0,30.5932,34.923,1174097.0,55.0,0.0,2686.0,0.35,1153.0,857.0,22.0,0.3336682210610964,0.2344475296447803,0.2437423270006922,9.820312972437542,7.299226554535102,0.1873780445738299,11.74519652124143,6.047200529428148,0.3066186183935399,0.0,0.0714,30.3741,30.4688,38.8525,43.8734,0.2761853716851128,0.3422094293783375,0.252430707251481,0.341936227337897,0.3227337401542073,0.3040994040178444,0.0238,0.0467800000000003,30.4787,31.524520000000003,39.2163,44.66226,0.3173543407081822,0.3363638594171869,0.2793697538633568,0.281128053937047,0.287093557938944,0.298799905413048,11.74519652124143,8.557508466937144
2024,Jacobabad,44,0.0,28.8143,45.3236,1174097.0,55.0,0.0,2686.0,0.35,1379.0,710.0,36.0,0.257169490735985,0.2069405821011945,0.2326483553573947,11.74519652124143,6.047200529428148,0.3066186183935399,5.977738474352871,4.974596667102459,0.2795641102173282,0.0,0.0,30.5932,30.3741,34.923,38.8525,0.3336682210610964,0.2761853716851128,0.2437423270006922,0.252430707251481,0.2344475296447803,0.3227337401542073,0.0,0.0267800000000003,29.9272,30.588379999999997,39.6997,42.75478,0.2890076944940647,0.326957235212419,0.2429404632031893,0.2720697457567856,0.2547072839667274,0.2778835608416887,5.977738474352871,10.367051501089211
2025,Jacobabad,37,2.3143,29.5816,73.8828,1216179.0,55.0,0.0,2686.0,0.35,1559.0,1003.0,168.0,0.3642859319466894,0.2951558858148678,0.0,12.818836700847491,8.247141251411183,1.381375603426798,12.391268061691576,7.729125400126132,1.4964902370456978,0.1143,2.1286,32.8884,33.025,60.6083,65.1297,0.0,0.4707587087506486,0.0,0.4484518574677788,0.2183263752002309,0.2734408394335234,1.5190666666666666,0.9343000000000004,31.831666666666667,32.726099999999995,66.54026666666668,61.32372,0.2783482135657793,0.431071282533107,0.1494839524892596,0.3217406049817818,0.2623077001495407,0.1573846200897244,12.391268061691576,12.772452463128595
2025,Jacobabad,38,0.0,32.2601,59.7912,1216179.0,55.0,0.0,2686.0,0.35,1507.0,940.0,182.0,0.3687120167709929,0.3178028059242759,0.3089380735836772,12.391268061691576,7.729125400126132,1.4964902370456978,12.917506386806547,6.742428540535563,1.1511463361889984,2.3143,0.1143,29.5816,32.8884,73.8828,60.6083,0.3642859319466894,0.0,0.0,0.0,0.2951558858148678,0.2183263752002309,0.8095333333333333,0.9343000000000004,31.5767,32.41948,64.76076666666667,62.500800000000005,0.2443326495725607,0.3783922616665894,0.1029793578612257,0.2623770723053236,0.2770950223131249,0.2209451812745795,12.917506386806547,12.428536494541127
2025,Jacobabad,39,0.0,32.4914,51.211,1216179.0,55.0,0.0,2686.0,0.35,1571.0,820.0,140.0,0.2492905430713643,0.3423442433035555,0.232219863993157,12.917506386806547,6.742428540535563,1.1511463361889984,8.65004246907733,6.076408160311928,1.356708181937034,0.0,2.3143,32.2601,29.5816,59.7912,73.8828,0.3687120167709929,0.3642859319466894,0.3089380735836772,0.0,0.3178028059242759,0.2951558858148678,0.7714333333333333,0.9114400000000004,31.444366666666667,32.0493,61.62833333333334,62.12460000000001,0.3274294972630155,0.290609440107939,0.180385979192278,0.1979219590089226,0.3184343116808997,0.2894140299352907,8.65004246907733,12.488489113304812
2025,Jacobabad,40,0.0,32.7765,45.2435,1216179.0,55.0,0.0,2686.0,0.35,1052.0,739.0,165.0,0.4481849749884515,0.2910523216867001,0.2759390543640813,8.65004246907733,6.076408160311928,1.356708181937034,14.520888783641224,6.298414953719806,1.5211576585354625,0.0,0.0,32.4914,32.2601,51.211,59.7912,0.2492905430713643,0.3687120167709929,0.232219863993157,0.3089380735836772,0.3423442433035555,0.3178028059242759,0.0,0.4857200000000003,32.50933333333333,31.9996,52.0819,58.147360000000006,0.3553958449436029,0.2860946933554996,0.2723656639803051,0.1634193983881831,0.3170664569715105,0.292936326385926,14.520888783641224,7.738002081304781
2025,Jacobabad,41,0.0,27.9479,43.47,1216179.0,55.0,0.0,2686.0,0.35,1766.0,766.0,185.0,0.2563361816074044,0.2973029084139073,0.2947252262325924,14.520888783641224,6.298414953719806,1.5211576585354625,15.94337675621763,6.89865554330407,1.3073733389575053,0.0,0.0,32.7765,32.4914,45.2435,51.211,0.4481849749884515,0.2492905430713643,0.2759390543640813,0.232219863993157,0.2910523216867001,0.3423442433035555,0.0,0.4628600000000003,31.07193333333333,31.0115,46.6415,54.7197,0.3179372332224067,0.3373619296769805,0.2676280481966102,0.2223644436347015,0.3102331578013876,0.3087316330286613,15.94337675621763,13.127499533337229
2025,Jacobabad,42,0.0,28.553,34.0386,1216179.0,55.0,0.0,2686.0,0.35,1939.0,839.0,159.0,0.4277357111830356,0.2399712616825445,0.3007960355362979,15.94337675621763,6.89865554330407,1.3073733389575053,16.675176927080635,6.429974534998548,1.5458250800252265,0.0,0.0,27.9479,32.7765,43.47,45.2435,0.2563361816074044,0.4481849749884515,0.2947252262325924,0.2759390543640813,0.2973029084139073,0.2910523216867001,0.0,0.0,29.75913333333333,30.80578,40.917366666666666,46.75086,0.3774189559262971,0.3500518855242497,0.2904867720443239,0.2825236507419612,0.2761088305943839,0.2976947082021966,16.675176927080635,14.599110867223157
2025,Jacobabad,43,0.0,27.9581,37.0486,1216179.0,55.0,0.0,2686.0,0.35,2028.0,782.0,188.0,0.3082582873713805,0.1984369397698396,0.3500196275368665,16.675176927080635,6.429974534998548,1.5458250800252265,18.229224480935784,5.805066523924521,1.5211576585354625,0.0,0.0,28.553,27.9479,34.0386,43.47,0.4277357111830356,0.2563361816074044,0.3007960355362979,0.2947252262325924,0.2399712616825445,0.2973029084139073,0.0,0.0,28.153,29.94538,38.18573333333333,42.20234,0.3307767267206068,0.3379611396443273,0.3151802964352523,0.290739961532599,0.2452370366220971,0.2738215349713094,18.229224480935784,15.006580298344101
2024,Jaffarabad,37,0.0,0.0,0.0,594558.0,55.0,1.0,1643.0,0.2,1090.0,457.0,6.0,0.5162052823816825,0.2412981161042743,0.4541944349300275,18.33294649134315,7.686382152792495,0.1009153017872099,14.514984240393703,6.710867568849464,0.06727686785814,0.0,0.0,0.0,0.0,0.0,0.0,0.5965475032532528,0.8531402497264817,0.7216018616605597,0.7673474231399314,0.1196640403128629,0.0,0.0,0.0,0.0,0.0,0.0,0.0,0.6552976784538057,0.696243521091936,0.6477145732435062,0.5252822832980544,0.1203207188057123,0.1219071947575997,14.514984240393703,11.273973634712561
2024,Jaffarabad,38,0.0,0.0,0.0,594558.0,55.0,1.0,1643.0,0.2,863.0,399.0,4.0,0.5092342921494031,0.2348429681362912,0.4035842869489418,14.514984240393703,6.710867568849464,0.06727686785814,8.392789265302964,18.013381369016987,0.992333800907565,0.0,0.0,0.0,0.0,0.0,0.0,0.5162052823816825,0.5965475032532528,0.4541944349300275,0.7216018616605597,0.2412981161042743,0.1196640403128629,0.0,0.0,0.0,0.0,0.0,0.0,0.5406623592614461,0.6403885678367478,0.5264601945131763,0.6059991406878427,0.1986017081844761,0.1494144652326536,8.392789265302964,9.770645732370333
2024,Jaffarabad,39,0.0,0.0,0.0,594558.0,55.0,1.0,1643.0,0.2,499.0,1071.0,59.0,0.4107853801750412,0.2771176370500619,0.3552957933919065,8.392789265302964,18.013381369016987,0.992333800907565,0.723226329475005,6.92951738938842,0.0,0.0,0.0,0.0,0.0,0.0,0.0,0.5092342921494031,0.5162052823816825,0.4035842869489418,0.4541944349300275,0.2348429681362912,0.2412981161042743,0.0,0.0,0.0,0.0,0.0,0.0,0.4787416515687089,0.5771825415371723,0.4043581717569586,0.5404047600142734,0.2510862404302091,0.174584552320698,0.723226329475005,7.072980122030974
2024,Jaffarabad,40,0.0,0.0,0.0,594558.0,55.0,1.0,1643.0,0.2,43.0,412.0,0.0,0.7278590492678352,0.2896074463092105,0.4654348127520423,0.723226329475005,6.92951738938842,0.0,2.52288254468025,19.64484541457688,0.0,0.0,0.0,0.0,0.0,0.0,0.0,0.4107853801750412,0.5092342921494031,0.3552957933919065,0.4035842869489418,0.2771176370500619,0.2348429681362912,0.0,0.0,0.0,0.0,0.0,0.0,0.5492929071974265,0.552126301445443,0.4081049643642968,0.4800222379366955,0.2671893504985212,0.2325060415825401,2.52288254468025,4.495598516605268
2024,Jaffarabad,41,0.0,0.0,0.0,594558.0,55.0,1.0,1643.0,0.2,150.0,1168.0,0.0,0.3667575646390287,0.2757874885230213,0.4282334271081295,2.52288254468025,19.64484541457688,0.0,2.05194446967327,17.86200841633617,0.0,0.0,0.0,0.0,0.0,0.0,0.0,0.7278590492678352,0.4107853801750412,0.4654348127520423,0.3552957933919065,0.2896074463092105,0.2771176370500619,0.0,0.0,0.0,0.0,0.0,0.0,0.5018006646939683,0.5061683137225981,0.4163213444173594,0.4213485510262095,0.2808375239607646,0.2637307312245719,2.05194446967327,6.076064581743057
2024,Jaffarabad,42,0.0,0.0,0.0,594558.0,55.0,1.0,1643.0,0.2,122.0,1062.0,0.0,0.4166433746964845,0.2746177659451649,0.3241940724222734,2.05194446967327,17.86200841633617,0.0,17.96292371812338,1.732379347347105,0.3700227732197699,0.0,0.0,0.0,0.0,0.0,0.0,0.3667575646390287,0.7278590492678352,0.4282334271081295,0.4654348127520423,0.2757874885230213,0.2896074463092105,0.0,0.0,0.0,0.0,0.0,0.0,0.5037533295344495,0.4862559321855585,0.4059541040941484,0.3953484785246587,0.2800042335924655,0.2703946611927499,17.96292371812338,5.0887946515321545
2024,Jaffarabad,43,0.0,0.0,0.0,594558.0,55.0,1.0,1643.0,0.2,1068.0,103.0,22.0,0.3093546311720757,0.2489260321963789,0.288920373986037,17.96292371812338,1.732379347347105,0.3700227732197699,18.38340414223676,1.58100639466629,1.17734518751745,0.0,0.0,0.0,0.0,0.0,0.0,0.4166433746964845,0.3667575646390287,0.3241940724222734,0.4282334271081295,0.2746177659451649,0.2757874885230213,0.0,0.0,0.0,0.0,0.0,0.0,0.364251856835863,0.446279999990093,0.3471159578388132,0.3724156959320777,0.2664437622215217,0.2732112740047675,18.38340414223676,10.727391122021396
2024,Jaffarabad,44,0.0,0.0,0.0,594558.0,55.0,1.0,1643.0,0.2,1093.0,94.0,70.0,0.3377172688688376,0.217748862626171,0.2513507219612697,18.38340414223676,1.58100639466629,1.17734518751745,9.38222173585586,8.400548449599928,0.0643720187708806,0.0,0.0,0.0,0.0,0.0,0.0,0.3093546311720757,0.4166433746964845,0.288920373986037,0.3241940724222734,0.2489260321963789,0.2746177659451649,0.0,0.0,0.0,0.0,0.0,0.0,0.3545717582457993,0.4316663777288523,0.2881550561231933,0.3516266816459504,0.2470975535892382,0.2613375191199893,9.38222173585586,10.637221628182072
2025,Jaffarabad,37,0.0,0.0,0.0,621388.0,55.0,1.0,1643.0,0.2,802.0,468.0,9.0,0.603494778024983,0.2642774667423947,0.0,12.906589763561575,7.531526196193039,0.1448370422344815,12.50426464624357,8.931617604459694,0.5793481689379261,0.0,0.0,0.0,0.0,0.0,0.0,0.0,0.7181201979367016,0.0,0.6607472998616286,0.0,0.2078004995328722,0.0,0.0,0.0,0.0,0.0,0.0,0.4405383253205615,0.5919421899440376,0.2202490999538762,0.4383982466724243,0.1573593220917556,0.0944155932550533,12.50426464624357,9.606533451744443
2025,Jaffarabad,38,0.0,0.0,0.0,621388.0,55.0,1.0,1643.0,0.2,777.0,555.0,36.0,0.5041242879856458,0.2755073944113583,0.4652102663551131,12.50426464624357,8.931617604459694,0.5793481689379261,13.598588965348542,9.68798882501754,0.94948727687049,0.0,0.0,0.0,0.0,0.0,0.0,0.603494778024983,0.0,0.0,0.0,0.2642774667423947,0.0,0.0,0.0,0.0,0.0,0.0,0.0,0.3692063553368762,0.5259161795044919,0.1550700887850377,0.3753710900985495,0.179928287051251,0.149517072137325,13.598588965348542,8.847045168657708
2025,Jaffarabad,39,0.0,0.0,0.0,621388.0,55.0,1.0,1643.0,0.2,845.0,602.0,59.0,0.4435718198409275,0.2851839031310532,0.4070324300431441,13.598588965348542,9.68798882501754,0.94948727687049,11.989288496076526,8.271804412058167,0.8368362440214487,0.0,0.0,0.0,0.0,0.0,0.0,0.5041242879856458,0.603494778024983,0.4652102663551131,0.0,0.2755073944113583,0.2642774667423947,0.0,0.0,0.0,0.0,0.0,0.0,0.5170636286171854,0.4538622167576515,0.2907475654660857,0.3065979992519771,0.2749895880949354,0.2065538527635357,11.989288496076526,9.348959216407145
2025,Jaffarabad,40,0.0,0.0,0.0,621388.0,55.0,1.0,1643.0,0.2,745.0,514.0,52.0,0.6641309889070743,0.2737559964224912,0.5401319849284537,11.989288496076526,8.271804412058167,0.8368362440214487,14.660727275068073,8.336176430829047,1.528835445808416,0.0,0.0,0.0,0.0,0.0,0.0,0.4435718198409275,0.5041242879856458,0.4070324300431441,0.4652102663551131,0.2851839031310532,0.2755073944113583,0.0,0.0,0.0,0.0,0.0,0.0,0.5372756989112158,0.443064374951726,0.4707915604422369,0.2824749362653421,0.2781490979883009,0.2197449521414594,14.660727275068073,8.432606329979697
2025,Jaffarabad,41,0.0,0.0,0.0,621388.0,55.0,1.0,1643.0,0.2,911.0,518.0,95.0,0.3489418330899111,0.2935685879915871,0.4255261289627821,14.660727275068073,8.336176430829047,1.528835445808416,4.843994412508771,5.262412534519496,0.0643720187708806,0.0,0.0,0.0,0.0,0.0,0.0,0.6641309889070743,0.4435718198409275,0.5401319849284537,0.4070324300431441,0.2737559964224912,0.2851839031310532,0.0,0.0,0.0,0.0,0.0,0.0,0.485548213945971,0.5128527415697083,0.4575635146447932,0.3675801620578986,0.2841694958483771,0.2784586697397769,4.843994412508771,9.862075773091247
2025,Jaffarabad,42,0.0,0.0,0.0,621388.0,55.0,1.0,1643.0,0.2,301.0,327.0,4.0,0.5586414714936385,0.2568493867642659,0.4070861785282462,4.843994412508771,5.262412534519496,0.0643720187708806,6.018783755077343,6.099248778540944,0.1609300469272016,0.0,0.0,0.0,0.0,0.0,0.0,0.3489418330899111,0.6641309889070743,0.4255261289627821,0.5401319849284537,0.2935685879915871,0.2737559964224912,0.0,0.0,0.0,0.0,0.0,0.0,0.5239047644968746,0.5038820802634395,0.457581430806494,0.4489973977635478,0.274724657059448,0.2769730537441511,6.018783755077343,6.151730586723722
2025,Jaffarabad,43,0.0,0.0,0.0,621388.0,55.0,1.0,1643.0,0.2,374.0,379.0,10.0,0.2506581887283126,0.2270693764381359,0.2601116072395915,6.018783755077343,6.099248778540944,0.1609300469272016,15.899888636407528,9.060361642001457,0.9816732862559304,0.0,0.0,0.0,0.0,0.0,0.0,0.5586414714936385,0.3489418330899111,0.4070861785282462,0.4255261289627821,0.2568493867642659,0.2935685879915871,0.0,0.0,0.0,0.0,0.0,0.0,0.3860804977706207,0.4531888604119728,0.3642413049102065,0.4079776659404436,0.2591624503979963,0.2672854501495066,15.899888636407528,5.921851991606842
2024,Jamshoro,37,1.7,28.5851,77.1684,1117308.0,33.0,2.0,11204.0,0.35,3025.0,2752.0,68.0,0.0,0.0,0.0,27.074002871186817,24.63063005008467,0.6086056843770921,24.720130886022478,20.11978791881916,0.3311530929698884,3.1571,14.1,28.4596,28.7296,80.7001,79.062,0.0,0.0,0.0,0.0,0.0,0.0,6.319033333333333,4.85428,28.59143333333333,29.25686,78.97683333333333,76.67508000000001,0.0,0.0,0.0,0.0,0.0,0.0,24.720130886022478,29.001045792662243
2024,Jamshoro,38,0.0,30.5808,65.5405,1117308.0,33.0,2.0,11204.0,0.35,2762.0,2248.0,37.0,0.0,0.0,0.0,24.720130886022478,20.11978791881916,0.3311530929698884,32.93630762511322,20.862644857102968,0.6354559351584343,1.7,3.1571,28.5851,28.4596,77.1684,80.7001,0.0,0.0,0.0,0.0,0.0,0.0,1.619033333333333,4.05714,29.2085,29.24728,74.46966666666667,75.39704,0.0,0.0,0.0,0.0,0.0,0.0,32.93630762511322,26.209077602868973
2024,Jamshoro,39,0.0,31.7638,61.7988,1117308.0,33.0,2.0,11204.0,0.35,3680.0,2331.0,71.0,0.0,0.0,0.0,32.93630762511322,20.862644857102968,0.6354559351584343,28.130112735252947,20.236139005538316,0.5996556007833113,0.0,1.7,30.5808,28.5851,65.5405,77.1684,0.0,0.0,0.0,0.0,0.0,0.0,0.5666666666666667,3.79142,30.3099,29.62378,68.16923333333334,72.85396,0.0,0.0,0.0,0.0,0.0,0.0,28.130112735252947,30.42599569128177
2024,Jamshoro,40,0.0,31.3789,61.11,1117308.0,33.0,2.0,11204.0,0.35,3143.0,2261.0,67.0,0.0,0.0,0.0,28.130112735252947,20.236139005538316,0.5996556007833113,32.09499976729783,18.66987437662668,0.5638552664081883,0.0,0.0,31.7638,30.5808,61.7988,65.5405,0.0,0.0,0.0,0.0,0.0,0.0,0.0,0.97142,31.24116666666667,30.153640000000003,62.81643333333333,69.26356000000001,0.0,0.0,0.0,0.0,0.0,0.0,32.09499976729783,26.5428985005082
2024,Jamshoro,41,0.0,32.44,37.505,1117308.0,33.0,2.0,11204.0,0.35,3586.0,2086.0,63.0,0.0,0.0,0.0,32.09499976729783,18.66987437662668,0.5638552664081883,28.95352042588078,17.139410082090166,0.5101547648455037,0.0,0.0,31.3789,31.7638,61.11,61.7988,0.0,0.0,0.0,0.0,0.0,0.0,0.0,0.3399999999999999,31.8609,30.949720000000003,53.47126666666667,60.62454,0.0,0.0,0.0,0.0,0.0,0.0,28.95352042588078,28.949347161587372
2024,Jamshoro,42,0.0,32.6242,40.7981,1117308.0,33.0,2.0,11204.0,0.35,3235.0,1915.0,57.0,0.0,0.0,0.0,28.95352042588078,17.139410082090166,0.5101547648455037,26.18794459540252,17.04095916255858,0.6712562695335574,0.0,0.0,32.44,31.3789,37.505,61.11,0.0,0.0,0.0,0.0,0.0,0.0,0.0,0.0,32.14769999999999,31.75754,46.47103333333333,53.35047999999999,0.0,0.0,0.0,0.0,0.0,0.0,26.18794459540252,27.445304472992856
2024,Jamshoro,43,0.0,32.3063,33.9363,1117308.0,33.0,2.0,11204.0,0.35,2926.0,1904.0,75.0,0.0,0.0,0.0,26.18794459540252,17.04095916255858,0.6712562695335574,25.498788158681403,14.481235254737278,0.4475041796890383,0.0,0.0,32.6242,32.44,40.7981,37.505,0.0,0.0,0.0,0.0,0.0,0.0,0.0,0.0,32.45683333333333,32.10264,37.41313333333333,47.02963999999999,0.0,0.0,0.0,0.0,0.0,0.0,25.498788158681403,24.077521791731236
2024,Jamshoro,44,0.0,29.2754,51.5839,1117308.0,33.0,2.0,11204.0,0.35,2849.0,1618.0,50.0,0.0,0.0,0.0,25.498788158681403,14.481235254737278,0.4475041796890383,14.002930535968204,15.135826760175034,0.1999228630953224,0.0,0.0,32.3063,32.6242,33.9363,40.7981,0.0,0.0,0.0,0.0,0.0,0.0,0.0,0.0,31.401966666666667,31.604960000000005,42.1061,44.98666000000001,0.0,0.0,0.0,0.0,0.0,0.0,14.002930535968204,23.501848007997594
2025,Jamshoro,37,9.7571,27.8343,79.285,1200463.0,33.0,2.0,11204.0,0.35,3162.0,1873.0,86.0,0.0,0.0,0.0,26.339837212808725,15.602313440730784,0.7163902594249052,27.8725791632062,15.618973679322062,0.7247203787205436,0.7857,13.9286,30.893,30.7757,65.0641,74.4739,0.0,0.0,0.0,0.0,0.0,0.0,8.157133333333332,4.90856,29.83433333333333,30.3022,72.941,69.62154,0.0,0.0,0.0,0.0,0.0,0.0,27.8725791632062,29.104688227937583
2025,Jamshoro,38,0.0,28.97,73.5318,1200463.0,33.0,2.0,11204.0,0.35,3346.0,1875.0,87.0,0.0,0.0,0.0,27.8725791632062,15.618973679322062,0.7247203787205436,27.77261773165853,15.9521784511476,0.6913999015379899,9.7571,0.7857,27.8343,30.893,79.285,65.0641,0.0,0.0,0.0,0.0,0.0,0.0,3.5142666666666664,4.90856,29.23243333333333,30.00826,72.62696666666666,71.13553999999999,0.0,0.0,0.0,0.0,0.0,0.0,27.77261773165853,28.792581560254895
2025,Jamshoro,39,0.0,29.6578,66.3616,1200463.0,33.0,2.0,11204.0,0.35,3334.0,1915.0,83.0,0.0,0.0,0.0,27.77261773165853,15.9521784511476,0.6913999015379899,26.814654012660117,14.93590389707971,1.191207059276296,0.0,9.7571,28.97,27.8343,73.5318,79.285,0.0,0.0,0.0,0.0,0.0,0.0,3.252366666666666,4.894279999999999,28.8207,29.62616,73.05946666666667,71.74328,0.0,0.0,0.0,0.0,0.0,0.0,26.814654012660117,28.347747959055585
2024,Jhal Magsi,37,0.0,0.0,0.0,203368.0,60.0,0.0,3615.0,0.2,114.0,111.0,0.0,0.5374114622588624,0.1729603931478026,0.4047386488572667,5.605601667912356,5.458085834546241,0.0,24.389284449864288,15.194130836709808,0.0,0.0,0.0,0.0,0.0,0.0,0.0,0.4478407847302009,0.5928210752291903,0.4161247558481764,0.4233615652862704,0.0902594294557629,0.0,0.0,0.0,0.0,0.0,0.0,0.0,0.5260244407394178,0.5515652579305794,0.4147416566639044,0.339781366481529,0.0877399408678551,0.0680713565149161,24.389284449864288,7.329892406420077
2024,Jhal Magsi,38,0.0,0.0,0.0,203368.0,60.0,0.0,3615.0,0.2,496.0,309.0,0.0,0.4704079487678126,0.1791999703843433,0.4410567369269453,24.389284449864288,15.194130836709808,0.0,8.998465835332992,9.490185279886708,0.0,0.0,0.0,0.0,0.0,0.0,0.0,0.5374114622588624,0.4478407847302009,0.4047386488572667,0.4161247558481764,0.1729603931478026,0.0902594294557629,0.0,0.0,0.0,0.0,0.0,0.0,0.4852200652522919,0.5052901547803704,0.4206400472107961,0.427992713866918,0.1474732643293029,0.0884839585975817,8.998465835332992,10.74315338940717
2024,Jhal Magsi,39,0.0,0.0,0.0,203368.0,60.0,0.0,3615.0,0.2,183.0,193.0,0.0,0.52437032172992,0.184853210905843,0.4470243536079563,8.998465835332992,9.490185279886708,0.0,16.325085559183353,8.260886668502419,0.0,0.0,0.0,0.0,0.0,0.0,0.0,0.4704079487678126,0.5374114622588624,0.4410567369269453,0.4047386488572667,0.1791999703843433,0.1729603931478026,0.0,0.0,0.0,0.0,0.0,0.0,0.510729910918865,0.5145703185431972,0.4309399131307228,0.426461212105323,0.1790045248126629,0.1254546007787503,16.325085559183353,8.872805244827166
2024,Jhal Magsi,42,0.0,0.0,0.0,203368.0,60.0,0.0,3615.0,0.2,599.0,760.0,0.0,0.5642860869343213,0.1850464244625644,0.4101977034294461,29.453994728767555,37.37067778608237,0.0,27.68380472837418,19.12788639313953,0.0,0.0,0.0,0.0,0.0,0.0,0.0,0.4190676713637513,0.5737267826042552,0.4076276849240799,0.4686966863808579,0.1541691005820047,0.1907526826646474,0.0,0.0,0.0,0.0,0.0,0.0,0.5190268469674426,0.510371762280012,0.4288406915781279,0.4349206330538571,0.1766560692364055,0.1788042777998805,27.68380472837418,10.189896981186404
2024,Jhal Magsi,43,0.0,0.0,0.0,203368.0,60.0,0.0,3615.0,0.2,563.0,389.0,0.0,0.4870430761087509,0.1709293965264647,0.4756628732657188,27.68380472837418,19.12788639313953,0.0,27.73297667282955,13.768144447504032,0.1966877778214862,0.0,0.0,0.0,0.0,0.0,0.0,0.5642860869343213,0.4190676713637513,0.4101977034294461,0.4076276849240799,0.1850464244625644,0.1541691005820047,0.0,0.0,0.0,0.0,0.0,0.0,0.4901322781356078,0.5136987877481998,0.4311627538730816,0.4418418603216117,0.1700483071903446,0.1771501630283048,27.73297667282955,9.662135410257774
2025,Jhal Magsi,37,0.0,0.0,0.0,180130.0,60.0,0.0,3615.0,0.2,347.0,383.0,27.0,0.7635332733184071,0.1002638092066315,0.4442044444296181,19.263864986398712,21.262421584411257,1.49891744850941,19.04180314217509,17.20979292733026,0.0,0.0,0.0,0.0,0.0,0.0,0.0,0.4600349936701154,0.7971862886943061,0.4420644597414338,0.6688808234657417,0.0,0.0775718792929886,0.0,0.0,0.0,0.0,0.0,0.0,0.6735848518942763,0.6976087322379672,0.5183832425455979,0.5996762206765045,0.0592785628332067,0.035567137699924,19.04180314217509,13.688848734260695
2025,Jhal Magsi,38,0.0,0.0,0.0,180130.0,60.0,0.0,3615.0,0.2,343.0,310.0,0.0,0.739042040078918,0.0980686652094734,0.728438962846388,19.04180314217509,17.20979292733026,0.0,20.818297895964022,19.430411369566425,0.5551546105590407,0.0,0.0,0.0,0.0,0.0,0.0,0.7635332733184071,0.4600349936701154,0.4442044444296181,0.4420644597414338,0.1002638092066315,0.0,0.0,0.0,0.0,0.0,0.0,0.0,0.6542034356891469,0.6877540815127545,0.53823595567248,0.5900071676393617,0.0661108248053683,0.0551808707418187,20.818297895964022,13.594213312273405
2025,Jhal Magsi,39,0.0,0.0,0.0,180130.0,60.0,0.0,3615.0,0.2,375.0,350.0,10.0,0.7571539453328744,0.0976600571005173,0.7282348382521164,20.818297895964022,19.430411369566425,0.5551546105590407,11.43618497751624,14.04541164714373,0.4996391495031366,0.0,0.0,0.0,0.0,0.0,0.0,0.739042040078918,0.7635332733184071,0.728438962846388,0.4442044444296181,0.0980686652094734,0.1002638092066315,0.0,0.0,0.0,0.0,0.0,0.0,0.7532430862433999,0.7033901082189242,0.6336260818427075,0.6023647057470597,0.0986641771722073,0.0747128821619221,11.43618497751624,13.158875238117197
2025,Jhal Magsi,40,0.0,0.0,0.0,180130.0,60.0,0.0,3615.0,0.2,206.0,253.0,9.0,0.7558210963195158,0.0905112690343112,0.7373837406132786,11.43618497751624,14.04541164714373,0.4996391495031366,8.160772775217898,9.5486593016155,0.3330927663354244,0.0,0.0,0.0,0.0,0.0,0.0,0.7571539453328744,0.739042040078918,0.7282348382521164,0.728438962846388,0.0976600571005173,0.0980686652094734,0.0,0.0,0.0,0.0,0.0,0.0,0.7506723605771027,0.6951170697439661,0.7313525139039276,0.616065289176567,0.0954133304481006,0.0773007601101866,8.160772775217898,12.972415367435936
2025,Jhal Magsi,41,0.0,0.0,0.0,180130.0,60.0,0.0,3615.0,0.2,147.0,172.0,6.0,0.7543218246089775,0.1140263079863964,0.7347250660718384,8.160772775217898,9.5486593016155,0.3330927663354244,9.326597457391884,9.27108199633598,0.0,0.0,0.0,0.0,0.0,0.0,0.0,0.7558210963195158,0.7571539453328744,0.7373837406132786,0.7282348382521164,0.0905112690343112,0.0976600571005173,0.0,0.0,0.0,0.0,0.0,0.0,0.7557656220871226,0.7539744359317385,0.7334478816457445,0.674597410442648,0.1007325447070749,0.1001060217074659,9.326597457391884,10.68457062473859
2025,Jhal Magsi,42,0.0,0.0,0.0,180130.0,60.0,0.0,3615.0,0.2,168.0,167.0,0.0,0.7598868670543583,0.112959452961726,0.7341364280735452,9.326597457391884,9.27108199633598,0.0,16.3770610114917,12.435463276522512,0.6661855326708489,0.0,0.0,0.0,0.0,0.0,0.0,0.7543218246089775,0.7558210963195158,0.7347250660718384,0.7373837406132786,0.1140263079863964,0.0905112690343112,0.0,0.0,0.0,0.0,0.0,0.0,0.7566765959942839,0.7532451546789288,0.7354150782528874,0.7325838071714333,0.1058323433274778,0.1026451504584848,16.3770610114917,11.661021628435204
2025,Jhal Magsi,43,0.0,0.0,0.0,180130.0,60.0,0.0,3615.0,0.2,295.0,224.0,12.0,0.7141983898903665,0.1071410809165599,0.7081412013040816,16.3770610114917,12.435463276522512,0.6661855326708489,8.549381002609227,7.938710930994281,0.0,0.0,0.0,0.0,0.0,0.0,0.0,0.7598868670543583,0.7543218246089775,0.7341364280735452,0.7347250660718384,0.112959452961726,0.1140263079863964,0.0,0.0,0.0,0.0,0.0,0.0,0.7428023605179007,0.7482764246412185,0.7256675651498217,0.728524254862972,0.1113756139548941,0.1044596335999021,8.549381002609227,14.390513516982796
2025,Kachhi (Bolan),37,1.8143,27.4738,66.4015,417079.0,0.0,0.0,0.0,0.0,78.0,112.0,10.0,0.0,0.0,0.0,1.8701493002524705,2.6853425849779056,0.2397627308015987,2.9251053157795046,4.723325796791495,0.6953119193246364,0.5429,4.6857,29.5066,29.6807,53.8891,61.5848,0.0,0.0,0.0,0.0,0.0,0.0,2.347633333333333,1.5085799999999998,28.88703333333333,29.95534,60.62513333333334,58.23706,0.0,0.0,0.0,0.0,0.0,0.0,2.9251053157795046,2.0823003566263867
2025,Kachhi (Bolan),38,0.0,29.2831,46.7153,417079.0,0.0,0.0,0.0,0.0,122.0,197.0,29.0,0.0,0.0,0.0,2.9251053157795046,4.723325796791495,0.6953119193246364,0.7912170116452758,1.9660543925731095,0.6953119193246364,1.8143,0.5429,27.4738,29.5066,66.4015,53.8891,0.0,0.0,0.0,0.0,0.0,0.0,0.7857333333333334,1.40858,28.7545,29.4404,55.66863333333333,56.18972,0.0,0.0,0.0,0.0,0.0,0.0,0.7912170116452758,2.5439873316570636
2025,Kachhi (Bolan),39,0.0,29.4372,43.7009,417079.0,0.0,0.0,0.0,0.0,33.0,82.0,29.0,0.0,0.0,0.0,0.7912170116452758,1.9660543925731095,0.6953119193246364,5.442613989196291,6.5934750970439655,0.6953119193246364,0.0,1.8143,29.2831,27.4738,46.7153,66.4015,0.0,0.0,0.0,0.0,0.0,0.0,0.6047666666666668,1.40858,28.73136666666667,29.076280000000004,52.272566666666656,54.45832,0.0,0.0,0.0,0.0,0.0,0.0,5.442613989196291,1.7147105805796032
2025,Kachhi (Bolan),40,0.0,28.8164,31.6029,417079.0,0.0,0.0,0.0,0.0,227.0,275.0,29.0,0.0,0.0,0.0,5.442613989196291,6.5934750970439655,0.6953119193246364,3.980061331306539,4.483563065989896,0.959050923206395,0.0,0.0,29.4372,29.2831,43.7009,46.7153,0.0,0.0,0.0,0.0,0.0,0.0,0.0,0.4714400000000002,29.1789,28.90342,40.67303333333333,48.46194,0.0,0.0,0.0,0.0,0.0,0.0,3.980061331306539,3.747320111334745
2025,Kachhi (Bolan),41,0.0,23.231,32.5409,417079.0,0.0,0.0,0.0,0.0,166.0,187.0,40.0,0.0,0.0,0.0,3.980061331306539,4.483563065989896,0.959050923206395,6.569498823963806,6.497570004723326,0.8151932847254357,0.0,0.0,28.8164,29.4372,31.6029,43.7009,0.0,0.0,0.0,0.0,0.0,0.0,0.0,0.3628600000000002,27.16153333333333,27.6483,35.94823333333333,44.1923,0.0,0.0,0.0,0.0,0.0,0.0,6.569498823963806,2.801361076939067
2025,Kachhi (Bolan),42,0.0,25.1646,23.6209,417079.0,0.0,0.0,0.0,0.0,274.0,271.0,34.0,0.0,0.0,0.0,6.569498823963806,6.497570004723326,0.8151932847254357,6.065997089280448,6.929142920166204,0.2877152769619184,0.0,0.0,23.231,28.8164,32.5409,31.6029,0.0,0.0,0.0,0.0,0.0,0.0,0.0,0.0,25.737333333333336,27.18646,29.254900000000003,35.63618,0.0,0.0,0.0,0.0,0.0,0.0,6.065997089280448,4.060233227650303
2025,Kachhi (Bolan),43,0.0,24.3887,25.9235,417079.0,0.0,0.0,0.0,0.0,253.0,289.0,12.0,0.0,0.0,0.0,6.065997089280448,6.929142920166204,0.2877152769619184,7.744336204891639,5.994068270039969,0.0,0.0,0.0,25.1646,23.231,23.6209,32.5409,0.0,0.0,0.0,0.0,0.0,0.0,0.0,0.0,24.261433333333333,26.20758,27.361766666666664,31.47782,0.0,0.0,0.0,0.0,0.0,0.0,7.744336204891639,3.9391484438291573
2024,Kalat,37,0.0,21.0485,25.9248,271560.0,2000.0,0.0,7654.0,0.2,55.0,33.0,2.0,0.244999321199628,0.1124834336575471,0.2231988673807203,2.0253351008985123,1.2152010605391073,0.0736485491235822,1.4361467079098542,1.2152010605391073,0.0,0.0429,1.6778,21.7315,22.1837,38.6995,50.1151,0.335742011119865,0.2724825400915392,0.2362105110875905,0.1289806082395442,0.0684434803843835,0.0716024868421704,0.5735666666666667,0.8898400000000001,21.654566666666668,22.21756,38.24646666666667,45.19488,0.2844079574703441,0.2915089603665843,0.196129995569285,0.2166187678382087,0.0841764669613669,0.063815612129773,1.4361467079098542,2.0793572913405085
2024,Kalat,38,0.0,22.2952,23.0599,271560.0,2000.0,0.0,7654.0,0.2,39.0,33.0,0.0,0.24859153765053,0.1080537169552914,0.210397960293977,1.4361467079098542,1.2152010605391073,0.0,1.4361467079098542,2.4672263956400062,0.0,0.0,0.0429,21.0485,21.7315,25.9248,38.6995,0.244999321199628,0.335742011119865,0.2231988673807203,0.2362105110875905,0.1124834336575471,0.0684434803843835,0.0143,0.5984200000000001,21.69173333333333,21.80458,29.228066666666667,37.93384,0.2764442899900076,0.2815797810200642,0.2232691129207626,0.186542623444589,0.096326876999074,0.0721166235678784,1.4361467079098542,2.8407897949343464
2024,Kalat,39,0.0,23.2045,22.0552,271560.0,2000.0,0.0,7654.0,0.2,39.0,67.0,0.0,0.1800118365593466,0.1077704862284674,0.1208663500559754,1.4361467079098542,2.4672263956400062,0.0,0.0,1.362498158786272,0.0,0.0,0.0,22.2952,21.0485,23.0599,25.9248,0.24859153765053,0.244999321199628,0.210397960293977,0.2231988673807203,0.1080537169552914,0.1124834336575471,0.0,0.34414,22.18273333333333,22.09268,23.67996666666667,31.9709,0.2245342318031682,0.2563654493241817,0.1848210592435576,0.1839308594115614,0.1094358789471019,0.0936707208135719,0.0,3.141070436704368
2024,Kalat,40,1.2125,19.8423,34.5521,271560.0,2000.0,0.0,7654.0,0.2,0.0,37.0,0.0,0.201651458584765,0.0951471995911756,0.103077235553444,0.0,1.362498158786272,0.0,0.2209456473707468,1.6939166298423922,0.0,0.0,0.0,23.2045,22.2952,22.0552,23.0599,0.1800118365593466,0.24859153765053,0.1208663500559754,0.210397960293977,0.1077704862284674,0.1080537169552914,0.4041666666666666,0.2510799999999999,21.780666666666665,21.6244,26.555733333333333,28.8583,0.2100849442648805,0.2421992330228269,0.1447805153011321,0.1787501848743414,0.1036571342583114,0.0983796633633729,0.2209456473707468,1.4414444592238622
2024,Kalat,41,1.3857,15.7104,41.3172,271560.0,2000.0,0.0,7654.0,0.2,6.0,46.0,0.0,0.2468707262860996,0.0025897280683881,0.1809717602600729,0.2209456473707468,1.6939166298423922,0.0,0.0736485491235822,1.730740904404183,0.0,1.2125,0.0,19.8423,23.2045,34.5521,22.0552,0.201651458584765,0.1800118365593466,0.103077235553444,0.1208663500559754,0.0951471995911756,0.1077704862284674,0.8660666666666667,0.51964,19.585733333333334,20.42018,32.6415,29.38184,0.209511340476737,0.2244249760560738,0.1349717819564974,0.1677024347088379,0.0685024712960103,0.0852089129001739,0.0736485491235822,1.2942379885287325
2024,Kalat,42,0.0,17.0393,23.3747,271560.0,2000.0,0.0,7654.0,0.2,2.0,47.0,0.0,0.2025076927587704,0.1014660541854251,0.1868905431855147,0.0736485491235822,1.730740904404183,0.0,0.5155398438650758,0.294594196494329,0.0,1.3857,1.2125,15.7104,19.8423,41.3172,34.5521,0.2468707262860996,0.201651458584765,0.1809717602600729,0.103077235553444,0.0025897280683881,0.0951471995911756,0.8660666666666667,0.51964,17.53066666666667,19.61834,33.08133333333333,28.87182,0.2170099592098783,0.2159266503679023,0.1569798463330105,0.1604407698697967,0.0664009939483296,0.0830054370057495,0.5155398438650758,1.1907633730935316
2024,Kalat,43,0.0,17.6196,34.2183,271560.0,2000.0,0.0,7654.0,0.2,14.0,8.0,0.0,0.2192427999591878,0.0902341812167723,0.1795793159277166,0.5155398438650758,0.294594196494329,0.0,1.104728236853734,0.0,0.0736485491235822,0.0,1.3857,17.0393,15.7104,23.3747,41.3172,0.2025076927587704,0.2468707262860996,0.1868905431855147,0.1809717602600729,0.1014660541854251,0.0025897280683881,0.4619,0.51964,16.78976666666667,18.68322,32.97006666666667,31.1035,0.2228737396680192,0.2100569028296338,0.1824805397911013,0.1542770409965447,0.0647633211568618,0.0794415298580457,1.104728236853734,1.5309754435240652
2024,Kalat,44,0.0,16.7765,27.7249,271560.0,2000.0,0.0,7654.0,0.2,30.0,0.0,2.0,0.1665597244820125,0.0878133884324588,0.1087861985527676,1.104728236853734,0.0,0.0736485491235822,0.0,0.5019304244122897,0.0,0.0,0.0,17.6196,17.0393,34.2183,23.3747,0.2192427999591878,0.2025076927587704,0.1795793159277166,0.1868905431855147,0.0902341812167723,0.1014660541854251,0.0,0.51964,17.145133333333334,17.39762,28.439300000000003,32.23744000000001,0.1961034057333235,0.207366480414167,0.1584186858886662,0.1518610106959031,0.0931712079448854,0.0754501102988439,0.0,2.3779577905800755
2025,Kalat,37,0.0286,23.2675,46.9229,498077.0,2000.0,0.0,7654.0,0.2,15.0,37.0,20.0,0.1718200031336948,0.0771043099457253,0.1589288147115487,0.3011582546473738,0.7428570281301887,0.4015443395298317,0.0200772169764915,0.0401544339529831,0.0,0.0,2.4857,23.0342,24.3562,23.5236,48.5055,0.229922631699585,0.2071256659405569,0.167084990583011,0.1364532019704434,0.0627132323448648,0.0644009365787279,0.8381,0.52858,23.552633333333333,24.4314,39.65066666666666,35.768860000000004,0.2029561002579455,0.2141496494256996,0.1541556690883343,0.1457988006455363,0.0680728262897726,0.0429788270704376,0.0200772169764915,0.8085012811151424
2025,Kalat,38,0.0,21.8425,18.4266,498077.0,2000.0,0.0,7654.0,0.2,1.0,2.0,0.0,0.1715430807747693,0.0782212039868629,0.1445095516361985,0.0200772169764915,0.0401544339529831,0.0,0.1003860848824579,0.0401544339529831,0.0,0.0286,0.0,23.2675,23.0342,46.9229,23.5236,0.1718200031336948,0.229922631699585,0.1589288147115487,0.167084990583011,0.0771043099457253,0.0627132323448648,0.0095333333333333,0.52858,22.71473333333333,23.67192,29.624366666666663,34.46846,0.1910952385360163,0.2196886573173778,0.1568411189769194,0.1479834051192359,0.0726795820924843,0.0586230678678101,0.1003860848824579,0.778150584542975
2025,Kalat,39,0.0,21.9306,20.6621,498077.0,2000.0,0.0,7654.0,0.2,5.0,2.0,0.0,0.1562141699810928,0.0743970309695459,0.1035010881095327,0.1003860848824579,0.0401544339529831,0.0,0.2208493867414074,0.2208493867414074,0.0,0.0,0.0286,21.8425,23.2675,18.4266,46.9229,0.1715430807747693,0.1718200031336948,0.1445095516361985,0.1589288147115487,0.0782212039868629,0.0771043099457253,0.0095333333333333,0.50286,22.346866666666667,22.8862,28.670533333333328,31.60814,0.1665257512965189,0.1873251103059397,0.1356464848190932,0.1420955294021468,0.0765741816340447,0.0713673427651453,0.2208493867414074,0.7392777561275468
2025,Kalat,40,0.0,20.0598,22.9905,498077.0,2000.0,0.0,7654.0,0.2,11.0,11.0,0.0,0.1585352408255337,0.0758399138993918,0.0972311804383702,0.2208493867414074,0.2208493867414074,0.0,0.0,0.0,0.0,0.0,0.0,21.9306,21.8425,20.6621,18.4266,0.1562141699810928,0.1715430807747693,0.1035010881095327,0.1445095516361985,0.0743970309695459,0.0782212039868629,0.0,0.00572,21.27763333333333,22.02692,20.693066666666663,26.50514,0.1620974971937986,0.1776070252829351,0.1150806067280337,0.1342511250957322,0.0761527162852668,0.0736551382292781,0.0,0.9893789173834788
2025,Kalat,41,0.0,14.4071,20.9176,498077.0,2000.0,0.0,7654.0,0.2,0.0,0.0,0.0,0.14595070456114,0.0743082851633865,0.0953231700987178,0.0,0.0,0.0,0.2610038206943906,0.3212354716238653,0.0,0.0,0.0,20.0598,21.9306,22.9905,20.6621,0.1585352408255337,0.1562141699810928,0.0972311804383702,0.1035010881095327,0.0758399138993918,0.0743970309695459,0.0,0.00572,18.799166666666665,20.3015,21.523399999999995,25.98394,0.1535667051225888,0.1608126398552461,0.0986851462155402,0.1198987609988735,0.0748484100107747,0.0759741487929824,0.2610038206943906,0.9984089158430178
2025,Kalat,42,0.0,16.7777,22.8546,498077.0,2000.0,0.0,7654.0,0.2,13.0,16.0,0.0,0.1633333276937491,0.0734152944462568,0.0939635588112569,0.2610038206943906,0.3212354716238653,0.0,0.3212354716238653,0.7629342451066803,0.0,0.0,0.0,14.4071,20.0598,20.9176,22.9905,0.14595070456114,0.1585352408255337,0.0953231700987178,0.0972311804383702,0.0743082851633865,0.0758399138993918,0.0,0.0,17.08153333333333,19.00354,22.25423333333333,21.17028,0.1559397576934742,0.1591153047672569,0.0955059697827816,0.1069057098188152,0.0745211645030117,0.0752363456930887,0.3212354716238653,1.0336617816583358
2025,Kalat,43,0.0,15.2893,25.1291,498077.0,2000.0,0.0,7654.0,0.2,16.0,38.0,0.0,0.1697617066095649,0.0709298901328347,0.1460325019786673,0.3212354716238653,0.7629342451066803,0.0,0.0,0.0,0.0,0.0,0.0,16.7777,14.4071,22.8546,20.9176,0.1633333276937491,0.14595070456114,0.0939635588112569,0.0953231700987178,0.0734152944462568,0.0743082851633865,0.0,0.0,15.491366666666666,17.692899999999998,22.9671,22.510780000000004,0.159681912954818,0.158759029934216,0.1117730769628806,0.1072102998873089,0.0728844899141593,0.0737780829222831,0.0,1.0932530289313886
2024,Kamber,41,0.0,28.8762,58.9714,1514869.0,50.0,0.0,5599.0,0.2,7525.0,2275.0,24.0,0.0,0.0,0.0,49.67426226294155,15.01780021902884,0.1584295407721724,43.38989047897872,14.159640206512906,0.1254233864446364,0.0,0.0714,30.9839,31.9732,61.9473,61.8641,0.0,0.0,0.0,0.0,0.0,0.0,0.0237999999999999,0.0204399999999992,30.6111,30.74988,60.927600000000005,63.91324,0.0,0.0,0.0,0.0,0.0,0.0,43.38989047897872,30.505577496762164
2024,Kamber,42,0.0,28.2783,53.9452,1514869.0,50.0,0.0,5599.0,0.2,6573.0,2145.0,19.0,0.0,0.0,0.0,43.38989047897872,14.159640206512906,0.1254233864446364,36.93388669251269,12.753578032159876,0.1188221555791292,0.0,0.0,28.8762,30.9839,58.9714,61.9473,0.0,0.0,0.0,0.0,0.0,0.0,0.0,0.0142799999999992,29.37946666666667,30.25994,58.28796666666667,60.308040000000005,0.0,0.0,0.0,0.0,0.0,0.0,36.93388669251269,29.68071223945387
2024,Kamber,43,0.0,28.8571,47.4826,1514869.0,50.0,0.0,5599.0,0.2,5595.0,1932.0,18.0,0.0,0.0,0.0,36.93388669251269,12.753578032159876,0.1188221555791292,31.329441687697088,11.426730628192932,0.1188221555791292,0.0,0.0,28.2783,28.8762,53.9452,58.9714,0.0,0.0,0.0,0.0,0.0,0.0,0.0,0.0142799999999992,28.67053333333333,29.79374,53.4664,56.84212,0.0,0.0,0.0,0.0,0.0,0.0,31.329441687697088,28.69432141265495
2024,Kamber,44,0.0,28.0619,51.2288,1514869.0,50.0,0.0,5599.0,0.2,4746.0,1731.0,18.0,0.0,0.0,0.0,31.329441687697088,11.426730628192932,0.1188221555791292,20.9169920489523,11.269638594348526,0.1233676912353423,0.0,0.0,28.8571,28.2783,47.4826,53.9452,0.0,0.0,0.0,0.0,0.0,0.0,0.0,0.0,28.3991,29.01148,50.885533333333335,54.71506000000001,0.0,0.0,0.0,0.0,0.0,0.0,20.9169920489523,27.702886402120786
2025,Kamber,37,9.7286,28.389,81.5887,1621170.0,50.0,0.0,5599.0,0.2,4873.0,2115.0,206.0,0.0,0.0,0.0,30.05853796949117,13.046133348137456,1.2706872197240264,28.65831467397004,13.329879037978744,1.1658246821739855,0.0143,1.6857,34.9333,33.3985,48.6302,62.2391,0.0,0.0,0.0,0.0,0.0,0.0,3.809533333333333,2.3542999999999994,32.24026666666667,33.04392,64.15266666666668,59.44528,0.0,0.0,0.0,0.0,0.0,0.0,28.65831467397004,30.51216989387955
2025,Kamber,38,0.0,30.8375,69.3457,1621170.0,50.0,0.0,5599.0,0.2,4646.0,2161.0,189.0,0.0,0.0,0.0,28.65831467397004,13.329879037978744,1.1658246821739855,25.4384179327276,10.97972451994547,1.141151143926917,9.7286,0.0143,28.389,34.9333,81.5887,48.6302,0.0,0.0,0.0,0.0,0.0,0.0,3.247633333333333,2.3542999999999994,31.3866,32.38202,66.52153333333332,62.86002,0.0,0.0,0.0,0.0,0.0,0.0,25.4384179327276,27.64255294514319
2025,Kamber,39,0.0,32.6678,53.6284,1621170.0,50.0,0.0,5599.0,0.2,4124.0,1780.0,185.0,0.0,0.0,0.0,25.4384179327276,10.97972451994547,1.141151143926917,19.9238821345078,9.542490917053732,0.1665463831677122,0.0,9.7286,30.8375,28.389,69.3457,81.5887,0.0,0.0,0.0,0.0,0.0,0.0,3.2428666666666666,2.285719999999999,30.631433333333334,32.04522,68.18759999999999,63.08642,0.0,0.0,0.0,0.0,0.0,0.0,19.9238821345078,27.419205624727798
2025,Kamber,40,0.0143,33.4988,45.1583,1621170.0,50.0,0.0,5599.0,0.2,3230.0,1547.0,27.0,0.0,0.0,0.0,19.9238821345078,9.542490917053732,0.1665463831677122,34.5367851613341,11.744604205604595,1.036288606376876,0.0,0.0,32.6678,30.8375,53.6284,69.3457,0.0,0.0,0.0,0.0,0.0,0.0,0.0047666666666666,1.9514399999999992,32.334700000000005,32.065279999999994,56.04413333333334,59.67026,0.0,0.0,0.0,0.0,0.0,0.0,34.5367851613341,21.51127886425875
2025,Kamber,41,0.0,28.4366,42.5419,1621170.0,50.0,0.0,5599.0,0.2,5599.0,1904.0,168.0,0.0,0.0,0.0,34.5367851613341,11.744604205604595,1.036288606376876,40.10683642060981,11.096923826619047,1.246013681476958,0.0143,0.0,33.4988,32.6678,45.1583,53.6284,0.0,0.0,0.0,0.0,0.0,0.0,0.0047666666666666,1.9485799999999995,31.5344,30.76594,47.10953333333333,58.4526,0.0,0.0,0.0,0.0,0.0,0.0,40.10683642060981,27.97850246672891
2025,Kamber,42,0.0,28.9619,30.7051,1621170.0,50.0,0.0,5599.0,0.2,6502.0,1799.0,202.0,0.0,0.0,0.0,40.10683642060981,11.096923826619047,1.246013681476958,37.53462005835292,11.41151143926917,1.1103092211180814,0.0,0.0143,28.4366,33.4988,42.5419,45.1583,0.0,0.0,0.0,0.0,0.0,0.0,0.0047666666666666,0.0028599999999992,30.2991,30.88052,39.46843333333334,48.27588,0.0,0.0,0.0,0.0,0.0,0.0,37.53462005835292,27.909884879033594
2025,Kamber,43,0.0,28.5896,32.398,1621170.0,50.0,0.0,5599.0,0.2,6085.0,1850.0,180.0,0.0,0.0,0.0,37.53462005835292,11.41151143926917,1.1103092211180814,30.403967504950128,9.918762375321526,1.2768556042857937,0.0,0.0,28.9619,28.4366,30.7051,42.5419,0.0,0.0,0.0,0.0,0.0,0.0,0.0,0.0028599999999992,28.6627,30.43094,35.215,40.88634,0.0,0.0,0.0,0.0,0.0,0.0,30.403967504950128,27.52235868409042
2024,Karachi Central,37,0.0,0.0,0.0,3822325.0,0.0,0.0,0.0,0.0,152.0,1590.0,184.0,0.0,-0.0052830451601851,0.0,0.3976637256120293,4.159771866599518,0.481382404688246,0.3008640029301537,3.2545636490879244,0.332258507583735,0.0,0.0,0.0,0.0,0.0,0.0,0.0,0.0,0.0,0.0,0.042475166699578,0.0,0.0,0.0,0.0,0.0,0.0,0.0,0.0,0.0,0.0,0.0,0.0123973738464643,0.0074384243078785,0.3008640029301537,0.4408666886427719
2024,Karachi Central,38,0.0,0.0,0.0,3822325.0,0.0,0.0,0.0,0.0,115.0,1244.0,127.0,0.0,0.0717580251044991,0.0,0.3008640029301537,3.2545636490879244,0.332258507583735,0.3531881773527892,3.9164644555342623,0.4421392738712694,0.0,0.0,0.0,0.0,0.0,0.0,0.0,0.0,0.0,0.0,-0.0052830451601851,0.042475166699578,0.0,0.0,0.0,0.0,0.0,0.0,0.0,0.0,0.0,0.0,0.036316715547964,0.0217900293287784,0.3531881773527892,0.46195843495429134
2024,Karachi Central,39,0.0,0.0,0.0,3822325.0,0.0,0.0,0.0,0.0,135.0,1497.0,169.0,0.0,0.0721791526675062,0.0,0.3531881773527892,3.9164644555342623,0.4421392738712694,0.4185933953810835,3.6522273746999536,0.4526041087557966,0.0,0.0,0.0,0.0,0.0,0.0,0.0,0.0,0.0,0.0,0.0717580251044991,-0.0052830451601851,0.0,0.0,0.0,0.0,0.0,0.0,0.0,0.0,0.0,0.0,0.04621804420394,0.0362258598622796,0.4185933953810835,0.4768216738447588
2024,Karachi Central,40,0.0,0.0,0.0,3822325.0,0.0,0.0,0.0,0.0,160.0,1396.0,173.0,0.0,0.067737397321854,0.0,0.4185933953810835,3.6522273746999536,0.4526041087557966,0.4212096041022153,4.120528735782541,0.4656851523614554,0.0,0.0,0.0,0.0,0.0,0.0,0.0,0.0,0.0,0.0,0.0721791526675062,0.0717580251044991,0.0,0.0,0.0,0.0,0.0,0.0,0.0,0.0,0.0,0.0,0.0705581916979531,0.0497733393266504,0.4212096041022153,0.4746323572418989
2024,Karachi Central,41,0.0,0.0,0.0,3822325.0,0.0,0.0,0.0,0.0,161.0,1575.0,178.0,0.0,0.0745836967131549,0.0,0.4212096041022153,4.120528735782541,0.4656851523614554,0.274701915718836,3.673157044469008,0.4578365261980601,0.0,0.0,0.0,0.0,0.0,0.0,0.0,0.0,0.0,0.0,0.067737397321854,0.0721791526675062,0.0,0.0,0.0,0.0,0.0,0.0,0.0,0.0,0.0,0.0,0.0715000822341717,0.0561950453293658,0.274701915718836,0.5003175073171882
2024,Karachi Central,42,0.0,0.0,0.0,3822325.0,0.0,0.0,0.0,0.0,105.0,1404.0,175.0,0.0,0.0716990525311343,0.0,0.274701915718836,3.673157044469008,0.4578365261980601,0.0784862616339531,2.710392235092516,0.3636530122373163,0.0,0.0,0.0,0.0,0.0,0.0,0.0,0.0,0.0,0.0,0.0745836967131549,0.067737397321854,0.0,0.0,0.0,0.0,0.0,0.0,0.0,0.0,0.0,0.0,0.071340048855381,0.0715914648676297,0.0784862616339531,0.42464489286086593
2024,Karachi Central,43,0.0,0.0,0.0,3822325.0,0.0,0.0,0.0,0.0,30.0,1036.0,139.0,0.0,0.0818985075271326,0.0,0.0784862616339531,2.710392235092516,0.3636530122373163,0.0994159314030073,1.983086210617883,0.3584205947950527,0.0,0.0,0.0,0.0,0.0,0.0,0.0,0.0,0.0,0.0,0.0716990525311343,0.0745836967131549,0.0,0.0,0.0,0.0,0.0,0.0,0.0,0.0,0.0,0.0,0.0760604189238072,0.0736195613521563,0.0994159314030073,0.22107167446403952
2024,Karachi East,37,0.0,0.0,0.0,3950031.0,0.0,0.0,0.0,0.0,111.0,529.0,1.0,0.0416538211215017,0.037240124336483,0.0,0.2810104528293575,1.3392299959164875,0.0025316257011653,0.1772137990815768,1.334166744514157,0.0101265028046615,0.0,0.0,0.0,0.0,0.0,0.0,0.0,0.0072791422601308,0.0,0.0043674853560785,0.0949415750824197,0.0,0.0,0.0,0.0,0.0,0.0,0.0,0.0163109877938775,0.0327532856049966,0.0014558284520261,0.0081651994199522,0.0440605664729675,0.0264363398837805,0.1772137990815768,0.48926926008800997
2024,Karachi East,38,0.0,0.0,0.0,3950031.0,0.0,0.0,0.0,0.0,70.0,527.0,4.0,0.0,0.0876807423044983,0.0,0.1772137990815768,1.334166744514157,0.0101265028046615,0.3139215869445075,1.2860658561920149,0.0050632514023307,0.0,0.0,0.0,0.0,0.0,0.0,0.0416538211215017,0.0,0.0,0.0,0.037240124336483,0.0949415750824197,0.0,0.0,0.0,0.0,0.0,0.0,0.0138846070405005,0.0211340618184724,0.0,0.0081651994199522,0.073287480574467,0.0439724883446802,0.3139215869445075,0.29790614083800815
2024,Karachi East,39,0.0,0.0,0.0,3950031.0,0.0,0.0,0.0,0.0,124.0,508.0,2.0,0.0607851197204809,0.1095586601353897,0.0,0.3139215869445075,1.2860658561920149,0.0050632514023307,0.324048089749169,1.2987239846978416,0.0101265028046615,0.0,0.0,0.0,0.0,0.0,0.0,0.0,0.0416538211215017,0.0,0.0,0.0876807423044983,0.037240124336483,0.0,0.0,0.0,0.0,0.0,0.0,0.0341463136139942,0.0219436166204226,0.0,0.0008734970712157,0.0781598422587903,0.0658842203717581,0.324048089749169,0.4259238375298908
2024,Karachi East,40,0.0,0.0,0.0,3950031.0,0.0,0.0,0.0,0.0,128.0,513.0,4.0,0.0480252115233103,0.1086211864264815,0.0373091722901608,0.324048089749169,1.2987239846978416,0.0101265028046615,0.3544275981631536,1.070877671592957,0.0126581285058269,0.0,0.0,0.0,0.0,0.0,0.0,0.0607851197204809,0.0,0.0,0.0,0.1095586601353897,0.0876807423044983,0.0,0.0,0.0,0.0,0.0,0.0,0.036270110414597,0.0300928304730585,0.0124363907633869,0.0074618344580321,0.1019535296221231,0.0876084576570544,0.3544275981631536,0.5467926070442495
2024,Karachi East,41,0.0,0.0,0.0,3950031.0,0.0,0.0,0.0,0.0,140.0,423.0,5.0,0.0,0.1085026287119252,0.0,0.3544275981631536,1.070877671592957,0.0126581285058269,0.2835420785305229,0.9544228893393496,0.0025316257011653,0.0,0.0,0.0,0.0,0.0,0.0,0.0480252115233103,0.0607851197204809,0.0373091722901608,0.0,0.1086211864264815,0.1095586601353897,0.0,0.0,0.0,0.0,0.0,0.0,0.036270110414597,0.0300928304730585,0.0124363907633869,0.0074618344580321,0.1088941584245988,0.0903206683829555,0.2835420785305229,0.6689811098426004
2024,Karachi East,42,0.0,0.0,0.0,3950031.0,0.0,0.0,0.0,0.0,112.0,377.0,1.0,0.0461297799700841,0.103699859019252,0.0,0.2835420785305229,0.9544228893393496,0.0025316257011653,0.1797454247827422,0.9594861407416804,0.0075948771034961,0.0,0.0,0.0,0.0,0.0,0.0,0.0,0.0480252115233103,0.0,0.0373091722901608,0.1085026287119252,0.1086211864264815,0.0,0.0,0.0,0.0,0.0,0.0,0.0313849971644648,0.030988022242775,0.0124363907633869,0.0074618344580321,0.1069412247192195,0.1036126153195093,0.1797454247827422,0.7239996800821595
2024,Karachi East,43,0.0,0.0,0.0,3950031.0,0.0,0.0,0.0,0.0,71.0,379.0,3.0,0.0,0.1165177707137943,0.0,0.1797454247827422,0.9594861407416804,0.0075948771034961,0.118986407954773,0.8708792412008918,0.0075948771034961,0.0,0.0,0.0,0.0,0.0,0.0,0.0461297799700841,0.0,0.0,0.0,0.103699859019252,0.1085026287119252,0.0,0.0,0.0,0.0,0.0,0.0,0.0153765933233613,0.030988022242775,0.0,0.0074618344580321,0.1095734194816571,0.1093800210013685,0.118986407954773,0.5401866438336587
2024,Karachi Keamari,37,0.0,0.0,0.0,2068451.0,0.0,0.0,0.0,0.0,22.0,473.0,17.0,0.0,0.0,0.0,0.1063597832387617,2.2867353396333776,0.0821871052299522,0.0580144272211427,1.846792599873045,0.0966907120352379,0.0,0.0,0.0,0.0,0.0,0.0,0.0,0.0,0.0,0.0,0.0,0.0,0.0,0.0,0.0,0.0,0.0,0.0,0.0,0.0,0.0,0.0,0.0,0.0,0.0580144272211427,0.12803318894473392
2024,Karachi Keamari,38,0.0,0.0,0.0,2068451.0,0.0,0.0,0.0,0.0,12.0,382.0,20.0,0.0,0.0,0.0,0.0580144272211427,1.846792599873045,0.0966907120352379,0.0290072136105713,1.967655989917093,0.1063597832387617,0.0,0.0,0.0,0.0,0.0,0.0,0.0,0.0,0.0,0.0,0.0,0.0,0.0,0.0,0.0,0.0,0.0,0.0,0.0,0.0,0.0,0.0,0.0,0.0,0.0290072136105713,0.06655232653056053
2024,Karachi Keamari,39,0.0,0.0,0.0,2068451.0,0.0,0.0,0.0,0.0,6.0,407.0,22.0,0.0,0.0,0.0,0.0290072136105713,1.967655989917093,0.1063597832387617,0.0241726780088094,1.846792599873045,0.0725180340264284,0.0,0.0,0.0,0.0,0.0,0.0,0.0,0.0,0.0,0.0,0.0,0.0,0.0,0.0,0.0,0.0,0.0,0.0,0.0,0.0,0.0,0.0,0.0,0.0,0.0241726780088094,0.06655232653056053
2024,Karachi Keamari,40,0.0,0.0,0.0,2068451.0,0.0,0.0,0.0,0.0,5.0,382.0,15.0,0.0,0.0,0.0,0.0241726780088094,1.846792599873045,0.0725180340264284,0.1160288544422855,1.967655989917093,0.0483453560176189,0.0,0.0,0.0,0.0,0.0,0.0,0.0,0.0,0.0,0.0,0.0,0.0,0.0,0.0,0.0,0.0,0.0,0.0,0.0,0.0,0.0,0.0,0.0,0.0,0.1160288544422855,0.06655232653056053
2024,Karachi Keamari,41,0.0,0.0,0.0,2068451.0,0.0,0.0,0.0,0.0,24.0,407.0,10.0,0.0,0.0,0.0,0.1160288544422855,1.967655989917093,0.0483453560176189,0.1498706036546188,1.6775838538113788,0.043510820415857,0.0,0.0,0.0,0.0,0.0,0.0,0.0,0.0,0.0,0.0,0.0,0.0,0.0,0.0,0.0,0.0,0.0,0.0,0.0,0.0,0.0,0.0,0.0,0.0,0.1498706036546188,0.17173803808098764
2024,Karachi Keamari,42,0.0,0.0,0.0,2068451.0,0.0,0.0,0.0,0.0,31.0,347.0,9.0,0.0,0.0,0.0,0.1498706036546188,1.6775838538113788,0.043510820415857,0.0338417492123332,1.7017565318201882,0.0145036068052856,0.0,0.0,0.0,0.0,0.0,0.0,0.0,0.0,0.0,0.0,0.0,0.0,0.0,0.0,0.0,0.0,0.0,0.0,0.0,0.0,0.0,0.0,0.0,0.0,0.0338417492123332,0.1947048847585373
2024,Karachi Keamari,43,0.0,0.0,0.0,2068451.0,0.0,0.0,0.0,0.0,7.0,352.0,3.0,0.0,0.0,0.0,0.0338417492123332,1.7017565318201882,0.0145036068052856,0.0241726780088094,2.1562028783858067,0.0531798916193808,0.0,0.0,0.0,0.0,0.0,0.0,0.0,0.0,0.0,0.0,0.0,0.0,0.0,0.0,0.0,0.0,0.0,0.0,0.0,0.0,0.0,0.0,0.0,0.0,0.0241726780088094,0.06655232653056053
2024,Karachi Korangi,37,0.0,0.0,0.0,3128971.0,0.0,0.0,0.0,0.0,70.0,415.0,0.0,0.0,0.0,0.0,0.223715719960332,1.3263146254791114,0.0,0.2109319645340273,1.1633217437937264,0.0031959388565761,0.0,0.0,0.0,0.0,0.0,0.0,0.0,0.0,0.0,0.0,0.0,0.0,0.0,0.0,0.0,0.0,0.0,0.0,0.0,0.0,0.0,0.0,0.0,0.0,0.2109319645340273,0.29811867622506316
2024,Karachi Korangi,38,0.0,0.0,0.0,3128971.0,0.0,0.0,0.0,0.0,66.0,364.0,1.0,0.0,0.0,0.0,0.2109319645340273,1.1633217437937264,0.0031959388565761,0.262066986239246,1.3518821363317206,0.0127837554263046,0.0,0.0,0.0,0.0,0.0,0.0,0.0,0.0,0.0,0.0,0.0,0.0,0.0,0.0,0.0,0.0,0.0,0.0,0.0,0.0,0.0,0.0,0.0,0.0,0.262066986239246,0.2724633021573819
2024,Karachi Korangi,39,0.0,0.0,0.0,3128971.0,0.0,0.0,0.0,0.0,82.0,423.0,4.0,0.0,0.0,0.0,0.262066986239246,1.3518821363317206,0.0127837554263046,0.1885603925379941,1.2272405209252495,0.0063918777131523,0.0,0.0,0.0,0.0,0.0,0.0,0.0,0.0,0.0,0.0,0.0,0.0,0.0,0.0,0.0,0.0,0.0,0.0,0.0,0.0,0.0,0.0,0.0,0.0,0.1885603925379941,0.3397132533991609
2024,Karachi Korangi,40,0.0,0.0,0.0,3128971.0,0.0,0.0,0.0,0.0,59.0,384.0,2.0,0.0,0.0,0.0,0.1885603925379941,1.2272405209252495,0.0063918777131523,0.2173238422471796,1.11857859980166,0.0063918777131523,0.0,0.0,0.0,0.0,0.0,0.0,0.0,0.0,0.0,0.0,0.0,0.0,0.0,0.0,0.0,0.0,0.0,0.0,0.0,0.0,0.0,0.0,0.0,0.0,0.2173238422471796,0.21206101527694265
2024,Karachi Korangi,41,0.0,0.0,0.0,3128971.0,0.0,0.0,0.0,0.0,68.0,350.0,2.0,0.0,0.0,0.0,0.2173238422471796,1.11857859980166,0.0063918777131523,0.1566010039722324,1.0706395169530174,0.0031959388565761,0.0,0.0,0.0,0.0,0.0,0.0,0.0,0.0,0.0,0.0,0.0,0.0,0.0,0.0,0.0,0.0,0.0,0.0,0.0,0.0,0.0,0.0,0.0,0.0,0.1566010039722324,0.2724633021573819
2024,Karachi Korangi,42,0.0,0.0,0.0,3128971.0,0.0,0.0,0.0,0.0,49.0,335.0,1.0,0.0,0.0,0.0,0.1566010039722324,1.0706395169530174,0.0031959388565761,0.1821685148248417,1.041876067243832,0.0,0.0,0.0,0.0,0.0,0.0,0.0,0.0,0.0,0.0,0.0,0.0,0.0,0.0,0.0,0.0,0.0,0.0,0.0,0.0,0.0,0.0,0.0,0.0,0.0,0.1821685148248417,0.21133690036584962
2024,Karachi Korangi,43,0.0,0.0,0.0,3128971.0,0.0,0.0,0.0,0.0,57.0,326.0,0.0,0.0,0.0,0.0,0.1821685148248417,1.041876067243832,0.0,0.1566010039722324,1.0386801283872558,0.0,0.0,0.0,0.0,0.0,0.0,0.0,0.0,0.0,0.0,0.0,0.0,0.0,0.0,0.0,0.0,0.0,0.0,0.0,0.0,0.0,0.0,0.0,0.0,0.0,0.1566010039722324,0.21206101527694265
2024,Karachi Malir,37,0.0,0.0,0.0,2403959.0,0.0,0.0,0.0,0.0,591.0,2113.0,67.0,0.0,0.0,0.0,2.458444590777131,8.789667377854615,0.2787069163825173,2.383568105778842,7.961866238151316,0.2121500408284833,0.0,0.0,0.0,0.0,0.0,0.0,0.0,0.0,0.0,0.0,0.0,0.0,0.0,0.0,0.0,0.0,0.0,0.0,0.0,0.0,0.0,0.0,0.0,0.0,2.383568105778842,1.8889043286856935
2024,Karachi Malir,38,0.0,0.0,0.0,2403959.0,0.0,0.0,0.0,0.0,573.0,1914.0,51.0,0.0,0.0,0.0,2.383568105778842,7.961866238151316,0.2121500408284833,3.2404878785370297,8.24473295925596,0.2246294549948647,0.0,0.0,0.0,0.0,0.0,0.0,0.0,0.0,0.0,0.0,0.0,0.0,0.0,0.0,0.0,0.0,0.0,0.0,0.0,0.0,0.0,0.0,0.0,0.0,3.2404878785370297,1.7262466328305583
2024,Karachi Malir,39,0.0,0.0,0.0,2403959.0,0.0,0.0,0.0,0.0,779.0,1982.0,54.0,0.0,0.0,0.0,3.2404878785370297,8.24473295925596,0.2246294549948647,2.9701005715987665,7.36285435816501,0.2287892597169918,0.0,0.0,0.0,0.0,0.0,0.0,0.0,0.0,0.0,0.0,0.0,0.0,0.0,0.0,0.0,0.0,0.0,0.0,0.0,0.0,0.0,0.0,0.0,0.0,2.9701005715987665,3.008139684313034
2024,Karachi Malir,40,0.0,0.0,0.0,2403959.0,0.0,0.0,0.0,0.0,714.0,1770.0,55.0,0.0,0.0,0.0,2.9701005715987665,7.36285435816501,0.2287892597169918,2.3544494727239527,7.084147441782493,0.1788716030514663,0.0,0.0,0.0,0.0,0.0,0.0,0.0,0.0,0.0,0.0,0.0,0.0,0.0,0.0,0.0,0.0,0.0,0.0,0.0,0.0,0.0,0.0,0.0,0.0,2.3544494727239527,2.517778228296391
2024,Karachi Malir,41,0.0,0.0,0.0,2403959.0,0.0,0.0,0.0,0.0,566.0,1703.0,43.0,0.0,0.0,0.0,2.3544494727239527,7.084147441782493,0.1788716030514663,2.8369868204906985,6.938554276508044,0.166392188885085,0.0,0.0,0.0,0.0,0.0,0.0,0.0,0.0,0.0,0.0,0.0,0.0,0.0,0.0,0.0,0.0,0.0,0.0,0.0,0.0,0.0,0.0,0.0,0.0,2.8369868204906985,1.7262466328305583
2024,Karachi Malir,42,0.0,0.0,0.0,2403959.0,0.0,0.0,0.0,0.0,682.0,1668.0,40.0,0.0,0.0,0.0,2.8369868204906985,6.938554276508044,0.166392188885085,2.5458004899418003,6.148191379303889,0.166392188885085,0.0,0.0,0.0,0.0,0.0,0.0,0.0,0.0,0.0,0.0,0.0,0.0,0.0,0.0,0.0,0.0,0.0,0.0,0.0,0.0,0.0,0.0,0.0,0.0,2.5458004899418003,2.3489429749454005
2024,Karachi Malir,43,0.0,0.0,0.0,2403959.0,0.0,0.0,0.0,0.0,612.0,1478.0,40.0,0.0,0.0,0.0,2.5458004899418003,6.148191379303889,0.166392188885085,2.483403419109893,5.765489344868195,0.1996706266621019,0.0,0.0,0.0,0.0,0.0,0.0,0.0,0.0,0.0,0.0,0.0,0.0,0.0,0.0,0.0,0.0,0.0,0.0,0.0,0.0,0.0,0.0,0.0,0.0,2.483403419109893,1.8889043286856935
2024,Karachi South,37,0.0,0.0,0.0,2329764.0,0.0,0.0,0.0,0.0,51.0,96.0,0.0,0.1078774930630642,0.0414806176508013,0.0,0.2189062926545349,0.4120589038203011,0.0,0.1416452481882285,0.3390901396021227,0.0,0.0,0.0,0.0,0.0,0.0,0.0,0.0,0.0175214621627607,0.0,0.0091450308091137,0.0935504712578206,0.0,0.0,0.0,0.0,0.0,0.0,0.0,0.0417996517419416,0.0759193882469418,0.0030483436030379,0.0224144444589189,0.0450103629695406,0.0270062177817243,0.1416452481882285,0.27837029940433133
2024,Karachi South,38,0.0,0.0,0.0,2329764.0,0.0,0.0,0.0,0.0,33.0,79.0,0.0,0.0,0.1122189753406979,0.0,0.1416452481882285,0.3390901396021227,0.0,0.2231985729026631,0.3734283815871478,0.0,0.0,0.0,0.0,0.0,0.0,0.0,0.1078774930630642,0.0,0.0,0.0,0.0414806176508013,0.0935504712578206,0.0,0.0,0.0,0.0,0.0,0.0,0.0359591643543547,0.0524992509412086,0.0,0.0224144444589189,0.0824166880831065,0.0494500128498639,0.2231985729026631,0.19875847893312226
2024,Karachi South,39,0.0,0.0,0.0,2329764.0,0.0,0.0,0.0,0.0,52.0,87.0,0.0,0.1294503862537941,0.0996092362679368,0.0,0.2231985729026631,0.3734283815871478,0.0,0.2231985729026631,0.313336458113354,0.0,0.0,0.0,0.0,0.0,0.0,0.0,0.0,0.1078774930630642,0.0,0.0,0.1122189753406979,0.0414806176508013,0.0,0.0,0.0,0.0,0.0,0.0,0.0791092931056194,0.0509698682959238,0.0,0.0018290061618227,0.084436276419812,0.0693718601034513,0.2231985729026631,0.26060207117445167
2024,Karachi South,40,0.0,0.0,0.0,2329764.0,0.0,0.0,0.0,0.0,52.0,73.0,0.0,0.0972603988900902,0.0968413706389503,0.0886103982387347,0.2231985729026631,0.313336458113354,0.0,0.1759834901732536,0.3433824198502509,0.0,0.0,0.0,0.0,0.0,0.0,0.0,0.1294503862537941,0.0,0.0,0.0,0.0996092362679368,0.1122189753406979,0.0,0.0,0.0,0.0,0.0,0.0,0.075570261714628,0.0669176556413897,0.0295367994129115,0.0177220796477469,0.102889860749195,0.0887401342312413,0.1759834901732536,0.37362765612969095
2024,Karachi South,41,0.0,0.0,0.0,2329764.0,0.0,0.0,0.0,0.0,41.0,80.0,0.0,0.0,0.0938382796854796,0.0,0.1759834901732536,0.3433824198502509,0.0,0.2231985729026631,0.2747059358802007,0.0,0.0,0.0,0.0,0.0,0.0,0.0,0.0972603988900902,0.1294503862537941,0.0886103982387347,0.0,0.0968413706389503,0.0996092362679368,0.0,0.0,0.0,0.0,0.0,0.0,0.0755702617146281,0.0669176556413897,0.0295367994129115,0.0177220796477469,0.0967629621974555,0.0887976959167731,0.2231985729026631,0.3149493519143256
2024,Karachi South,42,0.0,0.0,0.0,2329764.0,0.0,0.0,0.0,0.0,52.0,64.0,0.0,0.1249169521774813,0.0928674268623984,0.0,0.2231985729026631,0.2747059358802007,0.0,0.1845680506695098,0.2875827766245851,0.0,0.0,0.0,0.0,0.0,0.0,0.0,0.0,0.0972603988900902,0.0,0.0886103982387347,0.0938382796854796,0.0968413706389503,0.0,0.0,0.0,0.0,0.0,0.0,0.0740591170225238,0.0703255474642731,0.0295367994129115,0.0177220796477469,0.0945156923956094,0.0990750577590926,0.1845680506695098,0.467483958491127
2024,Karachi South,43,0.0,0.0,0.0,2329764.0,0.0,0.0,0.0,0.0,43.0,67.0,0.0,0.0,0.0992424649852303,0.0,0.1845680506695098,0.2875827766245851,0.0,0.2060294519101505,0.3305055791058665,0.0,0.0,0.0,0.0,0.0,0.0,0.0,0.1249169521774813,0.0,0.0,0.0,0.0928674268623984,0.0938382796854796,0.0,0.0,0.0,0.0,0.0,0.0,0.0416389840591604,0.0703255474642731,0.0,0.0177220796477469,0.0953160571777027,0.096479755687999,0.2060294519101505,0.40795513342170153
2024,Karachi West,37,0.0,0.0,0.0,2679380.0,0.0,0.0,0.0,0.0,208.0,783.0,30.0,0.2834594422534198,0.1035393904211043,0.3661765982693256,0.7762989945435138,2.922317849651785,0.1119662011360837,0.6867260336346468,2.940978883174465,0.1082339944315475,0.0,0.0,0.0,0.0,0.0,0.0,0.4194570659566465,0.0829372594306956,0.3100743784910139,0.0709651053306796,0.1837653669828866,0.0,0.0,0.0,0.0,0.0,0.0,0.0,0.261951255880254,0.2709350465027459,0.2490720273636729,0.2611466194306208,0.0957682524679969,0.0574609514807981,0.6867260336346468,0.813604123602901
2024,Karachi West,38,0.0,0.0,0.0,2679380.0,0.0,0.0,0.0,0.0,184.0,788.0,29.0,0.4983871207503981,0.1724320200786549,0.4347787308052508,0.6867260336346468,2.940978883174465,0.1082339944315475,0.5784920392030992,3.5866506430592158,0.1082339944315475,0.0,0.0,0.0,0.0,0.0,0.0,0.2834594422534198,0.4194570659566465,0.3661765982693256,0.3100743784910139,0.1035393904211043,0.1837653669828866,0.0,0.0,0.0,0.0,0.0,0.0,0.4004345429868214,0.3065933492121618,0.3703432358551968,0.2727265501430559,0.1532455924942152,0.0919473554965291,0.5784920392030992,0.8339988688576465
2024,Karachi West,39,0.0,0.0,0.0,2679380.0,0.0,0.0,0.0,0.0,155.0,961.0,29.0,0.4493013508323574,0.1628441004555954,0.4827042856505779,0.5784920392030992,3.5866506430592158,0.1082339944315475,0.7912278213616583,3.523203129082101,0.1119662011360837,0.0,0.0,0.0,0.0,0.0,0.0,0.4983871207503981,0.2834594422534198,0.4347787308052508,0.3661765982693256,0.1724320200786549,0.1035393904211043,0.0,0.0,0.0,0.0,0.0,0.0,0.4103826379453918,0.3467084478447034,0.4278865382417181,0.3329398197093695,0.1462718369851182,0.1245161755876482,0.7912278213616583,1.032364221179578
2024,Karachi West,40,0.0,0.0,0.0,2679380.0,0.0,0.0,0.0,0.0,212.0,944.0,30.0,0.3332250189234431,0.1509763256191651,0.2968900984794244,0.7912278213616583,3.523203129082101,0.1119662011360837,0.7613701677253693,3.4373623748777704,0.1119662011360837,0.0,0.0,0.0,0.0,0.0,0.0,0.4493013508323574,0.4983871207503981,0.4827042856505779,0.4347787308052508,0.1628441004555954,0.1724320200786549,0.0,0.0,0.0,0.0,0.0,0.0,0.4269711635020662,0.396765999743253,0.404791038311751,0.3781248183391185,0.1620841487178051,0.1547114407114812,0.7613701677253693,1.2952795290379884
2024,Karachi West,41,0.0,0.0,0.0,2679380.0,0.0,0.0,0.0,0.0,204.0,921.0,30.0,0.5389905600277987,0.1519941137763938,0.4284183703017317,0.7613701677253693,3.4373623748777704,0.1119662011360837,0.8957296090886697,3.418701341355089,0.1231628212496921,0.0,0.0,0.0,0.0,0.0,0.0,0.3332250189234431,0.4493013508323574,0.2968900984794244,0.4827042856505779,0.1509763256191651,0.1628441004555954,0.0,0.0,0.0,0.0,0.0,0.0,0.4405056432611998,0.4206726985574834,0.4026709181439113,0.4017936167012621,0.1552715132837181,0.1483571900701827,0.8957296090886697,1.2208128975311636
2024,Karachi West,42,0.0,0.0,0.0,2679380.0,0.0,0.0,0.0,0.0,240.0,916.0,33.0,0.4222253590243746,0.1431758151926171,0.4907916835582326,0.8957296090886697,3.418701341355089,0.1231628212496921,0.9741059498839284,3.3365927938552957,0.1194306145451559,0.0,0.0,0.0,0.0,0.0,0.0,0.5389905600277987,0.3332250189234431,0.4284183703017317,0.2968900984794244,0.1519941137763938,0.1509763256191651,0.0,0.0,0.0,0.0,0.0,0.0,0.4314803126585387,0.4484258819116744,0.4053667174464628,0.4267166337590434,0.1487154181960586,0.1562844750244852,0.9741059498839284,1.0686407242301659
2024,Karachi West,43,0.0,0.0,0.0,2679380.0,0.0,0.0,0.0,0.0,261.0,894.0,32.0,0.538312660695618,0.1499547560274596,0.485194812533552,0.9741059498839284,3.3365927938552957,0.1194306145451559,0.8434787152251639,3.288074106696325,0.1119662011360837,0.0,0.0,0.0,0.0,0.0,0.0,0.4222253590243746,0.5389905600277987,0.4907916835582326,0.4284183703017317,0.1431758151926171,0.1519941137763938,0.0,0.0,0.0,0.0,0.0,0.0,0.4998428599159304,0.4564109899007184,0.4681349554645054,0.4367998501047038,0.1483748949988235,0.1517890222142462,0.8434787152251639,1.7841737192665637
2024,Karak,37,3.1692,26.982,76.4636,815878.0,500.0,0.0,3372.0,0.2,302.0,372.0,13.0,0.5241123365769607,0.1666277647809484,0.3810336750090146,3.701533807750669,4.559505220143207,0.1593375480157572,4.461451344441203,4.326627265350948,0.0612836723137527,5.4143,2.2778,26.7828,26.9459,79.364,76.6291,0.3497502362962797,0.406229626835221,0.2981693856789816,0.0,0.1701017845823274,0.0,3.620433333333333,4.566540000000001,26.903566666666663,27.178680000000004,77.48556666666666,78.9534,0.4266973999028204,0.3294254874976824,0.226401020229332,0.2153583033869102,0.1122431831210919,0.0673459098726551,4.461451344441203,3.2475026390905857
2024,Karak,38,0.0143,29.6328,50.3108,815878.0,500.0,0.0,3372.0,0.2,364.0,353.0,5.0,0.3720161060597896,0.1917721639472788,0.3952655673032063,4.461451344441203,4.326627265350948,0.0612836723137527,4.302113796425446,4.81689664386097,0.0857971412392539,3.1692,5.4143,26.982,26.7828,76.4636,79.364,0.5241123365769607,0.3497502362962797,0.3810336750090146,0.2981693856789816,0.1666277647809484,0.1701017845823274,2.865933333333334,3.4522600000000003,27.799200000000003,27.52286,68.7128,72.67803999999998,0.4152928929776766,0.3304216611536502,0.3581562093304009,0.2148937255982405,0.1761672377701848,0.1057003426621109,4.302113796425446,3.1207998537838573
2024,Karak,39,2.4714,29.2691,60.1774,815878.0,500.0,0.0,3372.0,0.2,351.0,393.0,7.0,0.5312069795143624,0.1783962665863655,0.4032228638844189,4.302113796425446,4.81689664386097,0.0857971412392539,3.750560745601671,4.16728971733519,0.1593375480157572,0.0143,3.1692,29.6328,26.982,50.3108,76.4636,0.3720161060597896,0.5241123365769607,0.3952655673032063,0.3810336750090146,0.1917721639472788,0.1666277647809484,1.8849666666666665,2.6694000000000004,28.62796666666667,27.92252,62.31726666666666,68.58898,0.4757784740503708,0.4366630570565226,0.3931740353988799,0.2955382983751243,0.1789320651048642,0.141379595979384,3.750560745601671,2.9584203372412725
2024,Karak,40,0.7,28.1434,51.0531,815878.0,500.0,0.0,3372.0,0.2,306.0,340.0,13.0,0.4160580187698728,0.1621383474787828,0.4366426784502098,3.750560745601671,4.16728971733519,0.1593375480157572,4.155032982872439,5.27039581898274,0.0857971412392539,2.4714,0.0143,29.2691,29.6328,60.1774,50.3108,0.5312069795143624,0.3720161060597896,0.4032228638844189,0.3952655673032063,0.1783962665863655,0.1917721639472788,1.0618999999999998,2.353840000000001,29.015100000000004,28.16202,53.847100000000005,63.47378,0.4397603681146749,0.438628735443453,0.4117103698792783,0.3828668340651662,0.177435592670809,0.1738072654751405,4.155032982872439,2.941588474630363
2024,Karak,41,0.4571,25.9732,41.6524,815878.0,500.0,0.0,3372.0,0.2,339.0,430.0,7.0,0.0,0.179042359433652,0.0,4.155032982872439,5.27039581898274,0.0857971412392539,3.333831773868152,3.3460885083309027,0.0612836723137527,0.7,2.4714,28.1434,29.2691,51.0531,60.1774,0.4160580187698728,0.5312069795143624,0.4366426784502098,0.4032228638844189,0.1621383474787828,0.1783962665863655,1.2095,1.3624000000000005,27.79523333333333,28.0001,50.96096666666667,55.93146,0.3157549994280784,0.3686786881841971,0.2799551807782096,0.3232329569293699,0.1731923244996001,0.1755953804454055,3.333831773868152,2.8911464081453686
2024,Karak,42,0.0,26.6801,37.6803,815878.0,500.0,0.0,3372.0,0.2,272.0,273.0,5.0,0.5942012502364714,0.1622889237717413,0.0,3.333831773868152,3.3460885083309027,0.0612836723137527,3.309318304942651,3.0641836156876394,0.0857971412392539,0.4571,0.7,25.9732,28.1434,41.6524,51.0531,0.0,0.4160580187698728,0.0,0.4366426784502098,0.179042359433652,0.1621383474787828,0.3857,0.7285600000000003,26.93223333333334,27.93972,43.46193333333333,48.1748,0.3367530896687814,0.3826964709160992,0.1455475594834032,0.247026221927567,0.1678232102280587,0.1747276122435641,3.309318304942651,2.7083046033695592
2024,Karak,43,0.2571,25.6057,47.8727,815878.0,500.0,0.0,3372.0,0.2,270.0,250.0,7.0,0.4651306885109597,0.1721384931365761,0.4897402739692791,3.309318304942651,3.0641836156876394,0.0857971412392539,3.5299395252721606,3.333831773868152,0.0490269378510022,0.0,0.4571,26.6801,25.9732,37.6803,41.6524,0.5942012502364714,0.0,0.0,0.0,0.1622889237717413,0.179042359433652,0.2380666666666666,0.7771200000000004,26.08633333333334,27.134300000000003,42.4018,47.68718,0.3531106462491437,0.4013193874063332,0.1632467579897597,0.2659211632607815,0.1711565921139897,0.1708008780814235,3.5299395252721606,2.8857522654972967
2024,Karak,44,0.0143,22.783,61.7846,815878.0,500.0,0.0,3372.0,0.2,288.0,272.0,4.0,0.635430600841294,0.0968611440816803,0.4978842494632401,3.5299395252721606,3.333831773868152,0.0490269378510022,0.0,1.019329773099536,0.0,0.2571,0.0,25.6057,26.6801,47.8727,37.6803,0.4651306885109597,0.5942012502364714,0.4897402739692791,0.0,0.1721384931365761,0.1622889237717413,0.0904666666666666,0.2857000000000003,25.022933333333334,25.83708,49.11253333333334,48.00861999999999,0.5649208465295751,0.4221641116717196,0.3292081744775064,0.2848534403765458,0.1437628536633325,0.1544938535804865,0.0,3.0622634547330883
2025,Karak,37,0.2,29.8336,60.0725,853502.0,500.0,0.0,3372.0,0.2,48.0,838.0,7.0,0.2524025745854928,0.1496112844696998,0.1649134177614828,0.5623888403307784,9.818371837441504,0.0820150392149051,3.468064515373133,8.388966868267444,0.1054479075620209,2.7571,10.1286,27.5958,28.2572,67.3323,71.9657,0.2538709205552433,0.5191426516844398,0.1531479955962399,0.3319004286590027,0.1924564070073433,0.1677302738687022,4.3619,3.5800000000000005,28.562200000000004,29.61804,66.45683333333334,64.21258,0.3418053822750587,0.380139809240061,0.2166539473389085,0.2814464268071943,0.1699326551152484,0.1308094863860721,3.468064515373133,1.0905504993952313
2025,Karak,38,0.8857,29.9357,53.6195,853502.0,500.0,0.0,3372.0,0.2,296.0,716.0,9.0,0.3578969735697403,0.1699156274130787,0.2225585114093359,3.468064515373133,8.388966868267444,0.1054479075620209,4.370229946737091,7.955458803845802,0.0820150392149051,0.2,2.7571,29.8336,27.5958,60.0725,67.3323,0.2524025745854928,0.2538709205552433,0.1649134177614828,0.1531479955962399,0.1496112844696998,0.1924564070073433,1.2809333333333333,3.1485600000000007,29.121700000000004,29.465480000000003,60.341433333333335,62.42388,0.2880568229034922,0.3370915133613705,0.1802066415890195,0.2430650135267325,0.1706611062967072,0.1647926118686879,4.370229946737091,2.8028019876985355
2025,Karak,39,0.3571,29.7964,46.8238,853502.0,500.0,0.0,3372.0,0.2,373.0,679.0,7.0,0.5398867079976052,0.162153386679273,0.3804556117411436,4.370229946737091,7.955458803845802,0.0820150392149051,3.1985865293813016,7.486801436903487,0.0234328683471157,0.8857,0.2,29.9357,29.8336,53.6195,60.0725,0.3578969735697403,0.2524025745854928,0.2225585114093359,0.1649134177614828,0.1699156274130787,0.1496112844696998,0.4809333333333334,2.8657000000000004,29.85523333333333,29.08374,53.50526666666667,59.96276,0.3833954187176129,0.3846399656785043,0.2559758469706541,0.250595193033441,0.1605600995206838,0.1683733958876194,3.1985865293813016,2.9989091377481665
2025,Karak,40,1.4,27.0301,52.7518,853502.0,500.0,0.0,3372.0,0.2,273.0,639.0,2.0,0.4267135785170415,0.1543778504323998,0.4307186923455802,3.1985865293813016,7.486801436903487,0.0234328683471157,2.9642578459101445,6.057396467729425,0.0468657366942315,0.3571,0.8857,29.7964,29.9357,46.8238,53.6195,0.5398867079976052,0.3578969735697403,0.3804556117411436,0.2225585114093359,0.162153386679273,0.1699156274130787,0.8809333333333335,1.1199800000000004,28.92073333333333,28.83832,51.06503333333334,56.11998,0.4414990866947958,0.3661541510450246,0.3445776051653532,0.2703588457707565,0.1621489548415838,0.1657029112003589,2.9642578459101445,2.689269210847761
2025,Karak,41,0.4714,21.7622,52.852,853502.0,500.0,0.0,3372.0,0.2,253.0,517.0,4.0,0.0,0.1582795919925457,0.0,2.9642578459101445,6.057396467729425,0.0468657366942315,3.971871184836122,5.459858324877974,0.0234328683471157,1.4,0.3571,27.0301,29.7964,52.7518,46.8238,0.4267135785170415,0.5398867079976052,0.4307186923455802,0.3804556117411436,0.1543778504323998,0.162153386679273,0.7428333333333333,0.6628400000000003,26.19623333333334,27.6716,50.8092,53.22392,0.3222000955048823,0.3153799669339759,0.2703914346955746,0.2397292466515085,0.1582702763680728,0.1588675481973994,3.971871184836122,2.3830050570066086
2025,Karak,42,0.0,24.7857,47.4986,853502.0,500.0,0.0,3372.0,0.2,339.0,466.0,2.0,0.6006256260241017,0.1405416179638269,0.0,3.971871184836122,5.459858324877974,0.0234328683471157,3.479780949546691,7.217323450911656,0.0,0.4714,1.4,21.7622,27.0301,52.852,52.7518,0.0,0.4267135785170415,0.0,0.4307186923455802,0.1582795919925457,0.1543778504323998,0.6238,0.6228400000000003,24.526,26.66202,51.03413333333334,50.709140000000005,0.3424464015137145,0.3850245772216977,0.1435728974485267,0.2067465630992119,0.1510663534629241,0.1570536148962248,3.479780949546691,2.8182525322152046
2025,Karak,43,0.0,23.983,39.843,853502.0,500.0,0.0,3372.0,0.2,297.0,616.0,0.0,0.4657656932986061,0.124116747198582,0.4733318508207831,3.479780949546691,7.217323450911656,0.0,4.182766999960164,5.166947470539026,0.0585821708677894,0.0,0.4714,24.7857,21.7622,47.4986,52.852,0.6006256260241017,0.0,0.0,0.0,0.1405416179638269,0.1582795919925457,0.1571333333333333,0.4457000000000003,23.5103,25.47148,46.7312,47.95384,0.3554637731075694,0.4065983211674709,0.1577772836069277,0.2569012309815013,0.1409793190516515,0.1478938388533254,4.182766999960164,2.944099314390448
2024,Kashmore,37,1.8154,32.2481,61.1653,1233957.0,60.0,2.0,2592.0,0.35,1991.0,707.0,6.0,0.0,0.0,0.0,16.13508412367692,5.729535145876233,0.0486240606439284,18.24212675158048,6.240087782637483,0.0729360909658926,3.3714,1.9222,31.545,30.2335,68.8454,73.0058,0.0,0.0,0.0,0.0,0.0,0.0,2.369666666666667,5.48466,31.3422,31.2376,67.67216666666667,70.24015999999999,0.0,0.0,0.0,0.0,0.0,0.0,18.24212675158048,19.281270689094004
2024,Kashmore,38,0.0,32.8298,54.6388,1233957.0,60.0,2.0,2592.0,0.35,2251.0,770.0,9.0,0.0,0.0,0.0,18.24212675158048,6.240087782637483,0.0729360909658926,18.420414973941558,5.7214311357689125,0.081040101073214,1.8154,3.3714,32.2481,31.545,61.1653,68.8454,0.0,0.0,0.0,0.0,0.0,0.0,1.7289333333333332,1.9389399999999992,32.207633333333334,31.46778,61.54983333333333,67.02036,0.0,0.0,0.0,0.0,0.0,0.0,18.420414973941558,20.124646525605936
2024,Kashmore,39,0.0143,33.5167,54.8466,1233957.0,60.0,2.0,2592.0,0.35,2273.0,706.0,10.0,0.0,0.0,0.0,18.420414973941558,5.7214311357689125,0.081040101073214,17.148085387092095,5.3000226101882,0.0162080202146428,0.0,1.8154,32.8298,32.2481,54.6388,61.1653,0.0,0.0,0.0,0.0,0.0,0.0,0.6099,1.4246599999999991,32.864866666666664,32.07462,56.88356666666667,62.50038000000001,0.0,0.0,0.0,0.0,0.0,0.0,17.148085387092095,20.03472283791077
2024,Kashmore,40,0.075,31.575,57.4973,1233957.0,60.0,2.0,2592.0,0.35,2116.0,654.0,2.0,0.0,0.0,0.0,17.148085387092095,5.3000226101882,0.0162080202146428,20.60849770291833,4.9434461654660575,0.0729360909658926,0.0143,0.0,33.5167,32.8298,54.8466,54.6388,0.0,0.0,0.0,0.0,0.0,0.0,0.0297666666666666,1.0552199999999992,32.6405,32.34292000000001,55.660900000000005,59.39868,0.0,0.0,0.0,0.0,0.0,0.0,20.60849770291833,17.923558092868213
2024,Kashmore,41,0.1286,28.8673,54.2408,1233957.0,60.0,2.0,2592.0,0.35,2543.0,610.0,9.0,0.0,0.0,0.0,20.60849770291833,4.9434461654660575,0.0729360909658926,17.310165589238522,4.603077740958558,0.1053521313951782,0.075,0.0143,31.575,33.5167,57.4973,54.8466,0.0,0.0,0.0,0.0,0.0,0.0,0.0726333333333333,0.4066599999999992,31.319666666666667,31.80738,55.52823333333333,56.47776,0.0,0.0,0.0,0.0,0.0,0.0,17.310165589238522,21.110653698159823
2024,Kashmore,42,0.0,28.3623,53.2162,1233957.0,60.0,2.0,2592.0,0.35,2136.0,568.0,13.0,0.0,0.0,0.0,17.310165589238522,4.603077740958558,0.1053521313951782,15.3327871230521,4.165461195163203,0.0162080202146428,0.1286,0.075,28.8673,31.575,54.2408,57.4973,0.0,0.0,0.0,0.0,0.0,0.0,0.0678666666666666,0.0435799999999992,29.60153333333333,31.03022,54.98476666666667,54.88794,0.0,0.0,0.0,0.0,0.0,0.0,15.3327871230521,18.511484088855994
2024,Kashmore,43,0.0,28.8102,48.5131,1233957.0,60.0,2.0,2592.0,0.35,1892.0,514.0,2.0,0.0,0.0,0.0,15.3327871230521,4.165461195163203,0.0162080202146428,16.702364831189417,3.0876278508894552,0.0324160404292856,0.0,0.1286,28.3623,28.8673,53.2162,54.2408,0.0,0.0,0.0,0.0,0.0,0.0,0.0428666666666666,0.0435799999999992,28.67993333333333,30.2263,51.990033333333336,53.6628,0.0,0.0,0.0,0.0,0.0,0.0,16.702364831189417,16.045793419886955
2024,Kashmore,44,0.0,27.4756,54.3432,1233957.0,60.0,2.0,2592.0,0.35,2061.0,381.0,4.0,0.0,0.0,0.0,16.702364831189417,3.0876278508894552,0.0324160404292856,14.986479506577949,4.359979339470726,0.0911493938565308,0.0,0.0,28.8102,28.3623,48.5131,53.2162,0.0,0.0,0.0,0.0,0.0,0.0,0.0,0.0407199999999992,28.21603333333333,29.018080000000005,52.024166666666666,53.56212000000001,0.0,0.0,0.0,0.0,0.0,0.0,14.986479506577949,17.013696402875638
2025,Kashmore,37,2.8857,28.8795,76.4926,1316520.0,60.0,2.0,2592.0,0.35,1957.0,339.0,122.0,0.0,0.0,0.0,14.864946981435908,2.5749703764469967,0.9266855042080636,16.14103849542734,2.833226992373834,0.919089721386686,0.2429,1.7,31.5349,32.3131,67.4025,68.3192,0.0,0.0,0.0,0.0,0.0,0.0,1.6095333333333333,1.034299999999999,30.909166666666664,31.755060000000004,70.73809999999999,65.50082,0.0,0.0,0.0,0.0,0.0,0.0,16.14103849542734,17.561828788191203
2025,Kashmore,38,0.0,30.7822,65.5775,1316520.0,60.0,2.0,2592.0,0.35,2125.0,373.0,121.0,0.0,0.0,0.0,16.14103849542734,2.833226992373834,0.919089721386686,15.009266855042082,2.7496733813386807,0.2050861361771944,2.8857,0.2429,28.8795,31.5349,76.4926,67.4025,0.0,0.0,0.0,0.0,0.0,0.0,1.0428666666666666,1.034299999999999,30.398866666666663,31.31672,69.8242,67.37318,0.0,0.0,0.0,0.0,0.0,0.0,15.009266855042082,19.311503295001238
2025,Kashmore,39,0.0,30.7027,60.0777,1316520.0,60.0,2.0,2592.0,0.35,1976.0,362.0,27.0,0.0,0.0,0.0,15.009266855042082,2.7496733813386807,0.2050861361771944,16.66514751010239,2.544587245161486,0.0227873484641327,0.0,2.8857,30.7822,28.8795,65.5775,76.4926,0.0,0.0,0.0,0.0,0.0,0.0,0.9619,0.9657199999999992,30.121466666666663,30.84248,67.38260000000001,67.57390000000001,0.0,0.0,0.0,0.0,0.0,0.0,16.66514751010239,17.352258642903784
2025,Kashmore,40,0.0,31.3096,55.3044,1316520.0,60.0,2.0,2592.0,0.35,2194.0,335.0,3.0,0.0,0.0,0.0,16.66514751010239,2.544587245161486,0.0227873484641327,16.627168595995503,2.324309543341537,0.6076626257102057,0.0,0.0,30.7027,30.7822,60.0777,65.5775,0.0,0.0,0.0,0.0,0.0,0.0,0.0,0.6257199999999992,30.9315,30.64178,60.31986666666668,64.97094,0.0,0.0,0.0,0.0,0.0,0.0,16.627168595995503,18.348595317836185
2025,Kashmore,41,0.0571,26.2822,55.9836,1316520.0,60.0,2.0,2592.0,0.35,2189.0,306.0,80.0,0.0,0.0,0.0,16.627168595995503,2.324309543341537,0.6076626257102057,16.118251146963207,1.822987877130617,0.7215993680308692,0.0,0.0,31.3096,30.7027,55.3044,60.0777,0.0,0.0,0.0,0.0,0.0,0.0,0.0190333333333333,0.5885599999999992,29.4315,29.59124,57.1219,62.68715999999999,0.0,0.0,0.0,0.0,0.0,0.0,16.118251146963207,18.425444256146587
2025,Kashmore,42,0.0,26.5768,51.0454,1316520.0,60.0,2.0,2592.0,0.35,2122.0,240.0,95.0,0.0,0.0,0.0,16.118251146963207,1.822987877130617,0.7215993680308692,15.82201561692948,1.747030048916841,0.478534317746787,0.0571,0.0,26.2822,31.3096,55.9836,55.3044,0.0,0.0,0.0,0.0,0.0,0.0,0.0190333333333333,0.0114199999999992,28.0562,29.1307,54.11113333333335,57.59772,0.0,0.0,0.0,0.0,0.0,0.0,15.82201561692948,17.46720088469801
2025,Kashmore,43,0.0,26.3971,50.3348,1316520.0,60.0,2.0,2592.0,0.35,2083.0,230.0,63.0,0.0,0.0,0.0,15.82201561692948,1.747030048916841,0.478534317746787,14.842159632971772,1.7242427004527086,1.0861969434569927,0.0,0.0571,26.5768,26.2822,51.0454,55.9836,0.0,0.0,0.0,0.0,0.0,0.0,0.0190333333333333,0.0114199999999992,26.4187,28.25368,52.454600000000006,54.54918,0.0,0.0,0.0,0.0,0.0,0.0,14.842159632971772,16.969297724177423
2025,Keamari,37,14.2429,26.9409,85.6832,2215961.0,2.0,0.0,559.0,0.2,16.0,608.0,0.0,0.1821908373588084,0.0178389154780897,0.1352111438238784,0.072203436793337,2.7437305981468083,0.0,0.0767161515929206,3.0460824897189074,0.0045127147995835,0.1857,14.5429,28.3832,28.6513,77.1336,85.8159,0.1392538559564091,0.4360360753330028,0.1191281803401151,0.5197767214687541,0.0,0.0449145909844101,9.657166666666669,6.2828800000000005,27.9918,28.16764,82.87756666666667,81.27992,0.2524935895494067,0.3660323513445701,0.2580386818775825,0.373519213441494,0.0209178354874999,0.0168798132671463,0.0767161515929206,0.44392460222614805
2025,Keamari,38,0.4714,27.5177,82.1035,2215961.0,2.0,0.0,559.0,0.2,17.0,675.0,1.0,0.2763429160462721,0.083295930543954,0.2319465124269844,0.0767161515929206,3.0460824897189074,0.0045127147995835,0.072203436793337,3.2220783669026667,0.0090254295991671,14.2429,0.1857,26.9409,28.3832,85.6832,77.1336,0.1821908373588084,0.1392538559564091,0.1352111438238784,0.1191281803401151,0.0178389154780897,0.0,4.966666666666667,6.03144,27.613933333333332,28.04514,81.6401,81.8858,0.1992625364538298,0.3193168861401253,0.1620952788636593,0.3061098122093909,0.0337116153406812,0.0292098874012907,0.072203436793337,0.4535242906629442
2025,Keamari,39,0.5,27.9835,78.6696,2215961.0,2.0,0.0,559.0,0.2,16.0,714.0,2.0,0.1668392455835917,0.1905545739540111,0.1789313938838621,0.072203436793337,3.2220783669026667,0.0090254295991671,0.0496398627954192,2.879112042134316,0.0,0.4714,14.2429,27.5177,26.9409,82.1035,85.6832,0.2763429160462721,0.1821908373588084,0.2319465124269844,0.1352111438238784,0.083295930543954,0.0178389154780897,5.071433333333334,5.988580000000001,27.4807,27.89532,82.1521,81.88116,0.2084576663295573,0.2401325860556168,0.1820296833782416,0.2369987903887188,0.0972298066586849,0.0673208021920929,0.0496398627954192,0.2560232700901883
2025,Keamari,40,2.3857,29.7683,71.2507,2215961.0,2.0,0.0,559.0,0.2,11.0,638.0,0.0,0.2535485600657087,0.2092491365606341,0.1129187646383902,0.0496398627954192,2.879112042134316,0.0,0.0767161515929206,3.0190062009214063,0.0,0.5,0.4714,27.9835,27.5177,78.6696,82.1035,0.1668392455835917,0.2763429160462721,0.1789313938838621,0.2319465124269844,0.1905545739540111,0.083295930543954,1.119033333333333,3.5571400000000004,28.423166666666663,28.11872,77.34126666666667,78.96812,0.2322435738985241,0.203635083002158,0.1745988903164122,0.155627199022646,0.1610332136861997,0.1001877113073377,0.0767161515929206,0.04698241439385775
2025,Keamari,41,0.1429,27.9138,64.5391,2215961.0,2.0,0.0,559.0,0.2,17.0,669.0,0.0,0.3574169186009022,0.1990022119331604,0.2095242520682632,0.0767161515929206,3.0190062009214063,0.0,0.0586652923945863,2.7888577461426443,0.0,2.3857,0.5,29.7683,27.9835,71.2507,78.6696,0.2535485600657087,0.1668392455835917,0.1129187646383902,0.1789313938838621,0.2092491365606341,0.1905545739540111,1.0095333333333334,3.54858,28.5552,28.02484,71.48646666666667,76.44922,0.2592682414167341,0.2472676955310566,0.1671248035301718,0.1737064133682756,0.1996019741492685,0.1399881536939698,0.0586652923945863,0.13724044914569777
2025,Keamari,42,0.0,28.3778,52.2199,2215961.0,2.0,0.0,559.0,0.2,13.0,618.0,0.0,0.2869788711112204,0.1848530859245119,0.231785818599764,0.0586652923945863,2.7888577461426443,0.0,0.0406144331962521,2.779832316543477,0.0,0.1429,2.3857,27.9138,29.7683,64.5391,71.2507,0.3574169186009022,0.2535485600657087,0.2095242520682632,0.1129187646383902,0.1990022119331604,0.2092491365606341,0.8428666666666667,0.7,28.686633333333333,28.312220000000003,62.669900000000005,69.75656000000001,0.2993147832592771,0.2682253022815389,0.1847429451021391,0.1930213483234527,0.1977014781394354,0.1733909877832543,0.0406144331962521,0.07766858055752301
2025,Keamari,43,0.0,29.7796,36.4843,2215961.0,2.0,0.0,559.0,0.2,9.0,616.0,0.0,0.4706819813352479,0.1737850588660476,0.3504379038047381,0.0406144331962521,2.779832316543477,0.0,0.072203436793337,2.459429565773044,0.0045127147995835,0.0,0.1429,28.3778,27.9138,52.2199,64.5391,0.2869788711112204,0.3574169186009022,0.231785818599764,0.2095242520682632,0.1848530859245119,0.1990022119331604,0.0476333333333333,0.60572,28.6904,28.7646,51.0811,60.63271999999999,0.3716925903491234,0.3070931153393342,0.2639159914909217,0.2167196265990035,0.1858801189079066,0.191488813447673,0.072203436793337,0.16617996153531234
2024,Kech (Turbat),39,0.0,0.0,0.0,1060931.0,0.0,0.0,0.0,0.0,75.0,118.0,0.0,0.0,0.0,0.0,0.7069262751300509,1.11223067287128,0.0,12.5267335953045,9.680177127447497,0.0,0.0,0.0,0.0,0.0,0.0,0.0,0.0,0.0,0.0,0.0,0.0,0.0,0.0,0.0,0.0,0.0,0.0,0.0,0.0,0.0,0.0,0.0,0.0,0.0,12.5267335953045,2.4918220285653003
2024,Kech (Turbat),41,0.0,0.0,0.0,1060931.0,0.0,0.0,0.0,0.0,1329.0,1027.0,0.0,0.0,0.0,0.0,12.5267335953045,9.680177127447497,0.0,2.5072318557945805,5.495173578677595,0.0,0.0,0.0,0.0,0.0,0.0,0.0,0.0,0.0,0.0,0.0,0.0,0.0,0.0,0.0,0.0,0.0,0.0,0.0,0.0,0.0,0.0,0.0,0.0,0.0,2.5072318557945805,11.552592745892472
2024,Kech (Turbat),44,0.0,0.0,0.0,1060931.0,0.0,0.0,0.0,0.0,266.0,583.0,0.0,0.0,0.0,0.0,2.5072318557945805,5.495173578677595,0.0,0.0090998931672542,1.3649839750881323,0.0,0.0,0.0,0.0,0.0,0.0,0.0,0.0,0.0,0.0,0.0,0.0,0.0,0.0,0.0,0.0,0.0,0.0,0.0,0.0,0.0,0.0,0.0,0.0,0.0,0.0090998931672542,3.483681661272433
2025,Kech (Turbat),37,0.0,0.0,0.0,1098914.0,0.0,0.0,0.0,0.0,843.0,585.0,1.0,0.0,0.0,0.0,7.671209939995304,5.323437502843716,0.0090998931672542,7.252614854301611,5.223338678003921,0.0,0.0,0.0,0.0,0.0,0.0,0.0,0.0,0.0,0.0,0.0,0.0,0.0,0.0,0.0,0.0,0.0,0.0,0.0,0.0,0.0,0.0,0.0,0.0,0.0,7.252614854301611,6.1990648447644245
2025,Kech (Turbat),38,0.0,0.0,0.0,1098914.0,0.0,0.0,0.0,0.0,797.0,574.0,0.0,0.0,0.0,0.0,7.252614854301611,5.223338678003921,0.0,5.214238784836666,5.469035793519785,0.0090998931672542,0.0,0.0,0.0,0.0,0.0,0.0,0.0,0.0,0.0,0.0,0.0,0.0,0.0,0.0,0.0,0.0,0.0,0.0,0.0,0.0,0.0,0.0,0.0,0.0,5.214238784836666,5.702371325750436
2025,Kech (Turbat),39,0.0,0.0,0.0,1098914.0,0.0,0.0,0.0,0.0,573.0,601.0,1.0,0.0,0.0,0.0,5.214238784836666,5.469035793519785,0.0090998931672542,6.369925217077952,5.314337609676462,0.0,0.0,0.0,0.0,0.0,0.0,0.0,0.0,0.0,0.0,0.0,0.0,0.0,0.0,0.0,0.0,0.0,0.0,0.0,0.0,0.0,0.0,0.0,0.0,0.0,6.369925217077952,4.3507290640191005
2025,Kech (Turbat),42,0.0,0.0,0.0,1098914.0,0.0,0.0,0.0,0.0,700.0,584.0,0.0,0.0,0.0,0.0,6.369925217077952,5.314337609676462,0.0,2.5206704073294177,1.810878740283589,0.0,0.0,0.0,0.0,0.0,0.0,0.0,0.0,0.0,0.0,0.0,0.0,0.0,0.0,0.0,0.0,0.0,0.0,0.0,0.0,0.0,0.0,0.0,0.0,0.0,2.5206704073294177,5.189178545056607
2025,Kech (Turbat),43,0.0,0.0,0.0,1098914.0,0.0,0.0,0.0,0.0,277.0,199.0,0.0,0.0,0.0,0.0,2.5206704073294177,1.810878740283589,0.0,7.370913465475915,4.98674145565531,0.0,0.0,0.0,0.0,0.0,0.0,0.0,0.0,0.0,0.0,0.0,0.0,0.0,0.0,0.0,0.0,0.0,0.0,0.0,0.0,0.0,0.0,0.0,0.0,0.0,7.370913465475915,3.466478628336071
2024,Khairpur,37,0.6846,31.2409,66.1485,2597535.0,53.0,2.0,15910.0,0.5,12353.0,4388.0,229.0,0.5299517004824825,0.1690734078992363,0.5052455700549866,47.55662580099979,16.89293888244047,0.8816050601820573,39.78002221336767,14.309720561994352,0.9701505465758884,1.2714,4.9667,30.742,29.9704,71.8915,75.242,0.7130793170563299,0.8298018052124403,0.7983168746356338,0.7554452806305516,0.191979166260398,0.0,2.3075666666666668,5.5217,30.6511,30.7226,71.094,72.82228,0.6909442742504176,0.7289710544938788,0.6863359084403907,0.6044967622752213,0.1203508580532114,0.1308606735776875,39.78002221336767,31.244055256515907
2024,Khairpur,38,0.0286,32.2129,55.9453,2597535.0,53.0,2.0,15910.0,0.5,10333.0,3717.0,252.0,0.7227564312600112,0.1577194499333576,0.507754024503566,39.78002221336767,14.309720561994352,0.9701505465758884,41.1197539205439,13.616755885868718,0.9316525090133532,0.6846,1.2714,31.2409,30.742,66.1485,71.8915,0.5299517004824825,0.7130793170563299,0.5052455700549866,0.7983168746356338,0.1690734078992363,0.191979166260398,0.6615333333333334,2.05884,31.3986,30.86904,64.66176666666667,69.84747999999999,0.6552624829329412,0.6953225130025069,0.6037721563980621,0.6710366779756576,0.1729240080309972,0.1361942522005109,41.1197539205439,29.858576985865742
2024,Khairpur,39,0.1,33.8864,50.925,2597535.0,53.0,2.0,15910.0,0.5,10681.0,3537.0,242.0,0.5711670633485041,0.1537831250446374,0.5401501699901309,41.1197539205439,13.616755885868718,0.9316525090133532,27.49529842716268,10.925743060247504,0.7276129099319162,0.0286,0.6846,32.2129,31.2409,55.9453,66.1485,0.7227564312600112,0.5299517004824825,0.507754024503566,0.5052455700549866,0.1577194499333576,0.1690734078992363,0.2710666666666667,1.41026,32.446733333333334,31.61052,57.67293333333333,64.03046,0.6079583983636659,0.6733512634719536,0.5177165881828945,0.6213823839629737,0.1601919942924104,0.1345110298275258,27.49529842716268,28.79392795927099
2024,Khairpur,40,0.0,32.2735,53.4443,2597535.0,53.0,2.0,15910.0,0.5,7142.0,2838.0,189.0,0.8749944827646979,0.1488205048069396,0.6913865392974917,27.49529842716268,10.925743060247504,0.7276129099319162,30.2517579166402,11.718802634035727,0.8123085925694937,0.1,0.0286,33.8864,32.2129,50.925,55.9453,0.5711670633485041,0.7227564312600112,0.5401501699901309,0.507754024503566,0.1537831250446374,0.1577194499333576,0.0428666666666666,0.41692,32.790933333333335,32.07114,53.4382,59.67092,0.7229726591244043,0.682389798982405,0.5797635779303962,0.6085706356963618,0.1534410265949781,0.1642751307889138,30.2517579166402,25.625654026101977
2024,Khairpur,41,0.0,29.4641,49.2018,2597535.0,53.0,2.0,15910.0,0.5,7858.0,3044.0,211.0,0.7550232253396862,0.1394849736882133,0.8474858285858156,30.2517579166402,11.718802634035727,0.8123085925694937,27.853330176494254,10.771750909997362,0.7930595737882261,0.0,0.1,32.2735,33.8864,53.4443,50.925,0.8749944827646979,0.5711670633485041,0.6913865392974917,0.5401501699901309,0.1488205048069396,0.1537831250446374,0.0333333333333333,0.16264,31.874666666666663,31.81556,51.19036666666667,55.13298,0.7337282571509628,0.6907785806390764,0.6930075126244793,0.6184044264863982,0.1473628678465967,0.1537762922744768,27.853330176494254,27.632515405115548
2024,Khairpur,42,0.0,29.5947,45.1958,2597535.0,53.0,2.0,15910.0,0.5,7235.0,2798.0,206.0,0.6267566344452398,0.1997458743797976,0.581704938282063,27.853330176494254,10.771750909997362,0.7930595737882261,24.39235659962233,10.098035252652997,0.6737156573443669,0.0,0.0,29.4641,32.2735,49.2018,53.4443,0.7550232253396862,0.8749944827646979,0.8474858285858156,0.6913865392974917,0.1394849736882133,0.1488205048069396,0.0,0.02572,30.4441,31.48632,49.28063333333333,50.94244,0.752258114183208,0.7101395674316279,0.7068591020551235,0.6336963001318134,0.1626837842916501,0.159910785570589,24.39235659962233,24.35855608145653
2024,Khairpur,43,0.0,30.1998,36.5906,2597535.0,53.0,2.0,15910.0,0.5,6336.0,2623.0,175.0,0.7831999635002835,0.1413387381305647,0.6047610203107906,24.39235659962233,10.098035252652997,0.6737156573443669,20.581050880931347,8.392572188632684,0.6467670310505922,0.0,0.0,29.5947,29.4641,45.1958,49.2018,0.6267566344452398,0.7550232253396862,0.581704938282063,0.8474858285858156,0.1997458743797976,0.1394849736882133,0.0,0.02,29.752866666666662,31.0837,43.662733333333335,47.0715,0.7216599410950698,0.7222282738796822,0.6779839290595565,0.6530976992932584,0.1601898620661918,0.1566346432100305,20.581050880931347,21.521492091687108
2024,Khairpur,44,0.0,28.823,44.242,2597535.0,53.0,2.0,15910.0,0.5,5346.0,2180.0,168.0,0.6679542705862411,0.1295763273098834,0.6227260630974629,20.581050880931347,8.392572188632684,0.6467670310505922,12.204865718973169,10.410234759732608,0.6360282135239539,0.0,0.0,30.1998,29.5947,36.5906,45.1958,0.7831999635002835,0.6267566344452398,0.6047610203107906,0.581704938282063,0.1413387381305647,0.1997458743797976,0.0,0.0,29.539166666666663,30.07102,42.00946666666667,45.7349,0.6926369561772548,0.7415857153272297,0.6030640072301056,0.6696128779147248,0.1568869799400819,0.1517932836630797,12.204865718973169,19.04187927597717
2025,Khairpur,37,8.7714,28.5352,77.9599,2908676.0,53.0,2.0,15910.0,0.5,5594.0,3008.0,195.0,0.6019249949430431,0.1527430411050763,0.0,19.232117980827013,10.341474952865152,0.670408116957681,21.91375044865774,11.00844507947946,0.7322919431383901,0.2,2.3857,34.0337,33.451,52.7299,61.4459,0.0,0.6032162443125318,0.0,0.5236597412244843,0.0,0.1309030714445641,3.7857,2.3257,32.00663333333333,33.0005,64.04523333333333,58.44926,0.401713746418525,0.503917814303267,0.1745532470748281,0.3284396710365998,0.0945487041832134,0.056729222509928,21.91375044865774,20.370917585399695
2025,Khairpur,38,0.0,30.5587,67.2348,2908676.0,53.0,2.0,15910.0,0.5,6374.0,3202.0,213.0,0.7482217263928532,0.1576272008757697,0.5735918504300784,21.91375044865774,11.00844507947946,0.7322919431383901,24.660704733012544,10.434300692136215,1.1517267650298624,8.7714,0.2,28.5352,34.0337,77.9599,52.7299,0.6019249949430431,0.0,0.0,0.0,0.1527430411050763,0.0,2.9904666666666664,2.3257,31.04253333333334,32.25836,65.97486666666667,61.83326000000001,0.4500489071119655,0.5285238805309167,0.1911972834766928,0.3253342351362034,0.1034567473269486,0.088254662685082,24.660704733012544,22.442509077395005
2025,Khairpur,39,0.0,31.8298,53.3914,2908676.0,53.0,2.0,15910.0,0.5,7173.0,3035.0,335.0,0.4096781881676365,0.1924128831128412,0.3957525199487699,24.660704733012544,10.434300692136215,1.1517267650298624,23.00015539716352,9.5919930580099,0.4641286963553176,0.0,8.7714,30.5587,28.5352,67.2348,77.9599,0.7482217263928532,0.6019249949430431,0.5735918504300784,0.0,0.1576272008757697,0.1527430411050763,2.9238,2.27142,30.307900000000004,31.68168,66.19536666666667,62.55238000000001,0.5866083031678443,0.4726082307632129,0.3231147901262828,0.2986008223206665,0.167594375031229,0.1267372393076502,23.00015539716352,23.42898348588386
2025,Khairpur,40,0.3571,32.8983,50.1066,2908676.0,53.0,2.0,15910.0,0.5,6690.0,2790.0,135.0,0.913187962592188,0.1439752466515079,0.5179101131603927,23.00015539716352,9.5919930580099,0.4641286963553176,33.47571197342021,11.393499997937203,1.0142071512949535,0.0,0.0,31.8298,30.5587,53.3914,67.2348,0.4096781881676365,0.7482217263928532,0.3957525199487699,0.5735918504300784,0.1924128831128412,0.1576272008757697,0.1190333333333333,1.8657,31.762266666666665,31.571140000000003,56.91093333333333,60.28452,0.6903626257175594,0.5346025744191442,0.4957514945130803,0.2974508967078482,0.1646717768800396,0.129351674349039,33.47571197342021,21.990616327271052
2025,Khairpur,41,0.0,28.2138,42.9493,2908676.0,53.0,2.0,15910.0,0.5,9737.0,3314.0,295.0,0.7681891815922496,0.1484037582272683,0.8902326238037745,33.47571197342021,11.393499997937203,1.0142071512949535,31.43010771911344,11.228476461455315,0.8113657210359627,0.3571,0.0,32.8983,31.8298,50.1066,53.3914,0.913187962592188,0.4096781881676365,0.5179101131603927,0.3957525199487699,0.1439752466515079,0.1924128831128412,0.1190333333333333,1.8257,30.980633333333333,30.40716,48.81576666666666,58.32840000000001,0.697018444117358,0.6882404107375941,0.601298418970979,0.4754974214686031,0.1615972959972058,0.1590324259944927,31.43010771911344,27.023264145473014
2025,Khairpur,42,0.0,28.5703,32.3531,2908676.0,53.0,2.0,15910.0,0.5,9142.0,3266.0,236.0,0.9443550335939638,0.1449533019415825,0.9053581934769288,31.43010771911344,11.228476461455315,0.8113657210359627,28.885994865017626,10.37585485629888,0.7872997886323536,0.0,0.3571,28.2138,32.8983,42.9493,50.1066,0.7681891815922496,0.913187962592188,0.8902326238037745,0.5179101131603927,0.1484037582272683,0.1439752466515079,0.1190333333333333,0.07142,29.894133333333333,30.41418,41.803,49.207040000000006,0.8752440592594671,0.7567264184677782,0.7711669768136987,0.6565690601639889,0.1457774356067862,0.1574744781617939,28.885994865017626,27.187581295081532
2025,Khairpur,43,0.0,28.4712,33.5037,2908676.0,53.0,2.0,15910.0,0.5,8402.0,3018.0,229.0,0.8110333977530638,0.1302019567201282,0.9256855099384016,28.885994865017626,10.37585485629888,0.7872997886323536,27.56236858281913,9.567927125606287,0.8113657210359627,0.0,0.0,28.5703,28.2138,32.3531,42.9493,0.9443550335939638,0.7681891815922496,0.9053581934769288,0.8902326238037745,0.1449533019415825,0.1484037582272683,0.0,0.07142,28.418433333333336,29.99668,36.2687,42.46082,0.8411925376464257,0.7692887527398203,0.907092109073035,0.7269877920656536,0.141186338962993,0.1519894293306656,27.56236858281913,24.952722547124797
2024,Kharan,37,0.0,30.3891,15.474,260352.0,700.0,0.0,14958.0,0.2,73.0,154.0,20.0,0.6699186714365893,0.0470787564165275,0.6419372833524918,2.8038962635201576,5.915068829891839,0.7681907571288101,4.071411012782694,4.109820550639134,0.1920476892822025,0.0,0.6667,32.4187,32.4314,20.2318,29.1121,0.6910963356955928,0.6983173288545446,0.6631478035559911,0.6858766437691245,0.0419652723091557,0.0418635873667696,0.2222333333333333,0.2190599999999999,31.7464,32.39144,21.60596666666667,28.0956,0.6864441119955756,0.7016527925140978,0.6636539102258691,0.6675348071087163,0.0436358720308176,0.0387306813253418,4.071411012782694,4.97672859553549
2024,Kharan,38,0.0,32.2354,15.8199,260352.0,700.0,0.0,14958.0,0.2,106.0,107.0,5.0,0.6756935264965599,0.0438910834631954,0.6432574143332855,4.071411012782694,4.109820550639134,0.1920476892822025,8.066002949852507,5.838249754178958,0.0,0.0,0.0,30.3891,32.4187,15.474,20.2318,0.6699186714365893,0.6910963356955928,0.6419372833524918,0.6631478035559911,0.0470787564165275,0.0419652723091557,0.0,0.17048,31.681066666666663,31.85068,17.175233333333335,23.14654,0.678902844542914,0.6947905375245205,0.6494475004139227,0.6598380292664274,0.0443117040629595,0.0422810267821409,8.066002949852507,4.379018876317404
2024,Kharan,39,0.0,31.5285,17.7172,260352.0,700.0,0.0,14958.0,0.2,210.0,152.0,0.0,0.6522106067583296,0.0474197870809359,0.6127418018552044,8.066002949852507,5.838249754178958,0.0,14.672443461160274,6.83689773844641,0.1152286135693215,0.0,0.0,32.2354,30.3891,15.8199,15.474,0.6756935264965599,0.6699186714365893,0.6432574143332855,0.6419372833524918,0.0438910834631954,0.0470787564165275,0.0,0.13334,31.38433333333333,31.80062,16.337033333333334,19.671,0.6659409348971597,0.6774472938483233,0.632645499846994,0.6493921893732194,0.0461298756535529,0.0444436973273168,14.672443461160274,5.084332974861623
2024,Kharan,40,0.0,30.0593,23.1261,260352.0,700.0,0.0,14958.0,0.2,382.0,178.0,3.0,0.6582103669640457,0.0335333892506549,0.6397505589312202,14.672443461160274,6.83689773844641,0.1152286135693215,15.402224680432644,3.1495821042281222,0.153638151425762,0.0,0.0,31.5285,32.2354,17.7172,15.8199,0.6522106067583296,0.6756935264965599,0.6127418018552044,0.6432574143332855,0.0474197870809359,0.0438910834631954,0.0,0.0,31.2744,31.3262,18.887733333333333,18.4738,0.662038166739645,0.6694259014702235,0.63191659170657,0.6401669724056386,0.0416147532649287,0.0427776577040938,15.402224680432644,7.655203017693395
2024,Kharan,41,0.0,27.0291,21.8984,260352.0,700.0,0.0,14958.0,0.2,401.0,82.0,4.0,0.6500989864021091,0.0468738992030456,0.6265519849613823,15.402224680432644,3.1495821042281222,0.153638151425762,17.553158800393316,3.9561823992133727,0.1152286135693215,0.0,0.0,30.0593,31.5285,23.1261,17.7172,0.6582103669640457,0.6522106067583296,0.6397505589312202,0.6127418018552044,0.0335333892506549,0.0474197870809359,0.0,0.0,29.538966666666667,30.24828,20.9139,18.80712,0.6535066533748282,0.6612264316115267,0.6263481152492689,0.6328478086867169,0.0426090251782121,0.0437593830828718,17.553158800393316,8.087691853833473
2024,Kharan,43,0.0,26.5318,24.7973,260352.0,700.0,0.0,14958.0,0.2,563.0,1016.0,0.0,0.6597450130375265,0.0350451541508289,0.6388388339822311,21.62456981317601,39.02409046214356,0.0,3.687315634218289,15.901548672566372,0.0,0.0,0.0,26.8166,27.0291,18.4406,21.8984,0.6674406815973161,0.6500989864021091,0.631477698164788,0.6265519849613823,0.0448964889645001,0.0468738992030456,0.0,0.0,26.7925,28.39306,21.712100000000003,21.19592,0.6590948936789839,0.6575411309518654,0.6322895057028005,0.6298721755789651,0.0422718474394582,0.041553743729993,3.687315634218289,7.891322336369351
2024,Kharan,44,0.0,23.9541,26.1224,260352.0,700.0,0.0,14958.0,0.2,96.0,414.0,0.0,0.6699366990319529,0.0393234878412383,0.6330149185570408,3.687315634218289,15.901548672566372,0.0,0.1060490370747433,2.492152371256469,0.0,0.0,0.0,26.5318,26.8166,24.7973,18.4406,0.6597450130375265,0.6674406815973161,0.6388388339822311,0.631477698164788,0.0350451541508289,0.0448964889645001,0.0,0.0,25.7675,26.87818,23.1201,22.87696,0.6657074645555984,0.6610863494065901,0.6344438169013533,0.6339267989193325,0.0397550436521891,0.0399344838820535,0.1060490370747433,5.605623696419098
2025,Kharan,37,0.0,32.9684,37.5639,188592.0,700.0,0.0,14958.0,0.2,46.0,226.0,5.0,0.6535629295227191,0.0340548082463187,0.6107844888442762,2.439127852719097,11.983541189446,0.2651225926868584,2.9163485195554424,11.824467633833883,0.0,0.0,0.0286,32.6401,34.8056,16.7232,33.1203,0.6614600006853202,0.6554740825899856,0.6051673208365717,0.6202628869996907,0.0199046678557445,0.0352510848499015,0.0095333333333333,0.00572,33.47136666666666,34.15722,29.1358,27.253300000000003,0.6568323375993416,0.6621971805813001,0.6120715655601795,0.6092047211228913,0.0297368536506549,0.0295192483317151,2.9163485195554424,3.7312202443411473
2025,Kharan,38,0.0,31.8943,17.1644,188592.0,700.0,0.0,14958.0,0.2,55.0,223.0,0.0,0.6429793066581485,0.035863867661397,0.6264897075979372,2.9163485195554424,11.824467633833883,0.0,2.333078815644354,11.34724696699754,0.0,0.0,0.0,32.9684,32.6401,37.5639,16.7232,0.6535629295227191,0.6614600006853202,0.6107844888442762,0.6051673208365717,0.0340548082463187,0.0199046678557445,0.0,0.00572,32.50093333333333,33.54102,23.817166666666665,25.905359999999995,0.6526674122887294,0.6643770058197369,0.6141471724262617,0.6144228536227311,0.02994111458782,0.029546851056659,2.333078815644354,4.272869793021648
2025,Kharan,39,0.0,31.8964,14.415,188592.0,700.0,0.0,14958.0,0.2,44.0,214.0,0.0,0.6425259603303164,0.0473658651475257,0.610839145448194,2.333078815644354,11.34724696699754,0.0,2.067956222957496,10.233732077712734,0.0,0.0,0.0,31.8943,32.9684,17.1644,37.5639,0.6429793066581485,0.6535629295227191,0.6264897075979372,0.6107844888442762,0.035863867661397,0.0340548082463187,0.0,0.00572,32.253033333333335,32.84096,23.047766666666664,23.79736,0.646356065503728,0.6512004559572979,0.6160377806301357,0.614708709945334,0.0390948470184138,0.0344880587521774,2.067956222957496,3.6229991791287404
2025,Kharan,40,0.0,29.0738,12.1348,188592.0,700.0,0.0,14958.0,0.2,39.0,193.0,0.0,0.6162972410665649,0.0457836117478386,0.6023077528590309,2.067956222957496,10.233732077712734,0.0,2.174005260032239,9.491388818189533,0.0,0.0,0.0,31.8964,31.8943,14.415,17.1644,0.6425259603303164,0.6429793066581485,0.610839145448194,0.6264897075979372,0.0473658651475257,0.035863867661397,0.0,0.0,30.95483333333333,31.6946,14.5714,19.60026,0.6339341693516766,0.6433650876526139,0.6132122019683873,0.6111176831172019,0.0430044481855871,0.0365945641317649,2.174005260032239,3.529801473647001
2025,Kharan,41,0.0,23.45,17.098,188592.0,700.0,0.0,14958.0,0.2,41.0,179.0,0.0,0.6410723941086378,0.0475458569689403,0.5864576405715624,2.174005260032239,9.491388818189533,0.0,3.181471112242301,10.39280563332485,0.0,0.0,0.0,29.0738,31.8964,12.1348,14.415,0.6162972410665649,0.6425259603303164,0.6023077528590309,0.610839145448194,0.0457836117478386,0.0473658651475257,0.0,0.0,28.140066666666662,29.85658,14.549266666666666,19.67522,0.633298531835173,0.6392875663372773,0.5998681796262624,0.6073757470642001,0.0468984446214348,0.042122801954404,3.181471112242301,4.188117353404307
2025,Kharan,42,0.0,25.1684,16.6599,188592.0,700.0,0.0,14958.0,0.2,60.0,196.0,0.0,0.6399664001033253,0.0475682807421802,0.6254653584626206,3.181471112242301,10.39280563332485,0.0,2.8102994824806995,10.39280563332485,0.0,0.0,0.0,23.45,29.0738,17.098,12.1348,0.6410723941086378,0.6162972410665649,0.5864576405715624,0.6023077528590309,0.0475458569689403,0.0457836117478386,0.0,0.0,25.8974,28.29658,15.297566666666668,15.49442,0.6324453450928428,0.6365682604533986,0.6047435839644046,0.610311920987869,0.0469659164863197,0.0448254964535763,2.8102994824806995,5.080119417218946
2025,Kharan,43,0.0,24.339,15.7096,188592.0,700.0,0.0,14958.0,0.2,53.0,196.0,0.0,0.6125092161800864,0.046579795814936,0.6073906768868045,2.8102994824806995,10.39280563332485,0.0,2.6512259268685843,11.08212437431068,0.0,0.0,0.0,25.1684,23.45,16.6599,17.098,0.6399664001033253,0.6410723941086378,0.6254653584626206,0.5864576405715624,0.0475682807421802,0.0475458569689403,0.0,0.0,24.31913333333333,26.78552,16.489166666666666,15.203459999999998,0.6311826701306832,0.6304742423577862,0.6064378919736625,0.6064921148456424,0.0472313111753521,0.0469686820842841,2.6512259268685843,4.9201606580078465
2024,Khuzdar,37,0.0231,26.407,41.4333,997214.0,1237.0,0.0,35380.0,0.2,266.0,313.0,39.0,0.1087416307771482,0.1447533457751306,0.0676201313522026,2.6674314640588683,3.138744542294833,0.3910895755575032,3.1888842314688723,3.5097782421827213,0.1604470053569244,0.0429,1.7333,25.5824,24.0526,64.5482,75.4804,0.1519789117611829,0.1445493273417372,0.0727132509829195,0.0733259295908713,0.1257016741499757,0.0571181019125348,0.5997666666666667,5.28558,25.34733333333333,25.33622,60.4873,68.0537,0.1350899566266894,0.1402750673571747,0.0712197706419977,0.0929390284862254,0.109191040612547,0.0791735072021733,3.1888842314688723,2.2300142487316235
2024,Khuzdar,38,0.0,27.71,41.7643,997214.0,1237.0,0.0,35380.0,0.2,318.0,350.0,16.0,0.122451247838792,0.1499447890116169,0.0631847457236527,3.1888842314688723,3.5097782421827213,0.1604470053569244,2.436788893858289,2.125922820979248,0.0,0.0231,0.0429,26.407,25.5824,41.4333,64.5482,0.1087416307771482,0.1519789117611829,0.0676201313522026,0.0727132509829195,0.1447533457751306,0.1257016741499757,0.022,2.67986,26.566466666666667,25.70014,49.2486,60.40122,0.1277239301257077,0.1403192594994252,0.0678393760195916,0.0699629646233604,0.1401332696455744,0.0955035821698516,2.436788893858289,2.3791572101597804
2024,Khuzdar,39,0.0,28.5413,40.8259,997214.0,1237.0,0.0,35380.0,0.2,243.0,212.0,0.0,0.1753148744596805,0.1371746614974843,0.0770150516162878,2.436788893858289,2.125922820979248,0.0,4.622879341846384,3.4796944286782976,0.1103073161828855,0.0,0.0231,27.71,26.407,41.7643,41.4333,0.122451247838792,0.1087416307771482,0.0631847457236527,0.0676201313522026,0.1499447890116169,0.1447533457751306,0.0076999999999999,0.35986,27.552766666666667,26.45866,41.341166666666666,52.81042,0.1355025843585402,0.1406071984357081,0.0692733095640477,0.0707718218531867,0.1439575987614106,0.1229385144693484,4.622879341846384,1.9210700459531354
2024,Khuzdar,40,0.8625,26.2743,35.3151,997214.0,1237.0,0.0,35380.0,0.2,461.0,347.0,11.0,0.1010375862591151,0.1262329798048742,0.0596415807310787,4.622879341846384,3.4796944286782976,0.1103073161828855,6.919277106017365,2.5771800235455977,0.0501396891740388,0.0,0.0,28.5413,27.71,40.8259,41.7643,0.1753148744596805,0.122451247838792,0.0770150516162878,0.0631847457236527,0.1371746614974843,0.1499447890116169,0.2875,0.1857,27.50853333333333,26.903,39.301766666666666,44.77736,0.1329345695191958,0.1319048502191837,0.0666137926903397,0.0680349520812282,0.1377841434379918,0.1367614900478163,6.919277106017365,2.915456237697921
2024,Khuzdar,41,1.0,22.3821,44.7209,997214.0,1237.0,0.0,35380.0,0.2,690.0,257.0,5.0,0.124622825940182,0.1068138493289992,0.0582271872090487,6.919277106017365,2.5771800235455977,0.0501396891740388,4.50254408782869,2.6874873397284835,0.1103073161828855,0.8625,0.0,26.2743,28.5413,35.3151,40.8259,0.1010375862591151,0.1753148744596805,0.0596415807310787,0.0770150516162878,0.1262329798048742,0.1371746614974843,0.6208333333333333,0.37712,25.732566666666667,26.26294,40.2873,40.8119,0.1336584288863258,0.1264336330549835,0.0649612731854717,0.065137739326454,0.1234071635437858,0.132983925083621,4.50254408782869,4.1080354509031825
2024,Khuzdar,42,0.0143,23.7725,22.405,997214.0,1237.0,0.0,35380.0,0.2,449.0,268.0,11.0,0.0984861563454755,0.1266116277526864,0.0655882545757952,4.50254408782869,2.6874873397284835,0.1103073161828855,0.8323188402890452,4.312013268967343,0.0,1.0,0.8625,22.3821,26.2743,44.7209,35.3151,0.124622825940182,0.1010375862591151,0.0582271872090487,0.0596415807310787,0.1068138493289992,0.1262329798048742,0.6256,0.37536,24.142966666666663,25.736040000000003,34.147,37.006240000000005,0.1080488561815908,0.124382538168649,0.0611523408386408,0.0647313639711726,0.1198861522955199,0.1293555814791322,0.8323188402890452,2.728607604801502
2024,Khuzdar,43,0.0,23.9127,32.5101,997214.0,1237.0,0.0,35380.0,0.2,83.0,430.0,0.0,0.1071747889728669,0.1218011071315492,0.0609306617482368,0.8323188402890452,4.312013268967343,0.0,2.547096210041175,3.8005884393921465,0.0,0.0143,1.0,23.7725,22.3821,22.405,44.7209,0.0984861563454755,0.124622825940182,0.0655882545757952,0.0582271872090487,0.1266116277526864,0.1068138493289992,0.3381,0.37536,23.355766666666668,24.97658,33.212,35.1554,0.1100945904195081,0.121327246395464,0.0615820345110268,0.0642805471760894,0.1184088614044115,0.1237268451031186,2.547096210041175,1.2056913288162212
2024,Khuzdar,44,0.0,22.9133,27.2139,997214.0,1237.0,0.0,35380.0,0.2,254.0,379.0,0.0,0.1512498297591485,0.1193827387986877,0.071595162019124,2.547096210041175,3.8005884393921465,0.0,0.0515698374209305,1.5264671876595444,0.0,0.0,0.0143,23.9127,23.7725,32.5101,22.405,0.1071747889728669,0.0984861563454755,0.0609306617482368,0.0655882545757952,0.1218011071315492,0.1266116277526864,0.0047666666666666,0.37536,23.53283333333333,23.85098,27.37633333333333,32.433,0.1189702583591636,0.1165142374553576,0.0660380261143853,0.0631965692566566,0.1225984912276411,0.1201684605633593,0.0515698374209305,2.01899758568676
2025,Khuzdar,37,0.4857,25.8243,64.6882,969559.0,1237.0,0.0,35380.0,0.2,77.0,229.0,35.0,0.1088671306298113,0.1106916872503519,0.0682907051390344,0.7941754962823304,2.361898553878619,0.3609888619465138,0.1753374472311638,0.3713028294306999,0.0,0.1571,2.1143,28.1842,28.2964,47.2622,58.4946,0.1422894140759605,0.2342583793904457,0.0710340922402551,0.0952577178574265,0.0677225025145349,0.0927657645787289,0.9190333333333336,0.8628399999999999,27.434966666666668,28.46868,56.815,52.89618,0.1618049746987391,0.1477794726349167,0.0781941717455719,0.0710288537054256,0.0903933181145385,0.0712027801067724,0.1753374472311638,1.2591176678682725
2025,Khuzdar,38,0.0,27.8949,33.6503,969559.0,1237.0,0.0,35380.0,0.2,17.0,36.0,0.0,0.1108406815881147,0.1058819430955144,0.0637087935472168,0.1753374472311638,0.3713028294306999,0.0,0.845745333703261,1.9080839845744304,0.0,0.4857,0.1571,25.8243,28.1842,64.6882,47.2622,0.1088671306298113,0.1422894140759605,0.0682907051390344,0.0710340922402551,0.1106916872503519,0.0677225025145349,0.2142666666666667,0.8628399999999999,27.301133333333336,27.949580000000005,48.53356666666667,50.94686,0.1206657420979621,0.1511220962266946,0.0676778636421687,0.0705898214814108,0.0947653776201337,0.0797975531138327,0.845745333703261,0.9723894724221935
2025,Khuzdar,39,0.5143,27.9464,42.5644,969559.0,1237.0,0.0,35380.0,0.2,82.0,185.0,0.0,0.157048313670001,0.0996507821669327,0.0742340671909488,0.845745333703261,1.9080839845744304,0.0,0.5053844067251194,0.9179431060925636,0.0103139674841861,0.0,0.4857,27.8949,25.8243,33.6503,64.6882,0.1108406815881147,0.1088671306298113,0.0637087935472168,0.0682907051390344,0.1058819430955144,0.1106916872503519,0.3333333333333333,0.65428,27.221866666666667,27.62924,46.96763333333333,49.33194,0.1255853752959756,0.1506607838708666,0.0687445219590666,0.0745050751949763,0.1054081375042663,0.0953425359212125,0.5053844067251194,1.2072558581242108
2025,Khuzdar,40,0.0,25.5916,40.0289,969559.0,1237.0,0.0,35380.0,0.2,49.0,89.0,1.0,0.0785336329950974,0.1013365426760847,0.0582153640916914,0.5053844067251194,0.9179431060925636,0.0103139674841861,0.7838615287981443,0.92825707357675,0.0,0.5143,0.0,27.9464,27.8949,42.5644,33.6503,0.157048313670001,0.1108406815881147,0.0742340671909488,0.0637087935472168,0.0996507821669327,0.1058819430955144,0.1714333333333333,0.2314199999999999,27.1443,27.08828,38.74786666666667,45.6388,0.1154742094177376,0.1195158345917969,0.0653860749432856,0.0670966044418293,0.1022897559795106,0.0970566915406837,0.7838615287981443,1.036177344544802
2025,Khuzdar,41,0.0,20.4934,34.6959,969559.0,1237.0,0.0,35380.0,0.2,76.0,90.0,0.0,0.153033680779806,0.1008622768297839,0.0584059202119247,0.7838615287981443,0.92825707357675,0.0,0.0618838049051166,0.1753374472311638,0.0,0.0,0.5143,25.5916,27.9464,40.0289,42.5644,0.0785336329950974,0.157048313670001,0.0582153640916914,0.0742340671909488,0.1013365426760847,0.0996507821669327,0.1714333333333333,0.1999999999999999,24.67713333333333,25.55012,39.0964,43.12554,0.1295385424816348,0.121664687932566,0.0636184504981883,0.0645709700361632,0.1006165338909337,0.1036846464037335,0.0618838049051166,1.1557998329337105
2025,Khuzdar,42,0.0,21.9672,28.6122,969559.0,1237.0,0.0,35380.0,0.2,6.0,17.0,0.0,0.0975153404164934,0.0966923402625696,0.0584121449924047,0.0618838049051166,0.1753374472311638,0.0,0.4125586993674444,2.980736602929785,0.0,0.0,0.0,20.4934,25.5916,34.6959,40.0289,0.153033680779806,0.0785336329950974,0.0584059202119247,0.0582153640916914,0.1008622768297839,0.1013365426760847,0.0,0.1028599999999999,22.684066666666663,24.7787,34.44566666666666,35.910340000000005,0.1096942180637989,0.1193943298899025,0.0583444764320069,0.0625952580068372,0.0996303865894794,0.100884777006177,0.4125586993674444,0.8283839795897352
2025,Khuzdar,43,0.0,21.2434,28.9656,969559.0,1237.0,0.0,35380.0,0.2,40.0,289.0,0.0,0.1010817909263201,0.0947894660839865,0.0595701582883919,0.4125586993674444,2.980736602929785,0.0,0.5878961465986082,1.021082780934425,0.0,0.0,0.0,21.9672,20.4934,28.6122,34.6959,0.0975153404164934,0.153033680779806,0.0584121449924047,0.0584059202119247,0.0966923402625696,0.1008622768297839,0.0,0.1028599999999999,21.234666666666666,23.4484,30.757900000000003,34.973400000000005,0.1172102707075398,0.1174425517575435,0.0587960744975737,0.0617675309550723,0.0974480277254466,0.0986662816038714,0.5878961465986082,0.9716686231186893
2024,Khyber,37,1.8538,25.8326,70.1548,1146267.0,1000.0,0.0,2576.0,0.2,344.0,316.0,43.0,0.0848738951752088,0.2551211572495016,0.0397827290208506,3.001046004115969,2.756774817734437,0.3751307505144962,2.9835980622315748,4.117714284717261,0.0785157384797782,3.3714,3.2778,25.3519,25.7753,76.3436,74.6256,0.134454698585012,0.099865348315216,0.0338031260626918,0.0,0.2345382050343812,0.0,2.8343333333333334,4.05774,25.653266666666667,25.97792,73.708,75.50757999999999,0.1063979806918122,0.0845154988149362,0.0245286183611808,0.0184850154035784,0.1632197874279609,0.0979318724567765,2.9835980622315748,2.44065822435609
2024,Khyber,38,0.0,27.1112,47.5495,1146267.0,1000.0,0.0,2576.0,0.2,342.0,472.0,9.0,0.0610738306183794,0.2634507969615807,0.0217675315282812,2.9835980622315748,4.117714284717261,0.0785157384797782,3.4808644059368365,3.9257869239889134,0.0785157384797782,1.8538,3.3714,25.8326,25.3519,70.1548,76.3436,0.0848738951752088,0.134454698585012,0.0397827290208506,0.0338031260626918,0.2551211572495016,0.2345382050343812,1.7417333333333334,2.66632,26.09856666666667,26.07918,64.68263333333333,68.7898,0.0934674747928667,0.0844480918953393,0.0317844622039412,0.0190719192556201,0.2510367197484878,0.1506220318490926,3.4808644059368365,2.1108696726062184
2024,Khyber,39,0.6143,26.9472,61.7565,1146267.0,1000.0,0.0,2576.0,0.2,399.0,450.0,9.0,0.0815328180879492,0.2568939304601882,0.0226592378563546,3.4808644059368365,3.9257869239889134,0.0785157384797782,2.259508474029175,2.5822953988904853,0.1744794188439517,0.0,1.8538,27.1112,25.8326,47.5495,70.1548,0.0610738306183794,0.0848738951752088,0.0217675315282812,0.0397827290208506,0.2634507969615807,0.2551211572495016,0.8226999999999999,1.82346,26.630333333333336,26.20364,59.82026666666667,66.08599999999998,0.0758268479605124,0.092360118156353,0.0280698328018288,0.0236025248936356,0.2584886282237568,0.2020008179411303,2.259508474029175,2.590183945408211
2024,Khyber,40,1.1,25.6903,44.0899,1146267.0,1000.0,0.0,2576.0,0.2,259.0,296.0,20.0,0.0475766393811661,0.2483227195676997,0.023176071224402,2.259508474029175,2.5822953988904853,0.1744794188439517,2.8614624690408084,2.756774817734437,0.1308595641329638,0.6143,0.0,26.9472,27.1112,61.7565,47.5495,0.0815328180879492,0.0610738306183794,0.0226592378563546,0.0217675315282812,0.2568939304601882,0.2634507969615807,0.5714333333333333,1.3879,26.5829,26.18664,51.13196666666667,59.97886,0.0633944293624982,0.0819023763695431,0.0225342802030126,0.028237739138516,0.2562224823298229,0.2516653618546702,2.8614624690408084,1.7185237136764036
2024,Khyber,41,0.6,23.2436,42.2388,1146267.0,1000.0,0.0,2576.0,0.2,328.0,316.0,15.0,0.0,0.1569673530045035,0.0,2.8614624690408084,2.756774817734437,0.1308595641329638,3.027217916942562,2.992322033173772,0.0785157384797782,1.1,0.6143,25.6903,26.9472,44.0899,61.7565,0.0475766393811661,0.0815328180879492,0.023176071224402,0.0226592378563546,0.2483227195676997,0.2568939304601882,0.7714333333333333,0.83362,25.2937,25.76498,49.36173333333334,53.1579,0.0430364858230384,0.0550114366525407,0.0152784363602522,0.0214771139259776,0.2207280010107971,0.2361511914486947,3.027217916942562,1.9591912611931344
2024,Khyber,42,0.0,23.4388,42.464,1146267.0,1000.0,0.0,2576.0,0.2,347.0,343.0,9.0,0.1005892334989747,0.2109844462438999,0.0,3.027217916942562,2.992322033173772,0.0785157384797782,2.4950556894685096,3.5681041153588127,0.0872397094219758,0.6,1.1,23.2436,25.6903,42.2388,44.0899,0.0,0.0475766393811661,0.0,0.023176071224402,0.1569673530045035,0.2483227195676997,0.5666666666666665,0.46286,24.124233333333336,25.28622,42.9309,47.61974,0.0493886242933802,0.0581545043172938,0.0077253570748006,0.0135205681218075,0.2054248396053677,0.2273238492475743,2.4950556894685096,2.093815143649563
2024,Khyber,43,0.6143,22.2118,47.7302,1146267.0,1000.0,0.0,2576.0,0.2,286.0,409.0,10.0,0.0833644069447193,0.2284004984686028,0.0288989735397677,2.4950556894685096,3.5681041153588127,0.0872397094219758,0.8287772395087707,2.076305084243025,0.0,0.0,0.6,23.4388,23.2436,42.464,42.2388,0.1005892334989747,0.0,0.0,0.0,0.2109844462438999,0.1569673530045035,0.4047666666666665,0.58572,22.96473333333333,24.30634,44.14433333333333,47.65588,0.061317880147898,0.0626126195825618,0.0096329911799225,0.0149468565241048,0.1987840992390021,0.2203137895489788,0.8287772395087707,1.8535857729812415
2024,Khyber,44,0.0,21.0005,56.846,1146267.0,1000.0,0.0,2576.0,0.2,95.0,238.0,0.0,0.1279708192892593,-0.0111113351763486,0.0282606580146324,0.8287772395087707,2.076305084243025,0.0,0.0,0.9554060056486284,0.0,0.6143,0.0,22.2118,23.4388,47.7302,42.464,0.0833644069447193,0.1005892334989747,0.0288989735397677,0.0,0.2284004984686028,0.2109844462438999,0.2047666666666665,0.46286,22.217033333333333,23.117,49.0134,46.67378,0.1039748199109844,0.0719002198228238,0.0190532105181333,0.0160671405557604,0.1427578698453847,0.1667127364216714,0.0,1.0750285904766077
2025,Khyber,37,0.2714,28.1353,62.8539,1193210.0,1000.0,0.0,2576.0,0.2,48.0,855.0,28.0,0.088552949211783,0.190456854868418,0.0273255926490229,0.4022762129046857,7.165545042364713,0.2346611241943999,6.0341431935702845,6.528607705265628,1.299016937504714,4.4429,7.9714,25.7502,25.7386,69.5805,77.14,0.1454730523337953,0.091876560193522,0.034272240966753,0.0224220717493047,0.1957352489653468,0.1682877654369123,4.228566666666667,4.53142,26.541366666666665,26.90654,69.85813333333333,72.50514000000001,0.1086341872463667,0.0976971506423991,0.0280066351216935,0.0277528576369968,0.1848266230902257,0.126725711225421,6.0341431935702845,0.9224900090964478
2025,Khyber,38,1.2,27.1716,59.4637,1193210.0,1000.0,0.0,2576.0,0.2,720.0,779.0,155.0,0.0595419321566855,0.1529009316421648,0.0205381609837434,6.0341431935702845,6.528607705265628,1.299016937504714,6.486703933088056,7.006310708089942,1.1146403399234,0.2714,4.4429,28.1353,25.7502,62.8539,69.5805,0.088552949211783,0.1454730523337953,0.0273255926490229,0.034272240966753,0.190456854868418,0.1957352489653468,1.9714333333333331,3.97142,27.01903333333333,26.74244,63.96603333333332,70.10097999999999,0.0978559779007545,0.0938616485439527,0.0273786648665064,0.0249822131325448,0.1796976784919765,0.157305897553854,6.486703933088056,4.04396469306308
2025,Khyber,39,0.0143,26.4034,51.4882,1193210.0,1000.0,0.0,2576.0,0.2,774.0,836.0,133.0,0.0824054831891752,0.2201349102590386,0.0200066045192833,6.486703933088056,7.006310708089942,1.1146403399234,4.978168134695485,5.422348119777743,0.0,1.2,0.2714,27.1716,28.1353,59.4637,62.8539,0.0595419321566855,0.088552949211783,0.0205381609837434,0.0273255926490229,0.1529009316421648,0.190456854868418,0.4952333333333333,2.78,27.236766666666668,26.639820000000004,57.93526666666666,64.10526,0.0768334548525479,0.0935699954169922,0.0226234527173498,0.0249129341736214,0.1878308989232071,0.1855031422343761,4.978168134695485,3.991368322648356
2025,Khyber,40,2.4143,23.6305,58.6334,1193210.0,1000.0,0.0,2576.0,0.2,594.0,647.0,0.0,0.0740499449143201,0.2253405463338549,0.0220808882138094,4.978168134695485,5.422348119777743,0.0,5.757578297198314,6.377754125426371,0.561510547179457,0.0143,1.2,26.4034,27.1716,51.4882,59.4637,0.0824054831891752,0.0595419321566855,0.0200066045192833,0.0205381609837434,0.2201349102590386,0.1529009316421648,1.2095333333333331,1.66858,25.735166666666668,26.218200000000003,56.52843333333333,60.40394,0.0719991200867269,0.0900046723611518,0.020875217905612,0.0248446974665224,0.1994587960783528,0.1969136984137646,5.757578297198314,3.012842112343974
2025,Khyber,41,0.7,19.2906,54.6953,1193210.0,1000.0,0.0,2576.0,0.2,687.0,761.0,67.0,0.0637675330397152,0.2323832153372465,0.0033158687345815,5.757578297198314,6.377754125426371,0.561510547179457,6.067666211312343,6.310708089942256,0.1005690532261714,2.4143,0.0143,23.6305,26.4034,58.6334,51.4882,0.0740499449143201,0.0824054831891752,0.0220808882138094,0.0200066045192833,0.2253405463338549,0.2201349102590386,1.0428666666666666,0.92,23.108166666666666,24.92628,54.938966666666666,57.4269,0.0734076537144035,0.0736635685023358,0.015134453822558,0.0186534230200881,0.22595289064338,0.2042432916881445,6.067666211312343,3.6534031980204538
2025,Khyber,42,0.0,22.3243,49.042,1193210.0,1000.0,0.0,2576.0,0.2,724.0,753.0,12.0,0.2060210560748939,0.2237987099569924,0.0014629735666927,6.067666211312343,6.310708089942256,0.1005690532261714,4.525607395177714,5.849766595988971,0.7710294080673142,0.7,2.4143,19.2906,23.6305,54.6953,58.6334,0.0637675330397152,0.0740499449143201,0.0033158687345815,0.0220808882138094,0.2323832153372465,0.2253405463338549,1.0381,0.8657199999999999,21.74846666666667,23.76408,54.12356666666667,54.66452,0.1146128446763097,0.0971571898749579,0.0089532435050278,0.013480899203622,0.2271741572093646,0.2109116627058594,4.525607395177714,3.6878663955197952
2025,Khyber,43,0.0,21.0308,38.5252,1193210.0,1000.0,0.0,2576.0,0.2,540.0,698.0,92.0,0.1631503623893575,0.1910617081827343,0.0886916126186357,4.525607395177714,5.849766595988971,0.7710294080673142,4.651318711710428,3.3439210197702,0.4609414939532857,0.0,0.7,22.3243,19.2906,49.042,54.6953,0.2060210560748939,0.0637675330397152,0.0014629735666927,0.0033158687345815,0.2237987099569924,0.2323832153372465,0.2333333333333333,0.6257199999999999,20.8819,22.53592,47.42083333333333,50.47682,0.1443129838346555,0.1178788759214923,0.0311568183066366,0.0271115895306005,0.2157478778256577,0.2185438180139733,4.651318711710428,2.5590485642016905
2024,Killa Abdullah,37,0.0,27.0697,10.82,361971.0,1500.0,0.0,3553.0,0.2,28.0,183.0,15.0,0.7108992306960598,0.0607385356263054,0.6200344943434773,0.7735426318682987,5.055653629710667,0.4143978385008744,0.4143978385008744,3.204676617740095,0.0,0.5111,0.0,29.038,29.7418,30.0147,19.8352,0.7058575209425062,0.4287097708744768,0.414630514750439,0.4059657356290133,0.051651038011298,0.0553599556893324,0.1703666666666666,0.16222,28.6165,30.319939999999995,20.2233,24.18564,0.6151555075043477,0.5055136138859153,0.4802102482409765,0.2881261489445859,0.0559165097756452,0.0539973535596862,0.4143978385008744,1.4691995423946613
2024,Killa Abdullah,38,0.0,27.9826,15.0052,361971.0,1500.0,0.0,3553.0,0.2,15.0,116.0,0.0,0.6659155076766118,0.0575817760901599,0.5725100526295805,0.4143978385008744,3.204676617740095,0.0,3.840086636774769,0.5249039287677743,0.0276265225667249,0.0,0.5111,27.0697,29.038,10.82,30.0147,0.7108992306960598,0.7058575209425062,0.6200344943434773,0.414630514750439,0.0607385356263054,0.051651038011298,0.1703666666666666,0.10222,28.030100000000004,29.40116,18.6133,20.90048,0.6942240864383926,0.6386967154212376,0.5357250205744989,0.402628159470502,0.0566571165759211,0.0551244897385985,3.840086636774769,1.7531459513289027
2024,Killa Abdullah,39,0.0,28.0365,15.1924,361971.0,1500.0,0.0,3553.0,0.2,139.0,19.0,1.0,0.0,0.0635909424605439,0.0,3.840086636774769,0.5249039287677743,0.0276265225667249,1.8786035345372971,3.5361948885407943,0.0552530451334499,0.0,0.0,27.9826,27.0697,15.0052,10.82,0.6659155076766118,0.7108992306960598,0.5725100526295805,0.6200344943434773,0.0575817760901599,0.0607385356263054,0.0,0.10222,27.69626666666667,28.37372,13.672533333333334,18.1735,0.4589382461242238,0.5022764060379309,0.3975148489910192,0.402628159470502,0.0606370847256697,0.0577844495755279,1.8786035345372971,2.8296159968053067
2024,Killa Abdullah,40,0.1125,25.3666,20.8466,361971.0,1500.0,0.0,3553.0,0.2,68.0,128.0,2.0,0.6580060326576451,0.0544092501075536,0.0,1.8786035345372971,3.5361948885407943,0.0552530451334499,2.569266598705421,0.5249039287677743,0.0,0.0,0.0,28.0365,27.9826,15.1924,15.0052,0.0,0.6659155076766118,0.0,0.5725100526295805,0.0635909424605439,0.0575817760901599,0.0375,0.12472,27.128566666666668,27.49868,17.014733333333332,18.37578,0.4413071801114189,0.5481356583945646,0.1908366842098602,0.3214350123446993,0.0585273228860858,0.0575943084591721,2.569266598705421,1.6071802603597831
2024,Killa Abdullah,41,0.1286,21.39,23.5854,361971.0,1500.0,0.0,3553.0,0.2,93.0,19.0,0.0,0.6355454666489935,0.0520471924706813,0.5328916431409957,2.569266598705421,0.5249039287677743,0.0,2.9284113920728454,0.4143978385008744,0.1105060902668998,0.1125,0.0,25.3666,28.0365,20.8466,15.1924,0.6580060326576451,0.0,0.0,0.0,0.0544092501075536,0.0635909424605439,0.0803666666666666,0.04822,24.93103333333333,25.96908,19.8748,17.08992,0.4311838331022128,0.534073247535862,0.1776305477136652,0.3450872380228107,0.0566824616795929,0.0576735393510488,2.9284113920728454,2.2767293833065274
2024,Killa Abdullah,42,0.0,22.3109,14.951,361971.0,1500.0,0.0,3553.0,0.2,106.0,15.0,4.0,0.6514958122102561,0.0603979855491146,0.5311181073839404,2.9284113920728454,0.4143978385008744,0.1105060902668998,7.127642822215039,12.87395951609383,0.0,0.1286,0.1125,21.39,25.3666,23.5854,20.8466,0.6355454666489935,0.6580060326576451,0.5328916431409957,0.0,0.0520471924706813,0.0544092501075536,0.0803666666666666,0.04822,23.0225,25.01732,19.79433333333333,17.91612,0.6483491038389649,0.5221925638387013,0.3546699168416453,0.3273039606309033,0.0556181427091165,0.0576054293356106,7.127642822215039,2.4935832656431542
2024,Killa Abdullah,43,0.0,22.6856,23.3539,361971.0,1500.0,0.0,3553.0,0.2,258.0,466.0,0.0,0.6458183727942232,0.0539887430600667,0.5371072657407638,7.127642822215039,12.87395951609383,0.0,0.2622500838653914,0.120197955104971,0.0,0.0,0.1286,22.3109,21.39,14.951,23.5854,0.6514958122102561,0.6355454666489935,0.5311181073839404,0.5328916431409957,0.0603979855491146,0.0520471924706813,0.0428666666666666,0.04822,22.128833333333336,23.95792,20.6301,19.58586,0.6442865505511576,0.5181731368622235,0.5337056720885666,0.3202234032531399,0.0554779736932875,0.056886822729592,0.2622500838653914,3.611738327255332
2025,Killa Abdullah,37,0.0,29.4275,23.9032,915157.0,1500.0,0.0,3553.0,0.2,13.0,227.0,33.0,0.5800864720295196,0.0559080327750599,0.4670854323695803,0.1420521287604203,2.4804487098934938,0.3605938653149131,0.1529792155881449,2.546011230859841,0.0109270868277246,0.0,0.0,27.51,30.6838,9.3396,20.1531,0.5917361756785939,0.0,0.4573855447657103,0.0,0.0483044794534605,0.0503138090786312,0.0,0.0,29.2071,30.046100000000003,17.79863333333333,16.13732,0.3906075492360378,0.4556409949469364,0.3081569923784302,0.3573128832958913,0.0515087737690505,0.045295826997806,0.1529792155881449,0.7475458591227806
2025,Killa Abdullah,38,0.0,26.2147,13.1129,915157.0,1500.0,0.0,3553.0,0.2,14.0,233.0,1.0,0.5394291309759133,0.0562996533233267,0.4492431817214823,0.1529792155881449,2.546011230859841,0.0109270868277246,0.2513229970376667,2.7317717069311604,0.1420521287604203,0.0,0.0,29.4275,27.51,23.9032,9.3396,0.5800864720295196,0.5917361756785939,0.4670854323695803,0.4573855447657103,0.0559080327750599,0.0483044794534605,0.0,0.0,27.7174,29.08616,15.4519,16.6695,0.5704172595613423,0.4607062437442281,0.4579047196189243,0.3627170633757581,0.053504055183949,0.0478086950734157,0.2513229970376667,0.7677002404078017
2025,Killa Abdullah,39,0.0,26.7204,13.2692,915157.0,1500.0,0.0,3553.0,0.2,23.0,250.0,13.0,0.0,0.0592634165393152,0.0,0.2513229970376667,2.7317717069311604,0.1420521287604203,0.0983437814495217,2.513229970376668,0.0218541736554492,0.0,0.0,26.2147,29.4275,13.1129,23.9032,0.5394291309759133,0.5800864720295196,0.4492431817214823,0.4670854323695803,0.0562996533233267,0.0559080327750599,0.0,0.0,27.4542,28.11128,16.761766666666666,15.9556,0.3731718676684776,0.3422503557368053,0.3054428713636876,0.2747428317713546,0.0571570342125672,0.0540178782339587,0.0983437814495217,0.5231432677949011
2025,Killa Abdullah,40,0.0,24.0585,10.6517,915157.0,1500.0,0.0,3553.0,0.2,9.0,230.0,2.0,0.5444816530271541,0.0563481758695506,0.0,0.0983437814495217,2.513229970376668,0.0218541736554492,0.2076146497267681,2.6880633596202617,0.1529792155881449,0.0,0.0,26.7204,26.2147,13.2692,13.1129,0.0,0.5394291309759133,0.0,0.4492431817214823,0.0592634165393152,0.0562996533233267,0.0,0.0,25.66453333333333,26.786220000000004,12.3446,14.05532,0.3613035946676891,0.4511466863422361,0.1497477272404941,0.2747428317713546,0.0573037485773975,0.0552247515921425,0.2076146497267681,0.44187502355032837
2025,Killa Abdullah,41,0.0,18.6201,12.2732,915157.0,1500.0,0.0,3553.0,0.2,19.0,246.0,14.0,0.29657604955265,0.0551422483017726,0.2658614361091996,0.2076146497267681,2.6880633596202617,0.1529792155881449,0.2076146497267681,2.28376114699445,0.1529792155881449,0.0,0.0,24.0585,26.7204,10.6517,13.2692,0.5444816530271541,0.0,0.0,0.0,0.0563481758695506,0.0592634165393152,0.0,0.0,23.133,25.00824,12.0647,14.64204,0.2803525675266013,0.3921146611170474,0.0886204787030665,0.2364380100400524,0.0569179469035461,0.056592305361805,0.2076146497267681,0.5591611454303642
2025,Killa Abdullah,42,0.0,20.8811,12.3911,915157.0,1500.0,0.0,3553.0,0.2,19.0,209.0,14.0,0.5855430816167819,0.0546586771927901,0.2849426473961921,0.2076146497267681,2.28376114699445,0.1529792155881449,0.1966875628990435,2.382104928443972,0.0874166946217971,0.0,0.0,18.6201,24.0585,12.2732,10.6517,0.29657604955265,0.5444816530271541,0.2658614361091996,0.0,0.0551422483017726,0.0563481758695506,0.0,0.0,21.186566666666668,23.29896,11.772,12.33962,0.4755335947321953,0.3932059830344998,0.1836013611684639,0.2000094530453748,0.0553830337880377,0.056342434245351,0.1966875628990435,0.7020515333032318
2025,Killa Abdullah,43,0.0,19.8439,15.717,915157.0,1500.0,0.0,3553.0,0.2,18.0,218.0,8.0,0.5564920866444025,0.0507999066773412,0.4622654833995311,0.1966875628990435,2.382104928443972,0.0874166946217971,0.1966875628990435,2.1635631918894798,0.0874166946217971,0.0,0.0,20.8811,18.6201,12.3911,12.2732,0.5855430816167819,0.29657604955265,0.2849426473961921,0.2658614361091996,0.0546586771927901,0.0551422483017726,0.0,0.0,19.7817,22.0248,13.460433333333333,12.86044,0.4795370726046115,0.3966185741681977,0.3376898556349743,0.2026139133809845,0.0535336107239679,0.0552424849161539,0.1966875628990435,0.8316628661985792
2024,Killa Saifullah,37,0.0538,24.0936,48.7529,380200.0,1500.0,0.0,6831.0,0.2,208.0,150.0,0.0,0.5991930182363785,0.0876183729571229,0.5277427586033125,5.470804839558127,3.9452919516044185,0.0,4.602840610205155,4.944765912677538,0.0,1.5714,3.1333,23.4894,23.9328,66.932,66.7359,0.6246946385355426,0.5893300049605557,0.4862847247587379,0.4829403501887862,0.074219744533754,0.0579384796956601,1.586166666666667,1.3859800000000002,23.8386,24.353340000000003,60.806933333333326,64.82320000000001,0.604405887244159,0.6177994029204192,0.4989892778502789,0.4255928345252872,0.0732588657288456,0.0707488903877925,4.602840610205155,5.072724297082297
2024,Killa Saifullah,39,0.0,26.3621,35.9054,380200.0,1500.0,0.0,6831.0,0.2,175.0,188.0,0.0,0.579285255985904,0.0883130258189366,0.4847647466209589,4.602840610205155,4.944765912677538,0.0,0.0,3.208837453971594,0.0,0.0538,1.5714,24.0936,23.4894,48.7529,66.932,0.5991930182363785,0.6246946385355426,0.5277427586033125,0.4862847247587379,0.0876183729571229,0.074219744533754,0.5417333333333333,0.9717,24.648366666666664,24.39752,50.5301,58.21718,0.6010576375859418,0.5972317634209036,0.4995974099943365,0.5225457838494789,0.0833837144366044,0.076387268107685,0.0,4.689542096929553
2024,Killa Saifullah,40,0.9125,23.6509,30.401,380200.0,1500.0,0.0,6831.0,0.2,0.0,122.0,0.0,0.6212560353816594,0.0794576330857763,0.4852544940969982,0.0,3.208837453971594,0.0,0.0,3.7085744345081535,0.0,0.0,0.0538,26.3621,24.0936,35.9054,48.7529,0.579285255985904,0.5991930182363785,0.4847647466209589,0.5277427586033125,0.0883130258189366,0.0876183729571229,0.3221,1.1342,24.7022,24.30576,38.35309999999999,49.74544,0.5999114365346473,0.6027517906200079,0.4992539997737565,0.4933974148537589,0.0851296772872786,0.0775094512182499,0.0,3.670395847803509
2024,Killa Saifullah,41,1.0429,18.7094,42.5106,380200.0,1500.0,0.0,6831.0,0.2,0.0,141.0,0.0,0.5731423545078361,0.0839125633079247,0.4838445275544641,0.0,3.7085744345081535,0.0,0.0,2.682798527091005,0.0,0.9125,0.0,23.6509,26.3621,30.401,35.9054,0.6212560353816594,0.579285255985904,0.4852544940969982,0.4847647466209589,0.0794576330857763,0.0883130258189366,0.6518,0.7161199999999999,22.907466666666664,23.26108,36.27233333333333,44.90038,0.5912278819584665,0.5995142605294641,0.4846212560908071,0.4935782503268943,0.0838944074042125,0.0827042679407029,0.0,3.8189564495635078
2024,Killa Saifullah,42,0.0,20.9496,18.1387,380200.0,1500.0,0.0,6831.0,0.2,0.0,102.0,0.0,0.5960467469124112,0.0783400116254584,0.5109191693759548,0.0,2.682798527091005,0.0,0.1841136244082062,2.077853761178327,0.0263019463440294,1.0429,0.9125,18.7094,23.6509,42.5106,30.401,0.5731423545078361,0.6212560353816594,0.4838445275544641,0.4852544940969982,0.0839125633079247,0.0794576330857763,0.6518,0.40184,21.1033,22.753120000000003,30.350099999999998,35.14172,0.5968150456006356,0.5937846822048378,0.4933393970091391,0.4985051392503378,0.0805700693397197,0.0835283213590437,0.1841136244082062,3.4923944944096252
2024,Killa Saifullah,43,0.0,20.86,31.4638,380200.0,1500.0,0.0,6831.0,0.2,7.0,79.0,1.0,0.5289116696068115,0.0727640864795553,0.4835169080944685,0.1841136244082062,2.077853761178327,0.0263019463440294,4.497632824829037,0.0,0.0,0.0,1.0429,20.9496,18.7094,18.1387,42.5106,0.5960467469124112,0.5731423545078361,0.5109191693759548,0.4838445275544641,0.0783400116254584,0.0839125633079247,0.3476333333333333,0.39108,20.173,22.1064,30.704366666666655,31.6839,0.5660335903423529,0.5797284124789244,0.4927602016749624,0.4896599691485689,0.0783388871376461,0.0805574640635302,4.497632824829037,3.440428737386318
2024,Killa Saifullah,44,0.0,20.4502,24.0571,380200.0,1500.0,0.0,6831.0,0.2,171.0,0.0,0.0,0.6043496373729315,0.0689249684676236,0.485904953485531,4.497632824829037,0.0,0.0,0.0,4.377764824538702,0.0,0.0,0.0,20.86,20.9496,31.4638,18.1387,0.5289116696068115,0.5960467469124112,0.4835169080944685,0.5109191693759548,0.0727640864795553,0.0783400116254584,0.0,0.39108,20.753266666666665,20.92402,24.553199999999997,29.314239999999995,0.5764360179640514,0.5847412887563299,0.4934470103186514,0.4898880105214833,0.073343022190879,0.0766798525932676,0.0,4.531335648741787
2025,Killa Saifullah,37,0.0286,25.232,56.8286,413453.0,1500.0,0.0,6831.0,0.2,331.0,336.0,53.0,0.5290781239079523,0.0617435066382934,0.4511642883212839,8.005746723327682,8.126679453287315,1.2818869375721065,7.836440901384196,7.401083073529518,0.1209327299596326,0.0143,0.1571,25.0743,26.6752,51.5898,60.1088,0.5182567595678247,0.5977819997552993,0.3933191824032339,0.4953239430493876,0.0548439331804401,0.0549465879919118,0.0666666666666666,0.0857199999999999,25.6605,26.62398,56.17573333333333,54.70194,0.5483722944103587,0.5553579711778684,0.4466024712579684,0.4761382811599953,0.0571780092702151,0.0539645788045511,7.836440901384196,5.597036290305737
2025,Killa Saifullah,38,0.0,25.6868,19.9387,413453.0,1500.0,0.0,6831.0,0.2,324.0,306.0,5.0,0.4628453720442898,0.0647970101686513,0.4249987248452371,7.836440901384196,7.401083073529518,0.1209327299596326,6.385248141868604,6.457807779844384,0.2418654599192653,0.0286,0.0143,25.232,25.0743,56.8286,51.5898,0.5290781239079523,0.5182567595678247,0.4511642883212839,0.3933191824032339,0.0617435066382934,0.0548439331804401,0.0142999999999999,0.04572,25.33103333333333,26.27822,42.78569999999999,48.69636,0.503393418506689,0.5318938566887195,0.4231607318565849,0.4500362041114056,0.0604614833291282,0.0580149882986584,6.385248141868604,4.7001601077179265
2025,Killa Saifullah,39,0.0,25.4793,16.5323,413453.0,1500.0,0.0,6831.0,0.2,264.0,267.0,10.0,0.5118562171037373,0.0620429712648292,0.4211079622682536,6.385248141868604,6.457807779844384,0.2418654599192653,4.643816830449894,3.1200644329585225,0.0,0.0,0.0286,25.6868,25.232,19.9387,56.8286,0.4628453720442898,0.5290781239079523,0.4249987248452371,0.4511642883212839,0.0647970101686513,0.0617435066382934,0.0095333333333333,0.0399999999999999,25.46603333333333,25.629520000000003,31.09986666666666,40.99964,0.5012599043519931,0.5239636944758207,0.4324236584782582,0.4371828201774793,0.0628611626905913,0.0596748018488251,4.643816830449894,4.443959896453964
2025,Killa Saifullah,40,0.0,23.5755,27.7245,413453.0,1500.0,0.0,6831.0,0.2,192.0,129.0,0.0,0.5328997966952591,0.062282346983012,0.5174362603626749,4.643816830449894,3.1200644329585225,0.0,4.6680033764418205,3.361929892877788,0.0,0.0,0.0,25.4793,25.6868,16.5323,19.9387,0.5118562171037373,0.4628453720442898,0.4211079622682536,0.4249987248452371,0.0620429712648292,0.0647970101686513,0.0,0.00858,24.913866666666667,25.00958,21.398499999999995,34.52278,0.5025337952810954,0.5109872538638126,0.4545143158253885,0.4416052836401367,0.0630407761388308,0.0611419536470452,4.6680033764418205,4.172931773443745
2025,Killa Saifullah,41,0.0,17.9773,23.2689,413453.0,1500.0,0.0,6831.0,0.2,193.0,139.0,0.0,0.4776785260357087,0.0600378483301308,0.5015660232245717,4.6680033764418205,3.361929892877788,0.0,5.683838308102734,6.143382681949339,0.0,0.0,0.0,23.5755,25.4793,27.7245,16.5323,0.5328997966952591,0.5118562171037373,0.5174362603626749,0.4211079622682536,0.062282346983012,0.0620429712648292,0.0,0.00572,22.34403333333333,23.59018,22.508566666666663,28.858600000000003,0.5074781799449016,0.5028716071573894,0.4800367486185,0.4632546518044043,0.061454388859324,0.0621807366769833,5.683838308102734,4.49372564947525
2025,Killa Saifullah,43,0.0,18.671,23.9609,413453.0,1500.0,0.0,6831.0,0.2,235.0,254.0,0.0,0.4796467465034617,0.057250394152928,0.4394363680313952,5.683838308102734,6.143382681949339,0.0,5.538719032151176,8.368544913206579,0.0,0.0,0.0,17.9773,23.5755,23.2689,27.7245,0.4776785260357087,0.5328997966952591,0.5015660232245717,0.5174362603626749,0.0600378483301308,0.062282346983012,0.0,0.0,20.0746,22.27798,24.98476666666666,22.28506,0.4967416897448098,0.4929853316764913,0.4861462172062138,0.4609090677464265,0.0598568631553569,0.0612821141799102,5.538719032151176,4.970745573018981
2024,Kohat,38,0.0,29.007,50.557,1234661.0,500.0,0.0,2545.0,0.65,11.0,118.0,0.0,0.2084128351550289,0.2267871203409713,0.0298039632364659,0.0890932814756439,0.9557279285569076,0.0,0.1376896168259951,0.6560505272297416,0.0,4.5444,4.3286,27.4214,28.0153,73.5129,74.5217,0.2124678723330379,0.0,0.0,0.0,0.0,0.1483559200073515,2.957666666666667,4.81102,28.147900000000003,28.186380000000003,66.19720000000001,71.6553,0.1402935691626889,0.1459113334499217,0.0099346544121553,0.0117471602312525,0.1250476801161076,0.0750286080696645,0.1376896168259951,0.49049970809205945
2024,Kohat,39,3.4571,28.4665,63.0571,1234661.0,500.0,0.0,2545.0,0.65,17.0,81.0,0.0,0.0895340312426723,0.2124624908542799,0.0329938767211518,0.1376896168259951,0.6560505272297416,0.0,2.4460155459676787,3.1425630193227128,0.016198778450117,0.0,4.5444,29.007,27.4214,50.557,73.5129,0.2084128351550289,0.2124678723330379,0.0298039632364659,0.0,0.2267871203409713,0.0,2.6671666666666667,3.87744,28.2983,28.23104,62.37566666666667,68.08104,0.1701382462435796,0.1456329862542374,0.0209326133192059,0.0169431971687116,0.1464165370650837,0.1175211062405205,2.4460155459676787,0.4658104989298515
2024,Kohat,41,0.3286,25.2272,42.4674,1234661.0,500.0,0.0,2545.0,0.65,302.0,388.0,2.0,0.0,0.2112852106951928,0.0,2.4460155459676787,3.1425630193227128,0.016198778450117,2.0653442523899272,3.4989361452252883,0.0080993892250585,3.4571,0.0,28.4665,29.007,63.0571,50.557,0.0895340312426723,0.2084128351550289,0.0329938767211518,0.0298039632364659,0.2124624908542799,0.2267871203409713,1.2619,2.53174,27.5669,27.62748,52.027166666666666,60.82321999999999,0.099315622132567,0.1020829477461478,0.0209326133192059,0.0125595679915235,0.216844940630148,0.1597781483795591,2.0653442523899272,1.8156885713084785
2024,Kohat,42,0.0,25.6754,44.0555,1234661.0,500.0,0.0,2545.0,0.65,255.0,432.0,1.0,0.1254072897567354,0.1982094229266204,0.0,2.0653442523899272,3.4989361452252883,0.0080993892250585,2.138238755415454,3.247855079248474,0.0,0.3286,3.4571,25.2272,28.4665,42.4674,63.0571,0.0,0.0895340312426723,0.0,0.0329938767211518,0.2112852106951928,0.2124624908542799,1.2619,1.6660199999999996,26.456366666666668,27.1595,49.86000000000001,54.72998,0.0716471069998025,0.1271644056974949,0.0109979589070506,0.0125595679915235,0.207319041492031,0.1697488489634128,2.138238755415454,1.403198502490281
2024,Kohat,43,2.0571,24.5745,47.9657,1234661.0,500.0,0.0,2545.0,0.65,264.0,401.0,0.0,0.2432122827819763,0.1862376252927431,0.0593562778095693,2.138238755415454,3.247855079248474,0.0,1.3444986113597177,2.518910048993205,0.0,0.0,0.3286,25.6754,25.2272,44.0555,42.4674,0.1254072897567354,0.0,0.0,0.0,0.1982094229266204,0.2112852106951928,0.7952333333333335,1.1685599999999998,25.159033333333337,26.59012,44.82953333333334,49.620540000000005,0.1228731908462372,0.1333132877872825,0.0197854259365231,0.0244308235534374,0.1985774196381854,0.2069963740219615,1.3444986113597177,1.3520298355926998
2024,Kohat,44,0.0571,22.3385,64.9644,1234661.0,500.0,0.0,2545.0,0.65,166.0,311.0,0.0,0.1381431029580316,0.1501891936282955,0.0545027100390163,1.3444986113597177,2.518910048993205,0.0,0.0,0.2915541753473451,0.0,2.0571,0.0,24.5745,25.6754,47.9657,44.0555,0.2432122827819763,0.1254072897567354,0.0593562778095693,0.0,0.1862376252927431,0.1982094229266204,0.7047333333333334,1.1799799999999998,24.196133333333336,25.25642,52.32853333333335,52.50202,0.1689208918322477,0.1192593413478831,0.0379529959495285,0.0293705729139474,0.1782120806158863,0.1916767886794263,0.0,0.9808825884640138
2025,Kohat,37,0.2286,29.57,61.4204,1200463.0,500.0,0.0,2545.0,0.65,0.0,989.0,9.0,0.0344183368631931,0.1914305452614104,0.0071439272212414,0.0,8.23848798338641,0.0749710736607458,4.190050005706132,7.713690467761189,0.116621670138938,2.5,10.3286,27.4534,28.1885,68.9679,71.5604,0.2187535627159671,0.1062506900338769,0.1339326943660628,0.0300593283863957,0.216374639629351,0.200074279352087,4.3524,3.6771599999999993,28.403966666666676,29.42534,67.31623333333333,65.6516,0.1198075298710123,0.1263720579852038,0.0570453166578999,0.0497737341787416,0.2026264880809495,0.1495554936879333,4.190050005706132,0.44206904403294267
2025,Kohat,38,1.0857,29.2897,56.9021,1200463.0,500.0,0.0,2545.0,0.65,503.0,926.0,14.0,0.2076577102436439,0.1814648221193915,0.0056869420642777,4.190050005706132,7.713690467761189,0.116621670138938,3.565291058533249,7.205553190727244,0.1499421473214917,0.2286,2.5,29.57,27.4534,61.4204,68.9679,0.0344183368631931,0.2187535627159671,0.0071439272212414,0.1339326943660628,0.1914305452614104,0.216374639629351,1.2714333333333334,3.3514399999999998,28.77103333333333,29.14416,62.43013333333334,64.4847,0.1536098699409347,0.149707057006883,0.0489211878838606,0.0404389704292536,0.1964233356700509,0.1858484581118116,3.565291058533249,2.613050555574352
2025,Kohat,39,0.2,29.0796,48.1121,1200463.0,500.0,0.0,2545.0,0.65,428.0,865.0,18.0,0.0979321578416584,0.1634698882400941,0.0191406973564668,3.565291058533249,7.205553190727244,0.1499421473214917,2.8405706798127057,6.555803885667446,0.0249903578869153,1.0857,0.2286,29.2897,29.57,56.9021,61.4204,0.2076577102436439,0.0344183368631931,0.0056869420642777,0.0071439272212414,0.1814648221193915,0.1914305452614104,0.5047666666666667,2.86858,29.3131,28.71624,55.47820000000001,61.39258,0.1133360683161651,0.1330024915396679,0.0106571888806619,0.0391927178788888,0.1787884185402986,0.1905628349204668,2.8405706798127057,2.477965726593034
2025,Kohat,40,2.4714,26.4215,54.2221,1200463.0,500.0,0.0,2545.0,0.65,341.0,787.0,3.0,0.2513056798680471,0.1720140168401844,0.0251975078870845,2.8405706798127057,6.555803885667446,0.0249903578869153,2.274122567709292,5.664481121034135,0.0999614315476612,0.2,1.0857,29.0796,29.2897,48.1121,56.9021,0.0979321578416584,0.2076577102436439,0.0191406973564668,0.0056869420642777,0.1634698882400941,0.1814648221193915,1.2523666666666669,1.2971399999999995,28.2636,28.36284,53.07876666666667,57.92492,0.1856318493177831,0.1620134895065019,0.0166750491026096,0.0382203537790266,0.17231624239989,0.1849507824180862,2.274122567709292,1.9199732823708815
2025,Kohat,41,0.2429,22.0876,48.5468,1200463.0,500.0,0.0,2545.0,0.65,273.0,680.0,12.0,0.0,0.1785889273635541,0.0,2.274122567709292,5.664481121034135,0.0999614315476612,2.257462329118016,3.8568452338805934,0.2249132209822377,2.4714,0.2,26.4215,29.0796,54.2221,48.1121,0.2513056798680471,0.0979321578416584,0.0251975078870845,0.0191406973564668,0.1720140168401844,0.1634698882400941,0.9714333333333336,0.8457199999999997,25.862900000000007,27.28968,50.293666666666674,53.840700000000005,0.1164126125699018,0.1182627769633084,0.0147794017478504,0.011433814905814,0.1713576108146108,0.1773936399649269,2.257462329118016,1.5344757781072937
2025,Kohat,42,0.0,24.6111,47.3398,1200463.0,500.0,0.0,2545.0,0.65,271.0,463.0,27.0,0.1279759993929806,0.1732903717046185,0.0,2.257462329118016,3.8568452338805934,0.2249132209822377,2.349093641370038,3.423679030507396,0.0,0.2429,2.4714,22.0876,26.4215,48.5468,54.2221,0.0,0.2513056798680471,0.0,0.0251975078870845,0.1785889273635541,0.1720140168401844,0.9047666666666668,0.7999999999999996,24.373400000000004,26.2979,50.036233333333335,51.02457999999999,0.1264272264203425,0.136974309469266,0.0083991692956948,0.0100050294615658,0.1746311053027856,0.1737656052535685,2.349093641370038,1.5409115833067188
2025,Kohat,43,0.0,23.7433,37.6934,1200463.0,500.0,0.0,2545.0,0.65,282.0,411.0,0.0,0.24827533789926,0.1396843240269705,0.0652253850778326,2.349093641370038,3.423679030507396,0.0,2.407404476439507,4.306671675845069,0.0916313122520227,0.0,0.2429,24.6111,22.0876,47.3398,48.5468,0.1279759993929806,0.0,0.0,0.0,0.1732903717046185,0.1785889273635541,0.0809666666666666,0.5828599999999996,23.480666666666668,25.18862,44.52666666666666,47.18284,0.1254171124307468,0.1450978350003892,0.0217417950259442,0.0219127180642767,0.1638545410317143,0.1654095056350843,2.407404476439507,1.5867492613229555
2024,Kohistan Lower,37,0.8308,5.2734,76.1085,340017.0,1500.0,2.0,1200.0,0.2,19.0,111.0,1.0,0.2565152308203255,0.1960639483379211,0.0220740031052485,0.558795589632283,3.26454265522018,0.0294102941911727,0.4999750012499375,3.6468764797054263,0.0588205883823455,1.2714,6.4889,6.3582,7.0084,81.0759,84.2407,0.2647283928583964,0.219743708681863,0.1398397459558303,0.0248969262125007,0.1254201704923605,0.0,2.8637,3.0982200000000004,6.213333333333332,7.2363,80.47503333333333,81.26986000000001,0.2469957774535283,0.1892322051800266,0.0622702250911931,0.0489808980158074,0.1071613729434272,0.1295802439522997,0.4999750012499375,0.3556527541600447
2024,Kohistan Lower,38,0.6714,5.4154,64.8228,340017.0,1500.0,2.0,1200.0,0.2,17.0,124.0,2.0,0.1567104136561653,0.2068513740345884,0.0143519470402729,0.4999750012499375,3.6468764797054263,0.0588205883823455,0.2352823535293823,2.970439713308452,0.0,0.8308,1.2714,5.2734,6.3582,76.1085,81.0759,0.2565152308203255,0.2647283928583964,0.0220740031052485,0.1398397459558303,0.1960639483379211,0.1254201704923605,0.9245333333333332,2.26108,5.682333333333332,6.26338,74.00240000000001,77.57826,0.2259846791116291,0.1910894768021544,0.0587552320337838,0.0459306331620231,0.1761118309549566,0.1352956445068747,0.2352823535293823,0.1531635575403998
2024,Kohistan Lower,39,0.6714,6.4318,68.6352,340017.0,1500.0,2.0,1200.0,0.2,8.0,101.0,0.0,0.0440782729990036,0.1327759954340439,0.0174635626768292,0.2352823535293823,2.970439713308452,0.0,0.2058720593382095,2.793977948161415,0.0,0.6714,0.8308,5.4154,5.2734,64.8228,76.1085,0.1567104136561653,0.2565152308203255,0.0143519470402729,0.0220740031052485,0.2068513740345884,0.1960639483379211,0.7245333333333334,1.98678,5.706866666666666,6.097440000000001,69.8555,74.97662,0.1524346391584981,0.1883552038031507,0.0179631709407835,0.0437252369981363,0.1785637726021844,0.1322222976597827,0.2058720593382095,0.141753785049481
2024,Kohistan Lower,40,0.1625,2.4393,70.512,340017.0,1500.0,2.0,1200.0,0.2,7.0,95.0,0.0,0.1614521294294296,0.1854061347403507,0.017547021055511,0.2058720593382095,2.793977948161415,0.0,0.2058720593382095,2.9116191249261067,0.0,0.6714,0.6714,6.4318,5.4154,68.6352,64.8228,0.0440782729990036,0.1567104136561653,0.0174635626768292,0.0143519470402729,0.1327759954340439,0.2068513740345884,0.5017666666666667,0.7215000000000004,4.762166666666666,5.18362,67.99000000000001,72.23088,0.1207469386948661,0.176696887952664,0.0164541769242043,0.0422552559667383,0.175011168069661,0.1693035246078529,0.2058720593382095,0.14486818499918286
2024,Kohistan Lower,41,0.0286,-0.9334,80.7041,340017.0,1500.0,2.0,1200.0,0.2,7.0,99.0,0.0,0.0679180073065427,0.1525679370870989,0.019634600259979,0.2058720593382095,2.9116191249261067,0.0,0.1764617651470367,3.529235302940735,0.0,0.1625,0.6714,2.4393,6.4318,70.512,68.6352,0.1614521294294296,0.0440782729990036,0.017547021055511,0.0174635626768292,0.1854061347403507,0.1327759954340439,0.2875,0.4729400000000003,2.6459,3.7253,73.28376666666666,72.15652,0.0911494699116586,0.1373348108422933,0.018215061330773,0.0182142268275681,0.1569166890871645,0.1747330779268006,0.1764617651470367,0.11318691563291328
2024,Kohistan Lower,42,0.0,-0.6549,72.9941,340017.0,1500.0,2.0,1200.0,0.2,6.0,120.0,0.0,0.0,0.1463645509429656,0.0,0.1764617651470367,3.529235302940735,0.0,0.1176411767646911,3.558645597131908,0.0,0.0286,0.1625,-0.9334,2.4393,80.7041,70.512,0.0679180073065427,0.1614521294294296,0.019634600259979,0.017547021055511,0.1525679370870989,0.1854061347403507,0.0636999999999999,0.3067800000000004,0.283666666666666,2.5396399999999995,74.73673333333333,71.53364,0.076456712245324,0.0860317646782282,0.01239387377183,0.0137994262065184,0.1614462075901384,0.1647931984478094,0.1176411767646911,0.15973781756831684
2024,Kohistan Lower,43,0.0,-0.6337,73.1153,340017.0,1500.0,2.0,1200.0,0.2,4.0,121.0,0.0,0.1634497132079336,0.1498513102798212,0.0,0.1176411767646911,3.558645597131908,0.0,0.1470514709558639,2.7645676539702424,0.0,0.0,0.0286,-0.6549,-0.9334,72.9941,80.7041,0.0,0.0679180073065427,0.0,0.019634600259979,0.1463645509429656,0.1525679370870989,0.0095333333333333,0.1725000000000003,-0.7406666666666673,1.32982,75.60449999999999,73.19214,0.0771225735048254,0.0873796245885819,0.0065448667533263,0.0109290367984638,0.1495945994366286,0.153393185696856,0.1470514709558639,0.09196707629392353
2024,Kohistan Lower,44,0.0143,-0.6233,71.0678,340017.0,1500.0,2.0,1200.0,0.2,5.0,94.0,0.0,0.1107463566921288,0.1003515860729337,0.0244857905066588,0.1470514709558639,2.7645676539702424,0.0,0.0,0.0,0.0,0.0,0.0,-0.6337,-0.6549,73.1153,72.9941,0.1634497132079336,0.0,0.0,0.0,0.1498513102798212,0.1463645509429656,0.0047666666666666,0.0410800000000003,-0.6373000000000006,-0.0812,72.39240000000001,73.67866000000001,0.0913986899666874,0.1007132413272069,0.0081619301688862,0.0123334823644297,0.1321891490985735,0.146908303824634,0.0,0.1679670522498773
2025,Kohistan Lower,37,1.2571,7.9859,70.8962,244203.0,1500.0,2.0,1200.0,0.2,1.0,164.0,0.0,0.0,0.2217856031942564,0.0,0.0409495378844649,6.715724213052256,0.0,0.0818990757689299,8.926999258813364,0.0,2.2429,1.7286,6.6243,8.0663,80.1492,80.3784,0.1228921155762205,0.0511520690800398,0.1180728101040547,0.0222069446144863,0.0801057782166187,0.1848788709827431,1.7428666666666668,2.0914400000000004,7.558833333333333,8.393299999999998,77.14126666666665,78.57077999999998,0.0580147282187534,0.1171361712351227,0.0467599182395136,0.036163319357895,0.1622567507978727,0.1607834954003516,0.0818990757689299,0.27504677361455165
2025,Kohistan Lower,38,0.6,5.0579,73.0253,244203.0,1500.0,2.0,1200.0,0.2,2.0,218.0,0.0,0.1525022045192345,0.1600538696896798,0.0,0.0818990757689299,8.926999258813364,0.0,0.0409495378844649,4.913944546135797,0.0,1.2571,2.2429,7.9859,6.6243,70.8962,80.1492,0.0,0.1228921155762205,0.0,0.1180728101040547,0.2217856031942564,0.0801057782166187,1.3666666666666665,1.8514400000000009,6.556033333333333,7.63668,74.69023333333332,77.85794,0.0917981066984849,0.0971047967952299,0.0393576033680182,0.0316038171456715,0.1539817503668516,0.1697665242567678,0.0409495378844649,0.19465139186028235
2025,Kohistan Lower,39,0.2714,4.5184,64.9711,244203.0,1500.0,2.0,1200.0,0.2,1.0,120.0,0.0,0.0529727000996346,0.1345829402005384,0.0152219496732018,0.0409495378844649,4.913944546135797,0.0,0.2456972273067898,7.65756358439495,0.0409495378844649,0.6,1.2571,5.0579,7.9859,73.0253,70.8962,0.1525022045192345,0.0,0.0,0.0,0.1600538696896798,0.2217856031942564,0.7094999999999999,1.2200000000000002,5.854066666666667,6.450559999999999,69.63086666666666,73.88404,0.0684916348729563,0.0759038178550258,0.0050739832244006,0.0311003408783485,0.1721408043614915,0.1562814124567672,0.2456972273067898,0.24814784394856648
2025,Kohistan Lower,40,0.0429,1.3841,71.873,244203.0,1500.0,2.0,1200.0,0.2,6.0,187.0,1.0,0.2027457928440556,0.0678820227455346,0.018031964105386,0.2456972273067898,7.65756358439495,0.0409495378844649,0.4913944546135797,5.364389462864912,0.0,0.2714,0.6,4.5184,5.0579,64.9711,73.0253,0.0529727000996346,0.1525022045192345,0.0152219496732018,0.0,0.1345829402005384,0.1600538696896798,0.3047666666666667,0.8828600000000003,3.653466666666666,5.11412,69.95646666666666,72.18296000000001,0.1360735658209748,0.106222562607829,0.0110846379261959,0.0302653447765285,0.1208396108785842,0.1328820428093255,0.4913944546135797,0.23752931637305963
2025,Kohistan Lower,41,0.0,-4.8376,79.5008,244203.0,1500.0,2.0,1200.0,0.2,12.0,131.0,0.0,0.0792032414480239,0.1299553817112147,0.0276623148881619,0.4913944546135797,5.364389462864912,0.0,0.1637981515378599,6.347178372092071,0.0,0.0429,0.2714,1.3841,4.5184,71.873,64.9711,0.2027457928440556,0.0529727000996346,0.018031964105386,0.0152219496732018,0.0678820227455346,0.1345829402005384,0.1047666666666666,0.4342800000000004,0.3549666666666666,2.8217399999999992,72.11496666666666,72.05328,0.1116405781305713,0.0974847877821897,0.0203054095555832,0.0121832457333499,0.1108067815524292,0.1428519635082447,0.1637981515378599,0.38311903293769056
2025,Kohistan Lower,42,0.0,-0.3974,55.9147,244203.0,1500.0,2.0,1200.0,0.2,4.0,155.0,0.0,0.1728132703198121,0.0748390812702515,0.0100268081942456,0.1637981515378599,6.347178372092071,0.0,0.0818990757689299,5.569137152287236,0.0,0.0,0.0429,-4.8376,1.3841,79.5008,71.873,0.0792032414480239,0.2027457928440556,0.0276623148881619,0.018031964105386,0.1299553817112147,0.0678820227455346,0.0143,0.1828600000000003,-1.2836333333333334,1.1450799999999992,69.09616666666666,69.05698000000001,0.1515874348706305,0.1320474418461521,0.0185736957292645,0.014188607372199,0.0908921619090002,0.1134626591234438,0.0818990757689299,0.28869489767764733
2025,Kohistan Lower,43,0.0,-2.3802,64.477,244203.0,1500.0,2.0,1200.0,0.2,2.0,136.0,0.0,0.2768705472972728,0.1321912991770085,0.0844001373257355,0.0818990757689299,5.569137152287236,0.0,0.3685458409601848,3.562609795948453,0.0,0.0,0.0,-0.3974,-4.8376,55.9147,79.5008,0.1728132703198121,0.0792032414480239,0.0100268081942456,0.0276623148881619,0.0748390812702515,0.1299553817112147,0.0,0.0628600000000003,-2.5384,-0.3425400000000007,66.63083333333334,67.34732,0.1762956863550362,0.1569211104017598,0.0406964201360476,0.0310686348373461,0.1123285873861582,0.1078901450209095,0.3685458409601848,0.33826077589251025
2024,Kohistan Upper,37,0.8308,5.2734,76.1085,422947.0,2500.0,2.0,4000.0,0.2,11.0,418.0,19.0,0.2565152308203255,0.1960639483379211,0.0220740031052485,0.2600798681631505,9.883034990199716,0.4492288631908963,0.1655053706492775,10.876067214095382,0.3546543656770233,1.2714,6.4889,6.3582,7.0084,81.0759,84.2407,0.2647283928583964,0.219743708681863,0.1398397459558303,0.0248969262125007,0.1254201704923605,0.0,2.8637,3.0982200000000004,6.213333333333332,7.2363,80.47503333333333,81.26986000000001,0.2469957774535283,0.1892322051800266,0.0622702250911931,0.0489808980158074,0.1071613729434272,0.1295802439522997,0.1655053706492775,0.3520206178025065
2024,Kohistan Upper,38,0.6714,5.4154,64.8228,422947.0,2500.0,2.0,4000.0,0.2,7.0,460.0,15.0,0.1567104136561653,0.2068513740345884,0.0143519470402729,0.1655053706492775,10.876067214095382,0.3546543656770233,0.3073671169200869,7.305879932946681,0.4019416144339598,0.8308,1.2714,5.2734,6.3582,76.1085,81.0759,0.2565152308203255,0.2647283928583964,0.0220740031052485,0.1398397459558303,0.1960639483379211,0.1254201704923605,0.9245333333333332,2.26108,5.682333333333332,6.26338,74.00240000000001,77.57826,0.2259846791116291,0.1910894768021544,0.0587552320337838,0.0459306331620231,0.1761118309549566,0.1352956445068747,0.3073671169200869,0.18907699586139515
2024,Kohistan Upper,39,0.6714,6.4318,68.6352,422947.0,2500.0,2.0,4000.0,0.2,13.0,309.0,17.0,0.0440782729990036,0.1327759954340439,0.0174635626768292,0.3073671169200869,7.305879932946681,0.4019416144339598,0.1655053706492775,8.157050410571538,0.0236436243784682,0.6714,0.8308,5.4154,5.2734,64.8228,76.1085,0.1567104136561653,0.2565152308203255,0.0143519470402729,0.0220740031052485,0.2068513740345884,0.1960639483379211,0.7245333333333334,1.98678,5.706866666666666,6.097440000000001,69.8555,74.97662,0.1524346391584981,0.1883552038031507,0.0179631709407835,0.0437252369981363,0.1785637726021844,0.1322222976597827,0.1655053706492775,0.23940974542422566
2024,Kohistan Upper,40,0.1625,2.4393,70.512,422947.0,2500.0,2.0,4000.0,0.2,7.0,345.0,1.0,0.1614521294294296,0.1854061347403507,0.017547021055511,0.1655053706492775,8.157050410571538,0.0236436243784682,0.7802396044894514,7.967901415543792,0.3546543656770233,0.6714,0.6714,6.4318,5.4154,68.6352,64.8228,0.0440782729990036,0.1567104136561653,0.0174635626768292,0.0143519470402729,0.1327759954340439,0.2068513740345884,0.5017666666666667,0.7215000000000004,4.762166666666666,5.18362,67.99000000000001,72.23088,0.1207469386948661,0.176696887952664,0.0164541769242043,0.0422552559667383,0.175011168069661,0.1693035246078529,0.7802396044894514,0.22115802665502216
2024,Kohistan Upper,41,0.0286,-0.9334,80.7041,422947.0,2500.0,2.0,4000.0,0.2,33.0,337.0,15.0,0.0679180073065427,0.1525679370870989,0.019634600259979,0.7802396044894514,7.967901415543792,0.3546543656770233,1.7259845796281803,8.700853771276305,0.1182181218923411,0.1625,0.6714,2.4393,6.4318,70.512,68.6352,0.1614521294294296,0.0440782729990036,0.017547021055511,0.0174635626768292,0.1854061347403507,0.1327759954340439,0.2875,0.4729400000000003,2.6459,3.7253,73.28376666666666,72.15652,0.0911494699116586,0.1373348108422933,0.018215061330773,0.0182142268275681,0.1569166890871645,0.1747330779268006,1.7259845796281803,0.5054741154910021
2024,Kohistan Upper,42,0.0,-0.6549,72.9941,422947.0,2500.0,2.0,4000.0,0.2,73.0,368.0,5.0,0.0,0.1463645509429656,0.0,1.7259845796281803,8.700853771276305,0.1182181218923411,0.6620214825971102,9.977609487713591,0.0,0.0286,0.1625,-0.9334,2.4393,80.7041,70.512,0.0679180073065427,0.1614521294294296,0.019634600259979,0.017547021055511,0.1525679370870989,0.1854061347403507,0.0636999999999999,0.3067800000000004,0.283666666666666,2.5396399999999995,74.73673333333333,71.53364,0.076456712245324,0.0860317646782282,0.01239387377183,0.0137994262065184,0.1614462075901384,0.1647931984478094,0.6620214825971102,0.9649145940290556
2024,Kohistan Upper,43,0.0,-0.6337,73.1153,422947.0,2500.0,2.0,4000.0,0.2,28.0,422.0,0.0,0.1634497132079336,0.1498513102798212,0.0,0.6620214825971102,9.977609487713591,0.0,0.520159736326301,7.47138530359596,0.0,0.0,0.0286,-0.6549,-0.9334,72.9941,80.7041,0.0,0.0679180073065427,0.0,0.019634600259979,0.1463645509429656,0.1525679370870989,0.0095333333333333,0.1725000000000003,-0.7406666666666673,1.32982,75.60449999999999,73.19214,0.0771225735048254,0.0873796245885819,0.0065448667533263,0.0109290367984638,0.1495945994366286,0.153393185696856,0.520159736326301,0.4335992524853687
2024,Kohistan Upper,44,0.0143,-0.6233,71.0678,422947.0,2500.0,2.0,4000.0,0.2,22.0,316.0,0.0,0.1107463566921288,0.1003515860729337,0.0244857905066588,0.520159736326301,7.47138530359596,0.0,0.0,0.2703206814243737,0.0,0.0,0.0,-0.6337,-0.6549,73.1153,72.9941,0.1634497132079336,0.0,0.0,0.0,0.1498513102798212,0.1463645509429656,0.0047666666666666,0.0410800000000003,-0.6373000000000006,-0.0812,72.39240000000001,73.67866000000001,0.0913986899666874,0.1007132413272069,0.0081619301688862,0.0123334823644297,0.1321891490985735,0.146908303824634,0.0,0.3745220149049695
2025,Kohistan Upper,37,1.2571,7.9859,70.8962,369931.0,2500.0,2.0,4000.0,0.2,0.0,336.0,3.0,0.0,0.2217856031942564,0.0,0.0,9.082774895858956,0.0810962044273121,1.4326996115491806,8.83948628257702,0.0540641362848747,2.2429,1.7286,6.6243,8.0663,80.1492,80.3784,0.1228921155762205,0.0511520690800398,0.1180728101040547,0.0222069446144863,0.0801057782166187,0.1848788709827431,1.7428666666666668,2.0914400000000004,7.558833333333333,8.393299999999998,77.14126666666665,78.57077999999998,0.0580147282187534,0.1171361712351227,0.0467599182395136,0.036163319357895,0.1622567507978727,0.1607834954003516,1.4326996115491806,0.3064774579822993
2025,Kohistan Upper,38,0.6,5.0579,73.0253,369931.0,2500.0,2.0,4000.0,0.2,53.0,327.0,2.0,0.1525022045192345,0.1600538696896798,0.0,1.4326996115491806,8.83948628257702,0.0540641362848747,2.108501315110115,10.677666916262762,0.1892244769970616,1.2571,2.2429,7.9859,6.6243,70.8962,80.1492,0.0,0.1228921155762205,0.0,0.1180728101040547,0.2217856031942564,0.0801057782166187,1.3666666666666665,1.8514400000000009,6.556033333333333,7.63668,74.69023333333332,77.85794,0.0917981066984849,0.0971047967952299,0.0393576033680182,0.0316038171456715,0.1539817503668516,0.1697665242567678,2.108501315110115,0.9106358194482906
2025,Kohistan Upper,39,0.2714,4.5184,64.9711,369931.0,2500.0,2.0,4000.0,0.2,78.0,395.0,7.0,0.0529727000996346,0.1345829402005384,0.0152219496732018,2.108501315110115,10.677666916262762,0.1892244769970616,1.297539270836994,6.352536013472783,0.0,0.6,1.2571,5.0579,7.9859,73.0253,70.8962,0.1525022045192345,0.0,0.0,0.0,0.1600538696896798,0.2217856031942564,0.7094999999999999,1.2200000000000002,5.854066666666667,6.450559999999999,69.63086666666666,73.88404,0.0684916348729563,0.0759038178550258,0.0050739832244006,0.0311003408783485,0.1721408043614915,0.1562814124567672,1.297539270836994,1.2669923373982774
2025,Kohistan Upper,40,0.0429,1.3841,71.873,369931.0,2500.0,2.0,4000.0,0.2,48.0,235.0,0.0,0.2027457928440556,0.0678820227455346,0.018031964105386,1.297539270836994,6.352536013472783,0.0,0.3784489539941232,8.406973192298024,0.1081282725697495,0.2714,0.6,4.5184,5.0579,64.9711,73.0253,0.0529727000996346,0.1525022045192345,0.0152219496732018,0.0,0.1345829402005384,0.1600538696896798,0.3047666666666667,0.8828600000000003,3.653466666666666,5.11412,69.95646666666666,72.18296000000001,0.1360735658209748,0.106222562607829,0.0110846379261959,0.0302653447765285,0.1208396108785842,0.1328820428093255,0.3784489539941232,0.7655647511231152
2025,Kohistan Upper,41,0.0,-4.8376,79.5008,369931.0,2500.0,2.0,4000.0,0.2,14.0,311.0,4.0,0.0792032414480239,0.1299553817112147,0.0276623148881619,0.3784489539941232,8.406973192298024,0.1081282725697495,0.2703206814243737,7.596011148024901,0.5136092947063101,0.0429,0.2714,1.3841,4.5184,71.873,64.9711,0.2027457928440556,0.0529727000996346,0.018031964105386,0.0152219496732018,0.0678820227455346,0.1345829402005384,0.1047666666666666,0.4342800000000004,0.3549666666666666,2.8217399999999992,72.11496666666666,72.05328,0.1116405781305713,0.0974847877821897,0.0203054095555832,0.0121832457333499,0.1108067815524292,0.1428519635082447,0.2703206814243737,0.3999717188995495
2025,Kohistan Upper,42,0.0,-0.3974,55.9147,369931.0,2500.0,2.0,4000.0,0.2,10.0,281.0,19.0,0.1728132703198121,0.0748390812702515,0.0100268081942456,0.2703206814243737,7.596011148024901,0.5136092947063101,2.595078541673988,8.082588374588775,0.0,0.0,0.0429,-4.8376,1.3841,79.5008,71.873,0.0792032414480239,0.2027457928440556,0.0276623148881619,0.018031964105386,0.1299553817112147,0.0678820227455346,0.0143,0.1828600000000003,-1.2836333333333334,1.1450799999999992,69.09616666666666,69.05698000000001,0.1515874348706305,0.1320474418461521,0.0185736957292645,0.014188607372199,0.0908921619090002,0.1134626591234438,2.595078541673988,0.3171953884820642
2025,Kohistan Upper,43,0.0,-2.3802,64.477,369931.0,2500.0,2.0,4000.0,0.2,96.0,299.0,0.0,0.2768705472972728,0.1321912991770085,0.0844001373257355,2.595078541673988,8.082588374588775,0.0,0.8109620442731212,9.46122384985308,0.0810962044273121,0.0,0.0,-0.3974,-4.8376,55.9147,79.5008,0.1728132703198121,0.0792032414480239,0.0100268081942456,0.0276623148881619,0.0748390812702515,0.1299553817112147,0.0,0.0628600000000003,-2.5384,-0.3425400000000007,66.63083333333334,67.34732,0.1762956863550362,0.1569211104017598,0.0406964201360476,0.0310686348373461,0.1123285873861582,0.1078901450209095,0.8109620442731212,1.8395746180561545
2024,Kohlu,37,1.7308,25.2123,70.8325,260220.0,1000.0,0.0,7610.0,0.2,180.0,194.0,76.0,0.1515896363361172,0.163441424409552,0.1288823699382197,6.917223887479825,7.455230189839367,2.9206056413803703,5.49535008838675,5.7259242179694105,0.0768580431942202,3.3143,4.4333,24.7734,24.6022,80.4038,76.8906,0.19126083350484,0.1769908906007091,0.1349237021347847,0.0765113357621889,0.1198665812505355,0.0,3.159466666666667,5.1214,24.86263333333333,24.96762,76.0423,79.02204,0.1732804534805554,0.1738475959339257,0.1134391359450644,0.1122711366990398,0.0944360018866958,0.0935343766252552,5.49535008838675,5.062527201598974
2024,Kohlu,38,0.0429,26.9713,53.0405,260220.0,1000.0,0.0,7610.0,0.2,143.0,149.0,2.0,0.1706334181191963,0.133647610277888,0.1229932991180152,5.49535008838675,5.7259242179694105,0.0768580431942202,8.80024594573822,7.378372146645146,0.1537160863884405,1.7308,3.3143,25.2123,24.7734,70.8325,80.4038,0.1515896363361172,0.19126083350484,0.1288823699382197,0.1349237021347847,0.163441424409552,0.1198665812505355,1.696,3.13284,25.65233333333333,25.25528,68.09226666666666,72.91850000000001,0.1711612959867178,0.1555699685092089,0.1289331237303398,0.1091735261385429,0.1389852053126584,0.0975011996432328,8.80024594573822,4.669654338784433
2024,Kohlu,39,1.2714,28.1836,53.3978,260220.0,1000.0,0.0,7610.0,0.2,229.0,192.0,4.0,0.1680342191357402,0.1463371970218628,0.1352941908105801,8.80024594573822,7.378372146645146,0.1537160863884405,8.37752670817001,4.265621397279226,0.0768580431942202,0.0429,1.7308,26.9713,25.2123,53.0405,70.8325,0.1706334181191963,0.1515896363361172,0.1229932991180152,0.1288823699382197,0.133647610277888,0.163441424409552,1.0150333333333332,2.15854,26.789066666666667,25.94856,59.09026666666667,66.91304,0.1634190911970179,0.1717017995393205,0.129056619955605,0.1197209795527577,0.1478087439031009,0.1126585625919676,8.37752670817001,5.922592739923666
2024,Kohlu,40,1.5375,25.5971,47.2078,260220.0,1000.0,0.0,7610.0,0.2,218.0,111.0,2.0,0.3056487903617761,0.1408366770421571,0.1937763794970273,8.37752670817001,4.265621397279226,0.0768580431942202,16.486050265160248,9.376681269694874,0.0768580431942202,1.2714,0.0429,28.1836,26.9713,53.3978,53.0405,0.1680342191357402,0.1706334181191963,0.1352941908105801,0.1229932991180152,0.1463371970218628,0.133647610277888,0.9506,1.57938,26.917333333333332,26.14754,51.21536666666666,60.97648,0.2147721425389042,0.1974333794915339,0.1506879564752075,0.1431739882997253,0.1402738281139693,0.140825898000399,16.486050265160248,5.848503243840209
2024,Kohlu,41,2.0286,22.696,45.9407,260220.0,1000.0,0.0,7610.0,0.2,429.0,244.0,2.0,0.1649021268586486,0.1310148647100167,0.1940118068074975,16.486050265160248,9.376681269694874,0.0768580431942202,15.755898854815156,7.263085081853816,0.1537160863884405,1.5375,1.2714,25.5971,28.1836,47.2078,53.3978,0.3056487903617761,0.1680342191357402,0.1937763794970273,0.1352941908105801,0.1408366770421571,0.1463371970218628,1.6125,1.32224,25.49223333333333,25.73206,48.848766666666656,54.08386,0.2128617121187216,0.1921616381622956,0.1743607923717016,0.1549916092342679,0.1393962462580122,0.1430555546922953,15.755898854815156,7.083531828469617
2024,Kohlu,42,0.0,24.0088,31.9931,260220.0,1000.0,0.0,7610.0,0.2,410.0,189.0,4.0,0.1649259981031702,0.1343635350914584,0.1381256830216127,15.755898854815156,7.263085081853816,0.1537160863884405,5.6106371531780805,0.0,0.0,2.0286,1.5375,22.696,25.5971,45.9407,47.2078,0.1649021268586486,0.3056487903617761,0.1940118068074975,0.1937763794970273,0.1310148647100167,0.1408366770421571,1.1887,0.97608,24.100633333333334,25.49136,41.71386666666667,46.31598,0.2118256384411982,0.1948289105157062,0.1753046231087125,0.1568402718509465,0.135405025614544,0.1372399768286765,5.6106371531780805,7.064975138225351
2024,Kohlu,43,0.0,24.2199,32.8995,260220.0,1000.0,0.0,7610.0,0.2,146.0,0.0,0.0,0.1618410625673933,0.120035224374363,0.1402785495328814,5.6106371531780805,0.0,0.0,4.035047267696564,10.529551917608178,0.0384290215971101,0.0,2.0286,24.0088,22.696,31.9931,45.9407,0.1649259981031702,0.1649021268586486,0.1381256830216127,0.1940118068074975,0.1343635350914584,0.1310148647100167,0.6762,0.9675,23.641566666666677,24.941080000000003,36.94443333333333,42.28778,0.163889729176404,0.1930704394053456,0.1574720131206638,0.1602973219339198,0.1284712080586127,0.1345174996479716,4.035047267696564,4.585046467645226
2024,Kohlu,44,0.0,22.3303,43.8312,260220.0,1000.0,0.0,7610.0,0.2,105.0,274.0,1.0,0.1594110641659187,0.1138894842989943,0.1396548594548416,4.035047267696564,10.529551917608178,0.0384290215971101,0.0,2.319199103243013,0.0,0.0,0.0,24.2199,24.0088,32.8995,31.9931,0.1618410625673933,0.1649259981031702,0.1402785495328814,0.1381256830216127,0.120035224374363,0.1343635350914584,0.0,0.71322,23.51966666666667,23.77042,36.24126666666667,40.37446,0.162059374945494,0.1913458084113814,0.1393530306697785,0.1611694556627721,0.1227627479216052,0.1280279571033979,0.0,4.064075849030254
2025,Kohlu,37,0.2714,26.4202,62.9397,258710.0,1000.0,0.0,7610.0,0.2,67.0,117.0,32.0,0.1831846799464768,0.1132446010693528,0.1547660299748983,2.5897723319546984,4.522438251323877,1.2369061883962738,3.749371883576205,5.488771211008465,0.0773066367747671,1.1286,1.5286,25.5746,27.1901,70.3711,68.7193,0.1875959777727352,0.1917719526504769,0.2135781251272693,0.1566695065813371,0.1039321340308837,0.0792510814046731,0.9762,0.92286,26.394966666666665,27.45444,67.34336666666667,63.57536,0.1875175367898963,0.1896728121941019,0.1750045538945015,0.1648617233958464,0.0988092721683032,0.0790496497390903,3.749371883576205,3.7358310856967423
2025,Kohlu,38,0.1429,27.4633,55.4864,258710.0,1000.0,0.0,7610.0,0.2,97.0,142.0,2.0,0.1732331734363429,0.1155146761027877,0.1466229696010905,3.749371883576205,5.488771211008465,0.0773066367747671,3.47879865486452,6.339144215530904,0.1159599551621506,0.2714,1.1286,26.4202,25.5746,62.9397,70.3711,0.1831846799464768,0.1875959777727352,0.1547660299748983,0.2135781251272693,0.1132446010693528,0.1039321340308837,0.5143,0.90858,26.48603333333333,27.05254,62.9324,63.77624000000001,0.1813379437185183,0.1902785518228696,0.1716557082344193,0.1645769714340244,0.1108971370676747,0.1021525849596478,3.47879865486452,4.038367208991262
2025,Kohlu,39,0.0,27.2047,53.3399,258710.0,1000.0,0.0,7610.0,0.2,90.0,164.0,3.0,0.1649531324043288,0.106223611711823,0.141657645023713,3.47879865486452,6.339144215530904,0.1159599551621506,3.6334119284140542,6.377797533918288,1.0049862780719725,0.1429,0.2714,27.4633,26.4202,55.4864,62.9397,0.1732331734363429,0.1831846799464768,0.1466229696010905,0.1547660299748983,0.1155146761027877,0.1132446010693528,0.1381,0.6143,27.0294,26.77058,57.25533333333334,62.17128,0.1737903285957161,0.1801477832420721,0.1476822148665672,0.1626588552616616,0.1116609629613211,0.103633220863904,3.6334119284140542,3.994533290802078
2025,Kohlu,40,0.8143,25.9401,43.4581,258710.0,1000.0,0.0,7610.0,0.2,94.0,165.0,26.0,0.4533155430930651,0.1089829235320317,0.2160516195679803,3.6334119284140542,6.377797533918288,1.0049862780719725,3.672065246801438,5.527424529395849,0.0386533183873835,0.0,0.1429,27.2047,27.4633,53.3399,55.4864,0.1649531324043288,0.1732331734363429,0.141657645023713,0.1466229696010905,0.106223611711823,0.1155146761027877,0.3190666666666666,0.47144,26.869366666666668,26.52058,50.76146666666667,57.11904,0.2638339496445789,0.2324565013305897,0.1681107447309279,0.1745352778589902,0.1102404037822141,0.1095795892893757,3.672065246801438,4.071858803907617
2025,Kohlu,41,0.0571,20.4038,49.8314,258710.0,1000.0,0.0,7610.0,0.2,95.0,143.0,1.0,0.1640968150771076,0.109004438229024,0.2295626682456309,3.672065246801438,5.527424529395849,0.0386533183873835,3.053612152603301,5.063584708747245,0.0,0.8143,0.0,25.9401,27.2047,43.4581,53.3399,0.4533155430930651,0.1649531324043288,0.2160516195679803,0.141657645023713,0.1089829235320317,0.106223611711823,0.2904666666666667,0.25714,24.5162,25.486420000000003,48.876466666666666,53.0111,0.2607884968581671,0.2277566687914642,0.1957573109457747,0.1777321864826626,0.1080703244909595,0.1105940501290038,3.053612152603301,4.049018741246277
2025,Kohlu,42,0.0,22.1136,39.3831,258710.0,1000.0,0.0,7610.0,0.2,79.0,131.0,0.0,0.2614181091612816,0.1027819482568292,0.2063135029581374,3.053612152603301,5.063584708747245,0.0,1.3528661435584244,1.5461327354953425,0.0,0.0571,0.8143,20.4038,25.9401,49.8314,43.4581,0.1640968150771076,0.4533155430930651,0.2295626682456309,0.2160516195679803,0.109004438229024,0.1089829235320317,0.2904666666666667,0.2028599999999999,22.81916666666667,24.6251,44.2242,48.29978,0.2929434891104848,0.2434033546344252,0.2173092635905829,0.1880416810793104,0.1069231033392949,0.1085015195664991,1.3528661435584244,3.6836433923572764
2025,Kohlu,43,0.0,21.2776,39.0719,258710.0,1000.0,0.0,7610.0,0.2,35.0,40.0,0.0,0.1721930294410993,0.1053095680801793,0.2018975651915333,1.3528661435584244,1.5461327354953425,0.0,1.3915194619458082,1.4301727803331916,0.0,0.0,0.0571,22.1136,20.4038,39.3831,49.8314,0.2614181091612816,0.1640968150771076,0.2063135029581374,0.2295626682456309,0.1027819482568292,0.109004438229024,0.0190333333333333,0.17428,21.265000000000004,23.38796,42.76213333333334,45.01688,0.1992359845598295,0.2431953258353765,0.2125912454651005,0.199096600197399,0.1056986515220108,0.1064604979619774,1.3915194619458082,2.9110829952600694
2024,Kolai Palas,37,0.8308,5.2734,76.1085,280162.0,0.0,0.0,0.0,0.0,8.0,84.0,5.0,0.0,0.0,0.0,0.2855490751779327,2.9982652893682937,0.1784681719862079,0.0356936343972415,2.6056353109986365,0.0713872687944831,1.2714,6.4889,6.3582,7.0084,81.0759,84.2407,0.0,0.0,0.0,0.0,0.0,0.0,2.8637,3.0982200000000004,6.213333333333332,7.2363,80.47503333333333,81.26986000000001,0.0,0.0,0.0,0.0,0.0,0.0,0.0356936343972415,0.6313296771350903
2024,Kolai Palas,38,0.6714,5.4154,64.8228,280162.0,0.0,0.0,0.0,0.0,1.0,73.0,2.0,0.0,0.0,0.0,0.0356936343972415,2.6056353109986365,0.0713872687944831,0.1427745375889663,3.8549125149020926,0.0713872687944831,0.8308,1.2714,5.2734,6.3582,76.1085,81.0759,0.0,0.0,0.0,0.0,0.0,0.0,0.9245333333333332,2.26108,5.682333333333332,6.26338,74.00240000000001,77.57826,0.0,0.0,0.0,0.0,0.0,0.0,0.1427745375889663,0.49944512337949476
2024,Kolai Palas,39,0.6714,6.4318,68.6352,280162.0,0.0,0.0,0.0,0.0,4.0,108.0,2.0,0.0,0.0,0.0,0.1427745375889663,3.8549125149020926,0.0713872687944831,0.1784681719862079,2.5342480422041533,0.0713872687944831,0.6714,0.8308,5.4154,5.2734,64.8228,76.1085,0.0,0.0,0.0,0.0,0.0,0.0,0.7245333333333334,1.98678,5.706866666666666,6.097440000000001,69.8555,74.97662,0.0,0.0,0.0,0.0,0.0,0.0,0.1784681719862079,0.5223010573605125
2024,Kolai Palas,40,0.1625,2.4393,70.512,280162.0,0.0,0.0,0.0,0.0,5.0,71.0,2.0,0.0,0.0,0.0,0.1784681719862079,2.5342480422041533,0.0713872687944831,0.1784681719862079,2.4271671390124285,0.0713872687944831,0.6714,0.6714,6.4318,5.4154,68.6352,64.8228,0.0,0.0,0.0,0.0,0.0,0.0,0.5017666666666667,0.7215000000000004,4.762166666666666,5.18362,67.99000000000001,72.23088,0.0,0.0,0.0,0.0,0.0,0.0,0.1784681719862079,0.5801018414026604
2024,Kolai Palas,41,0.0286,-0.9334,80.7041,280162.0,0.0,0.0,0.0,0.0,5.0,68.0,2.0,0.0,0.0,0.0,0.1784681719862079,2.4271671390124285,0.0713872687944831,0.1427745375889663,2.4271671390124285,0.0713872687944831,0.1625,0.6714,2.4393,6.4318,70.512,68.6352,0.0,0.0,0.0,0.0,0.0,0.0,0.2875,0.4729400000000003,2.6459,3.7253,73.28376666666666,72.15652,0.0,0.0,0.0,0.0,0.0,0.0,0.1427745375889663,0.5498625376763551
2024,Kolai Palas,42,0.0,-0.6549,72.9941,280162.0,0.0,0.0,0.0,0.0,4.0,68.0,2.0,0.0,0.0,0.0,0.1427745375889663,2.4271671390124285,0.0713872687944831,0.3212427095751743,2.926878020573811,0.0713872687944831,0.0286,0.1625,-0.9334,2.4393,80.7041,70.512,0.0,0.0,0.0,0.0,0.0,0.0,0.0636999999999999,0.3067800000000004,0.283666666666666,2.5396399999999995,74.73673333333333,71.53364,0.0,0.0,0.0,0.0,0.0,0.0,0.3212427095751743,0.7068762256603494
2024,Kolai Palas,43,0.0,-0.6337,73.1153,280162.0,0.0,0.0,0.0,0.0,9.0,82.0,2.0,0.0,0.0,0.0,0.3212427095751743,2.926878020573811,0.0713872687944831,0.1070809031917247,1.9988435262455293,0.0,0.0,0.0286,-0.6549,-0.9334,72.9941,80.7041,0.0,0.0,0.0,0.0,0.0,0.0,0.0095333333333333,0.1725000000000003,-0.7406666666666673,1.32982,75.60449999999999,73.19214,0.0,0.0,0.0,0.0,0.0,0.0,0.1070809031917247,0.6486644781130737
2024,Kolai Palas,44,0.0143,-0.6233,71.0678,280162.0,0.0,0.0,0.0,0.0,3.0,56.0,0.0,0.0,0.0,0.0,0.1070809031917247,1.9988435262455293,0.0,0.0,0.0,0.0,0.0,0.0,-0.6337,-0.6549,73.1153,72.9941,0.0,0.0,0.0,0.0,0.0,0.0,0.0047666666666666,0.0410800000000003,-0.6373000000000006,-0.0812,72.39240000000001,73.67866000000001,0.0,0.0,0.0,0.0,0.0,0.0,0.0,0.6411434622685741
2025,Kolai Palas,37,1.2571,7.9859,70.8962,331246.0,0.0,0.0,0.0,0.0,6.0,81.0,2.0,0.0,0.0,0.0,0.1811342627533615,2.445312547170381,0.0603780875844538,0.1811342627533615,2.052854977871431,0.0603780875844538,2.2429,1.7286,6.6243,8.0663,80.1492,80.3784,0.0,0.0,0.0,0.0,0.0,0.0,1.7428666666666668,2.8457200000000005,7.558833333333333,8.16354,77.14126666666665,78.79129999999999,0.0,0.0,0.0,0.0,0.0,0.0,0.1811342627533615,0.3926196655017211
2025,Kolai Palas,38,0.6,5.0579,73.0253,331246.0,0.0,0.0,0.0,0.0,6.0,68.0,2.0,0.0,0.0,0.0,0.1811342627533615,2.052854977871431,0.0603780875844538,0.3622685255067231,3.501929079898324,0.1207561751689077,1.2571,2.2429,7.9859,6.6243,70.8962,80.1492,0.0,0.0,0.0,0.0,0.0,0.0,1.366666666666667,1.5257200000000004,6.556033333333333,7.315079999999999,74.69023333333332,76.20772,0.0,0.0,0.0,0.0,0.0,0.0,0.3622685255067231,0.4294964608368854
2025,Kolai Palas,39,0.2714,4.5184,64.9711,331246.0,0.0,0.0,0.0,0.0,12.0,116.0,4.0,0.0,0.0,0.0,0.3622685255067231,3.501929079898324,0.1207561751689077,0.0,1.6000193209880271,0.0,0.6,1.2571,5.0579,7.9859,73.0253,70.8962,0.0,0.0,0.0,0.0,0.0,0.0,0.7094999999999999,1.2200000000000004,5.854066666666667,6.450559999999999,69.63086666666666,73.88404,0.0,0.0,0.0,0.0,0.0,0.0,0.0,0.4294772030383811
2025,Kolai Palas,40,0.0429,1.3841,71.873,331246.0,0.0,0.0,0.0,0.0,0.0,53.0,0.0,0.0,0.0,0.0,0.0,1.6000193209880271,0.0,0.1811342627533615,2.74720298509265,0.0905671313766807,0.2714,0.6,4.5184,5.0579,64.9711,73.0253,0.0,0.0,0.0,0.0,0.0,0.0,0.3047666666666667,0.8828600000000003,3.653466666666666,5.114119999999999,69.95646666666666,72.18296000000001,0.0,0.0,0.0,0.0,0.0,0.0,0.1811342627533615,0.3745996331711545
2025,Kolai Palas,41,0.0,-4.8376,79.5008,331246.0,0.0,0.0,0.0,0.0,6.0,91.0,3.0,0.0,0.0,0.0,0.1811342627533615,2.74720298509265,0.0905671313766807,0.0603780875844538,3.1396605543916003,0.0,0.0429,0.2714,1.3841,4.5184,71.873,64.9711,0.0,0.0,0.0,0.0,0.0,0.0,0.1047666666666666,0.4342800000000004,0.3549666666666666,2.8217399999999992,72.11496666666666,72.05328,0.0,0.0,0.0,0.0,0.0,0.0,0.0603780875844538,0.47524385232414623
2025,Kolai Palas,42,0.0,-0.3974,55.9147,331246.0,0.0,0.0,0.0,0.0,2.0,104.0,0.0,0.0,0.0,0.0,0.0603780875844538,3.1396605543916003,0.0,0.2113233065455884,2.1736111530403384,0.0905671313766807,0.0,0.0429,-4.8376,1.3841,79.5008,71.873,0.0,0.0,0.0,0.0,0.0,0.0,0.0143,0.1828600000000003,-1.2836333333333334,1.1450799999999992,69.09616666666666,69.05698000000001,0.0,0.0,0.0,0.0,0.0,0.0,0.2113233065455884,0.3629692387316039
2025,Kolai Palas,43,0.0,-2.3802,64.477,331246.0,0.0,0.0,0.0,0.0,7.0,72.0,3.0,0.0,0.0,0.0,0.2113233065455884,2.1736111530403384,0.0905671313766807,0.0301890437922269,2.113233065455885,0.0301890437922269,0.0,0.0,-0.3974,-4.8376,55.9147,79.5008,0.0,0.0,0.0,0.0,0.0,0.0,0.0,0.0628600000000003,-2.5384,-0.3425400000000007,66.63083333333334,67.34732,0.0,0.0,0.0,0.0,0.0,0.0,0.0301890437922269,0.5255391750043596
2025,Korangi,37,17.8143,26.8835,86.3352,2970331.0,8.0,0.0,95.0,0.2,65.0,323.0,0.0,0.0247205380285228,0.0,0.0,0.2188308306380669,1.0874208968630097,0.0,0.2120975743107418,1.2995184711737513,0.0,0.0714,15.7429,28.6552,28.6564,75.576,85.9388,0.0,0.0281403076079882,0.0,0.0,0.0,0.0055440257843817,11.209533333333331,7.13144,28.06503333333333,28.2545,82.61666666666666,80.8057,0.017620281878837,0.0203313579739434,0.0,0.0,0.0018480085947939,0.0011088051568763,0.2120975743107418,0.5402469980901907
2025,Korangi,38,0.4143,27.4145,82.9867,2970331.0,8.0,0.0,95.0,0.2,63.0,386.0,0.0,0.0,0.0,0.0,0.2120975743107418,1.2995184711737513,0.0,0.3669624698392199,1.3365513809740397,0.0,17.8143,0.0714,26.8835,28.6552,86.3352,75.576,0.0247205380285228,0.0,0.0,0.0,0.0,0.0,6.1000000000000005,6.954299999999999,27.651066666666665,28.0916,81.63263333333333,81.74164,0.0082401793428409,0.0105721691273022,0.0,0.0,0.0,0.0011088051568763,0.3669624698392199,0.4844313037042962
2025,Korangi,39,0.3714,28.0698,78.3287,2970331.0,8.0,0.0,95.0,0.2,109.0,397.0,0.0,0.0103164000502403,0.1000591574589211,0.0,0.3669624698392199,1.3365513809740397,0.0,0.3871622388211954,1.2995184711737513,0.0,0.4143,17.8143,27.4145,26.8835,82.9867,86.3352,0.0,0.0247205380285228,0.0,0.0,0.0,0.0,6.199999999999999,6.882859999999999,27.45593333333333,27.935880000000004,82.5502,81.83308,0.0116789793595876,0.0126354491373502,0.0,0.0,0.033353052486307,0.0211206366486605,0.3871622388211954,0.5996240884700974
2025,Korangi,40,2.9,29.632,71.7966,2970331.0,8.0,0.0,95.0,0.2,115.0,386.0,0.0,0.0401009374393404,0.1220952130648976,0.0059603329565306,0.3871622388211954,1.2995184711737513,0.0,0.3534959571845696,1.3937840597563032,0.0,0.3714,0.4143,28.0698,27.4145,78.3287,82.9867,0.0103164000502403,0.0,0.0,0.0,0.1000591574589211,0.0,1.2285666666666666,4.314279999999999,28.3721,28.131,77.70400000000001,79.00464,0.0168057791631935,0.0150275751036207,0.0019867776521768,0.0011920665913061,0.0740514568412729,0.0444308741047637,0.3534959571845696,0.4816980660056327
2025,Korangi,41,0.0286,28.0915,62.5448,2970331.0,8.0,0.0,95.0,0.2,105.0,414.0,0.0,0.0393187864670754,0.1322213222075187,0.0231048539033329,0.3534959571845696,1.3937840597563032,0.0,0.3770623543302076,1.124453806663298,0.0,2.9,0.3714,29.632,28.0698,71.7966,78.3287,0.0401009374393404,0.0103164000502403,0.0059603329565306,0.0,0.1220952130648976,0.1000591574589211,1.1,4.305719999999999,28.59776666666667,28.01826,70.89003333333334,76.39840000000001,0.0299120413188853,0.0228913323970357,0.0096883956199545,0.0058130373719727,0.1181252309104458,0.0708751385462674,0.3770623543302076,0.4637326191627933
2025,Korangi,42,0.0,29.0844,46.91,2970331.0,8.0,0.0,95.0,0.2,112.0,334.0,0.0,0.0364585117436828,0.1240258040699604,0.0218602633051302,0.3770623543302076,1.124453806663298,0.0,0.3837956106575327,1.3432846373013647,0.0,0.0286,2.9,28.0915,29.632,62.5448,71.7966,0.0393187864670754,0.0401009374393404,0.0231048539033329,0.0059603329565306,0.1322213222075187,0.1220952130648976,0.9762,0.7428599999999992,28.935966666666666,28.458440000000003,60.41713333333333,68.51336,0.0386260785500328,0.0252389271400677,0.0169751500549979,0.0101850900329987,0.1261141131141255,0.0956802993602595,0.3837956106575327,0.4600415511157774
2025,Korangi,43,0.0,30.4877,32.0779,2970331.0,8.0,0.0,95.0,0.2,114.0,399.0,0.0,0.0,0.1233218238867136,0.0,0.3837956106575327,1.3432846373013647,0.0,0.6194595821139126,1.3096183556647392,0.0,0.0,0.0286,29.0844,28.0915,46.91,62.5448,0.0364585117436828,0.0393187864670754,0.0218602633051302,0.0231048539033329,0.1240258040699604,0.1322213222075187,0.0095333333333333,0.6599999999999993,29.2212,29.07308,47.17756666666667,58.3316,0.025259099403586,0.0252389271400677,0.014988372402821,0.0101850900329987,0.1265229833880642,0.1203446641376022,0.6194595821139126,0.4750066845213201
2025,L & C Kurram,37,0.7286,16.9485,78.4512,604463.0,0.0,0.0,0.0,0.0,0.0,52.0,1.0,0.0,0.0,0.0,0.0,0.8602677086935016,0.0165436097825673,0.4466774641293181,0.6286571717375588,0.1158052684779713,3.2143,4.4143,16.2848,17.616,80.7043,84.5674,0.0,0.0,0.0,0.0,0.0,0.0,2.7857333333333334,2.39144,16.949766666666665,17.974800000000002,81.24096666666667,80.4153,0.0,0.0,0.0,0.0,0.0,0.0,0.4466774641293181,0.2817320901005127
2025,L & C Kurram,38,1.0571,15.9958,75.5352,604463.0,0.0,0.0,0.0,0.0,27.0,38.0,7.0,0.0,0.0,0.0,0.4466774641293181,0.6286571717375588,0.1158052684779713,0.24815414673851,0.6121135619549914,0.0,0.7286,3.2143,16.9485,16.2848,78.4512,80.7043,0.0,0.0,0.0,0.0,0.0,0.0,1.6666666666666667,2.22,16.4097,17.319380000000002,78.23023333333335,80.03312,0.0,0.0,0.0,0.0,0.0,0.0,0.24815414673851,0.39268517230618194
2025,L & C Kurram,39,0.5286,15.0762,66.3635,604463.0,0.0,0.0,0.0,0.0,15.0,37.0,0.0,0.0,0.0,0.0,0.24815414673851,0.6121135619549914,0.0,0.0165436097825673,0.2812413663036447,0.0,1.0571,0.7286,15.9958,16.9485,75.5352,78.4512,0.0,0.0,0.0,0.0,0.0,0.0,0.7714333333333333,1.98858,16.006833333333333,16.38426,73.44996666666667,77.12432000000001,0.0,0.0,0.0,0.0,0.0,0.0,0.0165436097825673,0.16380002564756335
2025,L & C Kurram,40,0.9143,13.1086,68.1837,604463.0,0.0,0.0,0.0,0.0,1.0,17.0,0.0,0.0,0.0,0.0,0.0165436097825673,0.2812413663036447,0.0,0.0,0.3308721956513467,0.049630829347702,0.5286,1.0571,15.0762,15.9958,66.3635,75.5352,0.0,0.0,0.0,0.0,0.0,0.0,0.8333333333333331,1.28858,14.726866666666666,15.48278,70.02746666666667,73.84758000000001,0.0,0.0,0.0,0.0,0.0,0.0,0.0,0.12191404534713257
2025,L & C Kurram,41,1.2857,8.7395,68.6757,604463.0,0.0,0.0,0.0,0.0,0.0,20.0,3.0,0.0,0.0,0.0,0.0,0.3308721956513467,0.049630829347702,0.1323488782605387,0.2150669271733754,0.0,0.9143,0.5286,13.1086,15.0762,68.1837,66.3635,0.0,0.0,0.0,0.0,0.0,0.0,0.9095333333333334,0.90286,12.3081,13.97372,67.74096666666667,71.44186,0.0,0.0,0.0,0.0,0.0,0.0,0.1323488782605387,0.09401644195909942
2025,L & C Kurram,42,0.0286,11.0562,62.8353,604463.0,0.0,0.0,0.0,0.0,8.0,13.0,0.0,0.0,0.0,0.0,0.1323488782605387,0.2150669271733754,0.0,0.0,0.1158052684779713,0.049630829347702,1.2857,0.9143,8.7395,13.1086,68.6757,68.1837,0.0,0.0,0.0,0.0,0.0,0.0,0.7428666666666667,0.76286,10.9681,12.79526,66.5649,68.31868,0.0,0.0,0.0,0.0,0.0,0.0,0.0,0.12200062942145262
2025,L & C Kurram,43,0.4,9.1592,56.0956,604463.0,0.0,0.0,0.0,0.0,0.0,7.0,3.0,0.0,0.0,0.0,0.0,0.1158052684779713,0.049630829347702,0.3143285858687794,0.6948316108678282,0.148892488043106,0.0286,1.2857,11.0562,8.7395,62.8353,68.6757,0.0,0.0,0.0,0.0,0.0,0.0,0.5714333333333335,0.63144,9.651633333333336,11.42794,62.53553333333334,64.43076,0.0,0.0,0.0,0.0,0.0,0.0,0.3143285858687794,0.14793430153346954
2024,Lakki Marwat,37,2.8615,28.6302,74.0996,1040856.0,250.0,1.0,3164.0,0.2,395.0,755.0,5.0,0.7878527893113606,0.0777819171123564,0.6939705149663749,3.7949533845219694,7.253645076744525,0.0480373846142021,4.140822553744226,7.388149753664292,0.0288224307685212,7.6143,3.6,28.4956,28.5336,77.1594,75.6881,0.7040373317141999,0.7232973636225167,0.680430826922673,0.0281393605579636,0.1414168916211063,0.0,4.691933333333333,4.94944,28.55313333333333,28.84574,75.64903333333335,76.58504,0.7383958282160257,0.6131053170852396,0.4675135674823371,0.443963244834652,0.0730662695778209,0.0438397617466925,4.140822553744226,4.729140624406775
2024,Lakki Marwat,38,0.0571,29.6254,58.743,1040856.0,250.0,1.0,3164.0,0.2,431.0,769.0,3.0,0.7052483291751731,0.1417810108117475,0.676280109332815,4.140822553744226,7.388149753664292,0.0288224307685212,4.265719753741151,7.023065630596356,0.0384299076913617,2.8615,7.6143,28.6302,28.4956,74.0996,77.1594,0.7878527893113606,0.7040373317141999,0.6939705149663749,0.680430826922673,0.0777819171123564,0.1414168916211063,3.5109666666666666,4.14658,28.91706666666667,28.85192,70.00066666666667,72.6883,0.7323794834002445,0.5959399802857529,0.683560483740621,0.4273403349847076,0.12032660651507,0.072195963909042,4.265719753741151,4.454096338577115
2024,Lakki Marwat,39,3.0286,29.9971,63.4177,1040856.0,250.0,1.0,3164.0,0.2,444.0,731.0,4.0,0.7880763550924026,0.1324316980503451,0.6733656541541714,4.265719753741151,7.023065630596356,0.0384299076913617,4.957458092185664,6.936598338290791,0.2401869230710107,0.0571,2.8615,29.6254,28.6302,58.743,74.0996,0.7052483291751731,0.7878527893113606,0.676280109332815,0.6939705149663749,0.1417810108117475,0.0777819171123564,1.9824,3.4323,29.41756666666667,29.05638,65.4201,69.82156,0.7603924911929787,0.7417024337831306,0.6812054261511205,0.5504372931867996,0.1173315419914829,0.098682303519111,4.957458092185664,4.470418870329955
2024,Lakki Marwat,40,2.0375,27.9583,60.8086,1040856.0,250.0,1.0,3164.0,0.2,516.0,722.0,25.0,0.7743225213819209,0.1248316830413955,0.7205858157507503,4.957458092185664,6.936598338290791,0.2401869230710107,6.782878707525345,6.802093661371025,0.0384299076913617,3.0286,0.0571,29.9971,29.6254,63.4177,58.743,0.7880763550924026,0.7052483291751731,0.6733656541541714,0.676280109332815,0.1324316980503451,0.1417810108117475,1.7077333333333335,3.1198,29.193600000000004,28.94132,60.98976666666667,66.84566000000001,0.7558824018831656,0.7519074653350115,0.6900771930792455,0.6889265842253569,0.1330147973011627,0.1236486401273901,6.782878707525345,4.561392050489246
2024,Lakki Marwat,41,0.9143,25.6459,53.1195,1040856.0,250.0,1.0,3164.0,0.2,706.0,708.0,4.0,0.0,0.1282403702159834,0.0,6.782878707525345,6.802093661371025,0.0384299076913617,5.437831938327685,6.600336645991376,0.5668411384475854,2.0375,3.0286,27.9583,29.9971,60.8086,63.4177,0.7743225213819209,0.7880763550924026,0.7205858157507503,0.6733656541541714,0.1248316830413955,0.1324316980503451,1.9934666666666667,1.7798000000000005,27.867100000000004,28.37138,59.11526666666666,62.03768,0.5207996254914412,0.6110999989921714,0.4646504899683072,0.5528404188408224,0.128501250435908,0.1210133358463655,5.437831938327685,5.404326723916423
2024,Lakki Marwat,42,0.0,25.8552,47.824,1040856.0,250.0,1.0,3164.0,0.2,566.0,687.0,59.0,0.8079501587901177,0.1236565488830571,0.0,5.437831938327685,6.600336645991376,0.5668411384475854,5.149607630642472,5.985458122929589,0.0480373846142021,0.9143,2.0375,25.6459,27.9583,53.1195,60.8086,0.0,0.7743225213819209,0.0,0.7205858157507503,0.1282403702159834,0.1248316830413955,0.9839333333333332,1.2075,26.486466666666672,27.81638,53.91736666666666,56.78256,0.5274242267240128,0.6151194728879228,0.2401952719169167,0.4140463158475473,0.1255762007134786,0.1301882622005057,5.149607630642472,4.073905528221052
2024,Lakki Marwat,43,0.0714,25.2317,58.254,1040856.0,250.0,1.0,3164.0,0.2,536.0,623.0,5.0,0.7742486711014693,0.1285094161127368,0.7328713983374356,5.149607630642472,5.985458122929589,0.0480373846142021,4.515514153735003,6.629159076759898,0.0576448615370425,0.0,0.9143,25.8552,25.6459,47.824,53.1195,0.8079501587901177,0.0,0.0,0.0,0.1236565488830571,0.1282403702159834,0.3285666666666667,1.21036,25.577600000000004,26.93764,53.06583333333333,56.68476,0.5273996099638624,0.6289195412731822,0.2442904661124785,0.4253645736484714,0.1268021117372591,0.1275339432607035,4.515514153735003,4.298456561913293
2024,Lakki Marwat,44,0.0,23.1049,67.6811,1040856.0,250.0,1.0,3164.0,0.2,470.0,690.0,6.0,0.8283357439337655,0.0993207845185903,0.7400462564798725,4.515514153735003,6.629159076759898,0.0576448615370425,0.0,1.5297175971347066,0.0,0.0714,0.0,25.2317,25.8552,58.254,47.824,0.7742486711014693,0.8079501587901177,0.7328713983374356,0.0,0.1285094161127368,0.1236565488830571,0.0238,0.6046400000000001,24.73060000000001,25.5592,57.9197,57.53743999999999,0.8035115246084508,0.6369714190414546,0.4909725516057694,0.4387006941136117,0.117162249838128,0.1209117605543526,0.0,4.3442493860544555
2025,Lakki Marwat,37,0.1,31.3927,61.8723,1059019.0,250.0,1.0,3164.0,0.2,0.0,980.0,1.0,0.7209248645944628,0.0989564105534893,0.5446983982262374,0.0,9.253847192543288,0.0094427012168809,8.111280345300699,8.791154832916122,0.1699686219038563,1.3143,11.0143,29.4263,30.2364,65.3691,68.9929,0.6385461779150001,0.790281569485021,0.4910255081953623,0.7063630026951864,0.1181666909293078,0.0575353988788166,4.1428666666666665,3.22,30.3518,31.56718,65.41143333333333,62.15712,0.7165842039981613,0.750621687168671,0.5806956363722621,0.6485443933584522,0.0915528334538712,0.0763607202723115,8.111280345300699,1.760234078477187
2025,Lakki Marwat,38,2.2286,31.4123,57.6717,1059019.0,250.0,1.0,3164.0,0.2,859.0,931.0,18.0,0.7555255179305601,0.119484132744309,0.6720547986827676,8.111280345300699,8.791154832916122,0.1699686219038563,11.18015824078699,9.112206674290071,0.1321978170363326,0.1,1.3143,31.3927,29.4263,61.8723,65.3691,0.7209248645944628,0.6385461779150001,0.5446983982262374,0.4910255081953623,0.0989564105534893,0.1181666909293078,1.2142999999999995,3.2143,30.74376666666667,31.20052,61.6377,62.09740000000001,0.7049988534800077,0.7300158610048701,0.5692595683681224,0.6285185869689993,0.1122024114090353,0.1002575468211733,11.18015824078699,6.737987704549647
2025,Lakki Marwat,39,0.3714,29.5992,59.0626,1059019.0,250.0,1.0,3164.0,0.2,1184.0,965.0,14.0,0.8199553584295064,0.1175974324175546,0.72766512761368,11.18015824078699,9.112206674290071,0.1321978170363326,9.197190985242004,9.461586619314668,0.1321978170363326,2.2286,0.1,31.4123,31.3927,57.6717,61.8723,0.7555255179305601,0.7209248645944628,0.6720547986827676,0.5446983982262374,0.119484132744309,0.0989564105534893,0.8999999999999994,3.00572,30.8014,30.41338,59.53553333333334,62.593720000000005,0.7654685803181764,0.74504669767091,0.6481394415075616,0.6283613670826467,0.1120126585717843,0.1023480131046954,9.197190985242004,8.888567863977675
2025,Lakki Marwat,40,1.7143,27.7653,59.4387,1059019.0,250.0,1.0,3164.0,0.2,974.0,1002.0,14.0,0.7061891335470062,0.1117628566460842,0.6717026674676477,9.197190985242004,9.461586619314668,0.1321978170363326,8.045181436782531,9.310503399844574,0.1133124146025708,0.3714,2.2286,29.5992,31.4123,59.0626,57.6717,0.8199553584295064,0.7555255179305601,0.72766512761368,0.6720547986827676,0.1175974324175546,0.119484132744309,1.4380999999999995,1.14572,29.59226666666667,29.91916,58.72433333333333,60.68288,0.7605566699690242,0.7282282104833071,0.6904741979213651,0.6214293000371389,0.1162814739359826,0.113193504658149,8.045181436782531,8.013977700628887
2025,Lakki Marwat,41,0.4857,22.4787,60.0243,1059019.0,250.0,1.0,3164.0,0.2,852.0,986.0,12.0,0.1699116165615991,0.1200256828665672,0.1177697379715526,8.045181436782531,9.310503399844574,0.1133124146025708,7.7713431014929855,7.355864247950226,0.1038697133856899,1.7143,0.3714,27.7653,29.5992,59.4387,59.0626,0.7061891335470062,0.8199553584295064,0.6717026674676477,0.72766512761368,0.1117628566460842,0.1175974324175546,0.8571333333333326,0.98,26.614400000000003,28.52964,59.50853333333333,59.61391999999999,0.5653520361793706,0.634501298212627,0.5057125110176267,0.5467781459923771,0.116461990643402,0.1135653030456008,7.7713431014929855,6.498626623570054
2025,Lakki Marwat,42,0.0,24.2656,59.4776,1059019.0,250.0,1.0,3164.0,0.2,823.0,779.0,11.0,0.8474548974450984,0.1055852967995823,0.1550986790002217,7.7713431014929855,7.355864247950226,0.1038697133856899,6.024443376370018,6.506021138430944,0.0,0.4857,1.7143,22.4787,27.7653,60.0243,59.4387,0.1699116165615991,0.7061891335470062,0.1177697379715526,0.6717026674676477,0.1200256828665672,0.1117628566460842,0.7333333333333328,0.96,24.836533333333332,27.10422,59.64686666666666,59.13498,0.5745185491845679,0.6598073047827541,0.314857028146474,0.4688582021471739,0.1124579454374112,0.1148910802948194,6.024443376370018,5.673751176967783
2025,Lakki Marwat,43,0.0,22.7343,57.4578,1059019.0,250.0,1.0,3164.0,0.2,638.0,689.0,0.0,0.7784381004352661,0.0967488337968138,0.7640676671729912,6.024443376370018,6.506021138430944,0.0,6.071656882454422,6.5154638396478255,0.094427012168809,0.0,0.4857,24.2656,22.4787,59.4776,60.0243,0.8474548974450984,0.1699116165615991,0.1550986790002217,0.1177697379715526,0.1055852967995823,0.1200256828665672,0.1618999999999994,0.51428,23.15953333333333,25.36862,58.98656666666667,59.092200000000005,0.5986015381473212,0.6643898212836952,0.3456453613815884,0.4872607758452186,0.1074532711543211,0.1103440205053204,6.071656882454422,4.851539419427601
2024,Larkana,43,0.0,29.8554,41.7302,1784453.0,48.0,2.0,1906.0,0.5,8214.0,1784.0,11.0,0.2311051106608862,0.2908954699748769,0.2101910423079447,46.03091255415525,9.99746140694095,0.0616435400652188,41.26754809457016,9.812530786745294,0.0896633310039547,0.0,0.0,29.2057,29.8676,48.5274,50.1264,0.2960176362273929,0.2607956186256452,0.2184364648572938,0.2482620557090341,0.2956353587833075,0.2886735613571645,0.0,0.01142,29.6429,30.7109,46.79466666666667,50.80912,0.2626394551713081,0.3155715291159898,0.2256298542914242,0.2485946200811606,0.2917347967051162,0.2906522641332879,41.26754809457016,29.194718629851128
2024,Larkana,44,0.0,28.9062,46.2792,1784453.0,48.0,2.0,1906.0,0.5,7364.0,1751.0,16.0,0.245083789753521,0.275537192432108,0.1758261709784071,41.26754809457016,9.812530786745294,0.0896633310039547,22.318678378183275,8.885135336839985,0.010855388316237,0.0,0.0,29.8554,29.2057,41.7302,48.5274,0.2311051106608862,0.2960176362273929,0.2101910423079447,0.2184364648572938,0.2908954699748769,0.2956353587833075,0.0,0.0,29.322433333333333,29.91542,45.51226666666668,48.76052,0.2574021788806,0.2963260384943046,0.2014845593812152,0.2307111467695163,0.2873560070634308,0.289509546910964,22.318678378183275,28.51112157430189
2025,Larkana,37,6.8286,28.6967,78.3998,1842403.0,48.0,2.0,1906.0,0.5,7126.0,1950.0,46.0,0.5658799094404106,0.2459689286155736,0.0055568639682246,38.67774857075244,10.584003608331075,0.249673931273451,38.78630245391481,10.589431302489194,0.184541601376029,0.1857,3.1571,34.6827,33.7161,49.7399,60.121,0.0411831728229251,0.7064809008872828,0.0037667250258782,0.7165238632559174,0.2829067591138233,0.1646467781948273,3.3904666666666667,2.0457,32.36516666666666,33.322799999999994,62.75356666666666,57.50424,0.4378479943835394,0.5711435617439278,0.2419491507500067,0.4548994036752501,0.2311741553080747,0.1387044931848448,38.78630245391481,32.60874977388217
2025,Larkana,38,0.0,31.1973,66.2391,1842403.0,48.0,2.0,1906.0,0.5,7146.0,1951.0,34.0,0.3494118725283331,0.2590468593968497,0.3343044801498437,38.78630245391481,10.589431302489194,0.184541601376029,37.48365585596637,9.579880189079152,0.119409271478607,6.8286,0.1857,28.6967,34.6827,78.3998,49.7399,0.5658799094404106,0.0411831728229251,0.0055568639682246,0.0037667250258782,0.2459689286155736,0.2829067591138233,2.3381000000000003,2.0457,31.525566666666663,32.66106,64.79293333333332,60.69298,0.3188249849305562,0.4917428964214791,0.1145426897146488,0.3669104893664605,0.2626408490420822,0.1905138650642147,37.48365585596637,30.491198549493678
2025,Larkana,39,0.0,32.4664,52.8564,1842403.0,48.0,2.0,1906.0,0.5,6906.0,1765.0,22.0,0.3357276405553284,0.2753809749294348,0.2268331115467696,37.48365585596637,9.579880189079152,0.119409271478607,29.8957394229167,7.604199515524018,0.0705600240555405,0.0,6.8286,31.1973,28.6967,66.2391,78.3998,0.3494118725283331,0.5658799094404106,0.3343044801498437,0.0055568639682246,0.2590468593968497,0.2459689286155736,2.2762,2.03428,30.7868,32.15184,65.83176666666667,61.47124,0.4170064741746906,0.3997366992468559,0.1888981518882793,0.2573970087893267,0.2601322543139527,0.2455900600501017,29.8957394229167,30.85838598486144
2025,Larkana,41,0.0,28.8339,40.7802,1842403.0,48.0,2.0,1906.0,0.5,8084.0,1889.0,38.0,0.2918456877036813,0.2944194986224144,0.2802109936241799,43.87747957422996,10.252914264685849,0.206252378008503,43.128457780409605,9.330206257805704,0.227963154640977,0.0429,0.0,33.519,32.4664,45.7695,52.8564,0.4380465538470229,0.3357276405553284,0.3175152436647775,0.2268331115467696,0.2791176743733549,0.2753809749294348,0.0143000000000002,1.3743000000000003,31.60643333333333,30.94266,46.468700000000005,56.809000000000005,0.3552066273686775,0.3961823328149553,0.2748531162785756,0.2328841385907591,0.282972715975068,0.2707867871875254,43.128457780409605,29.433583955277264
2025,Larkana,42,0.0,29.4146,28.4133,1842403.0,48.0,2.0,1906.0,0.5,7946.0,1719.0,42.0,0.365864055287798,0.2819807328635073,0.2708418476283464,43.128457780409605,9.330206257805704,0.227963154640977,42.55854989380716,8.662599876357127,0.2442462371153325,0.0,0.0429,28.8339,33.519,40.7802,45.7695,0.2918456877036813,0.4380465538470229,0.2802109936241799,0.3175152436647775,0.2944194986224144,0.2791176743733549,0.0143000000000002,0.0085800000000001,30.58916666666667,31.08624,38.321,46.8117,0.3652520989461673,0.3561791619844327,0.2895226949724346,0.2859411353227834,0.2851726352864255,0.2779891480371123,42.55854989380716,28.668630969231486
2025,Larkana,43,0.0,29.0812,29.9232,1842403.0,48.0,2.0,1906.0,0.5,7841.0,1596.0,45.0,0.1912015015484846,0.2406245574527354,0.1767218394518218,42.55854989380716,8.662599876357127,0.2442462371153325,36.718350979671655,8.195818178758936,0.2659570137478065,0.0,0.0,29.4146,28.8339,28.4133,40.7802,0.365864055287798,0.2918456877036813,0.2708418476283464,0.2802109936241799,0.2819807328635073,0.2944194986224144,0.0,0.0085800000000001,29.1099,30.66302,33.038900000000005,39.54852,0.2829704148466546,0.324537087788463,0.2425915602347827,0.254424607183179,0.2723415963128857,0.2743046876482893,36.718350979671655,27.942587611344454
2024,Lasbella,37,0.5692,26.6161,84.2922,680977.0,0.0,0.0,0.0,0.0,527.0,395.0,1.0,0.0,0.0,0.0,7.738881048845996,5.800489590691022,0.0146847837739013,9.882859479835588,6.402565725420976,0.0,0.4,6.0,26.5654,27.3564,86.8871,82.1621,0.0,0.0,0.0,0.0,0.0,0.0,2.3230666666666666,2.0624200000000004,26.84596666666667,27.0192,84.44713333333333,84.99719999999999,0.0,0.0,0.0,0.0,0.0,0.0,9.882859479835588,5.932663872389918
2024,Lasbella,38,0.0571,27.0189,81.6119,680977.0,0.0,0.0,0.0,0.0,673.0,436.0,0.0,0.0,0.0,0.0,9.882859479835588,6.402565725420976,0.0,5.888598293334431,10.499620398339443,0.1468478377390132,0.5692,0.4,26.6161,26.5654,84.2922,86.8871,0.0,0.0,0.0,0.0,0.0,0.0,0.3421,1.6738400000000002,26.73346666666667,26.95312,84.26373333333332,83.93162,0.0,0.0,0.0,0.0,0.0,0.0,5.888598293334431,8.135797816434398
2024,Lasbella,39,0.1714,27.4728,81.3978,680977.0,0.0,0.0,0.0,0.0,401.0,715.0,10.0,0.0,0.0,0.0,5.888598293334431,10.499620398339443,0.1468478377390132,0.8076631075645726,5.11030475331766,0.0,0.0571,0.5692,27.0189,26.6161,81.6119,84.2922,0.0,0.0,0.0,0.0,0.0,0.0,0.2659,1.43954,27.03593333333333,27.00592,82.43396666666666,83.27022000000001,0.0,0.0,0.0,0.0,0.0,0.0,0.8076631075645726,5.158005014552909
2024,Lasbella,40,0.2625,27.6037,80.3387,680977.0,0.0,0.0,0.0,0.0,55.0,348.0,0.0,0.0,0.0,0.0,0.8076631075645726,5.11030475331766,0.0,1.1600979181382045,11.24854437080841,0.0,0.1714,0.0571,27.4728,27.0189,81.3978,81.6119,0.0,0.0,0.0,0.0,0.0,0.0,0.1636666666666666,0.2920399999999999,27.365133333333333,27.05538,81.11613333333334,82.90554,0.0,0.0,0.0,0.0,0.0,0.0,1.1600979181382045,3.052595587139754
2024,Lasbella,41,0.0,30.4963,45.7284,680977.0,0.0,0.0,0.0,0.0,79.0,766.0,0.0,0.0,0.0,0.0,1.1600979181382045,11.24854437080841,0.0,1.1600979181382045,10.55835953343505,0.0,0.2625,0.1714,27.6037,27.4728,80.3387,81.3978,0.0,0.0,0.0,0.0,0.0,0.0,0.1446333333333333,0.21204,28.524266666666666,27.84156,69.15496666666665,74.6738,0.0,0.0,0.0,0.0,0.0,0.0,1.1600979181382045,3.3212497505899803
2024,Lasbella,42,0.0,30.1097,53.2915,680977.0,0.0,0.0,0.0,0.0,79.0,719.0,0.0,0.0,0.0,0.0,1.1600979181382045,10.55835953343505,0.0,2.364250187598113,4.390750348396495,0.0,0.0,0.2625,30.4963,27.6037,45.7284,80.3387,0.0,0.0,0.0,0.0,0.0,0.0,0.0875,0.0982,29.403233333333333,28.540280000000003,59.7862,68.47366,0.0,0.0,0.0,0.0,0.0,0.0,2.364250187598113,3.377078171156791
2024,Lasbella,43,0.0143,29.4323,56.6685,680977.0,0.0,0.0,0.0,0.0,161.0,299.0,0.0,0.0,0.0,0.0,2.364250187598113,4.390750348396495,0.0,7.650772346202588,0.8223478913384741,0.0,0.0,0.0,30.1097,30.4963,53.2915,45.7284,0.0,0.0,0.0,0.0,0.0,0.0,0.0047666666666666,0.08964,30.012766666666668,29.02296,51.89613333333333,63.48497999999999,0.0,0.0,0.0,0.0,0.0,0.0,7.650772346202588,3.7190738904706233
2024,Lasbella,44,0.0,26.4413,76.6693,680977.0,0.0,0.0,0.0,0.0,521.0,56.0,0.0,0.0,0.0,0.0,7.650772346202588,0.8223478913384741,0.0,0.0,4.68783599741954,0.0,0.0143,0.0,29.4323,30.1097,56.6685,53.2915,0.0,0.0,0.0,0.0,0.0,0.0,0.0047666666666666,0.05536,28.6611,28.81666,62.20976666666667,62.53928,0.0,0.0,0.0,0.0,0.0,0.0,0.0,6.245367779986889
2025,Lasbella,37,14.2143,26.0365,87.4427,697550.0,0.0,0.0,0.0,0.0,342.0,441.0,6.0,0.0,0.0,0.0,4.902874345925024,6.322127446061214,0.0860153394021933,7.3829832986882655,7.813059995699233,0.0716794495018278,0.7143,12.4286,26.5892,28.1175,85.6714,84.718,0.0,0.0,0.0,0.0,0.0,0.0,9.119066666666669,6.0143,26.9144,26.99282,85.94403333333332,84.61554,0.0,0.0,0.0,0.0,0.0,0.0,7.3829832986882655,4.859976209131475
2025,Lasbella,38,1.7857,26.166,87.159,697550.0,0.0,0.0,0.0,0.0,515.0,545.0,5.0,0.0,0.0,0.0,7.3829832986882655,7.813059995699233,0.0716794495018278,6.594509354168159,7.3686474087879,0.1003512293025589,14.2143,0.7143,26.0365,26.5892,87.4427,85.6714,0.0,0.0,0.0,0.0,0.0,0.0,5.571433333333332,5.9743,26.263900000000003,26.89444,86.7577,85.39048,0.0,0.0,0.0,0.0,0.0,0.0,6.594509354168159,6.031249699050762
2025,Lasbella,39,0.9286,26.274,85.9094,697550.0,0.0,0.0,0.0,0.0,460.0,514.0,7.0,0.0,0.0,0.0,6.594509354168159,7.3686474087879,0.1003512293025589,7.798724105798867,5.820371299548419,0.0573435596014622,1.7857,14.2143,26.166,26.0365,87.159,87.4427,0.0,0.0,0.0,0.0,0.0,0.0,5.6428666666666665,6.0143,26.15883333333333,26.63664,86.83703333333334,86.1801,0.0,0.0,0.0,0.0,0.0,0.0,7.798724105798867,5.701687834945455
2025,Lasbella,40,0.1714,29.5424,65.4988,697550.0,0.0,0.0,0.0,0.0,544.0,406.0,4.0,0.0,0.0,0.0,7.798724105798867,5.820371299548419,0.0573435596014622,9.83442047165078,5.590997061142571,0.1863665687047523,0.9286,1.7857,26.274,26.166,85.9094,87.159,0.0,0.0,0.0,0.0,0.0,0.0,0.9619,3.56286,27.327466666666663,26.92162,79.52239999999999,82.33626000000001,0.0,0.0,0.0,0.0,0.0,0.0,9.83442047165078,5.631531884069786
2025,Lasbella,41,0.0429,25.6707,68.1699,697550.0,0.0,0.0,0.0,0.0,686.0,390.0,13.0,0.0,0.0,0.0,9.83442047165078,5.590997061142571,0.1863665687047523,9.748405132248584,6.107089097555732,0.1576947889040212,0.1714,0.9286,29.5424,26.274,65.4988,85.9094,0.0,0.0,0.0,0.0,0.0,0.0,0.3809666666666667,3.42858,27.162366666666667,26.737919999999995,73.1927,78.83596,0.0,0.0,0.0,0.0,0.0,0.0,9.748405132248584,8.95878434488164
2025,Lasbella,42,0.0,26.3445,52.021,697550.0,0.0,0.0,0.0,0.0,680.0,426.0,11.0,0.0,0.0,0.0,9.748405132248584,6.107089097555732,0.1576947889040212,10.035122930255897,5.246935703533796,0.2007024586051179,0.0429,0.1714,25.6707,29.5424,68.1699,65.4988,0.0,0.0,0.0,0.0,0.0,0.0,0.0714333333333333,0.58572,27.18586666666667,26.79952,61.896566666666665,71.75161999999999,0.0,0.0,0.0,0.0,0.0,0.0,10.035122930255897,9.166678132836697
2025,Lasbella,43,0.0,27.8124,35.9829,697550.0,0.0,0.0,0.0,0.0,700.0,366.0,14.0,0.0,0.0,0.0,10.035122930255897,5.246935703533796,0.2007024586051179,10.393520177765035,5.046233244928678,0.1433588990036556,0.0,0.0429,26.3445,25.6707,52.021,68.1699,0.0,0.0,0.0,0.0,0.0,0.0,0.0143,0.22858,26.6092,27.1288,52.05793333333333,61.5164,0.0,0.0,0.0,0.0,0.0,0.0,10.393520177765035,9.222858541516565
2024,Loralai,37,0.3615,23.3587,64.5364,272432.0,1400.0,0.0,3785.0,0.2,69.0,244.0,81.0,0.2360011938756717,0.1279213162733553,0.2147078281519536,2.532742115463676,8.956363422799084,2.973219005109532,3.00992541258002,10.461326129089093,0.5873025195278088,1.6571,2.9889,22.6927,23.1524,81.2684,74.8812,0.3045785824071738,0.2753900998664546,0.2565030223619974,0.2382562663737507,0.0994628218133375,0.0485297382639708,1.669166666666667,2.22722,23.067933333333333,23.5716,73.56200000000001,75.79314000000001,0.2719899587164333,0.2863115090952136,0.2364890389625672,0.2309091930568621,0.0919712921168878,0.0930364700965295,3.00992541258002,2.8257242439444257
2024,Loralai,38,0.0,25.6514,39.4614,272432.0,1400.0,0.0,3785.0,0.2,82.0,285.0,16.0,0.2384734189941341,0.116817998798217,0.197228255783078,3.00992541258002,10.461326129089093,0.5873025195278088,10.1309684618547,2.6795677453456275,0.0,0.3615,1.6571,23.3587,22.6927,64.5364,81.2684,0.2360011938756717,0.3045785824071738,0.2147078281519536,0.2565030223619974,0.1279213162733553,0.0994628218133375,0.6728666666666667,1.52722,23.90093333333333,23.6209,61.75539999999999,68.67627999999999,0.2596843984256599,0.2588386517257239,0.222813035432343,0.2261264641403467,0.1147340456283032,0.0969952232659523,10.1309684618547,2.858425821647055
2024,Loralai,39,0.0,26.16,48.97,272432.0,1400.0,0.0,3785.0,0.2,276.0,73.0,0.0,0.2218952564610053,0.1238133998724322,0.1928217541901191,10.1309684618547,2.6795677453456275,0.0,11.635931168144712,7.377987901568098,0.3303576672343924,0.0,0.3615,25.6514,23.3587,39.4614,64.5364,0.2384734189941341,0.2360011938756717,0.197228255783078,0.2147078281519536,0.116817998798217,0.1279213162733553,0.1205,1.0015,25.0567,24.20304,50.98926666666667,61.82348,0.232123289776937,0.2552677103208879,0.2015859460417169,0.2199034253721797,0.1228509049813348,0.1033090550042625,11.635931168144712,5.549434443911035
2024,Loralai,40,0.8875,24.3556,34.8562,272432.0,1400.0,0.0,3785.0,0.2,317.0,201.0,9.0,0.427375713008209,0.1184911981343976,0.1955198114097399,11.635931168144712,7.377987901568098,0.3303576672343924,13.801609208903503,2.202384448229283,0.036706407470488,0.0,0.0,26.16,25.6514,48.97,39.4614,0.2218952564610053,0.2384734189941341,0.1928217541901191,0.197228255783078,0.1238133998724322,0.116817998798217,0.2958333333333333,0.58122,25.389,24.44368,41.095866666666666,53.81848,0.2959147961544495,0.2856648329492388,0.195189940460979,0.2113561343793776,0.1197075322683489,0.1173013469783479,13.801609208903503,5.764364428219323
2024,Loralai,41,1.0,19.9868,40.3518,272432.0,1400.0,0.0,3785.0,0.2,376.0,60.0,1.0,0.2357713957473312,0.1122214696955,0.2310428108372128,13.801609208903503,2.202384448229283,0.036706407470488,8.919657015328596,0.9176601867622012,0.0,0.8875,0.0,24.3556,26.16,34.8562,48.97,0.427375713008209,0.2218952564610053,0.1955198114097399,0.1928217541901191,0.1184911981343976,0.1238133998724322,0.6291666666666667,0.4497999999999999,23.5008,23.9025,41.39266666666666,45.63516,0.2950141217388485,0.2719033956172702,0.2064614588123572,0.2062640920744206,0.1181753559007766,0.1198530765547804,8.919657015328596,6.11826244728786
2024,Loralai,42,0.0,21.7374,20.1146,272432.0,1400.0,0.0,3785.0,0.2,243.0,25.0,0.0,0.2210331258162912,0.1135000583781043,0.1947967151074177,8.919657015328596,0.9176601867622012,0.0,23.969284078228696,1.50496270629001,0.8809537792917131,1.0,0.8875,19.9868,24.3556,40.3518,34.8562,0.2357713957473312,0.427375713008209,0.2310428108372128,0.1955198114097399,0.1122214696955,0.1184911981343976,0.6291666666666667,0.3775,22.0266,23.57824,31.7742,36.7508,0.2947267448572772,0.2689097820053941,0.2071197791181235,0.2022818694655135,0.1147375754026673,0.1169688249757302,23.969284078228696,5.0610341513821675
2024,Loralai,43,0.0,21.5808,33.0026,272432.0,1400.0,0.0,3785.0,0.2,653.0,41.0,24.0,0.2209901069596165,0.103845370476789,0.1926869625064559,23.969284078228696,1.50496270629001,0.8809537792917131,2.349210078111235,10.534738944030073,0.0,0.0,1.0,21.7374,19.9868,20.1146,40.3518,0.2210331258162912,0.2357713957473312,0.1947967151074177,0.2310428108372128,0.1135000583781043,0.1122214696955,0.3333333333333333,0.3775,21.101666666666667,22.76412,31.156333333333333,35.459039999999995,0.2259315428410796,0.2654131195984907,0.2061754961503621,0.201373610810189,0.1098556328501311,0.1143742993114446,2.349210078111235,5.956149225910305
2024,Loralai,44,0.0,20.8847,26.8243,272432.0,1400.0,0.0,3785.0,0.2,64.0,287.0,0.0,0.2164623601059246,0.0984245506875891,0.1930686888990035,2.349210078111235,10.534738944030073,0.0,0.0208357641724867,0.7500875102095245,0.0,0.0,0.0,21.5808,21.7374,33.0026,20.1146,0.2209901069596165,0.2210331258162912,0.1926869625064559,0.1947967151074177,0.103845370476789,0.1135000583781043,0.0,0.3775,21.400966666666665,21.70906,26.647166666666664,31.029900000000005,0.2194951976272774,0.2643265403274745,0.1935174555042923,0.2014229977519659,0.1052566598474941,0.1092965294744759,0.0208357641724867,2.4166284684790864
2025,Loralai,37,0.0857,24.5094,64.7079,479944.0,1400.0,0.0,3785.0,0.2,58.0,289.0,22.0,0.2202577840058761,0.0967230276238896,0.206173043725804,1.2084743220042338,6.021535845848683,0.4583868117947094,1.6460253696264564,5.813178204123814,0.0208357641724867,0.0429,0.9143,25.477,25.9189,58.228,67.2769,0.255864733725034,0.2648685995880704,0.1899017954423218,0.2299335861890983,0.0793274817524099,0.0712254773733619,0.3476333333333333,0.22572,25.30176666666667,26.24946,63.404266666666665,59.49416,0.2469970391063268,0.2513768945925478,0.2086694751190746,0.2074606484740511,0.0824253289165538,0.082767766072991,1.6460253696264564,1.6146619124303356
2025,Loralai,38,0.0,25.4165,36.0449,479944.0,1400.0,0.0,3785.0,0.2,79.0,279.0,1.0,0.2186016729512445,0.0969116420640914,0.188227935372179,1.6460253696264564,5.813178204123814,0.0208357641724867,1.1668027936592602,5.458970213191538,0.0,0.0857,0.0429,24.5094,25.477,64.7079,58.228,0.2202577840058761,0.255864733725034,0.206173043725804,0.1899017954423218,0.0967230276238896,0.0793274817524099,0.0428666666666666,0.22572,25.1343,25.7676,52.9936,56.61608,0.2315747302273848,0.249728988392468,0.1947675915134349,0.2042791468959702,0.0909873838134636,0.0855890561905463,1.1668027936592602,1.7840077298226147
2025,Loralai,39,0.0,25.4594,30.8717,479944.0,1400.0,0.0,3785.0,0.2,56.0,262.0,0.0,0.2128409372347383,0.0919030505019803,0.1909159052333085,1.1668027936592602,5.458970213191538,0.0,1.083459736969313,5.104762222259264,0.0416715283449735,0.0,0.0857,25.4165,24.5094,36.0449,64.7079,0.2186016729512445,0.2202577840058761,0.188227935372179,0.206173043725804,0.0969116420640914,0.0967230276238896,0.0285666666666666,0.20858,25.128433333333334,25.35624,43.87483333333333,51.42587999999999,0.2172334647306196,0.2344867455009926,0.1951056281104305,0.2010304531925423,0.0951792400633204,0.0872181358631466,1.083459736969313,1.557210925923581
2025,Loralai,40,0.0143,23.9124,37.0343,479944.0,1400.0,0.0,3785.0,0.2,52.0,245.0,2.0,0.3195288972435884,0.0918533535967665,0.1584025473308652,1.083459736969313,5.104762222259264,0.0416715283449735,1.2084743220042338,5.250612571466671,0.0,0.0,0.0,25.4594,25.4165,30.8717,36.0449,0.2128409372347383,0.2186016729512445,0.1909159052333085,0.188227935372179,0.0919030505019803,0.0969116420640914,0.0047666666666666,0.02858,24.92943333333333,24.95494,34.650299999999994,45.37736,0.2503238358098571,0.2454188050320963,0.1791821293121175,0.1867242454208957,0.0935560153876127,0.0913437111078275,1.2084743220042338,1.5019974035792103
2025,Loralai,41,0.0,18.2627,35.4362,479944.0,1400.0,0.0,3785.0,0.2,58.0,252.0,0.0,0.2082944723979754,0.0932962977092526,0.1609340280476958,1.2084743220042338,5.250612571466671,0.0,1.6043538412814828,5.104762222259264,0.0,0.0143,0.0,23.9124,25.4594,37.0343,30.8717,0.3195288972435884,0.2128409372347383,0.1584025473308652,0.1909159052333085,0.0918533535967665,0.0919030505019803,0.0047666666666666,0.02,22.544833333333333,23.51208,34.447399999999995,40.819,0.2468881022921007,0.2359047527666845,0.1700841602039565,0.1809306919419705,0.0923509006026664,0.094137474299196,1.6043538412814828,1.6589545088486988
2025,Loralai,42,0.0,20.1427,24.2206,479944.0,1400.0,0.0,3785.0,0.2,77.0,245.0,0.0,0.2126901254213949,0.0890546897089519,0.1842213537452175,1.6043538412814828,5.104762222259264,0.0,1.4585034920740754,5.479805977364026,0.0,0.0,0.0143,18.2627,23.9124,35.4362,37.0343,0.2082944723979754,0.3195288972435884,0.1609340280476958,0.1584025473308652,0.0932962977092526,0.0918533535967665,0.0047666666666666,0.00286,20.7726,22.63874,32.23036666666666,32.72154,0.2468378316876529,0.2343912210497882,0.1678526430412595,0.1765403539458532,0.0914014470049903,0.0926038067162085,1.4585034920740754,1.8610998307331936
2025,Loralai,43,0.0,19.0627,29.2803,479944.0,1400.0,0.0,3785.0,0.2,70.0,263.0,0.0,0.215517155951204,0.0892723231263659,0.1810694315392941,1.4585034920740754,5.479805977364026,0.0,1.0417882086243395,4.708882702982015,0.0625072925174603,0.0,0.0,20.1427,18.2627,24.2206,35.4362,0.2126901254213949,0.2082944723979754,0.1842213537452175,0.1609340280476958,0.0890546897089519,0.0932962977092526,0.0,0.00286,19.156033333333333,21.36798,29.645699999999994,31.36862,0.2121672512568581,0.2337743176497801,0.1754082711107358,0.1751086531792762,0.0905411035148568,0.0910759429286634,1.0417882086243395,1.8285031580193207
2025,Malakand,37,0.9286,27.2358,69.9752,870427.0,700.0,1.0,952.0,0.2,40.0,817.0,0.0,0.0,0.2607826352001889,0.0,0.4595445683555312,9.386197808661729,0.0,0.5974079388621906,12.269839975092683,0.1033975278799945,4.7143,7.6857,25.654,26.2543,74.9762,76.0212,0.0971487336564036,0.0,0.0002174456194087,0.0,0.3334489340344881,0.3293938182906581,4.442866666666666,7.385720000000001,26.38136666666667,26.7847,73.65753333333333,75.15812,0.0323829112188012,0.0204306461766937,7.248187313623333e-05,4.348912388174e-05,0.3078751291751117,0.2501116375145957,0.5974079388621906,0.5233296262503115
2025,Malakand,38,5.8857,26.0849,65.9642,870427.0,700.0,1.0,952.0,0.2,52.0,1068.0,9.0,0.0064308215645234,0.2855624997156814,0.0,0.5974079388621906,12.269839975092683,0.1033975278799945,1.1603500350977165,17.600556968016846,0.0689316852533297,0.9286,4.7143,27.2358,25.654,69.9752,74.9762,0.0,0.0971487336564036,0.0,0.0002174456194087,0.2607826352001889,0.3334489340344881,3.842866666666667,7.314279999999999,26.3249,26.440520000000003,70.3052,73.67112,0.0345265184069756,0.0217168104895984,7.248187313623333e-05,4.348912388174e-05,0.2932646896501194,0.307224137457732,1.1603500350977165,0.5487096730750949
2025,Malakand,39,0.9714,26.4165,54.5215,870427.0,700.0,1.0,952.0,0.2,101.0,1532.0,6.0,0.0,0.3071425011226087,0.0,1.1603500350977165,17.600556968016846,0.0689316852533297,1.1029069640532752,12.005601848288254,0.0,5.8857,0.9286,26.0849,27.2358,65.9642,69.9752,0.0064308215645234,0.0,0.0,0.0,0.2855624997156814,0.2607826352001889,2.5952333333333333,4.03714,26.579066666666662,26.3291,63.48696666666667,68.29166000000001,0.0021436071881744,0.0207159110441854,0.0,4.348912388174e-05,0.284495878679493,0.303266077672725,1.1029069640532752,0.9481375304994755
2025,Malakand,40,4.2571,24.0269,56.6419,870427.0,700.0,1.0,952.0,0.2,96.0,1045.0,0.0,0.0096568892829587,0.3070258725876503,0.0,1.1029069640532752,12.005601848288254,0.0,0.528476253608861,10.535059229550557,0.0574430710444414,0.9714,5.8857,26.4165,26.0849,54.5215,65.9642,0.0,0.0064308215645234,0.0,0.0,0.3071425011226087,0.2855624997156814,3.704733333333333,3.35142,25.50943333333333,25.88362,59.04253333333333,64.4158,0.005362570282494,0.0226472889007771,0.0,4.348912388174e-05,0.2999102911419801,0.2987924885321235,0.528476253608861,0.8806675497030039
2025,Malakand,41,1.7143,19.9584,53.763,870427.0,700.0,1.0,952.0,0.2,46.0,917.0,5.0,0.0,0.2788690870790574,0.0,0.528476253608861,10.535059229550557,0.0574430710444414,0.3331698120577602,9.259823052363956,0.0,4.2571,0.9714,24.0269,26.4165,56.6419,54.5215,0.0096568892829587,0.0,0.0,0.0,0.3070258725876503,0.3071425011226087,2.3142666666666667,2.7514200000000004,23.467266666666664,24.7445,54.97546666666667,60.17316000000001,0.0032189630943195,0.0032175421694964,0.0,0.0,0.2976791535964388,0.2878765191410373,0.3331698120577602,0.3923338223208246
2025,Malakand,42,0.0,22.7448,52.9454,870427.0,700.0,1.0,952.0,0.2,29.0,806.0,0.0,0.1464322709078432,0.2769444139362572,0.0,0.3331698120577602,9.259823052363956,0.0,0.4710331825644195,7.01954328163074,0.0,1.7143,4.2571,19.9584,24.0269,53.763,56.6419,0.0,0.0096568892829587,0.0,0.0,0.2788690870790574,0.3070258725876503,1.9904666666666664,2.5657,22.243366666666663,23.846300000000003,54.4501,56.7672,0.0520297200636006,0.032503996351065,0.0,0.0,0.2876131245343216,0.291108874888251,0.4710331825644195,0.39100986794859427
2025,Malakand,43,0.0,21.9977,39.5671,870427.0,700.0,1.0,952.0,0.2,41.0,611.0,0.0,0.1513036940495652,0.2551552423416116,0.0189750444640635,0.4710331825644195,7.01954328163074,0.0,0.5974079388621906,6.985077439004075,0.0804202994622179,0.0,1.7143,22.7448,19.9584,52.9454,53.763,0.1464322709078432,0.0,0.0,0.0,0.2769444139362572,0.2788690870790574,0.5714333333333333,1.38856,21.56696666666667,23.02886,48.758500000000005,51.48778,0.0992453216524694,0.0614785708480734,0.0063250148213544,0.0037950088928127,0.2703229144523087,0.285027423413437,0.5974079388621906,0.3547282916055945
2025,Malir,37,17.0857,26.6916,86.8396,2428732.0,20.0,0.0,2268.0,0.75,198.0,1450.0,67.0,0.2445329111944963,0.1107972477825746,0.0,0.815240215882197,5.970193500147403,0.2758641134550868,0.7452448438115032,7.160114825349194,0.1564602434521388,0.0286,14.5,29.0895,28.7991,73.1818,84.8921,0.0,0.4002612694483174,0.0,0.0,0.0,0.0978865403957527,10.5381,6.50858,28.1934,28.50048,81.63783333333333,78.96268,0.2149313935476045,0.2134052088615207,0.0,0.0,0.0695612627261091,0.0476406725569131,0.7452448438115032,0.8626808497336853
2025,Malir,38,0.4429,27.2035,83.736,2428732.0,20.0,0.0,2268.0,0.75,181.0,1739.0,38.0,0.0,0.1162016071925066,0.0,0.7452448438115032,7.160114825349194,0.1564602434521388,0.7699490927776305,6.834842213961853,0.1729297427628902,17.0857,0.0286,26.6916,29.0895,86.8396,73.1818,0.2445329111944963,0.0,0.0,0.0,0.1107972477825746,0.0,5.8524,6.500019999999999,27.66153333333333,28.228160000000003,81.25246666666668,80.59360000000001,0.0815109703981654,0.1289588361285627,0.0,0.0,0.0756662849916937,0.0649770790741667,0.7699490927776305,0.7949620535869331
2025,Malir,39,0.0571,27.9208,78.8545,2428732.0,20.0,0.0,2268.0,0.75,187.0,1660.0,42.0,0.2072100403099,0.1790643911217562,0.0,0.7699490927776305,6.834842213961853,0.1729297427628902,0.5887846003593645,5.257887654957401,0.0082347496553757,0.4429,17.0857,27.2035,26.6916,83.736,86.8396,0.0,0.2445329111944963,0.0,0.0,0.1162016071925066,0.1107972477825746,5.8619,6.42286,27.271966666666668,27.9409,83.14336666666667,81.5008,0.1505809838347987,0.1704008441905427,0.0,0.0,0.1353544153656124,0.100789957298518,0.5887846003593645,0.6278087366948437
2025,Malir,40,2.7286,29.1735,73.7716,2428732.0,20.0,0.0,2268.0,0.75,143.0,1277.0,2.0,0.2283958724202625,0.208001793840152,0.151817900916675,0.5887846003593645,5.257887654957401,0.0082347496553757,0.4899676044948557,4.846150172188615,0.1441081189690752,0.0571,0.4429,27.9208,27.2035,78.8545,83.736,0.2072100403099,0.0,0.0,0.0,0.1790643911217562,0.1162016071925066,1.0762,4.06858,28.099266666666665,28.01578,78.78736666666667,79.2767,0.1452019709100541,0.1360277647849317,0.050605966972225,0.0303635801833349,0.1677559307181383,0.1228130079873978,0.4899676044948557,0.5591063891928014
2025,Malir,41,0.0,27.5193,63.6568,2428732.0,20.0,0.0,2268.0,0.75,119.0,1177.0,35.0,0.3032533886446085,0.2101897212497398,0.1888272738060873,0.4899676044948557,4.846150172188615,0.1441081189690752,0.7905359669160698,5.970193500147403,0.2593946141443354,2.7286,0.0571,29.1735,27.9208,73.7716,78.8545,0.2283958724202625,0.2072100403099,0.151817900916675,0.0,0.208001793840152,0.1790643911217562,0.9285666666666668,4.06286,28.20453333333333,27.70174,72.0943,77.3717,0.2462864337915903,0.1966784425138534,0.1135483915742541,0.0681290349445524,0.1990853020705493,0.1648509522373458,0.7905359669160698,0.4369123989119945
2025,Malir,42,0.0,28.655,46.5167,2428732.0,20.0,0.0,2268.0,0.75,192.0,1450.0,63.0,0.2379260475297059,0.1905642855537538,0.1919659484738809,0.7905359669160698,5.970193500147403,0.2593946141443354,0.6258409738085552,5.299061403234281,0.1770471175905781,0.0,2.7286,27.5193,29.1735,63.6568,73.7716,0.3032533886446085,0.2283958724202625,0.1888272738060873,0.151817900916675,0.2101897212497398,0.208001793840152,0.9095333333333334,0.6457200000000001,28.449266666666663,28.094420000000003,61.31503333333334,69.30712000000001,0.2565251028648589,0.1953570697808953,0.1775370410655477,0.1065222246393286,0.2029186002145485,0.1808043597915816,0.6258409738085552,0.5857687027444447
2025,Malir,43,0.0,29.4062,33.6802,2428732.0,20.0,0.0,2268.0,0.75,152.0,1287.0,43.0,0.0,0.1827608922983343,0.0,0.6258409738085552,5.299061403234281,0.1770471175905781,0.3664463596642198,4.12560957734324,0.1564602434521388,0.0,0.0,28.655,27.5193,46.5167,63.6568,0.2379260475297059,0.3032533886446085,0.1919659484738809,0.1888272738060873,0.1905642855537538,0.2101897212497398,0.0,0.5571400000000001,28.52683333333333,28.53496,47.95123333333333,59.29596,0.1803931453914381,0.1953570697808953,0.1269310740933227,0.1065222246393286,0.194504966367276,0.1941162168127472,0.3664463596642198,0.5220385997578951
2024,Mansehra,37,3.6231,23.3981,75.0005,1797177.0,1000.0,0.0,4579.0,0.2,4.0,628.0,22.0,0.2206339102893472,0.3660135277733349,0.0359750974511278,0.0222571288192537,3.4943692246228397,0.1224142085058956,0.0278214110240671,2.898991028707801,0.0166928466144403,8.3,9.9667,23.2157,23.6389,80.7639,79.3015,0.1957410024527127,0.2153255325947895,0.0561833138949357,0.0467652083830829,0.3188277636349841,0.0,7.296600000000001,6.96652,23.41756666666667,23.91774,78.3553,79.18878,0.2105668151122831,0.1685169110834921,0.0463078732430488,0.0392722300276297,0.2282804304694397,0.2692253383076764,0.0278214110240671,0.30065709617090697
2024,Mansehra,38,0.0,24.0162,63.0372,1797177.0,1000.0,0.0,4579.0,0.2,5.0,521.0,3.0,0.1336863354503452,0.3626444306727086,0.0748824339582841,0.0278214110240671,2.898991028707801,0.0166928466144403,0.0333856932288806,3.249540807611048,0.0278214110240671,3.6231,8.3,23.3981,23.2157,75.0005,80.7639,0.2206339102893472,0.1957410024527127,0.0359750974511278,0.0561833138949357,0.3660135277733349,0.3188277636349841,3.974366666666667,4.9151,23.543333333333333,23.73262,72.93386666666667,75.38456000000001,0.1833537493974683,0.1713492108122862,0.0556802817681158,0.048378488312483,0.3491619073603425,0.2972234035123228,0.0333856932288806,0.2543786387899347
2024,Mansehra,39,4.9429,23.9353,71.7159,1797177.0,1000.0,0.0,4579.0,0.2,6.0,584.0,5.0,0.0980355546305902,0.1235960802287933,0.0305399261580311,0.0333856932288806,3.249540807611048,0.0278214110240671,0.0166928466144403,2.5261841209853007,0.0278214110240671,0.0,3.6231,24.0162,23.3981,63.0372,75.0005,0.1336863354503452,0.2206339102893472,0.0748824339582841,0.0359750974511278,0.3626444306727086,0.3660135277733349,2.855333333333333,5.3665400000000005,23.783200000000004,23.64084,69.91786666666667,73.9638,0.1507852667900942,0.1726844670835569,0.0471324858558143,0.0488691959690923,0.2840846795582789,0.2342163604619641,0.0166928466144403,0.22413490269477165
2024,Mansehra,40,0.1125,22.1821,59.2088,1797177.0,1000.0,0.0,4579.0,0.2,3.0,454.0,5.0,0.134482972237166,0.3249442807692714,0.0296617270667253,0.0166928466144403,2.5261841209853007,0.0278214110240671,0.0445142576385075,2.4148984768890323,0.0166928466144403,4.9429,0.0,23.9353,24.0162,71.7159,63.0372,0.0980355546305902,0.1336863354503452,0.0305399261580311,0.0748824339582841,0.1235960802287933,0.3626444306727086,1.6851333333333331,3.3957,23.377866666666662,23.34948,64.65396666666668,69.94526,0.1220682874393671,0.1565159550120322,0.0450280290610135,0.0454484997058208,0.2703949305569244,0.2992052166158184,0.0445142576385075,0.12091914421420391
2024,Mansehra,41,0.6,19.4073,57.1669,1797177.0,1000.0,0.0,4579.0,0.2,8.0,434.0,3.0,0.1182364956126598,0.2966856907188581,0.0286914135733033,0.0445142576385075,2.4148984768890323,0.0166928466144403,0.0222571288192537,2.264662857359069,0.0055642822048134,0.1125,4.9429,22.1821,23.9353,59.2088,71.7159,0.134482972237166,0.0980355546305902,0.0296617270667253,0.0305399261580311,0.3249442807692714,0.1235960802287933,1.885133333333333,1.8557,21.841566666666665,22.5878,62.6972,65.22586,0.1169183408268053,0.1410150536440216,0.0296310222660198,0.0399501196414943,0.2484086839056409,0.2947768020325932,0.0222571288192537,0.14827511411155836
2024,Mansehra,42,0.0143,19.7282,53.4558,1797177.0,1000.0,0.0,4579.0,0.2,4.0,407.0,1.0,0.0,0.2757096381235159,0.0,0.0222571288192537,2.264662857359069,0.0055642822048134,0.0667713864577612,2.1032986734194794,0.0166928466144403,0.6,0.1125,19.4073,22.1821,57.1669,59.2088,0.1182364956126598,0.134482972237166,0.0286914135733033,0.0296617270667253,0.2966856907188581,0.3249442807692714,0.2422666666666666,1.13394,20.4392,21.85382,56.6105,60.916920000000005,0.0842398226166086,0.0968882715861522,0.0194510468800095,0.0327551001512687,0.2991132032038818,0.2767160241026294,0.0667713864577612,0.11151170642171504
2024,Mansehra,43,0.0,18.7936,59.2287,1797177.0,1000.0,0.0,4579.0,0.2,12.0,378.0,3.0,0.186843375717255,0.2565945768414503,0.0,0.0667713864577612,2.1032986734194794,0.0166928466144403,0.0,1.3298634469504118,0.0055642822048134,0.0143,0.6,19.7282,19.4073,53.4558,57.1669,0.0,0.1182364956126598,0.0,0.0286914135733033,0.2757096381235159,0.2966856907188581,0.2047666666666666,1.13394,19.309700000000003,20.8093,56.617133333333335,60.15522,0.1016932904433049,0.1075196796395342,0.0095638045244344,0.0177786133596119,0.2763299685612748,0.2555060533363778,0.0,0.08443681299611949
2024,Mansehra,44,0.1286,16.9073,72.4758,1797177.0,1000.0,0.0,4579.0,0.2,0.0,239.0,1.0,0.1718962782867987,0.2171139625940903,0.0326121633993425,0.0,1.3298634469504118,0.0055642822048134,0.0,0.0159482087237764,0.0,0.0,0.0143,18.7936,19.7282,59.2287,53.4558,0.186843375717255,0.0,0.0,0.0,0.2565945768414503,0.2757096381235159,0.0476333333333333,0.17108,18.476366666666667,19.4037,61.7201,60.3072,0.1195798846680179,0.1222918243707759,0.0108707211331141,0.0181930608078742,0.2498060591863521,0.2742096298094372,0.0,0.15518712023981962
2025,Mansehra,37,2.0571,23.8421,79.2301,1881089.0,1000.0,0.0,4579.0,0.2,271.0,1025.0,5.0,0.0,0.3754306571516964,0.0,1.4406548547144766,5.448971313956968,0.0265803478729608,0.0637928348951059,5.874256879924342,0.1275856697902119,9.2857,15.8429,22.3561,23.1326,81.5973,84.2687,0.1137014200344472,0.0927910360651789,0.0286774190388175,0.0293107911741098,0.0,0.1896975723753366,9.0619,8.111419999999999,23.110266666666664,23.78116,81.69869999999999,82.42573999999999,0.0688308186998753,0.0984203006277315,0.0193294034043091,0.0283317167886174,0.188376076509011,0.2011815326569127,0.0637928348951059,1.0965294287728913
2025,Mansehra,38,1.5714,23.207,72.6392,1881089.0,1000.0,0.0,4579.0,0.2,12.0,1105.0,24.0,0.1085971463713995,0.2681422008533182,0.0,0.0637928348951059,5.874256879924342,0.1275856697902119,0.0850571131934746,6.070951454184252,0.1647981568123571,2.0571,9.2857,23.8421,22.3561,79.2301,81.5973,0.0,0.1137014200344472,0.0,0.0286774190388175,0.3754306571516964,0.0,4.304733333333334,7.72856,23.13506666666667,23.49086,77.8222,80.69521999999999,0.0740995221352822,0.0824075858092268,0.0095591396796058,0.0211677138936268,0.2145242860016715,0.2197870052689096,0.0850571131934746,0.2498297428404559
2025,Mansehra,39,0.5571,22.8722,63.2341,1881089.0,1000.0,0.0,4579.0,0.2,16.0,1142.0,31.0,0.1034890604483011,0.1387265863988327,0.0290762815437611,0.0850571131934746,6.070951454184252,0.1647981568123571,0.1275856697902119,4.189062824778626,0.2392231308566474,1.5714,2.0571,23.207,23.8421,72.6392,79.2301,0.1085971463713995,0.0,0.0,0.0,0.2681422008533182,0.3754306571516964,1.3952,5.86284,23.3071,23.082,71.70113333333335,76.19388000000001,0.0706954022732335,0.0837157325838653,0.0096920938479203,0.0174128983513376,0.2607664814679491,0.1943994033558368,0.1275856697902119,0.22667201519293378
2025,Mansehra,40,1.8429,20.671,63.8696,1881089.0,1000.0,0.0,4579.0,0.2,24.0,788.0,45.0,0.1185470201125812,0.0,0.0294978424424035,0.1275856697902119,4.189062824778626,0.2392231308566474,0.0584767653205138,3.80630581540799,0.0531606957459216,0.5571,1.5714,22.8722,23.207,63.2341,72.6392,0.1034890604483011,0.1085971463713995,0.0290762815437611,0.0,0.1387265863988327,0.2681422008533182,1.3238,3.06284,22.250066666666665,22.58968,66.58096666666667,72.11406,0.1102110756440939,0.0888669293933458,0.0195247079953882,0.0174503086049964,0.1356229290840503,0.1564598888807694,0.0584767653205138,0.2982561350346842
2025,Mansehra,41,5.2571,15.8901,67.9589,1881089.0,1000.0,0.0,4579.0,0.2,11.0,716.0,10.0,0.1392820861556473,0.2431292706967742,0.0362172893545892,0.0584767653205138,3.80630581540799,0.0531606957459216,0.0318964174475529,4.539923416701709,0.1382178089393962,1.8429,0.5571,20.671,22.8722,63.8696,63.2341,0.1185470201125812,0.1034890604483011,0.0294978424424035,0.0290762815437611,0.0,0.1387265863988327,2.552366666666667,2.25712,19.8111,21.296479999999995,65.02086666666666,69.38638,0.1204393889055098,0.0939830626175858,0.0315971377802512,0.0189582826681507,0.1272852856985356,0.2050857430201243,0.0318964174475529,0.13239258153160716
2025,Mansehra,42,0.0,18.0689,65.0519,1881089.0,1000.0,0.0,4579.0,0.2,6.0,854.0,26.0,0.2624123744512631,0.3278887626532753,0.0550966466708037,0.0318964174475529,4.539923416701709,0.1382178089393962,0.0318964174475529,4.880151869475607,0.0,5.2571,1.8429,15.8901,20.671,67.9589,63.8696,0.1392820861556473,0.1185470201125812,0.0362172893545892,0.0294978424424035,0.2431292706967742,0.0,2.3666666666666667,1.8457,18.21,20.14184,65.6268,66.55074,0.1734138269064972,0.1464655375078384,0.0402705928225987,0.0299776120023115,0.1903393444500165,0.1955773641204401,0.0318964174475529,0.08562682028034008
2025,Mansehra,43,0.1571,16.9353,54.0046,1881089.0,1000.0,0.0,4579.0,0.2,6.0,918.0,0.0,0.2703508044194744,0.238468871299483,0.0748144062148061,0.0318964174475529,4.880151869475607,0.0,0.0212642782983686,3.870098650303096,0.0053160695745921,0.0,5.2571,18.0689,15.8901,65.0519,67.9589,0.2624123744512631,0.1392820861556473,0.0550966466708037,0.0362172893545892,0.3278887626532753,0.2431292706967742,1.8047333333333333,1.56284,16.964766666666666,18.8875,62.33846666666667,62.82382,0.2240150883421282,0.1788162691174534,0.0553761140800663,0.0449404932452727,0.2698289682165108,0.189642698209673,0.0212642782983686,0.08656792350403641
2024,Mardan,37,5.7538,27.3811,75.0878,2744898.0,300.0,0.0,1632.0,0.65,78.0,697.0,5.0,0.00039023544205,0.3832306234655985,0.0,0.2841635645477536,2.539256467817748,0.0182156131120354,0.2003717442323904,1.0965799093445368,0.0182156131120354,9.7143,3.6222,27.2779,27.5328,79.5706,78.5197,0.023830432797846,0.0231165151798204,0.0034391608329888,0.0177489506105155,0.3521252897772315,0.0,6.363433333333333,6.06376,27.397266666666667,27.75184,77.72603333333335,78.62152,0.0157790611399054,0.0194107573317887,0.0070627038145014,0.0050572785082824,0.24511863774761,0.2271350704203944,0.2003717442323904,0.48938559103998536
2024,Mardan,38,0.0,26.9308,70.5089,2744898.0,300.0,0.0,1632.0,0.65,55.0,301.0,5.0,0.018592748734831,0.3501731469469254,0.0,0.2003717442323904,1.0965799093445368,0.0182156131120354,0.2185873573444259,2.797918174008652,0.0255018583568496,5.7538,9.7143,27.3811,27.2779,75.0878,79.5706,0.00039023544205,0.023830432797846,0.0,0.0034391608329888,0.3832306234655985,0.3521252897772315,5.156033333333332,4.53234,27.1966,27.45016,75.05576666666667,76.43884,0.0142711389915756,0.0219499700905164,0.0011463869443295,0.0043810083937438,0.3618430200632518,0.2971696998097795,0.2185873573444259,0.3756676488514952
2024,Mardan,39,6.6,27.4779,72.8084,2744898.0,300.0,0.0,1632.0,0.65,60.0,768.0,7.0,0.0928960316003809,0.3010896516023897,0.0114597989437409,0.2185873573444259,2.797918174008652,0.0255018583568496,0.3023791776597891,2.251449780647587,0.0182156131120354,0.0,5.7538,26.9308,27.3811,70.5089,75.0878,0.018592748734831,0.00039023544205,0.0,0.0,0.3501731469469254,0.3832306234655985,4.117933333333332,5.13806,27.263266666666667,27.320100000000004,72.8017,75.29908,0.0372930052590873,0.0317651927509856,0.0038199329812469,0.006529582077449,0.3448311406716378,0.277323742358429,0.3023791776597891,0.34541489296763217
2024,Mardan,40,1.95,24.7998,70.7195,2744898.0,300.0,0.0,1632.0,0.65,83.0,618.0,5.0,0.0298805904137927,0.3056360204405507,0.0136008645826961,0.3023791776597891,2.251449780647587,0.0182156131120354,0.1712267632531336,2.029219300680754,0.0182156131120354,6.6,0.0,27.4779,26.9308,72.8084,70.5089,0.0928960316003809,0.018592748734831,0.0114597989437409,0.0,0.3010896516023897,0.3501731469469254,2.849999999999999,4.80362,26.402833333333334,26.7735,71.34559999999999,73.73904,0.0471231235830015,0.0331180077977801,0.0083535545088123,0.0056999648718851,0.3189662729966219,0.3384509464465391,0.1712267632531336,0.23563103560767473
2024,Mardan,41,0.2,22.4005,65.0721,2744898.0,300.0,0.0,1632.0,0.65,47.0,557.0,5.0,0.1065308494005832,0.2931200910818076,0.0125272621630649,0.1712267632531336,2.029219300680754,0.0182156131120354,0.0947211881825845,1.8252044338259563,0.0182156131120354,1.95,6.6,24.7998,27.4779,70.7195,72.8084,0.0298805904137927,0.0928960316003809,0.0136008645826961,0.0114597989437409,0.3056360204405507,0.3010896516023897,2.916666666666666,2.90076,24.892733333333336,25.79802,69.53333333333335,70.83934,0.0764358238049189,0.0496580911183275,0.0125293085631672,0.0075175851379003,0.2999485877082493,0.3266499067074544,0.0947211881825845,0.24578948566480374
2024,Mardan,42,0.0,22.5368,65.6165,2744898.0,300.0,0.0,1632.0,0.65,26.0,501.0,5.0,0.0,0.2726090773283737,0.0,0.0947211881825845,1.8252044338259563,0.0182156131120354,0.2040148668547975,1.5046096430541318,0.0182156131120354,0.2,1.95,22.4005,24.7998,65.0721,70.7195,0.1065308494005832,0.0298805904137927,0.0125272621630649,0.0136008645826961,0.2931200910818076,0.3056360204405507,0.716666666666666,1.75,23.2457,24.82916,67.13603333333333,68.94508,0.0454704799381253,0.0495800440299175,0.0087093755819203,0.0075175851379003,0.290455062950244,0.3045255974800094,0.2040148668547975,0.07466028378416834
2024,Mardan,43,0.4571,21.6642,70.1178,2744898.0,300.0,0.0,1632.0,0.65,56.0,413.0,5.0,0.0426850167030244,0.2366502694066805,0.0,0.2040148668547975,1.5046096430541318,0.0182156131120354,0.0728624524481419,1.3807434738922904,0.0182156131120354,0.0,0.2,22.5368,22.4005,65.6165,65.0721,0.0,0.1065308494005832,0.0,0.0125272621630649,0.2726090773283737,0.2931200910818076,0.2190333333333327,1.84142,22.2005,23.77584,66.93546666666667,68.86686,0.0497386220345358,0.0543984976235562,0.0041757540543549,0.0075175851379003,0.2674598126056206,0.2818210219719604,0.0728624524481419,0.06633947886276648
2024,Mardan,44,1.2143,19.5535,80.9968,2744898.0,300.0,0.0,1632.0,0.65,20.0,379.0,5.0,0.2271645652390224,0.2736861556924176,0.0434092879785071,0.0728624524481419,1.3807434738922904,0.0182156131120354,0.0,0.3276653045317854,0.0,0.4571,0.0,21.6642,22.5368,70.1178,65.6165,0.0426850167030244,0.0,0.0,0.0,0.2366502694066805,0.2726090773283737,0.5571333333333327,0.76428,21.2515,22.19096,72.2437,70.50453999999999,0.0899498606473489,0.0812522043512845,0.0144697626595023,0.0139074829448536,0.2609818341424906,0.276340322789966,0.0,-0.10362527727405269
2025,Mardan,37,0.4286,28.6136,75.9501,2868781.0,300.0,0.0,1632.0,0.65,17.0,1220.0,20.0,0.0,0.3058669384422387,0.0,0.0592586189046846,4.252677356689131,0.0697160222408054,1.2060871847659338,3.384712879791103,0.0348580111204027,3.7714,18.3286,27.1493,27.377,78.375,81.913,0.040041658269799,0.0682492666034991,0.0028252701339723,0.0011751416287519,0.3522296280555529,0.3783007796660539,7.509533333333334,8.83144,27.7133,28.206560000000003,78.74603333333334,79.39472,0.036096974957766,0.0243316110376576,0.0013334705875747,0.0008000823525448,0.3454657820546152,0.2787975229746172,1.2060871847659338,0.2790662546110685
2025,Mardan,38,2.6143,27.2948,74.5329,2868781.0,300.0,0.0,1632.0,0.65,346.0,971.0,10.0,0.0165549454240381,0.2842313561961475,0.0,1.2060871847659338,3.384712879791103,0.0348580111204027,1.505866080401397,5.061383214682474,0.0662302211287651,0.4286,3.7714,28.6136,27.1493,75.9501,78.375,0.0,0.040041658269799,0.0,0.0028252701339723,0.3058669384422387,0.3522296280555529,2.271433333333333,8.13716,27.685900000000004,27.851440000000004,76.286,78.6266,0.0188655345646124,0.0255616864561857,0.000941756711324,0.0008000823525448,0.3141093075646464,0.3356437942138467,1.505866080401397,1.0240363030144044
2025,Mardan,39,1.5429,26.1005,73.086,2868781.0,300.0,0.0,1632.0,0.65,432.0,1452.0,19.0,0.0525676902022462,0.292649649150519,0.000744088870473,1.505866080401397,5.061383214682474,0.0662302211287651,1.3385476270234635,4.447882218963385,0.1115456355852886,2.6143,0.4286,27.2948,28.6136,74.5329,75.9501,0.0165549454240381,0.0,0.0,0.0,0.2842313561961475,0.3058669384422387,1.5286,5.33716,27.3363,27.30704,74.52300000000001,76.7714,0.0230408785420948,0.0354827120999164,0.0002480296234909,0.0009489001266394,0.2942493145963017,0.3226556703021024,1.3385476270234635,1.1076067145760868
2025,Mardan,40,4.5143,23.9719,72.6425,2868781.0,300.0,0.0,1632.0,0.65,384.0,1276.0,32.0,0.0180901624996138,0.2927536735542536,0.0030638953490068,1.3385476270234635,4.447882218963385,0.1115456355852886,1.084084145844524,4.779033324607211,0.052287016680604,1.5429,2.6143,26.1005,27.2948,73.086,74.5329,0.0525676902022462,0.0165549454240381,0.000744088870473,0.0,0.292649649150519,0.2842313561961475,2.8905,2.5743,25.789066666666667,26.62602,73.42046666666666,74.9173,0.0290709327086327,0.0254508912791394,0.0012693280731599,0.0013266508706904,0.2898782263003066,0.3055462490797423,1.084084145844524,0.9756453572584229
2025,Mardan,41,1.1,19.5806,73.9256,2868781.0,300.0,0.0,1632.0,0.65,311.0,1371.0,15.0,0.1381545734086005,0.2634690310822895,0.0044747349580063,1.084084145844524,4.779033324607211,0.052287016680604,0.7738478468729402,3.618261554297801,0.052287016680604,4.5143,1.5429,23.9719,26.1005,72.6425,73.086,0.0180901624996138,0.0525676902022462,0.0030638953490068,0.000744088870473,0.2927536735542536,0.292649649150519,2.385733333333333,2.04002,23.21766666666667,25.11228,73.21803333333334,74.02742,0.0696041420368202,0.0450734743068997,0.0027609063924953,0.0016565438354972,0.282957451262354,0.2877941296850896,0.7738478468729402,0.8500640401735158
2025,Mardan,42,0.0,21.7877,72.7964,2868781.0,300.0,0.0,1632.0,0.65,222.0,1038.0,15.0,0.0958892622386469,0.2568091044951522,0.0750235210427279,0.7738478468729402,3.618261554297801,0.052287016680604,0.6100151946070473,4.291021168921573,0.2230912711705773,1.1,4.5143,19.5806,23.9719,73.9256,72.6425,0.1381545734086005,0.0180901624996138,0.0044747349580063,0.0030638953490068,0.2634690310822895,0.2927536735542536,1.8714333333333333,1.9543000000000004,21.78006666666667,23.7471,73.12150000000001,73.39667999999999,0.0840446660489537,0.0642513267546291,0.0275207171165803,0.0166612480440427,0.2710106030438984,0.2779825628956723,0.6100151946070473,0.6367702145710208
2025,Mardan,43,0.0,20.1841,70.0025,2868781.0,300.0,0.0,1632.0,0.65,175.0,1231.0,64.0,0.1600479736948815,0.2229539673699395,0.0583053321014752,0.6100151946070473,4.291021168921573,0.2230912711705773,0.5507565757023628,4.095816306647318,0.1742900556020135,0.0,1.1,21.7877,19.5806,72.7964,73.9256,0.0958892622386469,0.1381545734086005,0.0750235210427279,0.0044747349580063,0.2568091044951522,0.2634690310822895,0.3666666666666667,1.4314400000000005,20.517466666666667,22.32496,72.2415,72.4906,0.1313639364473763,0.0929499324087977,0.0459345293674031,0.0283223144643378,0.2477440343157937,0.2657270851304307,0.5507565757023628,0.2676395199818016
2024,Mastung,37,0.0,23.2113,25.871,313271.0,1700.0,0.0,3308.0,0.2,180.0,205.0,32.0,0.3109220980983743,0.0955926269443551,0.2850845410628018,5.745823903265863,6.543855000941677,1.0214798050250422,5.522375195916634,6.735382464383871,0.0319212439070325,0.3,2.8667,23.8232,23.8065,41.3803,60.278,0.38354048186877,0.3521820414809666,0.306155139729713,0.0288889968153971,0.0492342094388767,0.0634561257691448,1.0555666666666663,0.7676399999999999,23.61366666666667,24.54052,42.50976666666666,48.11072,0.3488815404827036,0.2944180994577275,0.2067095592026373,0.128152536834277,0.0694276540507922,0.0547098321942387,5.522375195916634,4.36057915027878
2024,Mastung,38,0.0,24.3,24.6983,313271.0,1700.0,0.0,3308.0,0.2,173.0,211.0,1.0,0.3099441542339894,0.0907583412951007,0.2658185081399062,5.522375195916634,6.735382464383871,0.0319212439070325,7.150358635175295,5.3946902202885045,1.6918259270727265,0.0,0.3,23.2113,23.8232,25.871,41.3803,0.3109220980983743,0.38354048186877,0.2850845410628018,0.306155139729713,0.0955926269443551,0.0492342094388767,0.0999999999999999,0.70192,23.778166666666667,24.078560000000003,30.649866666666657,40.36018,0.3348022447337112,0.2862808095799471,0.2856860629774736,0.1813162384622583,0.0785283925594441,0.0598082606894954,7.150358635175295,4.329004843976354
2024,Mastung,39,0.0,24.8494,26.786,313271.0,1700.0,0.0,3308.0,0.2,224.0,169.0,53.0,0.1593421759087713,0.0950025253038626,0.0085895579109771,7.150358635175295,5.3946902202885045,1.6918259270727265,5.554296439823667,7.597256049873751,0.0638424878140651,0.0,0.0,24.3,23.2113,24.6983,25.871,0.3099441542339894,0.3109220980983743,0.2658185081399062,0.2850845410628018,0.0907583412951007,0.0955926269443551,0.0,0.6333399999999999,24.12023333333333,23.99808,25.7851,35.80272,0.2600694760803783,0.3031861903181743,0.1864975357045617,0.178907348731759,0.0937844978477728,0.0788087657502679,5.554296439823667,4.440673368483227
2024,Mastung,40,0.6375,21.8973,33.4896,313271.0,1700.0,0.0,3308.0,0.2,174.0,238.0,2.0,0.2690816629630997,0.0834917393956495,0.0033254183712823,5.554296439823667,7.597256049873751,0.0638424878140651,5.490453952009602,6.735382464383871,0.0957637317210977,0.0,0.0,24.8494,24.3,26.786,24.6983,0.1593421759087713,0.3099441542339894,0.0085895579109771,0.2658185081399062,0.0950025253038626,0.0907583412951007,0.2125,0.1875,23.682233333333333,23.61624,28.32463333333333,30.44504,0.2461226643686201,0.2865661146146009,0.0925778281407218,0.173794633042936,0.0897508686648709,0.0828158884755689,5.490453952009602,4.173745930665756
2024,Mastung,41,0.7286,18.3756,32.5839,313271.0,1700.0,0.0,3308.0,0.2,172.0,211.0,3.0,0.3614523494742864,0.0,0.2472457686714746,5.490453952009602,6.735382464383871,0.0957637317210977,4.46897414698456,9.09755451350428,0.1276849756281302,0.6375,0.0,21.8973,24.8494,33.4896,26.786,0.2690816629630997,0.1593421759087713,0.0033254183712823,0.0085895579109771,0.0834917393956495,0.0950025253038626,0.4553666666666666,0.2732199999999999,21.70743333333333,22.52672,30.953166666666664,28.68576,0.2632920627820524,0.2821484881357042,0.086386914984578,0.1620127588312884,0.0594980882331707,0.0729690465877935,4.46897414698456,4.420131358357684
2024,Mastung,42,0.0,19.1587,19.5185,313271.0,1700.0,0.0,3308.0,0.2,140.0,285.0,4.0,0.2959241022679017,0.0876117384034259,0.273571028470582,4.46897414698456,9.09755451350428,0.1276849756281302,1.5960621953516283,11.140514123554366,0.0,0.7286,0.6375,18.3756,21.8973,32.5839,33.4896,0.3614523494742864,0.2690816629630997,0.2472457686714746,0.0033254183712823,0.0,0.0834917393956495,0.4553666666666666,0.2732199999999999,19.810533333333336,21.7162,28.530666666666665,27.41526,0.3088193715684292,0.2791488889696097,0.1747140718377796,0.1597100563128444,0.0570344925996917,0.0713728688796077,1.5960621953516283,4.000433356779556
2024,Mastung,43,0.0,19.0902,35.5176,313271.0,1700.0,0.0,3308.0,0.2,50.0,349.0,0.0,0.3117354727495803,0.0798423611035911,0.2639794518191789,1.5960621953516283,11.140514123554366,0.0,4.373210415263462,6.128878830150254,0.0638424878140651,0.0,0.7286,19.1587,18.3756,19.5185,32.5839,0.2959241022679017,0.3614523494742864,0.273571028470582,0.2472457686714746,0.0876117384034259,0.0,0.2428666666666666,0.2732199999999999,18.87483333333333,20.67424,29.206666666666667,29.57912,0.3230373081639228,0.2795071526727278,0.2615987496537451,0.1593422450486989,0.0558180331690056,0.0691896728413058,4.373210415263462,2.922251355530326
2024,Mastung,44,0.0,18.0033,31.1454,313271.0,1700.0,0.0,3308.0,0.2,137.0,192.0,2.0,0.1355814058922648,0.0779006536897624,0.010683211502264,4.373210415263462,6.128878830150254,0.0638424878140651,0.0310970414274785,2.581054438480723,0.0,0.0,0.0,19.0902,19.1587,35.5176,19.5185,0.3117354727495803,0.2959241022679017,0.2639794518191789,0.273571028470582,0.0798423611035911,0.0876117384034259,0.0,0.2732199999999999,18.750733333333333,19.30502,28.727166666666665,30.451000000000004,0.2477469936365822,0.2747549986694266,0.1827445639306749,0.1597609757669564,0.0817849177322598,0.0657692985184857,0.0310970414274785,4.175511696567307
2025,Mastung,37,0.0,23.9959,57.4386,321574.0,1700.0,0.0,3308.0,0.2,76.0,139.0,20.0,0.2343684698493834,0.0712752759593097,0.2147700308315402,2.363375148488373,4.322488758419524,0.6219408285495718,2.363375148488373,5.566370415518668,0.0,0.0,0.1429,24.2259,26.0822,30.0471,53.9664,0.2793421340892998,0.1752873295190623,0.2185137842990757,0.0200778181071725,0.0600378773789824,0.0672491332381332,0.0476333333333333,0.02858,24.768,25.79824,47.1507,41.79812,0.2296659778192484,0.2435573193143416,0.1511205444125961,0.1674260944295957,0.0661874288588084,0.0591853062401725,2.363375148488373,2.9812217521617654
2025,Mastung,38,0.0,23.3402,18.6759,321574.0,1700.0,0.0,3308.0,0.2,76.0,179.0,0.0,0.2347873080421637,0.0707928463094036,0.2066991278292042,2.363375148488373,5.566370415518668,0.0,2.6743455627631585,5.504176332663711,0.0621940828549571,0.0,0.0,23.9959,24.2259,57.4386,30.0471,0.2343684698493834,0.2793421340892998,0.2147700308315402,0.2185137842990757,0.0712752759593097,0.0600378773789824,0.0,0.02858,23.854,24.9864,35.3872,40.04348,0.2494993039936155,0.2494228031264694,0.2133276476532733,0.1708279870462946,0.0673686665492318,0.0607696802979373,2.6743455627631585,3.117559088962832
2025,Mastung,39,0.0,23.9161,17.6893,321574.0,1700.0,0.0,3308.0,0.2,86.0,177.0,2.0,0.0908779844398142,0.0691784570202694,0.0067117687327186,2.6743455627631585,5.504176332663711,0.0621940828549571,1.492657988518972,3.109704142747859,0.0,0.0,0.0,23.3402,23.9959,18.6759,57.4386,0.2347873080421637,0.2343684698493834,0.2066991278292042,0.2147700308315402,0.0707928463094036,0.0712752759593097,0.0,0.02858,23.750733333333333,24.31206,31.26793333333333,35.563460000000006,0.1866779207771204,0.2029326451879446,0.1427269757978209,0.1333545059599422,0.0704155264296609,0.0677067179812196,1.492657988518972,3.290601918945606
2025,Mastung,40,0.0,21.353,29.905,321574.0,1700.0,0.0,3308.0,0.2,48.0,100.0,0.0,0.2299805139160801,0.06987422310727,0.0025519469347963,1.492657988518972,3.109704142747859,0.0,2.3944721899158514,3.700547929869952,0.0,0.0,0.0,23.9161,23.3402,17.6893,18.6759,0.0908779844398142,0.2347873080421637,0.0067117687327186,0.2066991278292042,0.0691784570202694,0.0707928463094036,0.0,0.0,22.869766666666667,23.36622,22.09006666666666,30.75118,0.1852152687993526,0.2138712820673482,0.0719876144989063,0.129849331725467,0.0699485088123143,0.068231735955047,2.3944721899158514,2.7035795119851436
2025,Mastung,41,0.0,15.7956,20.3217,321574.0,1700.0,0.0,3308.0,0.2,77.0,119.0,0.0,0.0354369046349304,0.0685084346358309,0.007719574308348,2.3944721899158514,3.700547929869952,0.0,2.270084024205937,4.229197634137089,0.0310970414274785,0.0,0.0,21.353,23.9161,29.905,17.6893,0.2299805139160801,0.0908779844398142,0.0025519469347963,0.0067117687327186,0.06987422310727,0.0691784570202694,0.0,0.0,20.3549,21.68016,22.638666666666666,28.8061,0.1187651343302748,0.1650902361764743,0.0056610966586209,0.0876904897273214,0.0691870382544567,0.0699258474064167,2.270084024205937,3.385020460850192
2025,Mastung,42,0.0,18.1828,19.8205,321574.0,1700.0,0.0,3308.0,0.2,73.0,136.0,1.0,0.2390282784809585,0.0673182401094707,0.0164115407151098,2.270084024205937,4.229197634137089,0.0310970414274785,1.3060757399541008,3.234092308457773,0.0310970414274785,0.0,0.0,15.7956,21.353,20.3217,29.905,0.0354369046349304,0.2299805139160801,0.007719574308348,0.0025519469347963,0.0685084346358309,0.06987422310727,0.0,0.0,18.4438,20.51754,23.349066666666666,21.28248,0.1681485656773229,0.1660221979027893,0.0088943539860846,0.0480187917040353,0.0685669659508571,0.0691344402364489,1.3060757399541008,3.1027045598534944
2025,Mastung,43,0.0,17.1872,21.5166,321574.0,1700.0,0.0,3308.0,0.2,42.0,104.0,1.0,0.2424325914437246,0.0654933455478209,0.2105130621660762,1.3060757399541008,3.234092308457773,0.0310970414274785,1.6481431956563657,4.073712426999695,0.0,0.0,0.0,18.1828,15.7956,19.8205,20.3217,0.2390282784809585,0.0354369046349304,0.0164115407151098,0.007719574308348,0.0673182401094707,0.0685084346358309,0.0,0.0,17.0552,19.28694,20.55293333333333,21.85062,0.1722992581865378,0.1675512545831015,0.0782147257298446,0.0487815785714097,0.0671066734310408,0.0680745400841323,1.6481431956563657,2.9150184571909254
2024,Matiari,37,1.9077,29.2635,73.2341,849383.0,25.0,2.0,1417.0,0.2,3502.0,2559.0,7.0,0.0,0.0,0.0,41.22992807720428,30.127751556129567,0.082412763146896,33.27120980758974,23.534730504377887,0.094186015025024,3.5429,13.7778,29.1645,28.9521,76.3988,77.8458,0.0,0.0,0.0,0.0,0.0,0.0,6.409466666666667,4.84284,29.1267,29.700620000000004,75.82623333333333,74.02871999999999,0.0,0.0,0.0,0.0,0.0,0.0,33.27120980758974,34.10831664071952
2024,Matiari,38,0.0,30.8862,63.6378,849383.0,25.0,2.0,1417.0,0.2,2826.0,1999.0,8.0,0.0,0.0,0.0,33.27120980758974,23.534730504377887,0.094186015025024,34.271936217230625,21.921794997074347,0.2236917856844321,1.9077,3.5429,29.2635,29.1645,73.2341,76.3988,0.0,0.0,0.0,0.0,0.0,0.0,1.816866666666667,4.054259999999999,29.7714,29.72276,71.09023333333333,72.51804,0.0,0.0,0.0,0.0,0.0,0.0,34.271936217230625,31.26381604276623
2024,Matiari,39,0.0,32.0871,59.8298,849383.0,25.0,2.0,1417.0,0.2,2911.0,1862.0,19.0,0.0,0.0,0.0,34.271936217230625,21.921794997074347,0.2236917856844321,27.34926411289136,18.23676715922028,0.164825526293792,0.0,1.9077,30.8862,29.2635,63.6378,73.2341,0.0,0.0,0.0,0.0,0.0,0.0,0.6359000000000006,3.8456799999999993,30.7456,30.070680000000003,65.56723333333333,70.18925999999999,0.0,0.0,0.0,0.0,0.0,0.0,27.34926411289136,31.739490879785144
2024,Matiari,40,0.0,31.8681,57.7962,849383.0,25.0,2.0,1417.0,0.2,2323.0,1549.0,14.0,0.0,0.0,0.0,27.34926411289136,18.23676715922028,0.164825526293792,33.75391313459299,18.35449967800156,0.047093007512512,0.0,0.0,32.0871,30.8862,59.8298,63.6378,0.0,0.0,0.0,0.0,0.0,0.0,0.0,1.0901199999999995,31.6138,30.653880000000004,60.42126666666666,66.17934,0.0,0.0,0.0,0.0,0.0,0.0,33.75391313459299,26.769535606004716
2024,Matiari,41,0.0,31.9305,37.9023,849383.0,25.0,2.0,1417.0,0.2,2867.0,1559.0,4.0,0.0,0.0,0.0,33.75391313459299,18.35449967800156,0.047093007512512,28.149845240604066,17.47150578714196,0.129505770659408,0.0,0.0,31.8681,32.0871,57.7962,59.8298,0.0,0.0,0.0,0.0,0.0,0.0,0.0,0.3815399999999996,31.9619,31.20708,51.842766666666655,58.48004,0.0,0.0,0.0,0.0,0.0,0.0,28.149845240604066,31.353744557415027
2024,Matiari,42,0.0,32.304,40.2287,849383.0,25.0,2.0,1417.0,0.2,2391.0,1484.0,11.0,0.0,0.0,0.0,28.149845240604066,17.47150578714196,0.129505770659408,29.29185067278248,16.612058400038617,0.105959266903152,0.0,0.0,31.9305,31.8681,37.9023,57.7962,0.0,0.0,0.0,0.0,0.0,0.0,0.0,0.0,32.034200000000006,31.81518,45.30906666666666,51.87895999999999,0.0,0.0,0.0,0.0,0.0,0.0,29.29185067278248,26.359254175732072
2024,Matiari,43,0.0,32.0365,33.9214,849383.0,25.0,2.0,1417.0,0.2,2488.0,1411.0,9.0,0.0,0.0,0.0,29.29185067278248,16.612058400038617,0.105959266903152,23.00493416986212,14.539966069488086,0.094186015025024,0.0,0.0,32.304,31.9305,40.2287,37.9023,0.0,0.0,0.0,0.0,0.0,0.0,0.0,0.0,32.09033333333334,32.04524,37.35079999999999,45.93568,0.0,0.0,0.0,0.0,0.0,0.0,23.00493416986212,28.32580337534688
2024,Matiari,44,0.0,29.5398,47.1855,849383.0,25.0,2.0,1417.0,0.2,1954.0,1235.0,8.0,0.0,0.0,0.0,23.00493416986212,14.539966069488086,0.094186015025024,22.731350033785493,18.4235658355114,0.0751982279000465,0.0,0.0,32.0365,32.304,33.9214,40.2287,0.0,0.0,0.0,0.0,0.0,0.0,0.0,0.0,31.293433333333336,31.535779999999995,40.44519999999999,43.40682,0.0,0.0,0.0,0.0,0.0,0.0,22.731350033785493,22.124614716996355
2025,Matiari,39,0.0,30.1148,63.9783,930873.0,25.0,2.0,1417.0,0.2,4089.0,1515.0,62.0,0.0,0.0,0.0,43.92650769761288,16.27504503836721,0.6660414471146976,34.20445109053544,13.009293426708046,0.6552988431289768,0.0,13.8714,29.0883,27.5412,73.1031,81.2152,0.0,0.0,0.0,0.0,0.0,0.0,4.6238,5.55714,28.91476666666667,29.76708,72.76553333333332,71.44255999999999,0.0,0.0,0.0,0.0,0.0,0.0,34.20445109053544,32.86116285100246
2024,Mirpurkhas,37,1.6846,29.3673,72.5709,1681386.0,16.0,0.0,2925.0,0.5,8184.0,3633.0,22.0,0.0,0.0,0.0,48.67412955740086,21.607174081382865,0.1308444342940883,42.1794876369852,16.985986561087103,0.0416323200026644,3.1286,11.3444,29.2405,28.9907,76.1959,77.3038,0.0,0.0,0.0,0.0,0.0,0.0,5.385866666666666,5.040080000000001,29.1995,29.715,75.35686666666665,73.91932,0.0,0.0,0.0,0.0,0.0,0.0,42.1794876369852,33.550814033986356
2024,Mirpurkhas,38,0.0,30.6679,64.1908,1681386.0,16.0,0.0,2925.0,0.5,7092.0,2856.0,7.0,0.0,0.0,0.0,42.1794876369852,16.985986561087103,0.0416323200026644,43.0002390884663,18.1576389954478,0.0475797942887593,1.6846,3.1286,29.3673,29.2405,72.5709,76.1959,0.0,0.0,0.0,0.0,0.0,0.0,1.6043999999999994,3.402940000000001,29.758566666666667,29.765,70.98586666666667,72.16479999999999,0.0,0.0,0.0,0.0,0.0,0.0,43.0002390884663,31.725585325639752
2024,Mirpurkhas,39,0.0,31.7164,62.3097,1681386.0,16.0,0.0,2925.0,0.5,7230.0,3053.0,8.0,0.0,0.0,0.0,43.0002390884663,18.1576389954478,0.0475797942887593,28.89283008184914,16.04033814959801,0.1962666514411325,0.0,1.6846,30.6679,29.3673,64.1908,72.5709,0.0,0.0,0.0,0.0,0.0,0.0,0.5615333333333328,3.2315200000000006,30.583866666666665,29.99656,66.35713333333334,70.51422,0.0,0.0,0.0,0.0,0.0,0.0,28.89283008184914,31.405294703081623
2024,Mirpurkhas,40,0.0,31.2885,60.7813,1681386.0,16.0,0.0,2925.0,0.5,4858.0,2697.0,33.0,0.0,0.0,0.0,28.89283008184914,16.04033814959801,0.1962666514411325,33.632967087866795,16.331764389616662,0.0475797942887593,0.0,0.0,31.7164,30.6679,62.3097,64.1908,0.0,0.0,0.0,0.0,0.0,0.0,0.0,0.9626400000000008,31.224266666666665,30.45612,62.42726666666667,67.20971999999999,0.0,0.0,0.0,0.0,0.0,0.0,33.632967087866795,29.282181405094704
2024,Mirpurkhas,41,0.0,31.6521,40.0844,1681386.0,16.0,0.0,2925.0,0.5,5655.0,2746.0,8.0,0.0,0.0,0.0,33.632967087866795,16.331764389616662,0.0475797942887593,28.886882607563045,13.893299932317744,0.0832646400053289,0.0,0.0,31.2885,31.7164,60.7813,62.3097,0.0,0.0,0.0,0.0,0.0,0.0,0.0,0.3369200000000007,31.552333333333333,30.938440000000003,54.3918,59.98742,0.0,0.0,0.0,0.0,0.0,0.0,28.886882607563045,28.990418850734226
2024,Mirpurkhas,42,0.0,32.0494,42.9353,1681386.0,16.0,0.0,2925.0,0.5,4857.0,2336.0,14.0,0.0,0.0,0.0,28.886882607563045,13.893299932317744,0.0832646400053289,21.416854904227822,12.406431360794013,0.0475797942887593,0.0,0.0,31.6521,31.2885,40.0844,60.7813,0.0,0.0,0.0,0.0,0.0,0.0,0.0,0.0,31.663333333333338,31.47486,47.933666666666674,54.0603,0.0,0.0,0.0,0.0,0.0,0.0,21.416854904227822,28.057656183431547
2024,Mirpurkhas,43,0.0,31.692,36.4316,1681386.0,16.0,0.0,2925.0,0.5,3601.0,2086.0,8.0,0.0,0.0,0.0,21.416854904227822,12.406431360794013,0.0475797942887593,16.37934418390542,10.961195109272946,0.2260040228716071,0.0,0.0,32.0494,31.6521,42.9353,40.0844,0.0,0.0,0.0,0.0,0.0,0.0,0.0,0.0,31.797833333333333,31.67968,39.8171,48.50846,0.0,0.0,0.0,0.0,0.0,0.0,16.37934418390542,21.716288050563904
2024,Mirpurkhas,44,0.0,29.6384,42.8928,1681386.0,16.0,0.0,2925.0,0.5,2754.0,1843.0,38.0,0.0,0.0,0.0,16.37934418390542,10.961195109272946,0.2260040228716071,9.694382530997308,14.85739645685423,0.0549256800623076,0.0,0.0,31.692,32.0494,36.4316,42.9353,0.0,0.0,0.0,0.0,0.0,0.0,0.0,0.0,31.1266,31.26408,40.75323333333333,44.62508,0.0,0.0,0.0,0.0,0.0,0.0,9.694382530997308,17.87069373008491
2025,Mirpurkhas,37,7.3714,27.561,81.0322,1820642.0,16.0,0.0,2925.0,0.5,5292.0,3582.0,124.0,0.0,0.0,0.0,29.06666988897323,19.67437859831861,0.6810784327726154,34.482341943116765,18.378132548848157,0.5437642326168461,4.2857,15.1714,30.3911,30.3744,69.252,78.0299,0.0,0.0,0.0,0.0,0.0,0.0,8.942833333333333,5.488560000000001,29.44216666666667,30.30428,76.1047,70.50748,0.0,0.0,0.0,0.0,0.0,0.0,34.482341943116765,33.02089034294002
2025,Mirpurkhas,38,0.0143,28.8039,74.3047,1820642.0,16.0,0.0,2925.0,0.5,6278.0,3346.0,99.0,0.0,0.0,0.0,34.482341943116765,18.378132548848157,0.5437642326168461,36.06420152891123,16.47221145068608,0.6261527527103077,7.3714,4.2857,27.561,30.3911,81.0322,69.252,0.0,0.0,0.0,0.0,0.0,0.0,3.8904666666666654,5.491420000000001,28.91866666666667,29.82846,74.86296666666668,72.84264,0.0,0.0,0.0,0.0,0.0,0.0,36.06420152891123,31.940678245427424
2025,Mirpurkhas,39,0.0143,29.6438,65.9514,1820642.0,16.0,0.0,2925.0,0.5,6566.0,2999.0,114.0,0.0,0.0,0.0,36.06420152891123,16.47221145068608,0.6261527527103077,32.790630997197695,13.692972039533307,0.1537919041744615,0.0143,7.3714,28.8039,27.561,74.3047,81.0322,0.0,0.0,0.0,0.0,0.0,0.0,2.4666666666666663,5.371420000000001,28.669566666666668,29.354840000000003,73.76276666666666,73.71404,0.0,0.0,0.0,0.0,0.0,0.0,32.790630997197695,32.43998185210602
2025,Mirpurkhas,40,1.8857,29.975,67.0224,1820642.0,16.0,0.0,2925.0,0.5,5970.0,2493.0,28.0,0.0,0.0,0.0,32.790630997197695,13.692972039533307,0.1537919041744615,33.867174326418926,16.571077674798232,0.5272865285981538,0.0143,0.0143,29.6438,28.8039,65.9514,74.3047,0.0,0.0,0.0,0.0,0.0,0.0,0.6380999999999993,2.7142800000000005,29.47423333333334,29.27496,69.09283333333333,71.51254,0.0,0.0,0.0,0.0,0.0,0.0,33.867174326418926,30.403390913990858
2025,Mirpurkhas,41,0.0,27.7482,50.888,1820642.0,16.0,0.0,2925.0,0.5,6166.0,3017.0,96.0,0.0,0.0,0.0,33.867174326418926,16.571077674798232,0.5272865285981538,28.105470487882847,14.291661952212465,0.8568406089720001,1.8857,0.0143,29.975,29.6438,67.0224,65.9514,0.0,0.0,0.0,0.0,0.0,0.0,0.6333333333333327,1.8571400000000005,29.12233333333334,28.74638,61.28726666666668,67.83973999999999,0.0,0.0,0.0,0.0,0.0,0.0,28.105470487882847,29.812817826500147
2025,Mirpurkhas,42,0.0,28.5128,34.6562,1820642.0,16.0,0.0,2925.0,0.5,5117.0,2602.0,156.0,0.0,0.0,0.0,28.105470487882847,14.291661952212465,0.8568406089720001,26.331371021870307,12.98992333473577,0.8513480409657692,0.0,1.8857,27.7482,29.975,50.888,67.0224,0.0,0.0,0.0,0.0,0.0,0.0,0.628566666666666,0.3828600000000003,28.74533333333334,28.93674,50.85553333333334,58.56454,0.0,0.0,0.0,0.0,0.0,0.0,26.331371021870307,28.29645743791244
2025,Mirpurkhas,43,0.0,28.9304,31.2484,1820642.0,16.0,0.0,2925.0,0.5,4794.0,2365.0,155.0,0.0,0.0,0.0,26.331371021870307,12.98992333473577,0.8513480409657692,21.734091600655155,10.924717764393,0.7579743848598461,0.0,0.0,28.5128,27.7482,34.6562,50.888,0.0,0.0,0.0,0.0,0.0,0.0,0.0,0.3800000000000003,28.39713333333334,28.962039999999995,38.93086666666667,49.95328,0.0,0.0,0.0,0.0,0.0,0.0,21.734091600655155,24.946877838909096
2024,Mohmand,37,3.5154,26.0753,68.6732,553933.0,600.0,0.0,2296.0,0.2,312.0,182.0,13.0,0.6097073360359861,0.1883616140185305,0.4833675792747265,5.632450133860954,3.28559591141889,0.2346854222442064,7.672408034906749,2.3288014976540485,0.0722108991520635,7.4143,4.4,25.5451,26.3287,76.4775,73.8359,0.2595795820532254,0.2283993750380706,0.0879002844860628,0.0,0.1895274589782871,0.0,5.1099000000000006,5.00308,25.98303333333333,26.32248,72.99553333333333,74.12958,0.3658954310424274,0.2548319511050861,0.1904226212535964,0.1711598135093302,0.1259630243322725,0.0755778145993635,7.672408034906749,4.982243652218173
2024,Mohmand,38,0.0,27.5096,49.7752,553933.0,600.0,0.0,2296.0,0.2,425.0,129.0,4.0,0.1639166326709467,0.1913960156304015,0.2550674737602044,7.672408034906749,2.3288014976540485,0.0722108991520635,8.954151494855877,2.419065121594128,0.0722108991520635,3.5154,7.4143,26.0753,25.5451,68.6732,76.4775,0.6097073360359861,0.2595795820532254,0.4833675792747265,0.0879002844860628,0.1883616140185305,0.1895274589782871,3.643233333333333,3.66308,26.376666666666665,26.4561,64.9753,68.26285999999999,0.3444011835867194,0.2523205851596457,0.2754451125069979,0.1652670675041987,0.189761696209073,0.1138570177254438,8.954151494855877,5.0157045278416845
2024,Mohmand,39,4.6286,26.6254,62.8239,553933.0,600.0,0.0,2296.0,0.2,496.0,134.0,4.0,0.6707528553489206,0.1840028652229607,0.2598816001913532,8.954151494855877,2.419065121594128,0.0722108991520635,7.419669887874527,2.3107487728660328,0.2346854222442064,0.0,3.5154,27.5096,26.0753,49.7752,68.6732,0.1639166326709467,0.6097073360359861,0.2550674737602044,0.4833675792747265,0.1913960156304015,0.1883616140185305,2.7146666666666674,3.99166,26.736766666666664,26.41682,60.4241,66.31714000000001,0.4814589413519511,0.3864711562294299,0.3327722177420947,0.2172433875424693,0.1879201649572975,0.1506575907700359,7.419669887874527,6.583899340816273
2024,Mohmand,40,2.2375,25.5244,49.8792,553933.0,600.0,0.0,2296.0,0.2,411.0,128.0,13.0,0.1654999542415024,0.1732601474019722,0.2387729474376607,7.419669887874527,2.3107487728660328,0.2346854222442064,7.527986236602621,2.382959672018096,0.0541581743640476,4.6286,0.0,26.6254,27.5096,62.8239,49.7752,0.6707528553489206,0.1639166326709467,0.2598816001913532,0.2550674737602044,0.1840028652229607,0.1913960156304015,2.2887000000000004,3.55916,26.55313333333333,26.25596,54.15943333333333,61.5258,0.3333898140871232,0.3738912720701162,0.2512406737964061,0.2649979770300015,0.1828863427517781,0.1853096202504304,7.527986236602621,4.742676144126003
2024,Mohmand,41,0.7429,23.1394,45.5127,553933.0,600.0,0.0,2296.0,0.2,417.0,132.0,3.0,0.0,0.1390098656126001,0.0,7.527986236602621,2.382959672018096,0.0541581743640476,5.090868390220478,2.1843796993499214,0.2527381470322223,2.2375,4.6286,25.5244,26.6254,49.8792,62.8239,0.1654999542415024,0.6707528553489206,0.2387729474376607,0.2598816001913532,0.1732601474019722,0.1840028652229607,2.5363333333333338,2.22488,25.0964,25.77482,52.7386,55.33284,0.278750936530141,0.3219753556594711,0.1662181825430046,0.2474179201327889,0.1654242927458443,0.175206101577293,5.090868390220478,4.771170433188715
2024,Mohmand,42,0.0714,24.0436,42.1304,553933.0,600.0,0.0,2296.0,0.2,282.0,121.0,14.0,0.7170976456966419,0.1651339282538369,0.0,5.090868390220478,2.1843796993499214,0.2527381470322223,5.758819207377066,2.419065121594128,0.1263690735161111,0.7429,2.2375,23.1394,25.5244,45.5127,49.8792,0.0,0.1654999542415024,0.0,0.2387729474376607,0.1390098656126001,0.1732601474019722,1.0172666666666668,1.5360799999999997,24.2358,25.36848,45.84076666666667,50.02428,0.2941991999793814,0.3434534175916023,0.0795909824792202,0.1507444042778436,0.1591346470894697,0.1705605644243542,5.758819207377066,4.5134887519687785
2024,Mohmand,43,0.0857,22.7361,48.041,553933.0,600.0,0.0,2296.0,0.2,319.0,134.0,7.0,0.226755071049762,0.176161162763043,0.3682527430115233,5.758819207377066,2.419065121594128,0.1263690735161111,5.235290188524605,2.1663269745619056,0.0180527247880158,0.0714,0.7429,24.0436,23.1394,42.1304,45.5127,0.7170976456966419,0.0,0.0,0.0,0.1651339282538369,0.1390098656126001,0.3000000000000003,1.5532199999999998,23.306366666666666,24.41378,45.228033333333336,49.67744,0.3146175722488013,0.3560211052673653,0.1227509143371744,0.1733814581281074,0.1601016522098266,0.1675135938508825,5.235290188524605,4.425655680118365
2024,Mohmand,44,0.0,21.1808,57.9369,553933.0,600.0,0.0,2296.0,0.2,290.0,120.0,1.0,0.7331029185867894,0.0883540719371938,0.4033903884134299,5.235290188524605,2.1663269745619056,0.0180527247880158,0.0,2.6270992386737406,0.0,0.0857,0.0714,22.7361,24.0436,48.041,42.1304,0.226755071049762,0.7170976456966419,0.3682527430115233,0.0,0.176161162763043,0.1651339282538369,0.0523666666666669,0.6275,22.653500000000005,23.32486,49.369433333333326,48.70004,0.5589852117777311,0.3684911179149391,0.2572143771416511,0.2020832157725228,0.1432163876513579,0.1483838351937292,0.0,4.705062776808018
2025,Mohmand,37,0.9286,27.2358,69.9752,563359.0,600.0,0.0,2296.0,0.2,67.0,163.0,7.0,0.697029377974725,0.1507002798150584,0.503419224246403,1.1892949256158152,2.893359296647431,0.1242546937210553,6.638750778810669,2.857857955584272,0.1065040231894759,4.7143,7.6857,25.654,26.2543,74.9762,76.0212,0.3619819013508836,0.6561933212418646,0.0980848905441228,0.3908567160994344,0.1748683917964824,0.1422833216638966,4.442866666666666,7.385720000000001,26.38136666666667,26.7847,73.65753333333333,75.15812,0.5717348668558244,0.5138536488650828,0.3307869436299867,0.3493738771166962,0.1559506644251458,0.1238620859151414,6.638750778810669,3.1626927029586627
2025,Mohmand,38,5.8857,26.0849,65.9642,563359.0,600.0,0.0,2296.0,0.2,374.0,161.0,6.0,0.1039993702389834,0.1390146321022482,0.2345861370972153,6.638750778810669,2.857857955584272,0.1065040231894759,6.940512177847518,2.343088510168472,0.0887533526578966,0.9286,4.7143,27.2358,25.654,69.9752,74.9762,0.697029377974725,0.3619819013508836,0.503419224246403,0.0980848905441228,0.1507002798150584,0.1748683917964824,3.842866666666667,7.314279999999999,26.324900000000003,26.440520000000003,70.3052,73.67112,0.3876702165215306,0.4051359767997417,0.278696750629247,0.3194067598821805,0.1548611012379296,0.1516650123355911,6.940512177847518,5.103558980653586
2025,Mohmand,39,0.9714,26.4165,54.5215,563359.0,600.0,0.0,2296.0,0.2,391.0,132.0,5.0,0.0,0.170908431869567,0.0,6.940512177847518,2.343088510168472,0.0887533526578966,5.254198477347481,2.076828452194781,0.0177506705315793,5.8857,0.9286,26.0849,27.2358,65.9642,69.9752,0.1039993702389834,0.697029377974725,0.2345861370972153,0.503419224246403,0.1390146321022482,0.1507002798150584,2.5952333333333333,4.03714,26.579066666666677,26.3291,63.48696666666667,68.29166000000001,0.2670095827379028,0.3638407941612913,0.2460017871145394,0.245389393597435,0.1535411145956245,0.1555550114494505,5.254198477347481,4.643985168990634
2025,Mohmand,40,4.2571,24.0269,56.6419,563359.0,600.0,0.0,2296.0,0.2,296.0,117.0,1.0,0.1896356227576397,0.1734967548809101,0.0,5.254198477347481,2.076828452194781,0.0177506705315793,5.129943783626427,1.7040643710316157,0.0710026821263173,0.9714,5.8857,26.4165,26.0849,54.5215,65.9642,0.0,0.1039993702389834,0.0,0.2345861370972153,0.170908431869567,0.1390146321022482,3.704733333333333,3.35142,25.50943333333333,25.88362,59.04253333333333,64.4158,0.0978783309988743,0.2705292544644463,0.0781953790324051,0.1672180503775482,0.1611399396175751,0.1617976980928532,5.129943783626427,4.225828976158417
2025,Mohmand,41,1.7143,19.9584,53.763,563359.0,600.0,0.0,2296.0,0.2,289.0,96.0,4.0,0.0,0.1634549436414821,0.0,5.129943783626427,1.7040643710316157,0.0710026821263173,5.05894110150011,2.183332475384258,0.159756034784214,4.2571,0.9714,24.0269,26.4165,56.6419,54.5215,0.1896356227576397,0.0,0.0,0.0,0.1734967548809101,0.170908431869567,2.3142666666666667,2.7514200000000004,23.46726666666667,24.7445,54.97546666666667,60.17316000000001,0.0632118742525465,0.1981328741942695,0.0,0.1476010722687236,0.169286710130653,0.1595150084618531,5.05894110150011,4.250728857267632
2025,Mohmand,43,0.0,21.9977,39.5671,563359.0,600.0,0.0,2296.0,0.2,285.0,97.0,169.0,0.2846060331888342,0.1429963997455437,0.1722259856600595,5.05894110150011,1.7218150415631952,2.9998633198369067,4.402166291831674,1.7573163826263536,0.0355013410631586,0.0,1.7143,22.7448,19.9584,52.9454,53.763,0.3503930366853805,0.0,0.0,0.0,0.1593223011435517,0.1634549436414821,0.5714333333333333,1.38856,21.56696666666667,23.02886,48.758500000000005,51.48778,0.2116663566247382,0.1649269385263708,0.0574086618866865,0.0344451971320119,0.1552578815101925,0.1620357662562109,4.402166291831674,4.021726631298821
2025,MusaKhel,37,0.2571,25.2493,61.2327,201891.0,0.0,0.0,0.0,0.0,274.0,129.0,27.0,0.1468534626444822,0.1084281006214002,0.2428258118655145,13.571679767795494,6.389586460020506,1.3373553055856873,15.156693463304457,7.380220019713607,0.1485950339539652,0.6571,2.8143,24.812,25.8326,64.4239,68.0501,0.4207425571694468,0.184766950734727,0.2579117031777194,0.1491671223604797,0.0,0.0,1.2428333333333332,2.2057,25.297966666666667,25.477120000000003,64.5689,64.2547,0.250787656849552,0.2670236379989842,0.2166348791345712,0.2049087346028731,0.0361427002071334,0.0688292298820573,15.156693463304457,9.29191182590225
2025,MusaKhel,38,0.0,26.0966,49.7795,201891.0,0.0,0.0,0.0,0.0,306.0,149.0,3.0,0.2608065521856822,0.1462491088224824,0.1227083606637214,15.156693463304457,7.380220019713607,0.1485950339539652,11.838071038332563,6.884903239867056,0.049531677984655,0.2571,0.6571,25.2493,24.812,61.2327,64.4239,0.1468534626444822,0.4207425571694468,0.2428258118655145,0.2579117031777194,0.1084281006214002,0.0,0.3047333333333333,1.39428,25.385966666666665,25.54462,58.4787,61.82392,0.276134190666537,0.2473952994026503,0.2078152919023184,0.1963705403092112,0.0848924031479608,0.0736282102099382,11.838071038332563,10.177978446453318
2025,MusaKhel,40,0.1143,24.365,42.9771,201891.0,0.0,0.0,0.0,0.0,239.0,139.0,1.0,0.4118043099783093,0.1459857532969505,0.1527325593877764,11.838071038332563,6.884903239867056,0.049531677984655,7.826005121575504,3.3681541029565456,0.049531677984655,0.0,0.2571,26.0966,25.2493,49.7795,61.2327,0.2608065521856822,0.1468534626444822,0.1227083606637214,0.2428258118655145,0.1462491088224824,0.1084281006214002,0.1238,0.76856,25.23696666666667,25.2711,51.32976666666666,57.29266,0.2731547749361579,0.2849947665425295,0.1727555773056708,0.1850691114910422,0.133554320913611,0.0801325925481666,7.826005121575504,8.087456888395206
2025,MusaKhel,42,0.0,20.2722,37.8436,201891.0,0.0,0.0,0.0,0.0,158.0,68.0,1.0,0.1799377487729816,0.1240230464299891,0.150181980153559,7.826005121575504,3.3681541029565456,0.049531677984655,7.033498273821022,3.02143235706396,0.0,0.1143,0.0,24.365,26.0966,42.9771,49.7795,0.4118043099783093,0.2608065521856822,0.1527325593877764,0.1227083606637214,0.1459857532969505,0.1462491088224824,0.0381,0.2057,23.57793333333333,24.15902,43.5334,51.25136,0.2841828703123244,0.2840289261501804,0.1418743000683522,0.1852720830496581,0.1387526361831406,0.1049372018341644,7.033498273821022,5.637107827986684
2025,MusaKhel,43,0.0,19.0641,44.1594,201891.0,0.0,0.0,0.0,0.0,142.0,61.0,0.0,0.3870167457442562,0.1267146469117888,0.2679719896656362,7.033498273821022,3.02143235706396,0.0,10.748374122670151,4.655977730557578,0.0,0.0,0.1143,20.2722,24.365,37.8436,42.9771,0.1799377487729816,0.4118043099783093,0.150181980153559,0.1527325593877764,0.1240230464299891,0.1459857532969505,0.0381,0.07428,21.233766666666668,23.00944,41.66003333333333,47.19846,0.326252934831849,0.2772837638651423,0.1902955097356572,0.1872841403472415,0.1322411488795761,0.1302801312165222,10.748374122670151,5.6696826791703385
2024,Musakhel,37,0.0,0.0,0.0,196756.0,1200.0,0.0,5728.0,0.2,266.0,44.0,2.0,0.1588069153711268,0.1794405459345236,0.295135867815532,13.51928276647218,2.2362723373111875,0.1016487426050539,11.181361686555936,2.9986379068490923,1.2197849112606478,0.0,0.0,0.0,0.0,0.0,0.0,0.5055764168457233,0.1758187365820554,0.3442090865341357,0.1452904542574534,0.1619950322456782,0.0,0.0,0.0,0.0,0.0,0.0,0.0,0.2800673562663018,0.265249605816259,0.2615451362023737,0.2157075268650223,0.1138118593934006,0.0988377728749166,11.181361686555936,7.89002771224718
2024,Musakhel,38,0.0,0.0,0.0,196756.0,1200.0,0.0,5728.0,0.2,220.0,59.0,24.0,0.2975733684722845,0.1772027249199532,0.134206909118509,11.181361686555936,2.9986379068490923,1.2197849112606478,3.913476590294578,12.8077415682368,0.2032974852101079,0.0,0.0,0.0,0.0,0.0,0.0,0.1588069153711268,0.5055764168457233,0.295135867815532,0.3442090865341357,0.1794405459345236,0.1619950322456782,0.0,0.0,0.0,0.0,0.0,0.0,0.3206522335630449,0.2677921990605412,0.2578506211560589,0.2189061297682532,0.1728794343667183,0.103727660620031,3.913476590294578,6.534967327357878
2024,Musakhel,39,0.0,0.0,0.0,196756.0,1200.0,0.0,5728.0,0.2,77.0,252.0,4.0,0.1497024557176274,0.1726216976796504,0.1293909894784871,3.913476590294578,12.8077415682368,0.2032974852101079,2.439569822521296,2.8461647929415115,0.6607168269328508,0.0,0.0,0.0,0.0,0.0,0.0,0.2975733684722845,0.1588069153711268,0.134206909118509,0.295135867815532,0.1772027249199532,0.1794405459345236,0.0,0.0,0.0,0.0,0.0,0.0,0.2020275798536795,0.2574955785977634,0.186244588804176,0.2096466614408234,0.1764216561780424,0.1382520001559611,2.439569822521296,4.117014395026423
2024,Musakhel,40,0.0,0.0,0.0,196756.0,1200.0,0.0,5728.0,0.2,48.0,56.0,13.0,0.319371776737318,0.1660010743861334,0.130613122953784,2.439569822521296,2.8461647929415115,0.6607168269328508,3.608530362479416,13.061863424749436,0.6607168269328508,0.0,0.0,0.0,0.0,0.0,0.0,0.1497024557176274,0.2975733684722845,0.1293909894784871,0.134206909118509,0.1726216976796504,0.1772027249199532,0.0,0.0,0.0,0.0,0.0,0.0,0.2555492003090766,0.286206186628816,0.13140367385026,0.2067111951800895,0.171941832328579,0.1714522150331877,3.608530362479416,3.542490215029273
2024,Musakhel,41,0.0,0.0,0.0,196756.0,1200.0,0.0,5728.0,0.2,71.0,257.0,13.0,0.4235656293821749,0.1553974450070502,0.3266626953152897,3.608530362479416,13.061863424749436,0.6607168269328508,2.490394193823822,11.130537315253411,0.9148386834454856,0.0,0.0,0.0,0.0,0.0,0.0,0.319371776737318,0.1497024557176274,0.130613122953784,0.1293909894784871,0.1660010743861334,0.1726216976796504,0.0,0.0,0.0,0.0,0.0,0.0,0.2975466206123734,0.2698040291361063,0.1955556025825202,0.2032019169363203,0.1646734056909446,0.1701326975854621,2.490394193823822,4.096880793667217
2024,Musakhel,42,0.0,0.0,0.0,196756.0,1200.0,0.0,5728.0,0.2,49.0,219.0,18.0,0.1595908674368467,0.159196530555119,0.2515926082141783,2.490394193823822,11.130537315253411,0.9148386834454856,7.267885096261359,14.99318953424546,0.1524731139075809,0.0,0.0,0.0,0.0,0.0,0.0,0.4235656293821749,0.319371776737318,0.3266626953152897,0.130613122953784,0.1553974450070502,0.1660010743861334,0.0,0.0,0.0,0.0,0.0,0.0,0.3008427578521132,0.2699608195492503,0.2362894754944173,0.1944932650160496,0.1601983499827675,0.1660838945095812,7.267885096261359,3.4451614270994946
2024,Musakhel,43,0.0,0.0,0.0,196756.0,1200.0,0.0,5728.0,0.2,143.0,295.0,3.0,0.2643172398689302,0.1514984584334787,0.1368456579879996,7.267885096261359,14.99318953424546,0.1524731139075809,5.031612758950171,1.9313261094960257,0.0508243713025269,0.0,0.0,0.0,0.0,0.0,0.0,0.1595908674368467,0.4235656293821749,0.2515926082141783,0.3266626953152897,0.159196530555119,0.1553974450070502,0.0,0.0,0.0,0.0,0.0,0.0,0.2824912455626506,0.2633095938285794,0.2383669871724892,0.1950210147899477,0.1553641446652159,0.1609430412122863,5.031612758950171,4.7671345017858044
2024,Naseerabad,37,0.3923,30.9827,71.0468,563315.0,0.0,0.0,0.0,0.0,167.0,334.0,5.0,0.0,0.0,0.0,2.9645935222743933,5.929187044548787,0.0887602850980357,5.254608877803715,5.236856820784109,0.0,0.7286,15.9333,30.7768,29.8892,74.4758,76.7998,0.0,0.0,0.0,0.0,0.0,0.0,5.684733333333333,8.1337,30.549566666666664,30.75756,74.10746666666667,74.78672,0.0,0.0,0.0,0.0,0.0,0.0,5.254608877803715,3.460121204246408
2024,Naseerabad,38,0.0,31.5364,64.2905,563315.0,0.0,0.0,0.0,0.0,296.0,295.0,0.0,0.0,0.0,0.0,5.254608877803715,5.236856820784109,0.0,5.378873276940966,5.8226747024311445,0.3372890833725357,0.3923,0.7286,30.9827,30.7768,71.0468,74.4758,0.0,0.0,0.0,0.0,0.0,0.0,0.3736333333333333,5.11656,31.098633333333336,30.69406,69.9377,73.44346,0.0,0.0,0.0,0.0,0.0,0.0,5.378873276940966,4.1956893411727485
2024,Naseerabad,39,0.0286,32.4956,59.3086,563315.0,0.0,0.0,0.0,0.0,303.0,328.0,19.0,0.0,0.0,0.0,5.378873276940966,5.8226747024311445,0.3372890833725357,0.5858178816470359,5.964691158588002,0.1065123421176428,0.0,0.3923,31.5364,30.9827,64.2905,71.0468,0.0,0.0,0.0,0.0,0.0,0.0,0.1403,3.41656,31.671566666666667,31.13614,64.88196666666667,69.18430000000001,0.0,0.0,0.0,0.0,0.0,0.0,0.5858178816470359,4.444599613033578
2024,Naseerabad,40,0.0875,32.0473,54.5488,563315.0,0.0,0.0,0.0,0.0,33.0,336.0,6.0,0.0,0.0,0.0,0.5858178816470359,5.964691158588002,0.1065123421176428,0.1952726272156786,8.663003825568287,0.0177520570196071,0.0286,0.0,32.4956,31.5364,59.3086,64.2905,0.0,0.0,0.0,0.0,0.0,0.0,0.0387,0.2474,32.02643333333334,31.567760000000003,59.38263333333333,64.7341,0.0,0.0,0.0,0.0,0.0,0.0,0.1952726272156786,2.2250159156177935
2024,Naseerabad,41,0.1,30.2971,45.8101,563315.0,0.0,0.0,0.0,0.0,11.0,488.0,1.0,0.0,0.0,0.0,0.1952726272156786,8.663003825568287,0.0177520570196071,1.0473713641568216,8.041681829882037,0.2307767412548929,0.0875,0.0286,32.0473,32.4956,54.5488,59.3086,0.0,0.0,0.0,0.0,0.0,0.0,0.0720333333333333,0.1216799999999999,31.613333333333333,31.47182,53.2225,59.00096,0.0,0.0,0.0,0.0,0.0,0.0,1.0473713641568216,2.5860028064449687
2024,Naseerabad,42,0.0,29.5179,46.1759,563315.0,0.0,0.0,0.0,0.0,59.0,453.0,13.0,0.0,0.0,0.0,1.0473713641568216,8.041681829882037,0.2307767412548929,7.580128347372252,0.5325617105882143,1.5799330747450362,0.1,0.0875,30.2971,32.0473,45.8101,54.5488,0.0,0.0,0.0,0.0,0.0,0.0,0.0625,0.04322,30.62076666666667,31.178860000000004,48.84493333333333,54.02678,0.0,0.0,0.0,0.0,0.0,0.0,7.580128347372252,2.2373315981153787
2024,Naseerabad,43,0.0,29.9986,38.3708,563315.0,0.0,0.0,0.0,0.0,427.0,30.0,89.0,0.0,0.0,0.0,7.580128347372252,0.5325617105882143,1.5799330747450362,3.585915517960644,0.6568261097254644,0.0,0.0,0.1,29.5179,30.2971,46.1759,45.8101,0.0,0.0,0.0,0.0,0.0,0.0,0.0333333333333333,0.04322,29.937866666666668,30.8713,43.45226666666667,48.84284,0.0,0.0,0.0,0.0,0.0,0.0,3.585915517960644,4.861607386365562
2024,Naseerabad,44,0.0,28.6265,46.4646,563315.0,0.0,0.0,0.0,0.0,202.0,37.0,0.0,0.0,0.0,0.0,3.585915517960644,0.6568261097254644,0.0,0.0,3.578820137278138,0.0,0.0,0.0,29.9986,29.5179,38.3708,46.1759,0.0,0.0,0.0,0.0,0.0,0.0,0.0,0.0375,29.381,30.09748,43.670433333333335,46.27404,0.0,0.0,0.0,0.0,0.0,0.0,0.0,3.3801981329297246
2025,Naseerabad,37,5.1429,29.3757,75.1884,592374.0,0.0,0.0,0.0,0.0,109.0,337.0,52.0,0.0,0.0,0.0,1.840053749826968,5.688973520107229,0.8778238072569019,2.194559518142255,6.212291559048844,0.9622299425700654,0.0286,3.0286,33.8953,33.6274,54.712,61.4196,0.0,0.0,0.0,0.0,0.0,0.0,2.7333666666666665,1.70288,32.29946666666667,33.361900000000006,63.77333333333333,58.13969999999999,0.0,0.0,0.0,0.0,0.0,0.0,2.194559518142255,2.6674410575376095
2025,Naseerabad,38,0.0,33.1096,56.4138,592374.0,0.0,0.0,0.0,0.0,130.0,368.0,57.0,0.0,0.0,0.0,2.194559518142255,6.212291559048844,0.9622299425700654,2.5997089676454403,5.638329838919331,1.0128736237579636,5.1429,0.0286,29.3757,33.8953,75.1884,54.712,0.0,0.0,0.0,0.0,0.0,0.0,1.723833333333333,1.70288,32.126866666666665,33.0209,62.104733333333336,59.44272,0.0,0.0,0.0,0.0,0.0,0.0,2.5997089676454403,2.727184216899115
2025,Naseerabad,39,0.0,33.592,47.5181,592374.0,0.0,0.0,0.0,0.0,154.0,334.0,60.0,0.0,0.0,0.0,2.5997089676454403,5.638329838919331,1.0128736237579636,2.059509701641193,4.709862350474531,1.5868353438874765,0.0,5.1429,33.1096,29.3757,56.4138,75.1884,0.0,0.0,0.0,0.0,0.0,0.0,1.7143,1.6400200000000005,32.02576666666667,32.72,59.70676666666666,59.05038,0.0,0.0,0.0,0.0,0.0,0.0,2.059509701641193,3.111291127720334
2025,Naseerabad,40,0.0143,33.764,42.5086,592374.0,0.0,0.0,0.0,0.0,122.0,279.0,94.0,0.0,0.0,0.0,2.059509701641193,4.709862350474531,1.5868353438874765,2.5997089676454403,5.266942843541411,1.6881227062632729,0.0,0.0,33.592,33.1096,47.5181,56.4138,0.0,0.0,0.0,0.0,0.0,0.0,0.0047666666666666,1.03716,33.488533333333336,32.74732,48.8135,55.26818,0.0,0.0,0.0,0.0,0.0,0.0,2.5997089676454403,2.63263917684774
2025,Naseerabad,41,0.0,28.912,39.3751,592374.0,0.0,0.0,0.0,0.0,154.0,312.0,100.0,0.0,0.0,0.0,2.5997089676454403,5.266942843541411,1.6881227062632729,2.6503526488333384,5.503280022418269,1.3504981650106185,0.0143,0.0,33.764,33.592,42.5086,47.5181,0.0,0.0,0.0,0.0,0.0,0.0,0.0047666666666666,1.03144,32.089333333333336,31.750659999999996,43.13393333333333,52.2008,0.0,0.0,0.0,0.0,0.0,0.0,2.6503526488333384,2.8945476843422457
2025,Naseerabad,42,0.0,29.4337,28.9064,592374.0,0.0,0.0,0.0,0.0,157.0,326.0,80.0,0.0,0.0,0.0,2.6503526488333384,5.503280022418269,1.3504981650106185,2.684115102958604,5.469517568293004,0.6583678554426764,0.0,0.0143,28.912,33.764,39.3751,42.5086,0.0,0.0,0.0,0.0,0.0,0.0,0.0047666666666666,0.00286,30.703233333333333,31.76226,36.93003333333333,42.9444,0.0,0.0,0.0,0.0,0.0,0.0,2.684115102958604,2.9541619789900797
2025,Naseerabad,43,0.0,28.67,33.3553,592374.0,0.0,0.0,0.0,0.0,159.0,324.0,39.0,0.0,0.0,0.0,2.684115102958604,5.469517568293004,0.6583678554426764,3.004858417148625,5.655211065981964,0.9453487155074328,0.0,0.0,29.4337,28.912,28.9064,39.3751,0.0,0.0,0.0,0.0,0.0,0.0,0.0,0.00286,29.005233333333337,30.87434,33.878933333333336,38.3327,0.0,0.0,0.0,0.0,0.0,0.0,3.004858417148625,2.94224799222474
2024,Naushero Feroze,37,0.0462,30.2172,72.4486,1777082.0,38.0,2.0,2945.0,0.2,3852.0,2289.0,208.0,0.219934476196592,0.3172586825989257,0.1443827229196809,21.67598343801805,12.880666170722566,1.1704580880342044,19.605172974572923,10.792974100238482,0.6189922580950119,0.0857,16.6556,30.0316,29.0834,76.1635,80.5919,0.1703581821524193,0.2977129313783019,0.1591234762084231,0.1836791067166148,0.2311341462049836,0.0,5.595833333333334,11.2832,29.7774,30.06402,76.40133333333334,76.95334,0.229335196575771,0.2427773066427364,0.1623951019482396,0.1328067443664094,0.1827976096013031,0.22240336426377,19.605172974572923,22.824213951308327
2024,Naushero Feroze,38,0.0,30.9165,64.0628,1777082.0,38.0,2.0,2945.0,0.2,3484.0,1918.0,110.0,0.1698245539660828,0.1315072508812697,0.1325100091893772,19.605172974572923,10.792974100238482,0.6189922580950119,25.828858769600952,11.400711953640856,0.9622516012204276,0.0462,0.0857,30.2172,30.0316,72.4486,76.1635,0.219934476196592,0.1703581821524193,0.1443827229196809,0.1591234762084231,0.3172586825989257,0.2311341462049836,0.0439666666666666,7.248920000000001,30.38843333333333,30.0182,70.89163333333333,74.87433999999999,0.1867057374383647,0.210481308203893,0.145338736105827,0.1593087462042848,0.2266333598950596,0.1883797146252435,25.828858769600952,20.35382912412546
2024,Naushero Feroze,39,0.0,32.3162,60.7775,1777082.0,38.0,2.0,2945.0,0.2,4590.0,2026.0,171.0,0.2157380400997878,0.2949367806955364,0.1248324528405399,25.828858769600952,11.400711953640856,0.9622516012204276,16.740926980296916,10.309034698455108,0.6527554721729216,0.0,0.0462,30.9165,30.2172,64.0628,72.4486,0.1698245539660828,0.219934476196592,0.1325100091893772,0.1443827229196809,0.1315072508812697,0.3172586825989257,0.0153999999999999,3.3575000000000004,31.149966666666668,30.51298,65.76296666666666,70.80886000000001,0.2018323567541542,0.2147136367586367,0.1339083949831993,0.1489055535749271,0.2479009047252439,0.1949673720761431,16.740926980296916,25.588604479965625
2024,Naushero Feroze,40,0.0,31.0826,61.3046,1777082.0,38.0,2.0,2945.0,0.2,2975.0,1832.0,116.0,0.3286659012739638,0.2840326656489838,0.1904946766316065,16.740926980296916,10.309034698455108,0.6527554721729216,20.719359039143946,8.907861314221854,0.7934355308308789,0.0,0.0,32.3162,30.9165,60.7775,64.0628,0.2157380400997878,0.1698245539660828,0.1248324528405399,0.1325100091893772,0.2949367806955364,0.1315072508812697,0.0,0.0263799999999999,31.43843333333333,30.91282,62.048300000000005,66.9514,0.2380761651132781,0.2209042307377691,0.1492790462205078,0.1502686675579255,0.2368255657419299,0.2517739052059398,20.719359039143946,16.721802609715084
2024,Naushero Feroze,41,0.0,28.9456,55.0485,1777082.0,38.0,2.0,2945.0,0.2,3682.0,1583.0,141.0,0.2125244360954991,0.2532295545525555,0.1926024198858197,20.719359039143946,8.907861314221854,0.7934355308308789,15.463552047682663,8.42392191243848,0.6415010674802851,0.0,0.0,31.0826,32.3162,61.3046,60.7775,0.3286659012739638,0.2157380400997878,0.1904946766316065,0.1248324528405399,0.2840326656489838,0.2949367806955364,0.0,0.00924,30.781466666666663,30.69562,59.043533333333336,62.7284,0.2523094591564169,0.2293374815263851,0.1693098497859887,0.1569644562934048,0.2773996669656919,0.2561929868754542,15.463552047682663,20.952055722345186
2024,Naushero Feroze,42,0.0,28.8745,53.8362,1777082.0,38.0,2.0,2945.0,0.2,2748.0,1497.0,114.0,0.3061219575264935,0.2277698483065525,0.1930656509937942,15.463552047682663,8.42392191243848,0.6415010674802851,15.80118418846176,7.951236915347744,0.5964834487097388,0.0,0.0,28.9456,31.0826,55.0485,61.3046,0.2125244360954991,0.3286659012739638,0.1926024198858197,0.1904946766316065,0.2532295545525555,0.2840326656489838,0.0,0.0,29.63423333333333,30.42708,56.72976666666667,59.00592,0.2824374316319855,0.2465749777923654,0.1920542491704067,0.1667010419082275,0.2550106895026973,0.2382952200169796,15.80118418846176,16.3532749429804
2024,Naushero Feroze,43,0.0,29.1605,45.2352,1777082.0,38.0,2.0,2945.0,0.2,2808.0,1413.0,106.0,0.2513272528310821,0.2251639099961112,0.2103586792416875,15.80118418846176,7.951236915347744,0.5964834487097388,14.270585150263184,6.966476504742044,0.4783121994370547,0.0,0.0,28.8745,28.9456,53.8362,55.0485,0.3061219575264935,0.2125244360954991,0.1930656509937942,0.1926024198858197,0.2277698483065525,0.2532295545525555,0.0,0.0,28.99353333333333,30.07588,51.3733,55.2404,0.2566578821510249,0.2628755175653652,0.1986755833737671,0.1822707759186895,0.2353877709517397,0.2570265518399479,14.270585150263184,16.17534671846204
2024,Naushero Feroze,44,0.0,28.2429,51.6823,1777082.0,38.0,2.0,2945.0,0.2,2536.0,1238.0,85.0,0.3252464452992633,0.1948416108737577,0.2037913744419602,14.270585150263184,6.966476504742044,0.4783121994370547,6.306483824818298,5.475197917885373,0.2001243850023707,0.0,0.0,29.1605,28.8745,45.2352,53.8362,0.2513272528310821,0.3061219575264935,0.2103586792416875,0.1930656509937942,0.2251639099961112,0.2277698483065525,0.0,0.0,28.7593,29.26122,50.251233333333325,53.42135999999999,0.2942318852189463,0.2847771986052603,0.2024052348924806,0.1980625602389736,0.2159251230588071,0.2370075178755921,6.306483824818298,14.789885027665719
2025,Naushero Feroze,37,14.3143,28.1292,79.5362,1948788.0,38.0,2.0,2945.0,0.2,1888.0,1420.0,185.0,0.3113146100078034,0.2779585088958626,0.0,9.688072791909638,7.28658017188119,0.9493079801394508,9.400714700624183,6.439900081486545,1.267454438348348,0.2,4.9429,33.6423,32.384,53.2212,66.9103,0.0,0.2628150695574046,0.0,0.1006212209320502,0.1543106894365492,0.2819651348285507,6.485733333333333,3.91144,31.385166666666667,32.45476000000001,66.5559,60.80096,0.1913765598550693,0.1970511392248072,0.0335404069773501,0.0808770702333194,0.2380781110536541,0.1292357914690545,9.400714700624183,11.652975892003315
2025,Naushero Feroze,38,0.0,29.9935,72.0366,1948788.0,38.0,2.0,2945.0,0.2,1832.0,1255.0,247.0,0.2477131310579594,0.2679230223392875,0.2200912433976409,9.400714700624183,6.439900081486545,1.267454438348348,9.097962425877006,7.343025511240833,0.9441765856522104,14.3143,0.2,28.1292,33.6423,79.5362,53.2212,0.3113146100078034,0.0,0.0,0.0,0.2779585088958626,0.1543106894365492,4.8381,3.91144,30.58833333333333,31.68088,68.26466666666666,64.74954,0.1863425803552542,0.1874308968148358,0.0733637477992136,0.085209917378372,0.2333974068905664,0.19643147110005,9.097962425877006,11.927287308203859
2025,Naushero Feroze,39,0.0,31.0548,59.9504,1948788.0,38.0,2.0,2945.0,0.2,1773.0,1431.0,184.0,0.1522640056556422,0.189706642472445,0.108758290661996,9.097962425877006,7.343025511240833,0.9441765856522104,10.64251216653633,6.850411640465766,0.1077592842320457,0.0,14.3143,29.9935,28.1292,72.0366,79.5362,0.2477131310579594,0.3113146100078034,0.2200912433976409,0.0,0.2679230223392875,0.2779585088958626,4.771433333333333,3.8914399999999993,29.725833333333338,31.04076,70.50773333333332,66.33094,0.237097248907135,0.1948213632557619,0.1096165113532123,0.0858941509983374,0.2451960579025317,0.234372799594539,10.64251216653633,11.185921209008626
2025,Naushero Feroze,40,0.0429,32.017,55.5074,1948788.0,38.0,2.0,2945.0,0.2,2074.0,1335.0,21.0,0.3547503100165502,0.2648029015422072,0.1470564109492537,10.64251216653633,6.850411640465766,0.1077592842320457,12.489814181942828,7.830507987528659,1.1237753927056202,0.0,0.0,31.0548,29.9935,59.9504,72.0366,0.1522640056556422,0.2477131310579594,0.108758290661996,0.2200912433976409,0.189706642472445,0.2679230223392875,0.0143000000000005,2.91144,31.021766666666668,30.967360000000003,62.498133333333335,64.05036,0.2515758155767172,0.213208411347591,0.1586353150029635,0.0951811890017781,0.2408108554513132,0.2309403529372703,12.489814181942828,11.676818784521906
2025,Naushero Feroze,41,0.0,27.756,46.1347,1948788.0,38.0,2.0,2945.0,0.2,2434.0,1526.0,219.0,0.227093186797309,0.2676776916959438,0.2146195119832856,12.489814181942828,7.830507987528659,1.1237753927056202,12.782303667715524,8.015238189069308,0.990359136037373,0.0429,0.0,32.017,31.0548,55.5074,59.9504,0.3547503100165502,0.1522640056556422,0.1470564109492537,0.108758290661996,0.2648029015422072,0.189706642472445,0.0143000000000005,2.87144,30.27593333333333,29.7901,53.86416666666667,62.63306,0.2447025008231671,0.2586270487070529,0.1568114045315118,0.1381050913984352,0.2407290785701986,0.2536137533891492,12.782303667715524,13.464218627178957
2025,Naushero Feroze,42,0.0,28.5501,33.564,1948788.0,38.0,2.0,2945.0,0.2,2491.0,1562.0,193.0,0.4104664710399429,0.239715416104725,0.2130232994797997,12.782303667715524,8.015238189069308,0.990359136037373,11.258279505005165,7.378945272651515,0.9800963470628924,0.0,0.0429,27.756,32.017,46.1347,55.5074,0.227093186797309,0.3547503100165502,0.2146195119832856,0.1470564109492537,0.2676776916959438,0.2648029015422072,0.0143000000000005,0.00858,29.441033333333337,29.87428,45.0687,53.43862,0.3307699892846007,0.2784574209134807,0.1915664074707797,0.1807097512943952,0.2573986697809586,0.2459651348309217,11.258279505005165,13.393913310335178
2025,Naushero Feroze,43,0.0,27.3804,38.8921,1948788.0,38.0,2.0,2945.0,0.2,2194.0,1438.0,191.0,0.261910373198925,0.1962768218638957,0.2239591063447625,11.258279505005165,7.378945272651515,0.9800963470628924,9.69833558088412,6.706732594823039,0.969833558088412,0.0,0.0,28.5501,27.756,33.564,46.1347,0.4104664710399429,0.227093186797309,0.2130232994797997,0.2146195119832856,0.239715416104725,0.2676776916959438,0.0,0.00858,27.8955,29.351660000000003,39.53026666666667,46.80972,0.2998233436787256,0.2812968693416738,0.2172006392692826,0.1814833238838195,0.2345566432215215,0.2316358947358433,9.69833558088412,12.189563962128167
2024,North Waziristan,37,0.7769,14.186,63.0802,693332.0,1000.0,1.0,4707.0,0.2,15.0,16.0,4.0,0.0962231976647592,0.1797641587068773,0.0,0.2163465698972498,0.2307696745570664,0.0576924186392666,0.375000721155233,0.1586541512579831,0.0,0.8429,3.6778,14.9458,14.4015,64.0615,79.9039,0.2361516034985423,0.1346784486319854,0.0,0.0666722435865283,0.2044998736140021,0.0,1.7658666666666667,2.0481000000000003,14.5111,15.13998,69.0152,73.03858,0.1556844165984289,0.1604834641464353,0.0222240811955094,0.0467759831755775,0.1280880107736264,0.0768528064641758,0.375000721155233,0.40040667762951276
2024,North Waziristan,38,0.0857,14.9134,47.8136,693332.0,1000.0,1.0,4707.0,0.2,26.0,11.0,0.0,0.2068075155897888,0.1920962576341739,0.0734520578354249,0.375000721155233,0.1586541512579831,0.0,0.4615393491141329,0.5336548724132162,0.0,0.7769,0.8429,14.186,14.9458,63.0802,64.0615,0.0962231976647592,0.2361516034985423,0.0,0.0,0.1797641587068773,0.2044998736140021,0.5685,1.46524,14.681733333333334,14.70564,58.31843333333333,66.74942,0.1797274389176967,0.167057353203729,0.0244840192784749,0.0465936785692192,0.1921200966516844,0.1152720579910106,0.4615393491141329,0.47087710921893056
2024,North Waziristan,39,0.7286,14.9083,65.4575,693332.0,1000.0,1.0,4707.0,0.2,32.0,37.0,0.0,0.092093666257674,0.180936707641566,0.0729710881292838,0.4615393491141329,0.5336548724132162,0.0,0.3894238258150496,0.0,0.0,0.0857,0.7769,14.9134,14.186,47.8136,63.0802,0.2068075155897888,0.0962231976647592,0.0734520578354249,0.0,0.1920962576341739,0.1797641587068773,0.5304000000000001,1.22238,14.669233333333333,14.671,58.78376666666666,64.06334,0.1317081265040739,0.1531908863285499,0.0488077153215695,0.0426190779102474,0.1842657079942057,0.1514593995193238,0.3894238258150496,0.453408507235733
2024,North Waziristan,40,3.2625,12.064,53.7296,693332.0,1000.0,1.0,4707.0,0.2,27.0,0.0,0.0,0.2012463456473605,0.1734874237046295,0.0709191680738925,0.3894238258150496,0.0,0.0,0.2163465698972498,0.2307696745570664,0.0,0.7286,0.0857,14.9083,14.9134,65.4575,47.8136,0.092093666257674,0.2068075155897888,0.0729710881292838,0.0734520578354249,0.180936707641566,0.1920962576341739,1.3589333333333335,1.13932,13.9619,14.2035,55.6669,58.82847999999999,0.1667158424982744,0.1665044657316249,0.072447438012867,0.0434684628077202,0.1821734629934565,0.1861568842602497,0.2163465698972498,0.4305597076587393
2024,North Waziristan,41,4.0,8.6018,65.7314,693332.0,1000.0,1.0,4707.0,0.2,15.0,16.0,0.0,0.0,0.1321513270337306,0.0,0.2163465698972498,0.2307696745570664,0.0,0.0865386279588999,0.4326931397944996,0.0,3.2625,0.7286,12.064,14.9083,53.7296,65.4575,0.2012463456473605,0.092093666257674,0.0709191680738925,0.0729710881292838,0.1734874237046295,0.180936707641566,2.6637,1.77074,11.858033333333331,12.9347,61.6395,59.16246,0.0977800039683448,0.1192741450319165,0.0479634187343921,0.0434684628077202,0.1621918194599753,0.1716871749441954,0.0865386279588999,0.39592142745060777
2024,North Waziristan,42,1.7286,9.6702,55.813,693332.0,1000.0,1.0,4707.0,0.2,6.0,30.0,0.0,0.1195354447974087,0.1663982053644978,0.0,0.0865386279588999,0.4326931397944996,0.0,0.5480779770730329,0.8509631749291825,0.0,4.0,3.2625,8.6018,12.064,65.7314,53.7296,0.0,0.2012463456473605,0.0,0.0709191680738925,0.1321513270337306,0.1734874237046295,2.997033333333333,1.96108,10.112,12.03154,58.42466666666667,57.70902,0.1069272634815897,0.1239365944584464,0.0236397226912974,0.0434684628077202,0.1573456520342859,0.1690139842757195,0.5480779770730329,0.40856049574274955
2024,North Waziristan,43,0.5857,8.889,65.2555,693332.0,1000.0,1.0,4707.0,0.2,38.0,59.0,0.0,0.2243237284550535,0.1591959578529369,0.0824510737639879,0.5480779770730329,0.8509631749291825,0.0,0.1009617326187165,0.7355783376506494,0.0144231046598166,1.7286,4.0,9.6702,8.6018,55.813,65.7314,0.1195354447974087,0.0,0.0,0.0,0.1663982053644978,0.1321513270337306,2.104766666666667,2.06108,9.053666666666668,10.82666,62.26663333333333,61.1974,0.1146197244174873,0.1274398370314993,0.0274836912546626,0.0452682659934328,0.1525818300837217,0.1624339243194721,0.1009617326187165,0.5983929254077323
2024,North Waziristan,44,0.1,10.0154,53.6065,693332.0,1000.0,1.0,4707.0,0.2,7.0,51.0,1.0,0.121149529830661,0.1614507963339884,0.0826010392383544,0.1009617326187165,0.7355783376506494,0.0144231046598166,0.0,0.2894369233159722,0.0,0.5857,1.7286,8.889,9.6702,65.2555,55.813,0.2243237284550535,0.1195354447974087,0.0824510737639879,0.0,0.1591959578529369,0.1663982053644978,0.8047666666666666,1.93536,9.524866666666666,9.84808,58.225,58.82719999999999,0.1550029010277077,0.1332510097460967,0.0550173710007807,0.0471942562152469,0.1623483198504743,0.1585367420579566,0.0,0.36439382896884975
2025,North Waziristan,37,0.9143,15.0259,75.4609,656447.0,1000.0,1.0,4707.0,0.2,0.0,46.0,16.0,0.0903725976820566,0.1176347133692644,0.0642522116060471,0.0,0.7007420248702485,0.2437363564766081,1.2948493937819807,0.5179397575127924,0.5179397575127924,2.5571,4.8429,13.9065,15.511,79.2088,82.7543,0.1985285666873272,0.122200701458759,0.1384847363000135,0.0937472629799743,0.1555567304275645,0.1180880702008184,2.771433333333333,2.72858,14.814466666666666,15.7777,79.14133333333334,78.6564,0.1370339552760476,0.1503573239891756,0.0988280702953449,0.0744993114523759,0.1304265046658824,0.1271280187228473,1.2948493937819807,0.42552032046832
2025,North Waziristan,38,0.3571,13.7648,71.5011,656447.0,1000.0,1.0,4707.0,0.2,85.0,34.0,34.0,0.1729472187333878,0.1482017558831095,0.0597248210478688,1.2948493937819807,0.5179397575127924,0.5179397575127924,1.218681782383041,0.5331732797925803,0.2894369233159722,0.9143,2.5571,15.0259,13.9065,75.4609,79.2088,0.0903725976820566,0.1985285666873272,0.0642522116060471,0.1384847363000135,0.1176347133692644,0.1555567304275645,1.2761666666666664,2.29142,14.232399999999998,15.19496,75.39026666666666,77.57274,0.1539494610342572,0.1657775832620647,0.0874872563179764,0.0864442756619497,0.1404643998933128,0.1234118763168903,1.218681782383041,1.150259572417566
2025,North Waziristan,39,1.1714,13.5166,59.2119,656447.0,1000.0,1.0,4707.0,0.2,80.0,35.0,19.0,0.0926469144829887,0.147875267856171,0.071194975632643,1.218681782383041,0.5331732797925803,0.2894369233159722,1.416717572020285,0.6398079357510964,0.2132693119170321,0.3571,0.9143,13.7648,15.0259,71.5011,75.4609,0.1729472187333878,0.0903725976820566,0.0597248210478688,0.0642522116060471,0.1482017558831095,0.1176347133692644,0.8142666666666664,1.96856,14.102433333333332,14.34496,68.72463333333333,73.6274,0.1186555769661443,0.1353391998089038,0.0650573360955196,0.0854808015133093,0.1379039123695149,0.1374713075473855,1.416717572020285,1.0448239576895686
2025,North Waziristan,40,3.1429,11.1687,61.4109,656447.0,1000.0,1.0,4707.0,0.2,93.0,42.0,14.0,0.3007261481375529,0.1413023433207154,0.0688722831936075,1.416717572020285,0.6398079357510964,0.2132693119170321,1.7975556290149852,0.5941073689117324,0.3199039678755482,1.1714,0.3571,13.5166,13.7648,59.2119,71.5011,0.0926469144829887,0.1729472187333878,0.071194975632643,0.0597248210478688,0.147875267856171,0.1482017558831095,1.557133333333333,1.6285600000000002,12.8167,13.476499999999998,64.0413,69.35871999999999,0.1887734271179764,0.1710442891446626,0.0665973599580397,0.0805058055560359,0.1457931223533319,0.1421141621713649,1.7975556290149852,1.2673194042433993
2025,North Waziristan,41,1.3286,6.1029,68.1418,656447.0,1000.0,1.0,4707.0,0.2,118.0,39.0,21.0,0.1842651538771619,0.1435621160013493,0.1213199259548313,1.7975556290149852,0.5941073689117324,0.3199039678755482,1.6452204062171052,0.3656045347149122,0.4265386238340642,3.1429,1.1714,11.1687,13.5166,61.4109,59.2119,0.3007261481375529,0.0926469144829887,0.0688722831936075,0.071194975632643,0.1413023433207154,0.147875267856171,1.8809666666666665,1.38286,10.262733333333331,11.91578,62.92153333333334,67.14532,0.1925460721659011,0.1681916065826295,0.0871290615936939,0.0770728434869995,0.1442465757260786,0.1397152392861219,1.6452204062171052,1.520563143026517
2025,North Waziristan,42,0.5,10.1309,52.5082,656447.0,1000.0,1.0,4707.0,0.2,108.0,24.0,28.0,0.1659434723625016,0.1292385828946436,0.0848362826851802,1.6452204062171052,0.3656045347149122,0.4265386238340642,1.7975556290149852,0.3656045347149122,0.1980357896372441,1.3286,3.1429,6.1029,11.1687,68.1418,61.4109,0.1842651538771619,0.3007261481375529,0.1213199259548313,0.0688722831936075,0.1435621160013493,0.1413023433207154,1.6571666666666662,1.3,9.134166666666667,10.93678,60.68696666666667,62.55478000000001,0.2169782581257388,0.1833057815187185,0.0916761639445396,0.0811896577028261,0.1380343474055694,0.1420360131911977,1.7975556290149852,1.3164426067938617
2025,North Waziristan,43,1.6571,7.2756,52.8147,656447.0,1000.0,1.0,4707.0,0.2,118.0,24.0,13.0,0.3562030075187971,0.1335904815184654,0.2283834586466165,1.7975556290149852,0.3656045347149122,0.1980357896372441,1.8432561958543487,1.4624181388596489,0.3808380569947002,0.5,1.3286,10.1309,6.1029,52.5082,68.1418,0.1659434723625016,0.1842651538771619,0.0848362826851802,0.1213199259548313,0.1292385828946436,0.1435621160013493,1.1618999999999997,1.56,7.836466666666667,9.638940000000002,57.82156666666668,58.81750000000001,0.2354705445861535,0.2199569392758004,0.1448465557622093,0.1149213852225757,0.1354637268048194,0.1391137583182689,1.8432561958543487,1.4987277870442268
2024,Nowshera,37,6.3923,27.8239,76.5358,1740705.0,280.0,2.0,1748.0,0.65,216.0,1743.0,9.0,0.0,0.2717740665172945,0.0,1.2408765414013287,10.01318431325239,0.0517031892250553,1.8383356168908571,9.289339664101616,0.0574479880278392,9.5714,8.3333,27.6782,28.1419,79.7942,76.0824,0.200325418752549,0.1846811048023558,0.1243429337812685,0.0397681334975102,0.2143806614322541,0.0,8.099,7.696540000000001,27.88133333333333,28.33768,77.4708,77.90208,0.1283355078516349,0.11755108663058,0.0547036890929262,0.0769460055044639,0.1620515759831828,0.1570691493487032,1.8383356168908571,1.1607191041655627
2024,Nowshera,38,0.0,28.4371,63.8286,1740705.0,280.0,2.0,1748.0,0.65,320.0,1617.0,10.0,0.2019576749125795,0.27234146695285,0.0,1.8383356168908571,9.289339664101616,0.0574479880278392,1.9302523977354005,8.99061012635685,0.0459583904222714,6.3923,9.5714,27.8239,27.6782,76.5358,79.7942,0.0,0.200325418752549,0.0,0.1243429337812685,0.2717740665172945,0.2143806614322541,5.321233333333333,6.27654,27.97973333333333,28.1915,73.38619999999999,74.57834,0.1340943645550428,0.1281478926084483,0.0414476445937561,0.0403479587518088,0.2528320649674662,0.2115374427392732,1.9302523977354005,1.1909142092576026
2024,Nowshera,39,13.3,28.1359,73.0862,1740705.0,280.0,2.0,1748.0,0.65,336.0,1565.0,8.0,0.3423663496228271,0.2516378681419285,0.2234163425947617,1.9302523977354005,8.99061012635685,0.0459583904222714,1.9130180013270488,8.1863382939671,0.0459583904222714,0.0,6.3923,28.4371,27.8239,63.8286,76.5358,0.2019576749125795,0.0,0.0,0.0,0.27234146695285,0.2717740665172945,6.5641,7.519399999999999,28.1323,28.0434,71.1502,73.86544,0.1814413415118022,0.1858661096180622,0.0744721141982539,0.077505481974708,0.265251133870691,0.2020268126088654,1.9130180013270488,1.2854592941272998
2024,Nowshera,40,1.025,26.4459,65.3166,1740705.0,280.0,2.0,1748.0,0.65,333.0,1425.0,8.0,0.2369216531122451,0.2510859050405184,0.2589490699526776,1.9130180013270488,8.1863382939671,0.0459583904222714,1.8268460192852896,7.16376410707156,0.0459583904222714,13.3,0.0,28.1359,28.4371,73.0862,63.8286,0.3423663496228271,0.2019576749125795,0.2234163425947617,0.0,0.2516378681419285,0.27234146695285,4.775,6.05774,27.672966666666667,27.704200000000004,67.41046666666666,71.71227999999999,0.2604152258825505,0.1963142192800401,0.1607884708491464,0.1213416692657415,0.2583550800450989,0.2522439936169691,1.8268460192852896,1.1293460117827365
2024,Nowshera,41,0.4429,24.1648,56.3268,1740705.0,280.0,2.0,1748.0,0.65,318.0,1247.0,8.0,0.3862842277970941,0.2333078607921493,0.2679197377108641,1.8268460192852896,7.16376410707156,0.0459583904222714,2.125575557030054,7.772712780166656,0.0631927868306232,1.025,13.3,26.4459,28.1359,65.3166,73.0862,0.2369216531122451,0.3423663496228271,0.2589490699526776,0.2234163425947617,0.2510859050405184,0.2516378681419285,4.922633333333333,4.23204,26.248866666666668,27.00152,64.90986666666666,67.0188,0.3218574101773887,0.2335059810889491,0.2500950500861011,0.1500570300516606,0.2453438779915321,0.2560294334889481,2.125575557030054,1.1887722160705927
2024,Nowshera,42,0.0,24.2496,63.2351,1740705.0,280.0,2.0,1748.0,0.65,370.0,1353.0,11.0,0.0,0.2220045796407108,0.0,2.125575557030054,7.772712780166656,0.0631927868306232,1.8498252144964251,7.272915284324455,0.0689375856334071,0.4429,1.025,24.1648,26.4459,56.3268,65.3166,0.3862842277970941,0.2369216531122451,0.2679197377108641,0.2589490699526776,0.2333078607921493,0.2510859050405184,0.4892999999999994,2.95358,24.953433333333333,26.28666,61.626166666666656,64.35866,0.2077352936364464,0.2335059810889491,0.1756229358878472,0.1500570300516606,0.2354661151577928,0.2460755361136314,1.8498252144964251,1.1369549478602492
2024,Nowshera,43,0.5,23.724,61.6993,1740705.0,280.0,2.0,1748.0,0.65,322.0,1266.0,12.0,0.2718964254153266,0.2117300589843542,0.0,1.8498252144964251,7.272915284324455,0.0689375856334071,1.12598056534565,6.905248160946284,0.0631927868306232,0.0,0.4429,24.2496,24.1648,63.2351,56.3268,0.0,0.3862842277970941,0.0,0.2679197377108641,0.2220045796407108,0.2333078607921493,0.3142999999999994,3.05358,24.046133333333334,25.34404,60.4204,63.9328,0.2193935510708069,0.2474937311894986,0.0893065792369547,0.1500570300516606,0.2223474998057381,0.2339532545199322,1.12598056534565,1.142877707826786
2024,Nowshera,44,0.3857,21.3511,79.0452,1740705.0,280.0,2.0,1748.0,0.65,196.0,1202.0,11.0,0.4992707197578846,0.2236653617847748,0.322882713900628,1.12598056534565,6.905248160946284,0.0631927868306232,0.0,0.2016185061812419,0.0,0.5,0.0,23.724,24.2496,61.6993,63.2351,0.2718964254153266,0.0,0.0,0.0,0.2117300589843542,0.2220045796407108,0.2952333333333327,0.47072,23.10823333333333,23.98708,67.99319999999999,65.1246,0.257055715057737,0.2788746052165101,0.1076275713002093,0.1699503043128339,0.2191333334699466,0.2283587532485015,0.0,0.796285401493658
2025,Nowshera,37,1.1,29.699,70.8899,1835149.0,280.0,2.0,1748.0,0.65,53.0,2805.0,16.0,0.0,0.2484976721195763,0.0,0.2888048872325898,15.284862428064423,0.0871863810513478,4.239437778621791,14.712701802414951,0.0708389346042201,1.4571,21.3286,28.1311,28.1374,74.2469,79.6345,0.2481554989151927,0.2488222242047675,0.1521396024860228,0.1023204413529528,0.2625009774803491,0.290095698073986,7.9619,7.562840000000001,28.655833333333337,29.195,74.92376666666667,75.93482,0.1656592410399867,0.1268305887601423,0.0848200146129918,0.0508920087677951,0.2670314492246371,0.2025442102999214,4.239437778621791,0.42244683663083826
2025,Nowshera,38,1.4857,29.0448,67.9318,1835149.0,280.0,2.0,1748.0,0.65,778.0,2700.0,13.0,0.1338206010626091,0.2051678686265625,0.0,4.239437778621791,14.712701802414951,0.0708389346042201,4.6917171303256575,15.050549028988929,0.0980846786827663,1.1,1.4571,29.699,28.1311,70.8899,74.2469,0.0,0.2481554989151927,0.0,0.1521396024860228,0.2484976721195763,0.2625009774803491,1.3476,6.788560000000001,28.958300000000005,28.99446,71.02286666666666,74.45863999999999,0.1273253666592672,0.1535947089726641,0.0507132008286742,0.0508920087677951,0.2387221727421626,0.2435777840252339,4.6917171303256575,3.13080810997609
2025,Nowshera,39,0.5857,28.696,61.682,1835149.0,280.0,2.0,1748.0,0.65,861.0,2762.0,18.0,0.4262936989097818,0.2009276821583716,0.1728275566740285,4.6917171303256575,15.050549028988929,0.0980846786827663,4.02692097480913,12.58208461547264,0.0762880834199293,1.4857,1.1,29.0448,29.699,67.9318,70.8899,0.1338206010626091,0.0,0.0,0.0,0.2051678686265625,0.2484976721195763,1.0571333333333337,5.19142,29.146600000000003,28.741660000000003,66.83456666666666,70.87701999999999,0.1867047666574636,0.2114184046184702,0.0576091855580095,0.0854575201026008,0.2181977409681701,0.241437979691769,4.02692097480913,3.9771633546695173
2025,Nowshera,40,3.4714,25.7329,69.3424,1835149.0,280.0,2.0,1748.0,0.65,739.0,2309.0,14.0,0.1687066739941421,0.2277223071617127,0.2164362748980027,4.02692097480913,12.58208461547264,0.0762880834199293,3.443862051528241,12.783703121653884,0.1035338274984756,0.5857,1.4857,28.696,29.0448,61.682,67.9318,0.4262936989097818,0.1338206010626091,0.1728275566740285,0.0,0.2009276821583716,0.2051678686265625,1.8476,1.61998,27.82456666666667,28.26076,66.31873333333333,68.81859999999999,0.242940324655511,0.1953952945763451,0.1297546105240104,0.1082806868116108,0.2112726193155489,0.2289633015093144,3.443862051528241,2.930010409279751
2025,Nowshera,41,1.8714,21.577,60.7371,1835149.0,280.0,2.0,1748.0,0.65,632.0,2346.0,19.0,0.4336906736217807,0.2176436598163701,0.2228298911133507,3.443862051528241,12.783703121653884,0.1035338274984756,2.6264897291718547,13.753651610850126,0.0435931905256739,3.4714,0.5857,25.7329,28.696,69.3424,61.682,0.1687066739941421,0.4262936989097818,0.2164362748980027,0.1728275566740285,0.2277223071617127,0.2009276821583716,1.9761666666666668,1.7028399999999997,25.335300000000004,26.949940000000005,63.92049999999998,66.11663999999999,0.3428970155085682,0.2325023295176627,0.2040312408951273,0.1224187445370764,0.2154312163788181,0.2199918379765186,2.6264897291718547,2.72347159053709
2025,Nowshera,42,0.0,23.9302,63.5221,1835149.0,280.0,2.0,1748.0,0.65,482.0,2524.0,8.0,0.3471503870861472,0.216330792473925,0.7654559091396119,2.6264897291718547,13.753651610850126,0.0435931905256739,2.6264897291718547,13.753651610850126,0.0599406369728016,1.8714,3.4714,21.577,25.7329,60.7371,69.3424,0.4336906736217807,0.1687066739941421,0.2228298911133507,0.2164362748980027,0.2176436598163701,0.2277223071617127,1.7809333333333337,1.48284,23.746700000000004,25.796180000000003,64.53386666666665,64.64308,0.3165159115673566,0.3019324069348922,0.4015740250503217,0.2755099263649987,0.2205655864840026,0.2135584620473883,2.6264897291718547,1.921554826553908
2025,Nowshera,43,0.0,22.7686,55.0062,1835149.0,280.0,2.0,1748.0,0.65,482.0,2524.0,11.0,0.3034583838035888,0.174440502327831,0.326412452643716,2.6264897291718547,13.753651610850126,0.0599406369728016,1.999837615365292,12.859991205073811,0.1253304227613125,0.0,1.8714,23.9302,21.577,63.5221,60.7371,0.3471503870861472,0.4336906736217807,0.7654559091396119,0.2228298911133507,0.216330792473925,0.2176436598163701,0.6238,1.1857,22.7586,24.54094,59.755133333333326,62.05796,0.3614331481705055,0.3358599634830881,0.4382327509655595,0.340792416893742,0.2028049848727087,0.207412988787642,1.999837615365292,3.0455612506571104
2024,Nushki,37,0.0,28.9427,12.3892,207834.0,900.0,0.0,5797.0,0.2,24.0,183.0,0.0,0.0,0.0,0.0,1.1547677473368168,8.805104073443228,0.0,9.815525852362944,0.3849225824456057,0.0,0.0,0.6778,30.7729,30.555,15.978,31.5602,0.0,0.0,0.0,0.0,0.0,0.0,0.2259333333333333,0.55556,30.0902,30.97512,19.9758,25.75394,0.0,0.0,0.0,0.0,0.0,0.0,9.815525852362944,1.9745610149676494
2024,Nushki,39,0.0,30.1208,15.8257,207834.0,900.0,0.0,5797.0,0.2,204.0,8.0,0.0,0.0,0.0,0.0,9.815525852362944,0.3849225824456057,0.0,0.5292685508627077,0.5773838736684084,0.3368072596399049,0.0,0.0,28.9427,30.7729,12.3892,15.978,0.0,0.0,0.0,0.0,0.0,0.0,0.0,0.16698,29.945466666666665,30.15464,14.730966666666667,21.42512,0.0,0.0,0.0,0.0,0.0,0.0,0.5292685508627077,5.774546577055476
2024,Nushki,41,0.0143,23.7979,22.7966,207834.0,900.0,0.0,5797.0,0.2,11.0,12.0,7.0,0.0,0.0,0.0,0.5292685508627077,0.5773838736684084,0.3368072596399049,1.3953443613653205,0.817960487696912,0.0,0.0,0.0,30.1208,28.9427,15.8257,12.3892,0.0,0.0,0.0,0.0,0.0,0.0,0.0047666666666666,0.13842,27.62046666666667,28.83786,17.003833333333333,19.70994,0.0,0.0,0.0,0.0,0.0,0.0,1.3953443613653205,1.5108126484097308
2024,Nushki,42,0.0,24.3964,15.2869,207834.0,900.0,0.0,5797.0,0.2,29.0,17.0,0.0,0.0,0.0,0.0,1.3953443613653205,0.817960487696912,0.0,2.935034691147743,1.635920975393824,0.0,0.0143,0.0,23.7979,30.1208,22.7966,15.8257,0.0,0.0,0.0,0.0,0.0,0.0,0.0047666666666666,0.00286,26.10503333333333,27.60614,17.969733333333334,16.45528,0.0,0.0,0.0,0.0,0.0,0.0,2.935034691147743,2.50052418983246
2024,Orakzai,37,1.5385,24.0084,73.1869,387561.0,1200.0,0.0,1538.0,0.2,3.0,4.0,1.0,0.0996504472184732,0.3001484740410877,0.0358175659901729,0.0774071694520346,0.1032095592693795,0.0258023898173448,1.10950276214583,0.4644430167122079,0.0,3.9,3.3111,23.8421,24.1121,79.159,77.1597,0.07132154591839,0.0458818679730765,0.0083664096148923,0.0657837472799579,0.2910354541304097,0.0,2.9165333333333323,4.04706,23.98753333333333,24.41276,76.50186666666666,77.99137999999999,0.0722846203699798,0.0744547463963592,0.036655907628341,0.0410923550022115,0.1970613093904991,0.1182367856342994,1.10950276214583,0.5861767840782246
2024,Orakzai,38,0.0143,25.2808,48.5298,387561.0,1200.0,0.0,1538.0,0.2,43.0,18.0,0.0,0.028705067546753,0.365496996417206,0.022397474604955,1.10950276214583,0.4644430167122079,0.0,0.3096286778081386,0.6192573556162773,0.0,1.5385,3.9,24.0084,23.8421,73.1869,79.159,0.0996504472184732,0.07132154591839,0.0358175659901729,0.0083664096148923,0.3001484740410877,0.2910354541304097,1.8176,2.3642,24.3771,24.37002,66.95856666666667,71.14232000000001,0.066559020227872,0.0753772618324865,0.0221938167366733,0.0423085613708852,0.3188936415295678,0.1913361849177406,0.3096286778081386,1.0173023628408622
2024,Orakzai,39,1.4714,25.4876,62.986,387561.0,1200.0,0.0,1538.0,0.2,12.0,24.0,0.0,0.1074118172581168,0.3174838120852861,0.0264194330761173,0.3096286778081386,0.6192573556162773,0.0,0.6966645250683118,0.7224669148856566,0.3870358472601732,0.0143,1.5385,25.2808,24.0084,48.5298,73.1869,0.028705067546753,0.0996504472184732,0.022397474604955,0.0358175659901729,0.365496996417206,0.3001484740410877,1.008066666666666,2.04706,24.925600000000003,24.5462,61.56756666666666,68.20428000000001,0.0785891106744476,0.0705941491829618,0.0282114912237484,0.031756926113219,0.3277097608478599,0.2548329473347979,0.6966645250683118,0.5089842317309703
2024,Orakzai,40,0.8,24.1349,46.904,387561.0,1200.0,0.0,1538.0,0.2,27.0,28.0,15.0,0.0268929382853433,0.3297213035001309,0.0228159966781066,0.6966645250683118,0.7224669148856566,0.3870358472601732,0.4128382370775181,0.2580238981734488,0.0,1.4714,0.0143,25.4876,25.2808,62.986,48.5298,0.1074118172581168,0.028705067546753,0.0264194330761173,0.022397474604955,0.3174838120852861,0.365496996417206,0.7618999999999995,1.5448400000000002,24.967766666666662,24.55076,52.8066,62.15314000000001,0.0543366076967377,0.0667963632454152,0.0238776347863929,0.0231633759928488,0.337567370667541,0.320777208034824,0.4128382370775181,0.6366762344956385
2024,Orakzai,41,0.7571,21.1224,46.668,387561.0,1200.0,0.0,1538.0,0.2,16.0,10.0,0.0,0.0,0.2796913233567447,0.0,0.4128382370775181,0.2580238981734488,0.0,0.5676525759815875,1.9093768464835212,0.0,0.8,1.4714,24.1349,25.4876,46.904,62.986,0.0268929382853433,0.1074118172581168,0.0228159966781066,0.0264194330761173,0.3297213035001309,0.3174838120852861,1.0094999999999994,0.91626,23.581633333333333,24.00682,52.186,55.65494,0.04476825184782,0.0525320540617372,0.0164118099180746,0.0214900940698703,0.3089654796473872,0.318508381880091,0.5676525759815875,0.4502092265658746
2024,Orakzai,42,0.0,21.8683,42.5263,387561.0,1200.0,0.0,1538.0,0.2,22.0,74.0,0.0,0.1546329775169347,0.3226999334059037,0.0,0.5676525759815875,1.9093768464835212,0.0,0.9030836436070708,3.947765642053767,0.0258023898173448,0.7571,0.8,21.1224,24.1349,46.668,46.904,0.0,0.0268929382853433,0.0,0.0228159966781066,0.2796913233567447,0.3297213035001309,0.5190333333333328,0.60856,22.3752,23.5788,45.3661,49.52282,0.0605086386007593,0.0635285601214295,0.0076053322260355,0.0143265808718357,0.3107041867542597,0.3230186737530542,0.9030836436070708,0.5428130814530974
2024,Orakzai,43,0.5286,20.4489,53.0769,387561.0,1200.0,0.0,1538.0,0.2,35.0,153.0,1.0,0.049687148872167,0.3221435993297691,0.0460319316506024,0.9030836436070708,3.947765642053767,0.0258023898173448,0.5676525759815875,3.3543106762548347,0.0258023898173448,0.0,0.7571,21.8683,21.1224,42.5263,46.668,0.1546329775169347,0.0,0.0,0.0,0.3226999334059037,0.2796913233567447,0.428566666666666,0.71142,21.14653333333333,22.61242,47.42373333333334,50.43224,0.0681067087963672,0.0677249763865123,0.0153439772168674,0.0190534722809652,0.3081782853641391,0.3143479943355669,0.5676525759815875,0.7059453494771493
2024,Orakzai,44,0.0286,18.6132,64.8508,387561.0,1200.0,0.0,1538.0,0.2,22.0,130.0,1.0,0.1411799345178742,0.0,0.0272905003808013,0.5676525759815875,3.3543106762548347,0.0258023898173448,0.0,0.423360374120306,0.0,0.5286,0.0,20.4489,21.8683,53.0769,42.5263,0.049687148872167,0.1546329775169347,0.0460319316506024,0.0,0.3221435993297691,0.3226999334059037,0.1857333333333327,0.42286,20.31013333333333,21.23754,53.48466666666667,50.8052,0.1151666869689919,0.0744785998384638,0.0244408106771345,0.019227685741902,0.2149478442452242,0.2508512319185096,0.0,0.4609018445323736
2025,Orakzai,37,0.3571,26.6543,61.7902,307067.0,1200.0,0.0,1538.0,0.2,6.0,101.0,0.0,0.1206363821341003,0.2189879307542191,0.0332732859186586,0.1953970957478335,3.289184445088531,0.0,0.9769854787391676,2.4424636968479194,0.0,3.7429,10.4714,24.4126,25.0733,70.6997,77.0366,0.0729240703230646,0.0939326762870295,0.0191293014251224,0.005867605483544,0.2958901336501808,0.2497842352798599,4.857133333333333,4.66286,25.380066666666664,26.54552,69.84216666666667,67.81548000000001,0.0958310429147314,0.0815381992278422,0.0194233976091083,0.0206215330056749,0.2548874332280866,0.1610267394149704,0.9769854787391676,0.7306768887483868
2025,Orakzai,38,1.3,25.6537,60.7526,307067.0,1200.0,0.0,1538.0,0.2,30.0,75.0,0.0,0.0237215532863183,0.2510134012273007,0.0227043648159336,0.9769854787391676,2.4424636968479194,0.0,0.6838898351174174,3.549713906085642,0.0,0.3571,3.7429,26.6543,24.4126,61.7902,70.6997,0.1206363821341003,0.0729240703230646,0.0332732859186586,0.0191293014251224,0.2189879307542191,0.2958901336501808,1.7999999999999996,3.96286,25.57353333333333,26.07278,64.41416666666667,67.1163,0.0724273352478277,0.0654053020446256,0.0250356507199048,0.0186631760272355,0.2552971552105669,0.2112294196604305,0.6838898351174174,1.246178567236429
2025,Orakzai,39,0.6714,24.8439,52.8297,307067.0,1200.0,0.0,1538.0,0.2,21.0,109.0,0.0,0.1145439790209846,0.2940230332387977,0.0227042221211399,0.6838898351174174,3.549713906085642,0.0,1.628309131231946,2.6704269752203915,0.0,1.3,0.3571,25.6537,26.6543,60.7526,61.7902,0.0237215532863183,0.1206363821341003,0.0227043648159336,0.0332732859186586,0.2510134012273007,0.2189879307542191,0.7761666666666661,3.30856,25.7173,25.32756,58.4575,64.62176000000001,0.0863006381471344,0.0851517322102994,0.0262272909519107,0.0207357559528797,0.2546747884067725,0.2619397468300716,1.628309131231946,0.781394053339775
2025,Orakzai,40,2.5429,22.4903,58.0011,307067.0,1200.0,0.0,1538.0,0.2,50.0,82.0,0.0,0.0171367849536741,0.2874572437745846,0.0158340344931341,1.628309131231946,2.6704269752203915,0.0,0.7815883829913342,1.726007679105863,0.0,0.6714,1.3,24.8439,25.6537,52.8297,60.7526,0.1145439790209846,0.0237215532863183,0.0227042221211399,0.0227043648159336,0.2940230332387977,0.2510134012273007,1.504766666666666,1.72286,24.3293,24.81096,57.19446666666667,60.81466,0.0518007724203256,0.0697925539436283,0.0204142071434025,0.0227290417547977,0.2774978927468943,0.2694743485290166,0.7815883829913342,1.3536073767411603
2025,Orakzai,41,0.8286,17.5921,57.1428,307067.0,1200.0,0.0,1538.0,0.2,24.0,53.0,0.0,0.2483706453121346,0.2962085287682738,0.0974690203413607,0.7815883829913342,1.726007679105863,0.0,0.6513236524927785,1.4003458528594737,0.0,2.5429,0.6714,22.4903,24.8439,58.0011,52.8297,0.0171367849536741,0.1145439790209846,0.0158340344931341,0.0227042221211399,0.2874572437745846,0.2940230332387977,1.3476333333333328,1.14,21.6421,23.44686,55.9912,58.10328,0.1266838030955977,0.1048818689414423,0.0453357589852115,0.0383969855380453,0.292562935260552,0.2695380275526352,0.6513236524927785,0.8683454793467291
2025,Orakzai,42,0.0,20.5403,49.4958,307067.0,1200.0,0.0,1538.0,0.2,20.0,43.0,0.0,0.1906500229970222,0.2832986857306694,0.1524506079027355,0.6513236524927785,1.4003458528594737,0.0,0.423360374120306,1.4003458528594737,0.0,0.8286,2.5429,17.5921,22.4903,57.1428,58.0011,0.2483706453121346,0.0171367849536741,0.0974690203413607,0.0158340344931341,0.2962085287682738,0.2874572437745846,1.1238333333333328,1.06858,20.207566666666665,22.22406,54.8799,55.644400000000005,0.1520524844209436,0.1188845971140267,0.0885845542457434,0.0622324499348607,0.2889881527578426,0.2824001785479252,0.423360374120306,0.7197733588214517
2025,Orakzai,43,0.0143,19.3686,40.0982,307067.0,1200.0,0.0,1538.0,0.2,13.0,43.0,0.0,0.1187240018521448,0.2489700929432415,0.0853715392621174,0.423360374120306,1.4003458528594737,0.0,0.5536251046188617,2.865824070968225,0.0,0.0,0.8286,20.5403,17.5921,49.4958,57.1428,0.1906500229970222,0.2483706453121346,0.1524506079027355,0.0974690203413607,0.2832986857306694,0.2962085287682738,0.2809666666666661,0.8114399999999999,19.167,20.96704,48.91226666666666,51.51351999999999,0.1859148900537671,0.137885086827192,0.1117637225020712,0.0747658848240975,0.2761591024807282,0.2819915168911134,0.5536251046188617,0.5801644990152823
2024,Panjgur,37,0.0,28.3089,29.9373,509781.0,900.0,0.0,16891.0,0.2,316.0,248.0,27.0,0.4036690584331079,0.0601667634203704,0.3359052213567102,6.198740243359404,4.864834115041557,0.5296391980085566,6.081042643801946,5.355240779864295,0.7061855973447422,0.0,0.1333,28.9504,29.2317,46.0558,39.1735,0.4158542060377945,0.4521241232164263,0.371380036272151,0.3876795884288602,0.0429788255419788,0.0518707270689381,0.0444333333333333,0.39238,28.83033333333334,28.31366,38.388866666666665,48.4021,0.4238824625624429,0.4519628171154542,0.3649882820192404,0.3930133773126681,0.0516721053437624,0.0462911902131617,6.081042643801946,4.312082614873501
2024,Panjgur,38,0.0,29.5362,40.5762,509781.0,900.0,0.0,16891.0,0.2,310.0,273.0,36.0,0.5023230121288914,0.0470188405826541,0.397799113139929,6.081042643801946,5.355240779864295,0.7061855973447422,5.590635978979209,6.983390907075783,0.0588487997787285,0.0,0.0,28.3089,28.9504,29.9373,46.0558,0.4036690584331079,0.4158542060377945,0.3359052213567102,0.371380036272151,0.0601667634203704,0.0429788255419788,0.0,0.34666,28.931833333333334,28.60076,38.856433333333335,43.51134,0.4406154255332646,0.442389815681633,0.36836145692293,0.3809046005421793,0.0500548098483344,0.0492566393309049,5.590635978979209,4.442517523753568
2024,Panjgur,39,0.0,28.8385,37.9466,509781.0,900.0,0.0,16891.0,0.2,285.0,356.0,3.0,0.3248661367841369,0.0479549356307241,0.3208197453714408,5.590635978979209,6.983390907075783,0.0588487997787285,2.550114657078236,4.962915448006105,0.4904066648227376,0.0,0.0,29.5362,28.3089,40.5762,29.9373,0.5023230121288914,0.4036690584331079,0.397799113139929,0.3359052213567102,0.0470188405826541,0.0601667634203704,0.0,0.02666,28.89453333333334,28.97314,36.15336666666666,38.73788,0.4102860691153787,0.4197673073200714,0.3515080266226933,0.3627167409138182,0.0517135132112495,0.0499980184489331,2.550114657078236,4.119093561330176
2024,Panjgur,40,0.0125,28.4438,41.3822,509781.0,900.0,0.0,16891.0,0.2,130.0,253.0,25.0,0.4332261387039659,0.0345864402158608,0.3150406643550152,2.550114657078236,4.962915448006105,0.4904066648227376,2.7070447898215115,5.217926913713929,0.5492554646014661,0.0,0.0,28.8385,29.5362,37.9466,40.5762,0.3248661367841369,0.5023230121288914,0.3208197453714408,0.397799113139929,0.0479549356307241,0.0470188405826541,0.0041666666666666,0.0025,28.9395,28.81556,39.96833333333333,39.17961999999999,0.4201384292056647,0.4159877104175793,0.344553174288795,0.3481889560990492,0.0431867388097463,0.0465411610783176,2.7070447898215115,3.0470917289393746
2024,Panjgur,41,0.0143,25.9329,27.8778,509781.0,900.0,0.0,16891.0,0.2,138.0,266.0,28.0,0.404454472243991,0.0488284774647735,0.3484644179596993,2.7070447898215115,5.217926913713929,0.5492554646014661,2.726661056414421,4.531357582962095,0.4511741316369186,0.0125,0.0,28.4438,28.8385,41.3822,37.9466,0.4332261387039659,0.3248661367841369,0.3150406643550152,0.3208197453714408,0.0345864402158608,0.0479549356307241,0.0089333333333333,0.00536,27.7384,28.21206,35.73553333333333,35.54402,0.3875155825773646,0.4137077636588186,0.3281082758953851,0.3436058324365589,0.0437899511037861,0.0477110914628765,2.726661056414421,3.063530635477041
2024,Panjgur,42,0.0571,25.2888,27.7807,509781.0,900.0,0.0,16891.0,0.2,139.0,231.0,23.0,0.4287001969642363,0.0611244800752843,0.3440184642665666,2.726661056414421,4.531357582962095,0.4511741316369186,4.217497317475544,2.1577893252200453,0.0,0.0143,0.0125,25.9329,28.4438,27.8778,41.3822,0.404454472243991,0.4332261387039659,0.3484644179596993,0.3150406643550152,0.0488284774647735,0.0345864402158608,0.0279666666666666,0.01678,26.55516666666667,27.60804,32.3469,35.112700000000004,0.4221269359707311,0.4187139913650443,0.3358411821937603,0.3452284810185301,0.0481797992519728,0.0479026347938593,4.217497317475544,3.0901781213084227
2024,Panjgur,43,0.0,25.3394,36.5472,509781.0,900.0,0.0,16891.0,0.2,215.0,110.0,0.0,0.4529100662836591,0.0429183555057481,0.4098102258590211,4.217497317475544,2.1577893252200453,0.0,3.766323185838625,2.962056255529335,0.0,0.0571,0.0143,25.2888,25.9329,27.7807,27.8778,0.4287001969642363,0.404454472243991,0.3440184642665666,0.3484644179596993,0.0611244800752843,0.0488284774647735,0.0238,0.01678,25.52036666666667,26.76868,30.735233333333337,34.3069,0.4286882451639621,0.4088314021959978,0.367431036028429,0.3476307035623486,0.0509571043486019,0.0470825377784781,3.766323185838625,3.6396000871230108
2024,Panjgur,44,0.0,23.1644,34.6049,509781.0,900.0,0.0,16891.0,0.2,192.0,151.0,0.0,0.3844672446884739,0.0482687205111236,0.3797109544312581,3.766323185838625,2.962056255529335,0.0,0.1832360001151769,1.6753005724816177,0.0,0.0,0.0571,25.3394,25.2888,36.5472,27.7807,0.4529100662836591,0.4287001969642363,0.4098102258590211,0.3440184642665666,0.0429183555057481,0.0611244800752843,0.0190333333333333,0.01678,24.59753333333333,25.63386,32.977599999999995,33.63856,0.4220258359787898,0.4207516237768652,0.3778465481856152,0.359408945374312,0.0507705186973853,0.047145294754558,0.1832360001151769,3.508995133497214
2025,Panjgur,37,0.2571,27.3918,59.2945,382021.0,900.0,0.0,16891.0,0.2,149.0,41.0,0.0,0.3944921656044941,0.0392048465189892,0.326648489443135,3.9003091453087655,1.073239429246036,0.0,0.4711782860104549,1.4135348580313647,0.0,0.0,0.0,30.9954,31.0838,51.8453,40.8899,0.3828201977692921,0.3508619244946812,0.3089335668442277,0.3389816358945428,0.0360286046651539,0.0306272032506128,0.0857,0.0657,29.82366666666667,30.35996,50.676566666666666,48.45682,0.3760580959561557,0.4065410461433053,0.3248545640606351,0.3599302091717143,0.0352868848115852,0.0300125795757769,0.4711782860104549,3.8739780932750536
2025,Panjgur,38,0.0,28.8135,38.0776,382021.0,900.0,0.0,16891.0,0.2,18.0,54.0,0.0,0.4549620610090441,0.0371169265409247,0.3886754307880924,0.4711782860104549,1.4135348580313647,0.0,6.727378861371495,2.6700102873925777,0.0,0.2571,0.0,27.3918,30.9954,59.2945,51.8453,0.3944921656044941,0.3828201977692921,0.326648489443135,0.3089335668442277,0.0392048465189892,0.0360286046651539,0.0857,0.05142,29.066900000000004,29.93204,49.739133333333335,45.97288,0.4107581414609435,0.4107090176795761,0.341419162358485,0.3544456084009648,0.0374501259083559,0.0374359648839618,6.727378861371495,2.4720242241169608
2025,Panjgur,39,0.0,28.7412,40.1992,382021.0,900.0,0.0,16891.0,0.2,257.0,102.0,0.0,0.3529170664919733,0.0495432775936419,0.3549126917054422,6.727378861371495,2.6700102873925777,0.0,3.952662288198817,2.4344211443873505,0.0,0.0,0.2571,28.8135,27.3918,38.0776,59.2945,0.4549620610090441,0.3944921656044941,0.3886754307880924,0.326648489443135,0.0371169265409247,0.0392048465189892,0.0857,0.05142,28.315500000000004,29.40514,45.8571,46.0613,0.4007904310351705,0.3872106830738969,0.3567455373122232,0.343630362935088,0.0419550168845186,0.0385041717138645,3.952662288198817,4.294639741509335
2025,Panjgur,40,0.0,27.1537,23.7377,382021.0,900.0,0.0,16891.0,0.2,151.0,93.0,0.0,0.4451197243115659,0.038149393448056,0.3559313524548967,3.952662288198817,2.4344211443873505,0.0,2.277361715717199,1.6229474295915671,0.0,0.0,0.0,28.7412,28.8135,40.1992,38.0776,0.3529170664919733,0.4549620610090441,0.3549126917054422,0.3886754307880924,0.0495432775936419,0.0371169265409247,0.0,0.05142,28.23613333333334,28.61912,34.00483333333333,42.63086,0.4176662839375278,0.4060622430372739,0.3665064916494771,0.3470203062471588,0.0416031991942075,0.0400086097533531,2.277361715717199,3.670683422832298
2025,Panjgur,41,0.0,22.468,40.7853,382021.0,900.0,0.0,16891.0,0.2,87.0,62.0,0.0,0.3345179286274114,0.0414182467147797,0.3180320055497367,2.277361715717199,1.6229474295915671,0.0,2.3558914300522744,1.4658880009214152,0.0,0.0,0.0,27.1537,28.7412,23.7377,40.1992,0.4451197243115659,0.3529170664919733,0.3559313524548967,0.3549126917054422,0.038149393448056,0.0495432775936419,0.0,0.05142,26.12096666666667,26.91364,34.9074,40.41886,0.3775182398103169,0.3964017892088977,0.3429586832366919,0.3488399939882606,0.0430369725854925,0.0410865381632783,2.3558914300522744,2.9845772972575633
2024,Peshawar,37,4.0846,27.4626,74.0347,4758762.0,330.0,0.0,1257.0,0.75,104.0,3557.0,58.0,0.0,0.2674325424857618,0.0,0.2185442348240992,7.474633108358854,0.1218804386519014,0.166009562991383,6.919866973805372,0.0336221899729383,7.5571,5.8889,27.1207,27.6253,79.4233,76.0556,0.10119661973204,0.0671074608205584,0.0483595669139444,0.0,0.2789754847988311,0.0,5.843533333333333,6.48326,27.402866666666664,27.80916,76.50453333333333,77.2994,0.0561013601841994,0.0510851591577569,0.0161198556379814,0.0096719133827888,0.1821360090948643,0.1699376332349229,0.166009562991383,0.38456427378868874
2024,Peshawar,38,0.0,28.0421,61.8818,4758762.0,330.0,0.0,1257.0,0.75,79.0,3293.0,16.0,0.1132779703769595,0.2342345099458526,0.0,0.166009562991383,6.919866973805372,0.0336221899729383,0.1996317529643214,6.7454518633207545,0.0231152556063951,4.0846,7.5571,27.4626,27.1207,74.0347,79.4233,0.0,0.10119661973204,0.0,0.0483595669139444,0.2674325424857618,0.2789754847988311,3.8805666666666663,4.431839999999999,27.5418,27.70964,71.77993333333333,73.56356,0.0714915300363331,0.0563164101859115,0.0161198556379814,0.0096719133827888,0.2602141790768151,0.2167845352240935,0.1996317529643214,0.2669814435880289
2024,Peshawar,39,3.9714,28.3076,68.4044,4758762.0,330.0,0.0,1257.0,0.75,95.0,3210.0,11.0,0.0,0.2253748893412211,0.0,0.1996317529643214,6.7454518633207545,0.0231152556063951,0.1534012417515311,6.241119013726679,0.0105069343665432,0.0,4.0846,28.0421,27.4626,61.8818,74.0347,0.1132779703769595,0.0,0.0,0.0,0.2342345099458526,0.2674325424857618,2.6853333333333325,4.3004,27.93743333333333,27.71166,68.10696666666666,71.95996,0.0377593234589865,0.0563164101859115,0.0,0.0096719133827888,0.2423473139242785,0.2012034853143333,0.1534012417515311,0.2607541817239518
2024,Peshawar,40,1.0125,26.5851,60.9389,4758762.0,330.0,0.0,1257.0,0.75,73.0,2970.0,5.0,0.1416940333518147,0.2055446581205787,0.0,0.1534012417515311,6.241119013726679,0.0105069343665432,0.1975303660910127,5.749394485372457,0.0336221899729383,3.9714,0.0,28.3076,28.0421,68.4044,61.8818,0.0,0.1132779703769595,0.0,0.0,0.2253748893412211,0.2342345099458526,1.6612999999999996,3.32512,27.64493333333333,27.50362,63.7417,68.93661999999999,0.0849906679095914,0.0712337246921628,0.0,0.0096719133827888,0.2217180191358841,0.242312416938449,0.1975303660910127,0.08746270622110242
2024,Peshawar,41,0.4571,24.1046,55.162,4758762.0,330.0,0.0,1257.0,0.75,94.0,2736.0,16.0,0.0,0.2218024662697661,0.0,0.1975303660910127,5.749394485372457,0.0336221899729383,0.1597054023714571,5.99105397580295,0.0084055474932345,1.0125,3.9714,26.5851,28.3076,60.9389,68.4044,0.1416940333518147,0.0,0.0,0.0,0.2055446581205787,0.2253748893412211,1.813666666666666,1.90512,26.33243333333333,26.9004,61.50176666666666,64.08435999999999,0.0472313444506049,0.0509944007457548,0.0,0.0,0.2175740045771886,0.230877813232636,0.1597054023714571,0.22460671678544575
2024,Peshawar,42,0.0,24.4201,57.8721,4758762.0,330.0,0.0,1257.0,0.75,76.0,2851.0,4.0,0.0,0.1950114421944861,0.0,0.1597054023714571,5.99105397580295,0.0084055474932345,0.1996317529643214,5.768306967232234,0.0441291243394815,0.4571,1.0125,24.1046,26.5851,55.162,60.9389,0.0,0.1416940333518147,0.0,0.0,0.2218024662697661,0.2055446581205787,0.489866666666666,1.0882,25.036600000000004,26.2919,57.99100000000001,60.85184,0.0472313444506049,0.0509944007457548,0.0,0.0,0.2074528555282769,0.2163935931743809,0.1996317529643214,0.08164879838796857
2024,Peshawar,43,0.2714,23.6505,58.5717,4758762.0,330.0,0.0,1257.0,0.75,95.0,2745.0,21.0,0.158295608941747,0.2074571811916011,0.0,0.1996317529643214,5.768306967232234,0.0441291243394815,0.1386915336383706,4.85840645108959,0.0483318980860988,0.0,0.4571,24.4201,24.1046,57.8721,55.162,0.0,0.0,0.0,0.0,0.1950114421944861,0.2218024662697661,0.2428333333333327,1.14248,24.0584,25.413580000000003,57.201933333333336,60.18982,0.0527652029805823,0.0599979284587123,0.0,0.0,0.2080903632186177,0.2110381274235306,0.1386915336383706,0.15937461228342187
2024,Peshawar,44,0.3429,22.0186,69.0439,4758762.0,330.0,0.0,1257.0,0.75,66.0,2312.0,23.0,0.0,0.2083697505990627,0.0,0.1386915336383706,4.85840645108959,0.0483318980860988,0.0,0.0716928662110358,0.0,0.2714,0.0,23.6505,24.4201,58.5717,57.8721,0.158295608941747,0.0,0.0,0.0,0.2074571811916011,0.1950114421944861,0.204766666666666,0.41678,23.36306666666667,24.15578,61.82923333333333,60.31772,0.0527652029805823,0.0599979284587123,0.0,0.0,0.2036127913283833,0.2076370996750989,0.0,-0.049957055348734514
2025,Peshawar,37,0.0714,30.0722,66.6531,5160904.0,330.0,0.0,1257.0,0.75,461.0,5069.0,15.0,0.0,0.2361670187920145,0.0,0.8932543600888526,9.82192267091192,0.0290646754909604,0.1569492476511866,9.55065236632962,0.3933419416443321,2.2429,9.5571,27.4344,27.3002,77.2184,82.2839,0.1269202883098051,0.0,0.0379226096546009,0.0,0.2494629779946536,0.2537949882458879,3.9571333333333327,4.43142,28.268933333333333,28.63832,75.38513333333333,76.91936000000001,0.042306762769935,0.0458109170225858,0.0126408698848669,0.0075845219309201,0.246474995010852,0.1927353200256222,0.1569492476511866,0.795693824605797
2025,Peshawar,38,0.6429,29.6374,61.3572,5160904.0,330.0,0.0,1257.0,0.75,81.0,4929.0,203.0,0.0405351887844317,0.1892586574797596,0.0,0.1569492476511866,9.55065236632962,0.3933419416443321,0.1569492476511866,9.779294480191842,0.2422056290913375,0.0714,2.2429,30.0722,27.4344,66.6531,77.2184,0.0,0.1269202883098051,0.0,0.0379226096546009,0.2361670187920145,0.2494629779946536,0.9857333333333336,3.87714,29.048,28.66446,68.40956666666666,74.02068,0.0558184923647456,0.0539179547794722,0.0126408698848669,0.0075845219309201,0.2249628847554758,0.2305870515215741,0.1569492476511866,0.2100518611372797
2025,Peshawar,39,0.3,28.5564,64.0743,5160904.0,330.0,0.0,1257.0,0.75,81.0,5047.0,125.0,0.0,0.1935038876625177,0.0,0.1569492476511866,9.779294480191842,0.2422056290913375,0.1259469271274955,8.746529677746379,0.2092656635349156,0.6429,0.0714,29.6374,30.0722,61.3572,66.6531,0.0405351887844317,0.0,0.0,0.0,0.1892586574797596,0.2361670187920145,0.3381,2.56286,29.422,28.60012,64.02819999999998,70.31738,0.0135117295948105,0.0334910954188473,0.0,0.0075845219309201,0.2063098546447639,0.2244375060349666,0.1259469271274955,0.299770523179129
2025,Peshawar,40,1.8143,25.8743,67.073,5160904.0,330.0,0.0,1257.0,0.75,65.0,4514.0,108.0,0.0574779594099763,0.2112954962042282,0.0,0.1259469271274955,8.746529677746379,0.2092656635349156,0.1278845721602262,8.634146265847999,0.1511363125529946,0.3,0.6429,28.5564,29.6374,64.0743,61.3572,0.0,0.0405351887844317,0.0,0.0,0.1935038876625177,0.1892586574797596,0.9190666666666668,1.0143,28.0227,28.31494,64.16816666666666,67.2752,0.032671049398136,0.0449866873008426,0.0,0.0075845219309201,0.1980193471155018,0.2159376076266347,0.1278845721602262,0.11792191905006799
2025,Peshawar,41,0.9857,21.5763,60.5702,5160904.0,330.0,0.0,1257.0,0.75,66.0,4456.0,78.0,0.0,0.206129967614537,0.0,0.1278845721602262,8.634146265847999,0.1511363125529946,0.1705127628803016,8.822097834022877,0.19376450327307,1.8143,0.3,25.8743,28.5564,67.073,64.0743,0.0574779594099763,0.0,0.0,0.0,0.2112954962042282,0.1935038876625177,1.0333333333333332,0.7628600000000001,25.33566666666667,27.14332,63.90583333333333,63.94556,0.0191593198033254,0.0196026296388816,0.0,0.0,0.2036431171604276,0.2072710055506114,0.1705127628803016,0.09256380892439964
2025,Peshawar,42,0.0,24.4252,61.1154,5160904.0,330.0,0.0,1257.0,0.75,88.0,4553.0,100.0,0.126420183311056,0.2065120584552747,0.0,0.1705127628803016,8.822097834022877,0.19376450327307,0.1143210569311112,8.634146265847999,0.0019376450327306,0.9857,1.8143,21.5763,25.8743,60.5702,67.073,0.0,0.0574779594099763,0.0,0.0,0.206129967614537,0.2112954962042282,0.9333333333333332,0.7485799999999999,23.9586,26.01392,62.91953333333333,62.83801999999999,0.0612993809070107,0.0448866663010928,0.0,0.0,0.2079791740913466,0.2013400134832634,0.1143210569311112,0.15301721313292038
2025,Peshawar,43,0.0,23.1731,53.866,5160904.0,330.0,0.0,1257.0,0.75,59.0,4456.0,1.0,0.191978870278866,0.1494744800259456,0.1081606835974795,0.1143210569311112,8.634146265847999,0.0019376450327306,0.1569492476511866,9.55065236632962,0.0833187364074201,0.0,0.9857,24.4252,21.5763,61.1154,60.5702,0.126420183311056,0.0,0.0,0.0,0.2065120584552747,0.206129967614537,0.3285666666666666,0.6199999999999999,23.0582,24.72106,58.5172,61.33978,0.1061330178633073,0.0751754025999796,0.0360535611991598,0.0216321367194959,0.1873721686985857,0.1933831779925006,0.1569492476511866,0.0170532817406146
2024,Pishin,37,0.0,25.0023,17.2304,835482.0,1550.0,0.0,6218.0,0.2,38.0,202.0,27.0,0.6554468155568188,0.0697166049396994,0.5642474150778164,0.4548272733583728,2.4177660320629286,0.3231667468598965,2.465642587153284,0.7899631589908579,0.0,0.0714,1.1444,26.5617,26.711,25.0998,42.3134,0.6232882843940444,0.6738580724353348,0.5644078652440014,0.4820798783581434,0.0385345166133618,0.0581397144539254,0.4052666666666666,0.24888,26.09166666666667,27.058119999999995,28.21453333333333,32.40774,0.6508643907953993,0.6192917617522395,0.5369117195599871,0.4178282315773025,0.0554636120023288,0.0450420122113318,2.465642587153284,1.3571174885185275
2024,Pishin,39,0.0,26.0051,21.1735,835482.0,1550.0,0.0,6218.0,0.2,206.0,66.0,0.0,0.7004914744550522,0.0727778932410562,0.4844265022292215,2.465642587153284,0.7899631589908579,0.0,5.733217472070015,0.6942100488101479,0.4667964121309615,0.0,0.0714,25.0023,26.5617,17.2304,25.0998,0.6554468155568188,0.6232882843940444,0.5642474150778164,0.5644078652440014,0.0697166049396994,0.0385345166133618,0.0238,0.2431599999999999,25.856366666666663,26.298119999999997,21.1679,28.072040000000005,0.6597421914686383,0.6328281110206825,0.5376939275170132,0.5147135320231467,0.0603430049313724,0.0478337458496085,5.733217472070015,2.341494064076362
2024,Pishin,41,0.0429,18.9888,27.9753,835482.0,1550.0,0.0,6218.0,0.2,479.0,58.0,39.0,0.5974486193307507,0.0,0.51880423406643,5.733217472070015,0.6942100488101479,0.4667964121309615,4.021630627589822,0.6343643549472041,0.7779940202182692,0.0,0.0,26.0051,25.0023,21.1735,17.2304,0.7004914744550522,0.6554468155568188,0.4844265022292215,0.5642474150778164,0.0727778932410562,0.0697166049396994,0.0143,0.2517399999999999,23.332066666666663,24.65378,22.1264,26.75848,0.6511289697808738,0.6501066532344002,0.5224927171244892,0.5227931789951226,0.0474981660602518,0.0478337458496085,4.021630627589822,3.5306523004334776
2024,Pishin,42,0.0,19.4215,19.5741,835482.0,1550.0,0.0,6218.0,0.2,336.0,53.0,65.0,0.6590869515338004,0.0679938461491079,0.5530592009571144,4.021630627589822,0.6343643549472041,0.7779940202182692,0.4787655509035503,4.045568905135,0.0,0.0429,0.0,18.9888,26.0051,27.9753,21.1735,0.5974486193307507,0.7004914744550522,0.51880423406643,0.4844265022292215,0.0,0.0727778932410562,0.0143,0.0228599999999999,21.4718,23.19588,22.907633333333337,22.21062,0.6523423484398677,0.6471524290540933,0.5187633124175886,0.5369890435149167,0.0469239131300547,0.049804572188645,0.4787655509035503,3.302303833432268
2024,Pishin,43,0.0,19.795,31.4899,835482.0,1550.0,0.0,6218.0,0.2,40.0,338.0,0.0,0.5254417631751395,0.0624666926071922,0.4984836813934972,0.4787655509035503,4.045568905135,0.0,2.5135191422436387,5.529742112936006,0.0119691387725887,0.0,0.0429,19.4215,18.9888,19.5741,27.9753,0.6590869515338004,0.5974486193307507,0.5530592009571144,0.51880423406643,0.0679938461491079,0.0,0.0143,0.0085799999999999,19.401766666666663,21.84254,26.346433333333334,23.48864,0.5939924446798966,0.6275831248103123,0.5234490388056804,0.5238042067448159,0.0434868462521,0.0545910073874111,2.5135191422436387,1.606301439562686
2024,Pishin,44,0.0,18.6117,28.7438,835482.0,1550.0,0.0,6218.0,0.2,210.0,462.0,1.0,0.7630207195379973,0.0608476436394488,0.4895211713945362,2.5135191422436387,5.529742112936006,0.0119691387725887,0.4383160123582638,0.4270771402465134,0.0,0.0,0.0,19.795,19.4215,31.4899,19.5741,0.5254417631751395,0.6590869515338004,0.4984836813934972,0.5530592009571144,0.0624666926071922,0.0679938461491079,0.0,0.0085799999999999,19.276066666666665,20.56442,26.6026,25.791319999999995,0.649183144748979,0.649097905606548,0.5136880179150493,0.5088589580081598,0.0637693941319163,0.052817215127361,0.4383160123582638,2.6090350248225924
2025,Pishin,37,0.0,26.4188,41.7497,889769.0,1550.0,0.0,6218.0,0.2,59.0,497.0,38.0,0.5105934105855237,0.0578166451075216,0.395016779629131,0.6630934545932708,5.585719439539925,0.4270771402465134,0.4832715008052651,5.967841091339438,0.033716616335251,0.0,0.0,24.8825,28.1617,27.0435,39.1176,0.4259066101163423,0.6542277579936759,0.3978885854926816,0.4392085296093199,0.0513669092300149,0.0539006175386784,0.0,0.0028599999999999,26.487666666666662,27.71246,35.97026666666667,35.75332,0.5302425928985138,0.5011469884985923,0.4107046315770442,0.393606055007798,0.0543613906254049,0.0543026727307258,0.4832715008052651,0.9741672638745937
2025,Pishin,38,0.0,23.8313,17.7026,889769.0,1550.0,0.0,6218.0,0.2,43.0,531.0,3.0,0.3907393131328427,0.0596015193226175,0.3702468102657391,0.4832715008052651,5.967841091339438,0.033716616335251,0.5282269892522666,5.169881171405163,0.0899109768940028,0.0,0.0,26.4188,24.8825,41.7497,27.0435,0.5105934105855237,0.4259066101163423,0.395016779629131,0.3978885854926816,0.0578166451075216,0.0513669092300149,0.0,0.0,25.0442,26.6965,28.83193333333333,32.30698,0.4424131112782361,0.4951821249015072,0.3877173917958506,0.3943147185653018,0.0562616912200513,0.0561953413412742,0.5282269892522666,0.913908932840239
2025,Pishin,39,0.0,24.1307,16.6026,889769.0,1550.0,0.0,6218.0,0.2,47.0,460.0,8.0,0.5467544350383642,0.0604085577746621,0.3363218841951938,0.5282269892522666,5.169881171405163,0.0899109768940028,0.3484050354642609,4.675370798488147,0.0,0.0,0.0,23.8313,26.4188,17.7026,41.7497,0.3907393131328427,0.5105934105855237,0.3702468102657391,0.395016779629131,0.0596015193226175,0.0578166451075216,0.0,0.0,24.7936,25.485000000000003,25.351633333333336,28.4432,0.4826957195855767,0.5056443053733497,0.3671951580300213,0.387736517838413,0.059275574068267,0.0566188497946989,0.3484050354642609,0.9334670933891367
2025,Pishin,40,0.0,21.7242,25.0349,889769.0,1550.0,0.0,6218.0,0.2,31.0,416.0,0.0,0.4648060600043601,0.0589046642814411,0.3961145991601033,0.3484050354642609,4.675370798488147,0.0,0.3484050354642609,4.304488018800385,0.1236275932292538,0.0,0.0,24.1307,23.8313,16.6026,17.7026,0.5467544350383642,0.3907393131328427,0.3363218841951938,0.3702468102657391,0.0604085577746621,0.0596015193226175,0.0,0.0,23.22873333333333,24.1975,19.78003333333333,25.62666,0.4674332693918555,0.4677599657754865,0.3675610978736787,0.3791177317485698,0.0596382471262402,0.0576196591432514,0.3484050354642609,0.9707644651219054
2025,Pishin,41,0.0,15.9706,20.4331,889769.0,1550.0,0.0,6218.0,0.2,31.0,383.0,11.0,0.369553750271949,0.0567962855086359,0.3382450183161955,0.3484050354642609,4.304488018800385,0.1236275932292538,0.4945103729170155,5.035014706064159,0.0899109768940028,0.0,0.0,21.7242,24.1307,25.0349,16.6026,0.4648060600043601,0.5467544350383642,0.3961145991601033,0.3363218841951938,0.0589046642814411,0.0604085577746621,0.0,0.0,20.6085,22.41512,20.6902,24.30458,0.460371415104891,0.4564893938066079,0.3568938338904975,0.3671890183132725,0.0587031691882463,0.0587055343989756,0.4945103729170155,0.9452942689257782
2025,Pishin,42,0.0,18.1715,17.8847,889769.0,1550.0,0.0,6218.0,0.2,44.0,448.0,8.0,0.523523153292677,0.0552898814750174,0.3489830306493921,0.4945103729170155,5.035014706064159,0.0899109768940028,0.5507047334757673,4.270771402465134,0.0112388721117503,0.0,0.0,15.9706,21.7242,20.4331,25.0349,0.369553750271949,0.4648060600043601,0.3382450183161955,0.3961145991601033,0.0567962855086359,0.0589046642814411,0.0,0.0,18.6221,20.76566,21.117566666666665,19.53158,0.4526276545229952,0.4590753423480386,0.361114216041897,0.3579822685173248,0.0569969437550314,0.0582001816724748,0.5507047334757673,1.2751554377544245
2025,Pishin,43,0.0,17.0956,20.9359,889769.0,1550.0,0.0,6218.0,0.2,49.0,380.0,1.0,0.4141654777354839,0.0536975723277949,0.3943159660681067,0.5507047334757673,4.270771402465134,0.0112388721117503,0.3371661633525106,2.708568178931835,0.0674332326705021,0.0,0.0,18.1715,15.9706,17.8847,20.4331,0.523523153292677,0.369553750271949,0.3489830306493921,0.3382450183161955,0.0552898814750174,0.0567962855086359,0.0,0.0,17.079233333333335,19.41852,19.75123333333333,20.17824,0.4357474604333698,0.4637605752685668,0.3605146716778981,0.3627960996777982,0.0552612464371493,0.0570193922735102,0.3371661633525106,1.0575912815657524
2024,Quetta,37,0.0,24.2275,24.8055,2595492.0,1680.0,0.0,3447.0,0.75,13.0,332.0,23.0,0.4086638418741354,0.0727026593465209,0.3804595141175874,0.0500868428798855,1.2791409104709242,0.0886151835567206,0.1232906901658722,0.6858044640476643,0.030822672541468,0.0857,2.3222,24.9587,24.3681,39.6609,58.5464,0.4935766611593905,0.4456914304892507,0.4001808270291678,0.0325379184740567,0.0541258155936443,0.050505324125979,0.8026333333333334,0.61016,24.5181,25.29066,41.004266666666666,46.34006,0.4493106445075922,0.3634205294111001,0.271059419873604,0.170112616879561,0.0591112663553813,0.0567556771174779,0.1232906901658722,0.17058995145940425
2024,Quetta,38,0.0,24.8679,27.8751,2595492.0,1680.0,0.0,3447.0,0.75,32.0,178.0,8.0,0.4138048573434528,0.0688780781037553,0.3559895637324277,0.1232906901658722,0.6858044640476643,0.030822672541468,1.3677560940276448,0.2696983847378454,0.023117004406101,0.0,0.0857,24.2275,24.9587,24.8055,39.6609,0.4086638418741354,0.4935766611593905,0.3804595141175874,0.4001808270291678,0.0727026593465209,0.0541258155936443,0.0285666666666666,0.50444,24.684700000000003,24.80482,30.7805,40.2103,0.4386817867923263,0.3621185254453678,0.3788766349597276,0.2413105296260465,0.0652355176813068,0.0599958004301435,1.3677560940276448,0.24029152765520312
2024,Quetta,39,0.0,25.292,30.2853,2595492.0,1680.0,0.0,3447.0,0.75,355.0,70.0,6.0,0.0,0.0763512840942951,0.0,1.3677560940276448,0.2696983847378454,0.023117004406101,3.005210572793135,2.138322907564346,0.0616453450829361,0.0,0.0,24.8679,24.2275,27.8751,24.8055,0.4138048573434528,0.4086638418741354,0.3559895637324277,0.3804595141175874,0.0688780781037553,0.0727026593465209,0.0,0.48158,24.7958,24.74284,27.6553,36.23464,0.2741562330725294,0.3523473581732458,0.245483025950005,0.2338335646706479,0.0726440071815237,0.0645126322528389,3.005210572793135,0.8344360150455215
2024,Quetta,40,0.3,22.5451,33.3204,2595492.0,1680.0,0.0,3447.0,0.75,780.0,555.0,16.0,0.3704622040044764,0.0660467505530447,0.0,3.005210572793135,2.138322907564346,0.0616453450829361,2.6353385022955185,0.1579661967750237,0.1155850220305051,0.0,0.0,25.292,24.8679,30.2853,27.8751,0.0,0.4138048573434528,0.0,0.3559895637324277,0.0763512840942951,0.0688780781037553,0.0999999999999999,0.07714,24.235,24.37824,30.4936,31.18944,0.261422353782643,0.337301512876291,0.1186631879108092,0.2273259809758365,0.0704253709170317,0.067620917538252,2.6353385022955185,2.118884966532882
2024,Quetta,41,0.3429,19.0099,30.662,2595492.0,1680.0,0.0,3447.0,0.75,684.0,41.0,30.0,0.4319720819354352,0.0558749729188668,0.333837173002913,2.6353385022955185,0.1579661967750237,0.1155850220305051,3.5792828488779778,0.2311700440610103,0.023117004406101,0.3,0.0,22.5451,25.292,33.3204,30.2853,0.3704622040044764,0.0,0.0,0.0,0.0660467505530447,0.0763512840942951,0.2143,0.12858,22.282333333333337,23.18848,31.422566666666665,29.38966,0.2674780953133038,0.3249805970314999,0.1112790576676376,0.2140572501705856,0.0660910025220688,0.0679707490032965,3.5792828488779778,1.8781248216631132
2024,Quetta,42,0.0,19.981,19.2714,2595492.0,1680.0,0.0,3447.0,0.75,929.0,60.0,6.0,0.3860734191053534,0.0721347635585831,0.3432850922273373,3.5792828488779778,0.2311700440610103,0.023117004406101,0.1232906901658722,2.3926099560314573,0.0,0.3429,0.3,19.0099,22.5451,30.662,33.3204,0.4319720819354352,0.3704622040044764,0.333837173002913,0.0,0.0558749729188668,0.0660467505530447,0.2143,0.12858,20.512,22.33918,27.751266666666663,28.28284,0.3961692350150883,0.3204625124777435,0.2257074217434167,0.2066223657925356,0.0646854956768315,0.067857169845709,0.1232906901658722,3.1283764529521108
2024,Quetta,43,0.0143,19.8304,34.0682,2595492.0,1680.0,0.0,3447.0,0.75,32.0,621.0,0.0,0.3998939468907744,0.0658452885279894,0.3415178488801803,0.1232906901658722,2.3926099560314573,0.0,0.1078793538951381,3.298025961937081,0.0,0.0,0.3429,19.981,19.0099,19.2714,30.662,0.3860734191053534,0.4319720819354352,0.3432850922273373,0.333837173002913,0.0721347635585831,0.0558749729188668,0.1190666666666666,0.13144,19.6071,21.33168,28.000533333333333,29.52146,0.4059798159771877,0.3176803303872079,0.3395467047034768,0.203728022822086,0.0646183416684797,0.0672506119305558,0.1078793538951381,0.24245635708196556
2024,Quetta,44,0.0,19.4367,27.0639,2595492.0,1680.0,0.0,3447.0,0.75,28.0,856.0,0.0,1.0,0.0642104979404313,0.0,0.1078793538951381,3.298025961937081,0.0,0.0290748914688816,0.0726872286722042,0.0,0.0143,0.0,19.8304,19.981,34.0682,19.2714,0.3998939468907744,0.3860734191053534,0.3415178488801803,0.3432850922273373,0.0658452885279894,0.0721347635585831,0.0047666666666666,0.13144,19.749366666666667,20.16062,26.801166666666663,28.87718,0.5953224553320426,0.517680330387208,0.2282676470358391,0.203728022822086,0.0673968500090012,0.064822454699783,0.0290748914688816,0.9709482529596212
2025,Quetta,37,0.1429,24.6757,55.8224,2751515.0,1680.0,0.0,3447.0,0.75,31.0,573.0,19.0,0.3495285911532334,0.0608504691886401,0.3182466256109312,0.1126652044419165,2.082489101458651,0.069052867238594,0.0908590358402552,2.122467077228363,0.0,0.0,0.1571,24.4548,26.5278,33.8071,52.1671,0.3833607051945664,0.0,0.3088104283706565,0.0,0.0507290129696636,0.0578084649095872,0.1,0.06572,25.21943333333333,26.15354,47.26553333333333,43.08216,0.2442964321159332,0.2859418861042663,0.2090190179938625,0.2408189718462617,0.0564626490226303,0.053598035774827,0.0908590358402552,0.33138987953373444
2025,Quetta,38,0.0,23.4944,20.1374,2751515.0,1680.0,0.0,3447.0,0.75,25.0,584.0,0.0,0.3395019760797489,0.0615907690941005,0.3077539074308742,0.0908590358402552,2.122467077228363,0.0,0.0944933972738654,1.962555174149514,0.0,0.1429,0.0,24.6757,24.4548,55.8224,33.8071,0.3495285911532334,0.3833607051945664,0.3182466256109312,0.3088104283706565,0.0608504691886401,0.0507290129696636,0.0476333333333333,0.06572,24.2083,25.3602,36.58896666666666,40.4252,0.3574637574758495,0.2924121745761268,0.3116036538041539,0.2453413750257574,0.0577234170841347,0.0530364696806323,0.0944933972738654,0.2327688830448933
2025,Quetta,39,0.0,24.1212,18.1929,2751515.0,1680.0,0.0,3447.0,0.75,26.0,540.0,0.0,0.0,0.0625631243171645,0.0,0.0944933972738654,1.962555174149514,0.0,0.0508810600705429,1.7299560423984603,0.0,0.0,0.1429,23.4944,24.6757,20.1374,55.8224,0.3395019760797489,0.3495285911532334,0.3077539074308742,0.3182466256109312,0.0615907690941005,0.0608504691886401,0.0476333333333333,0.06,24.0971,24.65478,31.384233333333334,36.02538,0.2296768557443274,0.2144782544855097,0.2086668443472684,0.1869621922824924,0.061668120866635,0.0587083680958311,0.0508810600705429,0.13542466503145967
2025,Quetta,40,0.0,21.667,30.6473,2751515.0,1680.0,0.0,3447.0,0.75,14.0,476.0,0.0,0.3307916164369362,0.061417854757543,0.0,0.0508810600705429,1.7299560423984603,0.0,0.069052867238594,1.5264318021162888,0.0,0.0,0.0,24.1212,23.4944,18.1929,20.1374,0.0,0.3395019760797489,0.0,0.3077539074308742,0.0625631243171645,0.0615907690941005,0.0,0.02858,23.0942,23.682620000000004,22.99253333333333,31.72142,0.2234311975055617,0.2806365777728969,0.1025846358102913,0.1869621922824924,0.0618572493896026,0.0594302460654223,0.069052867238594,0.1647087464834298
2025,Quetta,41,0.0,16.09,22.4936,2751515.0,1680.0,0.0,3447.0,0.75,19.0,420.0,0.0,0.0185443726590858,0.0607806057817479,0.0132968736460008,0.069052867238594,1.5264318021162888,0.0,0.0944933972738654,1.908039752645361,0.0,0.0,0.0,21.667,24.1212,30.6473,18.1929,0.3307916164369362,0.0,0.0,0.0,0.061417854757543,0.0625631243171645,0.0,0.02858,20.62606666666667,22.00966,23.777933333333333,29.45872,0.116445329698674,0.2076733112658008,0.0044322912153335,0.1278594813375612,0.0615871949521517,0.0614405646278392,0.0944933972738654,0.2015319096631618
2025,Quetta,42,0.0,18.7179,20.1734,2751515.0,1680.0,0.0,3447.0,0.75,26.0,525.0,0.0,0.339337251355123,0.059592896422646,0.0133353874002253,0.0944933972738654,1.908039752645361,0.0,0.0981277587074757,1.6427313679918154,0.0036343614336102,0.0,0.0,16.09,21.667,22.4936,30.6473,0.0185443726590858,0.3307916164369362,0.0132968736460008,0.0,0.0607806057817479,0.061417854757543,0.0,0.0,18.82496666666667,20.8181,24.4381,22.32892,0.2295577468170483,0.2056350433061788,0.008877420348742,0.06687723369542,0.0605971189873122,0.0611890500746403,0.0981277587074757,0.2109846342841788
2025,Quetta,43,0.0,17.3108,23.6004,2751515.0,1680.0,0.0,3447.0,0.75,27.0,452.0,1.0,0.3405655919046743,0.0579908826196297,0.3005013924483276,0.0981277587074757,1.6427313679918154,0.0036343614336102,0.0981277587074757,1.635462645124595,0.0,0.0,0.0,18.7179,16.09,20.1734,22.4936,0.339337251355123,0.0185443726590858,0.0133353874002253,0.0132968736460008,0.059592896422646,0.0607806057817479,0.0,0.0,17.3729,19.581380000000003,22.089133333333336,23.02152,0.2328157386396276,0.2058477664711638,0.1090445511648512,0.0654267306989107,0.0594547949413412,0.0604690727797462,0.0981277587074757,0.36195989389099825
2025,SD Tank,38,0.6286,31.4267,58.0939,604463.0,0.0,0.0,0.0,0.0,13.0,22.0,0.0,0.0,0.0,0.0,0.2150669271733754,0.3639594152164814,0.0,0.2150669271733754,0.3639594152164814,0.049630829347702,4.0429,10.7857,29.4857,30.3309,66.625,70.0088,0.0,0.0,0.0,0.0,0.0,0.0,5.1524,3.18286,30.41443333333333,31.74726,64.90923333333333,61.55445999999999,0.0,0.0,0.0,0.0,0.0,0.0,0.2150669271733754,0.7864984260554362
2025,SD Tank,41,0.3,23.3002,56.0402,604463.0,0.0,0.0,0.0,0.0,13.0,22.0,3.0,0.0,0.0,0.0,0.2150669271733754,0.3639594152164814,0.049630829347702,0.2150669271733754,0.3639594152164814,0.0,0.6286,4.0429,31.4267,29.4857,58.0939,66.625,0.0,0.0,0.0,0.0,0.0,0.0,1.657166666666667,3.2114400000000005,28.07086666666667,29.65416,60.25303333333333,61.57528,0.0,0.0,0.0,0.0,0.0,0.0,0.2150669271733754,0.5595140015142386
2024,Sanghar,37,1.3846,29.524,72.7137,2308465.0,16.0,1.0,10608.0,0.2,4072.0,1284.0,18.0,0.1368621091512898,0.2908968137171968,0.1105600163192735,17.639427065171013,5.562137610923275,0.077973891741915,19.56711494434613,6.016985312751114,0.1429521348601776,2.5714,13.4889,28.9897,28.6804,78.8068,79.9196,0.3734300095828265,0.3715489081673005,0.2977555850516854,0.3218420676716637,0.1086784049050201,0.0,5.814966666666667,4.9547,29.0647,29.49332,77.14670000000001,76.17188000000002,0.2939470089671389,0.3598828769551871,0.2433858896808741,0.2683183785783077,0.1331917395407389,0.1702073612410802,19.56711494434613,19.66150113335668
2024,Sanghar,38,0.0,31.334,59.8996,2308465.0,16.0,1.0,10608.0,0.2,4517.0,1389.0,33.0,0.4206197713977782,0.1022461002382161,0.1245479814779441,19.56711494434613,6.016985312751114,0.1429521348601776,24.704728033563427,7.4984892558475,0.1689434321074827,1.3846,2.5714,29.524,28.9897,72.7137,78.8068,0.1368621091512898,0.3734300095828265,0.1105600163192735,0.2977555850516854,0.2908968137171968,0.1086784049050201,1.318666666666667,3.78612,29.949233333333336,29.69564,70.47336666666668,73.40026,0.3103039633772982,0.3464750101592969,0.1776211942829676,0.2502866262680691,0.1672737729534776,0.1495998708496368,24.704728033563427,19.884603286240242
2024,Sanghar,39,0.0,32.3447,59.3159,2308465.0,16.0,1.0,10608.0,0.2,5703.0,1731.0,39.0,0.1646806675177308,0.2306923753435751,0.1401342583106939,24.704728033563427,7.4984892558475,0.1689434321074827,20.53312482537097,6.861702473288528,0.2512492067239486,0.0,1.3846,31.334,29.524,59.8996,72.7137,0.4206197713977782,0.1368621091512898,0.1245479814779441,0.1105600163192735,0.1022461002382161,0.2908968137171968,0.4615333333333339,3.4889799999999997,31.067566666666664,30.174560000000003,63.976400000000005,70.13112,0.2407208493555996,0.2934282931633851,0.1250807520359705,0.1989679817662521,0.207945096432996,0.1465027388408016,20.53312482537097,22.086916252067997
2024,Sanghar,40,0.0,31.4337,59.9741,2308465.0,16.0,1.0,10608.0,0.2,4740.0,1584.0,58.0,0.5163066386642607,0.2147768237522849,0.143933161082193,20.53312482537097,6.861702473288528,0.2512492067239486,23.773373215535,8.312883236263058,0.2425854409748469,0.0,0.0,32.3447,31.334,59.3159,59.8996,0.1646806675177308,0.4206197713977782,0.1401342583106939,0.1245479814779441,0.2306923753435751,0.1022461002382161,0.0,0.7912000000000001,31.70413333333333,30.72522,59.72986666666666,66.14202,0.3672023591932565,0.3223798392627771,0.1362051336236103,0.163386200448358,0.182571766444692,0.1894581035912586,23.773373215535,19.98914312424172
2024,Sanghar,41,0.0,31.4498,43.2931,2308465.0,16.0,1.0,10608.0,0.2,5488.0,1919.0,56.0,0.536309766822694,0.1980761910982603,0.4659905447635431,23.773373215535,8.312883236263058,0.2425854409748469,19.467481638231465,8.966997550320235,0.1689434321074827,0.0,0.0,31.4337,32.3447,59.9741,59.3159,0.5163066386642607,0.1646806675177308,0.143933161082193,0.1401342583106939,0.2147768237522849,0.2306923753435751,0.0,0.27692,31.742733333333334,31.21724,54.19436666666667,59.03928,0.4057656910015619,0.3549557907107507,0.2500193213854766,0.1970331923907295,0.2145151300647067,0.2073376608299066,19.467481638231465,21.29565077046474
2024,Sanghar,42,0.0,31.579,44.9652,2308465.0,16.0,1.0,10608.0,0.2,4494.0,2070.0,39.0,0.2735052146233911,0.1225808783556499,0.188457803221921,19.467481638231465,8.966997550320235,0.1689434321074827,20.20390172690511,8.195922398650186,0.3552143957131687,0.0,0.0,31.4498,31.4337,43.2931,59.9741,0.536309766822694,0.5163066386642607,0.4659905447635431,0.143933161082193,0.1980761910982603,0.2147768237522849,0.0,0.0,31.4875,31.62824,49.4108,53.48958,0.442040540036782,0.382284411805171,0.266127169689219,0.212612749771259,0.178477964402065,0.1736744737575972,20.20390172690511,18.112245529898633
2024,Sanghar,43,0.0,31.0281,41.3838,2308465.0,16.0,1.0,10608.0,0.2,4664.0,1892.0,82.0,0.6514311582303365,0.1714522398815608,0.2551388237819031,20.20390172690511,8.195922398650186,0.3552143957131687,15.187581358175237,6.736077869926553,0.1342883691110759,0.0,0.0,31.579,31.4498,44.9652,43.2931,0.2735052146233911,0.536309766822694,0.188457803221921,0.4659905447635431,0.1225808783556499,0.1980761910982603,0.0,0.0,31.3523,31.56706,43.21403333333333,49.78642,0.4870820465588072,0.4284466891716826,0.3031957239224557,0.2387309182320508,0.164036436445157,0.1875157016862662,15.187581358175237,18.47976273332406
2024,Sanghar,44,0.0,29.1465,41.6294,2308465.0,16.0,1.0,10608.0,0.2,3506.0,1555.0,31.0,0.3745864758892725,0.1559835725361686,0.3160332761671636,15.187581358175237,6.736077869926553,0.1342883691110759,14.452540655310523,7.5801444449806175,0.1568305747237369,0.0,0.0,31.0281,31.579,41.3838,44.9652,0.6514311582303365,0.2735052146233911,0.2551388237819031,0.188457803221921,0.1714522398815608,0.1225808783556499,0.0,0.0,30.584533333333336,30.92742,42.65946666666667,46.24912,0.4331742829143334,0.4704278508459909,0.2532099677236625,0.2739107218033448,0.1500055635911264,0.1725739411247849,14.452540655310523,15.006984088485398
2025,Sanghar,37,3.6714,27.5153,81.6858,2486760.0,16.0,1.0,10608.0,0.2,5840.0,2272.0,189.0,0.1687068542825597,0.25670403602321,0.0,23.48437324068265,9.136386301854625,0.7600250928919559,32.45186507745018,9.433962264150944,0.9088130740401164,8.6429,5.0143,30.8778,30.0409,67.1992,81.4084,0.0,0.1779428114650598,0.0,0.1262646107112197,0.0,0.2069793160399529,5.7762,3.61144,29.478,30.418560000000003,76.76446666666668,70.51928000000001,0.1155498885825398,0.1851249177359858,0.0420882035704065,0.0957501905551335,0.1545611173543876,0.1468853074452447,32.45186507745018,24.536604460431153
2025,Sanghar,38,0.0,29.204,72.1334,2486760.0,16.0,1.0,10608.0,0.2,8070.0,2346.0,226.0,0.409818766956489,0.2377252746300836,0.149258442633092,32.45186507745018,9.433962264150944,0.9088130740401164,30.288407405620163,8.529170486898614,0.542875066351397,3.6714,8.6429,27.5153,30.8778,81.6858,67.1992,0.1687068542825597,0.0,0.0,0.0,0.25670403602321,0.0,4.104766666666667,3.61144,29.199033333333333,29.93816,73.67280000000001,72.89766,0.1928418737463496,0.2170562578287319,0.0497528142110306,0.0837032684673698,0.1648097702177645,0.1402817253386493,30.288407405620163,29.953444837708016
2025,Sanghar,40,1.3429,29.9572,68.7766,2486760.0,16.0,1.0,10608.0,0.2,6261.0,1898.0,973.0,0.5408026636336863,0.1956070809419455,0.0737532543991311,25.177339188341456,7.632421303221863,3.912721774517847,32.56848268429604,9.277131689427206,0.7720889832553202,0.0,0.0,30.4876,29.204,61.2962,72.1334,0.0766455356096694,0.409818766956489,0.0741773131648911,0.149258442633092,0.1006623434431016,0.2377252746300836,0.4476333333333339,2.73144,29.88293333333333,29.60838,67.40206666666667,70.21824000000001,0.3424223220666149,0.2391947640964808,0.099063003399038,0.0594378020394228,0.1779982330050435,0.1581397470076681,32.56848268429604,22.045544920879493
2025,Sanghar,41,0.0,28.1733,50.6758,2486760.0,16.0,1.0,10608.0,0.2,8099.0,2307.0,192.0,0.5575989240137439,0.1988519602847306,0.4898505158457512,32.56848268429604,9.277131689427206,0.7720889832553202,33.77487172063247,8.509064002959674,0.8565362157988707,1.3429,0.0,29.9572,30.4876,68.7766,61.2962,0.5408026636336863,0.0766455356096694,0.0737532543991311,0.0741773131648911,0.1956070809419455,0.1006623434431016,0.4476333333333339,1.00286,29.539366666666663,29.06748,60.24953333333335,66.91355999999999,0.3916823744190332,0.3507145488992296,0.2125936944699244,0.157407905208573,0.1650404615565925,0.1979101390646142,33.77487172063247,27.779499376655078
2025,Sanghar,42,0.0,28.2757,39.2011,2486760.0,16.0,1.0,10608.0,0.2,8399.0,2116.0,213.0,0.6604527912476476,0.1791017333349591,0.5281656033180879,33.77487172063247,8.509064002959674,0.8565362157988707,28.072672875548903,7.676655567887533,0.8042593575576251,0.0,1.3429,28.1733,29.9572,50.6758,68.7766,0.5575989240137439,0.5408026636336863,0.4898505158457512,0.0737532543991311,0.1988519602847306,0.1956070809419455,0.4476333333333339,0.26858,28.80206666666666,29.21956,52.88450000000001,58.41662,0.586284792965026,0.4490637362922472,0.36392312452099,0.2630410258721906,0.1911869248538783,0.182389678526964,28.072672875548903,27.951884600013123
2025,Sanghar,43,0.0,26.9034,47.0666,2486760.0,16.0,1.0,10608.0,0.2,6981.0,1909.0,200.0,0.6774462318228168,0.1621939472318886,0.5875443102247243,28.072672875548903,7.676655567887533,0.8042593575576251,25.523170712091236,7.286589779472084,0.9208769644034808,0.0,0.0,28.2757,28.1733,39.2011,50.6758,0.6604527912476476,0.5575989240137439,0.5281656033180879,0.4898505158457512,0.1791017333349591,0.1988519602847306,0.0,0.26858,27.78413333333333,28.75944,45.64783333333335,53.40326,0.6318326490280693,0.5025892292655127,0.5351868097961878,0.3506981993905171,0.1800492136171927,0.167283413047325,25.523170712091236,24.108534525740467
2024,Shaheed Benazirabad,37,0.4692,30.1355,71.7337,1845102.0,30.0,2.0,4502.0,0.5,3053.0,2532.0,82.0,0.3606265509795842,0.2773581695945013,0.3013975333473821,16.546510707809105,13.72281857588361,0.4444198748903855,15.451720284298649,12.703904716378824,0.5148766843242271,0.8714,14.7778,29.9644,28.8632,76.1947,81.4524,0.3299986838556643,0.3212841375485175,0.2552404112575491,0.2632956436841864,0.1832100791378528,0.0,5.372799999999999,5.083679999999999,29.654366666666665,30.02094,76.46026666666667,76.19685999999999,0.337303124127922,0.3538781085288128,0.2733111960963725,0.2197742643162482,0.1535227495774513,0.1916333049465047,15.451720284298649,18.520644267520524
2024,Shaheed Benazirabad,38,0.0,31.476,61.2952,1845102.0,30.0,2.0,4502.0,0.5,2851.0,2344.0,95.0,0.3412583053235895,0.0,0.3080230091710096,15.451720284298649,12.703904716378824,0.5148766843242271,16.26468347007374,12.61718864322948,0.3793828200283778,0.4692,0.8714,30.1355,29.9644,71.7337,76.1947,0.3606265509795842,0.3299986838556643,0.3013975333473821,0.2552404112575491,0.2773581695945013,0.1832100791378528,0.4468666666666661,3.9694,30.5253,30.11986,69.7412,73.60208,0.343961180052946,0.3344986954471697,0.2882203179253136,0.2813788661504501,0.1535227495774513,0.1424113686586906,16.26468347007374,17.792216502201796
2024,Shaheed Benazirabad,39,0.0857,32.8096,57.9212,1845102.0,30.0,2.0,4502.0,0.5,3001.0,2328.0,70.0,0.3678124983554077,0.2469387808977969,0.3124945782549653,16.26468347007374,12.61718864322948,0.3793828200283778,14.600818816520713,10.801570861665102,0.5744939846144007,0.0,0.4692,31.476,30.1355,61.2952,71.7337,0.3412583053235895,0.3606265509795842,0.3080230091710096,0.3013975333473821,0.0,0.2773581695945013,0.184966666666666,3.2408200000000003,31.4737,30.64974,63.65003333333333,69.71943999999999,0.3565657848861938,0.3441960352125526,0.3073050402577857,0.2880902351430185,0.1747656501640994,0.1415014059260302,14.600818816520713,17.12158514057228
2024,Shaheed Benazirabad,40,0.0,31.6601,58.246,1845102.0,30.0,2.0,4502.0,0.5,2694.0,1993.0,106.0,0.4249995422976835,0.2397309065180792,0.3170875649729244,14.600818816520713,10.801570861665102,0.5744939846144007,13.87457170389496,9.9398298847435,0.4444198748903855,0.0857,0.0,32.8096,31.476,57.9212,61.2952,0.3678124983554077,0.3412583053235895,0.3124945782549653,0.3080230091710096,0.2469387808977969,0.0,0.028566666666666,0.2852599999999999,31.9819,31.20912,59.15413333333333,65.07816,0.3780234486588936,0.3649391161623858,0.3125350507996331,0.2988486194007661,0.1622232291386253,0.189447587229646,13.87457170389496,15.545661214274364
2024,Shaheed Benazirabad,41,0.0,29.9971,48.8068,1845102.0,30.0,2.0,4502.0,0.5,2560.0,1834.0,82.0,0.3878723442776362,0.2108459736163828,0.3218530361277857,13.87457170389496,9.9398298847435,0.4444198748903855,13.034509745260696,9.901891602740662,0.531135948039729,0.0,0.0857,31.6601,32.8096,58.246,57.9212,0.4249995422976835,0.3678124983554077,0.3170875649729244,0.3124945782549653,0.2397309065180792,0.2469387808977969,0.028566666666666,0.11098,31.48893333333333,31.21566,54.99133333333334,59.60058,0.3935614616435758,0.3765138482467802,0.3171450597852251,0.3121711443748134,0.2325052203440863,0.194974766125352,13.034509745260696,13.981856341251344
2024,Shaheed Benazirabad,42,0.0,30.4269,45.4397,1845102.0,30.0,2.0,4502.0,0.5,2405.0,1827.0,98.0,0.4878696465899632,0.0,0.372837638210454,13.034509745260696,9.901891602740662,0.531135948039729,10.99126227167929,9.099767926109235,0.525716193467895,0.0,0.0,29.9971,31.6601,48.8068,58.246,0.3878723442776362,0.4249995422976835,0.3218530361277857,0.3170875649729244,0.2108459736163828,0.2397309065180792,0.0,0.01714,30.6947,31.27394,50.83083333333334,54.34178000000001,0.4335805110550943,0.401962467368856,0.3372594131037214,0.3264591653474278,0.150192293378154,0.1395031322064517,10.99126227167929,13.841594435872086
2024,Shaheed Benazirabad,43,0.0,30.4415,37.4996,1845102.0,30.0,2.0,4502.0,0.5,2028.0,1679.0,97.0,0.4651809034298371,0.1923755447824582,0.4085133089412202,10.99126227167929,9.099767926109235,0.525716193467895,8.86129872494854,7.609335418854893,0.4552593840340533,0.0,0.0,30.4269,29.9971,45.4397,48.8068,0.4878696465899632,0.3878723442776362,0.372837638210454,0.3218530361277857,0.0,0.2108459736163828,0.0,0.01714,30.2885,31.06704,43.91536666666667,49.58266,0.4469742980991455,0.4267469869901055,0.3677346610931533,0.3465572253014699,0.1344071727996136,0.1779782411629434,8.86129872494854,11.292431373991239
2024,Shaheed Benazirabad,44,0.0,29.3843,47.8921,1845102.0,30.0,2.0,4502.0,0.5,1635.0,1404.0,84.0,0.5454094742534755,0.1673266721028838,0.4215288595911441,8.86129872494854,7.609335418854893,0.4552593840340533,9.912835763337071,9.133347384637002,0.4769238106520164,0.0,0.0,30.4415,30.4269,37.4996,45.4397,0.4651809034298371,0.4878696465899632,0.4085133089412202,0.372837638210454,0.1923755447824582,0.0,0.0,0.0,30.084233333333334,30.38198,43.61046666666667,47.57684,0.4994866747577586,0.4622663821697191,0.4009599355809394,0.3683640815687056,0.1199007389617806,0.1620558194039608,9.912835763337071,9.676633804252454
2025,Shaheed Benazirabad,37,17.3429,27.9248,79.8123,1949997.0,30.0,2.0,4502.0,0.5,3021.0,2063.0,142.0,0.4031889294814302,0.2618043286004781,0.0,15.492331526663888,10.579503455646345,0.7282062485224337,17.77951453258646,10.830785893516758,0.7333344615401972,1.5429,6.6429,33.0558,31.2698,55.7252,73.7824,0.0,0.3871061359786525,0.0,0.292353862545437,0.0,0.2328688437607803,8.509566666666666,5.18288,30.750133333333338,31.71138,69.7733,64.0026,0.2634316884866942,0.313038014392505,0.0974512875151457,0.1978277106363457,0.1648910574537527,0.1582378839341121,17.77951453258646,17.4572787093888
2025,Shaheed Benazirabad,38,0.0,29.671,72.8371,1949997.0,30.0,2.0,4502.0,0.5,3467.0,2112.0,143.0,0.3767186341191571,0.2488157563363458,0.3453506726958863,17.77951453258646,10.830785893516758,0.7333344615401972,14.082072946778892,9.143603810672529,0.7333344615401972,17.3429,1.5429,27.9248,33.0558,79.8123,55.7252,0.4031889294814302,0.0,0.0,0.0,0.2618043286004781,0.0,6.295266666666667,5.18288,30.2172,31.10888,69.4582,67.34532,0.2599691878668624,0.2984598198603049,0.1151168908986288,0.1889530324216941,0.1702066949789412,0.1486977857395208,14.082072946778892,19.427852669328335
2025,Shaheed Benazirabad,39,0.0,30.3659,64.1912,1949997.0,30.0,2.0,4502.0,0.5,2746.0,1783.0,143.0,0.1519153499293685,0.0,0.1283918290356101,14.082072946778892,9.143603810672529,0.7333344615401972,12.923096804764317,8.071807289959933,0.24102601183489,0.0,17.3429,29.671,27.9248,72.8371,79.8123,0.3767186341191571,0.4031889294814302,0.3453506726958863,0.0,0.2488157563363458,0.2618043286004781,5.780966666666667,5.10574,29.320566666666668,30.45746,72.2802,69.26964,0.3106076378433186,0.2637858099017217,0.1579141672438322,0.1532192728553866,0.1702066949789412,0.1486977857395208,12.923096804764317,16.01685243286107
2025,Shaheed Benazirabad,40,0.4714,30.8641,62.33,1949997.0,30.0,2.0,4502.0,0.5,2520.0,1574.0,47.0,0.4393827385934556,0.2172838213477105,0.1287829107628021,12.923096804764317,8.071807289959933,0.24102601183489,24.035934414258072,9.410270887596235,0.5846162840250524,0.0,0.0,30.3659,29.671,64.1912,72.8371,0.1519153499293685,0.3767186341191571,0.1283918290356101,0.3453506726958863,0.0,0.2488157563363458,0.1571333333333333,3.87144,30.30033333333333,30.37632,66.45276666666668,66.97916000000001,0.3226722408806604,0.2742411304246823,0.2008418041647662,0.1205050824988596,0.1553665258946854,0.1455807812569068,24.035934414258072,13.922389856369064
2025,Shaheed Benazirabad,41,0.0,27.3013,49.4816,1949997.0,30.0,2.0,4502.0,0.5,4687.0,1835.0,114.0,0.4185449335845647,0.2220832099428691,0.3555993457723502,24.035934414258072,9.410270887596235,0.5846162840250524,22.025674911294733,8.94873171599751,0.6205137751493977,0.4714,0.0,30.8641,30.3659,62.33,64.1912,0.4393827385934556,0.1519153499293685,0.1287829107628021,0.1283918290356101,0.2172838213477105,0.0,0.1571333333333333,3.56286,29.51043333333333,29.225420000000003,58.66759999999999,65.73044,0.3366143407024629,0.3579501171415952,0.2042580285235875,0.1916249516533297,0.1464556770968598,0.1899974232454807,22.025674911294733,22.99104323009133
2025,Shaheed Benazirabad,42,0.0,27.9683,38.95,1949997.0,30.0,2.0,4502.0,0.5,4295.0,1745.0,121.0,0.5543555886207084,0.1996303826756111,0.3650928342651436,22.025674911294733,8.94873171599751,0.6205137751493977,20.97951945567096,8.497448970434313,0.6871805443803246,0.0,0.4714,27.3013,30.8641,49.4816,62.33,0.4185449335845647,0.4393827385934556,0.3555993457723502,0.1287829107628021,0.2220832099428691,0.2172838213477105,0.1571333333333333,0.09428,28.711233333333336,29.23412,50.25386666666666,57.55798,0.4707610869329096,0.3881834489694508,0.2831583636000986,0.2646435185063585,0.2129991379887301,0.1775626340605073,20.97951945567096,22.38120951511998
2025,Shaheed Benazirabad,43,0.0,27.932,37.1743,1949997.0,30.0,2.0,4502.0,0.5,4091.0,1657.0,134.0,0.523406035760713,0.1817614785189695,0.420503252495813,20.97951945567096,8.497448970434313,0.6871805443803246,18.03079697045688,7.815396639071753,0.6256419881671613,0.0,0.0,27.9683,27.3013,38.95,49.4816,0.5543555886207084,0.4185449335845647,0.3650928342651436,0.3555993457723502,0.1996303826756111,0.2220832099428691,0.0,0.09428,27.733866666666668,28.88632,41.868633333333335,50.42542,0.4987688526553286,0.4175209292977621,0.3803984775111023,0.2796740344663438,0.2011583570458165,0.164151778497032,18.03079697045688,20.098047317409083
2025,Shangla,37,3.3143,18.1631,80.1396,915157.0,2000.0,2.0,1586.0,0.35,0.0,1399.0,15.0,0.0,0.3356447943149762,0.0,0.0,15.286994471986771,0.1639063024158696,12.653566546505136,18.4449225651992,1.1473441169110874,6.0143,7.4,16.9857,17.9827,81.0142,81.9614,0.0751154650921717,0.0053236187599052,0.0027195927405515,0.0027474681305892,0.3817021204282135,0.375555991708567,5.5762,7.228579999999999,17.7105,18.2932,81.03840000000001,83.52746,0.0268130279506922,0.0433463401646303,0.0018223536237135,0.0024020998542104,0.3643009688172522,0.2935390721455845,12.653566546505136,2.5847502143531487
2025,Shangla,38,2.5714,17.4869,68.5831,915157.0,2000.0,2.0,1586.0,0.35,1158.0,1688.0,105.0,0.0051685619028205,0.2296199790637229,0.0,12.653566546505136,18.4449225651992,1.1473441169110874,12.314826854845672,13.44031679810131,0.0218541736554492,3.3143,6.0143,18.1631,16.9857,80.1396,81.0142,0.0,0.0751154650921717,0.0,0.0027195927405515,0.3356447943149762,0.3817021204282135,3.966666666666667,6.87714,17.545233333333332,18.0069,76.57896666666669,80.44876000000001,0.026761342331664,0.0179603460961967,0.0009065309135171,0.0015979874667766,0.3156556312689708,0.3394630679583291,12.314826854845672,9.107533143474964
2025,Shangla,39,0.7286,17.9982,57.2778,915157.0,2000.0,2.0,1586.0,0.35,1127.0,1230.0,2.0,0.0066366657781386,0.3850404799780627,0.0026789411300799,12.314826854845672,13.44031679810131,0.0218541736554492,8.249950554932104,12.008868423669382,0.0546354341386232,2.5714,3.3143,17.4869,18.1631,68.5831,80.1396,0.0051685619028205,0.0,0.0,0.0,0.2296199790637229,0.3356447943149762,2.2047666666666665,4.00572,17.882733333333334,17.72332,68.66683333333334,73.79522,0.003935075893653,0.0184488623066071,0.0008929803766933,0.0016292004002441,0.3167684177855872,0.3415126730987085,8.249950554932104,8.811099762316406
2025,Shangla,40,5.8429,14.8428,61.0113,915157.0,2000.0,2.0,1586.0,0.35,755.0,1099.0,5.0,0.0159185899233949,0.31233910674269,0.0026266747737592,8.249950554932104,12.008868423669382,0.0546354341386232,7.124460611676466,12.085358031463452,0.2622500838653914,0.7286,2.5714,17.9982,17.4869,57.2778,68.5831,0.0066366657781386,0.0051685619028205,0.0026789411300799,0.0,0.3850404799780627,0.2296199790637229,3.0476333333333336,3.6943,16.775966666666665,17.09534,62.29073333333334,69.6052,0.0092412725347846,0.0205678565393051,0.001768538634613,0.0016050417288781,0.3089998552614919,0.328869296105533,7.124460611676466,6.4735750123246465
2025,Shangla,41,4.6,10.9672,59.7681,915157.0,2000.0,2.0,1586.0,0.35,652.0,1106.0,24.0,0.0099735822605663,0.3518001506827717,0.0038421579268607,7.124460611676466,12.085358031463452,0.2622500838653914,5.93340814745448,13.243629235202263,0.0655625209663478,5.8429,0.7286,14.8428,17.9982,61.0113,57.2778,0.0159185899233949,0.0066366657781386,0.0026266747737592,0.0026789411300799,0.31233910674269,0.3850404799780627,3.723833333333333,3.41144,14.602733333333331,15.89164,59.35240000000001,65.35598,0.0108429459873665,0.007539479972984,0.0030492579435666,0.0018295547661399,0.3497265791345081,0.3228889021564447,5.93340814745448,5.13992622784059
2025,Shangla,42,0.0857,14.478,54.0226,915157.0,2000.0,2.0,1586.0,0.35,543.0,1212.0,6.0,0.1367874426013779,0.2876071102060406,0.0031702448794941,5.93340814745448,13.243629235202263,0.0655625209663478,5.93340814745448,13.243629235202263,0.0,4.6,5.8429,10.9672,14.8428,59.7681,61.0113,0.0099735822605663,0.0159185899233949,0.0038421579268607,0.0026266747737592,0.3518001506827717,0.31233910674269,3.509533333333333,2.76572,13.429333333333332,15.15462,58.26733333333334,60.13258,0.0542265382617797,0.0348969684932596,0.003213025860038,0.0024636037420387,0.3172487892105007,0.3132813653346575,5.93340814745448,4.302466173886291
2025,Shangla,43,0.1143,12.817,42.8301,915157.0,2000.0,2.0,1586.0,0.35,543.0,1212.0,0.0,0.0311234537143666,0.3177377937429659,0.0077267096760705,5.93340814745448,13.243629235202263,0.0,5.835064366004959,8.56683607293612,0.1966875628990435,0.0857,4.6,14.478,10.9672,54.0226,59.7681,0.1367874426013779,0.0099735822605663,0.0031702448794941,0.0038421579268607,0.2876071102060406,0.3518001506827717,1.6000000000000003,2.2743,12.754066666666668,14.22064,52.20693333333333,54.98198,0.0592948261921036,0.0400879468555688,0.0049130374941417,0.0040089456772528,0.3190483515439261,0.3309049282705061,5.835064366004959,4.339266317207466
2024,Sherani,37,0.0,0.0,0.0,191687.0,1500.0,0.0,2700.0,0.2,2.0,18.0,4.0,0.0,0.0,0.0,0.1043367573179193,0.9390308158612738,0.2086735146358386,0.3651786506127176,1.825893253063588,0.0,0.0,0.0,0.0,0.0,0.0,0.0,0.0,0.0,0.0,0.0,0.0,0.0,0.0,0.0,0.0,0.0,0.0,0.0,0.0,0.0,0.0,0.0,0.0,0.0,0.3651786506127176,1.7747556446710586
2024,Sherani,38,0.0,0.0,0.0,191687.0,1500.0,0.0,2700.0,0.2,7.0,35.0,0.0,0.0,0.0,0.0,0.3651786506127176,1.825893253063588,0.0,0.9911991945202334,0.3130102719537579,0.0,0.0,0.0,0.0,0.0,0.0,0.0,0.0,0.0,0.0,0.0,0.0,0.0,0.0,0.0,0.0,0.0,0.0,0.0,0.0,0.0,0.0,0.0,0.0,0.0,0.9911991945202334,1.8598344459903045
2024,Sherani,39,0.0,0.0,0.0,191687.0,1500.0,0.0,2700.0,0.2,19.0,6.0,0.0,0.0,0.0,0.0,0.9911991945202334,0.3130102719537579,0.0,1.9302300103815075,0.8346940585433544,0.0,0.0,0.0,0.0,0.0,0.0,0.0,0.0,0.0,0.0,0.0,0.0,0.0,0.0,0.0,0.0,0.0,0.0,0.0,0.0,0.0,0.0,0.0,0.0,0.0,1.9302300103815075,2.282994676855932
2024,Sherani,40,0.0,0.0,0.0,191687.0,1500.0,0.0,2700.0,0.2,37.0,16.0,0.0,0.0,0.0,0.0,1.9302300103815075,0.8346940585433544,0.0,3.234439476855499,0.5738521652485562,0.2608418932947983,0.0,0.0,0.0,0.0,0.0,0.0,0.0,0.0,0.0,0.0,0.0,0.0,0.0,0.0,0.0,0.0,0.0,0.0,0.0,0.0,0.0,0.0,0.0,0.0,3.234439476855499,2.460939326616119
2024,Sherani,41,0.0,0.0,0.0,191687.0,1500.0,0.0,2700.0,0.2,62.0,11.0,5.0,0.0,0.0,0.0,3.234439476855499,0.5738521652485562,0.2608418932947983,3.756123263445095,0.4695154079306369,0.3130102719537579,0.0,0.0,0.0,0.0,0.0,0.0,0.0,0.0,0.0,0.0,0.0,0.0,0.0,0.0,0.0,0.0,0.0,0.0,0.0,0.0,0.0,0.0,0.0,0.0,3.756123263445095,3.1748220690746245
2024,Sherani,42,0.0,0.0,0.0,191687.0,1500.0,0.0,2700.0,0.2,72.0,9.0,6.0,0.0,0.0,0.0,3.756123263445095,0.4695154079306369,0.3130102719537579,0.4173470292716772,2.295408660994225,0.0,0.0,0.0,0.0,0.0,0.0,0.0,0.0,0.0,0.0,0.0,0.0,0.0,0.0,0.0,0.0,0.0,0.0,0.0,0.0,0.0,0.0,0.0,0.0,0.0,0.4173470292716772,3.414349926652206
2024,Sherani,43,0.0,0.0,0.0,191687.0,1500.0,0.0,2700.0,0.2,8.0,44.0,0.0,0.0,0.0,0.0,0.4173470292716772,2.295408660994225,0.0,0.5738521652485562,2.3475770396531845,0.0,0.0,0.0,0.0,0.0,0.0,0.0,0.0,0.0,0.0,0.0,0.0,0.0,0.0,0.0,0.0,0.0,0.0,0.0,0.0,0.0,0.0,0.0,0.0,0.0,0.5738521652485562,1.8598344459903045
2024,Shikarpur,37,0.4538,31.2539,67.9542,1386330.0,52.0,1.0,2512.0,0.35,3618.0,1832.0,2.0,0.2845132115509773,0.3192230172027064,0.2548592225041766,26.097682369998488,13.214746849595697,0.0144265795301263,24.83535666111243,11.404211118564843,0.0432797385903789,0.8429,6.5667,31.0046,29.9961,72.3438,75.2456,0.4533767314016326,0.7503518384412531,0.6098624072581196,0.5830816948365146,0.2264604073104235,0.0,2.6211333333333333,6.30124,30.751533333333334,30.764700000000005,71.84786666666668,73.66290000000001,0.4960805937979543,0.5970506574642299,0.4826011081996036,0.4094339424615708,0.1818944748377099,0.1783448244806744,24.83535666111243,26.44541888992339
2024,Shikarpur,38,0.0,31.9933,59.8382,1386330.0,52.0,1.0,2512.0,0.35,3443.0,1581.0,6.0,0.37958734612426,0.0,0.2451089270023763,24.83535666111243,11.404211118564843,0.0432797385903789,28.63676036730072,11.764875606818002,0.0216398692951894,0.4538,0.8429,31.2539,31.0046,67.9542,72.3438,0.2845132115509773,0.4533767314016326,0.2548592225041766,0.6098624072581196,0.3192230172027064,0.2264604073104235,0.4322333333333333,2.8441,31.417266666666663,30.869360000000007,66.71206666666667,71.23906000000001,0.3724924296922899,0.5037389749165094,0.3699435189215574,0.458455727862046,0.1818944748377099,0.1437670026557437,28.63676036730072,23.56578244537397
2024,Shikarpur,39,0.0,32.9864,56.1981,1386330.0,52.0,1.0,2512.0,0.35,3970.0,1631.0,3.0,0.2710649277816272,0.3347579230061042,0.2379758499173605,28.63676036730072,11.764875606818002,0.0216398692951894,23.54417779316613,9.139238132335016,0.0288531590602526,0.0,0.4538,31.9933,31.2539,59.8382,67.9542,0.37958734612426,0.2845132115509773,0.2451089270023763,0.2548592225041766,0.0,0.3192230172027064,0.1512666666666666,1.57268,32.07786666666667,31.446860000000004,61.33016666666666,66.31598,0.3117218284856215,0.42777881105995,0.2459813331413044,0.3861776203037095,0.2179936467362702,0.1760882695038468,23.54417779316613,25.64098497860783
2024,Shikarpur,40,0.05,31.4778,58.1584,1386330.0,52.0,1.0,2512.0,0.35,3264.0,1267.0,4.0,0.7133078302785716,0.3592638683923602,0.5249285353959978,23.54417779316613,9.139238132335016,0.0288531590602526,30.19483095655436,10.358284102630687,0.0649196078855683,0.0,0.0,32.9864,31.9933,56.1981,59.8382,0.2710649277816272,0.37958734612426,0.2379758499173605,0.2451089270023763,0.3347579230061042,0.0,0.0166666666666666,0.26934,32.1525,31.7432,58.0649,62.89854,0.4546533680614863,0.4203700094274137,0.3360044374385782,0.3745469884156061,0.2313405971328214,0.2479410431823188,30.19483095655436,21.909010491247624
2024,Shikarpur,41,0.0143,29.148,51.8558,1386330.0,52.0,1.0,2512.0,0.35,4186.0,1436.0,9.0,0.2757528597284244,0.3505862969882245,0.6513788464772152,30.19483095655436,10.358284102630687,0.0649196078855683,25.830790648691146,9.572035518238804,0.0360664488253157,0.05,0.0,31.4778,32.9864,58.1584,56.1981,0.7133078302785716,0.2710649277816272,0.5249285353959978,0.2379758499173605,0.3592638683923602,0.3347579230061042,0.0214333333333333,0.10362,31.204066666666662,31.37188,55.40410000000001,58.80094,0.4200418725962077,0.3848452350927721,0.4714277439301912,0.3828502762594253,0.3482026961288962,0.272766221117879,25.830790648691146,26.317278395932348
2024,Shikarpur,42,0.0,28.9462,46.9204,1386330.0,52.0,1.0,2512.0,0.35,3581.0,1327.0,5.0,0.221963886117926,0.3566792396183775,0.1977555202070581,25.830790648691146,9.572035518238804,0.0360664488253157,24.05632136648561,9.348423535521846,0.0649196078855683,0.0143,0.05,29.148,31.4778,51.8558,58.1584,0.2757528597284244,0.7133078302785716,0.6513788464772152,0.5249285353959978,0.3505862969882245,0.3592638683923602,0.0214333333333333,0.01286,29.857333333333333,30.91034,52.31153333333334,54.59418,0.4036748587083074,0.3723353700061618,0.4580209673600904,0.3714295358000016,0.3555098016663207,0.2802574656010133,24.05632136648561,23.449364389166842
2024,Shikarpur,43,0.0,29.4674,40.3853,1386330.0,52.0,1.0,2512.0,0.35,3335.0,1296.0,9.0,0.2466367562175064,0.3035094541912748,0.1974235663638077,24.05632136648561,9.348423535521846,0.0649196078855683,22.238572345689697,8.504468633009456,0.0649196078855683,0.0,0.0143,28.9462,29.148,46.9204,51.8558,0.221963886117926,0.2757528597284244,0.1977555202070581,0.6513788464772152,0.3566792396183775,0.3505862969882245,0.0047666666666666,0.01286,29.1872,30.40516,46.38716666666667,50.70360000000001,0.2481178340212856,0.3457452520248111,0.3488526443493603,0.3618924636722879,0.3369249969326256,0.3409593564392682,22.238572345689697,20.939849264696335
2024,Shikarpur,44,0.0,28.3721,46.9562,1386330.0,52.0,1.0,2512.0,0.35,3083.0,1179.0,9.0,0.2089032589018937,0.2720355242993918,0.1813247203133419,22.238572345689697,8.504468633009456,0.0649196078855683,14.729321832994218,8.298682693315628,0.0268783245127631,0.0,0.0,29.4674,28.9462,40.3853,46.9204,0.2466367562175064,0.221963886117926,0.1974235663638077,0.1977555202070581,0.3035094541912748,0.3566792396183775,0.0,0.01286,28.92856666666667,29.4823,44.75396666666668,48.85522,0.2258346337457753,0.3333129182488644,0.1921679356280692,0.3505622377514842,0.310741406036348,0.3284148766979257,14.729321832994218,20.542655586702253
2025,Shikarpur,37,1.7143,29.4995,72.7346,1488188.0,52.0,1.0,2512.0,0.35,2574.0,1277.0,212.0,0.3506714468826749,0.3186464018479679,0.0,17.296201823963102,8.580905100699642,1.424551199176448,19.278478256779383,8.957201643878326,1.7269323499450338,0.1286,1.5714,33.3189,32.8986,56.6515,64.679,0.0,0.585210747854102,0.0,0.5284114461343512,0.0,0.2469973941495082,1.1381,0.76286,31.905666666666672,32.969939999999994,64.68836666666667,58.86782000000001,0.3119607315789256,0.4723976771306529,0.1761371487114503,0.3637850669484777,0.1885479319991586,0.1131287591994952,19.278478256779383,17.433283609122878
2025,Shikarpur,38,0.0,32.2635,58.4509,1488188.0,52.0,1.0,2512.0,0.35,2869.0,1333.0,257.0,0.3246725552513085,0.3435694081895546,0.2840896260167422,19.278478256779383,8.957201643878326,1.7269323499450338,11.544240378231782,6.09466008326905,1.0952917238950992,1.7143,0.1286,29.4995,33.3189,72.7346,56.6515,0.3506714468826749,0.0,0.0,0.0,0.3186464018479679,0.0,0.6143,0.76286,31.69396666666667,32.552620000000005,62.61233333333333,60.44748,0.2251146673779944,0.3915475711371223,0.0946965420055807,0.2869897971316387,0.2207386033458408,0.1818426408374061,11.544240378231782,20.449949850594635
2025,Shikarpur,39,0.0,32.7686,49.3546,1488188.0,52.0,1.0,2512.0,0.35,1718.0,907.0,163.0,0.2160914085888832,0.3439287191702072,0.1917307486853593,11.544240378231782,6.09466008326905,1.0952917238950992,8.9773603872629,4.959050872604806,0.6047623015371714,0.0,1.7143,32.2635,29.4995,58.4509,72.7346,0.3246725552513085,0.3506714468826749,0.2840896260167422,0.0,0.3435694081895546,0.3186464018479679,0.5714333333333332,0.68286,31.510533333333345,32.14982,60.18003333333333,60.37411999999999,0.2971451369076222,0.2953292317153937,0.1586067915673671,0.2008463641672905,0.3353815097359098,0.2506283846714475,8.9773603872629,11.735714862537339
2025,Shikarpur,40,0.0,33.4433,44.757,1488188.0,52.0,1.0,2512.0,0.35,1336.0,738.0,90.0,0.765360320586837,0.3368345775651901,0.4335529443727502,8.9773603872629,4.959050872604806,0.6047623015371714,27.516684719941296,9.057995360801188,1.787408580098751,0.0,0.0,32.7686,32.2635,49.3546,58.4509,0.2160914085888832,0.3246725552513085,0.1917307486853593,0.2840896260167422,0.3439287191702072,0.3435694081895546,0.0,0.36858,32.82513333333334,32.25876,50.85416666666666,56.38972,0.4353747614756762,0.3313591462619407,0.3031244396916172,0.1818746638149703,0.341444234974984,0.2685958213545839,27.516684719941296,9.36109238913684
2025,Shikarpur,41,0.0,28.7248,39.4689,1488188.0,52.0,1.0,2512.0,0.35,4095.0,1348.0,266.0,0.2119964468027782,0.3560760191139155,0.5221082659784011,27.516684719941296,9.057995360801188,1.787408580098751,22.255252696567908,7.70735955403484,1.1087308861514809,0.0,0.0,33.4433,32.7686,44.757,49.3546,0.765360320586837,0.2160914085888832,0.4335529443727502,0.1917307486853593,0.3368345775651901,0.3439287191702072,0.0,0.34286,31.64556666666667,31.33994,44.526833333333336,52.9532,0.3978160586594994,0.3737584356224964,0.3824639863455035,0.2862963170106505,0.3456131052831042,0.339811025177367,22.255252696567908,24.036487182785468
2025,Shikarpur,42,0.0,29.5331,28.4134,1488188.0,52.0,1.0,2512.0,0.35,3312.0,1147.0,165.0,0.7484751348320048,0.3067518824672205,0.5301130581075746,22.255252696567908,7.70735955403484,1.1087308861514809,25.1043550949208,7.814872852085893,1.4178316180482573,0.0,0.0,28.7248,33.4433,39.4689,44.757,0.2119964468027782,0.765360320586837,0.5221082659784011,0.4335529443727502,0.3560760191139155,0.3368345775651901,0.0,0.0,30.567066666666676,31.346660000000004,37.54643333333333,44.08896,0.57527730074054,0.4533191732123623,0.4952580894862419,0.3923189286321655,0.3332208263821087,0.3374321213012176,25.1043550949208,20.914661842102987
2025,Shikarpur,43,0.0,29.0593,31.5548,1488188.0,52.0,1.0,2512.0,0.35,3736.0,1163.0,211.0,0.237882585061974,0.2376291397664139,0.6644742763381077,25.1043550949208,7.814872852085893,1.4178316180482573,23.98218504651294,7.572967931471024,1.1624875351770072,0.0,0.0,29.5331,28.7248,28.4134,39.4689,0.7484751348320048,0.2119964468027782,0.5301130581075746,0.5221082659784011,0.3067518824672205,0.3560760191139155,0.0,0.0,29.105733333333337,30.70582,33.1457,38.70974,0.3994513888989189,0.4359611791744954,0.5722318668080278,0.4683958586964386,0.30015234711585,0.3162440676165894,23.98218504651294,21.783845633003658
2024,Sibi,37,0.3462,30.7116,71.4697,224148.0,130.0,0.0,7121.0,0.2,171.0,174.0,46.0,0.1676567748705196,0.1610170845980183,0.1086934729256108,7.6288880561057875,7.762728197440976,2.052215500472902,3.658297196495173,12.670200046397916,0.044613380445063,0.6429,7.5889,30.3328,29.625,78.109,79.7,0.143805574635227,0.2657979569322466,0.0805521727294869,0.0810742582059401,0.1282754362405158,0.0,2.8593333333333337,4.6956,30.223133333333333,30.40474,76.42623333333334,77.67193999999999,0.1924201021459977,0.1625257383778525,0.0901066346203459,0.0687104008913522,0.0964308402795113,0.0870753675696276,3.658297196495173,5.935827548143839
2024,Sibi,38,0.0,32.8644,54.6235,224148.0,130.0,0.0,7121.0,0.2,82.0,284.0,1.0,0.1377910737096798,0.153299742243676,0.1093670166392626,3.658297196495173,12.670200046397916,0.044613380445063,6.51355354497921,11.019504969930582,0.044613380445063,0.3462,0.6429,30.7116,30.3328,71.4697,78.109,0.1676567748705196,0.143805574635227,0.1086934729256108,0.0805521727294869,0.1610170845980183,0.1282754362405158,0.3297,2.7784600000000004,31.30293333333333,30.66314,68.0674,73.39608,0.1497511410718087,0.1659487616091533,0.0995375540981201,0.0905838042192047,0.1475307543607367,0.0964904419813164,6.51355354497921,4.334439471699969
2024,Sibi,39,0.0286,33.9858,49.5457,224148.0,130.0,0.0,7121.0,0.2,146.0,247.0,1.0,0.1871195213535889,0.1506972418052334,0.1114815334255977,6.51355354497921,11.019504969930582,0.044613380445063,6.602780305869336,6.379713403644021,0.8030408480111355,0.0,0.3462,32.8644,30.7116,54.6235,71.4697,0.1377910737096798,0.1676567748705196,0.1093670166392626,0.1086934729256108,0.153299742243676,0.1610170845980183,0.1249333333333333,1.7213200000000004,32.520599999999995,31.50392,58.5463,66.68958,0.1641891233112627,0.1804341803002523,0.1098473409968237,0.0982336907851796,0.1550046895489759,0.1186579009774887,6.602780305869336,5.078577556056328
2024,Sibi,40,1.9,31.9447,45.462,224148.0,130.0,0.0,7121.0,0.2,148.0,143.0,18.0,0.1811096526882863,0.1503988141152164,0.088429713650864,6.602780305869336,6.379713403644021,0.8030408480111355,5.710512696968075,12.00099933972197,1.4276281742420187,0.0286,0.0,33.9858,32.8644,49.5457,54.6235,0.1871195213535889,0.1377910737096798,0.1114815334255977,0.1093670166392626,0.1506972418052334,0.153299742243676,0.6428666666666666,0.5835400000000004,32.93163333333333,31.96786,49.87706666666667,59.84198,0.168673415917185,0.1634965194514603,0.1030927545719081,0.0997047818741644,0.1514652660547085,0.148737663800532,5.710512696968075,5.1170222307517115
2024,Sibi,41,2.1714,27.2385,58.6196,224148.0,130.0,0.0,7121.0,0.2,128.0,269.0,32.0,0.1455526524916455,0.1338283958531502,0.0833948175689461,5.710512696968075,12.00099933972197,1.4276281742420187,6.736620447204526,2.676802826703785,0.2676802826703784,1.9,0.0286,31.9447,33.9858,45.462,49.5457,0.1811096526882863,0.1871195213535889,0.088429713650864,0.1114815334255977,0.1503988141152164,0.1506972418052334,1.3666666666666665,0.8892400000000004,31.05633333333333,31.349,51.2091,55.944100000000006,0.1712606088445069,0.163845935022744,0.0944353548818026,0.1002733108420562,0.1449748172578666,0.1498482557230588,6.736620447204526,4.863034550782057
2024,Sibi,42,0.0,28.512,36.7705,224148.0,130.0,0.0,7121.0,0.2,151.0,60.0,6.0,0.180319106951332,0.1454111784903135,0.1215459556472529,6.736620447204526,2.676802826703785,0.2676802826703784,2.542962685368596,7.4504345343255345,0.0,2.1714,1.9,27.2385,31.9447,58.6196,45.462,0.1455526524916455,0.1811096526882863,0.0833948175689461,0.088429713650864,0.1338283958531502,0.1503988141152164,1.3571333333333335,0.8200000000000005,29.23173333333333,30.90908,46.950700000000005,49.00426,0.1689938040437546,0.1663784014389065,0.097790162289021,0.1028438073863846,0.1432127961528933,0.1467270745015179,2.542962685368596,5.284601073694215
2024,Sibi,44,0.0,27.0135,45.8527,224148.0,130.0,0.0,7121.0,0.2,160.0,712.0,7.0,0.1861233159609374,0.1256696502057399,0.1202617936318573,7.138140871210093,31.76472687688492,0.3122936631154415,0.4901810606292699,14.460341288563464,0.0,0.0,0.0,29.0977,28.512,36.2989,36.7705,0.13665976141379,0.180319106951332,0.1198621189181066,0.1215459556472529,0.1313693994315642,0.1454111784903135,0.0,0.8142800000000004,28.207733333333334,28.76128,39.6407,44.60074,0.1677007281086864,0.1659528979011982,0.1205566227324056,0.1066988798834053,0.1341500760425391,0.1373354876191968,0.4901810606292699,5.363031745945637
2025,Sibi,37,1.7857,31.3358,62.8993,163205.0,130.0,0.0,7121.0,0.2,191.0,464.0,18.0,0.1992521051294784,0.1084596037825124,0.1458297917647356,11.70307282252382,28.430501516497657,1.1029073864158574,9.864893845164058,25.2443246224074,0.1225452651573174,0.1,4.6857,33.5566,33.5593,53.4611,60.3981,0.179542763741926,0.2592199618448208,0.1069991065334209,0.1388531455269681,0.098171675154769,0.0721113687165176,2.1904666666666666,1.3142800000000003,32.81723333333333,33.97126,58.919500000000006,54.14312,0.2126716102387417,0.2027422812599055,0.1305606812750415,0.1377223732885357,0.0929142158845996,0.0817568955581187,9.864893845164058,7.908417665503281
2025,Sibi,39,0.0,33.2123,46.3164,163205.0,130.0,0.0,7121.0,0.2,228.0,542.0,2.0,0.1940538302470313,0.1034736023589088,0.13490126223298,13.970160227934194,33.20976685763304,0.1225452651573174,15.379430777243345,25.734505683036677,0.1225452651573174,0.0,1.7857,33.7102,31.3358,49.0047,62.8993,0.1566120635826203,0.1992521051294784,0.1366188115672351,0.1458297917647356,0.1154455222654272,0.1084596037825124,0.5952333333333334,1.3142800000000003,32.752766666666666,33.07484,52.740133333333326,54.41591999999999,0.1833059996530433,0.1977361449091753,0.1391166218549835,0.1326404235250679,0.1091262428022828,0.099532354455627,15.379430777243345,8.36311997618557
2025,Sibi,40,0.0,32.6891,37.4057,163205.0,130.0,0.0,7121.0,0.2,251.0,420.0,2.0,0.1002092189570139,0.0901033114197128,0.0843595941245156,15.379430777243345,25.734505683036677,0.1225452651573174,14.15397812567017,22.303238258631783,0.0,0.0,0.0,33.2123,33.7102,46.3164,49.0047,0.1940538302470313,0.1566120635826203,0.13490126223298,0.1366188115672351,0.1034736023589088,0.1154455222654272,0.0,0.3771400000000003,33.20386666666666,32.900800000000004,44.24226666666667,49.81744,0.1502917042622218,0.165933996331614,0.1186265559749102,0.1217417132445774,0.1030074786813495,0.103130742996266,14.15397812567017,8.619494063662607
2025,Sibi,41,0.0,27.2563,35.4467,163205.0,130.0,0.0,7121.0,0.2,231.0,364.0,0.0,0.1497880055367207,0.105425946980331,0.0820713170185312,14.15397812567017,22.303238258631783,0.0,11.212891761894548,22.11942036089581,0.0,0.0,0.0,32.6891,33.2123,37.4057,46.3164,0.1002092189570139,0.1940538302470313,0.0843595941245156,0.13490126223298,0.0901033114197128,0.1034736023589088,0.0,0.3571400000000003,31.052566666666664,31.640740000000005,39.72293333333334,46.21456,0.1480170182469219,0.1599830446905729,0.1004440577920089,0.1167561553415995,0.0996676202529842,0.1045815973613784,11.212891761894548,8.828945315385704
2025,Sibi,42,0.0,27.2236,27.5807,163205.0,130.0,0.0,7121.0,0.2,183.0,361.0,0.0,0.1835739251735867,0.0992725589013813,0.0966579321213261,11.212891761894548,22.11942036089581,0.0,13.970160227934194,14.766704451456755,0.0,0.0,0.0,27.2563,32.6891,35.4467,37.4057,0.1497880055367207,0.1002092189570139,0.0820713170185312,0.0843595941245156,0.105425946980331,0.0901033114197128,0.0,0.0,29.056333333333328,30.8183,33.477700000000006,39.15084,0.1445237165557737,0.1568474086993945,0.0876962810881242,0.1069217834129176,0.0982672724338083,0.1027441883851522,13.970160227934194,7.683429926527459
2025,Sibi,43,0.0,26.5105,31.1199,163205.0,130.0,0.0,7121.0,0.2,228.0,241.0,0.0,0.1507809103603793,0.0943179534857546,0.0899786409731395,13.970160227934194,14.766704451456755,0.0,16.54361079623786,22.854691951839712,0.0,0.0,0.0,27.2236,27.2563,27.5807,35.4467,0.1835739251735867,0.1497880055367207,0.0966579321213261,0.0820713170185312,0.0992725589013813,0.105425946980331,0.0,0.0,26.9968,29.37836,31.38243333333333,35.57388,0.1613809470235622,0.1556811780549463,0.0895692967043322,0.0975937492940984,0.0996721531224889,0.0985186746292176,16.54361079623786,8.561165351679419
2024,Sohbat pur,37,0.2462,31.204,69.1413,240106.0,0.0,0.0,0.0,0.0,283.0,238.0,11.0,0.0,0.0,0.0,11.78646097973395,9.912288739140212,0.4581309921451358,17.49227424554155,10.57866109135132,0.0,0.4571,9.9111,30.8952,30.0568,73.6775,75.1908,0.0,0.0,0.0,0.0,0.0,0.0,3.538133333333334,6.08572,30.718666666666667,30.87166,72.66986666666666,73.77116,0.0,0.0,0.0,0.0,0.0,0.0,17.49227424554155,9.022484478301813
2024,Sohbat pur,38,0.0,31.9354,61.579,240106.0,0.0,0.0,0.0,0.0,420.0,254.0,0.0,0.0,0.0,0.0,17.49227424554155,10.57866109135132,0.0,10.703605907390903,26.821487176497044,0.2082413600659708,0.2462,0.4571,31.204,30.8952,69.1413,73.6775,0.0,0.0,0.0,0.0,0.0,0.0,0.2344333333333345,3.5143,31.34486666666667,30.87256,68.13260000000001,72.00198,0.0,0.0,0.0,0.0,0.0,0.0,10.703605907390903,11.987777946547222
2024,Sohbat pur,39,0.0,32.8565,57.1664,240106.0,0.0,0.0,0.0,0.0,257.0,644.0,5.0,0.0,0.0,0.0,10.703605907390903,26.821487176497044,0.2082413600659708,0.2915379040923592,11.245033443562429,0.0416482720131941,0.0,0.2462,31.9354,31.204,61.579,69.1413,0.0,0.0,0.0,0.0,0.0,0.0,0.0820666666666678,2.1228800000000003,31.99863333333333,31.38958,62.62890000000001,67.351,0.0,0.0,0.0,0.0,0.0,0.0,0.2915379040923592,8.854133859402241
2024,Sohbat pur,40,0.05,31.8015,55.8773,240106.0,0.0,0.0,0.0,0.0,7.0,270.0,1.0,0.0,0.0,0.0,0.2915379040923592,11.245033443562429,0.0416482720131941,0.5414275361715243,22.78160479121721,0.0,0.0,0.0,32.8565,31.9354,57.1664,61.579,0.0,0.0,0.0,0.0,0.0,0.0,0.0166666666666678,0.1506600000000007,32.197799999999994,31.73852,58.20756666666667,63.4883,0.0,0.0,0.0,0.0,0.0,0.0,0.5414275361715243,5.9564991833578835
2024,Sohbat pur,41,0.0571,30.0836,45.7444,240106.0,0.0,0.0,0.0,0.0,13.0,547.0,0.0,0.0,0.0,0.0,0.5414275361715243,22.78160479121721,0.0,1.457689520461796,18.116998325739463,0.0,0.05,0.0,31.8015,32.8565,55.8773,57.1664,0.0,0.0,0.0,0.0,0.0,0.0,0.0357000000000011,0.0706600000000007,31.58053333333333,31.5762,52.92936666666666,57.90168,0.0,0.0,0.0,0.0,0.0,0.0,1.457689520461796,5.733724851695914
2024,Sohbat pur,42,0.0,29.68,42.8143,240106.0,0.0,0.0,0.0,0.0,35.0,435.0,0.0,0.0,0.0,0.0,1.457689520461796,18.116998325739463,0.0,22.281825527058885,0.5414275361715243,0.3331861761055534,0.0571,0.05,30.0836,31.8015,45.7444,55.8773,0.0,0.0,0.0,0.0,0.0,0.0,0.0357000000000011,0.0214200000000007,30.5217,31.2714,48.14533333333333,52.63628,0.0,0.0,0.0,0.0,0.0,0.0,22.281825527058885,3.9754182385510104
2024,Sohbat pur,43,0.0,30.0723,36.7901,240106.0,0.0,0.0,0.0,0.0,535.0,13.0,8.0,0.0,0.0,0.0,22.281825527058885,0.5414275361715243,0.3331861761055534,14.701840020657542,0.5414275361715243,0.249889632079165,0.0,0.0571,29.68,30.0836,42.8143,45.7444,0.0,0.0,0.0,0.0,0.0,0.0,0.0190333333333345,0.0214200000000007,29.9453,30.89878,41.78293333333334,47.6785,0.0,0.0,0.0,0.0,0.0,0.0,14.701840020657542,11.315094196083631
2024,Sohbat pur,44,0.0,28.5256,46.0622,240106.0,0.0,0.0,0.0,0.0,353.0,13.0,6.0,0.0,0.0,0.0,14.701840020657542,0.5414275361715243,0.249889632079165,0.2067952933391236,14.392952416403004,0.0,0.0,0.0,30.0723,29.68,36.7901,42.8143,0.0,0.0,0.0,0.0,0.0,0.0,0.0,0.0214200000000007,29.425966666666667,30.0326,41.888866666666665,45.45766,0.0,0.0,0.0,0.0,0.0,0.0,0.2067952933391236,11.103816971809831
2025,Sohbat pur,37,2.6857,29.6723,72.9825,241785.0,0.0,0.0,0.0,0.0,97.0,316.0,24.0,0.0,0.0,0.0,4.011828690778998,13.06946253903261,0.9926174080277932,0.7858221146886697,2.812415989412081,0.7444630560208451,0.0714,2.4857,32.9592,33.0181,59.7663,65.2983,0.0,0.0,0.0,0.0,0.0,0.0,1.7476000000000014,1.0857000000000008,31.8832,32.99192,66.0157,59.899440000000006,0.0,0.0,0.0,0.0,0.0,0.0,0.7858221146886697,5.086679643539232
2025,Sohbat pur,38,0.0,32.9116,56.7961,241785.0,0.0,0.0,0.0,0.0,19.0,68.0,18.0,0.0,0.0,0.0,0.7858221146886697,2.812415989412081,0.7444630560208451,4.011828690778998,9.926174080277931,0.5790268213495461,2.6857,0.0714,29.6723,32.9592,72.9825,59.7663,0.0,0.0,0.0,0.0,0.0,0.0,0.9190333333333346,1.0857000000000008,31.8477,32.68056,63.18163333333334,61.082820000000005,0.0,0.0,0.0,0.0,0.0,0.0,4.011828690778998,5.004553261656114
2025,Sohbat pur,39,0.0,33.0648,48.8492,241785.0,0.0,0.0,0.0,0.0,97.0,240.0,14.0,0.0,0.0,0.0,4.011828690778998,9.926174080277931,0.5790268213495461,4.549496453460719,12.407717600347416,0.5376677626817213,0.0,2.6857,32.9116,29.6723,56.7961,72.9825,0.0,0.0,0.0,0.0,0.0,0.0,0.8952333333333345,1.0485600000000008,31.8829,32.3252,59.5426,60.73848,0.0,0.0,0.0,0.0,0.0,0.0,4.549496453460719,5.2592648061435305
2025,Sohbat pur,40,0.0,33.2967,44.1758,241785.0,0.0,0.0,0.0,0.0,110.0,300.0,13.0,0.0,0.0,0.0,4.549496453460719,12.407717600347416,0.5376677626817213,5.376677626817214,10.96015054697355,0.2481543520069483,0.0,0.0,33.0648,32.9116,48.8492,56.7961,0.0,0.0,0.0,0.0,0.0,0.0,0.0,0.5514200000000008,33.09103333333333,32.38092,49.94036666666667,56.51398,0.0,0.0,0.0,0.0,0.0,0.0,5.376677626817214,5.5382651152038225
2025,Sohbat pur,41,0.0,28.5166,40.5254,241785.0,0.0,0.0,0.0,0.0,130.0,265.0,6.0,0.0,0.0,0.0,5.376677626817214,10.96015054697355,0.2481543520069483,5.33531856814939,10.50520090162748,0.3722315280104225,0.0,0.0,33.2967,33.0648,44.1758,48.8492,0.0,0.0,0.0,0.0,0.0,0.0,0.0,0.5371400000000007,31.62603333333333,31.492400000000004,44.51680000000001,52.6658,0.0,0.0,0.0,0.0,0.0,0.0,5.33531856814939,5.873301882990083
2025,Sohbat pur,42,0.0,29.0863,30.8847,241785.0,0.0,0.0,0.0,0.0,129.0,254.0,9.0,0.0,0.0,0.0,5.33531856814939,10.50520090162748,0.3722315280104225,4.714932688132018,7.4446305602084495,0.0827181173356494,0.0,0.0,28.5166,33.2967,40.5254,44.1758,0.0,0.0,0.0,0.0,0.0,0.0,0.0,0.0,30.299866666666663,31.3752,38.52863333333333,44.24624,0.0,0.0,0.0,0.0,0.0,0.0,4.714932688132018,5.86154617061025
2025,Sohbat pur,43,0.0,28.3012,34.7885,241785.0,0.0,0.0,0.0,0.0,114.0,180.0,2.0,0.0,0.0,0.0,4.714932688132018,7.4446305602084495,0.0827181173356494,7.899580205554522,10.17432843228488,0.0413590586678247,0.0,0.0,29.0863,28.5166,30.8847,40.5254,0.0,0.0,0.0,0.0,0.0,0.0,0.0,0.0,28.6347,30.45312,35.39953333333333,39.84472,0.0,0.0,0.0,0.0,0.0,0.0,7.899580205554522,5.493283222145647
2025,South,37,10.1429,26.2804,87.2259,2166395.0,4.0,0.0,122.0,0.95,2.0,101.0,0.0,0.0354597918267915,0.0,0.0,0.0092319267723568,0.4662123020040205,0.0,0.0138478901585352,0.5308357894105183,0.0,0.8286,14.2143,27.7197,28.8057,80.7671,83.1844,0.0,0.1000482003048343,0.0,0.0,0.0,-0.0322233815405758,8.395266666666666,5.502879999999999,27.60193333333333,27.83372,83.72579999999998,81.69676,0.0451693307105419,0.0507379857483422,0.0,0.0,-0.0107411271801919,-0.0064446763081151,0.0138478901585352,0.2335990139557289
2025,South,38,1.1286,26.8777,84.4227,2166395.0,4.0,0.0,122.0,0.95,3.0,115.0,0.0,0.0,0.0,0.0,0.0138478901585352,0.5308357894105183,0.0,0.0276957803170705,0.4615963386178421,0.0,10.1429,0.8286,26.2804,27.7197,87.2259,80.7671,0.0354597918267915,0.0,0.0,0.0,0.0,0.0,4.033366666666667,5.4486,26.959266666666664,27.6601,84.13856666666665,82.68328,0.0118199306089305,0.0271015984263251,0.0,0.0,0.0,-0.0064446763081151,0.0276957803170705,0.19630022247956447
2025,South,39,0.7857,27.0286,82.9566,2166395.0,4.0,0.0,122.0,0.95,6.0,100.0,0.0,0.0139259799643057,0.0950809768426856,0.0,0.0276957803170705,0.4615963386178421,0.0,0.0276957803170705,0.3877409244389873,0.0,1.1286,10.1429,26.8777,26.2804,84.4227,87.2259,0.0,0.0354597918267915,0.0,0.0,0.0,0.0,4.019066666666666,5.420019999999999,26.7289,27.342420000000004,84.8684,83.71133999999999,0.0164619239303657,0.0298867944191862,0.0,0.0,0.0316936589475618,0.0125715190604219,0.0276957803170705,0.17917386911137623
2025,South,40,0.6857,29.0917,70.3919,2166395.0,4.0,0.0,122.0,0.95,6.0,84.0,0.0,0.0402667952008128,0.1161235979453836,0.0080377265088649,0.0276957803170705,0.3877409244389873,0.0,0.0415436704756057,0.493908082321091,0.0,0.7857,1.1286,27.0286,26.8777,82.9566,84.4227,0.0139259799643057,0.0,0.0,0.0,0.0950809768426856,0.0,0.8666666666666667,2.7142999999999997,27.666,27.39962000000001,79.25706666666666,81.15284,0.0180642583883728,0.017930513398382,0.0026792421696216,0.0016075453017729,0.0704015249293564,0.0422409149576138,0.0415436704756057,0.07209028706298781
2025,South,41,0.1571,26.336,64.6932,2166395.0,4.0,0.0,122.0,0.95,9.0,107.0,0.0,0.0511574586714953,0.1244847924193944,0.0204134804528223,0.0415436704756057,0.493908082321091,0.0,0.0230798169308921,0.4523644118454852,0.0,0.6857,0.7857,29.0917,27.0286,70.3919,82.9566,0.0402667952008128,0.0139259799643057,0.0080377265088649,0.0,0.1161235979453836,0.0950809768426856,0.5428333333333333,2.579999999999999,27.485433333333333,27.12288,72.68056666666665,77.93806000000001,0.0351167446122046,0.028162005132681,0.0094837356538957,0.0056902413923374,0.1118964557358212,0.0671378734414927,0.0230798169308921,0.07784577659313552
2025,South,42,0.0,27.1464,45.1837,2166395.0,4.0,0.0,122.0,0.95,5.0,98.0,0.0,0.0668551255161992,0.1224897453240666,0.0323463126766801,0.0230798169308921,0.4523644118454852,0.0,0.055391560634141,0.3692770708942737,0.0,0.1571,0.6857,26.336,29.0917,64.6932,70.3919,0.0511574586714953,0.0402667952008128,0.0204134804528223,0.0080377265088649,0.1244847924193944,0.1161235979453836,0.2809333333333333,0.5514199999999996,27.5247,27.29608,60.0896,69.52962,0.0527597931295024,0.0344410718705626,0.0202658398794557,0.0121595039276734,0.1210327118962815,0.091635822506306,0.055391560634141,-0.06533157367557241
2025,South,43,0.0,28.4417,32.2497,2166395.0,4.0,0.0,122.0,0.95,12.0,80.0,0.0,0.0,0.1202485044824814,0.0,0.055391560634141,0.3692770708942737,0.0,0.0646234874064978,0.4292845949145931,0.0,0.0,0.1571,27.1464,26.336,45.1837,64.6932,0.0668551255161992,0.0511574586714953,0.0323463126766801,0.0204134804528223,0.1224897453240666,0.1244847924193944,0.0523666666666666,0.3256999999999996,27.30803333333333,27.60888,47.37553333333332,59.09502,0.0393375280625648,0.0344410718705626,0.0175865977098341,0.0121595039276734,0.1224076807419808,0.1156855234028023,0.0646234874064978,0.0007866360490123014
2025,South Waziristan (Lower),37,0.2143,27.0096,64.0144,820861.0,0.0,0.0,0.0,0.0,76.0,72.0,10.0,0.0,0.0,0.0,0.9258571183184486,0.8771277963016881,0.1218233050419011,0.8649454657974981,0.8527631352933078,0.1827349575628516,0.9857,3.0714,25.9429,26.695,65.7561,71.1139,0.0,0.0,0.0,0.0,0.0,0.0,1.4238000000000002,0.8828400000000001,26.549166666666668,27.84712,66.96146666666667,63.28314,0.0,0.0,0.0,0.0,0.0,0.0,0.8649454657974981,0.9480671012106558
2025,South Waziristan (Lower),38,0.3,27.1798,56.7394,820861.0,0.0,0.0,0.0,0.0,71.0,70.0,15.0,0.0,0.0,0.0,0.8649454657974981,0.8527631352933078,0.1827349575628516,0.8040338132765473,0.9502217793268288,0.1949172880670417,0.2143,0.9857,27.0096,25.9429,64.0144,65.7561,0.0,0.0,0.0,0.0,0.0,0.0,0.5000000000000001,0.92856,26.710766666666668,27.30784,62.169966666666674,63.53362,0.0,0.0,0.0,0.0,0.0,0.0,0.8040338132765473,0.8109040278208255
2025,South Waziristan (Lower),39,0.0,26.5262,48.3966,820861.0,0.0,0.0,0.0,0.0,66.0,78.0,16.0,0.0,0.0,0.0,0.8040338132765473,0.9502217793268288,0.1949172880670417,0.6943928387388364,1.6202499570572848,0.0243646610083802,0.3,0.2143,27.1798,27.0096,56.7394,64.0144,0.0,0.0,0.0,0.0,0.0,0.0,0.1714333333333334,0.91428,26.9052,26.6707,56.38346666666666,61.20408000000001,0.0,0.0,0.0,0.0,0.0,0.0,0.6943928387388364,0.7904186194079257
2025,South Waziristan (Lower),40,0.0143,24.7694,51.3844,820861.0,0.0,0.0,0.0,0.0,57.0,133.0,2.0,0.0,0.0,0.0,0.6943928387388364,1.6202499570572848,0.0243646610083802,0.4751108896634144,1.303509363948342,0.1949172880670417,0.0,0.3,26.5262,27.1798,48.3966,56.7394,0.0,0.0,0.0,0.0,0.0,0.0,0.1047666666666668,0.30286,26.158466666666666,26.28558,52.17346666666666,57.25818,0.0,0.0,0.0,0.0,0.0,0.0,0.4751108896634144,0.5819198082570427
2025,South Waziristan (Lower),41,0.0571,19.2274,54.5374,820861.0,0.0,0.0,0.0,0.0,39.0,107.0,16.0,0.0,0.0,0.0,0.4751108896634144,1.303509363948342,0.1949172880670417,0.8405808047891177,1.3887856774776728,0.0243646610083802,0.0143,0.0,24.7694,26.5262,51.3844,48.3966,0.0,0.0,0.0,0.0,0.0,0.0,0.0238000000000001,0.11714,23.507666666666665,24.94248,51.43946666666667,55.01444,0.0,0.0,0.0,0.0,0.0,0.0,0.8405808047891177,0.42141146593812806
2025,South Waziristan (Lower),42,0.0,21.6491,46.8314,820861.0,0.0,0.0,0.0,0.0,69.0,114.0,2.0,0.0,0.0,0.0,0.8405808047891177,1.3887856774776728,0.0243646610083802,0.8405808047891177,1.3887856774776728,0.4141992371424638,0.0571,0.0143,19.2274,24.7694,54.5374,51.3844,0.0,0.0,0.0,0.0,0.0,0.0,0.0238000000000001,0.07428,21.881966666666667,23.87038,50.91773333333333,51.57784,0.0,0.0,0.0,0.0,0.0,0.0,0.8405808047891177,0.6696880476956082
2025,South Waziristan (Lower),43,0.0,20.3125,42.8066,820861.0,0.0,0.0,0.0,0.0,69.0,114.0,34.0,0.0,0.0,0.0,0.8405808047891177,1.3887856774776728,0.4141992371424638,0.8649454657974981,0.9136747878142584,0.2680112710921825,0.0,0.0571,21.6491,19.2274,46.8314,54.5374,0.0,0.0,0.0,0.0,0.0,0.0,0.0190333333333334,0.0142799999999999,20.39633333333333,22.49692,48.05846666666667,48.79128000000001,0.0,0.0,0.0,0.0,0.0,0.0,0.8649454657974981,0.70281694352055
2024,Sujawal,38,0.0,28.8393,73.0587,839292.0,0.0,0.0,0.0,0.0,1161.0,2458.0,6.0,0.0,0.0,0.0,13.833087888363048,29.286589172778964,0.0714888262964498,20.898566887328844,29.27467436839622,0.1906368701238663,0.1462,0.2714,28.5445,28.4783,74.8234,78.0559,0.0,0.0,0.0,0.0,0.0,0.0,0.1392,4.34892,28.6207,28.760340000000003,75.31266666666666,75.96512,0.0,0.0,0.0,0.0,0.0,0.0,20.898566887328844,13.728141458206615
2024,Sujawal,39,0.0,29.5179,72.1973,839292.0,0.0,0.0,0.0,0.0,1754.0,2457.0,16.0,0.0,0.0,0.0,20.898566887328844,29.27467436839622,0.1906368701238663,18.32496914065665,24.389604571472145,0.0834036306791915,0.0,0.1462,28.8393,28.5445,73.0587,74.8234,0.0,0.0,0.0,0.0,0.0,0.0,0.0487333333333333,4.174639999999999,28.967233333333336,28.6673,73.3598,76.02868,0.0,0.0,0.0,0.0,0.0,0.0,18.32496914065665,21.48086013610687
2024,Sujawal,40,0.0,29.3461,71.8882,839292.0,0.0,0.0,0.0,0.0,1538.0,2047.0,7.0,0.0,0.0,0.0,18.32496914065665,24.389604571472145,0.0834036306791915,19.92155292794403,23.746205134804097,0.0953184350619331,0.0,0.0,29.5179,28.8393,72.1973,73.0587,0.0,0.0,0.0,0.0,0.0,0.0,0.0,0.08352,29.23443333333333,28.94522,72.3814,74.0047,0.0,0.0,0.0,0.0,0.0,0.0,19.92155292794403,18.79387925175488
2024,Sujawal,41,0.0,30.8197,49.5356,839292.0,0.0,0.0,0.0,0.0,1672.0,1993.0,8.0,0.0,0.0,0.0,19.92155292794403,23.746205134804097,0.0953184350619331,15.882434242194613,24.73513389857165,0.0714888262964498,0.0,0.0,29.3461,29.5179,71.8882,72.1973,0.0,0.0,0.0,0.0,0.0,0.0,0.0,0.02924,29.894566666666663,29.4135,64.54036666666667,68.30064,0.0,0.0,0.0,0.0,0.0,0.0,15.882434242194613,19.546584233250925
2024,Sujawal,42,0.0571,31.0697,56.7823,839292.0,0.0,0.0,0.0,0.0,1333.0,2076.0,6.0,0.0,0.0,0.0,15.882434242194613,24.73513389857165,0.0714888262964498,17.56242166016118,17.431358811951025,0.1787220657411246,0.0,0.0,30.8197,29.3461,49.5356,71.8882,0.0,0.0,0.0,0.0,0.0,0.0,0.0190333333333333,0.01142,30.41183333333333,29.91854,59.40203333333333,64.69242,0.0,0.0,0.0,0.0,0.0,0.0,17.56242166016118,16.6263963215259
2024,Sujawal,43,0.0,30.1239,56.5094,839292.0,0.0,0.0,0.0,0.0,1474.0,1463.0,15.0,0.0,0.0,0.0,17.56242166016118,17.431358811951025,0.1787220657411246,16.776044570900236,19.26623868689324,0.0953184350619331,0.0571,0.0,31.0697,30.8197,56.7823,49.5356,0.0,0.0,0.0,0.0,0.0,0.0,0.0190333333333333,0.01142,30.6711,30.17546,54.27576666666667,61.38256,0.0,0.0,0.0,0.0,0.0,0.0,16.776044570900236,17.435814239144314
2024,Sujawal,44,0.0,27.5887,67.0171,839292.0,0.0,0.0,0.0,0.0,1408.0,1617.0,8.0,0.0,0.0,0.0,16.776044570900236,19.26623868689324,0.0953184350619331,10.260424379614546,20.605470815968182,0.0,0.0,0.0571,30.1239,31.0697,56.5094,56.7823,0.0,0.0,0.0,0.0,0.0,0.0,0.0190333333333333,0.01142,29.5941,29.789620000000003,60.10293333333334,60.34652,0.0,0.0,0.0,0.0,0.0,0.0,10.260424379614546,16.311577162298306
2025,Sujawal,38,0.0571,28.1087,77.5918,945380.0,0.0,0.0,0.0,0.0,1916.0,3704.0,75.0,0.0,0.0,0.0,20.266982589011825,39.18001227019823,0.7933317819289598,27.44927965474201,18.4581861262138,0.6663986968203262,18.3429,2.5714,27.0465,28.8509,83.933,76.4291,0.0,0.0,0.0,0.0,0.0,0.0,6.990466666666666,7.611420000000001,28.002033333333333,28.597320000000003,79.31796666666668,78.90628000000001,0.0,0.0,0.0,0.0,0.0,0.0,27.44927965474201,21.048302355166992
2025,Sujawal,40,4.7857,28.6637,77.4017,945380.0,0.0,0.0,0.0,0.0,1200.0,2838.0,50.0,0.0,0.0,0.0,12.693308510863355,30.01967462819184,0.5288878546193065,16.057035266242146,16.279168165182256,0.3913770124182869,0.0429,0.0571,28.456,28.1087,75.2305,77.5918,0.0,0.0,0.0,0.0,0.0,0.0,1.6285666666666667,5.16,28.409466666666663,28.22516,76.74133333333334,78.11722,0.0,0.0,0.0,0.0,0.0,0.0,16.057035266242146,13.914058958486647
2025,Sujawal,41,0.0,26.9227,65.8683,945380.0,0.0,0.0,0.0,0.0,1518.0,1539.0,37.0,0.0,0.0,0.0,16.057035266242146,16.279168165182256,0.3913770124182869,14.766548900971038,21.769024096130657,0.6558209397279401,4.7857,0.0429,28.6637,28.456,77.4017,75.2305,0.0,0.0,0.0,0.0,0.0,0.0,1.6095333333333333,4.64572,28.01413333333333,27.83952,72.83350000000002,76.00506,0.0,0.0,0.0,0.0,0.0,0.0,14.766548900971038,17.30913570914047
2025,Sujawal,42,0.0,26.8301,49.0806,945380.0,0.0,0.0,0.0,0.0,1396.0,2058.0,62.0,0.0,0.0,0.0,14.766548900971038,21.769024096130657,0.6558209397279401,11.18068924665214,20.10831623262603,0.5923543971736234,0.0,4.7857,26.9227,28.6637,65.8683,77.4017,0.0,0.0,0.0,0.0,0.0,0.0,1.5952333333333335,0.97714,27.472166666666663,27.79624,64.11686666666667,69.03458,0.0,0.0,0.0,0.0,0.0,0.0,11.18068924665214,15.686141371413418
2025,Sujawal,43,0.0,27.2503,43.709,945380.0,0.0,0.0,0.0,0.0,1057.0,1901.0,56.0,0.0,0.0,0.0,11.18068924665214,20.10831623262603,0.5923543971736234,15.263703484313186,15.834902367302035,0.6981319680974846,0.0,0.0,26.8301,26.9227,49.0806,65.8683,0.0,0.0,0.0,0.0,0.0,0.0,0.0,0.96572,27.001033333333336,27.62456,52.88596666666667,62.25802,0.0,0.0,0.0,0.0,0.0,0.0,15.263703484313186,11.165774331142234
2024,Sukkur,37,0.5769,31.3177,65.5857,1639897.0,65.0,2.0,5165.0,0.75,4393.0,1875.0,2.0,0.4275717157240178,0.1778900300398507,0.407757721976623,26.78826779974596,11.433644917943017,0.0121958879124725,23.72100198975911,8.67737424972422,0.0548814956061264,1.0714,8.1556,30.9288,30.063,70.9788,74.4935,0.6213660411734386,0.6915435335534158,0.6164633034888926,0.6185219039593336,0.1185458896999983,0.0,3.2679666666666662,7.512220000000001,30.76983333333333,30.80874,70.35266666666668,72.18806000000001,0.5801604301502907,0.6169147705904454,0.5475809764749497,0.453281449997945,0.0988119732466163,0.1132156692384522,23.72100198975911,26.4549253719478
2024,Sukkur,38,0.0,32.2553,55.8313,1639897.0,65.0,2.0,5165.0,0.75,3890.0,1423.0,9.0,0.6241571118363196,0.0,0.4057935459010967,23.72100198975911,8.67737424972422,0.0548814956061264,28.495692107492115,9.738416498109332,0.0365876637374176,0.5769,1.0714,31.3177,30.9288,65.5857,70.9788,0.4275717157240178,0.6213660411734386,0.407757721976623,0.6164633034888926,0.1778900300398507,0.1185458896999983,0.5494333333333333,3.1665000000000005,31.500599999999995,30.963379999999997,64.13193333333334,69.24628,0.5576982895779253,0.598153604960778,0.4766715237888708,0.5344401591781643,0.0988119732466163,0.0860635585687935,28.495692107492115,22.79412098258421
2024,Sukkur,39,0.0,33.1809,55.2708,1639897.0,65.0,2.0,5165.0,0.75,4673.0,1597.0,6.0,0.4425766159112944,0.1759060251293711,0.4169930653183756,28.495692107492115,9.738416498109332,0.0365876637374176,24.03199713152716,8.183440789269083,0.3170930857242863,0.0,0.5769,32.2553,31.3177,55.8313,65.5857,0.6241571118363196,0.4275717157240178,0.4057935459010967,0.407757721976623,0.0,0.1778900300398507,0.1923,1.9607800000000004,32.25129999999999,31.54914,58.89593333333334,64.43202,0.4981018144905438,0.5614430036396973,0.4101814443986984,0.4931059081288643,0.1179320183897406,0.094468388973844,24.03199713152716,25.212271915673576
2024,Sukkur,40,0.0,31.678,57.4588,1639897.0,65.0,2.0,5165.0,0.75,3941.0,1342.0,52.0,0.675008706783761,0.1757458675386337,0.4504155583891857,24.03199713152716,8.183440789269083,0.3170930857242863,25.91016387004793,7.33582657935224,0.0243917758249451,0.0,0.0,33.1809,32.2553,55.2708,55.8313,0.4425766159112944,0.6241571118363196,0.4169930653183756,0.4057935459010967,0.1759060251293711,0.0,0.0,0.3296600000000007,32.3714,31.87214,56.18696666666667,61.02508,0.5805808115104584,0.5581360382857663,0.4244007232028859,0.4594846390148347,0.1172172975560015,0.1296175624815707,25.91016387004793,21.716570909798392
2024,Sukkur,41,0.0429,29.3586,52.0343,1639897.0,65.0,2.0,5165.0,0.75,4249.0,1203.0,4.0,0.6240096109715365,0.1677463303591479,0.621696889044602,25.91016387004793,7.33582657935224,0.0243917758249451,22.257495440262407,7.610234057382873,0.1890362626433245,0.0,0.0,31.678,33.1809,57.4588,55.2708,0.675008706783761,0.4425766159112944,0.4504155583891857,0.4169930653183756,0.1757458675386337,0.1759060251293711,0.0143,0.1239600000000007,31.405833333333334,31.558100000000003,54.9213,57.23618,0.5805316445555306,0.5586647522453859,0.4963685042507211,0.4605313561259765,0.1731327410090508,0.1394576506134006,22.257495440262407,23.174521871294345
2024,Sukkur,42,0.0,29.2419,46.7556,1639897.0,65.0,2.0,5165.0,0.75,3650.0,1248.0,31.0,0.4829862377267269,0.1637710002114299,0.4390445098227875,22.257495440262407,7.610234057382873,0.1890362626433245,20.726911507247102,6.695542463947431,0.0914691593435441,0.0429,0.0,29.3586,31.678,52.0343,57.4588,0.6240096109715365,0.675008706783761,0.621696889044602,0.4504155583891857,0.1677463303591479,0.1757458675386337,0.0143,0.0085800000000007,30.09283333333333,31.14294,52.0829,53.47016,0.5940015184940081,0.5697476566459276,0.5037189857521918,0.4667887136952094,0.1690877327030705,0.1366338446477165,20.726911507247102,20.638184060499338
2024,Sukkur,43,0.0,29.6357,40.3424,1639897.0,65.0,2.0,5165.0,0.75,3399.0,1098.0,15.0,0.6625716038597734,0.1614472161337245,0.4644327070346728,20.726911507247102,6.695542463947431,0.0914691593435441,22.800212452367436,5.908907693592951,0.0975671032997804,0.0,0.0429,29.2419,29.3586,46.7556,52.0343,0.4829862377267269,0.6240096109715365,0.4390445098227875,0.621696889044602,0.1637710002114299,0.1677463303591479,0.0143,0.0085800000000007,29.412066666666664,30.61902,46.37743333333333,50.37238,0.5898558175193456,0.5774305550506185,0.5083913686340208,0.4785165459219246,0.1643215155681008,0.1689232878744614,22.800212452367436,19.13032309752324
2024,Sukkur,44,0.0,28.089,48.3511,1639897.0,65.0,2.0,5165.0,0.75,3739.0,969.0,16.0,0.5135912172175452,0.1456288204576045,0.4760047685955085,22.800212452367436,5.908907693592951,0.0975671032997804,8.89441330782119,8.321835451130202,0.0500310748564942,0.0,0.0,29.6357,29.2419,40.3424,46.7556,0.6625716038597734,0.4829862377267269,0.4644327070346728,0.4390445098227875,0.1614472161337245,0.1637710002114299,0.0,0.0085800000000007,28.988866666666667,29.60064,45.1497,48.98844,0.5530496862680151,0.5916334753118686,0.4598273284843229,0.4903188865773512,0.1569490122675863,0.162867846940108,8.89441330782119,20.852823832081313
2025,Sukkur,37,6.5143,28.8152,75.9727,1798882.0,65.0,2.0,5165.0,0.75,2446.0,1361.0,64.0,0.52529881159697,0.1437250781582944,0.0,13.597334344331648,7.565810319965401,0.3557765323128476,14.203266250926966,8.143947184973777,0.4058076071693418,0.0714,1.5714,32.8485,33.1634,58.8595,62.742,0.0,0.5511109628570156,0.0,0.5160664304219281,0.0,0.1122208358736411,2.7190333333333334,1.7171400000000006,31.609033333333333,32.6503,65.85806666666667,59.80416,0.3588032581513285,0.4569646881982187,0.172022143473976,0.2972675854673144,0.0853153046773118,0.0511891828063871,14.203266250926966,14.283515150186803
2025,Sukkur,38,0.0,31.1324,63.1637,1798882.0,65.0,2.0,5165.0,0.75,2555.0,1465.0,73.0,0.641163334458657,0.156515185463248,0.4664155828075848,14.203266250926966,8.143947184973777,0.4058076071693418,17.588702316216406,7.676990486313166,0.5559008317388244,6.5143,0.0714,28.8152,32.8485,75.9727,58.8595,0.52529881159697,0.0,0.0,0.0,0.1437250781582944,0.0,2.195233333333333,1.7171400000000006,30.932033333333333,32.08874000000001,65.99863333333333,62.20405999999999,0.3888207153518757,0.4818395313107448,0.1554718609358615,0.2947487011856539,0.1000800878738474,0.0824922198990367,17.588702316216406,15.654058628463014
2025,Sukkur,39,0.0,31.6571,53.714,1798882.0,65.0,2.0,5165.0,0.75,3164.0,1381.0,100.0,0.4337621394738937,0.1553751960796607,0.4123992150745258,17.588702316216406,7.676990486313166,0.5559008317388244,16.037738995665084,7.349008995587259,0.3502175239954594,0.0,6.5143,31.1324,28.8152,63.1637,75.9727,0.641163334458657,0.52529881159697,0.4664155828075848,0.0,0.156515185463248,0.1437250781582944,2.1714333333333333,1.6314200000000008,30.534900000000004,31.52332,64.28346666666667,62.89037999999999,0.5334080951765069,0.4302670496773072,0.2929382659607035,0.2789762456608077,0.151871819900401,0.1135672591149688,16.037738995665084,18.447133880806014
2025,Sukkur,40,0.0143,32.5509,50.6831,1798882.0,65.0,2.0,5165.0,0.75,2885.0,1322.0,63.0,0.6927544194840568,0.1540288389964156,0.4489535015812276,16.037738995665084,7.349008995587259,0.3502175239954594,27.111283563902468,8.20509627646505,0.4002485988519536,0.0,0.0,31.6571,31.1324,53.714,63.1637,0.4337621394738937,0.641163334458657,0.4123992150745258,0.4664155828075848,0.1553751960796607,0.156515185463248,0.0047666666666663,1.3200000000000007,31.78013333333333,31.40082,55.85360000000001,60.47860000000001,0.5892266311388692,0.4585957410027156,0.442589433154446,0.2655536598926676,0.1553064068464414,0.1219288597395237,27.111283563902468,16.125629276847704
2025,Sukkur,41,0.0,28.1678,44.0514,1798882.0,65.0,2.0,5165.0,0.75,4877.0,1476.0,72.0,0.6018847491624524,0.1669760414865332,0.6189091098248602,27.111283563902468,8.20509627646505,0.4002485988519536,25.17674866945136,7.738139577804437,0.3168634740911299,0.0143,0.0,32.5509,31.6571,50.6831,53.714,0.6927544194840568,0.4337621394738937,0.4489535015812276,0.4123992150745258,0.1540288389964156,0.1553751960796607,0.0047666666666663,1.3057200000000009,30.791933333333333,30.46468,49.48283333333334,57.51698,0.5761337693734676,0.578972690835206,0.4934206088268711,0.3893354818576396,0.1587933588542031,0.1553240680368303,25.17674866945136,24.826833703066093
2025,Sukkur,42,0.0,28.9202,32.2306,1798882.0,65.0,2.0,5165.0,0.75,4529.0,1392.0,57.0,0.7069510214294803,0.165697208087029,0.6220974885157882,25.17674866945136,7.738139577804437,0.3168634740911299,26.794420089811336,6.77643113889627,0.4613976903432243,0.0,0.0143,28.1678,32.5509,44.0514,50.6831,0.6018847491624524,0.6927544194840568,0.6189091098248602,0.4489535015812276,0.1669760414865332,0.1540288389964156,0.0047666666666663,0.0028600000000007,29.87963333333333,30.48568,42.3217,48.76856,0.6671967300253298,0.615303132801708,0.563320033307292,0.5137549795607973,0.1622340295233259,0.1597184940225772,26.794420089811336,22.237374052662034
2025,Sukkur,43,0.0,28.6884,34.7294,1798882.0,65.0,2.0,5165.0,0.75,4820.0,1219.0,83.0,0.6614775105797928,0.1423642559365487,0.6501630244011887,26.794420089811336,6.77643113889627,0.4613976903432243,20.562771766019114,6.804226180483211,0.7393481062126365,0.0,0.0,28.9202,28.1678,32.2306,44.0514,0.7069510214294803,0.6018847491624524,0.6220974885157882,0.6189091098248602,0.165697208087029,0.1669760414865332,0.0,0.0028600000000007,28.592133333333333,29.99688,37.003800000000005,43.0817,0.6567710937239085,0.6193659680259351,0.630389874247279,0.5505044678795181,0.1583458351700369,0.1568883081172374,20.562771766019114,22.956839478714038
2024,Surab,37,0.0692,20.6717,39.3366,279038.0,0.0,0.0,0.0,0.0,54.0,44.0,2.0,0.0,0.0,0.0,1.9352202925766384,1.576846164321705,0.0716748256509866,1.7201958156236783,1.8277080541001585,0.0716748256509866,0.8571,5.4444,20.8351,20.2868,57.6555,69.4432,0.0,0.0,0.0,0.0,0.0,0.0,2.1235666666666666,3.62842,20.597866666666665,20.95924,55.478433333333335,64.21598,0.0,0.0,0.0,0.0,0.0,0.0,1.7201958156236783,2.177958039961737
2024,Surab,38,0.0,21.9946,35.4613,279038.0,0.0,0.0,0.0,0.0,48.0,51.0,2.0,0.0,0.0,0.0,1.7201958156236783,1.8277080541001585,0.0716748256509866,1.7560332284491718,2.0427325310531184,0.2150244769529598,0.0692,0.8571,20.6717,20.8351,39.3366,57.6555,0.0,0.0,0.0,0.0,0.0,0.0,0.3087666666666663,2.37128,21.16713333333333,20.93442,44.15113333333333,54.75808000000001,0.0,0.0,0.0,0.0,0.0,0.0,1.7560332284491718,2.1083416865549687
2024,Surab,39,0.0,23.2886,32.356,279038.0,0.0,0.0,0.0,0.0,49.0,57.0,6.0,0.0,0.0,0.0,1.7560332284491718,2.0427325310531184,0.2150244769529598,3.5120664568983435,2.723643374737491,0.0,0.0,0.0692,21.9946,20.6717,35.4613,39.3366,0.0,0.0,0.0,0.0,0.0,0.0,0.0230666666666663,1.27414,21.984966666666665,21.41536,35.71796666666666,46.85052,0.0,0.0,0.0,0.0,0.0,0.0,3.5120664568983435,2.151306704637868
2024,Surab,40,0.45,20.9581,34.3028,279038.0,0.0,0.0,0.0,0.0,98.0,76.0,0.0,0.0,0.0,0.0,3.5120664568983435,2.723643374737491,0.0,4.945562969918076,1.5051713386707186,0.0,0.0,0.0,23.2886,21.9946,32.356,35.4613,0.0,0.0,0.0,0.0,0.0,0.0,0.1499999999999997,0.27526,22.08043333333333,21.54962,34.040033333333334,39.82244,0.0,0.0,0.0,0.0,0.0,0.0,4.945562969918076,3.1972396993506638
2024,Surab,41,0.5143,16.8333,38.9033,279038.0,0.0,0.0,0.0,0.0,138.0,42.0,0.0,0.0,0.0,0.0,4.945562969918076,1.5051713386707186,0.0,5.483124162300475,1.397659100194239,0.0,0.45,0.0,20.9581,23.2886,34.3028,32.356,0.0,0.0,0.0,0.0,0.0,0.0,0.321433333333333,0.2067,20.36,20.74926,35.18736666666667,36.072,0.0,0.0,0.0,0.0,0.0,0.0,5.483124162300475,3.536646688826882
2024,Surab,42,0.0,18.1779,21.9481,279038.0,0.0,0.0,0.0,0.0,153.0,39.0,0.0,0.0,0.0,0.0,5.483124162300475,1.397659100194239,0.0,1.0034475591138126,4.300489539059196,0.0,0.5143,0.45,16.8333,20.9581,38.9033,34.3028,0.0,0.0,0.0,0.0,0.0,0.0,0.321433333333333,0.1928599999999999,18.656433333333336,20.2505,31.71806666666666,32.594300000000004,0.0,0.0,0.0,0.0,0.0,0.0,1.0034475591138126,3.847453406396218
2024,Surab,43,0.0,18.2919,34.8776,279038.0,0.0,0.0,0.0,0.0,28.0,120.0,0.0,0.0,0.0,0.0,1.0034475591138126,4.300489539059196,0.0,1.0392849719393058,4.01379023645525,0.0,0.0,0.5143,18.1779,16.8333,21.9481,38.9033,0.0,0.0,0.0,0.0,0.0,0.0,0.171433333333333,0.1928599999999999,17.7677,19.50996,31.909666666666663,32.47756,0.0,0.0,0.0,0.0,0.0,0.0,1.0392849719393058,2.2590864724017656
2024,Swabi,37,4.4308,26.8595,76.7451,1894600.0,340.0,2.0,1543.0,0.65,114.0,1538.0,46.0,0.056381830806695,0.3680898735506806,0.0351965366347155,0.6017101235089201,8.117808508392272,0.2427953129948274,0.5805974875963263,8.302544072627468,0.3325240156233506,8.5143,3.0333,26.9179,26.9207,80.1965,81.0058,0.0715615259789125,0.0640963199901714,0.0451165387636184,0.0277613236978241,0.3235447050645505,0.0,5.326133333333334,6.0214,26.89936666666667,27.35052,79.31580000000001,79.75211999999999,0.0640132255919263,0.0625512620023203,0.0360247996987193,0.0416705401217237,0.2305448595384104,0.2077957964099756,0.5805974875963263,0.5609063244635593
2024,Swabi,38,0.0,27.0947,69.1998,1894600.0,340.0,2.0,1543.0,0.65,110.0,1573.0,63.0,0.1029814109914046,0.3417705048942319,0.0344869553311506,0.5805974875963263,8.302544072627468,0.3325240156233506,0.4328090362081705,7.109680143565924,0.2058482001477884,4.4308,8.5143,26.8595,26.9179,76.7451,80.1965,0.056381830806695,0.0715615259789125,0.0351965366347155,0.0451165387636184,0.3680898735506806,0.3235447050645505,4.315033333333333,3.681399999999999,26.95736666666667,27.135,75.38046666666666,77.29668000000001,0.0769749225923373,0.0675321202217926,0.0382666769098281,0.0363379890100871,0.344468361169821,0.276149897388822,0.4328090362081705,0.4612030420773854
2024,Swabi,39,7.2286,27.0107,74.6644,1894600.0,340.0,2.0,1543.0,0.65,82.0,1347.0,39.0,0.1714430357577763,0.2838707987834745,0.0907011173107918,0.4328090362081705,7.109680143565924,0.2058482001477884,0.7231077800063338,7.178296210281854,0.6439353953341075,0.0,4.4308,27.0947,26.8595,69.1998,76.7451,0.1029814109914046,0.056381830806695,0.0344869553311506,0.0351965366347155,0.3417705048942319,0.3680898735506806,3.8864666666666663,4.6414,26.9883,26.960700000000003,73.53643333333333,76.36232,0.1102687591852919,0.0932928247049919,0.0534615364255526,0.04665249434762,0.3312437257427956,0.2634551764585875,0.7231077800063338,0.36391888646419357
2024,Swabi,40,1.5,24.9111,71.7053,1894600.0,340.0,2.0,1543.0,0.65,137.0,1360.0,122.0,0.1127643795956007,0.306446112109652,0.097694503203067,0.7231077800063338,7.178296210281854,0.6439353953341075,0.5647630106618812,6.7665998099862765,0.30085506175446,7.2286,0.0,27.0107,27.0947,74.6644,69.1998,0.1714430357577763,0.1029814109914046,0.0907011173107918,0.0344869553311506,0.2838707987834745,0.3417705048942319,2.909533333333333,4.33474,26.338833333333337,26.55878,71.8565,74.50222,0.1290629421149272,0.1030264366260778,0.0742941919483364,0.0606391302486686,0.3106958052624528,0.3247443988805179,0.5647630106618812,0.3920347458747555
2024,Swabi,41,0.4571,22.1813,67.6614,1894600.0,340.0,2.0,1543.0,0.65,107.0,1282.0,57.0,0.1694990299126236,0.2744364164960447,0.0896481141446675,0.5647630106618812,6.7665998099862765,0.30085506175446,0.5647630106618812,6.544917132904042,0.6386572363559591,1.5,7.2286,24.9111,27.0107,71.7053,74.6644,0.1127643795956007,0.1714430357577763,0.097694503203067,0.0907011173107918,0.306446112109652,0.2838707987834745,3.0619,2.7233,24.70103333333333,25.61146,71.34370000000001,71.9952,0.1512354817553335,0.12261393741282,0.0926812448861754,0.0695454453248784,0.2882511091297237,0.3149227411668167,0.5647630106618812,0.369538848404213
2024,Swabi,42,0.0,22.4786,67.1094,1894600.0,340.0,2.0,1543.0,0.65,107.0,1240.0,121.0,0.0,0.2745741427464809,0.0,0.5647630106618812,6.544917132904042,0.6386572363559591,0.3800274464266864,5.288715296104719,0.2164045181040852,0.4571,1.5,22.1813,24.9111,67.6614,71.7053,0.1694990299126236,0.1127643795956007,0.0896481141446675,0.097694503203067,0.2744364164960447,0.306446112109652,0.6523666666666667,1.83714,23.19033333333333,24.73528,68.82536666666668,70.06806,0.0940878031694081,0.111337571251481,0.0624475391159115,0.0625061379979353,0.2851522237840592,0.2962195950059768,0.3800274464266864,0.23786597418212274
2024,Swabi,43,0.1714,21.4301,71.5441,1894600.0,340.0,2.0,1543.0,0.65,72.0,1002.0,41.0,0.1414264252348595,0.2399455444490668,0.0,0.3800274464266864,5.288715296104719,0.2164045181040852,0.5225377388366937,4.8136809880713605,0.1530666103663042,0.0,0.4571,22.4786,22.1813,67.1094,67.6614,0.0,0.1694990299126236,0.0,0.0896481141446675,0.2745741427464809,0.2744364164960447,0.2095,1.87142,22.03,23.60236,68.77163333333333,70.53692,0.1036418183824943,0.119026574100172,0.0298827047148891,0.0556087469317052,0.2629853678971974,0.2758546029169438,0.5225377388366937,0.15925973600445253
2024,Swabi,44,0.2429,19.4316,80.2676,1894600.0,340.0,2.0,1543.0,0.65,99.0,912.0,29.0,0.2775040979008348,0.2794749091831668,0.1316067876014896,0.5225377388366937,4.8136809880713605,0.1530666103663042,0.0,0.264860724006976,0.0,0.1714,0.0,21.4301,22.4786,71.5441,67.1094,0.1414264252348595,0.0,0.0,0.0,0.2399455444490668,0.2745741427464809,0.1381,0.47428,21.113433333333333,22.086540000000003,72.97370000000001,71.65755999999999,0.1396435077118981,0.1402387865287837,0.0438689292004965,0.0637898809898448,0.2646648654595715,0.2749754249968822,0.0,0.1484373946138815
2025,Swabi,37,0.8714,28.1613,77.2495,1963296.0,340.0,2.0,1543.0,0.65,641.0,1659.0,46.0,0.0,0.3149706758337373,0.0,3.264917770932147,8.45007579091487,0.2342998712369403,0.7894886965592555,6.6775463302528,0.2954215767770117,3.8286,25.5429,26.836,27.1173,77.6345,81.3508,0.1201551045204155,0.0669461539935035,0.0612766842440843,0.0360221218232717,0.3067088256851501,0.3287093601641009,10.080966666666669,11.117160000000002,27.37153333333333,27.9621,78.74493333333334,78.91141999999999,0.0623670861713063,0.0602751644971518,0.0324329353557853,0.0360520869505529,0.3167962872276628,0.2515525764229971,0.7894886965592555,2.8464068383001297
2025,Swabi,38,6.8429,26.8069,75.9852,1963296.0,340.0,2.0,1543.0,0.65,155.0,1311.0,58.0,0.1378339549737159,0.2680783608887374,0.0,0.7894886965592555,6.6775463302528,0.2954215767770117,0.8913582057927077,7.472128502273727,0.3259824295470474,0.8714,3.8286,28.1613,26.836,77.2495,77.6345,0.0,0.1201551045204155,0.0,0.0612766842440843,0.3149706758337373,0.3067088256851501,3.847633333333333,11.40002,27.26806666666667,27.5533,76.95640000000002,78.65812000000001,0.0859963531647104,0.0739912049059876,0.0204255614146947,0.0268980177022784,0.2965859541358749,0.3051682486007446,0.8913582057927077,0.7327122183561556
2025,Swabi,39,0.6,25.8313,72.5947,1963296.0,340.0,2.0,1543.0,0.65,175.0,1467.0,64.0,0.2054877665003789,0.2730235332145915,0.1260391154554484,0.8913582057927077,7.472128502273727,0.3259824295470474,0.8709843039460172,6.886378824181377,0.2852346258536665,6.8429,0.8714,26.8069,28.1613,75.9852,77.2495,0.1378339549737159,0.0,0.0,0.0,0.2680783608887374,0.3149706758337373,2.771433333333333,7.53716,26.933166666666665,26.95056,75.27646666666668,76.96294,0.1144405738246982,0.1060845959976027,0.0420130384851494,0.0446675843045608,0.2853575233123553,0.2982981511572634,0.8709843039460172,0.726630547332813
2025,Swabi,40,4.9429,23.8616,71.7846,1963296.0,340.0,2.0,1543.0,0.65,171.0,1352.0,56.0,0.0579616945469869,0.2665130232223849,0.0548721920143611,0.8709843039460172,6.886378824181377,0.2852346258536665,0.6672452854791127,6.392311704399132,0.2597672485453034,0.6,6.8429,25.8313,26.8069,72.5947,75.9852,0.2054877665003789,0.1378339549737159,0.1260391154554484,0.0,0.2730235332145915,0.2680783608887374,4.1286,3.41716,25.49993333333333,26.29942,73.45483333333334,75.0497,0.1337611386736938,0.1042877041082994,0.0603037691566031,0.0484375983427787,0.2692049724419045,0.2858588837689202,0.6672452854791127,0.5976444409715596
2025,Swabi,41,4.3143,19.5042,71.8377,1963296.0,340.0,2.0,1543.0,0.65,131.0,1255.0,51.0,0.2204262911466185,0.2687900671371749,0.0544825151670219,0.6672452854791127,6.392311704399132,0.2597672485453034,0.7130865646341663,5.979740192003651,0.2699541994686486,4.9429,0.6,23.8616,25.8313,71.7846,72.5947,0.0579616945469869,0.2054877665003789,0.0548721920143611,0.1260391154554484,0.2665130232223849,0.2730235332145915,3.285733333333333,3.5143,23.065700000000003,24.83306,72.07233333333333,73.89034000000001,0.1612919173979947,0.12434194143354,0.0784646075456104,0.0470787645273662,0.2694422078580504,0.2782751320593252,0.7130865646341663,0.3809193212239741
2025,Swabi,42,0.0,21.4077,68.7796,1963296.0,340.0,2.0,1543.0,0.65,140.0,1174.0,53.0,0.1828108357538156,0.2642839430729908,0.1346365483869948,0.7130865646341663,5.979740192003651,0.2699541994686486,0.7130865646341663,5.979740192003651,0.2342998712369403,4.3143,4.9429,19.5042,23.8616,71.8377,71.7846,0.2204262911466185,0.0579616945469869,0.0544825151670219,0.0548721920143611,0.2687900671371749,0.2665130232223849,3.0857333333333337,3.34002,21.591166666666663,23.48234,70.80063333333334,72.19636,0.1537329404824736,0.1609041085843031,0.0813304185227925,0.0740060742047652,0.2665290111441835,0.2681377855071759,0.7130865646341663,0.3316769453553139
2025,Swabi,43,0.0,20.2631,64.4381,1963296.0,340.0,2.0,1543.0,0.65,140.0,1174.0,46.0,0.2810615410296334,0.2352902038703845,0.1535969051539679,0.7130865646341663,5.979740192003651,0.2342998712369403,0.6774322364024579,4.782773458510586,0.2037390184669046,0.0,4.3143,21.4077,19.5042,68.7796,71.8377,0.1828108357538156,0.2204262911466185,0.1346365483869948,0.0544825151670219,0.2642839430729908,0.2687900671371749,1.4381000000000002,1.97144,20.39166666666667,22.17358,68.35180000000001,69.88694000000001,0.2280995559766891,0.1895496257954866,0.1142386562359948,0.1047254552355588,0.2561214046935167,0.2615801541035053,0.6774322364024579,0.253995457337866
2025,Swat,37,1.6,24.5581,80.1007,2791410.0,980.0,1.0,5337.0,0.35,416.0,3898.0,57.0,0.0,0.2753643526027702,0.0,1.4902862710959697,13.964268953682907,0.204197878491515,0.5552749327400848,12.62086185834399,0.2615165812259754,6.8143,10.5857,23.4042,24.287,81.1948,82.6717,0.1780904978533899,0.1216729470353781,0.0475980976834828,0.0437823501478463,0.2246105248577197,0.246038856457256,6.333333333333333,7.77714,24.0831,24.71668,81.3224,82.70784,0.099921148296256,0.1115340096901268,0.0304601492771097,0.0451894261269679,0.2486712446392486,0.2187005456925911,0.5552749327400848,1.0084758050978317
2025,Swat,38,8.8286,23.3846,74.2828,2791410.0,980.0,1.0,5337.0,0.35,155.0,3523.0,73.0,0.0756668085144372,0.1729474159136851,0.0,0.5552749327400848,12.62086185834399,0.2615165812259754,0.3976485002203187,11.71809229027624,0.125384662231632,1.6,6.8143,24.5581,23.4042,80.1007,81.1948,0.0,0.1780904978533899,0.0,0.0475980976834828,0.2753643526027702,0.2246105248577197,5.747633333333333,8.66572,23.782300000000003,24.25412,78.5261,81.15382000000001,0.0845857687892757,0.0886104420495513,0.0158660325611609,0.0258178631846036,0.224307431124725,0.2368411558813509,0.3976485002203187,0.4831719131237353
2025,Swat,39,0.3571,23.159,65.3212,2791410.0,980.0,1.0,5337.0,0.35,111.0,3271.0,35.0,0.1348044689989863,0.2297901213136254,0.0432355758884076,0.3976485002203187,11.71809229027624,0.125384662231632,0.5122859056892395,9.482662883632289,0.3367473785649546,8.8286,1.6,23.3846,24.5581,74.2828,80.1007,0.0756668085144372,0.0,0.0,0.0,0.1729474159136851,0.2753643526027702,3.595233333333334,5.6371400000000005,23.700566666666663,23.75858,73.2349,76.71423999999999,0.0701570925044745,0.1020469444804383,0.0144118586294692,0.0269232047439473,0.2260339632766936,0.2297502542290113,0.5122859056892395,0.40083336900596844
2025,Swat,40,1.4857,20.9796,63.7842,2791410.0,980.0,1.0,5337.0,0.35,143.0,2647.0,94.0,0.149375076255576,0.2234016613321481,0.0665124743641729,0.5122859056892395,9.482662883632289,0.3367473785649546,0.4800441354011055,8.59422299124815,0.1970330406497075,0.3571,8.8286,23.159,23.3846,65.3212,74.2828,0.1348044689989863,0.0756668085144372,0.0432355758884076,0.0,0.2297901213136254,0.1729474159136851,3.5571333333333333,3.8171400000000006,22.50773333333333,23.0971,67.79606666666666,72.93674,0.1199487845896665,0.1075873703244778,0.0365826834175268,0.0314692295872126,0.2087130661864862,0.2252228152039897,0.4800441354011055,0.3442527407746949
2025,Swat,41,6.3143,17.0459,63.7779,2791410.0,980.0,1.0,5337.0,0.35,134.0,2399.0,55.0,0.1539560544165606,0.1970029092161776,0.0760524585454657,0.4800441354011055,8.59422299124815,0.1970330406497075,0.4585496218756829,7.73802486915215,0.0895604730225943,1.4857,0.3571,20.9796,23.159,63.7842,65.3212,0.149375076255576,0.1348044689989863,0.0665124743641729,0.0432355758884076,0.2234016613321481,0.2297901213136254,2.7190333333333334,3.71714,20.39483333333333,21.82544,64.29443333333334,69.45336,0.1460451998903743,0.102760481637112,0.061933502932682,0.0371601017596092,0.2167315639539837,0.2197012920756813,0.4585496218756829,0.2986561986529592
2025,Swat,42,0.0,19.1825,60.8635,2791410.0,980.0,1.0,5337.0,0.35,128.0,2160.0,25.0,0.2472372655817901,0.1528375579431423,0.0495720022293038,0.4585496218756829,7.73802486915215,0.0895604730225943,0.4585496218756829,7.73802486915215,0.0071648378418075,6.3143,1.4857,17.0459,20.9796,63.7779,63.7842,0.1539560544165606,0.149375076255576,0.0760524585454657,0.0665124743641729,0.1970029092161776,0.2234016613321481,2.6,3.3971400000000003,19.069333333333333,20.75032,62.80853333333334,65.60592,0.1835227987513089,0.15220793475347,0.0640456450463141,0.04707450220547,0.191080709497156,0.1951959331437557,0.4585496218756829,0.20777042426705083
2025,Swat,43,0.0143,18.0331,52.4166,2791410.0,980.0,1.0,5337.0,0.35,128.0,2160.0,2.0,0.2265475997723706,0.1729087095256426,0.0628670195984427,0.4585496218756829,7.73802486915215,0.0071648378418075,0.3582418920903772,7.139760909361219,0.2006154595706112,0.0,6.3143,19.1825,17.0459,60.8635,63.7779,0.2472372655817901,0.1539560544165606,0.0495720022293038,0.0760524585454657,0.1528375579431423,0.1970029092161776,2.1095333333333333,1.63428,18.087166666666665,19.680020000000003,59.01933333333333,61.23268,0.2092469732569071,0.1823840930050567,0.0628304934577374,0.0596479061251585,0.1742497255616542,0.1951881918661472,0.3582418920903772,0.2479747815106963
2024,Tando Allahyar,39,0.0,31.3593,63.5895,922012.0,18.0,0.0,2343.0,0.2,4809.0,1354.0,7.0,0.0,0.0,0.0,52.157672568252906,14.685275245875326,0.075920920768927,40.37908400324508,14.793733704116647,0.075920920768927,0.0,1.5154,30.2262,28.9353,66.439,74.4423,0.0,0.0,0.0,0.0,0.0,0.0,0.5051333333333328,3.5015,30.173600000000004,29.65026,68.15693333333333,71.93773999999999,0.0,0.0,0.0,0.0,0.0,0.0,40.37908400324508,31.394968082272875
2024,Tando Allahyar,41,0.0,31.7816,38.743,922012.0,18.0,0.0,2343.0,0.2,4130.0,1344.0,12.0,0.0,0.0,0.0,44.793343253666976,14.576816787634,0.1301501498895892,36.45288781490913,13.156010984672651,0.2169169164826488,0.0,0.0,31.1337,31.3593,61.7561,63.5895,0.0,0.0,0.0,0.0,0.0,0.0,0.0,0.30308,31.424866666666663,30.687220000000003,54.696200000000005,60.99398,0.0,0.0,0.0,0.0,0.0,0.0,36.45288781490913,30.485346382292622
2024,Tando Allahyar,42,0.0,32.2304,42.3237,922012.0,18.0,0.0,2343.0,0.2,3361.0,1213.0,20.0,0.0,0.0,0.0,36.45288781490913,13.156010984672651,0.2169169164826488,33.14490483854874,13.101781755551988,0.1518418415378541,0.0,0.0,31.7816,31.1337,38.743,61.7561,0.0,0.0,0.0,0.0,0.0,0.0,0.0,0.0,31.71523333333333,31.34624,47.6076,54.570260000000005,0.0,0.0,0.0,0.0,0.0,0.0,33.14490483854874,29.05504740931745
2024,Tando Allahyar,43,0.0,31.9069,35.4573,922012.0,18.0,0.0,2343.0,0.2,3056.0,1208.0,14.0,0.0,0.0,0.0,33.14490483854874,13.101781755551988,0.1518418415378541,22.7003553099092,10.553007986880864,0.0867667665930595,0.0,0.0,32.2304,31.7816,42.3237,38.743,0.0,0.0,0.0,0.0,0.0,0.0,0.0,0.0,31.972966666666668,31.68238,38.84133333333333,48.37392,0.0,0.0,0.0,0.0,0.0,0.0,22.7003553099092,28.180261171182078
2024,Tando Allahyar,44,0.0,29.5069,46.0799,922012.0,18.0,0.0,2343.0,0.2,2093.0,973.0,8.0,0.0,0.0,0.0,22.7003553099092,10.553007986880864,0.0867667665930595,15.397219606056504,16.513962748215928,0.1087095094137493,0.0,0.0,31.9069,32.2304,35.4573,42.3237,0.0,0.0,0.0,0.0,0.0,0.0,0.0,0.0,31.21473333333334,31.3119,41.28696666666667,44.872,0.0,0.0,0.0,0.0,0.0,0.0,15.397219606056504,22.30021450407013
2025,Tando Allahyar,39,0.0286,29.484,66.918,1011871.0,18.0,0.0,2343.0,0.2,5058.0,1085.0,31.0,0.0,0.0,0.0,49.98660896497676,10.72271070126528,0.3063631628932937,36.80311027789116,13.084671860345834,2.0259499481653296,0.0,10.9571,28.4816,27.2429,75.9561,83.1094,0.0,0.0,0.0,0.0,0.0,0.0,3.6619,5.59144,28.402833333333334,29.16214,75.32783333333333,74.56222,0.0,0.0,0.0,0.0,0.0,0.0,36.80311027789116,31.678997190921848
2025,Tando Allahyar,42,0.0,28.6736,33.2672,1011871.0,18.0,0.0,2343.0,0.2,4405.0,1085.0,38.0,0.0,0.0,0.0,43.533217178869634,10.72271070126528,0.3755419416111342,36.971115883348766,8.993241233319267,0.553430229742724,0.0,0.9571,27.8697,29.6119,49.3578,69.6877,0.0,0.0,0.0,0.0,0.0,0.0,0.3190333333333327,0.1971399999999999,28.718400000000003,28.82416,50.770900000000005,59.03736,0.0,0.0,0.0,0.0,0.0,0.0,36.971115883348766,29.861281969960356
2025,Tando Allahyar,43,0.0,28.0575,35.0501,1011871.0,18.0,0.0,2343.0,0.2,3741.0,910.0,56.0,0.0,0.0,0.0,36.971115883348766,8.993241233319267,0.553430229742724,30.49795873189369,8.795587579839722,0.3360112109152253,0.0,0.0,28.6736,27.8697,33.2672,49.3578,0.0,0.0,0.0,0.0,0.0,0.0,0.0,0.1971399999999999,28.200266666666664,28.73934000000001,39.225033333333336,50.85616,0.0,0.0,0.0,0.0,0.0,0.0,30.49795873189369,27.76004341173876
2024,Tando Muhammad Khan,37,1.7538,28.8133,74.5564,726119.0,14.0,2.0,1733.0,0.2,2565.0,1585.0,1.0,0.0,0.0,0.0,35.3247883611364,21.82837799313887,0.0137718473142831,30.50464180113728,21.002067154281875,0.0413155419428495,3.2429,17.7,28.7782,28.5802,77.7014,79.0264,0.0,0.0,0.0,0.0,0.0,0.0,7.565566666666666,5.24792,28.723900000000004,29.28406,77.09473333333334,75.33272,0.0,0.0,0.0,0.0,0.0,0.0,30.50464180113728,30.895031760322293
2024,Tando Muhammad Khan,38,0.0,29.6564,69.524,726119.0,14.0,2.0,1733.0,0.2,2215.0,1525.0,3.0,0.0,0.0,0.0,30.50464180113728,21.002067154281875,0.0413155419428495,27.92930635336632,20.630227276796223,0.0137718473142831,1.7538,3.2429,28.8133,28.7782,74.5564,77.7014,0.0,0.0,0.0,0.0,0.0,0.0,1.6655666666666669,4.72792,29.082633333333337,29.24232,73.92726666666667,74.2438,0.0,0.0,0.0,0.0,0.0,0.0,27.92930635336632,29.933991127339933
2024,Tando Muhammad Khan,39,0.0,30.3073,69.3592,726119.0,14.0,2.0,1733.0,0.2,2028.0,1498.0,1.0,0.0,0.0,0.0,27.92930635336632,20.630227276796223,0.0137718473142831,19.8314601325678,16.7190226395398,0.0,0.0,1.7538,29.6564,28.8133,69.524,74.5564,0.0,0.0,0.0,0.0,0.0,0.0,0.5846,4.53934,29.59233333333334,29.22708,71.14653333333332,74.03348,0.0,0.0,0.0,0.0,0.0,0.0,19.8314601325678,27.06035563747704
2024,Tando Muhammad Khan,40,0.0,30.0441,67.8429,726119.0,14.0,2.0,1733.0,0.2,1440.0,1214.0,0.0,0.0,0.0,0.0,19.8314601325678,16.7190226395398,0.0,20.106897078853468,14.625701847768754,0.0,0.0,0.0,30.3073,29.6564,69.3592,69.524,0.0,0.0,0.0,0.0,0.0,0.0,0.0,0.99934,30.002600000000005,29.51986,68.9087,71.79678,0.0,0.0,0.0,0.0,0.0,0.0,20.106897078853468,19.809548904215113
2024,Tando Muhammad Khan,41,0.0,31.2966,43.8017,726119.0,14.0,2.0,1733.0,0.2,1460.0,1062.0,0.0,0.0,0.0,0.0,20.106897078853468,14.625701847768754,0.0,17.917173355882436,13.262288963654717,0.0275436946285663,0.0,0.0,30.0441,30.3073,67.8429,69.3592,0.0,0.0,0.0,0.0,0.0,0.0,0.0,0.35076,30.549333333333337,30.023540000000004,60.3346,65.01684,0.0,0.0,0.0,0.0,0.0,0.0,17.917173355882436,20.518578602652767
2024,Tando Muhammad Khan,42,0.0,31.6466,48.9487,726119.0,14.0,2.0,1733.0,0.2,1301.0,963.0,2.0,0.0,0.0,0.0,17.917173355882436,13.262288963654717,0.0275436946285663,16.966915891196898,13.31737635291185,0.0,0.0,0.0,31.2966,30.0441,43.8017,67.8429,0.0,0.0,0.0,0.0,0.0,0.0,0.0,0.0,30.99576666666667,30.590200000000003,53.5311,59.8953,0.0,0.0,0.0,0.0,0.0,0.0,16.966915891196898,17.348744150237025
2024,Tando Muhammad Khan,43,0.0,31.1186,43.287,726119.0,14.0,2.0,1733.0,0.2,1232.0,967.0,0.0,0.0,0.0,0.0,16.966915891196898,13.31737635291185,0.0,12.601240292569123,11.348002186969351,0.0,0.0,0.0,31.6466,31.2966,48.9487,43.8017,0.0,0.0,0.0,0.0,0.0,0.0,0.0,0.0,31.35393333333333,30.88264,45.3458,54.64790000000001,0.0,0.0,0.0,0.0,0.0,0.0,12.601240292569123,15.852595064098622
2024,Tando Muhammad Khan,44,0.0,28.8493,54.0048,726119.0,14.0,2.0,1733.0,0.2,915.0,824.0,0.0,0.0,0.0,0.0,12.601240292569123,11.348002186969351,0.0,6.744513668025752,12.474906621475167,0.0,0.0,0.0,31.1186,31.6466,43.287,48.9487,0.0,0.0,0.0,0.0,0.0,0.0,0.0,0.0,30.53816666666667,30.591040000000003,48.746833333333335,51.577020000000005,0.0,0.0,0.0,0.0,0.0,0.0,6.744513668025752,11.942493281959676
2025,Tando Muhammad Khan,37,12.5714,27.2002,83.3366,818443.0,14.0,2.0,1733.0,0.2,2604.0,1668.0,121.0,0.0,0.0,0.0,31.81651012959974,20.38016086642564,1.4784169453462246,34.981055491952404,21.272098362378323,1.7716566700429963,2.8,13.0286,30.0761,29.7362,69.761,80.8638,0.0,0.0,0.0,0.0,0.0,0.0,9.466666666666669,5.851440000000001,29.004166666666663,29.71198,77.98713333333333,73.21202,0.0,0.0,0.0,0.0,0.0,0.0,34.981055491952404,31.722577984415885
2025,Tando Muhammad Khan,38,0.0429,28.5076,75.8615,818443.0,14.0,2.0,1733.0,0.2,2863.0,1741.0,145.0,0.0,0.0,0.0,34.981055491952404,21.272098362378323,1.7716566700429963,34.59006919235671,16.80019256075255,1.270705473686011,12.5714,2.8,27.2002,30.0761,83.3366,69.761,0.0,0.0,0.0,0.0,0.0,0.0,5.1381,5.85144,28.594633333333334,29.35066,76.3197,75.02996,0.0,0.0,0.0,0.0,0.0,0.0,34.59006919235671,31.68945161009136
2025,Tando Muhammad Khan,39,0.0,29.1892,69.4328,818443.0,14.0,2.0,1733.0,0.2,2831.0,1375.0,104.0,0.0,0.0,0.0,34.59006919235671,16.80019256075255,1.270705473686011,25.52407437048151,15.749416880589118,0.6597893805677365,0.0429,12.5714,28.5076,27.2002,75.8615,83.3366,0.0,0.0,0.0,0.0,0.0,0.0,4.204766666666667,5.68858,28.299000000000003,28.94186,76.2103,75.85114,0.0,0.0,0.0,0.0,0.0,0.0,25.52407437048151,31.364956040245964
2025,Tando Muhammad Khan,40,2.8,29.3618,72.1852,818443.0,14.0,2.0,1733.0,0.2,2089.0,1289.0,54.0,0.0,0.0,0.0,25.52407437048151,15.749416880589118,0.6597893805677365,24.47329869031808,19.06058210529017,0.9896840708516048,0.0,0.0429,29.1892,28.5076,69.4328,75.8615,0.0,0.0,0.0,0.0,0.0,0.0,0.9476333333333332,3.64286,29.01953333333334,28.86698,72.49316666666667,74.11542,0.0,0.0,0.0,0.0,0.0,0.0,24.47329869031808,26.23814652661317
2025,Tando Muhammad Khan,41,0.0,27.5764,55.3799,818443.0,14.0,2.0,1733.0,0.2,2003.0,1560.0,81.0,0.0,0.0,0.0,24.47329869031808,19.06058210529017,0.9896840708516048,25.548511014206245,14.319873222692356,1.0874306457505287,2.8,0.0,29.3618,29.1892,72.1852,69.4328,0.0,0.0,0.0,0.0,0.0,0.0,0.9333333333333332,3.08286,28.709133333333337,28.367040000000003,65.66596666666666,71.23920000000001,0.0,0.0,0.0,0.0,0.0,0.0,25.548511014206245,24.95470350215352
2025,Tando Muhammad Khan,42,0.0,28.1038,37.2375,818443.0,14.0,2.0,1733.0,0.2,2091.0,1172.0,89.0,0.0,0.0,0.0,25.548511014206245,14.319873222692356,1.0874306457505287,17.411108653870823,9.408107834021427,1.0019023927139703,0.0,2.8,27.5764,29.3618,55.3799,72.1852,0.0,0.0,0.0,0.0,0.0,0.0,0.9333333333333332,0.56858,28.34733333333333,28.54776,54.9342,62.01938,0.0,0.0,0.0,0.0,0.0,0.0,17.411108653870823,24.364280444099954
2025,Tando Muhammad Khan,43,0.0,28.866,31.2365,818443.0,14.0,2.0,1733.0,0.2,1425.0,770.0,82.0,0.0,0.0,0.0,17.411108653870823,9.408107834021427,1.0019023927139703,16.250368076946106,11.082017929165502,1.0629940020257975,0.0,0.0,28.1038,27.5764,37.2375,55.3799,0.0,0.0,0.0,0.0,0.0,0.0,0.0,0.5599999999999999,28.182066666666667,28.619440000000004,41.28463333333333,53.09438,0.0,0.0,0.0,0.0,0.0,0.0,16.250368076946106,17.05341066124803
2024,Tank,37,2.6615,28.9096,72.8749,470293.0,250.0,0.0,1679.0,0.2,274.0,366.0,24.0,0.5006865052191775,0.1584817486992752,0.0,5.826155184108631,7.782382472203499,0.5103201621117048,7.144482269563867,7.293325650179781,0.2976867612318278,6.6571,15.0111,28.6999,28.7525,77.0942,74.6533,0.0,0.5039241283866556,0.0,0.1214388598508199,0.1600894434120965,0.0,8.109900000000001,7.188799999999999,28.787333333333333,29.0928,74.87413333333333,75.6955,0.3348702112019444,0.3529324071804393,0.0404796199502733,0.1644594174970449,0.1061903973704572,0.0637142384222743,7.144482269563867,4.655909686227454
2024,Tank,38,0.0,30.3086,52.1088,470293.0,250.0,0.0,1679.0,0.2,336.0,343.0,14.0,0.5887597867339881,0.1682533013735642,0.4795193023418641,7.144482269563867,7.293325650179781,0.2976867612318278,10.504090003465926,8.930602836954835,0.2551600810558524,2.6615,6.6571,28.9096,28.6999,72.8749,77.0942,0.5006865052191775,0.0,0.0,0.0,0.1584817486992752,0.1600894434120965,3.1062,5.485939999999999,29.306033333333332,29.180060000000005,67.35929999999999,70.72038,0.3631487639843885,0.3465011567676671,0.159839767447288,0.1458239530266088,0.1622748311616453,0.0973648986969871,10.504090003465926,4.957313846207722
2024,Tank,39,0.9143,30.5005,61.8538,470293.0,250.0,0.0,1679.0,0.2,494.0,420.0,12.0,0.5234163486883269,0.1663140957325755,0.4952968669615704,10.504090003465926,8.930602836954835,0.2551600810558524,10.5466166836419,8.080069233435326,0.0,0.0,2.6615,30.3086,28.9096,52.1088,72.8749,0.5887597867339881,0.5006865052191775,0.4795193023418641,0.0,0.1682533013735642,0.1584817486992752,1.1919333333333333,5.0488,29.906233333333333,29.43422,62.27916666666666,67.717,0.5376208802138308,0.4233573538056296,0.3249387231011448,0.2192510058308508,0.1643497152684716,0.1306277178435023,10.5466166836419,6.932354360813203
2024,Tank,40,0.1875,29.5412,48.7088,470293.0,250.0,0.0,1679.0,0.2,496.0,380.0,0.0,0.6208465192819825,0.1536294711636404,0.511565406869921,10.5466166836419,8.080069233435326,0.0,11.312096926809458,7.463432370883684,0.3827401215837786,0.9143,0.0,30.5005,30.3086,61.8538,52.1088,0.5234163486883269,0.5887597867339881,0.4952968669615704,0.4795193023418641,0.1663140957325755,0.1682533013735642,0.3672666666666666,2.08408,30.116766666666667,29.59196,54.22379999999999,62.5281,0.5776742182347658,0.4467418319846949,0.4954605253911184,0.2972763152346711,0.16273228942326,0.1613536120762303,11.312096926809458,6.837563111627737
2024,Tank,41,0.2286,27.0529,42.4688,470293.0,250.0,0.0,1679.0,0.2,532.0,351.0,18.0,0.0,0.154020704029847,0.0,11.312096926809458,7.463432370883684,0.3827401215837786,13.927487757631944,9.823663120650318,0.0212633400879877,0.1875,0.9143,29.5412,30.5005,48.7088,61.8538,0.6208465192819825,0.5234163486883269,0.511565406869921,0.4952968669615704,0.1536294711636404,0.1663140957325755,0.4434666666666667,0.7983800000000001,29.03153333333333,29.26256,51.010466666666666,55.60302,0.3814209559901031,0.4467418319846949,0.3356207579438304,0.2972763152346711,0.1579880903086876,0.1601398641997804,13.927487757631944,7.057971121087737
2024,Tank,42,0.0,27.1836,37.9048,470293.0,250.0,0.0,1679.0,0.2,655.0,462.0,1.0,0.5238403594489678,0.1546034677879813,0.0,13.927487757631944,9.823663120650318,0.0212633400879877,14.395281239567677,7.229535629915818,0.3189501013198155,0.2286,0.1875,27.0529,29.5412,42.4688,48.7088,0.0,0.6208465192819825,0.0,0.511565406869921,0.154020704029847,0.1536294711636404,0.1387,0.26608,27.9259,28.917359999999995,43.02746666666666,48.609,0.3815622929103168,0.451372602830653,0.1705218022899736,0.2972763152346711,0.1540845476604896,0.1593642080175216,14.395281239567677,7.684098982084083
2024,Tank,43,0.0,26.7711,47.2517,470293.0,250.0,0.0,1679.0,0.2,677.0,340.0,15.0,0.6325272876513975,0.1578625800757504,0.5142815713378378,14.395281239567677,7.229535629915818,0.3189501013198155,12.843057413144573,6.953112208771978,0.3402134414078032,0.0,0.2286,27.1836,27.0529,37.9048,42.4688,0.5238403594489678,0.0,0.0,0.0,0.1546034677879813,0.154020704029847,0.0762,0.26608,27.00253333333333,28.20986,42.54176666666666,47.63758,0.3854558823667884,0.4601261030141349,0.1714271904459459,0.3042287690338658,0.1554955839645262,0.1572860637579589,12.843057413144573,8.394792018676046
2024,Tank,44,0.0,24.1407,58.7149,470293.0,250.0,0.0,1679.0,0.2,604.0,327.0,16.0,0.5333244609796864,0.1341133789567143,0.5237577132369226,12.843057413144573,6.953112208771978,0.3402134414078032,0.0,1.1847087943472467,0.0,0.0,0.0,26.7711,27.1836,47.2517,37.9048,0.6325272876513975,0.5238403594489678,0.5142815713378378,0.0,0.1578625800757504,0.1546034677879813,0.0,0.08322,26.0318,26.937900000000003,47.95713333333333,47.0098,0.5632307026933506,0.4621077254724069,0.3460130948582534,0.3099209382889363,0.1488598089401487,0.1508459204027867,0.0,7.867226767481383
2025,Tank,37,0.1714,30.9931,65.0947,472690.0,250.0,0.0,1679.0,0.2,54.0,565.0,5.0,0.5159534662221917,0.1316834388895097,0.0,1.142397765977702,11.952865514396327,0.1057775709238613,5.013856861791026,12.375975798091773,0.0423110283695445,4.0429,10.7857,29.4857,30.3309,66.625,70.0088,0.0,0.5188315519121556,0.0,0.488338163464346,0.1419697967297793,0.1291314286373144,5.0,3.0914200000000003,30.2699,31.660540000000005,67.24283333333334,62.95462,0.3449283393781157,0.4306858239733159,0.1627793878214486,0.197324591444493,0.1342615547522011,0.102211038666199,5.013856861791026,2.5149382686936312
2025,Tank,38,0.6286,31.4267,58.0939,472690.0,250.0,0.0,1679.0,0.2,237.0,585.0,2.0,0.5813872420763891,0.1517556006270748,0.4929289097078452,5.013856861791026,12.375975798091773,0.0423110283695445,7.065941737713935,14.068416932873554,0.0211555141847722,0.1714,4.0429,30.9931,29.4857,65.0947,66.625,0.5159534662221917,0.0,0.0,0.0,0.1316834388895097,0.1419697967297793,1.6143,3.1857200000000003,30.635166666666667,31.19274,63.27119999999999,63.38618,0.365780236099527,0.4336650112323045,0.1643096365692817,0.2959103733860621,0.1418029454154546,0.132562158791614,7.065941737713935,4.119798302404707
2025,Tank,39,0.0,30.2904,54.7517,472690.0,250.0,0.0,1679.0,0.2,334.0,665.0,1.0,0.5169754243545731,0.1515922130374327,0.4918714306073571,7.065941737713935,14.068416932873554,0.0211555141847722,8.737227358310944,13.94148384776492,0.0,0.6286,0.1714,31.4267,30.9931,58.0939,65.0947,0.5813872420763891,0.5159534662221917,0.4929289097078452,0.0,0.1517556006270748,0.1316834388895097,0.2666666666666666,3.1257200000000003,30.9034,30.505360000000003,59.31343333333333,62.91482,0.5381053775510513,0.4266295369130619,0.3282667801050674,0.2946277007559096,0.1450104175180057,0.1412264955842221,8.737227358310944,4.730696681245783
2025,Tank,40,1.3286,28.4999,54.7621,472690.0,250.0,0.0,1679.0,0.2,413.0,659.0,0.0,0.612006119703668,0.1395888599209439,0.500750065919398,8.737227358310944,13.94148384776492,0.0,5.013856861791026,14.343438617275591,0.0,0.0,0.6286,30.2904,31.4267,54.7517,58.0939,0.5169754243545731,0.5813872420763891,0.4918714306073571,0.4929289097078452,0.1515922130374327,0.1517556006270748,0.6524,1.2343,30.072333333333333,30.13916,55.86923333333332,59.865480000000005,0.5701229287115435,0.4452644504713644,0.4951834687448668,0.29711008124692,0.1476455578618171,0.143317981840948,5.013856861791026,5.935826625330657
2025,Tank,41,0.3,23.3002,56.0402,472690.0,250.0,0.0,1679.0,0.2,237.0,678.0,0.0,0.2266497410437661,0.1535879228234555,0.2213701446309934,5.013856861791026,14.343438617275591,0.0,7.467896507224608,13.58184010662379,0.0,1.3286,0.0,28.4999,30.2904,54.7621,54.7517,0.612006119703668,0.5169754243545731,0.500750065919398,0.4918714306073571,0.1395888599209439,0.1515922130374327,0.5428666666666667,0.48572,27.3635,28.90206,55.18466666666666,57.74852,0.4518770950340023,0.4905943986801176,0.4046638803859161,0.3413841101731187,0.1482563319272773,0.1456416070596833,7.467896507224608,4.45826962515327
2025,Tank,42,0.0,24.8636,53.2352,472690.0,250.0,0.0,1679.0,0.2,353.0,642.0,0.0,0.5778536643985096,0.1297863710007487,0.2040146186373135,7.467896507224608,13.58184010662379,0.0,7.467896507224608,13.58184010662379,0.0,0.3,1.3286,23.3002,28.4999,56.0402,54.7621,0.2266497410437661,0.612006119703668,0.2213701446309934,0.500750065919398,0.1535879228234555,0.1395888599209439,0.5428666666666667,0.45144,25.55456666666667,27.67616,54.67916666666667,55.37662,0.4721698417153145,0.5029744383153811,0.308711609729235,0.3821870339005814,0.1409877179150493,0.1452621934819311,7.467896507224608,4.713466798070739
2025,Tank,43,0.0,23.8598,48.7791,472690.0,250.0,0.0,1679.0,0.2,353.0,642.0,0.0,0.0,0.1277826840129362,0.0,7.467896507224608,13.58184010662379,0.0,6.621675939833718,13.666462163362882,0.0,0.0,0.3,24.8636,23.3002,53.2352,56.0402,0.5778536643985096,0.2266497410437661,0.2040146186373135,0.2213701446309934,0.1297863710007487,0.1535879228234555,0.0999999999999999,0.32572,24.00786666666667,26.162780000000005,52.68483333333333,53.51366,0.2681678018140919,0.3866969899001033,0.1417949210894356,0.2836012519590124,0.1370523259457134,0.1404676101591034,6.621675939833718,4.623958148016097
2024,Tharparkar,37,3.7154,28.2678,77.9919,1778407.0,56.0,0.0,19638.0,0.35,4635.0,3989.0,67.0,0.1312615368489268,0.3279531225433751,0.0920308403434436,26.06265045065612,22.430186116001565,0.3767416569997756,25.29792111704464,20.771398223241363,0.1574442745670704,6.9,19.3222,27.887,27.8313,82.903,82.6859,0.1364818582269116,0.1105628961623534,0.0583220604166676,0.0860591854008785,0.0,0.0,9.9792,6.55324,27.99536666666667,28.914480000000005,81.1936,77.18064000000001,0.1261020970793972,0.2856387944302758,0.0788040287203298,0.2543173901808712,0.1093177075144583,0.1040652899206887,25.29792111704464,26.387808569651398
2024,Tharparkar,38,0.0714,30.6579,62.2928,1778407.0,56.0,0.0,19638.0,0.35,4499.0,3694.0,28.0,0.1464689710207466,0.0,0.0850556635841202,25.29792111704464,20.771398223241363,0.1574442745670704,28.82354826538582,18.73586867348138,0.2586584510744728,3.7154,6.9,28.2678,27.887,77.9919,82.903,0.1312615368489268,0.1364818582269116,0.0920308403434436,0.0583220604166676,0.3279531225433751,0.0,3.5622666666666656,6.29894,28.93756666666667,29.18174,74.3959,74.14096,0.1380707886988617,0.2049698021190266,0.0784695214480771,0.1465596651394044,0.1093177075144583,0.1040652899206886,28.82354826538582,24.760385274839745
2024,Tharparkar,39,0.4143,31.3528,63.1361,1778407.0,56.0,0.0,19638.0,0.35,5126.0,3332.0,46.0,0.1966746867647986,0.2669061026777005,0.1134680748457378,28.82354826538582,18.73586867348138,0.2586584510744728,22.334594949300133,14.265575877737772,0.1743133039849708,0.0714,3.7154,30.6579,28.2678,62.2928,77.9919,0.1464689710207466,0.1312615368489268,0.0850556635841202,0.0920308403434436,0.0,0.3279531225433751,1.4003666666666656,6.084659999999999,30.09283333333333,29.19936,67.80693333333333,73.80194,0.1581350648781573,0.1442899898047474,0.0968515262577672,0.0869871649181695,0.1982864084070252,0.1189718450442151,22.334594949300133,26.897340452465865
2024,Tharparkar,40,0.0,30.9964,60.3767,1778407.0,56.0,0.0,19638.0,0.35,3972.0,2537.0,31.0,0.1955717928134495,0.2353320924585753,0.110091245472103,22.334594949300133,14.265575877737772,0.1743133039849708,23.048717194657915,13.967556358021533,0.2305434020446388,0.4143,0.0714,31.3528,30.6579,63.1361,62.2928,0.1966746867647986,0.1464689710207466,0.1134680748457378,0.0850556635841202,0.2669061026777005,0.0,0.1618999999999988,2.2202199999999994,31.00236666666667,29.83238,61.9352,69.34009999999999,0.1795718168663315,0.1612917691349666,0.1028716613006536,0.0917935769324144,0.1674127317120919,0.1660382635359301,23.048717194657915,22.309628553526753
2024,Tharparkar,41,0.3714,31.6281,46.2548,1778407.0,56.0,0.0,19638.0,0.35,4099.0,2484.0,41.0,0.2320859392172094,0.2043292848813698,0.1237752608859242,23.048717194657915,13.967556358021533,0.2305434020446388,20.24845831128645,11.420332915918571,0.2417894216565724,0.0,0.4143,30.9964,31.3528,60.3767,63.1361,0.1955717928134495,0.1966746867647986,0.110091245472103,0.1134680748457378,0.2353320924585753,0.2669061026777005,0.2618999999999988,0.9144999999999992,31.32576666666667,30.5806,56.589200000000005,62.01046000000001,0.2081108062651525,0.1804125853330262,0.1157781937345883,0.1048842170262657,0.2355224933392151,0.2069041205122041,20.24845831128645,21.802434167798033
2024,Tharparkar,42,0.0571,31.4299,53.5634,1778407.0,56.0,0.0,19638.0,0.35,3601.0,2031.0,43.0,0.2271096889020523,0.1940885023684971,0.1595657078222932,20.24845831128645,11.420332915918571,0.2417894216565724,19.275677614854192,10.762440768620456,0.1180832059253028,0.3714,0.0,31.6281,30.9964,46.2548,60.3767,0.2320859392172094,0.1955717928134495,0.1237752608859242,0.110091245472103,0.2043292848813698,0.2353320924585753,0.1428333333333321,0.1828399999999992,31.35146666666667,31.21302,53.398300000000006,57.12476,0.2182558069775704,0.1995822157436512,0.1311440713934401,0.1183911905220356,0.211249959902814,0.1801311964772285,19.275677614854192,18.27117338388493
2024,Tharparkar,43,0.0,31.1222,42.4608,1778407.0,56.0,0.0,19638.0,0.35,3428.0,1914.0,21.0,0.3815363445834656,0.2050196949335022,0.1841500422375054,19.275677614854192,10.762440768620456,0.1180832059253028,11.403463886500672,8.271447424577163,0.1180832059253028,0.0571,0.3714,31.4299,31.6281,53.5634,46.2548,0.2271096889020523,0.2320859392172094,0.1595657078222932,0.1237752608859242,0.1940885023684971,0.2043292848813698,0.1428333333333321,0.1685599999999993,31.393400000000003,31.30588,47.42633333333333,53.15836,0.280243990900909,0.2465956904561951,0.1558303369819076,0.1382100662527127,0.2011458273944563,0.2211351354639289,11.403463886500672,18.38883794512869
2024,Tharparkar,44,0.0,29.1662,40.7142,1778407.0,56.0,0.0,19638.0,0.35,2028.0,1471.0,21.0,0.6327296184746588,0.1767243658008592,0.4119007514727106,11.403463886500672,8.271447424577163,0.1180832059253028,10.312182914161731,8.131434461239827,0.1153039411889741,0.0,0.0571,31.1222,31.4299,42.4608,53.5634,0.3815363445834656,0.2271096889020523,0.1841500422375054,0.1595657078222932,0.2050196949335022,0.1940885023684971,0.0190333333333321,0.0856999999999992,30.572766666666663,30.86856,45.57946666666667,48.67397999999999,0.4137918839867255,0.3338066767981671,0.2518721671775031,0.1978966015781072,0.1919441877009528,0.2030987880885607,10.312182914161731,11.524469225835269
2025,Tharparkar,37,5.6429,27.1492,83.1617,1994728.0,56.0,0.0,19638.0,0.35,3146.0,2447.0,0.0,0.1432053721946085,0.290747753996453,0.0210042452630053,15.77157386871794,12.267336699539989,0.0,20.43887687945424,12.41271992973478,0.0050132148343032,15.0571,14.0143,29.6091,28.9823,72.7079,84.9886,0.0642586119509403,0.4549050918556732,0.0101602340790793,0.3053136862812733,0.0,0.1903800015300968,11.571433333333331,7.311439999999999,28.580200000000005,29.262580000000003,80.28606666666667,75.87368,0.2207896920004073,0.3273084630551331,0.1121593885411193,0.2728329404214021,0.1603759185088499,0.126771814144882,20.43887687945424,17.888245283530658
2025,Tharparkar,38,0.0714,28.9123,72.8259,1994728.0,56.0,0.0,19638.0,0.35,4077.0,2476.0,1.0,0.1776658037030579,0.2218203092913981,0.1163711478791099,20.43887687945424,12.41271992973478,0.0050132148343032,21.4665859204864,11.04411227997,0.0,5.6429,15.0571,27.1492,29.6091,83.1617,72.7079,0.1432053721946085,0.0642586119509403,0.0210042452630053,0.0101602340790793,0.290747753996453,0.0,6.923799999999999,7.3,28.556866666666675,29.00686,76.23183333333333,76.93028,0.1283765959495355,0.2222649704853306,0.0491785424070648,0.1633990628697699,0.1708560210959503,0.1405896129635895,21.4665859204864,21.866993648558495
2025,Tharparkar,39,0.0,29.9611,62.2472,1994728.0,56.0,0.0,19638.0,0.35,4282.0,2203.0,0.0,0.1760082283204592,0.0,0.1047042804120089,21.4665859204864,11.04411227997,0.0,17.801925876610746,9.635398911530794,0.1905021637035224,0.0714,5.6429,28.9123,27.1492,72.8259,83.1617,0.1776658037030579,0.1432053721946085,0.1163711478791099,0.0210042452630053,0.2218203092913981,0.290747753996453,1.9047666666666652,6.95714,28.674200000000003,28.922799999999995,72.74493333333334,75.18625999999999,0.1656264680727085,0.2032086216049478,0.0806932245180413,0.1115107187828953,0.1708560210959503,0.1405896129635895,17.801925876610746,21.4650374673083
2025,Tharparkar,40,2.7,28.6811,75.499,1994728.0,56.0,0.0,19638.0,0.35,3551.0,1922.0,38.0,0.2534059804067451,0.2179028530060589,0.1169707690402681,17.801925876610746,9.635398911530794,0.1905021637035224,19.601670002125605,10.5778833003798,0.0100264296686064,0.0,0.0714,29.9611,28.9123,62.2472,72.8259,0.1760082283204592,0.1776658037030579,0.1047042804120089,0.1163711478791099,0.0,0.2218203092913981,0.923799999999999,4.69428,29.18483333333334,28.862559999999995,70.1907,73.28833999999999,0.2023600041434207,0.1629087993151622,0.1126820657771289,0.0738421353346943,0.1465743874324857,0.1460941832587819,19.601670002125605,18.0172615935002
2025,Tharparkar,41,0.1,27.0963,59.5271,1994728.0,56.0,0.0,19638.0,0.35,3910.0,2110.0,2.0,0.3663363878299813,0.1957536424202024,0.1980251524496927,19.601670002125605,10.5778833003798,0.0100264296686064,18.56894774625914,8.081302312896796,0.0100264296686064,2.7,0.0,28.6811,29.9611,75.499,62.2472,0.2534059804067451,0.1760082283204592,0.1169707690402681,0.1047042804120089,0.2179028530060589,0.0,0.9333333333333322,1.7028599999999998,28.579500000000007,28.360000000000003,65.75776666666665,70.65218,0.2652501988523952,0.2233243544909703,0.1399000673006565,0.1114151190088169,0.1378854984754204,0.1852449117428224,18.56894774625914,19.543405658648133
2025,Tharparkar,42,0.0,27.9528,39.4158,1994728.0,56.0,0.0,19638.0,0.35,3704.0,1612.0,2.0,0.4284903537701942,0.1815355503187485,0.3107490616240419,18.56894774625914,8.081302312896796,0.0100264296686064,15.80165315772376,8.753073100693427,0.0150396445029096,0.1,2.7,27.0963,28.6811,59.5271,75.499,0.3663363878299813,0.2534059804067451,0.1980251524496927,0.1169707690402681,0.1957536424202024,0.2179028530060589,0.9333333333333322,0.5742799999999997,27.91006666666667,28.52072,58.1473,61.903,0.3494109073356402,0.2803813508060875,0.2085816610380009,0.1693640822810243,0.1983973485816699,0.1634024710072815,15.80165315772376,18.20838814159277
2025,Tharparkar,43,0.0,28.6695,34.4992,1994728.0,56.0,0.0,19638.0,0.35,3152.0,1746.0,3.0,0.5735832123284658,0.1429847203584789,0.3722293171368854,15.80165315772376,8.753073100693427,0.0150396445029096,14.438058722793285,7.434597599271679,0.0050132148343032,0.0,0.1,27.9528,27.0963,39.4158,59.5271,0.4284903537701942,0.3663363878299813,0.3107490616240419,0.1980251524496927,0.1815355503187485,0.1957536424202024,0.0333333333333321,0.5599999999999997,27.9062,28.47216,44.48069999999999,54.23765999999999,0.456136651309547,0.3595648325311691,0.2936678437368734,0.2205357161325793,0.1734246376991433,0.1476353532206977,14.438058722793285,16.036183436255307
2024,Thatta,37,0.2231,28.2686,77.0179,1083191.0,10.0,2.0,17355.0,0.35,2911.0,1331.0,10.0,0.5281118089074603,0.1362096753214955,0.671813831808836,26.874300100351647,12.287768269861918,0.0923198217119603,5.409941552320874,4.126696030524625,0.0923198217119603,0.3857,19.4111,28.0468,28.1668,81.4728,80.7467,0.6917207101100298,0.4523829061542552,0.6525435223745899,0.4030681029813498,0.082049090603799,0.0,6.673300000000001,4.24398,28.16073333333333,28.79158,79.74579999999999,77.51737999999999,0.5574051417239151,0.5820192445918346,0.5758084857215919,0.4506367105734524,0.0727529219750981,0.0642262414190281,5.409941552320874,24.556577254294417
2024,Thatta,38,0.0,28.9959,72.6609,1083191.0,10.0,2.0,17355.0,0.35,586.0,447.0,10.0,0.693734192515343,-0.0491034125520326,0.6470503526060093,5.409941552320874,4.126696030524625,0.0923198217119603,16.94068728414472,19.119435076546974,0.0923198217119603,0.2231,0.3857,28.2686,28.0468,77.0179,81.4728,0.5281118089074603,0.6917207101100298,0.671813831808836,0.6525435223745899,0.1362096753214955,0.082049090603799,0.2029333333333345,4.11256,28.4371,28.67926,77.05053333333332,76.83655999999999,0.6378555705109443,0.5870993660280684,0.657135902263145,0.5800467810946542,0.0563851177910872,0.0544055589086215,16.94068728414472,7.165660093560017
2024,Thatta,39,0.0,29.6241,71.7022,1083191.0,10.0,2.0,17355.0,0.35,1835.0,2071.0,10.0,0.4904565489297492,0.1927662613861788,0.5910763470982461,16.94068728414472,19.119435076546974,0.0923198217119603,9.555101547187892,14.143396686272318,0.0738558573695682,0.0,0.2231,28.9959,28.2686,72.6609,77.0179,0.693734192515343,0.5281118089074603,0.6470503526060093,0.671813831808836,-0.0491034125520326,0.1362096753214955,0.0743666666666678,4.00398,28.962866666666667,28.62044,73.79366666666665,76.7201,0.5707675167841842,0.5712812333233674,0.6366468438376972,0.5931104313738063,0.0932908413852138,0.0723843229518881,9.555101547187892,16.25574631428946
2024,Thatta,40,0.0,29.6936,70.276,1083191.0,10.0,2.0,17355.0,0.35,1035.0,1532.0,8.0,0.5045145906084922,0.1269446234662256,0.4204371164229045,9.555101547187892,14.143396686272318,0.0738558573695682,13.894133167650024,16.063648977881094,0.1107837860543523,0.0,0.0,29.6241,28.9959,71.7022,72.6609,0.4904565489297492,0.693734192515343,0.5910763470982461,0.6470503526060093,0.1927662613861788,-0.0491034125520326,0.0,0.12176,29.437866666666668,28.9258,71.54636666666666,74.62595999999999,0.5629017773511947,0.5817075702142149,0.55285460537572,0.5965842340621171,0.0902024907667905,0.0977732476451332,13.894133167650024,9.108478731499186
2024,Thatta,41,0.0,31.8798,43.4347,1083191.0,10.0,2.0,17355.0,0.35,1505.0,1740.0,12.0,0.6243408310676778,0.1737584555699126,0.614458836317569,13.894133167650024,16.063648977881094,0.1107837860543523,14.743475527400062,15.685137708862056,0.1569436969103325,0.0,0.0,29.6936,29.6241,70.276,71.7022,0.5045145906084922,0.4904565489297492,0.4204371164229045,0.5910763470982461,0.1269446234662256,0.1927662613861788,0.0,0.04462,30.399166666666662,29.6924,61.80429999999999,67.01834,0.5397706568686398,0.5682315944057444,0.5419907666129066,0.5889672968507129,0.1644897801407723,0.1161151206383559,14.743475527400062,13.03165984844404
2024,Thatta,42,0.0,31.6209,53.1191,1083191.0,10.0,2.0,17355.0,0.35,1597.0,1699.0,17.0,0.4795758718498914,-0.0602063195608365,0.6111809127094808,14.743475527400062,15.685137708862056,0.1569436969103325,13.97722100719079,16.045185013538703,0.0923198217119603,0.0,0.0,31.8798,29.6936,43.4347,70.276,0.6243408310676778,0.5045145906084922,0.614458836317569,0.4204371164229045,0.1737584555699126,0.1269446234662256,0.0,0.0,31.064766666666667,30.36286,55.60993333333332,62.23858,0.5361437645086872,0.5585244069942308,0.5486922884833181,0.576840713030842,0.0801655864917672,0.0768319216618895,13.97722100719079,14.14746957133903
2024,Thatta,43,0.0,31.1131,51.8547,1083191.0,10.0,2.0,17355.0,0.35,1514.0,1738.0,10.0,0.626349374801543,0.1688399877663673,0.5670660242905923,13.97722100719079,16.045185013538703,0.0923198217119603,5.363781641464894,6.360835715954065,0.1200157682255484,0.0,0.0,31.6209,31.8798,53.1191,43.4347,0.4795758718498914,0.6243408310676778,0.6111809127094808,0.614458836317569,-0.0602063195608365,0.1737584555699126,0.0,0.0,31.53793333333333,30.7863,49.46949999999999,58.07733999999999,0.576755359239704,0.5450474434514707,0.5975685911058807,0.5608438473677586,0.0941307079251477,0.1204206017255695,5.363781641464894,12.393949932657957
2024,Thatta,44,0.0,28.0902,65.9934,1083191.0,10.0,2.0,17355.0,0.35,581.0,689.0,13.0,0.4394829027604747,0.1577802212939996,0.522692648661767,5.363781641464894,6.360835715954065,0.1200157682255484,8.42373941440662,10.432607130467517,0.0168812413114361,0.0,0.0,31.1131,31.6209,51.8547,53.1191,0.626349374801543,0.4795758718498914,0.5670660242905923,0.6111809127094808,0.1688399877663673,-0.0602063195608365,0.0,0.0,30.27473333333333,30.47952,56.989066666666666,56.93558,0.5151360498039698,0.5348527142176158,0.5669798618872801,0.5471671076804627,0.0888046298331767,0.1134233937071337,8.42373941440662,5.31321437908678
2025,Thatta,37,15.1429,27.0512,83.596,1184747.0,10.0,2.0,17355.0,0.35,2312.0,1517.0,102.0,0.5101529368824379,0.1447552394757582,0.0,19.514714956020143,12.804421534724291,0.8609433068832417,28.883803883867188,15.184676559636785,0.920027651473268,3.1143,16.0,28.6732,29.2676,77.1403,82.3565,0.0,0.5858607979051454,0.0,0.6802779686151631,0.0,-0.0572923996926947,11.419066666666668,6.997159999999999,28.33066666666667,28.76234,81.03093333333332,78.04223999999999,0.3653379115958611,0.5189863902917973,0.226759322871721,0.4409140298708879,0.0291542799276878,0.0466885660699155,28.883803883867188,20.376838367644616
2025,Thatta,38,0.0857,27.9843,78.7473,1184747.0,10.0,2.0,17355.0,0.35,3422.0,1799.0,109.0,0.6636853560442284,0.1327574090111197,0.6329723992951138,28.883803883867188,15.184676559636785,0.920027651473268,15.8936886947171,8.913295412438266,0.6921308937688806,15.1429,3.1143,27.0512,28.6732,83.596,77.1403,0.5101529368824379,0.0,0.0,0.0,0.1447552394757582,0.0,6.114300000000001,6.96858,27.9029,28.558660000000003,79.82786666666665,79.01982,0.3912794309755554,0.5105452877411683,0.2109907997650379,0.4149387603575297,0.0925042161622926,0.0440440497588366,15.8936886947171,28.403585133219377
2025,Thatta,39,0.1286,28.2855,76.4434,1184747.0,10.0,2.0,17355.0,0.35,1883.0,1056.0,82.0,0.3970128333226922,0.0041030610684881,0.5632973013586993,15.8936886947171,8.913295412438266,0.6921308937688806,11.833750159316716,9.436613893092789,0.9284682721289862,0.0857,15.1429,27.9843,27.0512,78.7473,83.596,0.6636853560442284,0.5101529368824379,0.6329723992951138,0.0,0.1327574090111197,0.1447552394757582,5.119066666666668,6.894299999999999,27.773666666666667,28.25236,79.59556666666666,79.65669999999999,0.5236170420831195,0.4313423848309008,0.3987565668846044,0.3753095338537952,0.093871903185122,0.0448646619725342,11.833750159316716,17.091444496714978
2025,Thatta,40,3.7286,28.8018,76.1334,1184747.0,10.0,2.0,17355.0,0.35,1402.0,1118.0,110.0,0.4838116040204353,0.1886349382150594,0.3451983580967419,11.833750159316716,9.436613893092789,0.9284682721289862,19.312140060282918,11.901275124562458,0.8018589622932153,0.1286,0.0857,28.2855,27.9843,76.4434,78.7473,0.3970128333226922,0.6636853560442284,0.5632973013586993,0.6329723992951138,0.0041030610684881,0.1327574090111197,1.3143000000000014,4.44002,28.3572,28.15920000000001,77.10803333333332,78.41207999999999,0.5148365977957853,0.4109325460539588,0.513822686250185,0.308293611750111,0.1084984694315557,0.094050129554085,19.312140060282918,11.200881857261574
2025,Thatta,41,0.0,27.009,65.2366,1184747.0,10.0,2.0,17355.0,0.35,2288.0,1410.0,95.0,0.4512794789051622,0.2028711135621463,0.3937699906371914,19.312140060282918,11.901275124562458,0.8018589622932153,18.873227786185574,11.867512641939587,0.5655215839331098,3.7286,0.1286,28.8018,28.2855,76.1334,76.4434,0.4838116040204353,0.3970128333226922,0.3451983580967419,0.5632973013586993,0.1886349382150594,0.0041030610684881,1.2857333333333345,3.81716,28.0321,27.82636,72.60446666666665,76.03133999999999,0.4440346387494299,0.5011884418349912,0.4340885500308775,0.3870476098775492,0.1318697042818979,0.1346243522665143,18.873227786185574,18.733896687208883
2025,Thatta,42,0.0,27.1664,46.2227,1184747.0,10.0,2.0,17355.0,0.35,2236.0,1406.0,67.0,0.481443082330092,0.1895651058540582,0.3968006494372464,18.873227786185574,11.867512641939587,0.5655215839331098,25.929586654365867,12.525881053085596,0.9453495134404224,0.0,3.7286,27.009,28.8018,65.2366,76.1334,0.4512794789051622,0.4838116040204353,0.3937699906371914,0.3451983580967419,0.2028711135621463,0.1886349382150594,1.242866666666668,0.7885800000000001,27.659066666666664,27.849400000000003,62.5309,68.55668,0.4721780550852298,0.495446470924522,0.3785896660570598,0.4664077397649985,0.1936903858770879,0.1435863255421743,25.929586654365867,17.96025296107794
2025,Thatta,43,0.0,27.3033,42.1825,1184747.0,10.0,2.0,17355.0,0.35,3072.0,1484.0,112.0,0.6309820569632364,0.1778783745744876,0.6123950397671113,25.929586654365867,12.525881053085596,0.9453495134404224,17.396119171434915,11.740903332103816,0.7934183416374972,0.0,0.0,27.1664,27.009,46.2227,65.2366,0.481443082330092,0.4512794789051622,0.3968006494372464,0.3937699906371914,0.1895651058540582,0.2028711135621463,0.0,0.77144,27.159566666666667,27.7132,51.21393333333332,61.24371999999998,0.5212348727328302,0.4889058111083235,0.4676552266138497,0.462292267859398,0.190104864663564,0.1526105186548479,17.396119171434915,23.00755340802558
2024,Tor Ghar,37,3.0846,26.3549,77.9791,200445.0,0.0,0.0,0.0,0.0,113.0,107.0,6.0,0.0,0.0,0.0,5.637456658933872,5.338122677043578,0.2993339818902941,7.682905535184216,6.0365686347875975,0.0,4.5714,5.5556,26.4177,26.6568,81.2021,80.1452,0.0,0.0,0.0,0.0,0.0,0.0,4.403866666666667,4.10518,26.476466666666667,26.9639,79.77546666666667,80.15512,0.0,0.0,0.0,0.0,0.0,0.0,7.682905535184216,5.6003122543221995
2024,Tor Ghar,38,0.0,26.7624,68.6055,200445.0,0.0,0.0,0.0,0.0,154.0,121.0,0.0,0.0,0.0,0.0,7.682905535184216,6.0365686347875975,0.0,5.737234652897303,3.641896779665245,0.0498889969817156,3.0846,4.5714,26.3549,26.4177,77.9791,81.2021,0.0,0.0,0.0,0.0,0.0,0.0,2.552,3.2423199999999994,26.511666666666667,26.74606,75.9289,77.42438,0.0,0.0,0.0,0.0,0.0,0.0,5.737234652897303,6.000471779050324
2024,Tor Ghar,39,4.3857,27.0058,72.2162,200445.0,0.0,0.0,0.0,0.0,115.0,73.0,1.0,0.0,0.0,0.0,5.737234652897303,3.641896779665245,0.0498889969817156,3.3924517947566666,2.6940058370126465,0.0498889969817156,0.0,3.0846,26.7624,26.3549,68.6055,77.9791,0.0,0.0,0.0,0.0,0.0,0.0,2.4901,3.51946,26.7077,26.63952,72.9336,76.02962,0.0,0.0,0.0,0.0,0.0,0.0,3.3924517947566666,5.672133186098697
2024,Tor Ghar,40,0.3625,24.8031,68.5344,200445.0,0.0,0.0,0.0,0.0,68.0,54.0,1.0,0.0,0.0,0.0,3.3924517947566666,2.6940058370126465,0.0498889969817156,5.038788695153284,3.143006809848088,0.0498889969817156,4.3857,0.0,27.0058,26.7624,72.2162,68.6055,0.0,0.0,0.0,0.0,0.0,0.0,1.582733333333333,2.48084,26.19043333333333,26.26878,69.78536666666668,73.70746,0.0,0.0,0.0,0.0,0.0,0.0,5.038788695153284,4.524889410352781
2024,Tor Ghar,41,1.7714,22.2115,64.7156,200445.0,0.0,0.0,0.0,0.0,101.0,63.0,1.0,0.0,0.0,0.0,5.038788695153284,3.143006809848088,0.0498889969817156,5.338122677043578,1.9456708822869115,0.3991119758537255,0.3625,4.3857,24.8031,27.0058,68.5344,72.2162,0.0,0.0,0.0,0.0,0.0,0.0,2.1732,1.92084,24.673466666666663,25.42754,68.48873333333334,70.41015999999999,0.0,0.0,0.0,0.0,0.0,0.0,5.338122677043578,5.261691377309532
2024,Tor Ghar,42,0.0,22.4903,60.4931,200445.0,0.0,0.0,0.0,0.0,107.0,39.0,8.0,0.0,0.0,0.0,5.338122677043578,1.9456708822869115,0.3991119758537255,3.741674773628676,1.4467809124697546,0.0,1.7714,0.3625,22.2115,24.8031,64.7156,68.5344,0.0,0.0,0.0,0.0,0.0,0.0,0.7113,1.3039200000000002,23.1683,24.65462,64.58103333333334,66.91296,0.0,0.0,0.0,0.0,0.0,0.0,3.741674773628676,5.000076626684826
2024,Tor Ghar,43,0.0429,21.6618,64.8871,200445.0,0.0,0.0,0.0,0.0,75.0,29.0,0.0,0.0,0.0,0.0,3.741674773628676,1.4467809124697546,0.0,2.7937838309760785,1.5465589064331862,0.0498889969817156,0.0,1.7714,22.4903,22.2115,60.4931,64.7156,0.0,0.0,0.0,0.0,0.0,0.0,0.6047666666666667,1.3125,22.1212,23.6345,63.36526666666666,66.16928,0.0,0.0,0.0,0.0,0.0,0.0,2.7937838309760785,4.171160039232618
2024,Tor Ghar,44,0.0143,19.4582,75.6763,200445.0,0.0,0.0,0.0,0.0,56.0,31.0,1.0,0.0,0.0,0.0,2.7937838309760785,1.5465589064331862,0.0498889969817156,0.0,1.741435523349748,0.0,0.0429,0.0,21.6618,22.4903,64.8871,60.4931,0.0,0.0,0.0,0.0,0.0,0.0,0.0190666666666666,0.43822,21.203433333333333,22.12498,67.01883333333333,66.8613,0.0,0.0,0.0,0.0,0.0,0.0,0.0,3.628724036054116
2025,Tor Ghar,37,0.7714,27.679,77.0435,206726.0,0.0,0.0,0.0,0.0,0.0,100.0,1.0,0.0,0.0,0.0,0.0,4.837320898193744,0.0483732089819374,3.869856718554996,4.305215599392432,0.2902392538916247,1.9286,13.6429,26.1781,26.646,79.4175,82.9643,0.0,0.0,0.0,0.0,0.0,0.0,5.447633333333333,6.2,26.834366666666664,27.45156,79.80843333333333,80.19394,0.0,0.0,0.0,0.0,0.0,0.0,3.869856718554996,4.394875944767377
2025,Tor Ghar,38,5.2857,26.7525,76.3553,206726.0,0.0,0.0,0.0,0.0,80.0,89.0,6.0,0.0,0.0,0.0,3.869856718554996,4.305215599392432,0.2902392538916247,4.93406731615762,5.272679779031182,1.2577034335303736,0.7714,1.9286,27.679,26.1781,77.0435,79.4175,0.0,0.0,0.0,0.0,0.0,0.0,2.6619000000000006,6.60572,26.869866666666667,27.13924,77.60543333333334,79.64208,0.0,0.0,0.0,0.0,0.0,0.0,4.93406731615762,4.599093431567878
2025,Tor Ghar,39,0.6143,25.8951,71.0508,206726.0,0.0,0.0,0.0,0.0,102.0,109.0,26.0,0.0,0.0,0.0,4.93406731615762,5.272679779031182,1.2577034335303736,4.35358880837437,4.2084691814285575,0.0,5.2857,0.7714,26.7525,27.679,76.3553,77.0435,0.0,0.0,0.0,0.0,0.0,0.0,2.2238000000000007,4.44858,26.77553333333333,26.63014,74.81653333333333,77.36628,0.0,0.0,0.0,0.0,0.0,0.0,4.35358880837437,5.0780724946001925
2025,Tor Ghar,40,1.9714,23.8412,72.8066,206726.0,0.0,0.0,0.0,0.0,90.0,87.0,0.0,0.0,0.0,0.0,4.35358880837437,4.2084691814285575,0.0,4.35358880837437,3.4344978377175583,0.0967464179638748,0.6143,5.2857,25.8951,26.7525,71.0508,76.3553,0.0,0.0,0.0,0.0,0.0,0.0,2.623800000000001,2.11428,25.496266666666667,26.06918,73.40423333333332,75.33474,0.0,0.0,0.0,0.0,0.0,0.0,4.35358880837437,4.754043029011765
2025,Tor Ghar,41,5.2571,19.4823,70.5666,206726.0,0.0,0.0,0.0,0.0,90.0,71.0,2.0,0.0,0.0,0.0,4.35358880837437,3.4344978377175583,0.0967464179638748,4.450335226338245,3.773110300591121,0.0,1.9714,0.6143,23.8412,25.8951,72.8066,71.0508,0.0,0.0,0.0,0.0,0.0,0.0,2.6142666666666674,2.779980000000001,23.072866666666663,24.73002,71.47466666666666,73.56456,0.0,0.0,0.0,0.0,0.0,0.0,4.450335226338245,4.684073335558862
2025,Tor Ghar,42,0.0,21.3659,70.0358,206726.0,0.0,0.0,0.0,0.0,92.0,78.0,0.0,0.0,0.0,0.0,4.450335226338245,3.773110300591121,0.0,4.450335226338245,3.773110300591121,1.0642105976026237,5.2571,1.9714,19.4823,23.8412,70.5666,72.8066,0.0,0.0,0.0,0.0,0.0,0.0,2.409500000000001,2.6257000000000006,21.56313333333333,23.4674,71.13633333333333,72.16302,0.0,0.0,0.0,0.0,0.0,0.0,4.450335226338245,4.4269570190945045
2025,Tor Ghar,43,0.0,20.4284,62.2582,206726.0,0.0,0.0,0.0,0.0,92.0,78.0,22.0,0.0,0.0,0.0,4.450335226338245,3.773110300591121,1.0642105976026237,4.35358880837437,4.305215599392432,0.0,0.0,5.2571,21.3659,19.4823,70.0358,70.5666,0.0,0.0,0.0,0.0,0.0,0.0,1.7523666666666673,1.5685600000000002,20.42553333333333,22.20258,67.6202,69.3436,0.0,0.0,0.0,0.0,0.0,0.0,4.35358880837437,4.3869611872754515
2024,Umerkot,37,3.5077,29.0458,74.1211,1159831.0,12.0,0.0,5608.0,0.35,3642.0,2300.0,34.0,0.1762102680856319,0.3166650837332249,0.1428231058399957,31.40112654343607,19.830475302005205,0.2931461566383378,29.20253036864853,18.209549494710867,0.2500364277209352,6.5,11.2111,28.8485,28.4457,77.9368,79.2778,0.1783666732262118,0.1619270619293601,0.0908997692569662,0.14409634859636,0.0,0.0,7.072933333333334,5.0009,28.78,29.409119999999994,77.1119,74.78486000000001,0.1721680010804012,0.2983720789486192,0.1259397412311073,0.2770517522332322,0.1055550279110749,0.0950297942189163,29.20253036864853,28.808461056018754
2024,Umerkot,38,0.0,30.039,66.0977,1159831.0,12.0,0.0,5608.0,0.35,3387.0,2112.0,29.0,0.1689617310773851,0.0,0.1335530611884717,29.20253036864853,18.209549494710867,0.2500364277209352,30.573419748221937,18.442342030864843,0.2586583735044157,3.5077,6.5,29.0458,28.8485,74.1211,77.9368,0.1762102680856319,0.1783666732262118,0.1428231058399957,0.0908997692569662,0.3166650837332249,0.0,3.3359,4.526619999999999,29.3111,29.37776,72.71853333333334,73.44892,0.1745128907964096,0.222703630355752,0.1224253120951445,0.1793373898581096,0.1055550279110749,0.0950297942189163,30.573419748221937,27.885449486862985
2024,Umerkot,39,0.0143,31.0027,65.998,1159831.0,12.0,0.0,5608.0,0.35,3546.0,2139.0,30.0,0.1567173651384176,0.256416444845847,0.118888280993544,30.573419748221937,18.442342030864843,0.2586583735044157,23.15854637442869,17.347354916362814,0.3017681024218183,0.0,3.5077,30.039,29.0458,66.0977,74.1211,0.1689617310773851,0.1762102680856319,0.1335530611884717,0.1428231058399957,0.0,0.3166650837332249,1.174,4.24662,30.02916666666667,29.47634,68.73893333333335,72.68628000000001,0.1672964547671448,0.1684366198914013,0.1317548160073371,0.1260521131750675,0.1910271761930239,0.1146163057158143,23.15854637442869,27.048573889358437
2024,Umerkot,40,0.0,30.1678,64.4807,1159831.0,12.0,0.0,5608.0,0.35,2686.0,2012.0,35.0,0.2515999586599324,0.2402696241237203,0.1270948681474996,23.15854637442869,17.347354916362814,0.3017681024218183,23.149924428645207,15.666075488584111,0.0517316747008831,0.0143,0.0,31.0027,30.039,65.998,66.0977,0.1567173651384176,0.1689617310773851,0.118888280993544,0.1335530611884717,0.256416444845847,0.0,0.0047666666666666,2.0043999999999995,30.403166666666667,29.82076,65.52546666666667,69.72686000000002,0.192426351625245,0.1863711992375158,0.1265120701098384,0.1226518170852954,0.1655620229898557,0.1626702305405584,23.149924428645207,22.239504311270892
2024,Umerkot,41,0.0,30.1155,50.2642,1159831.0,12.0,0.0,5608.0,0.35,2685.0,1817.0,6.0,0.3463876851900191,0.2239965344644411,0.201268104964553,23.149924428645207,15.666075488584111,0.0517316747008831,20.804755175538507,14.062393572856736,0.2500364277209352,0.0,0.0143,30.1678,31.0027,64.4807,65.998,0.2515999586599324,0.1567173651384176,0.1270948681474996,0.118888280993544,0.2402696241237203,0.256416444845847,0.0047666666666666,0.7043999999999996,30.42866666666667,30.07416,60.24763333333334,64.19234,0.2515683363294563,0.2199754016302773,0.1490837513685322,0.1447254842268128,0.2402275344780028,0.2074695374334466,20.804755175538507,21.40673552646851
2024,Umerkot,42,0.0,30.5928,53.0878,1159831.0,12.0,0.0,5608.0,0.35,2413.0,1631.0,29.0,0.3710408054017333,0.2005875077071244,0.3257459547726258,20.804755175538507,14.062393572856736,0.2500364277209352,17.4421963199811,12.794967542685098,0.1120852951852468,0.0,0.0,30.1155,30.1678,50.2642,64.4807,0.3463876851900191,0.2515999586599324,0.201268104964553,0.1270948681474996,0.2239965344644411,0.2402696241237203,0.0,0.0028599999999996,30.29203333333333,30.38356,55.94423333333335,59.98568,0.3230094830838949,0.2589415090934975,0.2180363092948928,0.1813100540133388,0.2216178887650952,0.1842540222282265,17.4421963199811,18.956162866596564
2024,Umerkot,43,0.0,29.7199,47.0617,1159831.0,12.0,0.0,5608.0,0.35,2023.0,1484.0,13.0,0.4781868345910259,0.204273926673275,0.3629660952141031,17.4421963199811,12.794967542685098,0.1120852951852468,13.527832934280942,10.742944446216734,0.2500364277209352,0.0,0.0,30.5928,30.1155,53.0878,50.2642,0.3710408054017333,0.3463876851900191,0.3257459547726258,0.201268104964553,0.2005875077071244,0.2239965344644411,0.0,0.0028599999999996,30.142733333333336,30.319740000000003,50.13790000000001,56.178480000000015,0.3985384417275928,0.3207865297962257,0.2966600516504273,0.2271926608184651,0.2096193229482801,0.2251088075628816,13.527832934280942,15.400202168741211
2024,Umerkot,44,0.0,27.8914,44.9469,1159831.0,12.0,0.0,5608.0,0.35,1569.0,1246.0,29.0,0.643852888423221,0.1906092032872567,0.6082115394860681,13.527832934280942,10.742944446216734,0.2500364277209352,9.335657354393424,10.530559823370288,0.12334477099116,0.0,0.0,29.7199,30.5928,47.0617,53.0878,0.4781868345910259,0.3710408054017333,0.3629660952141031,0.3257459547726258,0.204273926673275,0.2005875077071244,0.0,0.0,29.401366666666664,29.69748,48.36546666666667,51.96826000000001,0.4976935094719933,0.4182136344531864,0.432307863157599,0.3250573125169699,0.1984902125558854,0.2119473592511635,9.335657354393424,12.176622487953583
2025,Umerkot,37,1.8714,27.9872,77.3007,1297177.0,12.0,0.0,5608.0,0.35,2575.0,1749.0,0.0,0.1810185491519441,0.2523678971642779,0.0,19.85079908138982,13.483125278971182,0.0,22.38707593489555,13.02829143594128,0.0,10.1286,11.5714,30.1863,30.0137,69.2372,78.9866,0.0,0.394839506952368,0.0,0.3127911853979962,0.0,0.170198065345983,7.857133333333333,4.82572,29.39573333333333,30.08892,75.17483333333335,70.70142000000001,0.191952685368104,0.371854399021472,0.1042637284659987,0.3428910551208832,0.1408553208367536,0.0845131925020521,22.38707593489555,20.860049996134396
2025,Umerkot,38,0.0286,29.0152,71.7523,1297177.0,12.0,0.0,5608.0,0.35,2904.0,1690.0,0.0,0.2663372436255275,0.2286136586563526,0.1745340655947417,22.38707593489555,13.02829143594128,0.0,25.917820004517505,13.783778158262132,0.0,1.8714,10.1286,27.9872,30.1863,77.3007,69.2372,0.1810185491519441,0.0,0.0,0.0,0.2523678971642779,0.0,4.009533333333334,4.82572,29.0629,29.69756,72.7634,72.5625,0.1491185975924905,0.256088475008558,0.0581780218649138,0.2173377427510618,0.1603271852735435,0.1302359242333227,25.917820004517505,23.677601780523382
2025,Umerkot,39,0.0,29.9687,62.0819,1297177.0,12.0,0.0,5608.0,0.35,3362.0,1788.0,0.0,0.0,0.0,0.0,25.917820004517505,13.783778158262132,0.0,23.57426935568546,13.005164291380437,0.33919812022569,0.0286,1.8714,29.0152,27.9872,71.7523,77.3007,0.2663372436255275,0.1810185491519441,0.1745340655947417,0.0,0.2286136586563526,0.2523678971642779,0.6333333333333333,4.72,28.990366666666663,29.43422,70.37830000000001,71.87174,0.1491185975924905,0.1684390599459679,0.0581780218649138,0.0974650501985476,0.1603271852735435,0.1302359242333227,23.57426935568546,24.9442223594471
2025,Umerkot,40,0.9,29.7589,68.7958,1297177.0,12.0,0.0,5608.0,0.35,3058.0,1687.0,44.0,0.433749294618787,0.2116986117178042,0.0,23.57426935568546,13.005164291380437,0.33919812022569,22.703146910560395,13.390616700727811,0.0,0.0,0.0286,29.9687,29.0152,62.0819,71.7523,0.0,0.2663372436255275,0.0,0.1745340655947417,0.0,0.2286136586563526,0.3095333333333333,2.58572,29.58093333333333,29.38326,67.54333333333334,69.83358000000001,0.2333621794147714,0.1762210174792517,0.0581780218649138,0.0349068131189483,0.1467707567913856,0.1385360335076869,22.703146910560395,21.89033029258565
2025,Umerkot,41,0.0286,27.7845,52.1506,1297177.0,12.0,0.0,5608.0,0.35,2945.0,1737.0,0.0,0.5376678808518841,0.2000113319093911,0.385003535143213,22.703146910560395,13.390616700727811,0.0,18.97967663626475,11.54044513586041,0.0,0.9,0.0,29.7589,29.9687,68.7958,62.0819,0.433749294618787,0.0,0.0,0.0,0.2116986117178042,0.0,0.3095333333333333,0.5657199999999996,29.1707,28.9029,61.00943333333333,66.41626000000001,0.3238057251568904,0.2837545936496286,0.1283345117144043,0.1119075201475909,0.1372366478757317,0.1785382998895651,18.97967663626475,22.19464201465156
2025,Umerkot,42,0.0,28.0812,36.0497,1297177.0,12.0,0.0,5608.0,0.35,2462.0,1497.0,0.0,0.5897529079696263,0.1877640119840962,0.4706911025749127,18.97967663626475,11.54044513586041,0.0,20.876102490253835,10.916012232717662,0.0,0.0286,0.9,27.7845,29.7589,52.1506,68.7958,0.5376678808518841,0.433749294618787,0.385003535143213,0.0,0.2000113319093911,0.2116986117178042,0.3095333333333333,0.1914399999999996,28.54153333333333,28.9217,52.332033333333335,58.16606,0.5203900278134325,0.3655014654131651,0.2852315459060419,0.2060457406625735,0.1998246518704305,0.1656175228535288,20.876102490253835,17.701660122423874
2025,Umerkot,43,0.0,27.7155,37.47,1297177.0,12.0,0.0,5608.0,0.35,2708.0,1416.0,0.0,0.6854926687041417,0.1677637199571731,0.5227247485336993,20.876102490253835,10.916012232717662,0.0,19.04905806994728,10.09114407671428,0.0,0.0,0.0286,28.0812,27.7845,36.0497,52.1506,0.5897529079696263,0.5376678808518841,0.4706911025749127,0.385003535143213,0.1877640119840962,0.2000113319093911,0.0095333333333333,0.1857199999999996,27.8604,28.66176,41.89010000000001,51.3096,0.6043044858418841,0.4493325504288878,0.4594731287506083,0.275683877250365,0.1851796879502201,0.1534475351136929,19.04905806994728,19.003788549355573
2024,Upper Kurram,37,1.1308,15.7139,76.0918,785434.0,0.0,0.0,0.0,0.0,33.0,174.0,31.0,0.0,0.0,0.0,0.420149878920444,2.215335725216886,0.3946862498949625,0.3564908063567404,1.7060631447072574,0.0254636290254814,1.9429,2.5111,16.1985,16.3774,80.2681,82.7495,0.0,0.0,0.0,0.0,0.0,0.0,1.8616,2.1341,16.0966,16.7789,79.70313333333334,81.81624,0.0,0.0,0.0,0.0,0.0,0.0,0.3564908063567404,0.3974372652177287
2024,Upper Kurram,38,0.0857,16.1497,56.8005,785434.0,0.0,0.0,0.0,0.0,28.0,134.0,2.0,0.0,0.0,0.0,0.3564908063567404,1.7060631447072574,0.0254636290254814,0.3310271773312589,1.4132314109142208,0.0381954435382221,1.1308,1.9429,15.7139,16.1985,76.0918,80.2681,0.0,0.0,0.0,0.0,0.0,0.0,1.053133333333333,1.32552,16.0207,16.268259999999998,71.05346666666667,75.76318,0.0,0.0,0.0,0.0,0.0,0.0,0.3310271773312589,0.316778212416402
2024,Upper Kurram,39,0.6,16.3259,75.5305,785434.0,0.0,0.0,0.0,0.0,26.0,111.0,3.0,0.0,0.0,0.0,0.3310271773312589,1.4132314109142208,0.0381954435382221,0.3564908063567404,2.126213023627701,0.2419044757420738,0.0857,1.1308,16.1497,15.7139,56.8005,76.0918,0.0,0.0,0.0,0.0,0.0,0.0,0.6054999999999997,1.2541,16.063166666666667,16.15308,69.47426666666667,74.28808000000001,0.0,0.0,0.0,0.0,0.0,0.0,0.3564908063567404,0.26968272257513615
2024,Upper Kurram,40,0.725,14.0398,57.8355,785434.0,0.0,0.0,0.0,0.0,28.0,167.0,19.0,0.0,0.0,0.0,0.3564908063567404,2.126213023627701,0.2419044757420738,0.3055635483057775,2.10074939460222,0.0636590725637036,0.6,0.0857,16.3259,16.1497,75.5305,56.8005,0.0,0.0,0.0,0.0,0.0,0.0,0.470233333333333,0.89688,15.505133333333331,15.68556,63.38883333333334,69.30528000000001,0.0,0.0,0.0,0.0,0.0,0.0,0.3055635483057775,0.2459821855309512
2024,Upper Kurram,41,2.9143,10.9253,66.1588,785434.0,0.0,0.0,0.0,0.0,24.0,165.0,5.0,0.0,0.0,0.0,0.3055635483057775,2.10074939460222,0.0636590725637036,0.3055635483057775,1.8843085478856276,0.229172661229333,0.725,0.6,14.0398,16.3259,57.8355,75.5305,0.0,0.0,0.0,0.0,0.0,0.0,1.4130999999999994,1.09116,13.763666666666667,14.63092,66.50826666666667,66.48342,0.0,0.0,0.0,0.0,0.0,0.0,0.3055635483057775,0.28448857002004146
2024,Upper Kurram,42,0.1,11.4407,59.3059,785434.0,0.0,0.0,0.0,0.0,24.0,148.0,18.0,0.0,0.0,0.0,0.3055635483057775,1.8843085478856276,0.229172661229333,0.4838089514841476,2.6482174186500718,0.0636590725637036,2.9143,0.725,10.9253,14.0398,66.1588,57.8355,0.0,0.0,0.0,0.0,0.0,0.0,1.246433333333333,0.8849999999999998,12.135266666666666,13.77628,61.10006666666666,63.12624,0.0,0.0,0.0,0.0,0.0,0.0,0.4838089514841476,0.28309530917801595
2024,Upper Kurram,43,0.3857,10.5666,68.8967,785434.0,0.0,0.0,0.0,0.0,38.0,208.0,5.0,0.0,0.0,0.0,0.4838089514841476,2.6482174186500718,0.0636590725637036,0.3564908063567404,2.291726612293331,0.0,0.1,2.9143,11.4407,10.9253,59.3059,66.1588,0.0,0.0,0.0,0.0,0.0,0.0,1.133333333333333,0.945,10.977533333333334,12.65966,64.78713333333333,65.54548,0.0,0.0,0.0,0.0,0.0,0.0,0.3564908063567404,0.35686811314874767
2024,Upper Kurram,44,0.0429,9.8473,71.5614,785434.0,0.0,0.0,0.0,0.0,28.0,180.0,0.0,0.0,0.0,0.0,0.3564908063567404,2.291726612293331,0.0,0.0,0.1870844886914108,0.0,0.3857,0.1,10.5666,11.4407,68.8967,59.3059,0.0,0.0,0.0,0.0,0.0,0.0,0.1761999999999997,0.8335799999999999,10.618200000000002,11.36394,66.58800000000001,64.75166,0.0,0.0,0.0,0.0,0.0,0.0,0.0,0.28659492825559063
2025,Upper Kurram,37,0.7286,16.9485,78.4512,748325.0,0.0,0.0,0.0,0.0,106.0,204.0,15.0,0.0,0.0,0.0,1.4164968429492537,2.726088263789129,0.200447666455083,0.3073530885644606,2.204924331005913,0.200447666455083,3.2143,4.4143,16.2848,17.616,80.7043,84.5674,0.0,0.0,0.0,0.0,0.0,0.0,2.785733333333333,2.39144,16.949766666666665,17.974800000000002,81.24096666666667,80.4153,0.0,0.0,0.0,0.0,0.0,0.0,0.3073530885644606,1.0660449334031297
2025,Upper Kurram,38,1.0571,15.9958,75.5352,748325.0,0.0,0.0,0.0,0.0,23.0,165.0,15.0,0.0,0.0,0.0,0.3073530885644606,2.204924331005913,0.200447666455083,0.3608057996191494,2.832993685898507,0.133631777636722,0.7286,3.2143,16.9485,16.2848,78.4512,80.7043,0.0,0.0,0.0,0.0,0.0,0.0,1.6666666666666663,2.22,16.4097,17.319380000000002,78.23023333333335,80.03312,0.0,0.0,0.0,0.0,0.0,0.0,0.3608057996191494,0.3484843768114718
2025,Upper Kurram,39,0.5286,15.0762,66.3635,748325.0,0.0,0.0,0.0,0.0,27.0,212.0,10.0,0.0,0.0,0.0,0.3608057996191494,2.832993685898507,0.133631777636722,0.2405371997460996,1.951023953496141,0.0133631777636722,1.0571,0.7286,15.9958,16.9485,75.5352,78.4512,0.0,0.0,0.0,0.0,0.0,0.0,0.771433333333333,1.98858,16.006833333333336,16.38426,73.44996666666667,77.12432000000001,0.0,0.0,0.0,0.0,0.0,0.0,0.2405371997460996,0.28611199377608365
2025,Upper Kurram,40,0.9143,13.1086,68.1837,748325.0,0.0,0.0,0.0,0.0,18.0,146.0,1.0,0.0,0.0,0.0,0.2405371997460996,1.951023953496141,0.0133631777636722,0.2539003775097718,2.4320983529883407,0.133631777636722,0.5286,1.0571,15.0762,15.9958,66.3635,75.5352,0.0,0.0,0.0,0.0,0.0,0.0,0.8333333333333329,1.28858,14.726866666666668,15.48278,70.02746666666667,73.84758000000001,0.0,0.0,0.0,0.0,0.0,0.0,0.2539003775097718,0.18055748495188872
2025,Upper Kurram,41,1.2857,8.7395,68.6757,748325.0,0.0,0.0,0.0,0.0,19.0,182.0,10.0,0.0,0.0,0.0,0.2539003775097718,2.4320983529883407,0.133631777636722,0.2539003775097718,1.9777503090234856,0.0,0.9143,0.5286,13.1086,15.0762,68.1837,66.3635,0.0,0.0,0.0,0.0,0.0,0.0,0.9095333333333332,0.90286,12.3081,13.97372,67.74096666666667,71.44186,0.0,0.0,0.0,0.0,0.0,0.0,0.2539003775097718,0.18865902114193656
2025,Upper Kurram,42,0.0286,11.0562,62.8353,748325.0,0.0,0.0,0.0,0.0,19.0,148.0,0.0,0.0,0.0,0.0,0.2539003775097718,1.9777503090234856,0.0,0.2539003775097718,1.9777503090234856,0.5078007550195437,1.2857,0.9143,8.7395,13.1086,68.6757,68.1837,0.0,0.0,0.0,0.0,0.0,0.0,0.7428666666666665,0.76286,10.968100000000002,12.79526,66.5649,68.31868,0.0,0.0,0.0,0.0,0.0,0.0,0.2539003775097718,0.20523343706197306
2025,Upper Kurram,43,0.4,9.1592,56.0956,748325.0,0.0,0.0,0.0,0.0,19.0,148.0,38.0,0.0,0.0,0.0,0.2539003775097718,1.9777503090234856,0.5078007550195437,0.3073530885644606,2.458824708515685,0.200447666455083,0.0286,1.2857,11.0562,8.7395,62.8353,68.6757,0.0,0.0,0.0,0.0,0.0,0.0,0.5714333333333331,0.63144,9.651633333333336,11.42794,62.53553333333334,64.43076,0.0,0.0,0.0,0.0,0.0,0.0,0.3073530885644606,0.23161896749047806
2025,Usta Muhammad,37,7.3571,28.7627,79.5734,314321.0,0.0,0.0,0.0,0.0,186.0,704.0,4.0,0.0,0.0,0.0,5.91751744235988,22.397485373233096,0.1272584396206426,5.91751744235988,18.38884452518285,0.6681068080083735,0.0,1.0286,32.5859,32.5713,62.0021,68.2086,0.0,0.0,0.0,0.0,0.0,0.0,2.795233333333333,1.6828600000000002,31.30663333333333,32.1747,69.92803333333335,64.91374,0.0,0.0,0.0,0.0,0.0,0.0,5.91751744235988,5.673243863068096
2025,Usta Muhammad,38,0.0,30.7392,70.6847,314321.0,0.0,0.0,0.0,0.0,186.0,578.0,21.0,0.0,0.0,0.0,5.91751744235988,18.38884452518285,0.6681068080083735,6.108405101790844,22.492929202948577,0.98625290705998,7.3571,0.0,28.7627,32.5859,79.5734,62.0021,0.0,0.0,0.0,0.0,0.0,0.0,2.452366666666667,1.6828600000000002,30.695933333333333,31.66304,70.7534,67.54192,0.0,0.0,0.0,0.0,0.0,0.0,6.108405101790844,5.540836715121734
2025,Usta Muhammad,39,0.0,31.1695,60.8593,314321.0,0.0,0.0,0.0,0.0,192.0,707.0,31.0,0.0,0.0,0.0,6.108405101790844,22.492929202948577,0.98625290705998,5.440298293782471,25.960721682611087,0.5090337584825704,0.0,7.3571,30.7392,28.7627,70.6847,79.5734,0.0,0.0,0.0,0.0,0.0,0.0,2.452366666666667,1.67714,30.2238,31.16572,70.37246666666668,68.26562,0.0,0.0,0.0,0.0,0.0,0.0,5.440298293782471,5.734137379581832
2025,Usta Muhammad,40,0.0,31.649,50.2418,314321.0,0.0,0.0,0.0,0.0,171.0,816.0,16.0,0.0,0.0,0.0,5.440298293782471,25.960721682611087,0.5090337584825704,7.667320987143716,25.101727215171756,0.6362921981032129,0.0,0.0,31.1695,30.7392,60.8593,70.6847,0.0,0.0,0.0,0.0,0.0,0.0,0.0,1.47142,31.185900000000004,30.98126,60.59526666666667,64.67226000000001,0.0,0.0,0.0,0.0,0.0,0.0,7.667320987143716,5.609665510131661
2025,Usta Muhammad,41,0.0,27.2002,47.883,314321.0,0.0,0.0,0.0,0.0,241.0,789.0,20.0,0.0,0.0,0.0,7.667320987143716,25.101727215171756,0.6362921981032129,7.062843398945664,24.24273274773241,0.8589944674393376,0.0,0.0,31.649,31.1695,50.2418,60.8593,0.0,0.0,0.0,0.0,0.0,0.0,0.0,1.47142,30.00623333333333,29.90412,52.9947,61.84844,0.0,0.0,0.0,0.0,0.0,0.0,7.062843398945664,5.997957724258775
2025,Usta Muhammad,42,0.0,27.2395,36.6805,314321.0,0.0,0.0,0.0,0.0,222.0,762.0,27.0,0.0,0.0,0.0,7.062843398945664,24.24273274773241,0.8589944674393376,6.935584959325022,23.224665230767272,0.8589944674393376,0.0,0.0,27.2002,31.649,47.883,50.2418,0.0,0.0,0.0,0.0,0.0,0.0,0.0,0.0,28.696233333333332,29.59948,44.935100000000006,53.26986000000001,0.0,0.0,0.0,0.0,0.0,0.0,6.935584959325022,5.989367043688577
2025,Usta Muhammad,43,0.0,26.7651,40.2498,314321.0,0.0,0.0,0.0,0.0,218.0,730.0,27.0,0.0,0.0,0.0,6.935584959325022,23.224665230767272,0.8589944674393376,6.39473659093729,20.99764253740603,0.7635506377238555,0.0,0.0,27.2395,27.2002,36.6805,47.883,0.0,0.0,0.0,0.0,0.0,0.0,0.0,0.0,27.06826666666667,28.80466,41.60443333333333,47.18288,0.0,0.0,0.0,0.0,0.0,0.0,6.39473659093729,5.761792361825631
2024,Washuk,38,0.0,26.1795,33.3791,302623.0,700.0,0.0,33093.0,0.2,163.0,191.0,1.0,0.0,0.0,0.0,5.38623964470645,6.311483264656024,0.033044414998199,7.963704014565978,6.1462611896650285,0.0,0.0,0.7222,25.7723,24.78,36.8615,42.5489,0.0,0.0,0.0,0.0,0.0,0.0,0.2407333333333333,2.20802,25.57726666666667,24.7555,37.5965,50.16968,0.0,0.0,0.0,0.0,0.0,0.0,7.963704014565978,4.6942410473978
2024,Washuk,39,0.0,25.7515,35.2964,302623.0,700.0,0.0,33093.0,0.2,241.0,186.0,0.0,0.0,0.0,0.0,7.963704014565978,6.1462611896650285,0.0,12.58992211431385,7.1375936396110005,0.1982664899891945,0.0,0.0,26.1795,25.7723,33.3791,36.8615,0.0,0.0,0.0,0.0,0.0,0.0,0.0,1.41302,25.901100000000003,25.09898,35.178999999999995,42.027,0.0,0.0,0.0,0.0,0.0,0.0,12.58992211431385,5.8422320826646725
2024,Washuk,40,0.375,24.6843,33.9561,302623.0,700.0,0.0,33093.0,0.2,381.0,216.0,6.0,0.0,0.0,0.0,12.58992211431385,7.1375936396110005,0.1982664899891945,11.895989399351668,8.492414654537162,0.0991332449945972,0.0,0.0,25.7515,26.1795,35.2964,33.3791,0.0,0.0,0.0,0.0,0.0,0.0,0.125,0.21944,25.538433333333334,25.43352,34.21053333333333,36.4084,0.0,0.0,0.0,0.0,0.0,0.0,11.895989399351668,8.221889528694044
2024,Washuk,41,0.3857,22.0524,26.1323,302623.0,700.0,0.0,33093.0,0.2,360.0,257.0,3.0,0.0,0.0,0.0,11.895989399351668,8.492414654537162,0.0991332449945972,10.7724792894129,6.311483264656024,0.033044414998199,0.375,0.0,24.6843,25.7515,33.9561,35.2964,0.0,0.0,0.0,0.0,0.0,0.0,0.2535666666666666,0.15214,24.162733333333332,24.888,31.794933333333336,33.12508,0.0,0.0,0.0,0.0,0.0,0.0,10.7724792894129,7.828127861978355
2024,Washuk,42,0.3,21.897,25.0011,302623.0,700.0,0.0,33093.0,0.2,326.0,191.0,1.0,0.0,0.0,0.0,10.7724792894129,6.311483264656024,0.033044414998199,5.947994699675834,9.35156944449034,0.0,0.3857,0.375,22.0524,24.6843,26.1323,33.9561,0.0,0.0,0.0,0.0,0.0,0.0,0.3535666666666666,0.21214,22.8779,24.11294,28.363166666666668,30.753,0.0,0.0,0.0,0.0,0.0,0.0,5.947994699675834,7.237454410999049
2024,Washuk,44,0.0,20.1509,31.7173,302623.0,700.0,0.0,33093.0,0.2,180.0,283.0,0.0,0.0,0.0,0.0,5.947994699675834,9.35156944449034,0.0,1.1749721531599702,4.5118930681342855,0.0,0.3,0.3857,21.897,22.0524,25.0011,26.1323,0.0,0.0,0.0,0.0,0.0,0.0,0.2285666666666666,0.21214,21.366766666666667,22.90722,27.6169,30.42064,0.0,0.0,0.0,0.0,0.0,0.0,1.1749721531599702,4.530994503189745
2025,Washuk,37,1.3143,24.153,62.7285,212771.0,700.0,0.0,33093.0,0.2,136.0,92.0,10.0,0.0,0.0,0.0,6.391848513190237,4.323897523628689,0.4699888612639881,2.9609298259631243,2.913930939836726,0.0939977722527976,0.0,3.5286,26.4905,26.2304,30.0201,55.3061,0.0,0.0,0.0,0.0,0.0,0.0,1.6143,0.96858,25.62463333333333,26.7283,49.35156666666666,45.90422,0.0,0.0,0.0,0.0,0.0,0.0,2.9609298259631243,5.131871609347135
2025,West,37,11.6,26.9064,85.6258,4732945.0,15.0,0.0,929.0,0.75,326.0,804.0,51.0,0.1821908373588084,0.0178389154780897,0.1352111438238784,0.6887889041600948,1.698730917008332,0.1077553193624688,0.7035788499549435,1.762116398986255,0.1331095121536379,0.1286,15.6857,28.5278,28.8001,76.2371,84.7731,0.1392538559564091,0.4360360753330028,0.1191281803401151,0.5197767214687541,0.0,0.0449145909844101,9.1381,5.84,28.078100000000003,28.340360000000004,82.212,79.99652,0.2524935895494067,0.3660323513445701,0.2580386818775825,0.373519213441494,0.0209178354874999,0.0168798132671463,0.7035788499549435,0.769657354395715
2025,West,38,0.6857,27.5174,81.9526,4732945.0,15.0,0.0,929.0,0.75,333.0,834.0,63.0,0.2763429160462721,0.083295930543954,0.2319465124269844,0.7035788499549435,1.762116398986255,0.1331095121536379,0.8176727175152047,1.6881666700120117,0.1500123073477507,11.6,0.1286,26.9064,28.5278,85.6258,76.2371,0.1821908373588084,0.1392538559564091,0.1352111438238784,0.1191281803401151,0.0178389154780897,0.0,4.1381000000000006,5.731420000000001,27.65053333333333,28.17256,81.27183333333333,80.9512,0.1992625364538298,0.3193168861401253,0.1620952788636593,0.3061098122093909,0.0337116153406812,0.0292098874012907,0.8176727175152047,0.7689842899841111
2025,West,39,0.3714,27.9525,78.8954,4732945.0,15.0,0.0,929.0,0.75,387.0,799.0,71.0,0.1668392455835917,0.1905545739540111,0.1789313938838621,0.8176727175152047,1.6881666700120117,0.1500123073477507,0.6359676691784925,1.694505218209804,0.0443698373845459,0.6857,11.6,27.5174,26.9064,81.9526,85.6258,0.2763429160462721,0.1821908373588084,0.2319465124269844,0.1352111438238784,0.083295930543954,0.0178389154780897,4.219033333333333,5.69428,27.458766666666666,27.94084,82.15793333333333,81.4968,0.2084576663295573,0.2401325860556168,0.1820296833782416,0.2369987903887188,0.0972298066586849,0.0673208021920929,0.6359676691784925,0.6999665983917298
2025,West,40,2.5143,29.7281,71.3935,4732945.0,15.0,0.0,929.0,0.75,301.0,802.0,21.0,0.2535485600657087,0.2092491365606341,0.1129187646383902,0.6359676691784925,1.694505218209804,0.0443698373845459,0.6063877775887951,1.7261979591987653,0.1521251567470148,0.3714,0.6857,27.9525,27.5174,78.8954,81.9526,0.1668392455835917,0.2763429160462721,0.1789313938838621,0.2319465124269844,0.1905545739540111,0.083295930543954,1.1904666666666668,3.06,28.39933333333333,28.126439999999995,77.41383333333333,78.82088,0.2322435738985241,0.203635083002158,0.1745988903164122,0.155627199022646,0.1610332136861997,0.1001877113073377,0.6063877775887951,0.494637917127565
2025,West,41,0.1429,27.5965,65.2716,4732945.0,15.0,0.0,929.0,0.75,287.0,817.0,72.0,0.3574169186009022,0.1990022119331604,0.2095242520682632,0.6063877775887951,1.7261979591987653,0.1521251567470148,0.6613218619696616,1.7156337122024448,0.1288838133551097,2.5143,0.3714,29.7281,27.9525,71.3935,78.8954,0.2535485600657087,0.1668392455835917,0.1129187646383902,0.1789313938838621,0.2092491365606341,0.1905545739540111,1.0095333333333334,3.06286,28.425700000000003,27.940180000000005,71.85350000000001,76.62778,0.2592682414167341,0.2472676955310566,0.1671248035301718,0.1737064133682756,0.1996019741492685,0.1399881536939698,0.6613218619696616,0.4134054691382971
2025,West,42,0.0,27.8921,54.9485,4732945.0,15.0,0.0,929.0,0.75,313.0,812.0,61.0,0.2869788711112204,0.1848530859245119,0.231785818599764,0.6613218619696616,1.7156337122024448,0.1288838133551097,0.557792241405721,1.806486236370801,0.1035296205639406,0.1429,2.5143,27.5965,29.7281,65.2716,71.3935,0.3574169186009022,0.2535485600657087,0.2095242520682632,0.1129187646383902,0.1990022119331604,0.2092491365606341,0.8857333333333334,0.7428600000000001,28.40556666666667,28.13732,63.8712,70.49231999999999,0.2993147832592771,0.2682253022815389,0.1847429451021391,0.1930213483234527,0.1977014781394354,0.1733909877832543,0.557792241405721,0.43661842427005837
2025,West,43,0.0,29.1096,38.4841,4732945.0,15.0,0.0,929.0,0.75,264.0,855.0,49.0,0.4706819813352479,0.1737850588660476,0.3504379038047381,0.557792241405721,1.806486236370801,0.1035296205639406,0.5620179402042492,1.7367622061950858,0.1415609097506943,0.0,0.1429,27.8921,27.5965,54.9485,65.2716,0.2869788711112204,0.3574169186009022,0.231785818599764,0.2095242520682632,0.1848530859245119,0.1990022119331604,0.0476333333333333,0.60572,28.1994,28.45576,52.9014,61.79862000000001,0.3716925903491234,0.3070931153393342,0.2639159914909217,0.2167196265990035,0.1858801189079066,0.191488813447673,0.5620179402042492,0.43515761696729527
2024,Zhob,37,0.2846,25.4265,52.4388,355692.0,1400.0,0.0,20297.0,0.2,130.0,146.0,74.0,0.4466925731554644,0.0845849773838646,0.5040649629841645,3.654847452290184,4.104674831033591,2.0804516266882582,4.076560619862128,3.795418508147498,0.0,1.6111,0.7143,24.8885,25.2429,64.2314,69.6989,0.3408662372730662,0.5333208934265692,0.269224921269281,0.4437758773109663,0.0409633968964691,0.0620589669275827,0.87,1.14164,25.18596666666667,26.28474,62.12303333333333,62.54732,0.4402932346183665,0.4379104869318448,0.4056885871881373,0.3382259075522994,0.0625357804026388,0.0587593153286752,4.076560619862128,3.1211298725957324
2024,Zhob,38,0.0,26.9447,38.7447,355692.0,1400.0,0.0,20297.0,0.2,145.0,135.0,0.0,0.5765434947016816,0.0771307299465889,0.4211024166461121,4.076560619862128,3.795418508147498,0.0,3.711075874633109,4.329588520405294,0.0,0.2846,1.6111,25.4265,24.8885,52.4388,64.2314,0.4466925731554644,0.3408662372730662,0.5040649629841645,0.269224921269281,0.0845849773838646,0.0409633968964691,0.6319,0.91914,25.753233333333338,25.99784,51.804966666666665,57.91058,0.4547007683767374,0.4922133635733811,0.3981307669665191,0.370012887320698,0.0675597014089742,0.0630885750531351,3.711075874633109,3.241415040814829
2024,Zhob,39,0.0,27.3396,47.3949,355692.0,1400.0,0.0,20297.0,0.2,132.0,154.0,0.0,0.4254444119276707,0.0838309357082322,0.4071650055224917,3.711075874633109,4.329588520405294,0.0,5.960212768350145,2.9801063841750723,0.0,0.0,0.2846,26.9447,25.4265,38.7447,52.4388,0.5765434947016816,0.4466925731554644,0.4211024166461121,0.5040649629841645,0.0771307299465889,0.0845849773838646,0.0948666666666666,0.522,26.57026666666667,25.96844,46.1928,54.50174,0.4828934932616056,0.4645735220968904,0.4441107950509227,0.409066636746603,0.0818488810128952,0.0697138013725475,5.960212768350145,2.901500988605664
2024,Zhob,40,0.8,24.3798,38.2274,355692.0,1400.0,0.0,20297.0,0.2,212.0,106.0,0.0,0.424668343756866,0.077035644211973,0.2053865631683959,5.960212768350145,2.9801063841750723,0.0,6.972324370522812,3.120677440032388,0.0,0.0,0.0,27.3396,26.9447,47.3949,38.7447,0.4254444119276707,0.5765434947016816,0.4071650055224917,0.4211024166461121,0.0838309357082322,0.0771307299465889,0.2666666666666666,0.53914,26.221366666666665,25.795820000000003,41.455666666666666,48.20744,0.4755520834620728,0.4428430121629498,0.3445513284456665,0.361388773918089,0.0793324366222647,0.0727091368294255,6.972324370522812,3.3410772897921586
2024,Zhob,41,0.9143,19.92,43.487,355692.0,1400.0,0.0,20297.0,0.2,248.0,111.0,0.0,0.6543283361282233,0.0787087516219358,0.4640301710124194,6.972324370522812,3.120677440032388,0.0,5.932098557178683,3.2893627070611653,0.0,0.8,0.0,24.3798,27.3396,38.2274,47.3949,0.424668343756866,0.4254444119276707,0.2053865631683959,0.4071650055224917,0.077035644211973,0.0838309357082322,0.5714333333333333,0.3997799999999999,23.8798,24.80212,43.03643333333333,44.05856,0.5014803639375867,0.5055354319339812,0.3588605799011022,0.4003498238667167,0.0798584438473803,0.0802582077745189,5.932098557178683,3.8853688910098807
2024,Zhob,42,0.0,21.8411,24.2529,355692.0,1400.0,0.0,20297.0,0.2,211.0,117.0,0.0,0.4352910581401638,0.0784885859098844,0.4851987259694572,5.932098557178683,3.2893627070611653,0.0,3.008220595346536,6.859867525836959,0.0,0.9143,0.8,19.92,24.3798,43.487,38.2274,0.6543283361282233,0.424668343756866,0.4640301710124194,0.2053865631683959,0.0787087516219358,0.077035644211973,0.5714333333333333,0.34286,22.046966666666663,24.08504,35.322433333333336,38.42138,0.504762579341751,0.5032551289309211,0.3848718200500908,0.3965765764637753,0.0780776605812644,0.0790389294797228,3.008220595346536,3.692746823534299
2024,Zhob,43,0.0,21.8569,34.6213,355692.0,1400.0,0.0,20297.0,0.2,107.0,244.0,0.0,0.5671351954837802,0.0714300798780925,0.4135226696358636,3.008220595346536,6.859867525836959,0.0,2.333479527231425,4.807530110320164,1.2932537138872957,0.0,0.9143,21.8411,19.92,24.2529,43.487,0.4352910581401638,0.6543283361282233,0.4851987259694572,0.4640301710124194,0.0784885859098844,0.0787087516219358,0.3047666666666667,0.34286,21.206,23.06748,34.1204,37.5967,0.5522515299173891,0.5013734690873408,0.4542505222059134,0.3950606270617255,0.0762091391366375,0.0778987994660235,2.333479527231425,2.741681403162323
2024,Zhob,44,0.0,20.8572,27.49,355692.0,1400.0,0.0,20297.0,0.2,83.0,171.0,46.0,0.4362262055555967,0.0693285343767145,0.4131298713381496,2.333479527231425,4.807530110320164,1.2932537138872957,0.0,0.9872800967000832,0.0,0.0,0.0,21.8569,21.8411,34.6213,24.2529,0.5671351954837802,0.4352910581401638,0.4135226696358636,0.4851987259694572,0.0714300798780925,0.0784885859098844,0.0,0.34286,21.5184,21.771,28.788066666666666,33.61572,0.4795508197265135,0.503529827812926,0.4372837556478234,0.3962536002248571,0.0730824000548971,0.07499831919972,0.0,2.2624126800017086
2025,Zhob,37,1.1429,26.4917,56.1172,374767.0,1400.0,0.0,20297.0,0.2,79.0,83.0,2.0,0.4164869634468272,0.0650081816878449,0.4544119341153332,2.107976422683961,2.214709406110997,0.053366491713518,1.4408952762649858,1.06732983427036,0.0,0.1429,0.7714,25.8432,27.8551,55.6837,55.5908,0.6161681911749172,0.4798229801275327,0.3998135891779112,0.4482353097653074,0.0396547666413212,0.0406677458576767,0.6857333333333333,0.4743,26.73,27.90848,55.79723333333332,52.62382,0.504159378249759,0.5141763738081763,0.4341536110195172,0.4377374644079125,0.0484435647289476,0.0489333385675912,1.4408952762649858,2.1817440077043546
2025,Zhob,38,0.0,26.2599,45.7482,374767.0,1400.0,0.0,20297.0,0.2,54.0,40.0,0.0,0.51911825884085,0.0684246817666673,0.3898290515291134,1.4408952762649858,1.06732983427036,0.0,1.147379571840637,1.360845538694709,0.0,1.1429,0.1429,26.4917,25.8432,56.1172,55.6837,0.4164869634468272,0.6161681911749172,0.4544119341153332,0.3998135891779112,0.0650081816878449,0.0396547666413212,0.4286,0.4743,26.198266666666665,27.24242,52.51636666666665,52.68934,0.5172578044875314,0.5306211936081752,0.4146848582741192,0.4220774150272596,0.0576958766986111,0.0536954658991279,1.147379571840637,1.8508984221677967
2025,Zhob,39,0.0,25.7646,40.6245,374767.0,1400.0,0.0,20297.0,0.2,43.0,51.0,0.0,0.3988874354328461,0.0667700717324385,0.3787925108288947,1.147379571840637,1.360845538694709,0.0,1.254112555267673,2.027926685113684,0.0,0.0,1.1429,26.2599,26.4917,45.7482,56.1172,0.51911825884085,0.4164869634468272,0.3898290515291134,0.4544119341153332,0.0684246817666673,0.0650081816878449,0.3809666666666667,0.41144,26.172066666666662,26.4429,47.49663333333333,50.75288,0.4448308859068411,0.4860967658045946,0.4076778321577803,0.4142164790833119,0.0667343117289835,0.0561050895371897,1.254112555267673,1.7796972543727705
2025,Zhob,40,0.0,24.2861,36.8871,374767.0,1400.0,0.0,20297.0,0.2,47.0,76.0,0.0,0.5670833898652992,0.069868088062094,0.331214469902511,1.254112555267673,2.027926685113684,0.0,0.2668324585675899,0.880547113273047,0.0,0.0,0.0,25.7646,26.2599,40.6245,45.7482,0.3988874354328461,0.51911825884085,0.3787925108288947,0.3898290515291134,0.0667700717324385,0.0684246817666673,0.0,0.25716,25.436866666666663,25.7291,41.0866,47.01214,0.4950296947129984,0.5035488477521479,0.3666120107535063,0.3908123111107527,0.0683542805203999,0.0619451579780731,0.2668324585675899,1.8851714329155094
2025,Zhob,41,0.0,18.3087,42.4814,374767.0,1400.0,0.0,20297.0,0.2,10.0,33.0,0.0,0.4225387430864998,0.0661161922892038,0.376966040734634,0.2668324585675899,0.880547113273047,0.0,0.373565441994626,0.7204476381324929,0.0,0.0,0.0,24.2861,25.7646,36.8871,40.6245,0.5670833898652992,0.3988874354328461,0.331214469902511,0.3787925108288947,0.069868088062094,0.0667700717324385,0.0,0.22858,22.78646666666667,24.2222,39.99766666666666,44.37168,0.4628365227948817,0.4648229581344644,0.3623243404886798,0.3862428014220972,0.0675847840279121,0.0672374431076497,0.373565441994626,1.5702471757169576
2025,Zhob,42,0.0,20.4048,38.695,374767.0,1400.0,0.0,20297.0,0.2,14.0,27.0,0.0,0.2720265108497593,0.061409367534066,0.2113970657094337,0.373565441994626,0.7204476381324929,0.0,0.587031408848698,0.853863867416288,0.0,0.0,0.0,18.3087,24.2861,42.4814,36.8871,0.4225387430864998,0.5670833898652992,0.376966040734634,0.331214469902511,0.0661161922892038,0.069868088062094,0.0,0.0,20.999866666666662,23.00482,39.3545,40.88724,0.4205495479338528,0.4359308676150508,0.3065258587821929,0.3376398277409174,0.0657978826284546,0.0665176802768939,0.587031408848698,1.215263225140177
2025,Zhob,43,0.0,18.8819,41.7243,374767.0,1400.0,0.0,20297.0,0.2,22.0,32.0,0.0,0.5622433404496704,0.0634632456553585,0.2882188037005626,0.587031408848698,0.853863867416288,0.0,0.480298425421662,2.107976422683961,0.0,0.0,0.0,20.4048,18.3087,38.695,42.4814,0.2720265108497593,0.4225387430864998,0.2113970657094337,0.376966040734634,0.061409367534066,0.0661161922892038,0.0,0.0,19.198466666666665,21.52922,40.96689999999999,40.08246,0.4189361981286432,0.4445558839368149,0.29219397004821,0.3173177781752072,0.0636629351595427,0.0655253930546321,0.480298425421662,1.7265113862666333
